Player,Pos,Squad,Age,MP,Starts,Min,90s_x,Gls,Ast,G+A,G-PK,PK,PKatt,CrdY,CrdR,xG,npxG,xAG,npxG+xAG,Gls/90,Ast/90,G+A/90,G-PK/90,xG/90,xAG/90,npxG/90,npxG+xAG/90,Gls Against 90,SoTA,Saves,Save%,CS,CS%,PSxG,PSxG/SoT,GK Cmp 40y,GK 40y Att,GK Cmp 40y%,Pass Att (GK),Thr Att (GK),Launch%,AvgLen_Pass (GK),GoalKick Att,GoalKick Launch%,AvgLen_GoalKick,Opp Crosses,Crosses Stp,Crosses Stp%,#OPA,#OPA/90,AvgDist,Sh,SoT,SoT%,Sh/90,SoT/90,G/Sh,G/SoT,Dist,Cmp_tot,Att_tot,Cmp%_tot,TotDist_Passed,PrgDist_Passed,Cmp_short,Att_short,Cmp%_short,Cmp_medium,Att_medium,Cmp%_medium,Cmp_long,Att_long,Cmp%_long,KP,1/3,PPA,CrsPA,PrgP,Live_Passes,Dead,FK,TB,Sw,Crs,TI,CK,Off,SCA,SCA90,SCA,SCA90,PassLive_SCA,PassDead_SCA,TO_SCA,Sh_SCA,Fld_SCA,Def_SCA,GCA,GCA90,PassLive_GCA,PassDead_GCA,TO_GCA,Sh_GCA,Fld_GCA,Def_GCA,Tkl,TklW,Def 3rd Tackles,Mid 3rd Tackles,Att 3rd Tackles,Tkl_Challenge,Att_Challenge,Tkl%_Challenge,Lost_Challenge,Blocks,Sh_block,Pass_block,Int,Tkl+Int,Clr,Err,90s_y,Touches,Def Pen Touches,Def 3rd Touches,Mid 3rd Touches,Att 3rd Touches,Att Pen Touches,Live_Touches,Att_takeon,Succ_takeon,Succ%_takeon,Tkld_takeon,Tkld%_takeon,Carries,TotDist_Carried,PrgDist_Carried,PrgC,1/3_carries,CPA,Mis,Dis,Rec,PrgR,Weekly Wages,Annual Wages
Aaron Cresswell,DF,West Ham,27,36,35,3069.0,34.1,1,3,4,1,0,0,7,0,0.8,0.8,3.2,3.9,0.03,0.09,0.12,0.03,0.02,0.09,0.02,0.12,0.0,0.0,0.0,0.0,0.0,0.0,0.0,0.0,0.0,0.0,0.0,0.0,0.0,0.0,0.0,0.0,0.0,0.0,0.0,0.0,0.0,0.0,0.0,0.0,21,6,28.6,0.62,0.18,0.05,0.17,28.7,1204,1723,69.9,22518,9345,531,593,89.5,488,642,76.0,163,408,40.0,34,135,21,10,128,1346,361,82,3,23,196,212,67,16,66,1.94,66,1.94,36,24,1,2,3,0,9,0.26,6,3,0,0,0,0,34,21,12,20,2,19,30,63.3,11,42,17,25,44,78,117,1,34.1,2035,120,572,982,497,15,2035,14,5,35.7,9,64.3,870,4032,1959,35,48,1,26,20,1076,62,30000,1560000
Aaron Lennon,MF,Burnley,30,14,13,1118.0,12.4,0,2,2,0,0,0,2,0,0.6,0.6,0.8,1.4,0.00,0.16,0.16,0.00,0.05,0.07,0.05,0.11,0.0,0.0,0.0,0.0,0.0,0.0,0.0,0.0,0.0,0.0,0.0,0.0,0.0,0.0,0.0,0.0,0.0,0.0,0.0,0.0,0.0,0.0,0.0,0.0,10,4,40.0,0.81,0.32,0.00,0.00,16.8,202,305,66.2,2883,729,121,153,79.1,62,89,69.7,10,21,47.6,7,14,13,5,28,301,3,1,0,0,28,2,0,1,22,1.77,22,1.77,13,0,1,5,2,1,3,0.24,2,0,0,1,0,0,20,14,5,14,1,2,20,10.0,18,20,5,15,8,28,18,0,12.4,410,15,69,159,186,28,410,19,10,52.6,9,47.4,231,1324,719,26,10,10,8,22,254,60,35000,1820000
Aaron Lennon,"FW,MF",Everton,30,15,9,793.0,8.8,0,0,0,0,0,0,0,0,0.2,0.2,0.2,0.5,0.00,0.00,0.00,0.00,0.03,0.03,0.03,0.05,0.0,0.0,0.0,0.0,0.0,0.0,0.0,0.0,0.0,0.0,0.0,0.0,0.0,0.0,0.0,0.0,0.0,0.0,0.0,0.0,0.0,0.0,0.0,0.0,10,4,40.0,0.81,0.32,0.00,0.00,16.8,202,305,66.2,2883,729,121,153,79.1,62,89,69.7,10,21,47.6,7,14,13,5,28,301,3,1,0,0,28,2,0,1,22,1.77,22,1.77,13,0,1,5,2,1,3,0.24,2,0,0,1,0,0,20,14,5,14,1,2,20,10.0,18,20,5,15,8,28,18,0,12.4,410,15,69,159,186,28,410,19,10,52.6,9,47.4,231,1324,719,26,10,10,8,22,254,60,35000,1820000
Aaron Mooy,MF,Huddersfield,26,36,34,3067.0,34.1,4,3,7,3,1,1,4,0,3.0,2.2,4.0,6.2,0.12,0.09,0.21,0.09,0.09,0.12,0.06,0.18,0.0,0.0,0.0,0.0,0.0,0.0,0.0,0.0,0.0,0.0,0.0,0.0,0.0,0.0,0.0,0.0,0.0,0.0,0.0,0.0,0.0,0.0,0.0,0.0,28,6,21.4,0.82,0.18,0.11,0.50,23.2,1553,2098,74.0,25274,7426,788,921,85.6,509,657,77.5,162,337,48.1,50,203,28,9,239,1927,163,82,4,29,185,3,78,8,89,2.61,89,2.61,66,20,0,1,0,2,7,0.21,5,2,0,0,0,0,102,60,39,51,12,23,55,41.8,32,39,5,34,38,140,52,0,34.1,2434,55,367,1376,722,29,2433,25,16,64.0,9,36.0,1321,6784,2823,55,59,3,37,57,1516,77,50000,2600000
Aaron Ramsey,MF,Arsenal,26,24,21,1846.0,20.5,7,8,15,7,0,0,0,0,6.1,6.1,5.4,11.5,0.34,0.39,0.73,0.34,0.30,0.26,0.30,0.56,0.0,0.0,0.0,0.0,0.0,0.0,0.0,0.0,0.0,0.0,0.0,0.0,0.0,0.0,0.0,0.0,0.0,0.0,0.0,0.0,0.0,0.0,0.0,0.0,56,25,44.6,2.73,1.22,0.13,0.28,16.6,1065,1277,83.4,16341,4329,556,627,88.7,390,457,85.3,69,97,71.1,28,102,36,3,134,1236,32,20,10,12,17,12,0,9,63,3.07,63,3.07,53,0,4,3,3,0,13,0.63,10,0,1,0,2,0,35,27,18,17,0,8,44,18.2,36,14,3,11,24,59,6,1,20.5,1480,16,174,770,552,91,1480,36,29,80.6,7,19.4,1082,5745,2709,61,54,18,49,37,1214,161,120000,6240000
Aaron Wan-Bissaka,DF,Crystal Palace,19,7,7,627.0,7.0,0,0,0,0,0,0,1,0,0.0,0.0,0.2,0.2,0.00,0.00,0.00,0.00,0.00,0.03,0.00,0.03,0.0,0.0,0.0,0.0,0.0,0.0,0.0,0.0,0.0,0.0,0.0,0.0,0.0,0.0,0.0,0.0,0.0,0.0,0.0,0.0,0.0,0.0,0.0,0.0,0,0,,0.00,0.00,,,,196,293,66.9,2676,1448,125,150,83.3,56,89,62.9,8,33,24.2,3,12,4,3,23,222,71,1,0,0,20,70,0,0,8,1.15,8,1.15,7,0,1,0,0,0,0,0.00,0,0,0,0,0,0,30,19,20,7,3,15,19,78.9,4,18,7,11,15,45,45,0,7.0,411,45,169,154,93,1,411,15,13,86.7,2,13.3,175,997,623,22,22,1,9,6,168,14,15000,780000
Abdelhamid Sabiri,MF,Huddersfield,20,5,2,220.0,2.4,0,1,1,0,0,0,1,0,0.3,0.3,0.1,0.4,0.00,0.41,0.41,0.00,0.11,0.06,0.11,0.17,0.0,0.0,0.0,0.0,0.0,0.0,0.0,0.0,0.0,0.0,0.0,0.0,0.0,0.0,0.0,0.0,0.0,0.0,0.0,0.0,0.0,0.0,0.0,0.0,5,0,0.0,2.05,0.00,0.00,,15.9,66,100,66.0,907,230,40,58,69.0,17,25,68.0,4,9,44.4,3,9,2,0,13,95,4,1,0,0,1,0,0,1,8,3.27,8,3.27,7,0,0,0,1,0,1,0.41,1,0,0,0,0,0,5,4,2,0,3,1,7,14.3,6,4,0,4,1,6,2,0,2.4,133,3,10,75,49,5,133,4,1,25.0,3,75.0,52,215,106,2,3,0,6,1,90,8,17500,910000
Abdoulaye Doucouré,MF,Watford,24,37,37,3324.0,36.9,7,3,10,7,0,0,10,0,3.5,3.5,2.3,5.9,0.19,0.08,0.27,0.19,0.10,0.06,0.10,0.16,0.0,0.0,0.0,0.0,0.0,0.0,0.0,0.0,0.0,0.0,0.0,0.0,0.0,0.0,0.0,0.0,0.0,0.0,0.0,0.0,0.0,0.0,0.0,0.0,47,17,36.2,1.27,0.46,0.15,0.41,20.7,1885,2278,82.7,30698,7812,907,1054,86.1,787,897,87.7,132,193,68.4,40,152,30,3,222,2212,60,35,2,16,26,2,0,6,99,2.68,99,2.68,83,1,6,4,1,4,7,0.19,6,0,1,0,0,0,79,52,28,42,9,27,79,34.2,52,43,10,33,54,133,61,0,36.9,2655,95,502,1608,585,66,2655,53,41,77.4,12,22.6,1604,7524,3931,73,62,7,55,46,1692,79,20000,1040000
Adam Lallana,"MF,FW",Liverpool,29,12,1,244.0,2.7,0,0,0,0,0,0,1,0,1.5,1.5,0.4,1.8,0.00,0.00,0.00,0.00,0.55,0.13,0.55,0.68,0.0,0.0,0.0,0.0,0.0,0.0,0.0,0.0,0.0,0.0,0.0,0.0,0.0,0.0,0.0,0.0,0.0,0.0,0.0,0.0,0.0,0.0,0.0,0.0,11,0,0.0,4.06,0.00,0.00,,18.9,192,229,83.8,2309,705,126,136,92.6,46,54,85.2,3,11,27.3,7,18,11,2,33,226,3,1,0,0,8,1,1,0,20,7.38,20,7.38,17,0,1,1,1,0,2,0.74,1,0,0,1,0,0,3,1,3,0,0,2,10,20.0,8,3,0,3,1,4,1,0,2.7,261,1,20,121,123,19,261,7,6,85.7,1,14.3,180,906,393,12,8,2,10,10,220,38,110000,5720000
Adam Smith,"DF,MF",Bournemouth,26,27,22,2071.0,23.0,1,3,4,1,0,0,6,0,0.5,0.5,1.6,2.1,0.04,0.13,0.17,0.04,0.02,0.07,0.02,0.09,0.0,0.0,0.0,0.0,0.0,0.0,0.0,0.0,0.0,0.0,0.0,0.0,0.0,0.0,0.0,0.0,0.0,0.0,0.0,0.0,0.0,0.0,0.0,0.0,13,3,23.1,0.56,0.13,0.08,0.33,21.3,898,1119,80.3,14432,4294,464,523,88.7,339,423,80.1,71,120,59.2,22,64,13,5,90,920,198,21,1,7,35,171,6,1,53,2.30,53,2.30,39,3,8,1,1,1,6,0.26,5,0,1,0,0,0,50,36,33,16,1,24,53,45.3,29,46,8,38,31,81,73,0,23.0,1413,57,405,656,370,38,1413,44,29,65.9,15,34.1,719,4716,2380,56,34,6,31,17,787,99,35000,1820000
Ademola Lookman,"FW,MF",Everton,19,7,1,159.0,1.8,0,0,0,0,0,0,0,0,0.1,0.1,0.5,0.6,0.00,0.00,0.00,0.00,0.06,0.26,0.06,0.32,0.0,0.0,0.0,0.0,0.0,0.0,0.0,0.0,0.0,0.0,0.0,0.0,0.0,0.0,0.0,0.0,0.0,0.0,0.0,0.0,0.0,0.0,0.0,0.0,3,0,0.0,1.70,0.00,0.00,,20.2,38,47,80.9,514,127,19,23,82.6,13,14,92.9,2,3,66.7,2,2,0,0,6,47,0,0,0,0,2,0,0,0,2,1.13,2,1.13,2,0,0,0,0,0,1,0.57,1,0,0,0,0,0,1,1,0,1,0,0,2,0.0,2,2,0,2,1,2,3,0,1.8,78,1,15,31,35,4,78,13,8,61.5,5,38.5,50,461,196,8,6,4,9,4,53,7,0.0,0.0
Adrian Mariappa,DF,Watford,30,28,24,2210.0,24.6,0,0,0,0,0,0,4,0,0.7,0.7,0.2,0.8,0.00,0.00,0.00,0.00,0.03,0.01,0.03,0.03,0.0,0.0,0.0,0.0,0.0,0.0,0.0,0.0,0.0,0.0,0.0,0.0,0.0,0.0,0.0,0.0,0.0,0.0,0.0,0.0,0.0,0.0,0.0,0.0,10,2,20.0,0.41,0.08,0.00,0.00,13.2,774,1028,75.3,13905,6028,342,395,86.6,343,432,79.4,77,161,47.8,4,50,3,0,60,955,70,10,0,8,4,60,0,3,7,0.29,7,0.29,7,0,0,0,0,0,0,0.00,0,0,0,0,0,0,45,26,33,12,0,14,34,41.2,20,25,16,9,45,90,133,4,24.6,1309,140,636,610,69,18,1309,6,2,33.3,4,66.7,631,2491,1348,8,5,1,3,2,683,6,7000,364000
Adrien Silva,MF,Leicester City,28,12,9,761.0,8.5,0,1,1,0,0,0,3,0,0.3,0.3,0.8,1.1,0.00,0.12,0.12,0.00,0.04,0.10,0.04,0.14,0.0,0.0,0.0,0.0,0.0,0.0,0.0,0.0,0.0,0.0,0.0,0.0,0.0,0.0,0.0,0.0,0.0,0.0,0.0,0.0,0.0,0.0,0.0,0.0,11,2,18.2,1.30,0.24,0.00,0.00,26.7,353,439,80.4,5672,1821,163,188,86.7,141,165,85.5,30,46,65.2,7,49,4,0,55,419,18,7,3,1,4,0,0,2,18,2.13,18,2.13,14,2,0,0,0,2,1,0.12,1,0,0,0,0,0,22,13,8,13,1,6,28,21.4,22,12,2,10,14,36,0,0,8.5,523,4,71,337,121,3,523,8,6,75.0,2,25.0,285,1347,673,12,8,0,18,16,350,15,80000,4160000
Adrián,GK,West Ham,30,19,19,1710.0,19.0,0,0,0,0,0,0,2,0,0.0,0.0,0.0,0.0,0.00,0.00,0.00,0.00,0.00,0.00,0.00,0.00,1.53,96,68,70.8,6,31.6,27.8,0.29,154,445,34.6,383,47,72.8,47.7,184,90.2,59.3,316,13,4.1,31,1.63,16.0,0,0,,0.00,0.00,,,,266,571,46.6,11798,10438,12,12,100.0,51,52,98.1,203,503,40.4,0,13,1,0,0,332,235,51,0,1,0,0,0,4,2,0.11,2,0.11,1,1,0,0,0,0,1,0.05,0,1,0,0,0,0,2,1,2,0,0,1,4,25.0,3,1,0,1,0,2,15,1,19.0,641,541,633,9,0,0,641,0,0,,0,,284,2193,1505,0,0,0,0,0,166,0,50000,2600000
Ahmed Hegazi,DF,West Brom,26,38,38,3386.0,37.6,2,0,2,2,0,0,4,0,1.7,1.7,0.6,2.2,0.05,0.00,0.05,0.05,0.04,0.01,0.04,0.06,0.0,0.0,0.0,0.0,0.0,0.0,0.0,0.0,0.0,0.0,0.0,0.0,0.0,0.0,0.0,0.0,0.0,0.0,0.0,0.0,0.0,0.0,0.0,0.0,14,4,28.6,0.37,0.11,0.14,0.50,10.8,872,1205,72.4,19108,9451,252,307,82.1,423,530,79.8,180,326,55.2,7,56,8,3,65,1161,37,33,1,10,10,2,0,7,17,0.45,17,0.45,14,0,1,0,1,1,0,0.00,0,0,0,0,0,0,58,38,46,12,0,26,50,52.0,24,55,37,18,60,118,278,2,37.6,1700,347,1044,585,83,36,1700,29,22,75.9,7,24.1,750,4084,2241,9,8,2,13,8,717,8,0.0,0.0
Aiden O'Neill,MF,Burnley,19,1,0,1.0,0.0,0,0,0,0,0,0,0,0,,,,,0.00,0.00,0.00,0.00,,,,,0.0,0.0,0.0,0.0,0.0,0.0,0.0,0.0,0.0,0.0,0.0,0.0,0.0,0.0,0.0,0.0,0.0,0.0,0.0,0.0,0.0,0.0,0.0,0.0,,0,,,0.00,,,,,,,,,,,,,,,,,,,,,,,,,,,,,,,,,,,,,,,,,,,,,,,,,,,,,,,,,,,,,,,,,,0.0,,,,,,,,,,,,,,,,,,,,,,,3500,182000
Ainsley Maitland-Niles,"DF,MF",Arsenal,19,15,8,914.0,10.2,0,0,0,0,0,0,1,0,0.2,0.2,0.9,1.1,0.00,0.00,0.00,0.00,0.02,0.08,0.02,0.11,0.0,0.0,0.0,0.0,0.0,0.0,0.0,0.0,0.0,0.0,0.0,0.0,0.0,0.0,0.0,0.0,0.0,0.0,0.0,0.0,0.0,0.0,0.0,0.0,5,0,0.0,0.49,0.00,0.00,,20.9,530,640,82.8,8182,2475,290,321,90.3,178,215,82.8,42,59,71.2,8,37,14,4,35,550,87,6,0,3,20,81,0,3,18,1.77,18,1.77,14,0,4,0,0,0,0,0.00,0,0,0,0,0,0,25,17,12,7,6,14,31,45.2,17,15,1,14,12,37,35,2,10.2,762,36,245,313,210,19,762,25,20,80.0,5,20.0,425,1881,937,21,18,5,18,14,478,58,4000,208000
Alberto Moreno,DF,Liverpool,25,16,14,1266.0,14.1,0,0,0,0,0,0,1,0,0.5,0.5,0.8,1.3,0.00,0.00,0.00,0.00,0.04,0.06,0.04,0.09,0.0,0.0,0.0,0.0,0.0,0.0,0.0,0.0,0.0,0.0,0.0,0.0,0.0,0.0,0.0,0.0,0.0,0.0,0.0,0.0,0.0,0.0,0.0,0.0,12,2,16.7,0.85,0.14,0.00,0.00,22.9,784,964,81.3,14433,4503,310,345,89.9,398,466,85.4,70,125,56.0,15,44,16,6,59,813,150,18,1,6,51,129,3,1,34,2.42,34,2.42,27,1,1,2,2,1,3,0.21,2,0,0,0,1,0,35,26,21,12,2,13,29,44.8,16,19,2,17,12,47,44,0,14.1,1087,31,291,536,273,15,1087,9,6,66.7,3,33.3,501,2290,1261,32,19,2,7,4,683,81,65000,3380000
Aleksandar Dragović,DF,Leicester City,26,11,7,769.0,8.5,0,0,0,0,0,0,2,0,0.1,0.1,0.0,0.1,0.00,0.00,0.00,0.00,0.01,0.00,0.01,0.01,0.0,0.0,0.0,0.0,0.0,0.0,0.0,0.0,0.0,0.0,0.0,0.0,0.0,0.0,0.0,0.0,0.0,0.0,0.0,0.0,0.0,0.0,0.0,0.0,1,0,0.0,0.12,0.00,0.00,,8.6,301,361,83.4,6498,2286,81,95,85.3,160,184,87.0,54,72,75.0,0,18,0,0,27,331,29,7,0,4,1,22,0,1,3,0.35,3,0.35,2,1,0,0,0,0,0,0.00,0,0,0,0,0,0,13,10,13,0,0,7,13,53.8,6,16,8,8,16,29,46,0,8.5,456,48,233,208,17,2,456,1,1,100.0,0,0.0,211,1231,825,4,1,0,1,2,234,1,51423,2674000
Aleksandar Mitrović,FW,Newcastle Utd,22,6,0,95.0,1.1,1,0,1,1,0,0,0,0,1.2,1.2,0.2,1.3,0.95,0.00,0.95,0.95,1.14,0.15,1.14,1.29,0.0,0.0,0.0,0.0,0.0,0.0,0.0,0.0,0.0,0.0,0.0,0.0,0.0,0.0,0.0,0.0,0.0,0.0,0.0,0.0,0.0,0.0,0.0,0.0,4,2,50.0,3.79,1.89,0.25,0.50,9.6,40,55,72.7,496,72,24,30,80.0,13,18,72.2,0,0,,3,1,0,0,3,54,1,0,0,0,0,1,0,0,5,4.79,5,4.79,4,0,1,0,0,0,1,0.96,0,0,1,0,0,0,1,1,0,1,0,0,1,0.0,1,1,0,1,0,1,2,0,1.1,70,2,2,27,42,10,70,4,2,50.0,2,50.0,53,253,88,4,2,2,2,3,61,15,0.0,0.0
Alex Iwobi,"MF,FW",Arsenal,21,26,22,1830.0,20.3,3,5,8,3,0,0,1,0,3.9,3.9,3.5,7.3,0.15,0.25,0.39,0.15,0.19,0.17,0.19,0.36,0.0,0.0,0.0,0.0,0.0,0.0,0.0,0.0,0.0,0.0,0.0,0.0,0.0,0.0,0.0,0.0,0.0,0.0,0.0,0.0,0.0,0.0,0.0,0.0,45,22,48.9,2.21,1.08,0.07,0.14,18.4,997,1171,85.1,14645,3786,587,636,92.3,321,379,84.7,53,78,67.9,36,93,31,0,138,1151,17,3,12,5,20,11,1,3,82,4.03,82,4.03,70,1,5,4,2,0,12,0.59,11,0,0,1,0,0,19,15,8,8,3,5,18,27.8,13,19,1,18,7,26,10,1,20.3,1358,16,146,604,627,80,1358,52,36,69.2,16,30.8,1058,6230,3418,93,80,25,42,31,1131,146,70000,3640000
Alex McCarthy,GK,Southampton,27,18,18,1620.0,18.0,0,0,0,0,0,0,2,0,0.0,0.0,0.0,0.0,0.00,0.00,0.00,0.00,0.00,0.00,0.00,0.00,1.44,68,42,63.2,4,22.2,20.5,0.30,99,340,29.1,304,56,63.8,44.2,158,92.4,59.5,311,19,6.1,10,0.56,10.9,0,0,,0.00,0.00,,,,212,462,45.9,8168,7016,24,25,96.0,69,69,100.0,119,368,32.3,0,5,0,0,0,246,216,58,0,1,0,0,0,0,2,0.11,2,0.11,1,1,0,0,0,0,0,0.00,0,0,0,0,0,0,0,0,0,0,0,0,0,,0,0,0,0,1,1,8,0,18.0,495,417,493,2,0,0,495,0,0,,0,,207,1574,1128,0,0,0,0,0,120,0,40000,2080000
Alex Oxlade-Chamberlain,DF,Arsenal,23,3,3,241.0,2.7,0,0,0,0,0,0,0,0,0.3,0.3,0.5,0.8,0.00,0.00,0.00,0.00,0.09,0.19,0.09,0.29,0.0,0.0,0.0,0.0,0.0,0.0,0.0,0.0,0.0,0.0,0.0,0.0,0.0,0.0,0.0,0.0,0.0,0.0,0.0,0.0,0.0,0.0,0.0,0.0,9,2,22.2,3.36,0.75,0.00,0.00,25.3,124,158,78.5,2464,689,53,58,91.4,48,57,84.2,23,33,69.7,5,12,8,3,16,136,20,3,0,3,16,17,0,2,13,4.85,13,4.85,9,1,1,1,0,1,0,0.00,0,0,0,0,0,0,5,3,2,2,1,2,3,66.7,1,5,2,3,6,11,8,0,2.7,203,8,43,85,85,4,203,21,17,81.0,4,19.0,125,1178,667,19,18,5,5,4,125,21,120000,6240000
Alex Oxlade-Chamberlain,"MF,FW",Liverpool,23,32,14,1493.0,16.6,3,7,10,3,0,0,3,0,2.2,2.2,3.8,5.9,0.18,0.42,0.60,0.18,0.13,0.23,0.13,0.36,0.0,0.0,0.0,0.0,0.0,0.0,0.0,0.0,0.0,0.0,0.0,0.0,0.0,0.0,0.0,0.0,0.0,0.0,0.0,0.0,0.0,0.0,0.0,0.0,9,2,22.2,3.36,0.75,0.00,0.00,25.3,124,158,78.5,2464,689,53,58,91.4,48,57,84.2,23,33,69.7,5,12,8,3,16,136,20,3,0,3,16,17,0,2,13,4.85,13,4.85,9,1,1,1,0,1,0,0.00,0,0,0,0,0,0,5,3,2,2,1,2,3,66.7,1,5,2,3,6,11,8,0,2.7,203,8,43,85,85,4,203,21,17,81.0,4,19.0,125,1178,667,19,18,5,5,4,125,21,120000,6240000
Alex Pritchard,"MF,FW",Huddersfield,24,14,12,998.0,11.1,1,1,2,1,0,0,1,0,1.2,1.2,1.9,3.1,0.09,0.09,0.18,0.09,0.11,0.17,0.11,0.28,0.0,0.0,0.0,0.0,0.0,0.0,0.0,0.0,0.0,0.0,0.0,0.0,0.0,0.0,0.0,0.0,0.0,0.0,0.0,0.0,0.0,0.0,0.0,0.0,20,4,20.0,1.80,0.36,0.05,0.25,21.7,259,393,65.9,4251,1189,142,173,82.1,77,116,66.4,27,65,41.5,20,26,12,3,44,334,58,16,1,1,48,0,23,1,38,3.43,38,3.43,22,6,3,3,4,0,3,0.27,1,0,1,0,1,0,18,8,2,6,10,10,21,47.6,11,6,1,5,5,23,11,0,11.1,523,12,47,215,271,19,523,22,14,63.6,8,36.4,302,1592,567,24,26,8,28,24,339,70,30000,1560000
Alexander Sørloth,FW,Crystal Palace,21,4,4,360.0,4.0,0,0,0,0,0,0,0,0,0.5,0.5,0.5,1.0,0.00,0.00,0.00,0.00,0.13,0.12,0.13,0.25,0.0,0.0,0.0,0.0,0.0,0.0,0.0,0.0,0.0,0.0,0.0,0.0,0.0,0.0,0.0,0.0,0.0,0.0,0.0,0.0,0.0,0.0,0.0,0.0,7,3,42.9,1.75,0.75,0.00,0.00,17.3,65,114,57.0,851,221,40,62,64.5,19,33,57.6,2,7,28.6,6,6,1,0,7,111,3,1,0,2,7,0,0,0,14,3.50,14,3.50,8,0,3,2,0,1,1,0.25,1,0,0,0,0,0,6,3,1,4,1,4,12,33.3,8,5,0,5,2,8,5,0,4.0,157,4,28,69,65,17,157,12,11,91.7,1,8.3,101,553,338,13,9,4,9,9,110,24,20000,1040000
Alexandre Lacazette,FW,Arsenal,26,32,26,2202.0,24.5,14,4,18,12,2,2,1,0,13.7,12.1,4.4,16.5,0.57,0.16,0.74,0.49,0.56,0.18,0.49,0.67,0.0,0.0,0.0,0.0,0.0,0.0,0.0,0.0,0.0,0.0,0.0,0.0,0.0,0.0,0.0,0.0,0.0,0.0,0.0,0.0,0.0,0.0,0.0,0.0,66,32,48.5,2.70,1.31,0.18,0.38,13.6,558,744,75.0,6693,1185,369,450,82.0,120,170,70.6,13,25,52.0,36,18,31,3,59,691,48,0,9,1,16,0,0,5,95,3.88,95,3.88,59,0,13,12,10,1,13,0.53,7,0,0,4,1,1,24,17,6,11,7,4,27,14.8,23,19,3,16,7,31,5,0,24.5,980,8,58,308,620,173,978,45,33,73.3,12,26.7,621,2501,906,39,12,27,62,50,756,233,182077,9468000
Alexis Sánchez,"FW,MF",Manchester Utd,28,12,12,1043.0,11.6,2,3,5,2,0,1,1,0,2.7,1.8,2.4,4.3,0.17,0.26,0.43,0.17,0.23,0.21,0.16,0.37,0.0,0.0,0.0,0.0,0.0,0.0,0.0,0.0,0.0,0.0,0.0,0.0,0.0,0.0,0.0,0.0,0.0,0.0,0.0,0.0,0.0,0.0,0.0,0.0,68,24,35.3,4.07,1.44,0.09,0.25,19.9,643,927,69.4,10650,3348,331,410,80.7,206,302,68.2,75,130,57.7,50,56,74,3,149,869,58,15,18,10,54,1,37,0,122,7.31,122,7.31,78,6,14,13,11,0,14,0.84,8,0,3,2,1,0,20,9,9,4,7,7,32,21.9,25,5,2,3,6,26,1,0,16.7,1145,9,52,351,751,104,1144,60,40,66.7,20,33.3,866,5393,1996,50,53,25,64,48,963,218,350000,18200000
Alexis Sánchez,"MF,FW",Arsenal,28,19,17,1503.0,16.7,7,3,10,6,1,1,4,0,8.1,7.3,4.9,12.2,0.42,0.18,0.60,0.36,0.49,0.29,0.44,0.73,0.0,0.0,0.0,0.0,0.0,0.0,0.0,0.0,0.0,0.0,0.0,0.0,0.0,0.0,0.0,0.0,0.0,0.0,0.0,0.0,0.0,0.0,0.0,0.0,68,24,35.3,4.07,1.44,0.09,0.25,19.9,643,927,69.4,10650,3348,331,410,80.7,206,302,68.2,75,130,57.7,50,56,74,3,149,869,58,15,18,10,54,1,37,0,122,7.31,122,7.31,78,6,14,13,11,0,14,0.84,8,0,3,2,1,0,20,9,9,4,7,7,32,21.9,25,5,2,3,6,26,1,0,16.7,1145,9,52,351,751,104,1144,60,40,66.7,20,33.3,866,5393,1996,50,53,25,64,48,963,218,350000,18200000
Alfie Mawson,DF,Swansea City,23,38,38,3420.0,38.0,2,1,3,2,0,0,3,0,1.9,1.9,0.6,2.5,0.05,0.03,0.08,0.05,0.05,0.02,0.05,0.06,0.0,0.0,0.0,0.0,0.0,0.0,0.0,0.0,0.0,0.0,0.0,0.0,0.0,0.0,0.0,0.0,0.0,0.0,0.0,0.0,0.0,0.0,0.0,0.0,20,5,25.0,0.53,0.13,0.10,0.40,12.5,1420,1755,80.9,31280,11208,407,462,88.1,732,847,86.4,268,403,66.5,5,87,5,1,92,1699,51,47,1,43,2,4,0,5,13,0.34,13,0.34,11,0,2,0,0,0,1,0.03,1,0,0,0,0,0,32,22,24,8,0,16,27,59.3,11,41,32,9,35,67,229,5,38.0,2131,282,1182,894,72,37,2131,26,23,88.5,3,11.5,1026,6082,3551,29,14,1,13,14,1257,8,25000,1300000
Allan Nyom,DF,West Brom,29,29,25,2310.0,25.7,0,1,1,0,0,0,7,0,0.1,0.1,1.1,1.2,0.00,0.04,0.04,0.00,0.00,0.04,0.00,0.05,0.0,0.0,0.0,0.0,0.0,0.0,0.0,0.0,0.0,0.0,0.0,0.0,0.0,0.0,0.0,0.0,0.0,0.0,0.0,0.0,0.0,0.0,0.0,0.0,3,0,0.0,0.12,0.00,0.00,,35.3,798,1102,72.4,13157,5473,435,482,90.2,274,369,74.3,71,180,39.4,14,42,25,22,58,837,261,4,0,2,88,257,0,4,35,1.36,35,1.36,26,6,0,0,2,1,4,0.16,3,0,0,0,1,0,64,39,43,17,4,28,43,65.1,15,20,9,11,27,91,93,0,25.7,1366,107,510,538,330,4,1366,26,10,38.5,16,61.5,630,3127,1507,36,29,1,24,20,634,71,35000,1820000
Ander Herrera,MF,Manchester Utd,27,26,13,1268.0,14.1,0,2,2,0,0,0,5,0,0.4,0.4,1.6,1.9,0.00,0.14,0.14,0.00,0.03,0.11,0.03,0.14,0.0,0.0,0.0,0.0,0.0,0.0,0.0,0.0,0.0,0.0,0.0,0.0,0.0,0.0,0.0,0.0,0.0,0.0,0.0,0.0,0.0,0.0,0.0,0.0,12,1,8.3,0.85,0.07,0.00,0.00,25.2,917,1064,86.2,13708,3978,471,513,91.8,307,342,89.8,66,118,55.9,11,89,12,1,81,1030,31,25,4,3,15,4,1,3,28,1.99,28,1.99,26,0,0,0,0,2,3,0.21,3,0,0,0,0,0,56,29,32,20,4,20,69,29.0,49,33,6,27,34,90,22,2,14.1,1236,50,277,720,246,14,1236,14,10,71.4,4,28.6,631,2790,1417,12,19,1,15,15,902,19,115000,5980000
Andre Gray,FW,Watford,26,31,16,1498.0,16.6,5,2,7,5,0,0,1,0,6.7,6.7,2.1,8.8,0.30,0.12,0.42,0.30,0.40,0.13,0.40,0.53,0.0,0.0,0.0,0.0,0.0,0.0,0.0,0.0,0.0,0.0,0.0,0.0,0.0,0.0,0.0,0.0,0.0,0.0,0.0,0.0,0.0,0.0,0.0,0.0,34,13,38.2,2.04,0.78,0.15,0.38,12.3,217,310,70.0,2738,463,134,185,72.4,48,64,75.0,10,12,83.3,18,17,6,1,17,297,11,0,2,2,9,0,0,2,28,1.68,28,1.68,24,0,0,3,1,0,3,0.18,1,0,0,2,0,0,2,1,0,1,1,0,3,0.0,3,11,0,11,4,6,3,0,16.6,462,4,14,186,263,76,462,11,2,18.2,9,81.8,300,1201,431,18,8,10,49,23,371,133,70000,3640000
Andreas Christensen,DF,Chelsea,21,27,23,2086.0,23.2,0,0,0,0,0,0,0,0,0.9,0.9,0.1,1.0,0.00,0.00,0.00,0.00,0.04,0.00,0.04,0.04,0.0,0.0,0.0,0.0,0.0,0.0,0.0,0.0,0.0,0.0,0.0,0.0,0.0,0.0,0.0,0.0,0.0,0.0,0.0,0.0,0.0,0.0,0.0,0.0,12,1,8.3,0.52,0.04,0.00,0.00,10.9,1263,1357,93.1,24630,8441,387,409,94.6,719,752,95.6,134,157,85.4,4,62,2,0,76,1314,38,35,1,1,0,3,0,5,17,0.74,17,0.74,14,0,0,2,0,1,2,0.09,2,0,0,0,0,0,26,13,23,3,0,10,15,66.7,5,25,17,8,39,65,109,5,23.2,1589,150,768,790,41,22,1589,5,5,100.0,0,0.0,982,4823,2811,22,12,1,9,1,1073,2,80000,4160000
Andrew Robertson,DF,Liverpool,23,22,22,1940.0,21.6,1,5,6,1,0,0,2,0,0.5,0.5,4.1,4.7,0.05,0.23,0.28,0.05,0.03,0.19,0.03,0.22,0.0,0.0,0.0,0.0,0.0,0.0,0.0,0.0,0.0,0.0,0.0,0.0,0.0,0.0,0.0,0.0,0.0,0.0,0.0,0.0,0.0,0.0,0.0,0.0,12,2,16.7,0.56,0.09,0.08,0.50,19.3,1404,1681,83.5,22245,6855,692,753,91.9,595,691,86.1,73,149,49.0,24,121,31,8,150,1497,182,12,3,3,88,170,0,2,52,2.41,52,2.41,47,3,1,0,1,0,8,0.37,8,0,0,0,0,0,31,17,19,9,3,15,29,51.7,14,22,2,20,26,57,56,0,21.6,1853,60,376,898,598,46,1853,17,9,52.9,8,47.1,1063,5265,2984,76,50,10,22,12,1282,214,40000,2080000
Andrew Surman,MF,Bournemouth,30,25,20,1856.0,20.6,2,5,7,2,0,0,2,0,1.2,1.2,1.0,2.2,0.10,0.24,0.34,0.10,0.06,0.05,0.06,0.11,0.0,0.0,0.0,0.0,0.0,0.0,0.0,0.0,0.0,0.0,0.0,0.0,0.0,0.0,0.0,0.0,0.0,0.0,0.0,0.0,0.0,0.0,0.0,0.0,18,6,33.3,0.87,0.29,0.11,0.33,24.1,997,1199,83.2,18377,5842,396,464,85.3,476,536,88.8,108,165,65.5,16,122,16,0,134,1139,59,39,2,10,21,0,18,1,42,2.04,42,2.04,33,3,2,2,2,0,8,0.39,3,3,1,1,0,0,16,12,5,8,3,6,23,26.1,17,33,12,21,16,32,52,2,20.6,1371,74,319,828,233,9,1371,19,13,68.4,6,31.6,658,3073,1492,10,15,0,15,13,896,14,35000,1820000
Andros Townsend,"FW,MF",Crystal Palace,26,36,35,3120.0,34.7,2,7,9,2,0,0,3,0,3.0,3.0,7.2,10.2,0.06,0.20,0.26,0.06,0.09,0.21,0.09,0.30,0.0,0.0,0.0,0.0,0.0,0.0,0.0,0.0,0.0,0.0,0.0,0.0,0.0,0.0,0.0,0.0,0.0,0.0,0.0,0.0,0.0,0.0,0.0,0.0,62,14,22.6,1.79,0.40,0.03,0.14,22.3,870,1226,71.0,13034,3886,501,573,87.4,259,384,67.4,68,160,42.5,65,64,48,14,104,1088,134,39,3,5,176,23,49,4,138,3.98,138,3.98,80,20,16,7,10,5,11,0.32,8,1,0,0,2,0,60,34,35,12,13,24,75,32.0,51,49,1,48,35,95,28,0,34.7,1629,29,241,573,866,88,1629,122,84,68.9,38,31.1,1120,8832,4125,161,108,34,89,73,1089,249,55000,2860000
André Ayew,"MF,FW",West Ham,27,18,9,895.0,9.9,3,2,5,3,0,1,2,0,3.3,2.5,0.3,2.9,0.30,0.20,0.50,0.30,0.33,0.03,0.25,0.29,0.0,0.0,0.0,0.0,0.0,0.0,0.0,0.0,0.0,0.0,0.0,0.0,0.0,0.0,0.0,0.0,0.0,0.0,0.0,0.0,0.0,0.0,0.0,0.0,12,4,33.3,1.21,0.40,0.25,0.75,13.6,216,291,74.2,2721,532,142,160,88.8,57,77,74.0,5,15,33.3,4,17,5,1,18,279,9,1,1,1,8,1,0,3,13,1.31,13,1.31,8,0,3,0,2,0,4,0.40,3,0,1,0,0,0,19,14,6,10,3,6,19,31.6,13,5,0,5,4,23,3,0,9.9,363,8,45,195,130,22,362,14,12,85.7,2,14.3,205,1407,597,18,18,2,11,17,259,43,80000,4160000
André Ayew,"MF,FW",Swansea City,27,12,10,950.0,10.6,0,2,2,0,0,0,3,0,1.9,1.9,1.3,3.2,0.00,0.19,0.19,0.00,0.18,0.13,0.18,0.30,0.0,0.0,0.0,0.0,0.0,0.0,0.0,0.0,0.0,0.0,0.0,0.0,0.0,0.0,0.0,0.0,0.0,0.0,0.0,0.0,0.0,0.0,0.0,0.0,12,4,33.3,1.21,0.40,0.25,0.75,13.6,216,291,74.2,2721,532,142,160,88.8,57,77,74.0,5,15,33.3,4,17,5,1,18,279,9,1,1,1,8,1,0,3,13,1.31,13,1.31,8,0,3,0,2,0,4,0.40,3,0,1,0,0,0,19,14,6,10,3,6,19,31.6,13,5,0,5,4,23,3,0,9.9,363,8,45,195,130,22,362,14,12,85.7,2,14.3,205,1407,597,18,18,2,11,17,259,43,80000,4160000
André Carrillo,"FW,MF",Watford,26,28,16,1540.0,17.1,1,2,3,1,0,0,2,0,2.3,2.3,2.8,5.1,0.06,0.12,0.18,0.06,0.14,0.16,0.14,0.30,0.0,0.0,0.0,0.0,0.0,0.0,0.0,0.0,0.0,0.0,0.0,0.0,0.0,0.0,0.0,0.0,0.0,0.0,0.0,0.0,0.0,0.0,0.0,0.0,24,3,12.5,1.40,0.18,0.04,0.33,17.8,561,772,72.7,8091,2148,339,396,85.6,145,221,65.6,47,77,61.0,20,40,24,8,72,752,20,7,2,6,54,9,4,0,64,3.74,64,3.74,38,1,17,2,4,2,3,0.18,2,0,1,0,0,0,31,24,16,12,3,8,33,24.2,25,7,0,7,15,46,16,0,17.1,958,16,148,455,374,51,958,82,59,72.0,23,28.0,674,4218,2107,71,52,21,51,42,718,97,59481,3093000
Andy Carroll,FW,West Ham,28,16,7,750.0,8.3,3,0,3,3,0,0,7,1,1.8,1.8,0.5,2.4,0.36,0.00,0.36,0.36,0.22,0.06,0.22,0.28,0.0,0.0,0.0,0.0,0.0,0.0,0.0,0.0,0.0,0.0,0.0,0.0,0.0,0.0,0.0,0.0,0.0,0.0,0.0,0.0,0.0,0.0,0.0,0.0,28,8,28.6,3.36,0.96,0.11,0.38,16.4,158,262,60.3,2741,519,74,114,64.9,64,100,64.0,14,29,48.3,7,13,6,3,11,248,13,1,0,2,10,3,0,1,17,2.04,17,2.04,11,0,2,3,1,0,1,0.12,0,0,0,1,0,0,3,3,2,0,1,0,1,0.0,1,3,2,1,2,5,15,0,8.3,351,18,27,167,160,39,351,13,9,69.2,4,30.8,149,754,161,6,7,2,21,10,263,42,90000,4680000
Andy King,MF,Leicester City,28,11,5,537.0,6.0,1,0,1,1,0,0,1,0,0.5,0.5,0.1,0.6,0.17,0.00,0.17,0.17,0.09,0.02,0.09,0.10,0.0,0.0,0.0,0.0,0.0,0.0,0.0,0.0,0.0,0.0,0.0,0.0,0.0,0.0,0.0,0.0,0.0,0.0,0.0,0.0,0.0,0.0,0.0,0.0,6,1,16.7,1.01,0.17,0.17,1.00,16.0,167,221,75.6,2628,676,76,93,81.7,66,81,81.5,12,25,48.0,2,17,0,0,13,212,5,2,1,0,5,2,0,4,8,1.34,8,1.34,6,0,0,0,2,0,1,0.17,0,0,0,0,1,0,8,5,0,5,3,0,3,0.0,3,4,2,2,5,13,13,0,6.0,264,13,55,152,58,9,264,4,1,25.0,3,75.0,113,521,227,3,1,1,5,0,166,6,40000,2080000
Andy King,MF,Swansea City,28,11,9,715.0,7.9,2,1,3,2,0,0,1,0,1.0,1.0,0.2,1.2,0.25,0.13,0.38,0.25,0.12,0.03,0.12,0.15,0.0,0.0,0.0,0.0,0.0,0.0,0.0,0.0,0.0,0.0,0.0,0.0,0.0,0.0,0.0,0.0,0.0,0.0,0.0,0.0,0.0,0.0,0.0,0.0,6,1,16.7,1.01,0.17,0.17,1.00,16.0,167,221,75.6,2628,676,76,93,81.7,66,81,81.5,12,25,48.0,2,17,0,0,13,212,5,2,1,0,5,2,0,4,8,1.34,8,1.34,6,0,0,0,2,0,1,0.17,0,0,0,0,1,0,8,5,0,5,3,0,3,0.0,3,4,2,2,5,13,13,0,6.0,264,13,55,152,58,9,264,4,1,25.0,3,75.0,113,521,227,3,1,1,5,0,166,6,40000,2080000
Angelo Ogbonna,DF,West Ham,29,32,32,2880.0,32.0,1,0,1,1,0,0,3,0,0.7,0.7,0.5,1.1,0.03,0.00,0.03,0.03,0.02,0.01,0.02,0.04,0.0,0.0,0.0,0.0,0.0,0.0,0.0,0.0,0.0,0.0,0.0,0.0,0.0,0.0,0.0,0.0,0.0,0.0,0.0,0.0,0.0,0.0,0.0,0.0,8,2,25.0,0.25,0.06,0.13,0.50,13.1,811,1021,79.4,17054,6402,232,266,87.2,451,520,86.7,120,210,57.1,7,46,4,1,44,991,26,24,1,9,2,2,0,4,18,0.56,18,0.56,12,1,1,2,2,0,0,0.00,0,0,0,0,0,0,30,24,18,10,2,8,18,44.4,10,40,27,13,58,88,197,1,32.0,1380,215,681,661,48,16,1380,11,9,81.8,2,18.2,645,3619,1593,4,6,0,8,4,694,4,70000,3640000
Anthony Knockaert,"MF,FW",Brighton,25,33,27,2421.0,26.9,3,1,4,3,0,0,4,1,4.1,4.1,3.2,7.3,0.11,0.04,0.15,0.11,0.15,0.12,0.15,0.27,0.0,0.0,0.0,0.0,0.0,0.0,0.0,0.0,0.0,0.0,0.0,0.0,0.0,0.0,0.0,0.0,0.0,0.0,0.0,0.0,0.0,0.0,0.0,0.0,46,12,26.1,1.71,0.45,0.07,0.25,19.0,851,1103,77.2,12977,3196,475,544,87.3,270,337,80.1,61,126,48.4,32,45,30,5,124,1026,70,23,4,12,98,14,27,7,84,3.12,84,3.12,58,8,12,2,4,0,8,0.30,8,0,0,0,0,0,39,26,25,11,3,16,55,29.1,39,29,3,26,23,62,16,0,26.9,1360,35,233,595,576,69,1360,94,62,66.0,32,34.0,838,6396,3372,92,65,21,46,30,935,153,35000,1820000
Anthony Martial,FW,Manchester Utd,21,30,18,1582.0,17.6,9,5,14,8,1,1,1,0,6.3,5.5,5.1,10.6,0.51,0.28,0.80,0.46,0.36,0.29,0.31,0.60,0.0,0.0,0.0,0.0,0.0,0.0,0.0,0.0,0.0,0.0,0.0,0.0,0.0,0.0,0.0,0.0,0.0,0.0,0.0,0.0,0.0,0.0,0.0,0.0,48,15,31.3,2.73,0.85,0.17,0.53,17.3,613,789,77.7,7580,1899,374,431,86.8,155,193,80.3,18,43,41.9,33,35,27,2,52,767,20,6,4,0,48,8,6,2,76,4.32,76,4.32,58,1,9,4,4,0,13,0.74,11,0,1,0,1,0,15,13,9,2,4,3,12,25.0,9,5,1,4,3,18,7,0,17.6,1006,11,75,366,579,120,1005,83,43,51.8,40,48.2,740,5334,3146,107,79,45,54,55,858,182,110000,5720000
Antonio Rüdiger,DF,Chelsea,24,27,25,2338.0,26.0,2,1,3,2,0,0,4,0,1.7,1.7,0.4,2.1,0.08,0.04,0.12,0.08,0.07,0.01,0.07,0.08,0.0,0.0,0.0,0.0,0.0,0.0,0.0,0.0,0.0,0.0,0.0,0.0,0.0,0.0,0.0,0.0,0.0,0.0,0.0,0.0,0.0,0.0,0.0,0.0,15,4,26.7,0.58,0.15,0.13,0.50,16.5,1540,1735,88.8,28423,9100,618,649,95.2,734,801,91.6,151,226,66.8,3,114,2,0,121,1695,35,24,3,35,10,11,0,5,18,0.69,18,0.69,16,0,0,2,0,0,4,0.15,4,0,0,0,0,0,31,21,20,10,1,15,31,48.4,16,29,15,14,24,55,115,1,26.0,1990,123,842,1061,97,20,1990,10,8,80.0,2,20.0,1298,6974,4393,33,23,2,14,17,1404,7,100000,5200000
Antonio Valencia,DF,Manchester Utd,31,31,31,2740.0,30.4,3,1,4,3,0,0,7,0,0.5,0.5,1.2,1.7,0.10,0.03,0.13,0.10,0.02,0.04,0.02,0.06,0.0,0.0,0.0,0.0,0.0,0.0,0.0,0.0,0.0,0.0,0.0,0.0,0.0,0.0,0.0,0.0,0.0,0.0,0.0,0.0,0.0,0.0,0.0,0.0,16,3,18.8,0.53,0.10,0.19,1.00,21.4,1624,1962,82.8,22647,8135,961,1033,93.0,462,555,83.2,96,200,48.0,23,91,24,10,84,1658,299,23,3,10,79,276,0,5,59,1.94,59,1.94,49,1,4,1,4,0,2,0.07,2,0,0,0,0,0,57,32,21,28,8,16,36,44.4,20,47,6,41,48,105,80,0,30.4,2256,122,542,1021,710,53,2256,48,29,60.4,19,39.6,1153,6257,3710,103,65,23,20,19,1410,152,85000,4420000
Arthur Masuaku,DF,West Ham,23,27,21,1870.0,20.8,0,3,3,0,0,0,5,0,0.3,0.3,2.0,2.2,0.00,0.14,0.14,0.00,0.01,0.09,0.01,0.11,0.0,0.0,0.0,0.0,0.0,0.0,0.0,0.0,0.0,0.0,0.0,0.0,0.0,0.0,0.0,0.0,0.0,0.0,0.0,0.0,0.0,0.0,0.0,0.0,9,3,33.3,0.43,0.14,0.00,0.00,27.3,668,930,71.8,10657,3590,353,407,86.7,247,343,72.0,50,115,43.5,17,39,16,10,56,776,149,7,1,7,100,142,0,5,39,1.88,39,1.88,31,2,4,0,2,0,6,0.29,6,0,0,0,0,0,58,37,36,16,6,25,58,43.1,33,25,2,23,26,84,38,1,20.8,1217,76,311,502,441,24,1217,129,83,64.3,46,35.7,702,5923,3124,94,70,15,47,37,732,115,40000,2080000
Ashley Barnes,FW,Burnley,27,36,21,2165.0,24.1,9,0,9,9,0,0,10,0,6.7,6.7,1.6,8.3,0.37,0.00,0.37,0.37,0.28,0.07,0.28,0.34,0.0,0.0,0.0,0.0,0.0,0.0,0.0,0.0,0.0,0.0,0.0,0.0,0.0,0.0,0.0,0.0,0.0,0.0,0.0,0.0,0.0,0.0,0.0,0.0,60,22,36.7,2.49,0.91,0.15,0.41,15.4,316,531,59.5,4207,996,193,282,68.4,101,161,62.7,6,33,18.2,17,22,11,4,34,515,13,0,3,0,16,2,0,3,51,2.12,51,2.12,34,0,4,2,11,0,7,0.29,5,0,1,0,1,0,21,14,1,14,6,5,29,17.2,24,26,5,21,2,23,19,0,24.1,797,21,79,337,394,94,797,25,16,64.0,9,36.0,464,2070,571,17,15,16,76,44,608,127,25000,1300000
Ashley Westwood,MF,Burnley,27,19,12,1111.0,12.3,0,1,1,0,0,0,2,0,0.6,0.6,1.0,1.6,0.00,0.08,0.08,0.00,0.05,0.08,0.05,0.13,0.0,0.0,0.0,0.0,0.0,0.0,0.0,0.0,0.0,0.0,0.0,0.0,0.0,0.0,0.0,0.0,0.0,0.0,0.0,0.0,0.0,0.0,0.0,0.0,8,1,12.5,0.65,0.08,0.00,0.00,19.7,492,615,80.0,9936,2893,172,198,86.9,221,255,86.7,85,139,61.2,8,52,7,2,69,600,12,10,0,8,13,0,2,3,17,1.38,17,1.38,14,2,0,1,0,0,2,0.16,0,1,0,1,0,0,13,10,10,3,0,2,16,12.5,14,17,9,8,19,32,16,0,12.3,709,26,133,466,117,7,709,4,2,50.0,2,50.0,331,1243,502,8,7,2,6,5,430,6,31000,1612000
Ashley Williams,DF,Everton,32,24,20,1834.0,20.4,1,0,1,1,0,0,3,1,0.8,0.8,0.3,1.2,0.05,0.00,0.05,0.05,0.04,0.02,0.04,0.06,0.0,0.0,0.0,0.0,0.0,0.0,0.0,0.0,0.0,0.0,0.0,0.0,0.0,0.0,0.0,0.0,0.0,0.0,0.0,0.0,0.0,0.0,0.0,0.0,13,3,23.1,0.64,0.15,0.08,0.33,11.8,591,736,80.3,12552,4237,167,184,90.8,322,364,88.5,91,158,57.6,3,31,2,0,39,712,21,21,0,6,1,0,0,3,8,0.39,8,0.39,7,0,0,1,0,0,0,0.00,0,0,0,0,0,0,23,13,17,6,0,9,18,50.0,9,31,23,8,36,59,173,3,20.4,1030,169,569,433,33,21,1030,2,2,100.0,0,0.0,460,1919,978,2,5,0,5,1,521,1,70000,3640000
Ashley Young,DF,Manchester Utd,32,30,28,2442.0,27.1,2,4,6,2,0,0,7,0,0.8,0.8,3.6,4.4,0.07,0.15,0.22,0.07,0.03,0.13,0.03,0.16,0.0,0.0,0.0,0.0,0.0,0.0,0.0,0.0,0.0,0.0,0.0,0.0,0.0,0.0,0.0,0.0,0.0,0.0,0.0,0.0,0.0,0.0,0.0,0.0,18,4,22.2,0.66,0.15,0.11,0.50,21.9,1285,1683,76.4,20718,7834,703,772,91.1,379,494,76.7,145,293,49.5,26,117,36,24,103,1348,323,34,2,14,121,265,24,12,63,2.32,63,2.32,44,9,4,2,3,1,8,0.29,6,0,0,1,1,0,53,32,30,17,6,18,47,38.3,29,24,5,19,57,110,86,1,27.1,1982,96,541,889,572,23,1982,52,29,55.8,23,44.2,1004,5495,3246,90,57,14,19,18,1141,113,120000,6240000
Asmir Begović,GK,Bournemouth,30,38,38,3420.0,38.0,0,0,0,0,0,0,2,0,0.0,0.0,0.0,0.0,0.00,0.00,0.00,0.00,0.00,0.00,0.00,0.00,1.61,170,109,65.3,6,15.8,54.8,0.31,223,647,34.5,832,215,45.7,38.9,328,81.4,55.5,611,35,5.7,18,0.47,10.2,0,0,,0.00,0.00,,,,693,1162,59.6,23636,18869,55,55,100.0,300,304,98.7,337,798,42.2,1,7,0,0,0,696,464,136,0,1,0,0,0,2,4,0.11,4,0.11,2,2,0,0,0,0,1,0.03,0,1,0,0,0,0,0,0,0,0,0,0,2,0.0,2,0,0,0,2,2,16,7,38.0,1240,1134,1236,4,0,0,1240,0,0,,0,,444,2437,1672,0,0,0,1,0,368,0,70000,3640000
Axel Tuanzebe,FW,Manchester Utd,19,1,0,1.0,0.0,0,0,0,0,0,0,0,0,0.0,0.0,0.0,0.0,0.00,0.00,0.00,0.00,0.00,0.00,0.00,0.00,0.0,0.0,0.0,0.0,0.0,0.0,0.0,0.0,0.0,0.0,0.0,0.0,0.0,0.0,0.0,0.0,0.0,0.0,0.0,0.0,0.0,0.0,0.0,0.0,0,0,,0.00,0.00,,,,0,0,,0,0,0,0,,0,0,,0,0,,0,0,0,0,0,0,0,0,0,0,0,0,0,0,0,0.00,0,0.00,0,0,0,0,0,0,0,0.00,0,0,0,0,0,0,0,0,0,0,0,0,0,,0,0,0,0,0,0,0,0,0.0,0,0,0,0,0,0,0,0,0,,0,,0,0,0,0,0,0,0,0,0,0,10000,520000
Aymeric Laporte,DF,Manchester City,23,9,9,806.0,9.0,0,0,0,0,0,0,1,0,0.1,0.1,0.1,0.2,0.00,0.00,0.00,0.00,0.01,0.01,0.01,0.02,0.0,0.0,0.0,0.0,0.0,0.0,0.0,0.0,0.0,0.0,0.0,0.0,0.0,0.0,0.0,0.0,0.0,0.0,0.0,0.0,0.0,0.0,0.0,0.0,3,0,0.0,0.33,0.00,0.00,,26.5,762,826,92.3,13329,4972,337,354,95.2,346,366,94.5,61,81,75.3,2,54,3,1,72,801,25,12,1,10,2,13,0,0,12,1.34,12,1.34,10,1,0,1,0,0,2,0.22,1,1,0,0,0,0,8,7,6,2,0,3,8,37.5,5,2,1,1,11,19,27,0,9.0,877,29,270,566,44,1,877,3,3,100.0,0,0.0,549,2801,1930,15,6,0,2,0,671,5,70000,3640000
Ayoze Pérez,"MF,FW",Newcastle Utd,24,36,28,2492.0,27.7,8,5,13,8,0,0,3,0,6.2,6.2,4.7,10.9,0.29,0.18,0.47,0.29,0.22,0.17,0.22,0.39,0.0,0.0,0.0,0.0,0.0,0.0,0.0,0.0,0.0,0.0,0.0,0.0,0.0,0.0,0.0,0.0,0.0,0.0,0.0,0.0,0.0,0.0,0.0,0.0,60,23,38.3,2.17,0.83,0.13,0.35,16.7,515,745,69.1,6748,1456,316,396,79.8,140,205,68.3,16,44,36.4,36,47,17,2,75,699,41,1,14,5,22,0,0,5,85,3.07,85,3.07,61,0,3,8,9,4,10,0.36,7,0,0,3,0,0,39,21,11,15,13,12,54,22.2,42,36,1,35,24,63,28,0,27.7,1119,18,122,531,483,112,1119,63,32,50.8,31,49.2,673,3708,1890,68,46,26,86,70,760,178,45000,2340000
Badou Ndiaye,MF,Stoke City,26,13,13,1138.0,12.6,2,1,3,2,0,0,5,0,1.6,1.6,0.3,1.9,0.16,0.08,0.24,0.16,0.13,0.02,0.13,0.15,0.0,0.0,0.0,0.0,0.0,0.0,0.0,0.0,0.0,0.0,0.0,0.0,0.0,0.0,0.0,0.0,0.0,0.0,0.0,0.0,0.0,0.0,0.0,0.0,19,6,31.6,1.50,0.47,0.11,0.33,23.7,283,348,81.3,4731,1649,142,155,91.6,99,123,80.5,31,44,70.5,7,32,6,1,46,330,15,8,1,4,4,4,0,3,27,2.14,27,2.14,19,0,2,1,2,3,4,0.32,2,0,1,0,1,0,53,28,22,25,6,16,41,39.0,25,21,9,12,13,66,18,0,12.6,515,24,120,295,111,6,515,21,17,81.0,4,19.0,274,1345,738,12,15,1,22,19,271,20,40615,2112000
Bakary Sako,"FW,MF",Crystal Palace,29,16,4,478.0,5.3,3,0,3,3,0,0,0,0,1.9,1.9,1.1,3.0,0.56,0.00,0.56,0.56,0.36,0.20,0.36,0.56,0.0,0.0,0.0,0.0,0.0,0.0,0.0,0.0,0.0,0.0,0.0,0.0,0.0,0.0,0.0,0.0,0.0,0.0,0.0,0.0,0.0,0.0,0.0,0.0,17,6,35.3,3.20,1.13,0.18,0.50,15.5,94,159,59.1,1412,353,59,75,78.7,18,41,43.9,10,22,45.5,6,6,4,3,8,150,9,3,0,2,27,1,4,0,18,3.39,18,3.39,11,0,2,4,1,0,3,0.56,1,0,0,2,0,0,7,6,5,0,2,2,9,22.2,7,2,0,2,1,8,2,0,5.3,222,2,32,74,119,26,222,13,7,53.8,6,46.2,159,1083,554,20,14,6,18,12,161,43,55000,2860000
Ben Chilwell,DF,Leicester City,20,24,20,1853.0,20.6,0,2,2,0,0,0,3,1,0.2,0.2,2.4,2.6,0.00,0.10,0.10,0.00,0.01,0.12,0.01,0.13,0.0,0.0,0.0,0.0,0.0,0.0,0.0,0.0,0.0,0.0,0.0,0.0,0.0,0.0,0.0,0.0,0.0,0.0,0.0,0.0,0.0,0.0,0.0,0.0,6,1,16.7,0.29,0.05,0.00,0.00,24.8,852,1199,71.1,13076,4494,446,533,83.7,306,429,71.3,60,136,44.1,21,59,26,16,78,974,219,10,0,2,84,208,1,6,46,2.24,46,2.24,34,4,3,0,5,0,4,0.19,4,0,0,0,0,0,36,26,21,10,5,15,32,46.9,17,31,4,27,28,64,71,3,20.6,1472,61,358,697,445,18,1472,52,31,59.6,21,40.4,670,5186,2937,85,55,6,41,18,839,121,20000,1040000
Ben Davies,DF,Tottenham,24,29,26,2324.0,25.8,2,6,8,2,0,0,3,0,1.1,1.1,3.2,4.3,0.08,0.23,0.31,0.08,0.04,0.12,0.04,0.16,0.0,0.0,0.0,0.0,0.0,0.0,0.0,0.0,0.0,0.0,0.0,0.0,0.0,0.0,0.0,0.0,0.0,0.0,0.0,0.0,0.0,0.0,0.0,0.0,18,6,33.3,0.70,0.23,0.11,0.33,21.2,1305,1735,75.2,22704,8393,612,701,87.3,560,706,79.3,116,247,47.0,46,125,37,14,165,1385,345,19,0,5,149,277,49,5,82,3.18,82,3.18,59,16,1,4,2,0,7,0.27,5,1,0,1,0,0,47,33,13,21,13,25,48,52.1,23,24,5,19,28,75,70,1,25.8,1976,72,402,928,655,37,1976,21,15,71.4,6,28.6,859,4422,2674,73,52,8,26,16,1176,178,60000,3120000
Ben Foster,GK,West Brom,34,37,37,3330.0,37.0,0,0,0,0,0,0,2,0,0.0,0.0,0.1,0.1,0.00,0.00,0.00,0.00,0.00,0.00,0.00,0.00,1.49,151,98,64.2,10,27.0,45.7,0.30,346,904,38.3,811,70,71.6,48.5,338,95.6,65.7,592,37,6.3,27,0.73,12.8,0,0,,0.00,0.00,,,,565,1155,48.9,25634,23629,39,41,95.1,135,140,96.4,390,966,40.4,2,45,1,0,1,657,492,154,0,1,0,0,0,6,12,0.32,12,0.32,5,7,0,0,0,0,0,0.00,0,0,0,0,0,0,1,0,1,0,0,0,7,0.0,7,0,0,0,1,2,12,1,37.0,1225,982,1198,28,0,0,1225,2,2,100.0,0,0.0,517,4336,3082,0,0,0,3,0,365,0,60000,3120000
Ben Hamer,GK,Leicester City,29,4,3,275.0,3.1,0,0,0,0,0,0,0,0,0.0,0.0,0.0,0.0,0.00,0.00,0.00,0.00,0.00,0.00,0.00,0.00,2.29,13,6,53.8,1,33.3,6.4,0.43,18,47,38.3,66,15,47.0,39.1,20,80.0,56.3,39,0,0.0,4,1.31,14.3,0,0,,0.00,0.00,,,,55,86,64.0,1849,1564,4,4,100.0,26,26,100.0,24,55,43.6,0,4,0,0,0,60,26,6,0,0,0,0,0,0,0,0.00,0,0.00,0,0,0,0,0,0,0,0.00,0,0,0,0,0,0,0,0,0,0,0,0,1,0.0,1,0,0,0,0,0,3,1,3.1,94,78,93,1,0,0,94,0,0,,0,,41,284,198,0,0,0,0,0,34,0,12000,624000
Ben Mee,DF,Burnley,27,29,29,2610.0,29.0,0,0,0,0,0,0,5,0,1.9,1.9,0.5,2.3,0.00,0.00,0.00,0.00,0.06,0.02,0.06,0.08,0.0,0.0,0.0,0.0,0.0,0.0,0.0,0.0,0.0,0.0,0.0,0.0,0.0,0.0,0.0,0.0,0.0,0.0,0.0,0.0,0.0,0.0,0.0,0.0,25,7,28.0,0.86,0.24,0.00,0.00,12.4,823,1086,75.8,17554,7677,269,303,88.8,386,471,82.0,160,281,56.9,6,58,4,0,77,1052,28,22,0,8,3,6,0,6,26,0.90,26,0.90,22,0,0,3,1,0,1,0.03,1,0,0,0,0,0,33,20,22,11,0,16,29,55.2,13,51,42,9,33,66,217,1,29.0,1476,213,776,642,64,41,1476,3,3,100.0,0,0.0,639,2680,1505,5,6,0,9,3,725,3,20000,1040000
Ben Watson,MF,Watford,32,8,6,456.0,5.1,0,0,0,0,0,0,1,0,0.1,0.1,0.2,0.2,0.00,0.00,0.00,0.00,0.01,0.04,0.01,0.05,0.0,0.0,0.0,0.0,0.0,0.0,0.0,0.0,0.0,0.0,0.0,0.0,0.0,0.0,0.0,0.0,0.0,0.0,0.0,0.0,0.0,0.0,0.0,0.0,1,0,0.0,0.20,0.00,0.00,,32.9,195,241,80.9,3217,1304,99,111,89.2,67,79,84.8,19,31,61.3,3,12,1,0,24,226,14,10,0,3,4,0,2,1,7,1.38,7,1.38,4,2,0,1,0,0,0,0.00,0,0,0,0,0,0,19,9,9,9,1,10,31,32.3,21,6,1,5,7,26,10,0,5.1,288,13,81,187,26,1,288,0,0,,0,,137,574,210,1,1,0,6,2,157,5,0.0,0.0
Ben Woodburn,FW,Liverpool,17,1,0,7.0,0.1,0,0,0,0,0,0,0,0,0.0,0.0,0.0,0.0,0.00,0.00,0.00,0.00,0.00,0.00,0.00,0.00,0.0,0.0,0.0,0.0,0.0,0.0,0.0,0.0,0.0,0.0,0.0,0.0,0.0,0.0,0.0,0.0,0.0,0.0,0.0,0.0,0.0,0.0,0.0,0.0,0,0,,0.00,0.00,,,,7,8,87.5,92,11,4,4,100.0,1,1,100.0,1,1,100.0,0,0,0,0,0,8,0,0,0,0,0,0,0,0,0,0.00,0,0.00,0,0,0,0,0,0,0,0.00,0,0,0,0,0,0,0,0,0,0,0,0,0,,0,0,0,0,0,0,0,0,0.1,8,0,0,3,5,1,8,0,0,,0,,6,15,5,0,2,0,0,0,8,2,12000,624000
Beni Baningime,MF,Everton,18,8,1,198.0,2.2,0,0,0,0,0,0,1,0,0.0,0.0,0.0,0.0,0.00,0.00,0.00,0.00,0.00,0.00,0.00,0.00,0.0,0.0,0.0,0.0,0.0,0.0,0.0,0.0,0.0,0.0,0.0,0.0,0.0,0.0,0.0,0.0,0.0,0.0,0.0,0.0,0.0,0.0,0.0,0.0,0,0,,0.00,0.00,,,,67,82,81.7,1088,304,28,34,82.4,30,35,85.7,3,5,60.0,0,6,1,0,11,82,0,0,0,1,0,0,0,0,3,1.36,3,1.36,2,0,0,0,1,0,0,0.00,0,0,0,0,0,0,6,2,1,2,3,0,4,0.0,4,5,1,4,2,8,2,0,2.2,107,2,17,70,20,0,107,4,1,25.0,3,75.0,54,295,135,1,0,0,1,1,57,3,2000,104000
Benik Afobe,FW,Bournemouth,24,17,5,611.0,6.8,0,0,0,0,0,0,0,0,1.6,1.6,0.1,1.8,0.00,0.00,0.00,0.00,0.27,0.02,0.27,0.30,0.0,0.0,0.0,0.0,0.0,0.0,0.0,0.0,0.0,0.0,0.0,0.0,0.0,0.0,0.0,0.0,0.0,0.0,0.0,0.0,0.0,0.0,0.0,0.0,8,3,37.5,1.18,0.44,0.00,0.00,8.6,113,154,73.4,1370,152,77,102,75.5,27,38,71.1,0,1,0.0,2,8,2,0,9,142,12,1,0,0,2,0,0,0,11,1.84,11,1.84,6,0,1,2,2,0,1,0.17,0,0,0,0,1,0,4,3,1,2,1,1,6,16.7,5,4,0,4,0,4,6,0,6.8,219,8,18,100,105,28,219,9,7,77.8,2,22.2,138,820,317,12,4,9,28,5,171,37,0.0,0.0
Benjamin Mendy,"DF,FW",Manchester City,23,7,4,363.0,4.0,0,1,1,0,0,0,2,0,0.1,0.1,0.8,0.9,0.00,0.25,0.25,0.00,0.03,0.19,0.03,0.23,0.0,0.0,0.0,0.0,0.0,0.0,0.0,0.0,0.0,0.0,0.0,0.0,0.0,0.0,0.0,0.0,0.0,0.0,0.0,0.0,0.0,0.0,0.0,0.0,5,1,20.0,1.24,0.25,0.00,0.00,23.7,209,272,76.8,3437,932,110,126,87.3,76,100,76.0,18,27,66.7,9,20,11,5,27,223,48,4,0,1,39,44,0,1,14,3.47,14,3.47,13,0,0,1,0,0,3,0.74,3,0,0,0,0,0,5,4,2,0,3,5,7,71.4,2,5,0,5,8,13,9,0,4.0,312,6,42,127,144,7,312,8,3,37.5,5,62.5,173,814,554,21,9,2,3,6,199,62,90000,4680000
Beram Kayal,MF,Brighton,29,19,8,745.0,8.3,0,0,0,0,0,0,2,0,0.2,0.2,0.5,0.7,0.00,0.00,0.00,0.00,0.03,0.06,0.03,0.09,0.0,0.0,0.0,0.0,0.0,0.0,0.0,0.0,0.0,0.0,0.0,0.0,0.0,0.0,0.0,0.0,0.0,0.0,0.0,0.0,0.0,0.0,0.0,0.0,4,1,25.0,0.48,0.12,0.00,0.00,16.2,182,235,77.4,2904,800,89,103,86.4,72,88,81.8,13,26,50.0,11,16,4,2,27,224,9,0,0,2,5,1,0,2,16,1.93,16,1.93,12,0,1,1,1,1,1,0.12,1,0,0,0,0,0,18,11,10,7,1,6,26,23.1,20,11,4,7,12,30,9,0,8.3,317,14,77,188,56,6,317,10,5,50.0,5,50.0,139,711,313,4,3,0,7,8,157,13,25000,1300000
Bernardo Silva,"FW,MF",Manchester City,22,35,15,1533.0,17.0,6,4,10,6,0,0,0,0,3.8,3.5,2.8,6.3,0.35,0.23,0.59,0.35,0.22,0.16,0.20,0.37,0.0,0.0,0.0,0.0,0.0,0.0,0.0,0.0,0.0,0.0,0.0,0.0,0.0,0.0,0.0,0.0,0.0,0.0,0.0,0.0,0.0,0.0,0.0,0.0,25,14,56.0,1.47,0.82,0.24,0.43,14.0,836,1000,83.6,12111,2087,487,531,91.7,276,328,84.1,33,64,51.6,31,31,28,5,80,969,30,6,2,6,50,14,10,1,61,3.58,61,3.58,55,3,1,0,2,0,5,0.29,4,0,0,0,1,0,27,18,11,9,7,6,30,20.0,24,17,1,16,10,37,12,1,17.0,1157,9,79,444,650,95,1157,41,29,70.7,12,29.3,817,5218,2573,80,41,32,28,26,939,218,100000,5200000
Boaz Myhill,GK,West Brom,34,1,1,90.0,1.0,0,0,0,0,0,0,1,0,0.0,0.0,0.0,0.0,0.00,0.00,0.00,0.00,0.00,0.00,0.00,0.00,1.00,3,2,66.7,0,0.0,0.3,0.12,7,16,43.8,12,0,83.3,50.2,7,85.7,53.4,22,3,13.6,0,0.00,7.5,0,0,,0.00,0.00,,,,10,19,52.6,482,445,0,0,,2,2,100.0,8,17,47.1,0,1,0,0,0,9,10,3,0,0,0,0,0,0,0,0.00,0,0.00,0,0,0,0,0,0,0,0.00,0,0,0,0,0,0,0,0,0,0,0,0,0,,0,0,0,0,0,0,1,0,1.0,22,20,22,0,0,0,22,0,0,,0,,8,55,39,0,0,0,0,0,6,0,25500,1326000
Bojan Krkić,MF,Stoke City,26,1,1,71.0,0.8,0,0,0,0,0,0,0,0,0.0,0.0,0.0,0.1,0.00,0.00,0.00,0.00,0.04,0.04,0.04,0.08,0.0,0.0,0.0,0.0,0.0,0.0,0.0,0.0,0.0,0.0,0.0,0.0,0.0,0.0,0.0,0.0,0.0,0.0,0.0,0.0,0.0,0.0,0.0,0.0,1,0,0.0,1.27,0.00,0.00,,20.5,22,27,81.5,358,69,13,16,81.3,5,6,83.3,3,3,100.0,1,1,0,0,2,26,1,0,0,0,2,0,0,0,2,2.54,2,2.54,1,0,0,0,1,0,0,0.00,0,0,0,0,0,0,0,0,0,0,0,0,1,0.0,1,1,0,1,0,0,0,0,0.8,32,0,5,13,14,2,32,1,1,100.0,0,0.0,21,132,38,1,1,1,1,2,25,3,0.0,0.0
Brahim Díaz,"FW,DF",Manchester City,17,5,0,55.0,0.6,0,0,0,0,0,0,0,0,0.5,0.5,0.0,0.5,0.00,0.00,0.00,0.00,0.79,0.00,0.79,0.79,0.0,0.0,0.0,0.0,0.0,0.0,0.0,0.0,0.0,0.0,0.0,0.0,0.0,0.0,0.0,0.0,0.0,0.0,0.0,0.0,0.0,0.0,0.0,0.0,3,1,33.3,4.91,1.64,0.00,0.00,13.8,25,29,86.2,326,45,16,17,94.1,8,10,80.0,0,0,,0,0,0,0,0,29,0,0,0,0,1,0,0,0,2,3.27,2,3.27,0,0,0,1,1,0,0,0.00,0,0,0,0,0,0,1,0,1,0,0,0,0,,0,3,0,3,1,2,0,0,0.6,47,0,6,11,31,9,47,1,1,100.0,0,0.0,35,172,83,3,0,3,4,2,35,15,8000,416000
Bruno,DF,Brighton,36,25,23,2016.0,22.4,0,0,0,0,0,0,3,0,0.1,0.1,0.6,0.7,0.00,0.00,0.00,0.00,0.00,0.03,0.00,0.03,0.0,0.0,0.0,0.0,0.0,0.0,0.0,0.0,0.0,0.0,0.0,0.0,0.0,0.0,0.0,0.0,0.0,0.0,0.0,0.0,0.0,0.0,0.0,0.0,2,1,50.0,0.09,0.04,0.00,0.00,20.8,949,1220,77.8,16949,6723,446,492,90.7,371,460,80.7,116,215,54.0,10,54,12,6,78,1005,208,9,0,9,41,199,0,7,37,1.65,37,1.65,28,4,3,0,2,0,2,0.09,2,0,0,0,0,0,30,17,21,6,3,14,22,63.6,8,17,11,6,38,68,76,0,22.4,1405,101,507,640,268,12,1405,20,15,75.0,5,25.0,641,2367,1262,20,18,5,13,8,821,55,30000,1560000
Bruno Martins Indi,DF,Stoke City,25,17,14,1243.0,13.8,0,0,0,0,0,0,3,0,1.0,1.0,0.1,1.1,0.00,0.00,0.00,0.00,0.07,0.01,0.07,0.08,0.0,0.0,0.0,0.0,0.0,0.0,0.0,0.0,0.0,0.0,0.0,0.0,0.0,0.0,0.0,0.0,0.0,0.0,0.0,0.0,0.0,0.0,0.0,0.0,4,0,0.0,0.29,0.00,0.00,,11.2,290,366,79.2,5879,2046,98,111,88.3,150,181,82.9,41,67,61.2,3,25,3,3,28,343,22,12,0,6,4,10,0,1,5,0.36,5,0.36,5,0,0,0,0,0,1,0.07,1,0,0,0,0,0,21,12,18,3,0,10,19,52.6,9,16,11,5,21,42,77,1,13.8,507,75,240,252,19,5,507,0,0,,0,,215,887,446,2,2,0,4,0,223,4,60000,3120000
Callum Hudson-Odoi,"FW,DF",Chelsea,16,2,0,29.0,0.3,0,0,0,0,0,0,0,0,0.1,0.1,0.0,0.1,0.00,0.00,0.00,0.00,0.25,0.00,0.25,0.25,0.0,0.0,0.0,0.0,0.0,0.0,0.0,0.0,0.0,0.0,0.0,0.0,0.0,0.0,0.0,0.0,0.0,0.0,0.0,0.0,0.0,0.0,0.0,0.0,2,1,50.0,6.21,3.10,0.00,0.00,19.9,12,18,66.7,222,30,5,6,83.3,5,7,71.4,1,3,33.3,0,2,1,0,2,18,0,0,0,2,2,0,0,0,2,6.21,2,6.21,1,0,0,1,0,0,0,0.00,0,0,0,0,0,0,0,0,0,0,0,0,0,,0,0,0,0,0,0,0,0,0.3,24,0,0,13,11,2,24,5,5,100.0,0,0.0,20,199,114,5,2,1,4,0,23,5,400,20800
Callum Wilson,FW,Bournemouth,25,28,23,1981.0,22.0,8,2,10,8,0,0,0,0,7.6,7.6,1.5,9.1,0.36,0.09,0.45,0.36,0.34,0.07,0.34,0.41,0.0,0.0,0.0,0.0,0.0,0.0,0.0,0.0,0.0,0.0,0.0,0.0,0.0,0.0,0.0,0.0,0.0,0.0,0.0,0.0,0.0,0.0,0.0,0.0,53,19,35.8,2.41,0.86,0.15,0.42,13.6,285,413,69.0,3742,826,190,258,73.6,68,97,70.1,11,18,61.1,19,19,16,3,39,380,33,3,3,1,15,5,2,0,47,2.13,47,2.13,32,3,2,5,5,0,7,0.32,6,0,0,0,1,0,9,5,2,6,1,1,14,7.1,13,15,3,12,3,12,15,0,22.0,636,18,57,230,357,108,636,43,17,39.5,26,60.5,398,2018,743,34,10,21,59,47,477,170,30000,1560000
Calum Chambers,DF,Arsenal,22,12,10,866.0,9.6,0,0,0,0,0,0,1,0,1.4,1.4,0.1,1.5,0.00,0.00,0.00,0.00,0.15,0.01,0.15,0.16,0.0,0.0,0.0,0.0,0.0,0.0,0.0,0.0,0.0,0.0,0.0,0.0,0.0,0.0,0.0,0.0,0.0,0.0,0.0,0.0,0.0,0.0,0.0,0.0,10,3,30.0,1.04,0.31,0.00,0.00,13.8,521,630,82.7,9649,3313,203,228,89.0,257,298,86.2,54,84,64.3,2,30,6,1,43,593,35,14,0,7,7,21,0,2,9,0.94,9,0.94,6,1,1,0,0,1,1,0.10,1,0,0,0,0,0,17,10,10,6,1,5,14,35.7,9,14,11,3,18,35,47,0,9.6,759,70,314,377,74,14,759,10,7,70.0,3,30.0,456,2129,1147,11,11,0,9,6,479,20,50000,2600000
Cenk Tosun,FW,Everton,26,14,12,986.0,11.0,5,0,5,5,0,0,0,0,2.8,2.8,1.4,4.2,0.46,0.00,0.46,0.46,0.25,0.13,0.25,0.38,0.0,0.0,0.0,0.0,0.0,0.0,0.0,0.0,0.0,0.0,0.0,0.0,0.0,0.0,0.0,0.0,0.0,0.0,0.0,0.0,0.0,0.0,0.0,0.0,19,8,42.1,1.73,0.73,0.26,0.63,13.3,187,272,68.8,2224,358,114,149,76.5,32,50,64.0,10,17,58.8,15,7,4,1,9,265,5,2,2,1,7,0,1,2,26,2.37,26,2.37,22,1,1,1,1,0,0,0.00,0,0,0,0,0,0,6,3,2,2,2,1,11,9.1,10,9,4,5,1,7,13,0,11.0,376,14,34,145,201,33,376,8,4,50.0,4,50.0,217,728,284,9,11,6,33,12,283,69,60000,3120000
Cesc Fàbregas,MF,Chelsea,30,32,25,2306.0,25.6,2,4,6,2,0,0,6,2,2.4,2.4,6.8,9.2,0.08,0.16,0.23,0.08,0.09,0.26,0.09,0.36,0.0,0.0,0.0,0.0,0.0,0.0,0.0,0.0,0.0,0.0,0.0,0.0,0.0,0.0,0.0,0.0,0.0,0.0,0.0,0.0,0.0,0.0,0.0,0.0,38,10,26.3,1.48,0.39,0.05,0.20,19.2,1873,2351,79.7,33048,13012,845,949,89.0,722,853,84.6,235,401,58.6,89,249,74,8,348,2075,259,102,22,11,140,4,151,17,168,6.56,168,6.56,110,49,2,5,0,2,13,0.51,8,5,0,0,0,0,68,49,30,29,9,18,69,26.1,51,25,4,21,22,90,26,2,25.6,2553,51,401,1288,887,66,2553,24,18,75.0,6,25.0,1481,5986,3227,55,53,6,21,24,1854,135,205654,10694000
Chancel Mbemba,DF,Newcastle Utd,22,9,7,672.0,7.5,0,0,0,0,0,0,0,0,0.0,0.0,0.5,0.5,0.00,0.00,0.00,0.00,0.00,0.06,0.00,0.06,0.0,0.0,0.0,0.0,0.0,0.0,0.0,0.0,0.0,0.0,0.0,0.0,0.0,0.0,0.0,0.0,0.0,0.0,0.0,0.0,0.0,0.0,0.0,0.0,0,0,,0.00,0.00,,,,202,276,73.2,3454,1490,102,120,85.0,81,107,75.7,18,39,46.2,4,11,6,4,21,219,56,1,1,0,7,55,0,1,12,1.61,12,1.61,7,3,2,0,0,0,0,0.00,0,0,0,0,0,0,16,12,13,3,0,10,17,58.8,7,7,3,4,15,31,44,1,7.5,368,35,163,167,43,2,368,11,8,72.7,3,27.3,148,784,430,9,5,1,2,3,150,11,35000,1820000
Charlie Adam,MF,Stoke City,31,11,5,411.0,4.6,0,0,0,0,0,1,2,1,1.6,0.9,1.2,2.1,0.00,0.00,0.00,0.00,0.36,0.27,0.19,0.46,0.0,0.0,0.0,0.0,0.0,0.0,0.0,0.0,0.0,0.0,0.0,0.0,0.0,0.0,0.0,0.0,0.0,0.0,0.0,0.0,0.0,0.0,0.0,0.0,9,2,22.2,1.97,0.44,0.00,0.00,31.5,168,285,58.9,3889,1505,51,66,77.3,72,96,75.0,45,107,42.1,6,28,7,4,30,252,28,14,3,4,30,4,10,5,17,3.72,17,3.72,7,2,3,1,4,0,1,0.22,1,0,0,0,0,0,9,5,2,5,2,5,17,29.4,12,2,0,2,9,18,11,2,4.6,342,9,58,218,76,5,341,12,12,100.0,0,0.0,206,960,436,6,15,2,7,5,211,9,35000,1820000
Charlie Austin,FW,Southampton,28,24,10,1037.0,11.5,7,0,7,6,1,1,2,0,7.1,6.3,0.8,7.1,0.61,0.00,0.61,0.52,0.62,0.07,0.55,0.61,0.0,0.0,0.0,0.0,0.0,0.0,0.0,0.0,0.0,0.0,0.0,0.0,0.0,0.0,0.0,0.0,0.0,0.0,0.0,0.0,0.0,0.0,0.0,0.0,47,24,51.1,4.08,2.08,0.13,0.25,15.0,168,250,67.2,2313,403,98,126,77.8,48,67,71.6,10,21,47.6,4,20,0,0,18,241,6,0,1,0,2,1,0,3,23,1.99,23,1.99,15,0,2,5,1,0,1,0.09,0,0,0,1,0,0,7,5,1,3,3,3,10,30.0,7,15,3,12,1,8,10,0,11.5,383,13,31,180,173,55,382,6,3,50.0,3,50.0,231,726,199,5,3,2,30,19,292,67,70000,3640000
Charlie Daniels,"DF,MF",Bournemouth,30,35,34,3002.0,33.4,1,3,4,1,0,0,0,0,0.6,0.6,2.2,2.8,0.03,0.09,0.12,0.03,0.02,0.06,0.02,0.08,0.0,0.0,0.0,0.0,0.0,0.0,0.0,0.0,0.0,0.0,0.0,0.0,0.0,0.0,0.0,0.0,0.0,0.0,0.0,0.0,0.0,0.0,0.0,0.0,20,6,30.0,0.60,0.18,0.05,0.17,24.8,1510,2024,74.6,25113,9646,778,915,85.0,604,780,77.4,109,253,43.1,30,124,30,7,155,1603,409,57,2,9,106,338,14,12,57,1.71,57,1.71,43,10,0,2,0,2,4,0.12,3,0,0,1,0,0,48,34,32,12,4,22,41,53.7,19,34,7,27,31,79,114,0,33.4,2337,120,746,960,654,29,2337,23,13,56.5,10,43.5,1061,6375,3712,104,72,5,38,16,1314,165,35000,1820000
Charlie Taylor,DF,Burnley,23,11,10,950.0,10.6,0,0,0,0,0,0,3,0,0.0,0.0,0.2,0.2,0.00,0.00,0.00,0.00,0.00,0.02,0.00,0.02,0.0,0.0,0.0,0.0,0.0,0.0,0.0,0.0,0.0,0.0,0.0,0.0,0.0,0.0,0.0,0.0,0.0,0.0,0.0,0.0,0.0,0.0,0.0,0.0,0,0,,0.00,0.00,,,,316,463,68.3,5322,2255,149,178,83.7,134,172,77.9,24,82,29.3,4,15,6,5,23,351,109,1,0,1,26,108,0,3,13,1.23,13,1.23,10,1,1,0,1,0,0,0.00,0,0,0,0,0,0,16,4,9,6,1,7,12,58.3,5,13,5,8,15,31,52,0,10.6,588,50,221,260,112,2,588,18,8,44.4,10,55.6,222,1453,644,19,10,1,10,3,246,21,25000,1300000
Charly Musonda Jr.,FW,Chelsea,20,3,0,37.0,0.4,0,0,0,0,0,0,0,0,0.2,0.2,0.5,0.7,0.00,0.00,0.00,0.00,0.40,1.27,0.40,1.67,0.0,0.0,0.0,0.0,0.0,0.0,0.0,0.0,0.0,0.0,0.0,0.0,0.0,0.0,0.0,0.0,0.0,0.0,0.0,0.0,0.0,0.0,0.0,0.0,2,0,0.0,4.86,0.00,0.00,,20.6,15,18,83.3,228,50,9,9,100.0,3,5,60.0,2,2,100.0,1,2,1,0,1,18,0,0,2,0,0,0,0,0,1,2.43,1,2.43,1,0,0,0,0,0,1,2.43,1,0,0,0,0,0,1,0,0,0,1,1,1,100.0,0,0,0,0,0,1,0,0,0.4,23,1,3,9,11,2,23,1,1,100.0,0,0.0,18,109,52,1,1,0,1,3,22,4,0.0,0.0
Cheikhou Kouyaté,MF,West Ham,27,33,32,2799.0,31.1,2,3,5,2,0,0,5,0,2.7,2.7,1.1,3.8,0.06,0.10,0.16,0.06,0.09,0.04,0.09,0.12,0.0,0.0,0.0,0.0,0.0,0.0,0.0,0.0,0.0,0.0,0.0,0.0,0.0,0.0,0.0,0.0,0.0,0.0,0.0,0.0,0.0,0.0,0.0,0.0,23,4,17.4,0.74,0.13,0.09,0.50,14.2,734,982,74.7,10437,2762,423,521,81.2,240,315,76.2,33,66,50.0,16,56,7,3,66,967,12,4,5,1,17,7,0,3,38,1.22,38,1.22,32,0,0,2,2,2,8,0.26,7,0,0,0,0,1,71,49,43,26,2,23,62,37.1,39,31,11,20,32,103,56,1,31.1,1307,61,316,767,242,40,1307,33,20,60.6,13,39.4,585,3476,1326,27,20,0,50,29,702,64,60000,3120000
Chris Brunt,"MF,DF",West Brom,32,26,22,1920.0,21.3,0,7,7,0,0,0,5,0,1.8,1.8,4.3,6.1,0.00,0.33,0.33,0.00,0.09,0.20,0.09,0.29,0.0,0.0,0.0,0.0,0.0,0.0,0.0,0.0,0.0,0.0,0.0,0.0,0.0,0.0,0.0,0.0,0.0,0.0,0.0,0.0,0.0,0.0,0.0,0.0,25,5,20.0,1.17,0.23,0.00,0.00,26.4,733,1082,67.7,15546,6796,284,328,86.6,274,370,74.1,160,339,47.2,37,98,24,10,100,879,194,57,6,8,139,52,85,9,76,3.56,76,3.56,41,28,3,3,0,1,10,0.47,4,5,0,1,0,0,41,24,19,21,1,11,31,35.5,20,28,4,24,22,63,45,1,21.3,1263,66,313,637,327,13,1263,15,15,100.0,0,0.0,626,2879,1398,24,17,2,14,16,664,37,55000,2860000
Chris Löwe,DF,Huddersfield,28,23,19,1588.0,17.6,0,0,0,0,0,0,1,0,0.4,0.4,0.4,0.7,0.00,0.00,0.00,0.00,0.02,0.02,0.02,0.04,0.0,0.0,0.0,0.0,0.0,0.0,0.0,0.0,0.0,0.0,0.0,0.0,0.0,0.0,0.0,0.0,0.0,0.0,0.0,0.0,0.0,0.0,0.0,0.0,8,2,25.0,0.45,0.11,0.00,0.00,25.3,601,868,69.2,10650,4207,274,316,86.7,249,341,73.0,67,161,41.6,5,46,8,5,55,661,202,16,0,4,73,171,15,5,20,1.13,20,1.13,9,6,0,1,2,2,2,0.11,1,1,0,0,0,0,43,29,26,15,2,20,44,45.5,24,21,8,13,34,77,65,3,17.6,1066,56,352,485,235,2,1066,8,5,62.5,3,37.5,455,2794,1328,34,30,1,12,8,540,49,20000,1040000
Chris Smalling,DF,Manchester Utd,27,29,28,2536.0,28.2,4,0,4,4,0,0,4,0,1.7,1.7,0.2,2.0,0.14,0.00,0.14,0.14,0.06,0.01,0.06,0.07,0.0,0.0,0.0,0.0,0.0,0.0,0.0,0.0,0.0,0.0,0.0,0.0,0.0,0.0,0.0,0.0,0.0,0.0,0.0,0.0,0.0,0.0,0.0,0.0,13,6,46.2,0.46,0.21,0.31,0.67,8.5,998,1140,87.5,19226,5423,280,309,90.6,598,647,92.4,94,135,69.6,2,25,2,0,37,1122,17,15,0,2,0,2,0,1,7,0.25,7,0.25,7,0,0,0,0,0,0,0.00,0,0,0,0,0,0,40,25,28,12,0,16,28,57.1,12,32,28,4,63,103,162,1,28.2,1482,175,827,612,48,23,1482,3,3,100.0,0,0.0,694,3125,1488,5,12,1,6,2,823,8,70000,3640000
Chris Wood,FW,Burnley,25,24,20,1624.0,18.0,10,1,11,10,0,0,1,0,7.0,7.0,0.6,7.6,0.55,0.06,0.61,0.55,0.39,0.03,0.39,0.42,0.0,0.0,0.0,0.0,0.0,0.0,0.0,0.0,0.0,0.0,0.0,0.0,0.0,0.0,0.0,0.0,0.0,0.0,0.0,0.0,0.0,0.0,0.0,0.0,39,24,61.5,2.16,1.33,0.26,0.42,12.3,250,424,59.0,3088,437,165,243,67.9,56,107,52.3,8,14,57.1,11,10,3,0,16,417,3,0,1,2,5,0,0,4,29,1.61,29,1.61,21,0,3,2,3,0,3,0.17,1,0,0,2,0,0,7,3,2,3,2,3,13,23.1,10,12,4,8,0,7,16,0,18.0,595,20,42,249,307,70,595,10,6,60.0,4,40.0,329,1177,318,15,11,11,57,35,502,117,35000,1820000
Christian Atsu,"FW,MF",Newcastle Utd,25,28,19,1784.0,19.8,2,2,4,2,0,0,1,0,4.0,4.0,2.6,6.7,0.10,0.10,0.20,0.10,0.20,0.13,0.20,0.34,0.0,0.0,0.0,0.0,0.0,0.0,0.0,0.0,0.0,0.0,0.0,0.0,0.0,0.0,0.0,0.0,0.0,0.0,0.0,0.0,0.0,0.0,0.0,0.0,35,12,34.3,1.77,0.61,0.06,0.17,17.4,359,513,70.0,4775,1436,220,256,85.9,95,148,64.2,14,38,36.8,25,21,16,3,47,497,15,4,1,1,57,7,4,1,54,2.72,54,2.72,38,1,8,1,5,1,6,0.30,3,0,1,1,1,0,17,16,10,7,0,7,20,35.0,13,35,5,30,13,30,27,1,19.8,761,25,146,296,338,62,761,65,28,43.1,37,56.9,483,3786,1894,70,49,22,37,38,493,125,30000,1560000
Christian Benteke,FW,Crystal Palace,26,31,24,2240.0,24.9,3,5,8,2,1,2,6,0,10.2,8.6,2.9,11.5,0.12,0.20,0.32,0.08,0.41,0.12,0.34,0.46,0.0,0.0,0.0,0.0,0.0,0.0,0.0,0.0,0.0,0.0,0.0,0.0,0.0,0.0,0.0,0.0,0.0,0.0,0.0,0.0,0.0,0.0,0.0,0.0,58,17,29.3,2.33,0.68,0.03,0.12,12.5,379,675,56.1,4993,1074,243,394,61.7,96,195,49.2,18,32,56.3,28,35,12,0,42,639,36,0,3,0,3,0,0,0,68,2.73,68,2.73,43,0,5,12,8,0,13,0.52,8,0,1,1,3,0,11,4,3,7,1,2,17,11.8,15,15,3,12,3,14,44,0,24.9,952,50,81,462,414,129,950,26,16,61.5,10,38.5,497,2123,661,18,22,14,86,32,737,133,120000,6240000
Christian Eriksen,"MF,FW",Tottenham,25,37,37,3218.0,35.8,10,10,20,10,0,0,0,0,7.0,7.0,11.6,18.6,0.28,0.28,0.56,0.28,0.20,0.32,0.20,0.52,0.0,0.0,0.0,0.0,0.0,0.0,0.0,0.0,0.0,0.0,0.0,0.0,0.0,0.0,0.0,0.0,0.0,0.0,0.0,0.0,0.0,0.0,0.0,0.0,97,39,40.2,2.71,1.09,0.10,0.26,23.0,1919,2509,76.5,35000,9566,820,947,86.6,838,1042,80.4,226,398,56.8,95,264,66,8,333,2221,270,105,24,28,222,11,125,18,181,5.06,181,5.06,129,33,6,11,2,0,15,0.42,10,4,0,1,0,0,51,29,16,30,5,17,59,28.8,42,38,1,37,31,82,21,0,35.8,2863,19,189,1472,1225,93,2863,53,29,54.7,24,45.3,1604,8387,3836,83,103,11,75,72,2081,237,75000,3900000
Christian Fuchs,DF,Leicester City,31,25,21,1921.0,21.3,0,1,1,0,0,0,1,0,0.5,0.5,1.2,1.7,0.00,0.05,0.05,0.00,0.03,0.05,0.03,0.08,0.0,0.0,0.0,0.0,0.0,0.0,0.0,0.0,0.0,0.0,0.0,0.0,0.0,0.0,0.0,0.0,0.0,0.0,0.0,0.0,0.0,0.0,0.0,0.0,11,0,0.0,0.52,0.00,0.00,,24.9,842,1226,68.7,14611,6387,406,480,84.6,313,429,73.0,103,248,41.5,18,77,15,9,85,939,279,14,1,8,71,251,13,8,40,1.87,40,1.87,21,15,0,3,0,1,4,0.19,3,1,0,0,0,0,41,27,25,12,4,14,40,35.0,26,23,3,20,58,99,86,0,21.3,1466,93,431,702,346,4,1466,15,9,60.0,6,40.0,611,2931,1590,28,32,0,9,10,716,56,50000,2600000
Christian Kabasele,DF,Watford,26,28,27,2330.0,25.9,2,0,2,2,0,0,5,0,0.7,0.7,0.1,0.9,0.08,0.00,0.08,0.08,0.03,0.01,0.03,0.03,0.0,0.0,0.0,0.0,0.0,0.0,0.0,0.0,0.0,0.0,0.0,0.0,0.0,0.0,0.0,0.0,0.0,0.0,0.0,0.0,0.0,0.0,0.0,0.0,10,5,50.0,0.39,0.19,0.20,0.40,10.7,677,910,74.4,13472,6282,227,278,81.7,352,425,82.8,88,180,48.9,3,46,5,0,74,876,30,28,0,10,1,2,0,4,13,0.50,13,0.50,12,1,0,0,0,0,2,0.08,2,0,0,0,0,0,42,25,28,14,0,21,36,58.3,15,37,23,14,34,76,185,0,25.9,1232,193,648,553,37,26,1232,3,3,100.0,0,0.0,619,2913,1537,10,4,1,8,3,619,7,30000,1560000
Christopher Schindler,DF,Huddersfield,27,37,37,3265.0,36.3,0,1,1,0,0,0,8,1,1.1,1.1,2.3,3.4,0.00,0.03,0.03,0.00,0.03,0.06,0.03,0.09,0.0,0.0,0.0,0.0,0.0,0.0,0.0,0.0,0.0,0.0,0.0,0.0,0.0,0.0,0.0,0.0,0.0,0.0,0.0,0.0,0.0,0.0,0.0,0.0,10,0,0.0,0.28,0.00,0.00,,8.7,1133,1401,80.9,22466,7583,363,416,87.3,622,714,87.1,137,237,57.8,9,54,0,0,80,1359,38,34,0,7,4,4,0,4,16,0.44,16,0.44,13,0,0,1,0,2,1,0.03,1,0,0,0,0,0,83,61,56,27,0,24,41,58.5,17,54,30,24,75,158,275,1,36.3,1923,217,1074,796,63,33,1923,2,2,100.0,0,0.0,781,3472,1592,11,11,1,9,1,934,6,25000,1300000
Ciaran Clark,DF,Newcastle Utd,27,20,19,1746.0,19.4,2,1,3,2,0,0,3,0,1.7,1.7,0.7,2.5,0.10,0.05,0.15,0.10,0.09,0.04,0.09,0.13,0.0,0.0,0.0,0.0,0.0,0.0,0.0,0.0,0.0,0.0,0.0,0.0,0.0,0.0,0.0,0.0,0.0,0.0,0.0,0.0,0.0,0.0,0.0,0.0,11,3,27.3,0.57,0.15,0.18,0.67,8.7,511,715,71.5,10211,4380,171,199,85.9,251,308,81.5,71,176,40.3,4,43,3,0,29,680,31,21,1,3,2,10,0,4,14,0.72,14,0.72,10,2,0,0,1,1,1,0.05,1,0,0,0,0,0,25,17,17,8,0,11,21,52.4,10,15,10,5,17,42,144,1,19.4,952,152,550,355,50,24,952,5,4,80.0,1,20.0,449,2177,1236,12,7,1,7,2,465,3,35000,1820000
Claudio Bravo,GK,Manchester City,34,3,2,226.0,2.5,0,0,0,0,0,0,0,0,0.0,0.0,0.0,0.0,0.00,0.00,0.00,0.00,0.00,0.00,0.00,0.00,0.40,5,4,80.0,2,100.0,1.6,0.31,4,9,44.4,61,16,6.6,25.3,10,50.0,39.5,21,2,9.5,3,1.19,15.4,0,0,,0.00,0.00,,,,64,71,90.1,1601,1126,4,4,100.0,43,44,97.7,17,23,73.9,0,0,0,0,0,56,15,5,0,0,0,0,0,0,0,0.00,0,0.00,0,0,0,0,0,0,0,0.00,0,0,0,0,0,0,0,0,0,0,0,0,1,0.0,1,0,0,0,0,0,0,0,2.5,72,60,72,0,0,0,72,0,0,,0,,52,258,175,0,0,0,0,0,37,0,115000,5980000
Claudio Yacob,MF,West Brom,30,16,9,903.0,10.0,0,0,0,0,0,0,5,0,0.5,0.5,0.0,0.5,0.00,0.00,0.00,0.00,0.05,0.00,0.05,0.05,0.0,0.0,0.0,0.0,0.0,0.0,0.0,0.0,0.0,0.0,0.0,0.0,0.0,0.0,0.0,0.0,0.0,0.0,0.0,0.0,0.0,0.0,0.0,0.0,8,1,12.5,0.80,0.10,0.00,0.00,16.7,312,374,83.4,5511,1591,130,146,89.0,152,174,87.4,25,44,56.8,1,34,0,0,28,369,5,3,0,2,0,0,0,0,6,0.60,6,0.60,5,0,0,0,1,0,1,0.10,1,0,0,0,0,0,36,27,23,13,0,13,27,48.1,14,14,6,8,16,52,25,2,10.0,486,44,161,288,42,6,486,2,2,100.0,0,0.0,230,846,445,2,1,0,10,6,244,3,60000,3120000
Collin Quaner,"FW,MF",Huddersfield,26,26,13,1280.0,14.2,0,4,4,0,0,0,4,0,1.4,1.4,2.5,3.9,0.00,0.28,0.28,0.00,0.10,0.18,0.10,0.28,0.0,0.0,0.0,0.0,0.0,0.0,0.0,0.0,0.0,0.0,0.0,0.0,0.0,0.0,0.0,0.0,0.0,0.0,0.0,0.0,0.0,0.0,0.0,0.0,16,2,12.5,1.13,0.14,0.00,0.00,15.8,319,449,71.0,4115,1105,202,261,77.4,89,122,73.0,5,22,22.7,17,26,7,3,44,442,5,1,0,1,22,3,1,2,39,2.74,39,2.74,27,1,5,3,3,0,5,0.35,4,0,0,1,0,0,22,15,8,8,6,9,26,34.6,17,24,4,20,11,33,15,0,14.2,631,21,92,263,287,57,631,42,23,54.8,19,45.2,392,2568,1529,56,30,30,37,34,418,85,15596,811000
Connor Goldson,DF,Brighton,24,3,2,200.0,2.2,0,0,0,0,0,0,1,0,0.2,0.2,0.0,0.2,0.00,0.00,0.00,0.00,0.10,0.00,0.10,0.10,0.0,0.0,0.0,0.0,0.0,0.0,0.0,0.0,0.0,0.0,0.0,0.0,0.0,0.0,0.0,0.0,0.0,0.0,0.0,0.0,0.0,0.0,0.0,0.0,3,1,33.3,1.35,0.45,0.00,0.00,7.2,63,86,73.3,1270,512,21,25,84.0,29,37,78.4,12,21,57.1,0,6,0,0,3,80,6,4,1,0,1,2,0,0,1,0.45,1,0.45,1,0,0,0,0,0,0,0.00,0,0,0,0,0,0,2,2,1,1,0,1,4,25.0,3,3,3,0,1,3,9,0,2.2,107,13,55,48,4,3,107,0,0,,0,,49,253,169,1,0,0,0,0,52,0,20192,1050000
Connor Roberts,DF,Swansea City,21,4,3,268.0,3.0,0,0,0,0,0,0,0,0,0.0,0.0,0.0,0.0,0.00,0.00,0.00,0.00,0.00,0.00,0.00,0.00,0.0,0.0,0.0,0.0,0.0,0.0,0.0,0.0,0.0,0.0,0.0,0.0,0.0,0.0,0.0,0.0,0.0,0.0,0.0,0.0,0.0,0.0,0.0,0.0,0,0,,0.00,0.00,,,,131,181,72.4,2076,533,70,80,87.5,45,61,73.8,11,25,44.0,0,6,2,0,11,147,33,1,0,0,13,32,0,1,3,1.01,3,1.01,3,0,0,0,0,0,0,0.00,0,0,0,0,0,0,6,4,5,1,0,3,3,100.0,0,2,0,2,3,9,6,0,3.0,200,6,42,80,80,1,200,0,0,,0,,90,346,183,3,1,0,0,0,116,10,5000,260000
Craig Cathcart,DF,Watford,28,7,5,523.0,5.8,0,0,0,0,0,0,1,0,0.1,0.1,0.0,0.1,0.00,0.00,0.00,0.00,0.02,0.00,0.02,0.02,0.0,0.0,0.0,0.0,0.0,0.0,0.0,0.0,0.0,0.0,0.0,0.0,0.0,0.0,0.0,0.0,0.0,0.0,0.0,0.0,0.0,0.0,0.0,0.0,2,1,50.0,0.34,0.17,0.00,0.00,10.1,143,186,76.9,3103,1225,43,48,89.6,75,88,85.2,24,45,53.3,0,8,1,0,11,181,4,4,0,5,0,0,0,1,5,0.91,5,0.91,4,0,0,1,0,0,0,0.00,0,0,0,0,0,0,8,5,5,3,0,4,5,80.0,1,8,6,2,3,11,38,0,5.8,245,38,127,117,4,3,245,2,1,50.0,1,50.0,124,523,279,2,0,0,0,0,125,0,18000,936000
Craig Dawson,DF,West Brom,27,28,28,2510.0,27.9,2,0,2,2,0,0,6,0,2.3,2.3,1.2,3.5,0.07,0.00,0.07,0.07,0.08,0.04,0.08,0.13,0.0,0.0,0.0,0.0,0.0,0.0,0.0,0.0,0.0,0.0,0.0,0.0,0.0,0.0,0.0,0.0,0.0,0.0,0.0,0.0,0.0,0.0,0.0,0.0,16,4,25.0,0.57,0.14,0.13,0.50,10.1,765,1114,68.7,14860,7328,314,385,81.6,318,420,75.7,117,253,46.2,10,79,19,14,83,938,168,10,0,8,42,158,0,8,31,1.11,31,1.11,21,1,0,6,3,0,2,0.07,1,0,0,1,0,0,38,28,25,7,6,13,36,36.1,23,39,26,13,52,90,140,0,27.9,1443,164,632,603,213,49,1443,13,8,61.5,5,38.5,575,2846,1578,18,18,3,10,8,638,20,50000,2600000
Cuco Martina,DF,Everton,27,21,20,1830.0,20.3,0,2,2,0,0,0,2,0,0.1,0.1,1.4,1.5,0.00,0.10,0.10,0.00,0.00,0.07,0.00,0.07,0.0,0.0,0.0,0.0,0.0,0.0,0.0,0.0,0.0,0.0,0.0,0.0,0.0,0.0,0.0,0.0,0.0,0.0,0.0,0.0,0.0,0.0,0.0,0.0,2,1,50.0,0.10,0.05,0.00,0.00,17.8,792,1040,76.2,12947,5506,410,450,91.1,289,385,75.1,72,158,45.6,13,50,23,14,68,813,226,12,1,2,45,214,0,1,28,1.38,28,1.38,22,2,1,0,2,1,4,0.20,2,0,1,0,0,1,61,35,38,15,8,27,46,58.7,19,17,4,13,42,103,130,2,20.3,1308,92,468,565,281,8,1308,4,2,50.0,2,50.0,505,2163,1191,28,15,0,11,9,598,74,35000,1820000
Cédric Soares,DF,Southampton,25,32,32,2794.0,31.0,0,3,3,0,0,0,3,0,0.7,0.7,3.1,3.9,0.00,0.10,0.10,0.00,0.02,0.10,0.02,0.12,0.0,0.0,0.0,0.0,0.0,0.0,0.0,0.0,0.0,0.0,0.0,0.0,0.0,0.0,0.0,0.0,0.0,0.0,0.0,0.0,0.0,0.0,0.0,0.0,23,4,17.4,0.74,0.13,0.00,0.00,24.9,1273,1760,72.3,20179,8020,740,816,90.7,396,549,72.1,113,307,36.8,24,108,37,24,139,1381,374,31,2,19,137,343,0,5,56,1.80,56,1.80,50,4,1,1,0,0,4,0.13,3,0,1,0,0,0,54,34,40,10,4,22,31,71.0,9,32,8,24,24,78,109,2,31.0,2084,114,549,932,610,25,2084,14,7,50.0,7,50.0,1100,4822,2273,52,41,2,34,21,1166,151,0.0,0.0
César Azpilicueta,DF,Chelsea,27,37,37,3330.0,37.0,2,6,8,2,0,0,1,0,1.3,1.3,4.8,6.1,0.05,0.16,0.22,0.05,0.03,0.13,0.03,0.16,0.0,0.0,0.0,0.0,0.0,0.0,0.0,0.0,0.0,0.0,0.0,0.0,0.0,0.0,0.0,0.0,0.0,0.0,0.0,0.0,0.0,0.0,0.0,0.0,13,3,23.1,0.35,0.08,0.15,0.67,19.4,2469,2924,84.4,42480,14966,1110,1198,92.7,1120,1277,87.7,187,340,55.0,31,215,38,14,240,2789,122,51,10,22,80,71,0,13,61,1.65,61,1.65,58,0,1,1,0,1,8,0.22,8,0,0,0,0,0,80,59,47,26,7,27,54,50.0,27,48,22,26,54,134,135,1,37.0,3278,218,1198,1596,494,25,3278,9,6,66.7,3,33.3,1959,8806,5822,61,61,3,17,7,2273,81,90000,4680000
Dale Stephens,MF,Brighton,28,36,36,3240.0,36.0,0,3,3,0,0,0,6,0,1.2,1.2,2.3,3.5,0.00,0.08,0.08,0.00,0.03,0.06,0.03,0.10,0.0,0.0,0.0,0.0,0.0,0.0,0.0,0.0,0.0,0.0,0.0,0.0,0.0,0.0,0.0,0.0,0.0,0.0,0.0,0.0,0.0,0.0,0.0,0.0,19,2,10.5,0.53,0.06,0.00,0.00,23.0,1472,1763,83.5,29027,8748,517,594,87.0,685,785,87.3,232,314,73.9,17,164,13,0,191,1726,31,9,3,27,0,0,0,6,47,1.31,47,1.31,43,0,0,3,0,1,3,0.08,2,0,0,1,0,0,104,62,63,39,2,32,114,28.1,82,53,16,37,63,167,69,1,36.0,2097,111,603,1311,205,20,2097,23,18,78.3,5,21.7,1099,5914,2669,31,28,2,28,18,1296,13,30000,1560000
Daley Blind,"DF,MF",Manchester Utd,27,7,4,362.0,4.0,0,0,0,0,0,0,0,0,0.1,0.1,0.2,0.3,0.00,0.00,0.00,0.00,0.02,0.05,0.02,0.07,0.0,0.0,0.0,0.0,0.0,0.0,0.0,0.0,0.0,0.0,0.0,0.0,0.0,0.0,0.0,0.0,0.0,0.0,0.0,0.0,0.0,0.0,0.0,0.0,3,0,0.0,0.75,0.00,0.00,,21.2,220,274,80.3,3520,1332,120,132,90.9,74,92,80.4,22,43,51.2,4,18,7,3,23,234,40,1,0,0,26,24,15,0,14,3.48,14,3.48,10,2,0,0,1,1,0,0.00,0,0,0,0,0,0,6,4,3,2,1,2,7,28.6,5,3,0,3,7,13,14,0,4.0,316,14,52,170,96,2,316,2,1,50.0,1,50.0,163,698,390,9,5,0,4,3,199,22,75000,3900000
Damien Delaney,DF,Crystal Palace,36,2,1,96.0,1.1,0,0,0,0,0,0,0,0,0.0,0.0,0.0,0.0,0.00,0.00,0.00,0.00,0.00,0.00,0.00,0.00,0.0,0.0,0.0,0.0,0.0,0.0,0.0,0.0,0.0,0.0,0.0,0.0,0.0,0.0,0.0,0.0,0.0,0.0,0.0,0.0,0.0,0.0,0.0,0.0,0,0,,0.00,0.00,,,,30,38,78.9,517,401,15,15,100.0,10,13,76.9,3,7,42.9,0,1,0,0,0,37,1,1,0,0,0,0,0,0,0,0.00,0,0.00,0,0,0,0,0,0,0,0.00,0,0,0,0,0,0,2,1,2,0,0,1,1,100.0,0,5,4,1,3,5,7,0,1.1,57,12,42,15,1,0,57,1,1,100.0,0,0.0,33,104,25,0,0,0,1,0,28,0,25000,1300000
Dan Gosling,MF,Bournemouth,27,28,21,1947.0,21.6,2,1,3,2,0,0,8,0,2.1,2.1,0.9,3.0,0.09,0.05,0.14,0.09,0.10,0.04,0.10,0.14,0.0,0.0,0.0,0.0,0.0,0.0,0.0,0.0,0.0,0.0,0.0,0.0,0.0,0.0,0.0,0.0,0.0,0.0,0.0,0.0,0.0,0.0,0.0,0.0,22,8,36.4,1.02,0.37,0.09,0.25,16.3,825,1074,76.8,14011,4628,387,476,81.3,345,427,80.8,75,120,62.5,17,104,14,1,134,1040,31,17,1,6,6,3,1,3,46,2.13,46,2.13,36,0,4,3,2,1,1,0.05,1,0,0,0,0,0,50,25,19,26,5,19,68,27.9,49,36,8,28,25,75,35,0,21.6,1313,61,300,805,216,24,1313,24,18,75.0,6,25.0,578,2602,1164,18,18,4,34,31,761,25,35000,1820000
Daniel Amartey,DF,Leicester City,22,8,6,487.0,5.4,0,0,0,0,0,0,2,1,0.0,0.0,0.0,0.0,0.00,0.00,0.00,0.00,0.00,0.00,0.00,0.00,0.0,0.0,0.0,0.0,0.0,0.0,0.0,0.0,0.0,0.0,0.0,0.0,0.0,0.0,0.0,0.0,0.0,0.0,0.0,0.0,0.0,0.0,0.0,0.0,0,0,,0.00,0.00,,,,239,310,77.1,3859,1555,129,142,90.8,83,109,76.1,20,45,44.4,0,14,0,0,14,249,61,1,0,2,0,60,0,0,2,0.37,2,0.37,0,1,0,0,1,0,1,0.18,0,1,0,0,0,0,8,4,7,1,0,3,7,42.9,4,7,3,4,7,15,21,1,5.4,362,24,129,189,46,0,362,5,4,80.0,1,20.0,157,858,432,5,6,0,3,4,192,4,20000,1040000
Daniel Sturridge,FW,West Brom,27,6,2,118.0,1.3,0,0,0,0,0,0,0,0,0.1,0.1,0.2,0.4,0.00,0.00,0.00,0.00,0.10,0.17,0.10,0.27,0.0,0.0,0.0,0.0,0.0,0.0,0.0,0.0,0.0,0.0,0.0,0.0,0.0,0.0,0.0,0.0,0.0,0.0,0.0,0.0,0.0,0.0,0.0,0.0,3,0,0.0,2.29,0.00,0.00,,19.0,23,33,69.7,388,148,13,18,72.2,7,9,77.8,3,5,60.0,3,4,2,0,6,30,3,0,1,0,2,0,0,0,5,3.81,5,3.81,4,0,0,1,0,0,1,0.76,1,0,0,0,0,0,0,0,0,0,0,0,0,,0,0,0,0,0,0,0,0,1.3,46,0,0,25,21,6,46,5,3,60.0,2,40.0,33,186,86,3,2,0,6,0,37,8,130000,6760000
Daniel Sturridge,FW,Liverpool,27,9,5,431.0,4.8,2,1,3,2,0,0,0,0,2.3,2.3,0.8,3.2,0.42,0.21,0.63,0.42,0.49,0.17,0.49,0.66,0.0,0.0,0.0,0.0,0.0,0.0,0.0,0.0,0.0,0.0,0.0,0.0,0.0,0.0,0.0,0.0,0.0,0.0,0.0,0.0,0.0,0.0,0.0,0.0,3,0,0.0,2.29,0.00,0.00,,19.0,23,33,69.7,388,148,13,18,72.2,7,9,77.8,3,5,60.0,3,4,2,0,6,30,3,0,1,0,2,0,0,0,5,3.81,5,3.81,4,0,0,1,0,0,1,0.76,1,0,0,0,0,0,0,0,0,0,0,0,0,,0,0,0,0,0,0,0,0,1.3,46,0,0,25,21,6,46,5,3,60.0,2,40.0,33,186,86,3,2,0,6,0,37,8,130000,6760000
Danilo,DF,Manchester City,26,23,13,1349.0,15.0,3,2,5,3,0,0,2,0,1.1,1.1,0.2,1.3,0.20,0.13,0.33,0.20,0.07,0.01,0.07,0.09,0.0,0.0,0.0,0.0,0.0,0.0,0.0,0.0,0.0,0.0,0.0,0.0,0.0,0.0,0.0,0.0,0.0,0.0,0.0,0.0,0.0,0.0,0.0,0.0,19,7,36.8,1.27,0.47,0.16,0.43,23.4,1106,1255,88.1,17501,4137,581,613,94.8,437,484,90.3,62,102,60.8,5,79,14,1,89,1126,125,9,2,8,24,116,0,4,24,1.60,24,1.60,19,0,0,1,1,3,2,0.13,1,0,0,0,0,1,43,29,25,12,6,19,35,54.3,16,15,6,9,19,62,33,0,15.0,1422,32,283,799,345,29,1422,13,8,61.5,5,38.5,834,3547,2087,40,35,6,14,4,1038,74,80000,4160000
Danny Drinkwater,MF,Chelsea,27,12,5,527.0,5.9,1,0,1,1,0,0,0,0,0.2,0.2,0.3,0.5,0.17,0.00,0.17,0.17,0.03,0.05,0.03,0.08,0.0,0.0,0.0,0.0,0.0,0.0,0.0,0.0,0.0,0.0,0.0,0.0,0.0,0.0,0.0,0.0,0.0,0.0,0.0,0.0,0.0,0.0,0.0,0.0,6,2,33.3,1.02,0.34,0.17,0.50,22.7,331,389,85.1,5287,1189,173,192,90.1,119,133,89.5,28,36,77.8,5,39,3,0,32,384,3,3,3,6,2,0,0,2,13,2.22,13,2.22,11,0,1,1,0,0,0,0.00,0,0,0,0,0,0,15,10,6,8,1,3,17,17.6,14,10,2,8,8,23,7,0,5.9,446,10,79,281,88,7,446,4,3,75.0,1,25.0,256,1088,368,3,5,0,3,2,338,28,100000,5200000
Danny Ings,FW,Liverpool,25,8,3,267.0,3.0,1,0,1,1,0,0,0,0,1.1,1.1,0.1,1.3,0.34,0.00,0.34,0.34,0.38,0.05,0.38,0.42,0.0,0.0,0.0,0.0,0.0,0.0,0.0,0.0,0.0,0.0,0.0,0.0,0.0,0.0,0.0,0.0,0.0,0.0,0.0,0.0,0.0,0.0,0.0,0.0,8,5,62.5,2.70,1.69,0.13,0.20,11.8,47,79,59.5,719,124,25,35,71.4,13,21,61.9,5,7,71.4,3,3,3,0,9,78,1,1,0,1,3,0,0,0,7,2.36,7,2.36,4,0,1,1,0,1,1,0.34,0,0,0,1,0,0,5,3,1,3,1,0,0,,0,4,0,4,2,7,1,0,3.0,118,3,11,43,65,20,118,4,1,25.0,3,75.0,69,246,66,2,2,1,11,6,87,23,75000,3900000
Danny Rose,DF,Tottenham,27,10,9,800.0,8.9,0,1,1,0,0,0,4,0,0.6,0.6,0.6,1.2,0.00,0.11,0.11,0.00,0.07,0.07,0.07,0.14,0.0,0.0,0.0,0.0,0.0,0.0,0.0,0.0,0.0,0.0,0.0,0.0,0.0,0.0,0.0,0.0,0.0,0.0,0.0,0.0,0.0,0.0,0.0,0.0,7,1,14.3,0.79,0.11,0.00,0.00,18.7,401,535,75.0,7367,3021,163,196,83.2,187,237,78.9,43,80,53.8,10,36,17,5,56,407,127,13,0,3,57,99,15,1,31,3.49,31,3.49,19,2,2,2,5,1,5,0.56,2,0,0,1,2,0,15,11,6,7,2,8,15,53.3,7,12,6,6,9,24,15,0,8.9,645,20,137,261,251,23,645,29,11,37.9,18,62.1,269,1787,1033,36,20,5,14,8,369,77,60000,3120000
Danny Simpson,DF,Leicester City,30,28,27,2306.0,25.6,0,0,0,0,0,0,4,0,0.2,0.2,0.1,0.3,0.00,0.00,0.00,0.00,0.01,0.01,0.01,0.01,0.0,0.0,0.0,0.0,0.0,0.0,0.0,0.0,0.0,0.0,0.0,0.0,0.0,0.0,0.0,0.0,0.0,0.0,0.0,0.0,0.0,0.0,0.0,0.0,3,1,33.3,0.12,0.04,0.00,0.00,10.4,898,1195,75.1,14466,5625,456,521,87.5,332,440,75.5,75,160,46.9,4,57,7,5,54,905,288,22,2,6,23,266,0,2,15,0.59,15,0.59,11,3,0,1,0,0,0,0.00,0,0,0,0,0,0,38,22,31,6,1,22,45,48.9,23,31,19,12,34,72,132,1,25.6,1475,131,556,687,239,10,1475,17,10,58.8,7,41.2,523,2139,826,11,10,1,14,11,659,47,45000,2340000
Danny Welbeck,"FW,MF",Arsenal,26,28,12,1194.0,13.3,5,2,7,5,0,0,1,0,5.5,5.5,1.4,7.0,0.38,0.15,0.53,0.38,0.42,0.11,0.42,0.52,0.0,0.0,0.0,0.0,0.0,0.0,0.0,0.0,0.0,0.0,0.0,0.0,0.0,0.0,0.0,0.0,0.0,0.0,0.0,0.0,0.0,0.0,0.0,0.0,32,13,40.6,2.41,0.98,0.16,0.38,14.5,315,396,79.5,3792,545,213,251,84.9,78,99,78.8,2,6,33.3,13,7,9,0,23,390,6,0,2,0,2,2,0,0,42,3.17,42,3.17,27,0,3,4,8,0,5,0.38,4,0,0,0,1,0,20,13,9,5,6,4,12,33.3,8,22,1,21,11,31,13,0,13.3,548,21,51,205,297,59,548,23,14,60.9,9,39.1,378,2180,848,30,20,21,30,25,432,117,125000,6500000
Danny Williams,MF,Huddersfield,28,20,11,1124.0,12.5,0,0,0,0,0,0,2,0,0.4,0.4,0.2,0.6,0.00,0.00,0.00,0.00,0.03,0.02,0.03,0.05,0.0,0.0,0.0,0.0,0.0,0.0,0.0,0.0,0.0,0.0,0.0,0.0,0.0,0.0,0.0,0.0,0.0,0.0,0.0,0.0,0.0,0.0,0.0,0.0,12,2,16.7,0.96,0.16,0.00,0.00,24.8,322,426,75.6,5595,1143,140,156,89.7,143,183,78.1,29,58,50.0,4,29,4,2,27,415,9,7,3,4,8,2,0,2,12,0.96,12,0.96,9,0,0,1,1,1,1,0.08,1,0,0,0,0,0,23,14,13,9,1,7,22,31.8,15,12,2,10,26,49,27,0,12.5,564,32,167,305,106,7,564,13,10,76.9,3,23.1,298,1970,847,17,18,2,21,10,299,16,30000,1560000
Darren Fletcher,MF,Stoke City,33,27,25,2219.0,24.7,1,1,2,1,0,0,0,0,0.4,0.4,1.6,1.9,0.04,0.04,0.08,0.04,0.01,0.06,0.01,0.08,0.0,0.0,0.0,0.0,0.0,0.0,0.0,0.0,0.0,0.0,0.0,0.0,0.0,0.0,0.0,0.0,0.0,0.0,0.0,0.0,0.0,0.0,0.0,0.0,11,2,18.2,0.45,0.08,0.09,0.50,25.8,843,1105,76.3,16453,5280,309,374,82.6,362,420,86.2,138,241,57.3,23,77,18,3,100,1042,59,23,6,19,49,4,26,4,48,1.95,48,1.95,35,6,1,3,1,2,4,0.16,2,1,0,1,0,0,47,26,23,20,4,15,55,27.3,40,13,3,10,26,73,33,3,24.7,1284,55,250,865,187,6,1284,22,15,68.2,7,31.8,728,3242,1217,16,15,1,24,18,796,20,55000,2860000
Daryl Janmaat,DF,Watford,28,23,21,1820.0,20.2,3,0,3,3,0,0,3,0,1.8,1.8,1.0,2.8,0.15,0.00,0.15,0.15,0.09,0.05,0.09,0.14,0.0,0.0,0.0,0.0,0.0,0.0,0.0,0.0,0.0,0.0,0.0,0.0,0.0,0.0,0.0,0.0,0.0,0.0,0.0,0.0,0.0,0.0,0.0,0.0,24,10,41.7,1.19,0.49,0.13,0.30,20.3,750,1041,72.0,12214,5462,416,470,88.5,237,355,66.8,79,173,45.7,12,83,29,15,107,834,202,2,0,7,68,200,0,5,30,1.48,30,1.48,23,0,2,4,0,1,4,0.20,1,0,1,2,0,0,46,31,29,10,7,22,52,42.3,30,16,5,11,33,79,61,0,20.2,1264,76,373,587,313,21,1264,22,10,45.5,12,54.5,565,2345,1272,29,27,3,13,9,640,55,45000,2340000
David Luiz,"DF,MF",Chelsea,30,10,9,840.0,9.3,1,0,1,1,0,0,4,1,0.9,0.9,0.0,1.0,0.11,0.00,0.11,0.11,0.10,0.00,0.10,0.10,0.0,0.0,0.0,0.0,0.0,0.0,0.0,0.0,0.0,0.0,0.0,0.0,0.0,0.0,0.0,0.0,0.0,0.0,0.0,0.0,0.0,0.0,0.0,0.0,11,4,36.4,1.18,0.43,0.09,0.25,22.7,420,495,84.8,8848,2964,124,135,91.9,209,227,92.1,78,116,67.2,1,37,3,0,31,472,21,21,0,5,1,0,0,2,7,0.75,7,0.75,6,0,0,0,1,0,3,0.32,2,0,0,0,1,0,18,11,13,4,1,11,21,52.4,10,9,5,4,24,42,45,2,9.3,605,56,300,287,29,3,605,5,3,60.0,2,40.0,399,2540,1505,19,6,0,7,4,396,4,124808,6490000
David Ospina,GK,Arsenal,28,5,4,381.0,4.2,0,0,0,0,0,0,0,0,0.0,0.0,0.0,0.0,0.00,0.00,0.00,0.00,0.00,0.00,0.00,0.00,0.71,12,9,75.0,2,50.0,2.5,0.21,15,46,32.6,116,27,22.4,29.3,28,71.4,47.5,82,6,7.3,7,1.65,13.1,0,0,,0.00,0.00,,,,108,144,75.0,2837,2120,19,19,100.0,56,56,100.0,33,69,47.8,0,0,0,0,0,104,40,12,0,0,0,0,0,0,0,0.00,0,0.00,0,0,0,0,0,0,0,0.00,0,0,0,0,0,0,0,0,0,0,0,0,0,,0,0,0,0,0,0,1,0,4.2,147,136,147,0,0,0,147,0,0,,0,,76,521,418,0,1,1,0,0,50,0,50000,2600000
David Silva,MF,Manchester City,31,29,28,2430.0,27.0,9,11,20,9,0,0,5,0,7.2,7.2,8.4,15.6,0.33,0.41,0.74,0.33,0.27,0.31,0.27,0.58,0.0,0.0,0.0,0.0,0.0,0.0,0.0,0.0,0.0,0.0,0.0,0.0,0.0,0.0,0.0,0.0,0.0,0.0,0.0,0.0,0.0,0.0,0.0,0.0,54,20,37.0,2.00,0.74,0.17,0.45,15.9,2183,2520,86.6,31050,6817,1258,1356,92.8,751,858,87.5,80,138,58.0,61,201,87,5,337,2429,81,26,18,4,74,7,48,10,141,5.22,141,5.22,123,6,2,3,7,0,20,0.74,19,0,0,1,0,0,32,21,11,17,4,9,45,20.0,36,28,5,23,18,50,7,0,27.0,2718,22,190,1370,1176,140,2718,49,38,77.6,11,22.4,1872,11148,5448,158,133,34,32,29,2339,247,160000,8320000
David de Gea,GK,Manchester Utd,26,37,37,3330.0,37.0,0,0,0,0,0,0,0,0,0.0,0.0,0.0,0.0,0.00,0.00,0.00,0.00,0.00,0.00,0.00,0.00,0.76,140,114,80.7,18,48.6,38.5,0.28,232,613,37.8,799,147,48.6,39.6,290,77.6,55.8,483,16,3.3,21,0.57,12.8,0,0,,0.00,0.00,,,,686,1092,62.8,23707,20013,74,75,98.7,287,289,99.3,321,721,44.5,1,13,0,0,0,698,391,101,0,1,0,0,0,3,6,0.16,6,0.16,3,3,0,0,0,0,3,0.08,1,2,0,0,0,0,0,0,0,0,0,0,1,0.0,1,1,0,1,0,0,9,3,37.0,1158,1048,1156,2,0,0,1158,1,1,100.0,0,0.0,450,3332,2520,0,0,0,0,0,427,0,200000,10400000
Davide Zappacosta,"DF,MF",Chelsea,25,22,12,1098.0,12.2,1,1,2,1,0,0,0,0,1.4,1.4,1.3,2.7,0.08,0.08,0.16,0.08,0.11,0.11,0.11,0.22,0.0,0.0,0.0,0.0,0.0,0.0,0.0,0.0,0.0,0.0,0.0,0.0,0.0,0.0,0.0,0.0,0.0,0.0,0.0,0.0,0.0,0.0,0.0,0.0,25,9,36.0,2.05,0.74,0.04,0.11,20.3,514,660,77.9,7506,1763,297,322,92.2,164,215,76.3,28,49,57.1,13,11,14,13,22,526,131,2,0,0,84,128,1,3,25,2.05,25,2.05,21,1,2,1,0,0,4,0.33,3,0,1,0,0,0,26,11,14,9,3,11,25,44.0,14,11,2,9,6,32,26,0,12.2,832,20,227,254,363,45,832,37,14,37.8,23,62.2,468,3127,1658,64,29,16,21,18,512,124,70000,3640000
Davinson Sánchez,DF,Tottenham,21,31,29,2534.0,28.2,0,0,0,0,0,0,1,1,0.5,0.5,0.1,0.7,0.00,0.00,0.00,0.00,0.02,0.00,0.02,0.02,0.0,0.0,0.0,0.0,0.0,0.0,0.0,0.0,0.0,0.0,0.0,0.0,0.0,0.0,0.0,0.0,0.0,0.0,0.0,0.0,0.0,0.0,0.0,0.0,9,1,11.1,0.32,0.04,0.00,0.00,13.3,1677,1879,89.2,34818,13608,466,501,93.0,962,1016,94.7,241,335,71.9,4,59,2,0,82,1825,51,45,0,14,3,6,0,3,12,0.43,12,0.43,12,0,0,0,0,0,0,0.00,0,0,0,0,0,0,38,24,28,9,1,18,40,45.0,22,26,10,16,38,76,162,0,28.2,2172,146,1117,1032,40,12,2172,9,9,100.0,0,0.0,1070,4343,2237,8,8,0,8,3,1464,2,65000,3380000
Davy Klaassen,"MF,FW",Everton,24,7,3,251.0,2.8,0,0,0,0,0,0,0,0,0.1,0.1,0.1,0.2,0.00,0.00,0.00,0.00,0.03,0.04,0.03,0.07,0.0,0.0,0.0,0.0,0.0,0.0,0.0,0.0,0.0,0.0,0.0,0.0,0.0,0.0,0.0,0.0,0.0,0.0,0.0,0.0,0.0,0.0,0.0,0.0,2,2,100.0,0.72,0.72,0.00,0.00,25.0,80,103,77.7,1223,282,39,47,83.0,32,40,80.0,4,5,80.0,2,5,2,0,11,98,5,0,0,1,3,1,0,0,4,1.43,4,1.43,4,0,0,0,0,0,0,0.00,0,0,0,0,0,0,3,1,1,2,0,2,6,33.3,4,2,1,1,1,4,2,0,2.8,122,1,21,59,44,3,122,1,0,0.0,1,100.0,52,176,82,1,3,0,4,1,77,4,70000,3640000
Davy Pröpper,MF,Brighton,25,35,35,3119.0,34.7,0,4,4,0,0,0,2,1,1.9,1.9,1.4,3.4,0.00,0.12,0.12,0.00,0.06,0.04,0.06,0.10,0.0,0.0,0.0,0.0,0.0,0.0,0.0,0.0,0.0,0.0,0.0,0.0,0.0,0.0,0.0,0.0,0.0,0.0,0.0,0.0,0.0,0.0,0.0,0.0,36,5,13.9,1.04,0.14,0.00,0.00,22.2,1088,1405,77.4,20957,6052,410,498,82.3,488,582,83.8,157,234,67.1,19,134,17,3,188,1393,6,3,2,29,12,0,0,6,64,1.85,64,1.85,48,0,6,5,3,2,7,0.20,6,0,1,0,0,0,73,44,35,35,3,18,83,21.7,65,35,11,24,60,133,80,2,34.7,1773,100,414,1154,225,28,1773,53,36,67.9,17,32.1,892,4348,1844,20,22,3,42,23,1007,47,45000,2340000
DeAndre Yedlin,DF,Newcastle Utd,24,34,31,2845.0,31.6,0,2,2,0,0,0,5,0,0.2,0.2,2.0,2.2,0.00,0.06,0.06,0.00,0.00,0.06,0.00,0.07,0.0,0.0,0.0,0.0,0.0,0.0,0.0,0.0,0.0,0.0,0.0,0.0,0.0,0.0,0.0,0.0,0.0,0.0,0.0,0.0,0.0,0.0,0.0,0.0,6,0,0.0,0.19,0.00,0.00,,26.2,1032,1398,73.8,15393,6339,594,670,88.7,347,492,70.5,59,158,37.3,19,58,26,16,74,1068,327,5,2,4,73,322,0,3,55,1.74,55,1.74,48,4,1,1,1,0,2,0.06,2,0,0,0,0,0,57,33,39,14,4,26,54,48.1,28,37,7,30,44,101,114,0,31.6,1742,105,597,706,456,13,1742,46,29,63.0,17,37.0,717,3461,1830,44,51,5,24,18,818,128,30000,1560000
Dean Whitehead,MF,Huddersfield,35,4,0,71.0,0.8,0,0,0,0,0,0,0,0,0.0,0.0,0.0,0.0,0.00,0.00,0.00,0.00,0.00,0.00,0.00,0.00,0.0,0.0,0.0,0.0,0.0,0.0,0.0,0.0,0.0,0.0,0.0,0.0,0.0,0.0,0.0,0.0,0.0,0.0,0.0,0.0,0.0,0.0,0.0,0.0,0,0,,0.00,0.00,,,,43,51,84.3,808,221,15,17,88.2,25,30,83.3,3,4,75.0,0,3,0,0,1,49,2,1,0,0,0,1,0,0,1,1.27,1,1.27,1,0,0,0,0,0,0,0.00,0,0,0,0,0,0,0,0,0,0,0,0,1,0.0,1,1,0,1,2,2,0,0,0.8,54,1,19,34,1,0,54,0,0,,0,,37,163,60,0,0,0,0,0,41,0,10000,520000
Declan Rice,"DF,MF",West Ham,18,26,15,1430.0,15.9,0,0,0,0,0,0,1,0,0.2,0.2,0.1,0.3,0.00,0.00,0.00,0.00,0.01,0.01,0.01,0.02,0.0,0.0,0.0,0.0,0.0,0.0,0.0,0.0,0.0,0.0,0.0,0.0,0.0,0.0,0.0,0.0,0.0,0.0,0.0,0.0,0.0,0.0,0.0,0.0,5,0,0.0,0.31,0.00,0.00,,21.1,457,588,77.7,8829,3396,171,191,89.5,220,254,86.6,57,119,47.9,2,34,5,0,36,568,17,9,1,1,5,7,0,3,10,0.63,10,0.63,9,1,0,0,0,0,1,0.06,1,0,0,0,0,0,36,24,25,10,1,15,25,60.0,10,19,13,6,27,63,77,1,15.9,761,91,340,380,43,4,761,3,2,66.7,1,33.3,359,2239,1164,18,14,0,5,2,401,6,1000,52000
Dejan Lovren,DF,Liverpool,28,29,24,2127.0,23.6,2,1,3,2,0,0,4,0,1.4,1.4,1.3,2.6,0.08,0.04,0.13,0.08,0.06,0.05,0.06,0.11,0.0,0.0,0.0,0.0,0.0,0.0,0.0,0.0,0.0,0.0,0.0,0.0,0.0,0.0,0.0,0.0,0.0,0.0,0.0,0.0,0.0,0.0,0.0,0.0,14,4,28.6,0.59,0.17,0.14,0.50,9.3,1602,1814,88.3,31489,11482,468,497,94.2,969,1053,92.0,154,242,63.6,6,97,9,2,98,1769,43,38,0,9,4,5,0,2,21,0.89,21,0.89,17,0,0,4,0,0,3,0.13,2,0,0,1,0,0,26,17,14,11,1,12,22,54.5,10,26,15,11,38,64,146,2,23.6,2073,120,922,1107,51,23,2073,1,0,0.0,1,100.0,1168,5589,3411,20,11,1,7,0,1450,7,100000,5200000
Dele Alli,"MF,FW",Tottenham,21,36,34,2958.0,32.9,9,10,19,9,0,0,7,0,9.1,9.1,8.2,17.3,0.27,0.30,0.58,0.27,0.28,0.25,0.28,0.53,0.0,0.0,0.0,0.0,0.0,0.0,0.0,0.0,0.0,0.0,0.0,0.0,0.0,0.0,0.0,0.0,0.0,0.0,0.0,0.0,0.0,0.0,0.0,0.0,69,17,24.6,2.10,0.52,0.13,0.53,15.9,985,1295,76.1,15174,4014,541,647,83.6,342,414,82.6,63,109,57.8,63,104,55,1,181,1249,37,12,15,8,18,17,4,9,133,4.05,133,4.05,104,1,5,6,14,3,19,0.58,14,0,0,3,2,0,46,30,15,21,10,8,34,23.5,26,33,7,26,19,65,22,1,32.9,1726,33,179,702,874,147,1726,105,44,41.9,61,58.1,1097,6773,2868,100,78,28,98,89,1334,359,55000,2860000
Demarai Gray,"MF,FW",Leicester City,21,35,17,1697.0,18.9,3,1,4,3,0,0,2,0,2.5,2.5,3.4,5.9,0.16,0.05,0.21,0.16,0.13,0.18,0.13,0.31,0.0,0.0,0.0,0.0,0.0,0.0,0.0,0.0,0.0,0.0,0.0,0.0,0.0,0.0,0.0,0.0,0.0,0.0,0.0,0.0,0.0,0.0,0.0,0.0,36,9,25.0,1.91,0.48,0.08,0.33,20.7,465,656,70.9,7329,1498,237,275,86.2,149,204,73.0,43,97,44.3,27,32,15,6,37,595,55,7,1,10,86,7,29,6,58,3.08,58,3.08,37,8,4,5,4,0,9,0.48,6,0,0,1,2,0,17,15,6,9,2,4,23,17.4,19,27,0,27,11,28,14,1,18.9,862,13,95,390,396,57,862,63,38,60.3,25,39.7,540,4403,2223,80,49,29,38,29,607,126,50000,2600000
Diafra Sakho,FW,West Ham,27,14,0,306.0,3.4,2,0,2,2,0,0,2,0,1.4,1.4,0.1,1.5,0.59,0.00,0.59,0.59,0.42,0.02,0.42,0.43,0.0,0.0,0.0,0.0,0.0,0.0,0.0,0.0,0.0,0.0,0.0,0.0,0.0,0.0,0.0,0.0,0.0,0.0,0.0,0.0,0.0,0.0,0.0,0.0,9,3,33.3,2.65,0.88,0.22,0.67,10.1,44,73,60.3,632,121,30,36,83.3,9,18,50.0,5,9,55.6,1,3,2,0,6,61,10,0,0,0,3,4,1,2,5,1.47,5,1.47,3,0,0,1,1,0,1,0.29,0,0,0,1,0,0,5,2,1,4,0,0,3,0.0,3,3,0,3,1,6,2,0,3.4,125,2,7,48,71,12,125,6,2,33.3,4,66.7,70,326,81,4,4,3,18,12,98,22,0.0,0.0
Divock Origi,FW,Liverpool,22,1,0,10.0,0.1,0,0,0,0,0,0,0,0,0.0,0.0,0.0,0.0,0.00,0.00,0.00,0.00,0.00,0.00,0.00,0.00,0.0,0.0,0.0,0.0,0.0,0.0,0.0,0.0,0.0,0.0,0.0,0.0,0.0,0.0,0.0,0.0,0.0,0.0,0.0,0.0,0.0,0.0,0.0,0.0,0,0,,0.00,0.00,,,,1,2,50.0,23,0,0,0,,1,1,100.0,0,0,,0,0,0,0,0,1,1,0,0,0,0,0,0,0,0,0.00,0,0.00,0,0,0,0,0,0,0,0.00,0,0,0,0,0,0,0,0,0,0,0,0,0,,0,0,0,0,0,0,0,0,0.1,4,0,0,4,0,0,4,0,0,,0,,3,13,0,0,0,0,2,0,3,0,0.0,0.0
Dodi Lukebakio,"MF,FW",Watford,19,1,0,16.0,0.2,0,0,0,0,0,0,0,0,0.0,0.0,0.1,0.1,0.00,0.00,0.00,0.00,0.15,0.59,0.15,0.75,0.0,0.0,0.0,0.0,0.0,0.0,0.0,0.0,0.0,0.0,0.0,0.0,0.0,0.0,0.0,0.0,0.0,0.0,0.0,0.0,0.0,0.0,0.0,0.0,1,0,0.0,5.63,0.00,0.00,,29.6,7,8,87.5,118,55,2,2,100.0,4,4,100.0,0,1,0.0,2,2,1,1,1,7,1,0,0,0,2,0,1,0,2,11.25,2,11.25,2,0,0,0,0,0,0,0.00,0,0,0,0,0,0,1,0,1,0,0,0,0,,0,0,0,0,0,1,0,0,0.2,12,1,1,5,6,2,12,0,0,,0,,8,32,15,0,0,0,1,0,8,3,13096,681000
Dominic Calvert-Lewin,FW,Everton,20,32,18,1882.0,20.9,4,6,10,4,0,0,4,0,4.9,4.8,2.6,7.4,0.19,0.29,0.48,0.19,0.23,0.12,0.23,0.36,0.0,0.0,0.0,0.0,0.0,0.0,0.0,0.0,0.0,0.0,0.0,0.0,0.0,0.0,0.0,0.0,0.0,0.0,0.0,0.0,0.0,0.0,0.0,0.0,43,16,37.2,2.06,0.77,0.09,0.25,14.7,311,519,59.9,3729,901,198,302,65.6,63,112,56.3,11,24,45.8,20,13,12,6,27,505,11,0,1,1,19,4,0,3,45,2.15,45,2.15,29,0,3,5,7,1,11,0.53,6,0,1,2,2,0,15,8,5,3,7,2,15,13.3,13,13,1,12,10,25,23,1,20.9,763,22,65,303,408,77,763,43,21,48.8,22,51.2,397,2569,993,42,30,16,70,40,599,125,20000,1040000
Dominic Solanke,FW,Liverpool,19,21,5,596.0,6.6,1,1,2,1,0,0,0,0,3.5,3.5,2.6,6.1,0.15,0.15,0.30,0.15,0.53,0.40,0.53,0.92,0.0,0.0,0.0,0.0,0.0,0.0,0.0,0.0,0.0,0.0,0.0,0.0,0.0,0.0,0.0,0.0,0.0,0.0,0.0,0.0,0.0,0.0,0.0,0.0,22,7,31.8,3.32,1.06,0.05,0.14,14.7,148,201,73.6,1656,386,109,133,82.0,25,36,69.4,2,4,50.0,15,8,6,0,15,193,7,0,3,0,3,0,0,1,22,3.33,22,3.33,18,0,1,2,1,0,1,0.15,1,0,0,0,0,0,7,4,0,6,1,1,4,25.0,3,5,1,4,2,9,9,0,6.6,306,9,16,120,176,53,306,14,9,64.3,5,35.7,184,843,345,15,15,5,34,17,236,48,20000,1040000
Dušan Tadić,"MF,FW",Southampton,28,36,34,2791.0,31.0,6,3,9,5,1,1,4,0,5.8,5.0,5.7,10.7,0.19,0.10,0.29,0.16,0.19,0.18,0.16,0.35,0.0,0.0,0.0,0.0,0.0,0.0,0.0,0.0,0.0,0.0,0.0,0.0,0.0,0.0,0.0,0.0,0.0,0.0,0.0,0.0,0.0,0.0,0.0,0.0,39,12,30.8,1.26,0.39,0.13,0.42,17.2,872,1255,69.5,13009,3610,479,572,83.7,274,398,68.8,64,145,44.1,59,68,56,14,167,1170,78,10,14,5,121,16,31,7,122,3.93,122,3.93,96,8,9,5,4,0,9,0.29,6,0,2,1,0,0,46,29,16,22,8,11,35,31.4,24,38,2,36,19,65,29,1,31.0,1566,21,149,633,812,107,1565,64,55,85.9,9,14.1,1097,5622,2995,113,68,23,77,69,1180,312,60000,3120000
Dwight Gayle,FW,Newcastle Utd,26,35,23,1958.0,21.8,6,3,9,6,0,0,3,0,8.3,8.3,2.0,10.4,0.28,0.14,0.41,0.28,0.38,0.09,0.38,0.48,0.0,0.0,0.0,0.0,0.0,0.0,0.0,0.0,0.0,0.0,0.0,0.0,0.0,0.0,0.0,0.0,0.0,0.0,0.0,0.0,0.0,0.0,0.0,0.0,57,21,36.8,2.62,0.97,0.11,0.29,14.3,319,444,71.8,3885,609,213,277,76.9,73,100,73.0,8,25,32.0,21,17,3,0,24,413,30,0,4,3,5,5,0,1,47,2.16,47,2.16,36,0,1,6,4,0,6,0.28,5,0,0,1,0,0,12,10,2,8,2,1,21,4.8,20,16,2,14,6,18,17,0,21.8,636,21,36,298,307,86,636,18,9,50.0,9,50.0,346,1431,649,23,18,9,54,24,476,115,40000,2080000
Eddie Nketiah,FW,Arsenal,18,3,0,20.0,0.2,0,1,1,0,0,0,0,0,0.1,0.1,0.0,0.1,0.00,4.50,4.50,0.00,0.29,0.00,0.29,0.29,0.0,0.0,0.0,0.0,0.0,0.0,0.0,0.0,0.0,0.0,0.0,0.0,0.0,0.0,0.0,0.0,0.0,0.0,0.0,0.0,0.0,0.0,0.0,0.0,1,1,100.0,4.50,4.50,0.00,0.00,10.1,6,7,85.7,56,8,6,7,85.7,0,0,,0,0,,0,0,0,0,0,7,0,0,0,0,0,0,0,0,0,0.00,0,0.00,0,0,0,0,0,0,0,0.00,0,0,0,0,0,0,1,1,0,1,0,0,0,,0,0,0,0,0,1,0,0,0.2,10,0,0,4,6,1,10,0,0,,0,,10,26,5,0,0,0,1,1,9,0,4000,208000
Eden Hazard,"FW,MF",Chelsea,26,34,28,2422.0,26.9,12,4,16,10,2,2,2,0,7.7,6.2,6.4,12.6,0.45,0.15,0.59,0.37,0.29,0.24,0.23,0.47,0.0,0.0,0.0,0.0,0.0,0.0,0.0,0.0,0.0,0.0,0.0,0.0,0.0,0.0,0.0,0.0,0.0,0.0,0.0,0.0,0.0,0.0,0.0,0.0,69,34,49.3,2.56,1.26,0.14,0.29,17.4,1168,1440,81.1,18699,5183,631,748,84.4,312,371,84.1,148,171,86.5,83,122,79,4,218,1348,83,36,4,30,51,11,25,9,205,7.61,205,7.61,143,8,31,6,17,0,19,0.71,11,0,5,1,2,0,6,3,2,3,1,3,21,14.3,18,11,0,11,3,9,0,0,26.9,1702,1,76,631,1042,162,1700,200,165,82.5,35,17.5,1300,10444,5375,201,121,70,65,77,1471,302,222865,11589000
Ederson,GK,Manchester City,23,36,36,3194.0,35.5,0,0,0,0,0,0,1,0,0.0,0.0,0.1,0.1,0.00,0.00,0.00,0.00,0.00,0.00,0.00,0.00,0.73,80,54,67.5,16,44.4,23.9,0.28,110,230,47.8,935,167,15.5,26.2,160,53.1,46.1,265,19,7.2,87,2.45,18.8,0,0,,0.00,0.00,,,,955,1098,87.0,23400,15983,200,201,99.5,530,536,98.9,224,357,62.7,1,9,0,0,0,879,216,56,0,9,0,0,0,3,3,0.08,3,0.08,2,1,0,0,0,0,0,0.00,0,0,0,0,0,0,1,1,1,0,0,0,0,,0,1,0,1,0,1,15,6,35.5,1156,961,1144,14,0,0,1156,1,1,100.0,0,0.0,641,3008,1941,0,0,0,3,1,624,0,65000,3380000
Edimilson Fernandes,"MF,DF",West Ham,21,14,9,845.0,9.4,0,1,1,0,0,0,1,0,0.3,0.3,0.3,0.6,0.00,0.11,0.11,0.00,0.03,0.03,0.03,0.07,0.0,0.0,0.0,0.0,0.0,0.0,0.0,0.0,0.0,0.0,0.0,0.0,0.0,0.0,0.0,0.0,0.0,0.0,0.0,0.0,0.0,0.0,0.0,0.0,7,1,14.3,0.75,0.11,0.00,0.00,22.6,222,288,77.1,3671,867,96,119,80.7,82,99,82.8,23,35,65.7,7,17,6,1,20,275,11,0,0,8,7,11,0,2,12,1.28,12,1.28,8,1,2,0,1,0,2,0.21,1,0,0,0,1,0,17,9,10,7,0,9,21,42.9,12,13,1,12,16,33,8,0,9.4,383,7,80,235,76,10,383,13,10,76.9,3,23.1,216,1208,500,12,6,0,19,6,233,28,30000,1560000
Eldin Jakupović,GK,Leicester City,32,2,2,180.0,2.0,0,0,0,0,0,0,0,0,0.0,0.0,0.0,0.0,0.00,0.00,0.00,0.00,0.00,0.00,0.00,0.00,3.00,13,8,53.8,0,0.0,4.6,0.39,16,36,44.4,41,12,56.1,45.4,14,92.9,61.8,24,0,0.0,8,4.00,20.1,0,0,,0.00,0.00,,,,35,56,62.5,1424,1247,0,0,,13,13,100.0,22,42,52.4,0,1,0,0,0,36,19,5,0,0,0,0,0,1,2,1.00,2,1.00,2,0,0,0,0,0,1,0.50,1,0,0,0,0,0,0,0,0,0,0,0,0,,0,0,0,0,0,0,4,0,2.0,66,55,66,0,0,0,66,0,0,,0,,32,242,188,0,0,0,0,0,12,0,23000,1196000
Eliaquim Mangala,DF,Manchester City,26,9,4,488.0,5.4,0,0,0,0,0,0,0,0,0.1,0.1,0.0,0.2,0.00,0.00,0.00,0.00,0.03,0.01,0.03,0.03,0.0,0.0,0.0,0.0,0.0,0.0,0.0,0.0,0.0,0.0,0.0,0.0,0.0,0.0,0.0,0.0,0.0,0.0,0.0,0.0,0.0,0.0,0.0,0.0,1,0,0.0,0.67,0.00,0.00,,14.9,60,72,83.3,1299,433,11,14,78.6,43,47,91.5,6,9,66.7,0,4,0,0,7,68,3,1,0,1,0,2,0,1,1,0.67,1,0.67,1,0,0,0,0,0,0,0.00,0,0,0,0,0,0,2,1,1,1,0,0,0,,0,0,0,0,1,3,4,1,1.5,85,5,39,39,8,3,85,2,2,100.0,0,0.0,56,350,232,3,1,0,0,2,52,0,100000,5200000
Eliaquim Mangala,DF,Everton,26,2,2,134.0,1.5,0,0,0,0,0,0,0,0,0.1,0.1,0.0,0.1,0.00,0.00,0.00,0.00,0.05,0.00,0.05,0.05,0.0,0.0,0.0,0.0,0.0,0.0,0.0,0.0,0.0,0.0,0.0,0.0,0.0,0.0,0.0,0.0,0.0,0.0,0.0,0.0,0.0,0.0,0.0,0.0,1,0,0.0,0.67,0.00,0.00,,14.9,60,72,83.3,1299,433,11,14,78.6,43,47,91.5,6,9,66.7,0,4,0,0,7,68,3,1,0,1,0,2,0,1,1,0.67,1,0.67,1,0,0,0,0,0,0,0.00,0,0,0,0,0,0,2,1,1,1,0,0,0,,0,0,0,0,1,3,4,1,1.5,85,5,39,39,8,3,85,2,2,100.0,0,0.0,56,350,232,3,1,0,0,2,52,0,100000,5200000
Elias Kachunga,"FW,MF",Huddersfield,25,19,17,1329.0,14.8,1,1,2,1,0,0,1,0,1.9,1.9,0.6,2.6,0.07,0.07,0.14,0.07,0.13,0.04,0.13,0.17,0.0,0.0,0.0,0.0,0.0,0.0,0.0,0.0,0.0,0.0,0.0,0.0,0.0,0.0,0.0,0.0,0.0,0.0,0.0,0.0,0.0,0.0,0.0,0.0,12,5,41.7,0.81,0.34,0.08,0.20,11.1,231,368,62.8,2834,483,163,212,76.9,54,89,60.7,5,17,29.4,10,6,6,1,24,362,6,1,1,0,24,5,0,0,29,1.96,29,1.96,23,0,3,0,3,0,1,0.07,1,0,0,0,0,0,30,26,13,12,5,8,19,42.1,11,14,1,13,2,32,9,0,14.8,507,13,61,229,228,34,507,26,13,50.0,13,50.0,302,2321,958,32,20,7,24,30,353,95,25000,1300000
Emerson Hyndman,MF,Bournemouth,21,1,1,58.0,0.6,0,0,0,0,0,0,0,0,0.0,0.0,0.0,0.0,0.00,0.00,0.00,0.00,0.00,0.02,0.00,0.02,0.0,0.0,0.0,0.0,0.0,0.0,0.0,0.0,0.0,0.0,0.0,0.0,0.0,0.0,0.0,0.0,0.0,0.0,0.0,0.0,0.0,0.0,0.0,0.0,0,0,,0.00,0.00,,,,21,24,87.5,392,67,12,13,92.3,6,7,85.7,3,4,75.0,1,1,0,0,0,23,1,1,0,1,0,0,0,0,2,3.10,2,3.10,2,0,0,0,0,0,0,0.00,0,0,0,0,0,0,0,0,0,0,0,0,1,0.0,1,2,0,2,1,1,1,0,0.6,30,0,8,18,4,0,30,0,0,,0,,13,43,16,0,0,0,3,0,18,0,15000,780000
Emerson Palmieri,DF,Chelsea,22,5,3,280.0,3.1,0,1,1,0,0,0,0,0,0.1,0.1,0.0,0.2,0.00,0.32,0.32,0.00,0.04,0.01,0.04,0.05,0.0,0.0,0.0,0.0,0.0,0.0,0.0,0.0,0.0,0.0,0.0,0.0,0.0,0.0,0.0,0.0,0.0,0.0,0.0,0.0,0.0,0.0,0.0,0.0,2,2,100.0,0.64,0.64,0.00,0.00,18.2,133,176,75.6,1790,373,95,108,88.0,27,42,64.3,7,16,43.8,1,2,3,1,5,142,34,3,0,0,15,30,1,0,2,0.64,2,0.64,1,0,0,0,0,1,1,0.32,1,0,0,0,0,0,6,4,4,2,0,5,5,100.0,0,2,0,2,2,8,10,0,3.1,209,12,68,75,66,8,209,8,5,62.5,3,37.5,118,805,464,13,7,3,4,2,129,23,42000,2184000
Emre Can,MF,Liverpool,23,26,24,2091.0,23.2,3,4,7,3,0,0,8,0,1.8,1.8,3.0,4.8,0.13,0.17,0.30,0.13,0.08,0.13,0.08,0.21,0.0,0.0,0.0,0.0,0.0,0.0,0.0,0.0,0.0,0.0,0.0,0.0,0.0,0.0,0.0,0.0,0.0,0.0,0.0,0.0,0.0,0.0,0.0,0.0,27,8,29.6,1.16,0.34,0.11,0.38,21.2,1338,1571,85.2,23098,5472,600,662,90.6,591,668,88.5,117,179,65.4,25,136,23,2,137,1542,26,10,11,14,11,14,0,3,59,2.54,59,2.54,51,2,1,2,3,0,10,0.43,8,1,0,0,1,0,67,54,32,29,6,18,43,41.9,25,32,4,28,28,95,37,1,23.2,1821,52,343,1177,328,32,1821,32,24,75.0,8,25.0,1084,7084,4252,84,56,9,30,15,1266,48,45000,2340000
Eric Bailly,DF,Manchester Utd,23,13,11,1001.0,11.1,1,0,1,1,0,0,2,0,1.1,1.1,0.2,1.3,0.09,0.00,0.09,0.09,0.10,0.01,0.10,0.11,0.0,0.0,0.0,0.0,0.0,0.0,0.0,0.0,0.0,0.0,0.0,0.0,0.0,0.0,0.0,0.0,0.0,0.0,0.0,0.0,0.0,0.0,0.0,0.0,3,1,33.3,0.27,0.09,0.33,1.00,4.9,368,428,86.0,6857,2226,126,139,90.6,197,211,93.4,35,57,61.4,2,15,2,0,26,411,16,15,1,3,0,1,0,1,4,0.36,4,0.36,3,0,0,1,0,0,0,0.00,0,0,0,0,0,0,17,10,10,5,2,5,12,41.7,7,11,6,5,25,42,58,1,11.1,552,76,278,260,16,7,552,4,4,100.0,0,0.0,258,1365,766,3,1,0,1,5,300,0,80000,4160000
Eric Dier,"MF,DF",Tottenham,23,34,32,2824.0,31.4,0,2,2,0,0,0,4,0,2.0,2.0,1.7,3.7,0.00,0.06,0.06,0.00,0.06,0.05,0.06,0.12,0.0,0.0,0.0,0.0,0.0,0.0,0.0,0.0,0.0,0.0,0.0,0.0,0.0,0.0,0.0,0.0,0.0,0.0,0.0,0.0,0.0,0.0,0.0,0.0,32,7,21.9,1.02,0.22,0.00,0.00,17.5,1949,2285,85.3,38485,13081,670,747,89.7,1003,1107,90.6,251,358,70.1,15,221,25,4,213,2222,58,52,2,19,26,6,0,5,40,1.27,40,1.27,37,0,0,2,1,0,4,0.13,4,0,0,0,0,0,61,43,15,39,7,17,42,40.5,25,32,11,21,48,109,93,7,31.4,2577,133,731,1583,277,36,2577,15,13,86.7,2,13.3,1316,6079,3263,35,27,0,11,17,1875,29,60000,3120000
Eric Maxim Choupo-Moting,"FW,MF",Stoke City,28,30,26,2314.0,25.7,5,5,10,5,0,0,3,0,5.9,5.9,3.1,9.1,0.19,0.19,0.39,0.19,0.24,0.13,0.24,0.36,0.0,0.0,0.0,0.0,0.0,0.0,0.0,0.0,0.0,0.0,0.0,0.0,0.0,0.0,0.0,0.0,0.0,0.0,0.0,0.0,0.0,0.0,0.0,0.0,60,18,30.0,2.33,0.70,0.08,0.28,16.3,477,688,69.3,6566,1710,272,346,78.6,140,191,73.3,26,51,51.0,20,28,18,4,56,670,11,3,1,5,35,5,0,7,59,2.37,59,2.37,40,0,6,7,5,1,10,0.40,7,0,1,2,0,0,42,30,21,16,5,9,32,28.1,23,31,3,28,23,65,29,1,25.7,1049,37,159,449,476,99,1049,107,61,57.0,46,43.0,692,4496,2110,72,45,28,76,55,729,173,30000,1560000
Erik Pieters,DF,Stoke City,28,31,30,2718.0,30.2,0,1,1,0,0,0,5,0,0.1,0.1,1.5,1.6,0.00,0.03,0.03,0.00,0.00,0.05,0.00,0.05,0.0,0.0,0.0,0.0,0.0,0.0,0.0,0.0,0.0,0.0,0.0,0.0,0.0,0.0,0.0,0.0,0.0,0.0,0.0,0.0,0.0,0.0,0.0,0.0,3,1,33.3,0.10,0.03,0.00,0.00,20.2,916,1310,69.9,15616,6670,440,529,83.2,371,516,71.9,88,186,47.3,13,94,22,12,113,1054,248,10,0,4,64,238,0,8,37,1.23,37,1.23,29,4,1,0,3,0,2,0.07,2,0,0,0,0,0,71,47,43,26,2,24,51,47.1,27,70,25,45,61,132,127,5,30.2,1692,129,550,795,361,18,1692,18,9,50.0,9,50.0,706,3144,1610,35,43,3,28,19,745,71,37500,1950000
Ethan Ampadu,DF,Chelsea,16,1,0,11.0,0.1,0,0,0,0,0,0,0,0,0.0,0.0,0.0,0.0,0.00,0.00,0.00,0.00,0.00,0.00,0.00,0.00,0.0,0.0,0.0,0.0,0.0,0.0,0.0,0.0,0.0,0.0,0.0,0.0,0.0,0.0,0.0,0.0,0.0,0.0,0.0,0.0,0.0,0.0,0.0,0.0,0,0,,0.00,0.00,,,,19,19,100.0,391,149,5,5,100.0,13,13,100.0,1,1,100.0,0,1,0,0,1,19,0,0,0,0,0,0,0,0,0,0.00,0,0.00,0,0,0,0,0,0,0,0.00,0,0,0,0,0,0,1,1,0,1,0,0,0,,0,0,0,0,0,1,2,0,0.1,22,2,9,13,0,0,22,0,0,,0,,16,62,33,0,0,0,0,0,19,0,400,20800
Ezequiel Schelotto,DF,Brighton,28,20,15,1318.0,14.6,0,0,0,0,0,0,3,0,0.2,0.2,0.6,0.8,0.00,0.00,0.00,0.00,0.02,0.04,0.02,0.06,0.0,0.0,0.0,0.0,0.0,0.0,0.0,0.0,0.0,0.0,0.0,0.0,0.0,0.0,0.0,0.0,0.0,0.0,0.0,0.0,0.0,0.0,0.0,0.0,6,2,33.3,0.41,0.14,0.00,0.00,21.5,448,621,72.1,7630,3180,212,254,83.5,173,250,69.2,48,80,60.0,5,35,8,5,48,482,139,6,1,1,33,133,0,0,21,1.43,21,1.43,14,2,1,2,1,1,1,0.07,1,0,0,0,0,0,20,13,14,6,0,12,27,44.4,15,7,3,4,19,39,58,2,14.6,776,64,293,316,181,16,776,25,15,60.0,10,40.0,318,2542,1190,37,22,6,14,12,385,53,32000,1664000
Fabian Delph,DF,Manchester City,27,22,21,1741.0,19.3,1,2,3,1,0,0,2,0,0.3,0.3,1.2,1.5,0.05,0.10,0.16,0.05,0.01,0.06,0.01,0.08,0.0,0.0,0.0,0.0,0.0,0.0,0.0,0.0,0.0,0.0,0.0,0.0,0.0,0.0,0.0,0.0,0.0,0.0,0.0,0.0,0.0,0.0,0.0,0.0,10,3,30.0,0.52,0.16,0.10,0.33,28.9,1662,1801,92.3,24788,6068,977,1012,96.5,567,609,93.1,79,112,70.5,11,129,15,3,132,1607,192,20,0,12,13,172,0,2,40,2.07,40,2.07,36,1,2,0,1,0,6,0.31,5,0,1,0,0,0,46,34,21,16,9,18,37,48.6,19,16,0,16,30,76,42,2,19.3,1972,35,408,1132,451,3,1972,32,30,93.8,2,6.3,1280,5627,2974,53,54,1,20,10,1415,63,80000,4160000
Federico Fernández,DF,Swansea City,28,30,30,2676.0,29.7,1,1,2,1,0,0,5,0,0.7,0.7,0.7,1.4,0.03,0.03,0.07,0.03,0.02,0.02,0.02,0.05,0.0,0.0,0.0,0.0,0.0,0.0,0.0,0.0,0.0,0.0,0.0,0.0,0.0,0.0,0.0,0.0,0.0,0.0,0.0,0.0,0.0,0.0,0.0,0.0,8,2,25.0,0.27,0.07,0.13,0.50,10.5,1001,1218,82.2,21296,9597,272,293,92.8,557,646,86.2,165,254,65.0,6,60,4,1,72,1174,44,40,0,10,4,4,0,0,14,0.47,14,0.47,13,0,0,1,0,0,1,0.03,1,0,0,0,0,0,40,29,30,6,4,20,30,66.7,10,35,27,8,38,78,201,1,29.7,1557,247,921,602,46,23,1557,4,1,25.0,3,75.0,665,3638,2321,5,2,0,6,4,866,8,43000,2236000
Fernandinho,MF,Manchester City,32,34,33,2881.0,32.0,5,3,8,5,0,0,7,0,2.1,2.1,2.8,4.9,0.16,0.09,0.25,0.16,0.06,0.09,0.06,0.15,0.0,0.0,0.0,0.0,0.0,0.0,0.0,0.0,0.0,0.0,0.0,0.0,0.0,0.0,0.0,0.0,0.0,0.0,0.0,0.0,0.0,0.0,0.0,0.0,47,19,40.4,1.47,0.59,0.11,0.26,23.1,2686,2999,89.6,42640,13288,1335,1407,94.9,1083,1190,91.0,167,235,71.1,20,318,31,0,320,2926,65,57,18,15,9,7,1,8,74,2.31,74,2.31,63,0,2,3,3,3,13,0.41,13,0,0,0,0,0,62,35,22,28,12,24,65,36.9,41,38,6,32,47,109,68,2,32.0,3319,89,580,2219,537,42,3319,25,22,88.0,3,12.0,2088,10091,6419,80,78,5,35,20,2567,38,180000,9360000
Fernando Llorente,"FW,MF",Tottenham,32,16,1,238.0,2.6,1,0,1,1,0,0,1,0,1.0,1.0,0.2,1.2,0.38,0.00,0.38,0.38,0.38,0.06,0.38,0.44,0.0,0.0,0.0,0.0,0.0,0.0,0.0,0.0,0.0,0.0,0.0,0.0,0.0,0.0,0.0,0.0,0.0,0.0,0.0,0.0,0.0,0.0,0.0,0.0,6,2,33.3,2.27,0.76,0.17,0.50,12.5,60,88,68.2,683,107,42,57,73.7,15,25,60.0,0,2,0.0,4,2,2,0,4,87,1,1,0,0,0,0,0,0,5,1.89,5,1.89,5,0,0,0,0,0,0,0.00,0,0,0,0,0,0,6,3,1,2,3,1,2,50.0,1,0,0,0,0,6,6,0,2.6,123,5,9,42,72,15,123,1,0,0.0,1,100.0,51,222,49,3,0,1,8,3,97,32,75000,3900000
Florent Hadergjonaj,"DF,MF",Huddersfield,23,23,19,1674.0,18.6,0,1,1,0,0,0,3,0,0.3,0.3,1.5,1.7,0.00,0.05,0.05,0.00,0.01,0.08,0.01,0.09,0.0,0.0,0.0,0.0,0.0,0.0,0.0,0.0,0.0,0.0,0.0,0.0,0.0,0.0,0.0,0.0,0.0,0.0,0.0,0.0,0.0,0.0,0.0,0.0,8,2,25.0,0.43,0.11,0.00,0.00,25.4,595,927,64.2,10632,4759,283,335,84.5,224,352,63.6,75,191,39.3,26,41,28,20,62,701,219,11,2,5,98,204,4,7,41,2.20,41,2.20,34,4,1,1,1,0,1,0.05,1,0,0,0,0,0,21,16,7,10,4,12,30,40.0,18,22,10,12,17,38,45,0,18.6,1084,57,262,454,382,15,1084,28,16,57.1,12,42.9,467,2798,1491,40,32,2,11,5,578,111,13365,695000
Florian Lejeune,DF,Newcastle Utd,26,24,24,2103.0,23.4,0,2,2,0,0,0,3,0,0.6,0.6,1.5,2.1,0.00,0.09,0.09,0.00,0.03,0.06,0.03,0.09,0.0,0.0,0.0,0.0,0.0,0.0,0.0,0.0,0.0,0.0,0.0,0.0,0.0,0.0,0.0,0.0,0.0,0.0,0.0,0.0,0.0,0.0,0.0,0.0,13,2,15.4,0.56,0.09,0.00,0.00,21.0,826,1082,76.3,17237,7245,282,321,87.9,391,468,83.5,134,253,53.0,7,66,1,0,67,1035,43,40,2,21,4,3,0,4,19,0.81,19,0.81,15,0,1,1,1,1,3,0.13,3,0,0,0,0,0,34,20,26,8,0,14,30,46.7,16,21,15,6,46,80,154,0,23.4,1368,162,747,584,52,19,1368,13,12,92.3,1,7.7,649,3566,2168,18,10,0,11,4,699,4,38000,1976000
Fousseni Diabaté,"MF,FW",Leicester City,21,14,5,587.0,6.5,0,1,1,0,0,0,1,0,0.5,0.5,0.3,0.9,0.00,0.15,0.15,0.00,0.08,0.05,0.08,0.13,0.0,0.0,0.0,0.0,0.0,0.0,0.0,0.0,0.0,0.0,0.0,0.0,0.0,0.0,0.0,0.0,0.0,0.0,0.0,0.0,0.0,0.0,0.0,0.0,6,2,33.3,0.92,0.31,0.00,0.00,18.5,182,237,76.8,2441,602,105,127,82.7,58,75,77.3,7,11,63.6,7,9,7,3,18,235,2,2,1,2,10,0,0,0,24,3.68,24,3.68,18,0,3,1,2,0,4,0.61,4,0,0,0,0,0,9,6,5,3,1,1,4,25.0,3,6,0,6,8,17,8,0,6.5,330,4,53,122,165,13,330,34,16,47.1,17,50.0,213,1542,792,26,21,7,18,17,245,56,0.0,0.0
Francis Coquelin,"MF,DF",Arsenal,26,7,1,169.0,1.9,0,0,0,0,0,0,0,0,0.1,0.1,0.6,0.7,0.00,0.00,0.00,0.00,0.03,0.35,0.03,0.38,0.0,0.0,0.0,0.0,0.0,0.0,0.0,0.0,0.0,0.0,0.0,0.0,0.0,0.0,0.0,0.0,0.0,0.0,0.0,0.0,0.0,0.0,0.0,0.0,1,0,0.0,0.53,0.00,0.00,,20.9,79,96,82.3,1304,405,41,47,87.2,24,29,82.8,11,14,78.6,1,8,1,0,11,96,0,0,0,1,0,0,0,0,2,1.13,2,1.13,2,0,0,0,0,0,1,0.57,1,0,0,0,0,0,5,4,2,3,0,1,3,33.3,2,1,0,1,3,8,2,0,1.9,107,4,27,66,15,0,107,1,1,100.0,0,0.0,67,286,130,1,0,0,1,2,79,1,50000,2600000
Fraser Forster,GK,Southampton,29,20,20,1800.0,20.0,0,0,0,0,0,0,0,0,0.0,0.0,0.0,0.0,0.00,0.00,0.00,0.00,0.00,0.00,0.00,0.00,1.50,97,66,69.1,4,20.0,25.8,0.26,101,343,29.4,360,62,59.7,43.4,146,87.7,59.1,258,10,3.9,14,0.70,14.1,0,0,,0.00,0.00,,,,253,510,49.6,9072,7775,28,28,100.0,106,107,99.1,119,370,32.2,0,8,0,0,0,313,193,47,0,0,0,0,0,4,1,0.05,1,0.05,0,1,0,0,0,0,1,0.05,0,1,0,0,0,0,0,0,0,0,0,0,0,,0,0,0,0,0,0,7,4,20.0,570,496,568,2,0,0,570,0,0,,0,,250,1628,1191,0,1,1,4,0,184,0,90000,4680000
Freddie Ladapo,FW,Crystal Palace,24,1,0,17.0,0.2,0,0,0,0,0,0,0,0,0.0,0.0,0.0,0.0,0.00,0.00,0.00,0.00,0.00,0.00,0.00,0.00,0.0,0.0,0.0,0.0,0.0,0.0,0.0,0.0,0.0,0.0,0.0,0.0,0.0,0.0,0.0,0.0,0.0,0.0,0.0,0.0,0.0,0.0,0.0,0.0,0,0,,0.00,0.00,,,,5,9,55.6,42,10,5,8,62.5,0,1,0.0,0,0,,0,0,0,0,0,9,0,0,0,0,2,0,0,0,0,0.00,0,0.00,0,0,0,0,0,0,0,0.00,0,0,0,0,0,0,0,0,0,0,0,0,0,,0,0,0,0,0,0,0,0,0.2,9,0,0,3,6,0,9,0,0,,0,,8,27,11,1,1,0,0,0,7,1,0.0,0.0
Gabriel Jesus,FW,Manchester City,20,29,19,1668.0,18.5,13,3,16,13,0,2,6,0,13.8,12.2,2.1,14.3,0.70,0.16,0.86,0.70,0.74,0.11,0.66,0.77,0.0,0.0,0.0,0.0,0.0,0.0,0.0,0.0,0.0,0.0,0.0,0.0,0.0,0.0,0.0,0.0,0.0,0.0,0.0,0.0,0.0,0.0,0.0,0.0,54,30,55.6,2.91,1.62,0.24,0.43,12.0,474,596,79.5,5662,806,302,364,83.0,100,126,79.4,12,16,75.0,18,17,19,0,49,569,27,2,7,1,2,3,0,0,61,3.29,61,3.29,41,1,4,11,2,2,14,0.76,6,1,2,3,2,0,23,15,6,10,7,3,22,13.6,19,16,0,16,8,31,6,0,18.5,790,3,47,312,439,121,788,37,24,64.9,13,35.1,443,1865,800,28,21,14,43,26,607,181,75000,3900000
Gareth Barry,MF,West Brom,36,25,22,1923.0,21.4,1,1,2,1,0,0,4,0,1.6,1.6,1.4,3.0,0.05,0.05,0.09,0.05,0.07,0.07,0.07,0.14,0.0,0.0,0.0,0.0,0.0,0.0,0.0,0.0,0.0,0.0,0.0,0.0,0.0,0.0,0.0,0.0,0.0,0.0,0.0,0.0,0.0,0.0,0.0,0.0,16,6,37.5,0.75,0.28,0.06,0.17,18.2,721,963,74.9,13209,4410,323,374,86.4,282,357,79.0,100,193,51.8,17,113,15,3,126,920,38,22,3,11,28,3,12,5,38,1.78,38,1.78,28,5,1,0,4,0,2,0.09,2,0,0,0,0,0,35,19,17,14,4,15,45,33.3,30,19,11,8,14,49,34,0,21.4,1122,48,241,723,168,13,1122,11,10,90.9,1,9.1,595,2436,1209,20,11,0,23,17,669,23,60000,3120000
Gareth McAuley,DF,West Brom,37,9,5,458.0,5.1,0,0,0,0,0,0,0,0,0.0,0.0,0.0,0.0,0.00,0.00,0.00,0.00,0.00,0.00,0.00,0.00,0.0,0.0,0.0,0.0,0.0,0.0,0.0,0.0,0.0,0.0,0.0,0.0,0.0,0.0,0.0,0.0,0.0,0.0,0.0,0.0,0.0,0.0,0.0,0.0,0,0,,0.00,0.00,,,,85,130,65.4,1995,1107,24,31,77.4,36,47,76.6,24,44,54.5,0,16,2,0,10,120,9,6,0,2,1,3,0,1,1,0.20,1,0.20,1,0,0,0,0,0,1,0.20,1,0,0,0,0,0,8,7,6,2,0,3,7,42.9,4,7,4,3,11,19,16,0,5.1,169,30,99,72,2,1,169,1,1,100.0,0,0.0,74,299,182,3,2,0,2,0,64,0,35000,1820000
Gary Cahill,DF,Chelsea,31,27,24,2086.0,23.2,0,0,0,0,0,0,1,1,0.5,0.5,0.1,0.6,0.00,0.00,0.00,0.00,0.02,0.00,0.02,0.02,0.0,0.0,0.0,0.0,0.0,0.0,0.0,0.0,0.0,0.0,0.0,0.0,0.0,0.0,0.0,0.0,0.0,0.0,0.0,0.0,0.0,0.0,0.0,0.0,10,3,30.0,0.43,0.13,0.00,0.00,19.6,1194,1347,88.6,21241,8087,458,492,93.1,615,673,91.4,91,133,68.4,3,71,1,0,69,1304,36,26,0,12,0,10,0,7,7,0.30,7,0.30,6,0,0,1,0,0,0,0.00,0,0,0,0,0,0,29,21,15,9,5,10,21,47.6,11,21,14,7,27,56,127,1,23.2,1585,142,773,751,68,13,1585,4,4,100.0,0,0.0,931,5001,2766,17,15,1,8,3,1033,8,80000,4160000
Gaëtan Bong,DF,Brighton,29,25,25,2236.0,24.8,0,0,0,0,0,0,2,0,0.1,0.1,0.5,0.6,0.00,0.00,0.00,0.00,0.00,0.02,0.00,0.02,0.0,0.0,0.0,0.0,0.0,0.0,0.0,0.0,0.0,0.0,0.0,0.0,0.0,0.0,0.0,0.0,0.0,0.0,0.0,0.0,0.0,0.0,0.0,0.0,4,1,25.0,0.16,0.04,0.00,0.00,29.3,728,1091,66.7,11534,5807,364,438,83.1,291,423,68.8,43,147,29.3,9,69,7,5,85,821,268,4,0,2,53,264,0,2,20,0.80,20,0.80,17,3,0,0,0,0,0,0.00,0,0,0,0,0,0,39,32,25,11,3,15,26,57.7,11,24,6,18,40,79,81,1,24.8,1334,111,473,589,285,4,1334,29,16,55.2,13,44.8,577,3312,1891,50,36,3,21,11,613,32,20192,1050000
Geoff Cameron,"DF,MF",Stoke City,32,20,17,1525.0,16.9,0,0,0,0,0,0,2,0,0.3,0.3,0.1,0.5,0.00,0.00,0.00,0.00,0.02,0.01,0.02,0.03,0.0,0.0,0.0,0.0,0.0,0.0,0.0,0.0,0.0,0.0,0.0,0.0,0.0,0.0,0.0,0.0,0.0,0.0,0.0,0.0,0.0,0.0,0.0,0.0,5,0,0.0,0.30,0.00,0.00,,14.1,404,581,69.5,7362,3256,166,191,86.9,187,244,76.6,44,120,36.7,6,39,3,0,48,508,68,7,0,5,9,61,0,5,15,0.89,15,0.89,10,1,2,2,0,0,1,0.06,0,0,0,1,0,0,34,21,20,12,2,11,27,40.7,16,28,8,20,36,70,68,0,16.9,777,94,283,431,77,9,777,22,14,63.6,8,36.4,354,1989,915,9,6,1,18,11,345,15,30000,1560000
Georges-Kévin N'Koudou,MF,Tottenham,22,1,0,1.0,0.0,0,0,0,0,0,0,0,0,0.0,0.0,0.0,0.0,0.00,0.00,0.00,0.00,,,,,0.0,0.0,0.0,0.0,0.0,0.0,0.0,0.0,0.0,0.0,0.0,0.0,0.0,0.0,0.0,0.0,0.0,0.0,0.0,0.0,0.0,0.0,0.0,0.0,0,0,,0.00,0.00,,,,0,0,,0,0,0,0,,0,0,,0,0,,0,0,0,0,0,0,0,0,0,0,0,0,0,0,1,,1,,0,0,0,0,1,0,0,,0,0,0,0,0,0,0,0,0,0,0,0,0,,0,0,0,0,0,0,1,0,0.0,1,1,1,0,0,0,1,0,0,,0,,0,0,0,0,0,0,0,0,0,0,0.0,0.0
Georges-Kévin N'Koudou,"MF,FW",Burnley,22,8,2,228.0,2.5,0,0,0,0,0,0,1,0,0.1,0.1,0.0,0.2,0.00,0.00,0.00,0.00,0.06,0.02,0.06,0.08,0.0,0.0,0.0,0.0,0.0,0.0,0.0,0.0,0.0,0.0,0.0,0.0,0.0,0.0,0.0,0.0,0.0,0.0,0.0,0.0,0.0,0.0,0.0,0.0,0,0,,0.00,0.00,,,,0,0,,0,0,0,0,,0,0,,0,0,,0,0,0,0,0,0,0,0,0,0,0,0,0,0,1,,1,,0,0,0,0,1,0,0,,0,0,0,0,0,0,0,0,0,0,0,0,0,,0,0,0,0,0,0,1,0,0.0,1,1,1,0,0,0,1,0,0,,0,,0,0,0,0,0,0,0,0,0,0,0.0,0.0
Georginio Wijnaldum,MF,Liverpool,26,33,27,2387.0,26.5,1,2,3,1,0,0,1,0,2.8,2.8,1.2,4.0,0.04,0.08,0.11,0.04,0.11,0.05,0.11,0.15,0.0,0.0,0.0,0.0,0.0,0.0,0.0,0.0,0.0,0.0,0.0,0.0,0.0,0.0,0.0,0.0,0.0,0.0,0.0,0.0,0.0,0.0,0.0,0.0,38,9,23.7,1.43,0.34,0.03,0.11,19.0,1145,1283,89.2,18447,3622,542,594,91.2,489,533,91.7,71,90,78.9,22,94,10,1,116,1245,29,8,2,8,2,6,1,9,56,2.11,56,2.11,47,0,4,4,0,1,5,0.19,5,0,0,0,0,0,34,23,13,16,5,11,23,47.8,12,20,2,18,25,59,20,0,26.5,1475,19,195,956,350,42,1475,55,42,76.4,13,23.6,935,5136,2318,49,35,3,34,36,1092,84,75000,3900000
Gerard Deulofeu,"FW,MF",Watford,23,7,5,435.0,4.8,1,0,1,1,0,0,0,0,0.5,0.5,0.6,1.1,0.21,0.00,0.21,0.21,0.11,0.13,0.11,0.24,0.0,0.0,0.0,0.0,0.0,0.0,0.0,0.0,0.0,0.0,0.0,0.0,0.0,0.0,0.0,0.0,0.0,0.0,0.0,0.0,0.0,0.0,0.0,0.0,8,4,50.0,1.66,0.83,0.13,0.25,20.1,110,160,68.8,1602,455,60,80,75.0,31,42,73.8,9,14,64.3,11,12,5,1,13,150,9,1,1,0,15,2,6,1,17,3.52,17,3.52,9,3,2,1,2,0,1,0.21,0,0,0,0,1,0,5,3,2,2,1,2,11,18.2,9,0,0,0,4,9,3,1,4.8,215,5,20,80,123,25,215,27,17,63.0,10,37.0,152,1047,548,23,14,11,16,7,147,32,85423,4442000
Glen Johnson,DF,Stoke City,32,9,7,547.0,6.1,0,0,0,0,0,0,3,0,0.1,0.1,0.2,0.3,0.00,0.00,0.00,0.00,0.01,0.03,0.01,0.05,0.0,0.0,0.0,0.0,0.0,0.0,0.0,0.0,0.0,0.0,0.0,0.0,0.0,0.0,0.0,0.0,0.0,0.0,0.0,0.0,0.0,0.0,0.0,0.0,2,1,50.0,0.33,0.16,0.00,0.00,21.0,159,242,65.7,3160,1662,67,77,87.0,63,91,69.2,25,59,42.4,4,18,9,2,23,187,54,9,0,1,8,45,0,1,11,1.81,11,1.81,8,0,1,1,1,0,0,0.00,0,0,0,0,0,0,7,5,5,2,0,3,12,25.0,9,7,2,5,10,17,23,0,6.1,294,26,110,135,52,8,294,4,3,75.0,1,25.0,136,604,281,5,4,1,4,6,135,9,30000,1560000
Glenn Murray,FW,Brighton,33,35,25,2192.0,24.4,12,0,12,8,4,6,9,0,11.9,7.5,1.6,9.1,0.49,0.00,0.49,0.33,0.49,0.07,0.31,0.37,0.0,0.0,0.0,0.0,0.0,0.0,0.0,0.0,0.0,0.0,0.0,0.0,0.0,0.0,0.0,0.0,0.0,0.0,0.0,0.0,0.0,0.0,0.0,0.0,47,19,40.4,1.93,0.78,0.17,0.42,14.6,366,678,54.0,4451,813,212,364,58.2,105,181,58.0,7,26,26.9,17,23,6,0,38,656,17,1,4,0,9,0,0,5,43,1.76,43,1.76,32,0,2,3,5,1,4,0.16,2,0,0,0,2,0,18,12,4,11,3,2,18,11.1,16,16,4,12,5,23,27,0,24.4,917,36,68,488,367,97,911,24,7,29.2,17,70.8,493,1495,368,12,6,6,75,35,746,138,30000,1560000
Granit Xhaka,MF,Arsenal,24,38,37,3260.0,36.2,1,7,8,1,0,0,10,0,2.4,2.4,3.4,5.8,0.03,0.19,0.22,0.03,0.07,0.09,0.07,0.16,0.0,0.0,0.0,0.0,0.0,0.0,0.0,0.0,0.0,0.0,0.0,0.0,0.0,0.0,0.0,0.0,0.0,0.0,0.0,0.0,0.0,0.0,0.0,0.0,66,17,25.8,1.82,0.47,0.02,0.06,27.7,2755,3248,84.8,49833,14812,1175,1279,91.9,1200,1368,87.7,315,473,66.6,39,358,44,1,424,3056,180,73,11,37,102,18,89,12,113,3.12,113,3.12,85,19,3,3,1,2,18,0.50,11,5,0,1,0,1,78,57,35,40,3,26,69,37.7,43,30,9,21,37,115,68,4,36.2,3570,101,567,2208,811,23,3570,24,18,75.0,6,25.0,2371,10156,5144,67,69,4,35,20,2684,64,80000,4160000
Grzegorz Krychowiak,MF,West Brom,27,27,20,1641.0,18.2,0,2,2,0,0,0,2,0,0.8,0.8,1.8,2.6,0.00,0.11,0.11,0.00,0.04,0.10,0.04,0.14,0.0,0.0,0.0,0.0,0.0,0.0,0.0,0.0,0.0,0.0,0.0,0.0,0.0,0.0,0.0,0.0,0.0,0.0,0.0,0.0,0.0,0.0,0.0,0.0,17,3,17.6,0.93,0.16,0.00,0.00,23.3,641,831,77.1,11378,3332,301,354,85.0,248,303,81.8,70,122,57.4,13,76,9,1,101,796,34,16,6,12,18,0,11,1,43,2.36,43,2.36,32,3,4,1,1,2,3,0.16,2,0,0,0,1,0,39,24,18,17,4,12,49,24.5,37,23,5,18,45,84,23,0,18.2,1025,37,217,623,205,7,1025,27,19,70.4,8,29.6,576,3126,1372,22,29,2,16,20,644,25,82019,4265000
Guido Carrillo,FW,Southampton,26,7,5,450.0,5.0,0,1,1,0,0,0,0,0,0.7,0.7,0.4,1.0,0.00,0.20,0.20,0.00,0.13,0.08,0.13,0.21,0.0,0.0,0.0,0.0,0.0,0.0,0.0,0.0,0.0,0.0,0.0,0.0,0.0,0.0,0.0,0.0,0.0,0.0,0.0,0.0,0.0,0.0,0.0,0.0,11,4,36.4,2.20,0.80,0.00,0.00,13.3,81,124,65.3,936,171,54,74,73.0,17,27,63.0,2,3,66.7,4,3,3,0,8,119,4,0,1,0,0,0,0,1,11,2.20,11,2.20,9,0,1,1,0,0,1,0.20,1,0,0,0,0,0,5,1,0,3,2,0,1,0.0,1,4,0,4,0,5,5,0,5.0,169,5,9,87,75,25,169,4,3,75.0,1,25.0,67,235,71,3,4,1,12,2,119,32,60000,3120000
Gylfi Sigurðsson,"MF,FW",Everton,27,27,25,2259.0,25.1,4,3,7,4,0,0,2,0,3.0,3.0,3.9,6.9,0.16,0.12,0.28,0.16,0.12,0.16,0.12,0.28,0.0,0.0,0.0,0.0,0.0,0.0,0.0,0.0,0.0,0.0,0.0,0.0,0.0,0.0,0.0,0.0,0.0,0.0,0.0,0.0,0.0,0.0,0.0,0.0,39,12,30.8,1.55,0.48,0.10,0.33,20.3,562,861,65.3,8212,2826,297,360,82.5,176,234,75.2,45,171,26.3,38,58,10,1,77,703,152,63,6,0,150,5,75,6,78,3.11,78,3.11,42,25,6,2,2,1,7,0.28,4,2,1,0,0,0,38,26,15,14,9,16,57,28.1,41,37,7,30,34,72,36,0,25.1,1131,35,182,455,503,59,1131,31,20,64.5,11,35.5,513,2237,960,29,16,10,53,25,620,110,0.0,0.0
Hal Robson-Kanu,"FW,MF",West Brom,28,21,8,827.0,9.2,2,0,2,2,0,0,2,1,2.4,2.4,0.4,2.8,0.22,0.00,0.22,0.22,0.26,0.04,0.26,0.31,0.0,0.0,0.0,0.0,0.0,0.0,0.0,0.0,0.0,0.0,0.0,0.0,0.0,0.0,0.0,0.0,0.0,0.0,0.0,0.0,0.0,0.0,0.0,0.0,19,8,42.1,2.07,0.87,0.11,0.25,13.5,127,208,61.1,1671,458,76,104,73.1,33,52,63.5,7,21,33.3,8,15,5,2,24,198,8,0,1,0,19,3,0,2,21,2.29,21,2.29,14,0,3,0,4,0,2,0.22,0,0,2,0,0,0,5,4,1,2,2,0,13,0.0,13,9,3,6,4,9,9,0,9.2,323,9,38,123,166,31,323,23,14,60.9,9,39.1,222,1304,491,17,15,4,31,28,246,63,35000,1820000
Hamza Choudhury,"MF,DF",Leicester City,19,8,4,378.0,4.2,0,1,1,0,0,0,1,0,0.0,0.0,0.4,0.4,0.00,0.24,0.24,0.00,0.01,0.09,0.01,0.10,0.0,0.0,0.0,0.0,0.0,0.0,0.0,0.0,0.0,0.0,0.0,0.0,0.0,0.0,0.0,0.0,0.0,0.0,0.0,0.0,0.0,0.0,0.0,0.0,2,0,0.0,0.48,0.00,0.00,,30.6,139,169,82.2,2428,830,65,72,90.3,53,60,88.3,16,27,59.3,1,21,0,0,16,162,6,0,1,5,1,3,0,1,2,0.48,2,0.48,1,1,0,0,0,0,1,0.24,1,0,0,0,0,0,9,5,6,3,0,2,10,20.0,8,12,1,11,8,17,4,0,4.2,213,9,58,140,18,0,213,1,0,0.0,1,100.0,120,590,239,2,4,0,4,2,122,1,7500,390000
Harry Arter,MF,Bournemouth,27,13,11,960.0,10.7,1,0,1,1,0,0,4,0,0.3,0.3,0.2,0.5,0.09,0.00,0.09,0.09,0.03,0.02,0.03,0.05,0.0,0.0,0.0,0.0,0.0,0.0,0.0,0.0,0.0,0.0,0.0,0.0,0.0,0.0,0.0,0.0,0.0,0.0,0.0,0.0,0.0,0.0,0.0,0.0,11,1,9.1,1.03,0.09,0.09,1.00,26.1,513,592,86.7,9905,2945,175,194,90.2,275,300,91.7,58,88,65.9,3,69,6,0,68,563,29,27,1,6,5,1,1,0,23,2.16,23,2.16,19,2,0,0,0,2,1,0.09,0,0,0,0,0,1,19,16,10,7,2,6,23,26.1,17,18,5,13,9,28,6,0,10.7,673,17,130,455,98,1,673,8,4,50.0,4,50.0,364,2100,965,14,10,0,8,8,489,8,40000,2080000
Harry Kane,FW,Tottenham,24,37,35,3076.0,34.2,30,2,32,28,2,3,5,0,24.8,22.4,2.7,25.1,0.88,0.06,0.94,0.82,0.72,0.08,0.66,0.73,0.0,0.0,0.0,0.0,0.0,0.0,0.0,0.0,0.0,0.0,0.0,0.0,0.0,0.0,0.0,0.0,0.0,0.0,0.0,0.0,0.0,0.0,0.0,0.0,181,72,39.8,5.30,2.11,0.15,0.39,16.9,477,696,68.5,8715,2185,231,301,76.7,153,216,70.8,71,109,65.1,32,53,24,2,94,658,28,4,13,26,20,9,1,10,125,3.66,125,3.66,71,1,22,21,9,1,14,0.41,9,0,4,1,0,0,17,12,2,8,7,4,15,26.7,11,15,4,11,5,22,19,0,34.2,1108,24,37,406,677,214,1105,96,47,49.0,48,50.0,725,4128,1401,58,30,26,64,60,894,261,100000,5200000
Harry Maguire,DF,Leicester City,24,38,38,3420.0,38.0,2,4,6,2,0,0,7,0,2.8,2.8,4.1,6.9,0.05,0.11,0.16,0.05,0.07,0.11,0.07,0.18,0.0,0.0,0.0,0.0,0.0,0.0,0.0,0.0,0.0,0.0,0.0,0.0,0.0,0.0,0.0,0.0,0.0,0.0,0.0,0.0,0.0,0.0,0.0,0.0,30,8,26.7,0.79,0.21,0.07,0.25,12.3,1379,1781,77.4,28888,11021,448,539,83.1,660,769,85.8,240,407,59.0,18,128,8,1,178,1711,59,44,2,29,15,15,0,11,49,1.29,49,1.29,34,1,7,3,3,1,6,0.16,6,0,0,0,0,0,63,46,47,15,1,26,43,60.5,17,35,28,7,48,111,181,1,38.0,2183,243,951,1067,201,80,2183,60,51,85.0,9,15.0,1082,8307,4619,58,33,8,25,18,1174,18,40000,2080000
Harry Winks,MF,Tottenham,21,16,9,774.0,8.6,0,1,1,0,0,0,0,0,0.1,0.1,0.5,0.6,0.00,0.12,0.12,0.00,0.01,0.06,0.01,0.07,0.0,0.0,0.0,0.0,0.0,0.0,0.0,0.0,0.0,0.0,0.0,0.0,0.0,0.0,0.0,0.0,0.0,0.0,0.0,0.0,0.0,0.0,0.0,0.0,3,0,0.0,0.35,0.00,0.00,,29.6,581,655,88.7,10538,2401,251,271,92.6,273,302,90.4,53,66,80.3,10,76,5,2,69,641,12,7,4,3,10,1,0,2,16,1.86,16,1.86,15,0,0,0,0,1,2,0.23,2,0,0,0,0,0,15,12,8,5,2,8,16,50.0,8,12,2,10,11,26,10,1,8.6,731,20,109,506,128,2,731,10,8,80.0,2,20.0,405,1927,849,14,16,2,17,9,569,17,25000,1300000
Harvey Barnes,"MF,FW",Leicester City,19,3,0,10.0,0.1,0,0,0,0,0,0,0,0,0.1,0.1,0.0,0.1,0.00,0.00,0.00,0.00,0.64,0.00,0.64,0.64,0.0,0.0,0.0,0.0,0.0,0.0,0.0,0.0,0.0,0.0,0.0,0.0,0.0,0.0,0.0,0.0,0.0,0.0,0.0,0.0,0.0,0.0,0.0,0.0,1,0,0.0,9.00,0.00,0.00,,9.6,6,7,85.7,84,16,4,4,100.0,2,3,66.7,0,0,,0,0,0,0,2,6,1,0,0,0,1,0,1,0,1,9.00,1,9.00,0,0,0,1,0,0,0,0.00,0,0,0,0,0,0,0,0,0,0,0,0,0,,0,0,0,0,0,0,0,0,0.1,9,0,0,3,6,2,9,0,0,,0,,3,12,12,0,1,0,1,0,6,2,3000,156000
Henri Saivet,MF,Newcastle Utd,26,1,1,83.0,0.9,1,0,1,1,0,0,0,0,0.1,0.1,0.0,0.1,1.08,0.00,1.08,1.08,0.05,0.00,0.05,0.05,0.0,0.0,0.0,0.0,0.0,0.0,0.0,0.0,0.0,0.0,0.0,0.0,0.0,0.0,0.0,0.0,0.0,0.0,0.0,0.0,0.0,0.0,0.0,0.0,1,1,100.0,1.08,1.08,1.00,1.00,29.5,15,26,57.7,215,29,9,10,90.0,4,9,44.4,1,5,20.0,0,1,0,0,1,24,2,0,0,0,2,0,2,0,1,1.08,1,1.08,1,0,0,0,0,0,0,0.00,0,0,0,0,0,0,5,3,4,1,0,2,5,40.0,3,0,0,0,4,9,8,1,0.9,42,5,16,23,4,0,42,0,0,,0,,7,52,40,0,0,0,0,0,8,0,0.0,0.0
Henrikh Mkhitaryan,"FW,MF",Arsenal,28,11,9,794.0,8.8,2,4,6,2,0,0,0,0,1.5,1.5,2.8,4.2,0.23,0.45,0.68,0.23,0.17,0.31,0.17,0.48,0.0,0.0,0.0,0.0,0.0,0.0,0.0,0.0,0.0,0.0,0.0,0.0,0.0,0.0,0.0,0.0,0.0,0.0,0.0,0.0,0.0,0.0,0.0,0.0,21,11,52.4,2.38,1.25,0.10,0.18,18.5,358,485,73.8,5057,1238,222,266,83.5,109,134,81.3,14,44,31.8,16,31,14,2,55,460,24,3,7,2,32,3,18,1,29,3.29,29,3.29,22,1,0,4,2,0,4,0.45,4,0,0,0,0,0,18,13,9,7,2,5,21,23.8,16,16,2,14,8,26,7,0,8.8,600,6,77,244,286,36,600,25,16,64.0,9,36.0,419,2448,1254,34,29,9,19,20,455,81,200000,10400000
Henrikh Mkhitaryan,"MF,FW",Manchester Utd,28,15,11,922.0,10.2,1,5,6,1,0,0,2,0,0.8,0.8,3.0,3.8,0.10,0.49,0.59,0.10,0.07,0.29,0.07,0.37,0.0,0.0,0.0,0.0,0.0,0.0,0.0,0.0,0.0,0.0,0.0,0.0,0.0,0.0,0.0,0.0,0.0,0.0,0.0,0.0,0.0,0.0,0.0,0.0,21,11,52.4,2.38,1.25,0.10,0.18,18.5,358,485,73.8,5057,1238,222,266,83.5,109,134,81.3,14,44,31.8,16,31,14,2,55,460,24,3,7,2,32,3,18,1,29,3.29,29,3.29,22,1,0,4,2,0,4,0.45,4,0,0,0,0,0,18,13,9,7,2,5,21,23.8,16,16,2,14,8,26,7,0,8.8,600,6,77,244,286,36,600,25,16,64.0,9,36.0,419,2448,1254,34,29,9,19,20,455,81,200000,10400000
Heurelho Gomes,GK,Watford,36,24,24,2128.0,23.6,0,0,0,0,0,0,0,0,0.0,0.0,0.0,0.0,0.00,0.00,0.00,0.00,0.00,0.00,0.00,0.00,1.69,100,61,63.0,5,20.8,36.0,0.34,199,483,41.2,566,115,60.4,42.3,179,78.8,56.5,342,15,4.4,18,0.76,12.2,0,0,,0.00,0.00,,,,446,754,59.2,17194,14524,26,26,100.0,161,163,98.8,259,556,46.6,0,10,0,0,0,452,293,114,0,1,0,0,0,9,4,0.17,4,0.17,1,3,0,0,0,0,0,0.00,0,0,0,0,0,0,0,0,0,0,0,0,1,0.0,1,1,0,1,2,2,15,3,23.6,814,669,803,11,0,0,814,0,0,,0,,385,2300,1531,0,0,0,2,0,244,0,35000,1820000
Hugo Lloris,GK,Tottenham,30,36,36,3240.0,36.0,0,0,0,0,0,0,1,0,0.0,0.0,0.0,0.0,0.00,0.00,0.00,0.00,0.00,0.00,0.00,0.00,0.97,117,82,71.8,15,41.7,33.7,0.27,154,386,39.9,938,169,29.9,33.4,227,46.7,41.5,428,17,4.0,75,2.08,15.6,0,0,,0.00,0.00,,,,916,1167,78.5,26371,18330,75,76,98.7,526,528,99.6,315,561,56.1,0,9,1,0,0,883,282,55,0,6,0,0,0,2,4,0.11,4,0.11,3,1,0,0,0,0,1,0.03,1,0,0,0,0,0,1,1,1,0,0,1,4,25.0,3,0,0,0,2,3,34,8,36.0,1250,1102,1248,2,0,0,1250,1,1,100.0,0,0.0,608,2867,1674,0,0,0,0,0,602,0,100000,5200000
Héctor Bellerín,DF,Arsenal,22,35,34,3051.0,33.9,2,3,5,2,0,0,5,0,2.2,2.2,3.9,6.2,0.06,0.09,0.15,0.06,0.07,0.12,0.07,0.18,0.0,0.0,0.0,0.0,0.0,0.0,0.0,0.0,0.0,0.0,0.0,0.0,0.0,0.0,0.0,0.0,0.0,0.0,0.0,0.0,0.0,0.0,0.0,0.0,29,8,27.6,0.86,0.24,0.07,0.25,17.3,1833,2193,83.6,27194,7214,1018,1118,91.1,705,814,86.6,61,116,52.6,32,82,53,10,134,1902,285,4,7,4,64,281,0,6,85,2.51,85,2.51,76,2,1,2,3,1,8,0.24,7,0,0,1,0,0,57,43,36,12,9,25,52,48.1,27,42,8,34,23,80,89,4,33.9,2523,119,578,1082,877,103,2523,46,25,54.3,21,45.7,1446,7149,3993,84,62,19,40,31,1651,333,110000,5720000
Ibrahim Afellay,MF,Stoke City,31,6,1,166.0,1.8,0,0,0,0,0,0,1,0,0.0,0.0,0.0,0.0,0.00,0.00,0.00,0.00,0.00,0.00,0.00,0.00,0.0,0.0,0.0,0.0,0.0,0.0,0.0,0.0,0.0,0.0,0.0,0.0,0.0,0.0,0.0,0.0,0.0,0.0,0.0,0.0,0.0,0.0,0.0,0.0,0,0,,0.00,0.00,,,,72,82,87.8,1326,256,29,32,90.6,35,39,89.7,6,8,75.0,0,6,0,0,4,81,1,0,0,0,0,1,0,0,0,0.00,0,0.00,0,0,0,0,0,0,0,0.00,0,0,0,0,0,0,3,3,0,3,0,1,2,50.0,1,1,0,1,1,4,1,0,1.8,89,0,18,63,12,0,89,1,1,100.0,0,0.0,61,214,50,0,0,0,1,3,64,1,25000,1300000
Idrissa Gana Gueye,MF,Everton,27,33,32,2750.0,30.6,2,1,3,2,0,0,8,2,1.5,1.5,0.8,2.4,0.07,0.03,0.10,0.07,0.05,0.03,0.05,0.08,0.0,0.0,0.0,0.0,0.0,0.0,0.0,0.0,0.0,0.0,0.0,0.0,0.0,0.0,0.0,0.0,0.0,0.0,0.0,0.0,0.0,0.0,0.0,0.0,23,7,30.4,0.75,0.23,0.09,0.29,25.3,1338,1593,84.0,21000,5702,706,793,89.0,479,558,85.8,93,132,70.5,16,152,12,3,128,1556,29,18,1,9,11,8,0,8,49,1.60,49,1.60,40,0,2,0,3,4,3,0.10,1,0,0,0,0,2,117,93,65,41,11,35,86,40.7,51,59,9,50,62,179,48,1,30.6,1961,59,443,1220,320,11,1961,27,18,66.7,9,33.3,1009,5042,2344,26,28,2,42,32,1168,27,70000,3640000
Isaac Hayden,MF,Newcastle Utd,22,26,15,1374.0,15.3,1,0,1,1,0,0,7,0,1.0,1.0,0.6,1.6,0.07,0.00,0.07,0.07,0.06,0.04,0.06,0.10,0.0,0.0,0.0,0.0,0.0,0.0,0.0,0.0,0.0,0.0,0.0,0.0,0.0,0.0,0.0,0.0,0.0,0.0,0.0,0.0,0.0,0.0,0.0,0.0,14,9,64.3,0.92,0.59,0.07,0.11,22.1,405,550,73.6,6070,1768,226,279,81.0,142,183,77.6,20,41,48.8,11,37,12,5,45,532,15,5,0,1,17,3,0,3,28,1.83,28,1.83,22,0,2,2,0,2,2,0.13,2,0,0,0,0,0,40,23,23,16,1,12,34,35.3,22,21,6,15,23,63,43,0,15.3,731,49,182,413,142,18,731,13,6,46.2,7,53.8,307,1220,472,17,6,6,10,23,370,23,22000,1144000
Islam Slimani,FW,Newcastle Utd,29,4,1,132.0,1.5,0,0,0,0,0,0,1,0,0.0,0.0,0.4,0.4,0.00,0.00,0.00,0.00,0.00,0.28,0.00,0.28,0.0,0.0,0.0,0.0,0.0,0.0,0.0,0.0,0.0,0.0,0.0,0.0,0.0,0.0,0.0,0.0,0.0,0.0,0.0,0.0,0.0,0.0,0.0,0.0,7,4,57.1,2.53,1.45,0.14,0.25,13.7,78,116,67.2,808,168,48,65,73.8,17,24,70.8,1,2,50.0,2,1,5,0,7,114,1,0,0,0,3,0,0,1,9,3.25,9,3.25,6,1,2,0,0,0,3,1.08,2,0,1,0,0,0,2,2,1,1,0,1,4,25.0,3,2,0,2,0,2,2,0,2.8,147,3,7,66,76,14,147,6,3,50.0,3,50.0,79,386,136,5,4,1,10,6,126,25,80000,4160000
Islam Slimani,FW,Leicester City,29,12,2,249.0,2.8,1,1,2,1,0,0,0,0,1.5,1.5,0.2,1.7,0.36,0.36,0.72,0.36,0.55,0.07,0.55,0.63,0.0,0.0,0.0,0.0,0.0,0.0,0.0,0.0,0.0,0.0,0.0,0.0,0.0,0.0,0.0,0.0,0.0,0.0,0.0,0.0,0.0,0.0,0.0,0.0,7,4,57.1,2.53,1.45,0.14,0.25,13.7,78,116,67.2,808,168,48,65,73.8,17,24,70.8,1,2,50.0,2,1,5,0,7,114,1,0,0,0,3,0,0,1,9,3.25,9,3.25,6,1,2,0,0,0,3,1.08,2,0,1,0,0,0,2,2,1,1,0,1,4,25.0,3,2,0,2,0,2,2,0,2.8,147,3,7,66,76,14,147,6,3,50.0,3,50.0,79,386,136,5,4,1,10,6,126,25,80000,4160000
Izzy Brown,"MF,FW",Brighton,20,13,4,311.0,3.5,0,0,0,0,0,0,0,0,0.1,0.1,0.8,0.9,0.00,0.00,0.00,0.00,0.02,0.24,0.02,0.26,0.0,0.0,0.0,0.0,0.0,0.0,0.0,0.0,0.0,0.0,0.0,0.0,0.0,0.0,0.0,0.0,0.0,0.0,0.0,0.0,0.0,0.0,0.0,0.0,1,1,100.0,0.29,0.29,0.00,0.00,18.1,93,139,66.9,1306,279,53,65,81.5,30,45,66.7,5,9,55.6,6,8,4,2,9,134,3,0,0,1,7,1,0,2,12,3.48,12,3.48,9,0,1,0,2,0,0,0.00,0,0,0,0,0,0,3,3,2,1,0,1,7,14.3,6,3,0,3,1,4,3,0,3.5,167,4,25,80,65,5,167,10,6,60.0,4,40.0,101,623,244,9,5,2,4,7,127,22,0.0,0.0
Jack Butland,GK,Stoke City,24,35,35,3150.0,35.0,0,0,0,0,0,0,0,0,0.0,0.0,0.0,0.0,0.00,0.00,0.00,0.00,0.00,0.00,0.00,0.00,1.74,201,142,72.1,6,17.1,61.7,0.29,377,969,38.9,934,103,71.1,48.4,338,90.2,62.4,609,25,4.1,39,1.11,13.7,0,0,,0.00,0.00,,,,643,1283,50.1,28682,25851,35,36,97.2,163,173,94.2,444,1062,41.8,1,54,0,0,0,765,507,169,0,1,0,0,0,11,10,0.29,10,0.29,6,4,0,0,0,0,0,0.00,0,0,0,0,0,0,1,1,1,0,0,1,1,100.0,0,1,0,1,1,2,26,1,35.0,1403,1123,1385,18,0,0,1403,1,0,0.0,1,100.0,585,4648,3132,0,0,0,2,0,421,0,35000,1820000
Jack Cork,MF,Burnley,28,38,38,3420.0,38.0,2,1,3,2,0,0,7,0,2.2,2.2,1.1,3.3,0.05,0.03,0.08,0.05,0.06,0.03,0.06,0.09,0.0,0.0,0.0,0.0,0.0,0.0,0.0,0.0,0.0,0.0,0.0,0.0,0.0,0.0,0.0,0.0,0.0,0.0,0.0,0.0,0.0,0.0,0.0,0.0,15,5,33.3,0.39,0.13,0.13,0.40,17.6,1281,1608,79.7,21883,5582,583,680,85.7,499,597,83.6,136,208,65.4,19,127,11,1,165,1581,22,8,0,10,19,0,2,5,67,1.76,67,1.76,53,2,2,3,5,2,5,0.13,4,0,0,1,0,0,60,44,25,27,8,20,62,32.3,42,36,15,21,41,101,86,1,38.0,1959,91,394,1281,315,21,1959,42,31,73.8,11,26.2,966,4955,1898,39,40,2,67,44,1159,41,35000,1820000
Jack Simpson,DF,Bournemouth,20,1,1,71.0,0.8,0,0,0,0,0,0,0,0,0.0,0.0,0.0,0.0,0.00,0.00,0.00,0.00,0.00,0.00,0.00,0.00,0.0,0.0,0.0,0.0,0.0,0.0,0.0,0.0,0.0,0.0,0.0,0.0,0.0,0.0,0.0,0.0,0.0,0.0,0.0,0.0,0.0,0.0,0.0,0.0,0,0,,0.00,0.00,,,,4,5,80.0,67,10,2,2,100.0,1,1,100.0,1,2,50.0,0,0,0,0,0,5,0,0,0,0,0,0,0,0,0,0.00,0,0.00,0,0,0,0,0,0,0,0.00,0,0,0,0,0,0,1,1,1,0,0,0,1,0.0,1,1,0,1,0,1,4,0,0.8,11,6,10,1,0,0,11,0,0,,0,,2,2,0,0,0,0,0,0,4,0,3000,156000
Jack Stephens,DF,Southampton,23,22,22,1980.0,22.0,2,0,2,2,0,0,6,1,1.3,1.3,0.2,1.6,0.09,0.00,0.09,0.09,0.06,0.01,0.06,0.07,0.0,0.0,0.0,0.0,0.0,0.0,0.0,0.0,0.0,0.0,0.0,0.0,0.0,0.0,0.0,0.0,0.0,0.0,0.0,0.0,0.0,0.0,0.0,0.0,11,4,36.4,0.50,0.18,0.18,0.50,11.5,737,983,75.0,13440,5815,314,350,89.7,337,418,80.6,73,168,43.5,4,43,1,1,45,906,76,31,1,9,9,45,0,1,10,0.45,10,0.45,8,0,1,1,0,0,0,0.00,0,0,0,0,0,0,29,20,24,5,0,13,25,52.0,12,30,18,12,41,70,108,2,22.0,1211,146,534,615,75,22,1211,25,17,68.0,8,32.0,624,3404,2123,24,14,2,12,5,648,14,10000,520000
Jack Wilshere,MF,Arsenal,25,20,12,1193.0,13.3,1,3,4,1,0,0,6,0,1.1,1.1,2.6,3.7,0.08,0.23,0.30,0.08,0.08,0.19,0.08,0.28,0.0,0.0,0.0,0.0,0.0,0.0,0.0,0.0,0.0,0.0,0.0,0.0,0.0,0.0,0.0,0.0,0.0,0.0,0.0,0.0,0.0,0.0,0.0,0.0,15,5,33.3,1.13,0.38,0.07,0.20,19.0,701,819,85.6,10179,2912,388,427,90.9,230,261,88.1,43,69,62.3,15,64,16,1,108,794,19,16,9,3,3,2,1,6,49,3.70,49,3.70,35,0,5,1,7,1,5,0.38,4,0,1,0,0,0,15,10,3,7,5,4,20,20.0,16,10,2,8,8,23,5,0,13.3,938,13,112,528,322,23,938,55,45,81.8,10,18.2,679,4602,2576,62,40,6,24,25,745,39,90000,4680000
Jacob Murphy,"MF,FW",Newcastle Utd,22,25,13,1148.0,12.8,1,1,2,1,0,0,0,0,1.8,1.8,1.3,3.1,0.08,0.08,0.16,0.08,0.14,0.10,0.14,0.24,0.0,0.0,0.0,0.0,0.0,0.0,0.0,0.0,0.0,0.0,0.0,0.0,0.0,0.0,0.0,0.0,0.0,0.0,0.0,0.0,0.0,0.0,0.0,0.0,22,7,31.8,1.72,0.55,0.05,0.14,22.3,194,325,59.7,2872,1007,117,158,74.1,53,87,60.9,14,45,31.1,10,15,14,5,32,316,8,1,0,2,40,3,4,1,28,2.20,28,2.20,18,1,4,3,2,0,3,0.24,2,0,0,1,0,0,13,10,5,4,4,7,27,25.9,20,16,0,16,6,19,13,2,12.8,480,12,93,184,220,29,480,58,34,58.6,23,39.7,312,2754,1415,48,29,16,35,29,303,85,25000,1300000
Jake Livermore,MF,West Brom,27,34,30,2674.0,29.7,2,2,4,2,0,0,5,0,2.3,2.3,1.9,4.2,0.07,0.07,0.13,0.07,0.08,0.06,0.08,0.14,0.0,0.0,0.0,0.0,0.0,0.0,0.0,0.0,0.0,0.0,0.0,0.0,0.0,0.0,0.0,0.0,0.0,0.0,0.0,0.0,0.0,0.0,0.0,0.0,15,4,26.7,0.50,0.13,0.13,0.50,18.2,878,1133,77.5,15708,4533,374,443,84.4,372,449,82.9,106,169,62.7,20,108,8,3,133,1106,21,5,8,16,16,8,1,6,42,1.41,42,1.41,35,1,0,1,2,3,3,0.10,3,0,0,0,0,0,72,41,27,35,10,24,64,37.5,40,44,9,35,26,98,36,2,29.7,1385,51,276,859,263,34,1385,27,19,70.4,8,29.6,798,3614,1524,26,10,5,31,27,857,55,55000,2860000
Jamaal Lascelles,DF,Newcastle Utd,23,33,32,2928.0,32.5,3,0,3,3,0,0,5,0,1.1,1.1,0.7,1.8,0.09,0.00,0.09,0.09,0.03,0.02,0.03,0.05,0.0,0.0,0.0,0.0,0.0,0.0,0.0,0.0,0.0,0.0,0.0,0.0,0.0,0.0,0.0,0.0,0.0,0.0,0.0,0.0,0.0,0.0,0.0,0.0,12,8,66.7,0.37,0.25,0.25,0.38,12.2,918,1195,76.8,17019,7376,346,393,88.0,448,545,82.2,100,204,49.0,6,59,4,0,73,1165,26,21,0,5,2,5,0,4,17,0.52,17,0.52,15,1,0,1,0,0,0,0.00,0,0,0,0,0,0,31,19,19,11,1,12,19,63.2,7,33,24,9,28,59,232,1,32.5,1561,238,912,597,60,32,1561,6,5,83.3,1,16.7,753,3840,2275,17,10,1,4,8,777,10,15000,780000
James Collins,DF,West Ham,33,13,12,1050.0,11.7,1,0,1,1,0,0,3,0,0.3,0.3,0.2,0.5,0.09,0.00,0.09,0.09,0.03,0.02,0.03,0.05,0.0,0.0,0.0,0.0,0.0,0.0,0.0,0.0,0.0,0.0,0.0,0.0,0.0,0.0,0.0,0.0,0.0,0.0,0.0,0.0,0.0,0.0,0.0,0.0,4,1,25.0,0.34,0.09,0.25,1.00,9.9,283,389,72.8,6304,2774,74,82,90.2,148,185,80.0,61,118,51.7,2,20,2,0,24,370,19,19,0,6,0,0,0,0,7,0.60,7,0.60,6,0,0,0,0,1,0,0.00,0,0,0,0,0,0,15,9,11,4,0,8,11,72.7,3,13,10,3,16,31,120,1,11.7,567,99,287,260,21,12,567,1,1,100.0,0,0.0,205,1064,639,5,1,0,2,0,254,1,35000,1820000
James McArthur,MF,Crystal Palace,29,33,27,2431.0,27.0,5,1,6,5,0,0,5,0,3.7,3.7,2.2,5.9,0.19,0.04,0.22,0.19,0.14,0.08,0.14,0.22,0.0,0.0,0.0,0.0,0.0,0.0,0.0,0.0,0.0,0.0,0.0,0.0,0.0,0.0,0.0,0.0,0.0,0.0,0.0,0.0,0.0,0.0,0.0,0.0,30,10,33.3,1.11,0.37,0.17,0.50,12.9,854,1093,78.1,13032,3373,445,523,85.1,323,391,82.6,48,98,49.0,21,90,13,1,107,1067,21,6,3,8,11,7,0,5,53,1.96,53,1.96,47,0,1,4,1,0,2,0.07,1,0,0,1,0,0,58,44,28,27,3,23,61,37.7,38,39,2,37,36,94,44,2,27.0,1401,61,281,756,376,68,1401,38,27,71.1,11,28.9,856,3821,1413,32,25,8,51,42,876,94,40000,2080000
James McCarthy,MF,Everton,26,4,3,205.0,2.3,0,0,0,0,0,0,0,0,0.1,0.1,0.0,0.1,0.00,0.00,0.00,0.00,0.03,0.01,0.03,0.04,0.0,0.0,0.0,0.0,0.0,0.0,0.0,0.0,0.0,0.0,0.0,0.0,0.0,0.0,0.0,0.0,0.0,0.0,0.0,0.0,0.0,0.0,0.0,0.0,1,0,0.0,0.44,0.00,0.00,,17.5,73,101,72.3,1160,247,37,49,75.5,29,34,85.3,4,12,33.3,1,7,1,0,12,98,2,1,0,0,2,1,0,1,2,0.88,2,0.88,2,0,0,0,0,0,0,0.00,0,0,0,0,0,0,9,9,3,4,2,1,5,20.0,4,9,2,7,5,14,3,1,2.3,130,3,18,81,33,1,130,3,3,100.0,0,0.0,56,197,55,0,1,0,3,1,61,4,50000,2600000
James McClean,"MF,FW",West Brom,28,30,14,1406.0,15.6,1,0,1,1,0,0,7,0,1.8,1.8,0.8,2.7,0.06,0.00,0.06,0.06,0.12,0.05,0.12,0.17,0.0,0.0,0.0,0.0,0.0,0.0,0.0,0.0,0.0,0.0,0.0,0.0,0.0,0.0,0.0,0.0,0.0,0.0,0.0,0.0,0.0,0.0,0.0,0.0,30,6,20.0,1.92,0.38,0.03,0.17,20.3,288,462,62.3,4418,1011,163,201,81.1,87,131,66.4,25,76,32.9,18,12,21,18,12,432,27,2,0,2,88,13,12,3,29,1.86,29,1.86,21,1,4,1,1,1,1,0.06,0,0,1,0,0,0,40,28,23,14,3,10,55,18.2,45,18,4,14,20,60,22,0,15.6,662,21,160,234,282,31,662,40,22,55.0,17,42.5,400,2940,1385,49,29,10,30,28,409,94,40000,2080000
James Milner,MF,Liverpool,31,32,16,1775.0,19.7,0,3,3,0,0,0,3,0,1.1,1.1,3.2,4.3,0.00,0.15,0.15,0.00,0.05,0.16,0.05,0.22,0.0,0.0,0.0,0.0,0.0,0.0,0.0,0.0,0.0,0.0,0.0,0.0,0.0,0.0,0.0,0.0,0.0,0.0,0.0,0.0,0.0,0.0,0.0,0.0,21,5,23.8,1.06,0.25,0.00,0.00,19.9,1335,1636,81.6,23331,7605,622,685,90.8,548,627,87.4,136,248,54.8,34,208,37,6,219,1492,138,37,7,16,123,27,60,6,79,4.01,79,4.01,59,15,1,0,3,1,5,0.25,4,1,0,0,0,0,58,45,18,32,8,15,39,38.5,24,33,5,28,21,79,23,0,19.7,1826,39,197,1086,559,43,1826,16,12,75.0,4,25.0,1062,4925,2596,59,45,8,21,21,1353,163,140000,7280000
James Morrison,MF,West Brom,31,4,2,207.0,2.3,1,0,1,1,0,0,0,0,1.0,1.0,0.1,1.1,0.43,0.00,0.43,0.43,0.44,0.04,0.44,0.49,0.0,0.0,0.0,0.0,0.0,0.0,0.0,0.0,0.0,0.0,0.0,0.0,0.0,0.0,0.0,0.0,0.0,0.0,0.0,0.0,0.0,0.0,0.0,0.0,4,2,50.0,1.74,0.87,0.25,0.50,9.1,77,91,84.6,1111,258,44,50,88.0,23,26,88.5,5,6,83.3,3,5,1,0,11,90,0,0,0,1,2,0,0,1,6,2.61,6,2.61,6,0,0,0,0,0,0,0.00,0,0,0,0,0,0,2,1,0,2,0,1,4,25.0,3,1,1,0,1,3,1,0,2.3,104,3,13,49,43,5,104,2,2,100.0,0,0.0,66,260,117,1,2,0,2,2,82,16,50000,2600000
James Tarkowski,DF,Burnley,24,31,31,2790.0,31.0,0,0,0,0,0,0,5,0,1.4,1.4,0.8,2.2,0.00,0.00,0.00,0.00,0.05,0.03,0.05,0.07,0.0,0.0,0.0,0.0,0.0,0.0,0.0,0.0,0.0,0.0,0.0,0.0,0.0,0.0,0.0,0.0,0.0,0.0,0.0,0.0,0.0,0.0,0.0,0.0,18,4,22.2,0.58,0.13,0.00,0.00,9.9,800,1102,72.6,17749,8069,243,288,84.4,372,449,82.9,170,326,52.1,7,64,8,2,59,1078,17,17,0,25,4,0,0,7,23,0.74,23,0.74,20,0,1,2,0,0,3,0.10,2,0,0,1,0,0,46,26,36,10,0,17,38,44.7,21,55,43,12,50,96,223,2,31.0,1521,242,805,668,59,38,1521,13,11,84.6,2,15.4,622,2848,1578,5,6,1,13,7,736,8,45000,2340000
James Tomkins,DF,Crystal Palace,28,28,27,2387.0,26.5,3,0,3,3,0,0,8,0,2.2,2.2,0.1,2.3,0.11,0.00,0.11,0.11,0.08,0.00,0.08,0.09,0.0,0.0,0.0,0.0,0.0,0.0,0.0,0.0,0.0,0.0,0.0,0.0,0.0,0.0,0.0,0.0,0.0,0.0,0.0,0.0,0.0,0.0,0.0,0.0,23,8,34.8,0.87,0.30,0.13,0.38,12.6,727,892,81.5,14749,5898,240,264,90.9,368,427,86.2,111,183,60.7,1,39,1,0,45,859,31,29,0,3,1,2,0,2,7,0.26,7,0.26,4,0,0,3,0,0,1,0.04,0,0,0,1,0,0,47,26,36,10,1,16,31,51.6,15,24,12,12,63,110,216,1,26.5,1279,218,735,494,59,36,1279,6,6,100.0,0,0.0,559,2375,1123,6,8,0,7,2,582,3,50000,2600000
James Ward-Prowse,"FW,MF",Southampton,22,30,20,1716.0,19.1,3,3,6,3,0,0,3,0,2.2,2.2,2.8,5.0,0.16,0.16,0.31,0.16,0.11,0.15,0.11,0.26,0.0,0.0,0.0,0.0,0.0,0.0,0.0,0.0,0.0,0.0,0.0,0.0,0.0,0.0,0.0,0.0,0.0,0.0,0.0,0.0,0.0,0.0,0.0,0.0,28,13,46.4,1.47,0.68,0.11,0.23,22.2,631,919,68.7,10188,2960,347,404,85.9,209,293,71.3,54,155,34.8,36,50,14,6,66,765,149,45,0,4,159,8,93,5,60,3.15,60,3.15,32,23,0,5,0,0,7,0.37,3,3,0,1,0,0,23,16,9,11,3,3,27,11.1,24,29,1,28,8,31,31,0,19.1,1073,29,161,484,440,25,1073,6,5,83.3,1,16.7,524,1940,733,9,16,2,20,13,640,102,45000,2340000
Jamie Murphy,MF,Brighton,27,4,1,168.0,1.9,0,0,0,0,0,0,0,0,0.1,0.1,0.0,0.1,0.00,0.00,0.00,0.00,0.03,0.01,0.03,0.04,0.0,0.0,0.0,0.0,0.0,0.0,0.0,0.0,0.0,0.0,0.0,0.0,0.0,0.0,0.0,0.0,0.0,0.0,0.0,0.0,0.0,0.0,0.0,0.0,1,0,0.0,0.54,0.00,0.00,,16.9,37,45,82.2,633,80,15,18,83.3,19,20,95.0,2,2,100.0,1,3,0,0,4,44,1,1,0,1,2,0,0,0,3,1.61,3,1.61,3,0,0,0,0,0,0,0.00,0,0,0,0,0,0,2,2,2,0,0,2,4,50.0,2,0,0,0,1,3,3,0,1.9,57,0,16,21,23,4,57,2,1,50.0,1,50.0,41,378,201,7,4,1,3,2,42,14,0.0,0.0
Jamie Vardy,FW,Leicester City,30,37,37,3247.0,36.1,20,1,21,15,5,6,3,0,16.1,11.3,3.0,14.3,0.55,0.03,0.58,0.42,0.45,0.08,0.31,0.40,0.0,0.0,0.0,0.0,0.0,0.0,0.0,0.0,0.0,0.0,0.0,0.0,0.0,0.0,0.0,0.0,0.0,0.0,0.0,0.0,0.0,0.0,0.0,0.0,65,28,43.1,1.80,0.78,0.23,0.54,14.6,290,507,57.2,4471,789,147,223,65.9,90,166,54.2,27,46,58.7,32,14,14,4,31,495,8,0,1,6,39,1,1,4,74,2.05,74,2.05,52,0,7,7,8,0,5,0.14,2,0,1,0,2,0,15,9,3,7,5,1,8,12.5,7,21,1,20,2,17,17,0,36.1,778,16,37,277,475,157,772,57,24,42.1,32,56.1,398,2699,1125,51,23,27,63,13,550,211,100000,5200000
Jan Bednarek,DF,Southampton,21,5,5,426.0,4.7,1,0,1,1,0,0,1,0,0.2,0.2,0.0,0.2,0.21,0.00,0.21,0.21,0.03,0.00,0.03,0.03,0.0,0.0,0.0,0.0,0.0,0.0,0.0,0.0,0.0,0.0,0.0,0.0,0.0,0.0,0.0,0.0,0.0,0.0,0.0,0.0,0.0,0.0,0.0,0.0,1,1,100.0,0.21,0.21,1.00,1.00,7.4,139,193,72.0,2611,1037,51,53,96.2,72,95,75.8,16,42,38.1,0,11,0,0,14,174,19,7,0,0,0,12,0,0,2,0.42,2,0.42,2,0,0,0,0,0,0,0.00,0,0,0,0,0,0,6,3,6,0,0,3,6,50.0,3,2,1,1,5,11,27,0,4.7,236,25,102,132,3,2,236,1,0,0.0,1,100.0,128,405,204,0,1,0,1,0,128,0,20000,1040000
Jan Vertonghen,DF,Tottenham,30,36,36,3203.0,35.6,0,0,0,0,0,0,4,0,1.0,1.0,0.8,1.7,0.00,0.00,0.00,0.00,0.03,0.02,0.03,0.05,0.0,0.0,0.0,0.0,0.0,0.0,0.0,0.0,0.0,0.0,0.0,0.0,0.0,0.0,0.0,0.0,0.0,0.0,0.0,0.0,0.0,0.0,0.0,0.0,24,3,12.5,0.67,0.08,0.00,0.00,21.9,2181,2542,85.8,45152,16163,618,682,90.6,1263,1380,91.5,287,439,65.4,12,215,10,1,243,2438,100,65,2,25,15,35,0,4,48,1.35,48,1.35,40,2,0,3,1,2,3,0.08,2,0,0,1,0,0,64,41,40,20,4,25,36,69.4,11,29,11,18,60,124,177,0,35.6,2926,192,1158,1616,177,26,2926,38,30,78.9,8,21.1,1487,8706,5616,68,34,3,18,6,1906,29,89154,4636000
Jason Puncheon,MF,Crystal Palace,31,10,6,571.0,6.3,0,0,0,0,0,0,5,0,1.2,1.2,0.5,1.7,0.00,0.00,0.00,0.00,0.19,0.07,0.19,0.26,0.0,0.0,0.0,0.0,0.0,0.0,0.0,0.0,0.0,0.0,0.0,0.0,0.0,0.0,0.0,0.0,0.0,0.0,0.0,0.0,0.0,0.0,0.0,0.0,10,2,20.0,1.58,0.32,0.00,0.00,19.0,207,261,79.3,3199,955,114,129,88.4,68,79,86.1,14,35,40.0,5,18,8,1,31,234,26,6,0,1,20,2,15,1,18,2.84,18,2.84,11,3,2,1,1,0,0,0.00,0,0,0,0,0,0,13,4,3,7,3,1,5,20.0,4,3,0,3,5,18,4,0,6.3,313,2,38,165,113,10,313,5,4,80.0,1,20.0,185,851,338,8,9,0,7,15,204,19,35000,1820000
Javier Hernández,FW,West Ham,29,28,16,1548.0,17.2,8,0,8,8,0,0,3,0,5.0,5.0,1.3,6.3,0.47,0.00,0.47,0.47,0.29,0.08,0.29,0.37,0.0,0.0,0.0,0.0,0.0,0.0,0.0,0.0,0.0,0.0,0.0,0.0,0.0,0.0,0.0,0.0,0.0,0.0,0.0,0.0,0.0,0.0,0.0,0.0,29,16,55.2,1.69,0.93,0.28,0.50,13.6,282,395,71.4,4661,798,146,194,75.3,96,130,73.8,27,42,64.3,21,21,14,6,31,363,30,3,4,5,18,2,1,2,44,2.56,44,2.56,30,0,8,1,5,0,4,0.23,0,0,2,1,1,0,11,7,2,7,2,3,14,21.4,11,6,1,5,6,17,1,0,17.2,534,5,27,279,235,52,534,33,22,66.7,11,33.3,355,1956,474,10,11,5,40,38,440,103,0.0,0.0
Javier Manquillo,DF,Newcastle Utd,23,21,20,1758.0,19.5,0,1,1,0,0,0,2,0,0.1,0.1,1.3,1.4,0.00,0.05,0.05,0.00,0.00,0.07,0.00,0.07,0.0,0.0,0.0,0.0,0.0,0.0,0.0,0.0,0.0,0.0,0.0,0.0,0.0,0.0,0.0,0.0,0.0,0.0,0.0,0.0,0.0,0.0,0.0,0.0,2,0,0.0,0.10,0.00,0.00,,11.6,561,766,73.2,8676,3549,306,363,84.3,202,278,72.7,36,78,46.2,11,35,7,5,55,568,196,2,0,2,30,194,0,2,27,1.38,27,1.38,18,5,1,1,2,0,2,0.10,2,0,0,0,0,0,36,22,25,8,3,15,30,50.0,15,25,6,19,18,54,65,0,19.5,954,65,293,451,218,10,954,24,12,50.0,12,50.0,369,2133,1171,29,28,2,18,11,434,33,25000,1300000
Jay Fulton,MF,Swansea City,23,2,0,19.0,0.2,0,0,0,0,0,0,1,0,0.0,0.0,0.0,0.0,0.00,0.00,0.00,0.00,0.00,0.00,0.00,0.00,0.0,0.0,0.0,0.0,0.0,0.0,0.0,0.0,0.0,0.0,0.0,0.0,0.0,0.0,0.0,0.0,0.0,0.0,0.0,0.0,0.0,0.0,0.0,0.0,0,0,,0.00,0.00,,,,5,8,62.5,83,10,1,2,50.0,4,6,66.7,0,0,,0,0,0,0,0,8,0,0,0,0,0,0,0,0,0,0.00,0,0.00,0,0,0,0,0,0,0,0.00,0,0,0,0,0,0,0,0,0,0,0,0,0,,0,0,0,0,0,0,1,0,0.2,10,1,2,6,2,0,10,0,0,,0,,3,13,0,0,0,0,1,0,3,0,0.0,0.0
Jay Rodriguez,"FW,MF",West Brom,28,37,31,2812.0,31.2,7,1,8,6,1,1,2,0,8.4,7.6,1.6,9.2,0.22,0.03,0.26,0.19,0.27,0.05,0.24,0.30,0.0,0.0,0.0,0.0,0.0,0.0,0.0,0.0,0.0,0.0,0.0,0.0,0.0,0.0,0.0,0.0,0.0,0.0,0.0,0.0,0.0,0.0,0.0,0.0,68,23,33.8,2.18,0.74,0.09,0.26,17.6,517,740,69.9,7189,1909,311,379,82.1,129,197,65.5,30,71,42.3,21,51,14,2,52,691,47,2,4,6,30,4,3,2,56,1.79,56,1.79,33,0,6,7,9,1,2,0.06,2,0,0,0,0,0,31,21,12,11,8,9,50,18.0,41,32,2,30,19,50,41,0,31.2,1108,43,170,475,485,103,1107,66,29,43.9,37,56.1,671,3593,1424,47,37,12,82,62,771,166,0.0,0.0
Jaïro Riedewald,"MF,DF",Crystal Palace,20,12,4,442.0,4.9,0,0,0,0,0,0,0,0,0.0,0.0,0.0,0.0,0.00,0.00,0.00,0.00,0.01,0.00,0.01,0.01,0.0,0.0,0.0,0.0,0.0,0.0,0.0,0.0,0.0,0.0,0.0,0.0,0.0,0.0,0.0,0.0,0.0,0.0,0.0,0.0,0.0,0.0,0.0,0.0,1,0,0.0,0.20,0.00,0.00,,17.2,126,159,79.2,2174,915,65,73,89.0,39,51,76.5,16,25,64.0,0,16,4,2,16,156,2,1,0,0,2,1,0,1,3,0.61,3,0.61,3,0,0,0,0,0,0,0.00,0,0,0,0,0,0,11,8,6,4,1,0,2,0.0,2,7,1,6,12,23,13,0,4.9,210,10,70,96,45,4,210,3,3,100.0,0,0.0,105,246,100,2,2,1,4,4,124,7,40000,2080000
Jeff Hendrick,"FW,MF",Burnley,25,34,29,2331.0,25.9,2,2,4,2,0,0,1,0,2.0,2.0,2.7,4.7,0.08,0.08,0.15,0.08,0.08,0.10,0.08,0.18,0.0,0.0,0.0,0.0,0.0,0.0,0.0,0.0,0.0,0.0,0.0,0.0,0.0,0.0,0.0,0.0,0.0,0.0,0.0,0.0,0.0,0.0,0.0,0.0,25,6,24.0,0.97,0.23,0.08,0.33,19.7,656,827,79.3,10332,2034,314,378,83.1,273,319,85.6,33,60,55.0,26,62,16,4,80,782,45,1,5,3,23,2,0,0,51,1.97,51,1.97,38,0,5,3,4,1,3,0.12,1,0,1,1,0,0,16,10,4,10,2,3,17,17.6,14,11,2,9,8,24,21,1,25.9,1005,22,122,565,330,47,1005,32,24,75.0,8,25.0,577,2810,1281,37,27,5,44,34,705,114,35000,1820000
Jeffrey Schlupp,"DF,MF",Crystal Palace,24,24,21,1745.0,19.4,0,1,1,0,0,0,3,0,1.2,1.2,1.0,2.2,0.00,0.05,0.05,0.00,0.06,0.05,0.06,0.12,0.0,0.0,0.0,0.0,0.0,0.0,0.0,0.0,0.0,0.0,0.0,0.0,0.0,0.0,0.0,0.0,0.0,0.0,0.0,0.0,0.0,0.0,0.0,0.0,15,2,13.3,0.77,0.10,0.00,0.00,18.1,601,827,72.7,8825,3330,370,432,85.6,192,270,71.1,32,84,38.1,12,61,10,3,74,675,151,10,0,1,31,141,0,1,35,1.81,35,1.81,25,4,4,1,1,0,4,0.21,2,1,0,1,0,0,57,36,35,20,2,23,43,53.5,20,34,8,26,24,81,67,0,19.4,1084,71,322,504,265,22,1084,23,13,56.5,10,43.5,524,2536,1177,32,25,9,22,30,516,51,50000,2600000
Jeremie Boga,MF,Chelsea,20,1,1,17.0,0.2,0,0,0,0,0,0,0,0,0.0,0.0,0.0,0.0,0.00,0.00,0.00,0.00,0.00,0.00,0.00,0.00,0.0,0.0,0.0,0.0,0.0,0.0,0.0,0.0,0.0,0.0,0.0,0.0,0.0,0.0,0.0,0.0,0.0,0.0,0.0,0.0,0.0,0.0,0.0,0.0,0,0,,0.00,0.00,,,,4,4,100.0,33,7,1,1,100.0,1,1,100.0,0,0,,0,0,0,0,0,4,0,0,0,0,0,0,0,0,0,0.00,0,0.00,0,0,0,0,0,0,0,0.00,0,0,0,0,0,0,0,0,0,0,0,0,0,,0,0,0,0,0,0,0,0,0.2,5,0,0,2,3,0,5,0,0,,0,,4,7,2,0,0,0,1,0,5,1,0.0,0.0
Jermain Defoe,FW,Bournemouth,34,24,11,1088.0,12.1,4,1,5,4,0,0,1,0,3.5,3.5,1.1,4.6,0.33,0.08,0.41,0.33,0.29,0.09,0.29,0.38,0.0,0.0,0.0,0.0,0.0,0.0,0.0,0.0,0.0,0.0,0.0,0.0,0.0,0.0,0.0,0.0,0.0,0.0,0.0,0.0,0.0,0.0,0.0,0.0,27,15,55.6,2.23,1.24,0.15,0.27,11.5,98,138,71.0,1340,208,65,87,74.7,25,34,73.5,6,6,100.0,13,3,4,0,10,117,20,0,1,0,5,1,0,1,28,2.32,28,2.32,19,0,0,6,2,1,4,0.33,1,0,0,2,0,1,12,9,2,6,4,2,10,20.0,8,10,0,10,4,16,1,0,12.1,230,1,9,84,138,57,230,13,3,23.1,10,76.9,157,728,239,9,2,9,22,16,163,59,65000,3380000
Jerome Sinclair,"MF,FW",Watford,20,4,0,31.0,0.3,0,0,0,0,0,0,0,0,0.0,0.0,0.0,0.0,0.00,0.00,0.00,0.00,0.00,0.13,0.00,0.13,0.0,0.0,0.0,0.0,0.0,0.0,0.0,0.0,0.0,0.0,0.0,0.0,0.0,0.0,0.0,0.0,0.0,0.0,0.0,0.0,0.0,0.0,0.0,0.0,0,0,,0.00,0.00,,,,7,8,87.5,91,40,4,4,100.0,2,3,66.7,0,0,,1,1,1,0,2,8,0,0,0,0,0,0,0,0,1,2.90,1,2.90,1,0,0,0,0,0,0,0.00,0,0,0,0,0,0,0,0,0,0,0,0,1,0.0,1,0,0,0,1,1,0,0,0.3,13,0,2,5,6,1,13,4,2,50.0,2,50.0,6,61,22,1,1,0,1,0,5,1,20000,1040000
Jesse Lingard,"MF,FW",Manchester Utd,24,33,20,1817.0,20.2,8,5,13,8,0,0,2,0,7.1,7.1,2.8,9.9,0.40,0.25,0.64,0.40,0.35,0.14,0.35,0.49,0.0,0.0,0.0,0.0,0.0,0.0,0.0,0.0,0.0,0.0,0.0,0.0,0.0,0.0,0.0,0.0,0.0,0.0,0.0,0.0,0.0,0.0,0.0,0.0,56,23,41.1,2.77,1.14,0.14,0.35,17.8,841,996,84.4,10354,2219,493,546,90.3,198,234,84.6,33,61,54.1,26,68,19,1,75,928,66,7,8,1,46,16,24,2,69,3.42,69,3.42,45,6,9,4,5,0,10,0.50,6,0,3,1,0,0,30,21,10,13,7,5,27,18.5,22,18,3,15,9,39,13,0,20.2,1223,15,101,591,544,78,1223,52,28,53.8,24,46.2,705,4754,2486,78,68,15,51,19,962,143,75000,3900000
Jesé,"FW,MF",Stoke City,24,13,8,614.0,6.8,1,1,2,1,0,0,0,0,0.9,0.9,0.7,1.6,0.15,0.15,0.29,0.15,0.13,0.10,0.13,0.23,0.0,0.0,0.0,0.0,0.0,0.0,0.0,0.0,0.0,0.0,0.0,0.0,0.0,0.0,0.0,0.0,0.0,0.0,0.0,0.0,0.0,0.0,0.0,0.0,12,4,33.3,1.76,0.59,0.08,0.25,18.8,118,162,72.8,1739,363,68,80,85.0,32,45,71.1,9,14,64.3,9,7,6,0,14,143,17,2,0,1,13,1,3,2,22,3.22,22,3.22,12,4,2,1,3,0,3,0.44,2,0,0,1,0,0,10,7,3,5,2,3,13,23.1,10,5,0,5,0,10,3,0,6.8,230,5,26,108,105,21,230,24,15,62.5,9,37.5,160,1279,566,19,11,10,14,16,157,51,45596,2371000
Jesús Gámez,DF,Newcastle Utd,32,2,1,98.0,1.1,0,0,0,0,0,0,0,0,0.1,0.1,0.2,0.2,0.00,0.00,0.00,0.00,0.05,0.15,0.05,0.20,0.0,0.0,0.0,0.0,0.0,0.0,0.0,0.0,0.0,0.0,0.0,0.0,0.0,0.0,0.0,0.0,0.0,0.0,0.0,0.0,0.0,0.0,0.0,0.0,1,0,0.0,0.92,0.00,0.00,,19.6,47,61,77.0,730,420,21,22,95.5,18,22,81.8,5,11,45.5,4,5,3,1,10,50,11,0,0,0,5,11,0,0,7,6.43,7,6.43,5,1,1,0,0,0,1,0.92,1,0,0,0,0,0,4,2,1,0,3,1,3,33.3,2,2,0,2,2,6,5,0,1.1,78,6,25,27,26,1,78,1,1,100.0,0,0.0,40,170,112,2,3,1,1,0,43,3,35000,1820000
Joe Allen,MF,Stoke City,27,36,36,3139.0,34.9,2,6,8,2,0,0,8,0,1.8,1.8,2.8,4.6,0.06,0.17,0.23,0.06,0.05,0.08,0.05,0.13,0.0,0.0,0.0,0.0,0.0,0.0,0.0,0.0,0.0,0.0,0.0,0.0,0.0,0.0,0.0,0.0,0.0,0.0,0.0,0.0,0.0,0.0,0.0,0.0,24,4,16.7,0.69,0.11,0.08,0.50,18.4,1114,1403,79.4,17666,5350,547,620,88.2,437,531,82.3,75,128,58.6,31,116,26,4,165,1360,37,17,3,3,37,2,9,6,74,2.12,74,2.12,63,3,2,1,4,1,12,0.34,8,1,1,0,1,1,96,62,41,43,12,27,87,31.0,60,43,9,34,58,154,68,1,34.9,1781,90,370,996,448,49,1781,55,44,80.0,11,20.0,950,4752,2010,37,44,7,54,68,990,89,50000,2600000
Joe Gomez,DF,Liverpool,20,23,21,1902.0,21.1,0,2,2,0,0,0,3,0,0.3,0.3,1.5,1.7,0.00,0.09,0.09,0.00,0.01,0.07,0.01,0.08,0.0,0.0,0.0,0.0,0.0,0.0,0.0,0.0,0.0,0.0,0.0,0.0,0.0,0.0,0.0,0.0,0.0,0.0,0.0,0.0,0.0,0.0,0.0,0.0,5,0,0.0,0.24,0.00,0.00,,21.9,1315,1625,80.9,23165,8373,542,605,89.6,648,774,83.7,107,205,52.2,17,137,16,8,154,1368,255,14,0,6,45,241,0,2,31,1.47,31,1.47,25,4,2,0,0,0,1,0.05,1,0,0,0,0,0,58,45,32,23,3,21,40,52.5,19,19,8,11,34,92,57,1,21.1,1808,54,422,1085,314,8,1808,26,23,88.5,3,11.5,829,4322,2611,54,36,2,16,13,1083,65,30000,1560000
Joe Hart,GK,West Ham,30,19,19,1710.0,19.0,0,1,1,0,0,0,0,0,0.0,0.0,0.7,0.7,0.00,0.05,0.05,0.00,0.00,0.04,0.00,0.04,2.05,91,51,61.5,4,21.1,32.8,0.32,175,469,37.3,441,52,72.1,49.1,155,97.4,67.0,284,4,1.4,11,0.58,13.0,0,0,,0.00,0.00,,,,293,600,48.8,13288,11839,16,16,100.0,67,70,95.7,210,509,41.3,2,24,1,0,0,350,246,91,0,1,0,0,0,4,4,0.21,4,0.21,3,1,0,0,0,0,1,0.05,1,0,0,0,0,0,1,1,1,0,0,1,2,50.0,1,1,0,1,0,1,2,4,19.0,645,518,632,13,0,0,645,1,1,100.0,0,0.0,264,2087,1502,0,0,0,0,0,201,0,115885,6026000
Joe Lolley,"FW,MF",Huddersfield,24,6,2,221.0,2.5,1,0,1,1,0,0,1,0,0.1,0.1,0.1,0.2,0.41,0.00,0.41,0.41,0.05,0.03,0.05,0.08,0.0,0.0,0.0,0.0,0.0,0.0,0.0,0.0,0.0,0.0,0.0,0.0,0.0,0.0,0.0,0.0,0.0,0.0,0.0,0.0,0.0,0.0,0.0,0.0,3,3,100.0,1.22,1.22,0.33,0.33,20.0,52,73,71.2,805,267,28,35,80.0,21,28,75.0,1,7,14.3,1,9,1,1,11,73,0,0,0,0,8,0,0,0,6,2.44,6,2.44,4,0,2,0,0,0,1,0.41,0,0,1,0,0,0,2,0,1,1,0,0,2,0.0,2,0,0,0,3,5,2,1,2.5,103,0,11,58,37,5,103,9,3,33.3,6,66.7,68,559,336,11,9,2,8,6,70,17,0.0,0.0
Joe Willock,MF,Arsenal,17,2,1,82.0,0.9,0,0,0,0,0,0,0,0,0.1,0.1,0.0,0.1,0.00,0.00,0.00,0.00,0.09,0.00,0.09,0.09,0.0,0.0,0.0,0.0,0.0,0.0,0.0,0.0,0.0,0.0,0.0,0.0,0.0,0.0,0.0,0.0,0.0,0.0,0.0,0.0,0.0,0.0,0.0,0.0,1,0,0.0,1.10,0.00,0.00,,13.0,31,40,77.5,460,87,16,20,80.0,12,12,100.0,2,4,50.0,0,4,0,0,1,39,1,1,1,1,0,0,0,0,0,0.00,0,0.00,0,0,0,0,0,0,0,0.00,0,0,0,0,0,0,4,2,4,0,0,1,1,100.0,0,3,0,3,1,5,2,0,0.9,54,1,11,35,8,1,54,0,0,,0,,30,204,59,1,0,0,2,2,39,3,5000,260000
Joel Ward,DF,Crystal Palace,27,19,19,1613.0,17.9,0,1,1,0,0,0,4,0,0.2,0.2,0.9,1.1,0.00,0.06,0.06,0.00,0.01,0.05,0.01,0.06,0.0,0.0,0.0,0.0,0.0,0.0,0.0,0.0,0.0,0.0,0.0,0.0,0.0,0.0,0.0,0.0,0.0,0.0,0.0,0.0,0.0,0.0,0.0,0.0,5,1,20.0,0.28,0.06,0.00,0.00,16.4,671,928,72.3,10593,4484,374,429,87.2,221,293,75.4,58,156,37.2,8,58,17,10,79,718,208,9,0,3,46,199,0,2,21,1.17,21,1.17,15,1,1,1,3,0,1,0.06,1,0,0,0,0,0,35,30,23,12,0,16,28,57.1,12,27,11,16,28,63,76,0,17.9,1144,63,389,497,266,11,1144,14,8,57.1,6,42.9,502,1989,895,15,16,1,19,10,549,50,35000,1820000
John Stones,DF,Manchester City,23,18,16,1302.0,14.5,0,0,0,0,0,0,0,0,0.8,0.8,0.0,0.8,0.00,0.00,0.00,0.00,0.05,0.00,0.05,0.05,0.0,0.0,0.0,0.0,0.0,0.0,0.0,0.0,0.0,0.0,0.0,0.0,0.0,0.0,0.0,0.0,0.0,0.0,0.0,0.0,0.0,0.0,0.0,0.0,11,4,36.4,0.76,0.28,0.00,0.00,12.0,1197,1250,95.8,21826,8273,479,496,96.6,578,590,98.0,114,135,84.4,0,51,1,0,71,1224,26,23,0,10,1,3,0,0,7,0.48,7,0.48,5,0,0,1,1,0,1,0.07,0,0,0,0,1,0,15,11,11,4,0,4,11,36.4,7,8,5,3,19,34,44,0,14.5,1358,83,577,750,36,16,1358,4,4,100.0,0,0.0,928,4295,2545,11,8,0,6,5,1103,7,100000,5200000
Jonas Lössl,GK,Huddersfield,28,38,38,3420.0,38.0,0,1,1,0,0,0,1,0,0.0,0.0,0.6,0.6,0.00,0.03,0.03,0.00,0.00,0.02,0.00,0.02,1.53,158,99,65.8,10,26.3,51.7,0.30,360,891,40.4,1083,103,59.4,45.2,304,81.6,57.9,493,31,6.3,55,1.45,14.4,0,0,,0.00,0.00,,,,825,1390,59.4,32620,27387,40,40,100.0,285,288,99.0,500,1058,47.3,3,50,2,0,2,912,475,171,0,2,0,0,0,3,8,0.21,8,0.21,5,3,0,0,0,0,2,0.05,1,1,0,0,0,0,1,0,1,0,0,1,5,20.0,4,0,0,0,4,5,13,6,38.0,1472,1188,1460,12,0,0,1472,3,3,100.0,0,0.0,639,4568,3050,0,0,0,2,0,571,0,13365,695000
Jonathan Hogg,MF,Huddersfield,28,30,29,2398.0,26.6,0,0,0,0,0,0,10,1,0.4,0.4,0.4,0.9,0.00,0.00,0.00,0.00,0.02,0.02,0.02,0.03,0.0,0.0,0.0,0.0,0.0,0.0,0.0,0.0,0.0,0.0,0.0,0.0,0.0,0.0,0.0,0.0,0.0,0.0,0.0,0.0,0.0,0.0,0.0,0.0,12,2,16.7,0.45,0.08,0.00,0.00,24.0,1206,1423,84.8,20877,5948,530,596,88.9,534,598,89.3,105,154,68.2,9,110,8,1,138,1383,35,33,2,9,3,2,0,5,37,1.39,37,1.39,31,0,1,1,3,1,1,0.04,0,0,0,0,1,0,93,64,29,59,5,26,89,29.2,63,51,12,39,69,162,48,0,26.6,1739,87,506,1056,194,4,1739,12,8,66.7,4,33.3,833,4093,1687,21,21,1,25,17,1003,10,22500,1170000
Jonathan Walters,FW,Burnley,33,3,0,39.0,0.4,0,0,0,0,0,0,0,0,0.2,0.2,0.0,0.2,0.00,0.00,0.00,0.00,0.44,0.00,0.44,0.44,0.0,0.0,0.0,0.0,0.0,0.0,0.0,0.0,0.0,0.0,0.0,0.0,0.0,0.0,0.0,0.0,0.0,0.0,0.0,0.0,0.0,0.0,0.0,0.0,1,0,0.0,2.31,0.00,0.00,,8.7,4,11,36.4,66,13,2,7,28.6,2,3,66.7,0,0,,0,0,0,0,1,10,0,0,0,0,1,0,0,1,0,0.00,0,0.00,0,0,0,0,0,0,0,0.00,0,0,0,0,0,0,0,0,0,0,0,0,0,,0,0,0,0,0,0,1,0,0.4,15,1,2,2,11,4,15,0,0,,0,,9,30,7,0,0,0,2,2,15,6,30000,1560000
Jonjo Shelvey,MF,Newcastle Utd,25,30,25,2268.0,25.2,1,3,4,1,0,0,4,3,2.4,2.4,2.5,4.9,0.04,0.12,0.16,0.04,0.09,0.10,0.09,0.19,0.0,0.0,0.0,0.0,0.0,0.0,0.0,0.0,0.0,0.0,0.0,0.0,0.0,0.0,0.0,0.0,0.0,0.0,0.0,0.0,0.0,0.0,0.0,0.0,42,9,21.4,1.67,0.36,0.02,0.11,26.7,1031,1480,69.7,21940,8867,378,436,86.7,421,541,77.8,213,442,48.2,40,159,32,8,183,1302,165,107,21,23,79,6,45,13,82,3.25,82,3.25,57,18,3,3,0,1,7,0.28,4,2,0,1,0,0,39,24,17,21,1,8,26,30.8,18,26,5,21,28,67,33,0,25.2,1686,42,356,1024,325,12,1686,33,23,69.7,10,30.3,961,4721,2282,31,30,2,23,19,1045,23,35000,1820000
Jonjoe Kenny,DF,Everton,20,19,17,1590.0,17.7,0,1,1,0,0,0,2,0,0.1,0.1,1.5,1.6,0.00,0.06,0.06,0.00,0.01,0.08,0.01,0.09,0.0,0.0,0.0,0.0,0.0,0.0,0.0,0.0,0.0,0.0,0.0,0.0,0.0,0.0,0.0,0.0,0.0,0.0,0.0,0.0,0.0,0.0,0.0,0.0,3,1,33.3,0.17,0.06,0.00,0.00,17.9,576,849,67.8,9944,4622,306,352,86.9,187,272,68.8,71,168,42.3,10,54,12,10,48,620,225,13,0,5,46,212,0,4,19,1.08,19,1.08,15,1,0,2,1,0,4,0.23,1,0,0,2,1,0,41,33,28,10,3,20,32,62.5,12,17,7,10,28,69,95,0,17.7,1069,78,353,419,305,9,1069,16,6,37.5,10,62.5,410,1639,739,16,16,0,21,6,469,51,15000,780000
Jonny Evans,DF,West Brom,29,28,26,2270.0,25.2,2,2,4,2,0,0,7,0,2.1,2.1,0.9,3.0,0.08,0.08,0.16,0.08,0.08,0.03,0.08,0.12,0.0,0.0,0.0,0.0,0.0,0.0,0.0,0.0,0.0,0.0,0.0,0.0,0.0,0.0,0.0,0.0,0.0,0.0,0.0,0.0,0.0,0.0,0.0,0.0,10,5,50.0,0.40,0.20,0.20,0.40,7.8,785,983,79.9,15261,6008,293,334,87.7,366,430,85.1,114,193,59.1,8,58,5,2,56,922,58,43,0,2,4,15,0,3,22,0.87,22,0.87,18,2,0,2,0,0,3,0.12,2,0,0,1,0,0,29,22,19,8,2,14,33,42.4,19,22,13,9,48,77,131,1,25.2,1241,156,696,504,47,19,1241,10,10,100.0,0,0.0,613,3504,2043,21,10,1,10,6,599,9,65000,3380000
Jordan Ayew,"FW,MF",Swansea City,25,36,33,2852.0,31.7,7,2,9,6,1,1,2,1,7.3,6.5,2.0,8.5,0.22,0.06,0.28,0.19,0.23,0.06,0.20,0.27,0.0,0.0,0.0,0.0,0.0,0.0,0.0,0.0,0.0,0.0,0.0,0.0,0.0,0.0,0.0,0.0,0.0,0.0,0.0,0.0,0.0,0.0,0.0,0.0,65,20,30.8,2.05,0.63,0.09,0.30,18.9,700,887,78.9,9413,1239,420,486,86.4,201,256,78.5,30,58,51.7,16,33,21,2,50,850,35,7,3,0,45,5,0,2,83,2.62,83,2.62,38,1,15,12,12,5,4,0.13,1,0,1,2,0,0,82,60,20,35,27,15,54,27.8,39,43,3,40,24,106,20,1,31.7,1350,12,111,652,616,101,1349,124,74,59.7,50,40.3,907,6311,2611,76,70,23,109,106,1017,232,50000,2600000
Jordan Henderson,MF,Liverpool,27,27,25,2171.0,24.1,1,1,2,1,0,0,1,0,1.2,1.2,1.8,3.0,0.04,0.04,0.08,0.04,0.05,0.08,0.05,0.12,0.0,0.0,0.0,0.0,0.0,0.0,0.0,0.0,0.0,0.0,0.0,0.0,0.0,0.0,0.0,0.0,0.0,0.0,0.0,0.0,0.0,0.0,0.0,0.0,15,3,20.0,0.62,0.12,0.07,0.33,23.8,1769,2117,83.6,33580,9305,709,771,92.0,814,949,85.8,216,334,64.7,25,245,29,3,249,2061,53,44,7,27,25,4,5,3,63,2.61,63,2.61,58,3,1,1,0,0,4,0.17,4,0,0,0,0,0,51,33,13,32,6,18,52,34.6,34,33,2,31,31,82,27,0,24.1,2288,34,329,1626,351,17,2288,15,8,53.3,7,46.7,1209,5362,2428,32,34,3,15,12,1650,37,100000,5200000
Jordan Hugill,FW,West Ham,25,3,0,25.0,0.3,0,0,0,0,0,0,0,0,0.0,0.0,0.0,0.0,0.00,0.00,0.00,0.00,0.00,0.00,0.00,0.00,0.0,0.0,0.0,0.0,0.0,0.0,0.0,0.0,0.0,0.0,0.0,0.0,0.0,0.0,0.0,0.0,0.0,0.0,0.0,0.0,0.0,0.0,0.0,0.0,0,0,,0.00,0.00,,,,3,9,33.3,37,0,2,4,50.0,1,5,20.0,0,0,,0,0,0,0,0,9,0,0,0,0,0,0,0,0,0,0.00,0,0.00,0,0,0,0,0,0,0,0.00,0,0,0,0,0,0,0,0,0,0,0,0,1,0.0,1,0,0,0,0,0,0,0,0.3,12,0,1,9,2,0,12,2,1,50.0,1,50.0,9,57,0,0,0,0,0,2,13,0,30000,1560000
Jordan Pickford,GK,Everton,23,38,38,3420.0,38.0,0,0,0,0,0,0,0,0,0.0,0.0,0.1,0.1,0.00,0.00,0.00,0.00,0.00,0.00,0.00,0.00,1.53,178,119,69.1,10,26.3,56.1,0.30,322,945,34.1,984,162,64.0,47.8,340,92.6,67.2,591,27,4.6,51,1.34,14.9,1,0,0.0,0.03,0.00,0.00,,13.5,675,1332,50.7,28089,24029,54,55,98.2,232,239,97.1,389,1029,37.8,3,54,2,0,0,846,478,138,0,2,0,0,0,8,6,0.16,6,0.16,3,2,0,1,0,0,0,0.00,0,0,0,0,0,0,0,0,0,0,0,0,2,0.0,2,0,0,0,2,2,26,5,38.0,1432,1206,1417,14,1,1,1432,0,0,,0,,650,4881,3511,0,0,0,1,0,484,0,60000,3120000
Jordon Ibe,"MF,FW",Bournemouth,21,32,22,1995.0,22.2,2,6,8,2,0,0,1,0,3.0,3.0,3.3,6.3,0.09,0.27,0.36,0.09,0.13,0.15,0.13,0.28,0.0,0.0,0.0,0.0,0.0,0.0,0.0,0.0,0.0,0.0,0.0,0.0,0.0,0.0,0.0,0.0,0.0,0.0,0.0,0.0,0.0,0.0,0.0,0.0,54,16,29.6,2.44,0.72,0.04,0.13,21.8,596,815,73.1,9636,2795,301,374,80.5,214,271,79.0,58,107,54.2,36,64,20,4,95,722,89,25,5,3,109,7,57,4,90,4.06,90,4.06,50,22,9,5,3,1,10,0.45,5,3,1,0,1,0,14,12,7,5,2,6,22,27.3,16,5,0,5,10,24,11,0,22.2,1044,11,104,424,535,53,1044,87,37,42.5,50,57.5,681,5318,2441,78,59,26,46,50,780,149,37500,1950000
Joselu,FW,Newcastle Utd,27,30,19,1712.0,19.0,4,1,5,4,0,1,2,0,6.0,5.2,1.2,6.4,0.21,0.05,0.26,0.21,0.31,0.06,0.27,0.34,0.0,0.0,0.0,0.0,0.0,0.0,0.0,0.0,0.0,0.0,0.0,0.0,0.0,0.0,0.0,0.0,0.0,0.0,0.0,0.0,0.0,0.0,0.0,0.0,46,16,34.8,2.42,0.84,0.09,0.25,15.9,374,605,61.8,4732,1099,259,377,68.7,82,153,53.6,13,23,56.5,16,34,6,1,41,594,6,0,1,4,6,1,0,5,40,2.10,40,2.10,33,0,1,2,4,0,1,0.05,1,0,0,0,0,0,22,17,10,11,1,7,34,20.6,27,25,2,23,11,33,39,0,19.0,820,34,104,442,279,55,819,17,7,41.2,10,58.8,372,1068,317,5,9,5,41,19,621,107,40000,2080000
Josh Cullen,MF,West Ham,21,2,0,8.0,0.1,0,0,0,0,0,0,0,0,0.0,0.0,0.0,0.0,0.00,0.00,0.00,0.00,0.00,0.00,0.00,0.00,0.0,0.0,0.0,0.0,0.0,0.0,0.0,0.0,0.0,0.0,0.0,0.0,0.0,0.0,0.0,0.0,0.0,0.0,0.0,0.0,0.0,0.0,0.0,0.0,0,0,,0.00,0.00,,,,3,4,75.0,21,7,1,2,50.0,0,0,,0,0,,0,0,0,0,0,3,1,0,0,0,0,0,1,0,0,0.00,0,0.00,0,0,0,0,0,0,0,0.00,0,0,0,0,0,0,0,0,0,0,0,0,1,0.0,1,1,1,0,2,2,0,0,0.1,6,0,2,1,3,0,6,0,0,,0,,1,11,0,0,0,0,0,0,2,0,7500,390000
Josh Sims,"FW,MF",Southampton,20,6,1,163.0,1.8,0,0,0,0,0,0,0,0,0.6,0.6,0.1,0.7,0.00,0.00,0.00,0.00,0.34,0.07,0.34,0.41,0.0,0.0,0.0,0.0,0.0,0.0,0.0,0.0,0.0,0.0,0.0,0.0,0.0,0.0,0.0,0.0,0.0,0.0,0.0,0.0,0.0,0.0,0.0,0.0,11,5,45.5,6.07,2.76,0.00,0.00,17.6,50,65,76.9,624,183,34,40,85.0,11,15,73.3,2,4,50.0,1,4,1,1,4,63,2,0,0,0,3,0,2,0,10,5.52,10,5.52,5,0,1,4,0,0,1,0.55,1,0,0,0,0,0,4,3,1,2,1,2,7,28.6,5,5,0,5,1,5,0,0,1.8,92,0,5,32,56,12,92,5,2,40.0,3,60.0,58,397,200,10,4,6,4,6,67,17,18000,936000
Josh Tymon,DF,Stoke City,18,3,2,163.0,1.8,0,0,0,0,0,0,0,0,0.0,0.0,0.0,0.0,0.00,0.00,0.00,0.00,0.00,0.00,0.00,0.00,0.0,0.0,0.0,0.0,0.0,0.0,0.0,0.0,0.0,0.0,0.0,0.0,0.0,0.0,0.0,0.0,0.0,0.0,0.0,0.0,0.0,0.0,0.0,0.0,0,0,,0.00,0.00,,,,76,91,83.5,1265,377,41,44,93.2,25,32,78.1,6,8,75.0,0,8,0,0,6,85,6,0,0,1,4,6,0,0,0,0.00,0,0.00,0,0,0,0,0,0,0,0.00,0,0,0,0,0,0,5,1,4,1,0,2,3,66.7,1,1,0,1,1,6,3,0,1.8,107,6,26,64,17,0,107,1,1,100.0,0,0.0,74,378,185,3,3,0,5,2,75,2,0.0,0.0
Joshua King,"FW,MF",Bournemouth,25,33,27,2453.0,27.3,8,3,11,6,2,2,3,0,6.5,4.9,4.9,9.8,0.29,0.11,0.40,0.22,0.24,0.18,0.18,0.36,0.0,0.0,0.0,0.0,0.0,0.0,0.0,0.0,0.0,0.0,0.0,0.0,0.0,0.0,0.0,0.0,0.0,0.0,0.0,0.0,0.0,0.0,0.0,0.0,49,19,38.8,1.80,0.70,0.12,0.32,15.9,514,730,70.4,7926,1895,275,363,75.8,197,272,72.4,25,42,59.5,38,48,34,4,83,692,34,2,5,1,34,3,0,4,86,3.16,86,3.16,59,0,8,2,13,4,9,0.33,5,0,2,0,2,0,36,26,11,17,8,4,27,14.8,23,23,3,20,4,40,14,1,27.3,1106,23,97,500,540,128,1104,143,62,43.4,79,55.2,762,5348,2344,84,62,28,87,84,856,215,45000,2340000
José Fonte,DF,West Ham,33,8,8,688.0,7.6,0,1,1,0,0,0,0,0,0.6,0.6,0.3,0.9,0.00,0.13,0.13,0.00,0.08,0.04,0.08,0.12,0.0,0.0,0.0,0.0,0.0,0.0,0.0,0.0,0.0,0.0,0.0,0.0,0.0,0.0,0.0,0.0,0.0,0.0,0.0,0.0,0.0,0.0,0.0,0.0,8,1,12.5,1.05,0.13,0.00,0.00,15.3,287,355,80.8,6155,2312,75,85,88.2,161,182,88.5,48,80,60.0,4,32,4,2,34,336,19,14,0,4,3,5,0,0,9,1.18,9,1.18,7,1,0,1,0,0,2,0.26,1,0,0,1,0,0,11,6,5,6,0,2,6,33.3,4,12,9,3,14,25,37,1,7.6,445,46,160,257,31,10,445,1,1,100.0,0,0.0,214,1237,718,10,9,0,3,1,260,3,0.0,0.0
José Holebas,DF,Watford,33,28,26,2382.0,26.5,0,4,4,0,0,0,7,0,0.6,0.6,3.2,3.8,0.00,0.15,0.15,0.00,0.02,0.12,0.02,0.14,0.0,0.0,0.0,0.0,0.0,0.0,0.0,0.0,0.0,0.0,0.0,0.0,0.0,0.0,0.0,0.0,0.0,0.0,0.0,0.0,0.0,0.0,0.0,0.0,17,3,17.6,0.64,0.11,0.00,0.00,25.9,901,1521,59.2,16066,8079,422,516,81.8,329,548,60.0,128,362,35.4,39,61,18,13,98,1012,500,64,0,6,210,344,92,9,67,2.53,67,2.53,25,32,4,4,0,2,4,0.15,1,3,0,0,0,0,51,31,34,14,3,18,44,40.9,26,24,8,16,29,80,95,2,26.5,1805,86,476,780,574,13,1805,47,23,48.9,24,51.1,760,3818,1795,53,36,3,28,22,762,84,30000,1560000
José Izquierdo,"MF,FW",Brighton,25,32,23,1984.0,22.0,5,3,8,5,0,0,2,0,3.8,3.8,2.2,5.9,0.23,0.14,0.36,0.23,0.17,0.10,0.17,0.27,0.0,0.0,0.0,0.0,0.0,0.0,0.0,0.0,0.0,0.0,0.0,0.0,0.0,0.0,0.0,0.0,0.0,0.0,0.0,0.0,0.0,0.0,0.0,0.0,52,16,30.8,2.36,0.73,0.10,0.31,19.5,415,550,75.5,5081,1389,259,317,81.7,104,142,73.2,9,24,37.5,21,21,15,5,36,545,2,0,0,0,23,1,0,3,67,3.04,67,3.04,47,0,12,6,2,0,9,0.41,3,0,3,2,1,0,23,15,12,9,2,7,19,36.8,12,6,0,6,16,39,34,0,22.0,779,24,164,239,393,83,779,51,32,62.7,19,37.3,486,3655,2040,67,36,30,50,22,500,161,45000,2340000
João Mário,MF,West Ham,24,13,12,1022.0,11.4,2,1,3,2,0,0,0,0,1.7,1.7,1.4,3.1,0.18,0.09,0.26,0.18,0.15,0.12,0.15,0.27,0.0,0.0,0.0,0.0,0.0,0.0,0.0,0.0,0.0,0.0,0.0,0.0,0.0,0.0,0.0,0.0,0.0,0.0,0.0,0.0,0.0,0.0,0.0,0.0,16,4,25.0,1.41,0.35,0.13,0.50,17.9,373,497,75.1,5621,1341,212,245,86.5,107,132,81.1,34,73,46.6,16,22,9,2,43,440,52,16,5,2,50,0,30,5,34,2.99,34,2.99,18,10,3,0,3,0,2,0.18,1,0,0,0,1,0,14,11,6,5,3,6,19,31.6,13,7,0,7,8,22,4,1,11.4,595,4,58,269,276,33,595,26,17,65.4,8,30.8,371,2408,957,34,24,7,35,18,431,74,85635,4453000
Joël Matip,DF,Liverpool,25,25,22,1997.0,22.2,1,0,1,1,0,0,3,0,1.9,1.9,0.3,2.2,0.05,0.00,0.05,0.05,0.09,0.01,0.09,0.10,0.0,0.0,0.0,0.0,0.0,0.0,0.0,0.0,0.0,0.0,0.0,0.0,0.0,0.0,0.0,0.0,0.0,0.0,0.0,0.0,0.0,0.0,0.0,0.0,11,2,18.2,0.50,0.09,0.09,0.50,11.0,1470,1660,88.6,30063,11508,380,403,94.3,892,970,92.0,185,265,69.8,5,94,2,0,108,1625,32,30,1,7,0,2,0,3,24,1.08,24,1.08,21,0,0,2,1,0,2,0.09,2,0,0,0,0,0,35,24,23,11,1,12,24,50.0,12,26,15,11,35,70,101,1,22.2,1883,118,761,1065,62,21,1883,4,3,75.0,1,25.0,1077,5554,4057,23,22,1,11,5,1346,5,60000,3120000
Juan Mata,FW,Manchester Utd,29,28,23,1922.0,21.4,3,5,8,3,0,0,1,0,3.7,3.7,4.5,8.3,0.14,0.23,0.37,0.14,0.18,0.21,0.18,0.39,0.0,0.0,0.0,0.0,0.0,0.0,0.0,0.0,0.0,0.0,0.0,0.0,0.0,0.0,0.0,0.0,0.0,0.0,0.0,0.0,0.0,0.0,0.0,0.0,28,10,35.7,1.31,0.47,0.11,0.30,17.6,1098,1345,81.6,16341,3673,585,645,90.7,311,392,79.3,98,160,61.3,51,74,33,13,101,1228,113,37,4,11,111,15,54,4,98,4.59,98,4.59,77,11,4,1,5,0,9,0.42,8,0,1,0,0,0,18,13,4,12,2,2,24,8.3,22,10,0,10,15,33,10,1,21.4,1469,15,117,651,715,90,1469,24,17,70.8,7,29.2,854,4361,2024,46,40,15,25,19,1133,162,160000,8320000
Julien Ngoy,MF,Stoke City,19,1,0,20.0,0.2,0,0,0,0,0,0,0,0,0.0,0.0,0.0,0.0,0.00,0.00,0.00,0.00,0.00,0.00,0.00,0.00,0.0,0.0,0.0,0.0,0.0,0.0,0.0,0.0,0.0,0.0,0.0,0.0,0.0,0.0,0.0,0.0,0.0,0.0,0.0,0.0,0.0,0.0,0.0,0.0,0,0,,0.00,0.00,,,,4,5,80.0,62,0,1,2,50.0,3,3,100.0,0,0,,0,0,0,0,0,5,0,0,0,0,0,0,0,0,0,0.00,0,0.00,0,0,0,0,0,0,0,0.00,0,0,0,0,0,0,1,1,0,1,0,1,2,50.0,1,0,0,0,0,1,0,0,0.2,6,0,0,3,3,0,6,0,0,,0,,5,31,5,0,0,0,0,0,5,2,0.0,0.0
Julián Speroni,GK,Crystal Palace,38,11,11,990.0,11.0,0,0,0,0,0,0,0,0,0.0,0.0,0.0,0.0,0.00,0.00,0.00,0.00,0.00,0.00,0.00,0.00,1.27,43,29,69.8,2,18.2,13.3,0.29,86,239,36.0,223,18,69.1,45.2,89,95.5,56.9,177,6,3.4,10,0.91,13.7,0,0,,0.00,0.00,,,,148,312,47.4,6170,5618,16,16,100.0,35,37,94.6,97,259,37.5,0,12,0,0,0,180,132,43,0,1,0,0,0,0,0,0.00,0,0.00,0,0,0,0,0,0,0,0.00,0,0,0,0,0,0,0,0,0,0,0,0,0,,0,0,0,0,1,1,4,0,11.0,331,273,330,1,0,0,331,1,1,100.0,0,0.0,153,1001,801,0,0,0,0,0,111,0,25000,1300000
Junior Stanislas,"MF,FW",Bournemouth,27,19,17,1286.0,14.3,5,2,7,4,1,1,1,0,3.9,3.1,1.9,5.0,0.35,0.14,0.49,0.28,0.27,0.13,0.22,0.35,0.0,0.0,0.0,0.0,0.0,0.0,0.0,0.0,0.0,0.0,0.0,0.0,0.0,0.0,0.0,0.0,0.0,0.0,0.0,0.0,0.0,0.0,0.0,0.0,44,19,43.2,3.08,1.33,0.09,0.21,21.7,398,571,69.7,6282,2111,207,268,77.2,151,205,73.7,24,54,44.4,24,40,21,2,63,509,57,12,4,2,71,6,38,5,53,3.71,53,3.71,34,6,7,5,1,0,6,0.42,4,0,0,2,0,0,16,8,8,4,4,7,15,46.7,8,21,6,15,6,22,15,0,14.3,732,13,113,285,346,40,731,30,20,66.7,10,33.3,410,2515,1220,36,23,13,32,16,481,100,25000,1300000
Jérémy Pied,DF,Southampton,28,2,2,180.0,2.0,0,1,1,0,0,0,0,0,0.0,0.0,0.2,0.2,0.00,0.50,0.50,0.00,0.02,0.08,0.02,0.10,0.0,0.0,0.0,0.0,0.0,0.0,0.0,0.0,0.0,0.0,0.0,0.0,0.0,0.0,0.0,0.0,0.0,0.0,0.0,0.0,0.0,0.0,0.0,0.0,2,0,0.0,1.00,0.00,0.00,,32.2,93,123,75.6,1433,643,46,54,85.2,36,43,83.7,7,17,41.2,2,12,5,1,13,103,20,0,0,0,7,20,0,0,3,1.50,3,1.50,3,0,0,0,0,0,1,0.50,1,0,0,0,0,0,9,6,8,1,0,6,9,66.7,3,3,2,1,8,17,4,0,2.0,152,7,55,63,38,1,152,2,2,100.0,0,0.0,78,473,291,7,3,1,3,0,79,5,40000,2080000
Jóhann Berg Guðmundsson,MF,Burnley,26,35,32,2833.0,31.5,2,8,10,2,0,0,2,0,3.5,3.5,4.7,8.2,0.06,0.25,0.32,0.06,0.11,0.15,0.11,0.26,0.0,0.0,0.0,0.0,0.0,0.0,0.0,0.0,0.0,0.0,0.0,0.0,0.0,0.0,0.0,0.0,0.0,0.0,0.0,0.0,0.0,0.0,0.0,0.0,54,18,33.3,1.72,0.57,0.04,0.11,21.7,660,1027,64.3,11965,4451,308,382,80.6,214,313,68.4,107,259,41.3,67,40,30,16,75,858,163,73,2,6,213,3,87,6,117,3.72,117,3.72,53,42,9,7,6,0,9,0.29,5,2,0,2,0,0,43,27,16,19,8,20,47,42.6,27,21,1,20,34,77,43,0,31.5,1333,35,196,506,656,58,1333,65,37,56.9,28,43.1,701,4514,2123,83,53,17,47,45,763,192,0.0,0.0
Jürgen Locadia,"FW,MF",Brighton,23,6,3,224.0,2.5,1,1,2,1,0,0,0,0,1.1,1.1,0.1,1.2,0.40,0.40,0.80,0.40,0.44,0.04,0.44,0.48,0.0,0.0,0.0,0.0,0.0,0.0,0.0,0.0,0.0,0.0,0.0,0.0,0.0,0.0,0.0,0.0,0.0,0.0,0.0,0.0,0.0,0.0,0.0,0.0,6,1,16.7,2.41,0.40,0.17,1.00,18.1,38,55,69.1,697,140,18,23,78.3,9,15,60.0,8,9,88.9,1,4,0,0,4,51,4,0,1,0,3,1,0,0,4,1.61,4,1.61,3,0,0,0,1,0,1,0.40,1,0,0,0,0,0,1,0,0,1,0,0,1,0.0,1,0,0,0,1,2,1,1,2.5,75,1,8,39,29,11,75,2,0,0.0,2,100.0,46,217,110,2,1,2,5,1,50,11,45000,2340000
Karl Darlow,GK,Newcastle Utd,26,10,10,900.0,10.0,0,0,0,0,0,0,0,0,0.0,0.0,0.0,0.0,0.00,0.00,0.00,0.00,0.00,0.00,0.00,0.00,1.50,47,34,74.5,2,20.0,15.8,0.28,78,232,33.6,247,37,62.3,43.2,87,89.7,57.9,159,11,6.9,4,0.40,11.7,0,0,,0.00,0.00,,,,174,334,52.1,6615,5845,19,19,100.0,56,58,96.6,99,257,38.5,0,6,0,0,0,203,131,44,0,0,0,0,0,0,3,0.30,3,0.30,2,1,0,0,0,0,0,0.00,0,0,0,0,0,0,0,0,0,0,0,0,0,,0,0,0,0,0,0,3,4,10.0,366,303,363,3,0,0,366,0,0,,0,,166,1105,816,0,0,0,0,0,123,0,15000,780000
Kasey Palmer,"MF,FW",Huddersfield,20,4,1,170.0,1.9,0,0,0,0,0,0,2,0,0.1,0.1,0.1,0.2,0.00,0.00,0.00,0.00,0.05,0.04,0.05,0.09,0.0,0.0,0.0,0.0,0.0,0.0,0.0,0.0,0.0,0.0,0.0,0.0,0.0,0.0,0.0,0.0,0.0,0.0,0.0,0.0,0.0,0.0,0.0,0.0,2,1,50.0,1.06,0.53,0.00,0.00,22.1,43,58,74.1,650,193,27,32,84.4,13,18,72.2,2,5,40.0,1,4,2,0,6,54,4,0,1,1,4,1,3,0,5,2.65,5,2.65,2,1,1,1,0,0,0,0.00,0,0,0,0,0,0,6,3,2,3,1,2,8,25.0,6,5,0,5,0,6,2,0,1.9,78,2,5,43,33,2,78,3,3,100.0,0,0.0,37,296,89,4,3,0,4,5,49,5,0.0,0.0
Kasper Schmeichel,GK,Leicester City,30,33,33,2965.0,32.9,0,0,0,0,0,0,3,0,0.0,0.0,0.1,0.1,0.00,0.00,0.00,0.00,0.00,0.00,0.00,0.00,1.43,138,90,66.7,8,24.2,39.5,0.27,304,792,38.4,866,107,61.7,43.8,273,94.5,63.9,500,28,5.6,54,1.64,16.3,0,0,,0.00,0.00,,,,614,1142,53.8,24575,19644,33,36,91.7,175,186,94.1,405,915,44.3,1,22,1,0,6,715,424,151,0,18,0,0,0,3,4,0.12,4,0.12,3,1,0,0,0,0,0,0.00,0,0,0,0,0,0,1,0,1,0,0,1,3,33.3,2,1,0,1,0,1,18,5,32.9,1209,935,1155,57,0,0,1209,2,2,100.0,0,0.0,547,4082,3108,0,0,0,0,0,410,0,80000,4160000
Kelechi Iheanacho,"FW,MF",Leicester City,20,21,7,830.0,9.2,3,3,6,3,0,0,2,0,4.1,4.1,2.3,6.3,0.33,0.33,0.65,0.33,0.44,0.25,0.44,0.69,0.0,0.0,0.0,0.0,0.0,0.0,0.0,0.0,0.0,0.0,0.0,0.0,0.0,0.0,0.0,0.0,0.0,0.0,0.0,0.0,0.0,0.0,0.0,0.0,29,10,34.5,3.14,1.08,0.10,0.30,17.4,197,255,77.3,2707,585,118,143,82.5,53,63,84.1,13,25,52.0,11,15,12,0,26,241,12,0,9,2,5,2,0,2,32,3.47,32,3.47,22,0,5,3,2,0,5,0.54,4,0,0,0,1,0,9,6,3,5,1,3,20,15.0,17,10,2,8,3,12,4,0,9.2,352,8,40,149,167,33,352,18,13,72.2,5,27.8,220,1280,690,21,18,3,26,14,267,54,60000,3120000
Kenedy,"MF,DF",Newcastle Utd,21,13,13,1023.0,11.4,2,2,4,2,0,0,1,0,2.4,2.4,1.7,4.2,0.18,0.18,0.35,0.18,0.21,0.15,0.21,0.37,0.0,0.0,0.0,0.0,0.0,0.0,0.0,0.0,0.0,0.0,0.0,0.0,0.0,0.0,0.0,0.0,0.0,0.0,0.0,0.0,0.0,0.0,0.0,0.0,23,5,21.7,2.02,0.44,0.09,0.40,21.6,297,408,72.8,4218,1296,174,208,83.7,84,119,70.6,20,41,48.8,13,14,12,6,21,361,46,6,2,3,38,18,22,1,38,3.34,38,3.34,20,7,5,3,2,1,3,0.26,1,1,0,1,0,0,31,17,16,13,2,12,35,34.3,23,12,1,11,14,45,11,0,11.4,582,11,111,245,237,21,582,34,16,47.1,18,52.9,365,2092,1120,30,29,5,44,20,346,55,25000,1300000
Kevin De Bruyne,MF,Manchester City,26,37,36,3073.0,34.1,8,16,24,8,0,0,2,0,5.1,5.1,11.1,16.2,0.23,0.47,0.70,0.23,0.15,0.32,0.15,0.48,0.0,0.0,0.0,0.0,0.0,0.0,0.0,0.0,0.0,0.0,0.0,0.0,0.0,0.0,0.0,0.0,0.0,0.0,0.0,0.0,0.0,0.0,0.0,0.0,93,39,41.9,2.72,1.14,0.09,0.21,24.3,2351,3008,78.2,39772,11181,1154,1322,87.3,885,1090,81.2,221,376,58.8,105,258,119,11,388,2707,279,68,41,44,248,45,151,22,215,6.30,215,6.30,152,43,8,6,5,1,34,1.00,30,2,1,1,0,0,62,43,23,25,14,23,80,28.8,57,45,2,43,25,87,14,2,34.1,3348,20,246,1565,1582,83,3348,87,63,72.4,23,26.4,2150,12041,7119,183,174,30,64,60,2615,259,175000,9100000
Kevin Long,DF,Burnley,26,16,16,1440.0,16.0,1,2,3,1,0,0,1,0,1.2,1.2,1.3,2.5,0.06,0.12,0.19,0.06,0.07,0.08,0.07,0.15,0.0,0.0,0.0,0.0,0.0,0.0,0.0,0.0,0.0,0.0,0.0,0.0,0.0,0.0,0.0,0.0,0.0,0.0,0.0,0.0,0.0,0.0,0.0,0.0,10,2,20.0,0.62,0.12,0.10,0.50,7.6,389,546,71.2,8719,3177,99,134,73.9,195,245,79.6,88,149,59.1,6,23,0,0,28,535,9,8,0,7,2,1,0,2,10,0.62,10,0.62,8,0,0,1,0,1,3,0.19,3,0,0,0,0,0,32,23,28,4,0,16,26,61.5,10,25,14,11,19,51,129,1,16.0,781,116,443,306,35,24,781,0,0,,0,,274,1111,483,1,0,0,6,2,328,1,16000,832000
Kevin Mirallas,"FW,MF",Everton,29,5,2,138.0,1.5,0,0,0,0,0,0,1,0,0.2,0.2,0.1,0.2,0.00,0.00,0.00,0.00,0.12,0.04,0.12,0.16,0.0,0.0,0.0,0.0,0.0,0.0,0.0,0.0,0.0,0.0,0.0,0.0,0.0,0.0,0.0,0.0,0.0,0.0,0.0,0.0,0.0,0.0,0.0,0.0,4,2,50.0,2.61,1.30,0.00,0.00,23.0,44,59,74.6,734,119,17,20,85.0,22,28,78.6,3,5,60.0,1,3,0,0,3,53,5,1,0,0,4,0,1,1,4,2.59,4,2.59,3,0,1,0,0,0,1,0.65,1,0,0,0,0,0,4,3,1,2,1,0,1,0.0,1,0,0,0,0,4,3,0,1.5,74,1,8,31,36,9,74,3,2,66.7,1,33.3,44,398,238,10,4,3,3,3,57,11,0.0,0.0
Kevin Wimmer,DF,Stoke City,24,17,14,1323.0,14.7,0,0,0,0,0,0,5,0,0.1,0.1,0.2,0.3,0.00,0.00,0.00,0.00,0.00,0.01,0.00,0.02,0.0,0.0,0.0,0.0,0.0,0.0,0.0,0.0,0.0,0.0,0.0,0.0,0.0,0.0,0.0,0.0,0.0,0.0,0.0,0.0,0.0,0.0,0.0,0.0,1,0,0.0,0.07,0.00,0.00,,16.2,448,584,76.7,8481,3862,198,217,91.2,182,235,77.4,59,114,51.8,3,45,0,0,40,484,100,22,0,13,2,78,0,0,7,0.48,7,0.48,6,1,0,0,0,0,0,0.00,0,0,0,0,0,0,24,17,17,7,0,9,20,45.0,11,25,12,13,30,54,88,0,14.7,758,99,365,372,28,6,758,6,2,33.3,4,66.7,321,1389,793,3,2,0,0,1,344,1,70000,3640000
Ki Sung-yueng,MF,Swansea City,28,25,21,1868.0,20.8,2,2,4,2,0,0,2,0,0.9,0.9,1.5,2.4,0.10,0.10,0.19,0.10,0.05,0.07,0.05,0.12,0.0,0.0,0.0,0.0,0.0,0.0,0.0,0.0,0.0,0.0,0.0,0.0,0.0,0.0,0.0,0.0,0.0,0.0,0.0,0.0,0.0,0.0,0.0,0.0,20,6,30.0,0.96,0.29,0.10,0.33,24.8,758,903,83.9,14235,3472,312,344,90.7,321,363,88.4,102,153,66.7,19,52,11,1,64,800,100,55,1,18,62,2,42,3,36,1.73,36,1.73,22,13,0,1,0,0,5,0.24,1,4,0,0,0,0,25,18,10,13,2,4,16,25.0,12,16,1,15,32,57,23,0,20.8,1045,36,219,588,246,16,1045,13,7,53.8,6,46.2,541,2972,1337,17,23,5,13,8,660,30,0.0,0.0
Kieran Gibbs,DF,West Brom,27,33,32,2827.0,31.4,0,1,1,0,0,0,3,0,0.4,0.4,1.8,2.2,0.00,0.03,0.03,0.00,0.01,0.06,0.01,0.07,0.0,0.0,0.0,0.0,0.0,0.0,0.0,0.0,0.0,0.0,0.0,0.0,0.0,0.0,0.0,0.0,0.0,0.0,0.0,0.0,0.0,0.0,0.0,0.0,9,1,11.1,0.29,0.03,0.00,0.00,18.6,1000,1391,71.9,15562,6257,533,618,86.2,378,546,69.2,64,165,38.8,22,66,23,16,97,1077,304,7,0,3,74,293,4,10,51,1.62,51,1.62,43,4,3,1,0,0,3,0.10,3,0,0,0,0,0,41,24,27,10,4,16,30,53.3,14,32,12,20,48,89,102,0,31.4,1676,106,530,710,447,25,1676,37,24,64.9,13,35.1,716,4326,2276,59,49,3,21,18,769,89,60000,3120000
Kieran Trippier,DF,Tottenham,26,24,21,1914.0,21.3,0,5,5,0,0,0,1,0,0.4,0.4,4.2,4.6,0.00,0.24,0.24,0.00,0.02,0.20,0.02,0.22,0.0,0.0,0.0,0.0,0.0,0.0,0.0,0.0,0.0,0.0,0.0,0.0,0.0,0.0,0.0,0.0,0.0,0.0,0.0,0.0,0.0,0.0,0.0,0.0,7,1,14.3,0.33,0.05,0.00,0.00,24.4,1262,1638,77.0,23952,7379,470,528,89.0,624,760,82.1,150,290,51.7,40,88,44,10,114,1335,292,25,5,8,122,239,28,11,72,3.39,72,3.39,59,11,1,0,1,0,9,0.42,7,2,0,0,0,0,52,30,29,21,2,21,44,47.7,23,31,6,25,20,72,53,1,21.3,1823,66,413,788,639,25,1823,18,13,72.2,5,27.8,725,3280,1776,37,24,2,20,6,1079,195,40000,2080000
Kiko Femenía,"DF,FW",Watford,26,23,19,1713.0,19.0,1,1,2,1,0,0,2,0,0.4,0.4,1.8,2.1,0.05,0.05,0.11,0.05,0.02,0.09,0.02,0.11,0.0,0.0,0.0,0.0,0.0,0.0,0.0,0.0,0.0,0.0,0.0,0.0,0.0,0.0,0.0,0.0,0.0,0.0,0.0,0.0,0.0,0.0,0.0,0.0,9,3,33.3,0.47,0.16,0.11,0.33,20.7,807,1004,80.4,11700,4042,502,558,90.0,237,294,80.6,41,91,45.1,17,43,27,11,72,849,154,4,1,5,60,149,1,1,38,2.00,38,2.00,30,1,3,2,2,0,4,0.21,3,0,1,0,0,0,36,28,22,11,3,14,27,51.9,13,15,2,13,34,70,31,1,19.0,1170,38,290,528,363,22,1170,32,25,78.1,7,21.9,659,3170,1722,54,38,9,24,13,701,103,20000,1040000
Konstantinos Mavropanos,DF,Arsenal,19,3,3,195.0,2.2,0,0,0,0,0,0,0,1,0.0,0.0,0.0,0.0,0.00,0.00,0.00,0.00,0.00,0.00,0.00,0.00,0.0,0.0,0.0,0.0,0.0,0.0,0.0,0.0,0.0,0.0,0.0,0.0,0.0,0.0,0.0,0.0,0.0,0.0,0.0,0.0,0.0,0.0,0.0,0.0,0,0,,0.00,0.00,,,,91,103,88.3,1645,602,36,38,94.7,45,48,93.8,8,12,66.7,0,6,0,0,5,101,2,2,0,2,0,0,0,0,0,0.00,0,0.00,0,0,0,0,0,0,0,0.00,0,0,0,0,0,0,1,1,1,0,0,1,2,50.0,1,4,3,1,6,7,11,1,2.2,126,12,69,57,1,1,126,1,1,100.0,0,0.0,72,375,226,1,0,0,0,0,79,0,7000,364000
Kostas Stafylidis,"DF,MF",Stoke City,23,5,4,335.0,3.7,0,0,0,0,0,0,0,0,0.1,0.1,0.0,0.2,0.00,0.00,0.00,0.00,0.03,0.01,0.03,0.05,0.0,0.0,0.0,0.0,0.0,0.0,0.0,0.0,0.0,0.0,0.0,0.0,0.0,0.0,0.0,0.0,0.0,0.0,0.0,0.0,0.0,0.0,0.0,0.0,4,0,0.0,1.07,0.00,0.00,,27.1,98,147,66.7,1562,577,43,51,84.3,44,68,64.7,6,15,40.0,2,5,1,0,8,102,44,2,0,0,10,42,0,1,4,1.07,4,1.07,2,0,1,0,0,1,0,0.00,0,0,0,0,0,0,12,6,6,4,2,6,9,66.7,3,7,2,5,5,17,19,0,3.7,193,19,62,91,43,0,193,2,2,100.0,0,0.0,74,301,123,3,3,0,2,4,73,3,0.0,0.0
Kurt Zouma,DF,Stoke City,22,34,32,2888.0,32.1,1,0,1,1,0,0,1,0,1.3,1.2,0.4,1.6,0.03,0.00,0.03,0.03,0.04,0.01,0.04,0.05,0.0,0.0,0.0,0.0,0.0,0.0,0.0,0.0,0.0,0.0,0.0,0.0,0.0,0.0,0.0,0.0,0.0,0.0,0.0,0.0,0.0,0.0,0.0,0.0,20,7,35.0,0.62,0.22,0.05,0.14,21.0,869,1154,75.3,17015,7595,339,385,88.1,400,516,77.5,113,207,54.6,6,74,3,0,86,999,149,33,0,24,11,116,0,6,22,0.69,22,0.69,17,0,2,2,0,1,2,0.06,2,0,0,0,0,0,50,38,35,13,2,21,28,75.0,7,42,23,19,61,111,246,2,32.1,1613,252,803,720,104,22,1613,27,22,81.5,5,18.5,707,3830,2199,23,20,1,15,17,702,11,46000,2392000
Kyle Bartley,DF,Swansea City,26,5,2,235.0,2.6,0,0,0,0,0,0,2,0,0.1,0.1,0.3,0.4,0.00,0.00,0.00,0.00,0.05,0.10,0.05,0.16,0.0,0.0,0.0,0.0,0.0,0.0,0.0,0.0,0.0,0.0,0.0,0.0,0.0,0.0,0.0,0.0,0.0,0.0,0.0,0.0,0.0,0.0,0.0,0.0,2,0,0.0,0.77,0.00,0.00,,9.5,93,115,80.9,1796,686,32,37,86.5,51,57,89.5,9,18,50.0,2,8,0,0,7,112,3,3,0,1,0,0,0,0,2,0.77,2,0.77,2,0,0,0,0,0,0,0.00,0,0,0,0,0,0,3,2,3,0,0,2,2,100.0,0,6,6,0,4,7,21,0,2.6,152,26,93,52,7,5,152,0,0,,0,,61,284,163,2,1,0,0,1,90,0,27500,1430000
Kyle Naughton,DF,Swansea City,28,34,34,3030.0,33.7,0,2,2,0,0,0,1,0,0.4,0.4,0.5,0.8,0.00,0.06,0.06,0.00,0.01,0.01,0.01,0.03,0.0,0.0,0.0,0.0,0.0,0.0,0.0,0.0,0.0,0.0,0.0,0.0,0.0,0.0,0.0,0.0,0.0,0.0,0.0,0.0,0.0,0.0,0.0,0.0,12,1,8.3,0.36,0.03,0.00,0.00,23.5,1525,2111,72.2,25319,10879,791,929,85.1,582,804,72.4,123,277,44.4,12,160,17,7,193,1679,427,21,0,16,62,406,0,5,48,1.43,48,1.43,41,2,1,2,1,1,4,0.12,3,0,0,0,0,1,92,60,49,35,8,54,100,54.0,46,60,13,47,60,152,144,4,33.7,2533,146,732,1312,509,27,2533,43,24,55.8,19,44.2,987,4974,2639,50,35,9,23,27,1332,88,32000,1664000
Kyle Walker,DF,Manchester City,27,32,32,2784.0,30.9,0,6,6,0,0,0,4,2,0.6,0.6,4.6,5.3,0.00,0.19,0.19,0.00,0.02,0.15,0.02,0.17,0.0,0.0,0.0,0.0,0.0,0.0,0.0,0.0,0.0,0.0,0.0,0.0,0.0,0.0,0.0,0.0,0.0,0.0,0.0,0.0,0.0,0.0,0.0,0.0,13,1,7.7,0.42,0.03,0.00,0.00,24.4,2307,2682,86.0,37708,9574,1149,1250,91.9,932,1046,89.1,167,273,61.2,29,221,32,4,221,2382,299,36,0,28,56,263,0,1,58,1.87,58,1.87,53,2,1,0,2,0,7,0.23,7,0,0,0,0,0,47,31,20,21,6,18,31,58.1,13,21,2,19,29,76,75,2,30.9,2929,65,570,1628,757,36,2929,38,26,68.4,12,31.6,1704,8779,4864,105,78,10,32,18,2065,190,110000,5720000
Kyle Walker-Peters,DF,Tottenham,20,3,2,189.0,2.1,0,2,2,0,0,0,0,0,0.0,0.0,1.2,1.2,0.00,0.95,0.95,0.00,0.00,0.59,0.00,0.59,0.0,0.0,0.0,0.0,0.0,0.0,0.0,0.0,0.0,0.0,0.0,0.0,0.0,0.0,0.0,0.0,0.0,0.0,0.0,0.0,0.0,0.0,0.0,0.0,0,0,,0.00,0.00,,,,101,131,77.1,1608,479,56,63,88.9,35,50,70.0,9,13,69.2,3,5,4,2,8,106,25,0,0,0,9,25,0,0,7,3.33,7,3.33,6,0,0,0,1,0,2,0.95,2,0,0,0,0,0,5,4,4,1,0,2,4,50.0,2,2,0,2,3,8,8,0,2.1,157,7,43,62,55,4,157,8,4,50.0,4,50.0,84,433,207,8,5,1,3,5,99,21,20000,1040000
Lasse Sørensen,MF,Stoke City,17,1,1,75.0,0.8,0,0,0,0,0,0,0,0,0.0,0.0,0.1,0.1,0.00,0.00,0.00,0.00,0.00,0.18,0.00,0.18,0.0,0.0,0.0,0.0,0.0,0.0,0.0,0.0,0.0,0.0,0.0,0.0,0.0,0.0,0.0,0.0,0.0,0.0,0.0,0.0,0.0,0.0,0.0,0.0,0,0,,0.00,0.00,,,,41,56,73.2,711,350,20,26,76.9,16,19,84.2,5,7,71.4,2,6,0,0,2,54,1,1,0,0,1,0,0,1,2,2.40,2,2.40,1,1,0,0,0,0,1,1.20,0,1,0,0,0,0,2,2,2,0,0,1,5,20.0,4,2,0,2,0,2,3,0,0.8,61,5,25,34,2,0,61,0,0,,0,,34,137,66,0,0,0,0,1,41,0,0.0,0.0
Laurent Depoitre,FW,Huddersfield,28,33,18,1820.0,20.2,6,1,7,6,0,0,1,0,3.7,3.7,1.4,5.1,0.30,0.05,0.35,0.30,0.18,0.07,0.18,0.25,0.0,0.0,0.0,0.0,0.0,0.0,0.0,0.0,0.0,0.0,0.0,0.0,0.0,0.0,0.0,0.0,0.0,0.0,0.0,0.0,0.0,0.0,0.0,0.0,25,12,48.0,1.24,0.59,0.24,0.50,13.5,275,486,56.6,3620,526,146,247,59.1,85,150,56.7,11,17,64.7,14,20,0,0,21,454,31,0,1,0,3,0,0,1,32,1.58,32,1.58,22,0,3,3,3,1,6,0.30,2,0,2,1,1,0,14,8,4,8,2,3,21,14.3,18,15,3,12,11,25,36,0,20.2,710,36,79,378,262,57,710,26,12,46.2,14,53.8,319,1354,471,11,14,3,61,39,491,89,35000,1820000
Laurent Koscielny,DF,Arsenal,31,25,25,2225.0,24.7,2,0,2,2,0,0,4,0,1.9,1.9,0.4,2.3,0.08,0.00,0.08,0.08,0.08,0.02,0.08,0.09,0.0,0.0,0.0,0.0,0.0,0.0,0.0,0.0,0.0,0.0,0.0,0.0,0.0,0.0,0.0,0.0,0.0,0.0,0.0,0.0,0.0,0.0,0.0,0.0,9,2,22.2,0.36,0.08,0.22,1.00,9.4,1563,1765,88.6,31024,12028,523,574,91.1,841,910,92.4,185,241,76.8,7,137,3,0,124,1705,54,45,2,25,5,9,0,6,16,0.65,16,0.65,15,0,1,0,0,0,0,0.00,0,0,0,0,0,0,43,21,27,12,4,19,33,57.6,14,28,15,13,54,97,138,3,24.7,2061,163,864,1110,96,16,2061,3,2,66.7,1,33.3,1253,6119,3571,25,25,0,12,4,1358,10,90000,4680000
Lee Chung-yong,"FW,MF",Crystal Palace,29,7,1,135.0,1.5,0,0,0,0,0,0,0,0,0.0,0.0,0.1,0.1,0.00,0.00,0.00,0.00,0.02,0.05,0.02,0.07,0.0,0.0,0.0,0.0,0.0,0.0,0.0,0.0,0.0,0.0,0.0,0.0,0.0,0.0,0.0,0.0,0.0,0.0,0.0,0.0,0.0,0.0,0.0,0.0,1,0,0.0,0.67,0.00,0.00,,12.0,58,77,75.3,711,152,37,39,94.9,15,24,62.5,2,6,33.3,2,1,1,0,2,73,4,0,0,0,7,3,1,0,5,3.33,5,3.33,5,0,0,0,0,0,0,0.00,0,0,0,0,0,0,2,0,0,1,1,0,0,,0,3,0,3,2,4,0,1,1.5,91,0,8,42,42,3,91,2,2,100.0,0,0.0,61,351,75,4,3,1,4,3,66,16,25000,1300000
Lee Grant,GK,Stoke City,34,3,3,270.0,3.0,0,0,0,0,0,0,0,0,0.0,0.0,0.0,0.0,0.00,0.00,0.00,0.00,0.00,0.00,0.00,0.00,2.33,15,8,53.3,0,0.0,4.8,0.32,25,60,41.7,69,14,59.4,42.9,23,82.6,58.0,39,1,2.6,4,1.33,18.6,0,0,,0.00,0.00,,,,57,93,61.3,2162,1870,7,7,100.0,18,18,100.0,32,67,47.8,0,4,0,0,0,54,38,15,0,0,0,0,0,1,1,0.33,1,0.33,1,0,0,0,0,0,0,0.00,0,0,0,0,0,0,1,1,1,0,0,1,1,100.0,0,0,0,0,0,1,0,0,3.0,97,75,96,1,0,0,97,0,0,,0,,51,276,173,0,0,0,0,0,31,0,30000,1560000
Leighton Baines,DF,Everton,32,22,22,1909.0,21.2,2,3,5,0,2,2,1,0,2.1,0.5,1.9,2.5,0.09,0.14,0.24,0.00,0.10,0.09,0.02,0.12,0.0,0.0,0.0,0.0,0.0,0.0,0.0,0.0,0.0,0.0,0.0,0.0,0.0,0.0,0.0,0.0,0.0,0.0,0.0,0.0,0.0,0.0,0.0,0.0,5,2,40.0,0.24,0.09,0.00,0.00,24.7,774,1009,76.7,12799,5667,397,438,90.6,298,369,80.8,61,140,43.6,24,71,21,9,84,782,221,26,0,2,75,174,21,6,46,2.17,46,2.17,35,9,1,0,1,0,4,0.19,2,1,1,0,0,0,25,13,18,3,4,9,14,64.3,5,18,6,12,25,50,56,0,21.2,1159,49,325,529,316,15,1157,14,8,57.1,6,42.9,502,2143,1285,31,22,3,9,10,662,61,70000,3640000
Leon Britton,MF,Swansea City,34,5,4,302.0,3.4,0,0,0,0,0,0,1,0,0.0,0.0,0.0,0.0,0.00,0.00,0.00,0.00,0.00,0.00,0.00,0.00,0.0,0.0,0.0,0.0,0.0,0.0,0.0,0.0,0.0,0.0,0.0,0.0,0.0,0.0,0.0,0.0,0.0,0.0,0.0,0.0,0.0,0.0,0.0,0.0,0,0,,0.00,0.00,,,,127,138,92.0,2255,403,49,53,92.5,70,74,94.6,7,8,87.5,0,6,0,0,11,132,6,6,0,0,1,0,0,0,3,0.89,3,0.89,3,0,0,0,0,0,0,0.00,0,0,0,0,0,0,6,5,0,5,1,5,8,62.5,3,3,1,2,1,7,1,0,3.4,154,1,21,118,16,2,154,1,0,0.0,1,100.0,65,345,122,1,4,1,2,3,100,0,37500,1950000
Leonardo Ulloa,FW,Leicester City,31,4,0,22.0,0.2,0,0,0,0,0,0,0,0,0.1,0.1,0.3,0.4,0.00,0.00,0.00,0.00,0.31,1.38,0.31,1.69,0.0,0.0,0.0,0.0,0.0,0.0,0.0,0.0,0.0,0.0,0.0,0.0,0.0,0.0,0.0,0.0,0.0,0.0,0.0,0.0,0.0,0.0,0.0,0.0,1,1,100.0,4.09,4.09,0.00,0.00,7.8,12,14,85.7,179,36,5,5,100.0,4,5,80.0,1,1,100.0,1,1,0,0,2,14,0,0,0,0,0,0,0,0,0,0.00,0,0.00,0,0,0,0,0,0,0,0.00,0,0,0,0,0,0,1,0,0,0,1,0,0,,0,0,0,0,0,1,1,0,0.2,21,1,1,8,12,3,21,3,3,100.0,0,0.0,14,50,6,1,0,0,1,3,17,2,30000,1560000
Leonardo Ulloa,FW,Brighton,31,10,2,267.0,3.0,1,0,1,1,0,0,0,0,0.7,0.7,0.2,1.0,0.34,0.00,0.34,0.34,0.25,0.08,0.25,0.33,0.0,0.0,0.0,0.0,0.0,0.0,0.0,0.0,0.0,0.0,0.0,0.0,0.0,0.0,0.0,0.0,0.0,0.0,0.0,0.0,0.0,0.0,0.0,0.0,1,1,100.0,4.09,4.09,0.00,0.00,7.8,12,14,85.7,179,36,5,5,100.0,4,5,80.0,1,1,100.0,1,1,0,0,2,14,0,0,0,0,0,0,0,0,0,0.00,0,0.00,0,0,0,0,0,0,0,0.00,0,0,0,0,0,0,1,0,0,0,1,0,0,,0,0,0,0,0,1,1,0,0.2,21,1,1,8,12,3,21,3,3,100.0,0,0.0,14,50,6,1,0,0,1,3,17,2,30000,1560000
Leroy Fer,MF,Swansea City,27,20,15,1397.0,15.5,1,1,2,1,0,0,5,0,1.6,1.6,1.0,2.7,0.06,0.06,0.13,0.06,0.11,0.07,0.11,0.17,0.0,0.0,0.0,0.0,0.0,0.0,0.0,0.0,0.0,0.0,0.0,0.0,0.0,0.0,0.0,0.0,0.0,0.0,0.0,0.0,0.0,0.0,0.0,0.0,12,3,25.0,0.77,0.19,0.08,0.33,14.6,515,643,80.1,9132,1993,234,278,84.2,199,235,84.7,65,98,66.3,10,52,9,1,66,627,15,11,3,10,8,2,0,1,24,1.55,24,1.55,17,0,4,1,1,1,2,0.13,2,0,0,0,0,0,44,32,18,21,5,13,30,43.3,17,18,4,14,12,56,24,3,15.5,790,31,152,494,157,13,790,32,26,81.3,6,18.8,367,2237,1045,22,21,3,28,20,540,23,45000,2340000
Leroy Sané,FW,Manchester City,21,32,27,2419.0,26.9,10,15,25,10,0,0,4,0,5.8,5.8,6.8,12.5,0.37,0.56,0.93,0.37,0.21,0.25,0.21,0.47,0.0,0.0,0.0,0.0,0.0,0.0,0.0,0.0,0.0,0.0,0.0,0.0,0.0,0.0,0.0,0.0,0.0,0.0,0.0,0.0,0.0,0.0,0.0,0.0,57,19,33.3,2.12,0.71,0.18,0.53,17.0,957,1208,79.2,12637,2561,588,681,86.3,256,317,80.8,36,79,45.6,57,27,41,6,68,1125,80,4,2,2,93,21,55,3,124,4.61,124,4.61,87,8,18,4,6,1,28,1.04,18,3,6,1,0,0,27,21,14,7,6,8,22,36.4,14,22,1,21,13,40,6,0,26.9,1504,15,104,424,1002,177,1504,132,85,64.4,47,35.6,1036,6623,3086,102,48,64,81,64,1205,416,95000,4940000
Levi Lumeka,FW,Crystal Palace,18,1,0,26.0,0.3,0,0,0,0,0,0,0,0,0.1,0.1,0.0,0.1,0.00,0.00,0.00,0.00,0.20,0.00,0.20,0.20,0.0,0.0,0.0,0.0,0.0,0.0,0.0,0.0,0.0,0.0,0.0,0.0,0.0,0.0,0.0,0.0,0.0,0.0,0.0,0.0,0.0,0.0,0.0,0.0,1,0,0.0,3.46,0.00,0.00,,11.7,5,11,45.5,41,9,5,6,83.3,0,1,0.0,0,2,0.0,0,1,0,0,0,11,0,0,0,0,4,0,0,0,0,0.00,0,0.00,0,0,0,0,0,0,0,0.00,0,0,0,0,0,0,1,1,1,0,0,0,0,,0,0,0,0,1,2,0,0,0.3,15,0,2,7,6,1,15,3,1,33.3,2,66.7,14,87,24,2,1,0,1,1,13,3,500,26000
Lewis Cook,MF,Bournemouth,20,29,25,2237.0,24.9,0,2,2,0,0,0,5,0,0.5,0.5,1.6,2.0,0.00,0.08,0.08,0.00,0.02,0.06,0.02,0.08,0.0,0.0,0.0,0.0,0.0,0.0,0.0,0.0,0.0,0.0,0.0,0.0,0.0,0.0,0.0,0.0,0.0,0.0,0.0,0.0,0.0,0.0,0.0,0.0,18,2,11.1,0.72,0.08,0.00,0.00,27.3,989,1263,78.3,19152,6531,394,486,81.1,428,494,86.6,147,229,64.2,28,176,27,5,173,1221,41,21,5,15,29,5,15,1,65,2.62,65,2.62,53,5,3,2,1,1,6,0.24,6,0,0,0,0,0,67,35,37,30,0,26,69,37.7,43,33,12,21,35,102,25,2,24.9,1521,52,334,974,243,11,1521,67,50,74.6,17,25.4,880,5378,2893,52,41,4,37,39,985,30,15000,780000
Lewis Dunk,DF,Brighton,25,38,38,3420.0,38.0,1,1,2,1,0,0,7,0,2.7,2.7,1.2,3.9,0.03,0.03,0.05,0.03,0.07,0.03,0.07,0.10,0.0,0.0,0.0,0.0,0.0,0.0,0.0,0.0,0.0,0.0,0.0,0.0,0.0,0.0,0.0,0.0,0.0,0.0,0.0,0.0,0.0,0.0,0.0,0.0,27,8,29.6,0.71,0.21,0.04,0.13,11.5,1189,1529,77.8,26092,8945,377,423,89.1,545,612,89.1,242,436,55.5,11,65,5,1,54,1466,52,37,3,61,7,15,0,11,32,0.84,32,0.84,21,0,1,6,2,2,3,0.08,1,0,0,1,1,0,67,33,49,18,0,25,48,52.1,23,73,58,15,71,138,230,2,38.0,2038,307,1207,763,93,43,2038,13,10,76.9,3,23.1,937,5753,3347,25,15,2,21,8,1028,5,35000,1820000
Liam Rosenior,DF,Brighton,33,3,1,164.0,1.8,0,0,0,0,0,0,0,0,0.1,0.1,0.0,0.1,0.00,0.00,0.00,0.00,0.03,0.00,0.03,0.03,0.0,0.0,0.0,0.0,0.0,0.0,0.0,0.0,0.0,0.0,0.0,0.0,0.0,0.0,0.0,0.0,0.0,0.0,0.0,0.0,0.0,0.0,0.0,0.0,2,0,0.0,1.10,0.00,0.00,,22.4,60,89,67.4,1102,631,27,34,79.4,23,31,74.2,9,18,50.0,0,4,0,0,5,66,22,0,0,0,1,22,0,1,0,0.00,0,0.00,0,0,0,0,0,0,0,0.00,0,0,0,0,0,0,4,3,2,1,1,2,5,40.0,3,2,1,1,4,8,7,0,1.8,111,10,43,45,24,0,111,0,0,,0,,46,141,89,1,1,0,0,0,58,2,20192,1050000
Loris Karius,GK,Liverpool,24,19,19,1710.0,19.0,0,0,0,0,0,0,1,0,0.0,0.0,0.0,0.0,0.00,0.00,0.00,0.00,0.00,0.00,0.00,0.00,0.74,45,30,73.3,10,52.6,13.3,0.23,66,227,29.1,524,106,33.0,32.6,103,52.4,45.8,199,10,5.0,33,1.74,17.5,0,0,,0.00,0.00,,,,455,630,72.2,11925,9119,68,68,100.0,264,265,99.6,123,293,42.0,0,3,0,0,0,487,140,37,0,1,0,0,0,3,4,0.21,4,0.21,1,3,0,0,0,0,1,0.05,1,0,0,0,0,0,0,0,0,0,0,0,0,,0,0,0,0,1,1,4,0,19.0,653,549,652,1,0,0,653,0,0,,0,,285,1402,860,0,0,0,0,1,330,0,60000,3120000
Lucas Moura,"FW,MF",Tottenham,24,6,2,210.0,2.3,0,1,1,0,0,0,0,0,0.2,0.2,0.3,0.4,0.00,0.43,0.43,0.00,0.08,0.11,0.08,0.18,0.0,0.0,0.0,0.0,0.0,0.0,0.0,0.0,0.0,0.0,0.0,0.0,0.0,0.0,0.0,0.0,0.0,0.0,0.0,0.0,0.0,0.0,0.0,0.0,5,2,40.0,2.14,0.86,0.00,0.00,24.8,88,114,77.2,1247,262,56,67,83.6,30,39,76.9,1,2,50.0,6,3,2,0,12,114,0,0,0,0,1,0,0,0,17,7.29,17,7.29,12,0,1,0,3,1,1,0.43,1,0,0,0,0,0,4,2,3,0,1,1,3,33.3,2,2,0,2,2,6,2,0,2.3,146,2,14,58,76,7,146,12,6,50.0,6,50.0,113,848,432,15,11,3,6,10,127,37,75000,3900000
Luciano Narsingh,"FW,MF",Swansea City,26,18,5,625.0,6.9,1,0,1,1,0,0,0,0,0.8,0.8,1.1,2.0,0.14,0.00,0.14,0.14,0.12,0.16,0.12,0.28,0.0,0.0,0.0,0.0,0.0,0.0,0.0,0.0,0.0,0.0,0.0,0.0,0.0,0.0,0.0,0.0,0.0,0.0,0.0,0.0,0.0,0.0,0.0,0.0,9,5,55.6,1.30,0.72,0.11,0.20,15.9,163,219,74.4,2205,524,113,130,86.9,41,57,71.9,5,11,45.5,11,12,9,4,15,216,3,1,0,1,23,2,0,0,24,3.46,24,3.46,18,0,5,1,0,0,1,0.14,1,0,0,0,0,0,7,5,1,5,1,2,7,28.6,5,7,0,7,3,10,3,0,6.9,293,5,31,121,149,28,293,28,17,60.7,11,39.3,182,1501,830,30,19,22,18,14,225,73,30000,1560000
Luka Milivojević,MF,Crystal Palace,26,36,35,3080.0,34.2,10,1,11,3,7,8,8,0,8.2,1.8,1.0,2.9,0.29,0.03,0.32,0.09,0.24,0.03,0.05,0.08,0.0,0.0,0.0,0.0,0.0,0.0,0.0,0.0,0.0,0.0,0.0,0.0,0.0,0.0,0.0,0.0,0.0,0.0,0.0,0.0,0.0,0.0,0.0,0.0,34,9,26.5,0.99,0.26,0.09,0.33,25.1,1343,1701,79.0,25224,8439,541,626,86.4,593,701,84.6,175,294,59.5,21,173,17,2,180,1613,83,54,3,20,39,5,24,5,58,1.69,58,1.69,41,8,0,3,3,3,5,0.15,4,0,0,1,0,0,85,52,40,37,8,31,86,36.0,55,50,12,38,71,156,81,3,34.2,2083,104,514,1264,326,24,2075,37,28,75.7,9,24.3,1135,5291,2429,24,22,1,31,24,1177,18,55000,2860000
Lukas Nmecha,FW,Manchester City,18,2,0,16.0,0.2,0,0,0,0,0,0,0,0,0.0,0.0,0.0,0.0,0.00,0.00,0.00,0.00,0.00,0.00,0.00,0.00,0.0,0.0,0.0,0.0,0.0,0.0,0.0,0.0,0.0,0.0,0.0,0.0,0.0,0.0,0.0,0.0,0.0,0.0,0.0,0.0,0.0,0.0,0.0,0.0,0,0,,0.00,0.00,,,,5,5,100.0,50,3,2,2,100.0,1,1,100.0,0,0,,0,0,0,0,0,5,0,0,0,0,0,0,0,0,0,0.00,0,0.00,0,0,0,0,0,0,0,0.00,0,0,0,0,0,0,0,0,0,0,0,0,0,,0,0,0,0,0,0,0,0,0.2,5,0,0,1,4,0,5,0,0,,0,,5,24,10,0,0,0,0,2,7,0,16000,832000
Luke Shaw,DF,Manchester Utd,22,11,8,790.0,8.8,0,0,0,0,0,0,2,0,0.4,0.4,0.4,0.8,0.00,0.00,0.00,0.00,0.05,0.04,0.05,0.09,0.0,0.0,0.0,0.0,0.0,0.0,0.0,0.0,0.0,0.0,0.0,0.0,0.0,0.0,0.0,0.0,0.0,0.0,0.0,0.0,0.0,0.0,0.0,0.0,12,5,41.7,1.37,0.57,0.00,0.00,21.4,465,585,79.5,6012,2057,278,308,90.3,137,173,79.2,12,38,31.6,9,39,9,0,48,495,89,5,0,2,30,77,7,1,19,2.16,19,2.16,17,2,0,0,0,0,0,0.00,0,0,0,0,0,0,18,15,10,7,1,11,18,61.1,7,16,2,14,4,22,22,1,8.8,676,21,141,330,208,17,676,10,6,60.0,4,40.0,338,1925,1182,34,24,4,10,4,400,35,110000,5720000
Lys Mousset,"FW,MF",Bournemouth,21,23,4,596.0,6.6,2,0,2,2,0,0,1,0,1.2,1.2,0.8,2.1,0.30,0.00,0.30,0.30,0.18,0.13,0.18,0.31,0.0,0.0,0.0,0.0,0.0,0.0,0.0,0.0,0.0,0.0,0.0,0.0,0.0,0.0,0.0,0.0,0.0,0.0,0.0,0.0,0.0,0.0,0.0,0.0,22,5,22.7,3.32,0.76,0.09,0.40,18.8,103,173,59.5,1464,445,64,103,62.1,28,44,63.6,6,10,60.0,4,15,4,0,16,166,5,0,0,0,9,1,0,2,12,1.81,12,1.81,8,0,2,1,1,0,2,0.30,2,0,0,0,0,0,9,5,6,3,0,0,8,0.0,8,5,2,3,3,12,9,0,6.6,292,5,25,120,152,33,292,39,18,46.2,21,53.8,197,1195,470,18,20,7,24,16,211,53,20000,1040000
Mamadou Sakho,DF,Crystal Palace,27,19,18,1600.0,17.8,1,2,3,1,0,0,1,0,1.2,1.2,1.1,2.3,0.06,0.11,0.17,0.06,0.07,0.06,0.07,0.13,0.0,0.0,0.0,0.0,0.0,0.0,0.0,0.0,0.0,0.0,0.0,0.0,0.0,0.0,0.0,0.0,0.0,0.0,0.0,0.0,0.0,0.0,0.0,0.0,3,1,33.3,0.17,0.06,0.33,1.00,5.4,632,744,84.9,10900,4934,271,301,90.0,305,339,90.0,41,75,54.7,2,22,1,0,43,720,20,19,1,3,0,1,0,4,5,0.28,5,0.28,5,0,0,0,0,0,3,0.17,3,0,0,0,0,0,21,14,15,5,1,9,16,56.3,7,19,11,8,30,51,101,3,17.8,939,132,496,426,21,6,939,8,6,75.0,2,25.0,506,2186,1180,4,3,1,12,4,488,3,100000,5200000
Mame Biram Diouf,"FW,DF",Stoke City,29,35,30,2596.0,28.8,6,2,8,6,0,0,6,0,6.5,6.5,1.9,8.4,0.21,0.07,0.28,0.21,0.22,0.07,0.22,0.29,0.0,0.0,0.0,0.0,0.0,0.0,0.0,0.0,0.0,0.0,0.0,0.0,0.0,0.0,0.0,0.0,0.0,0.0,0.0,0.0,0.0,0.0,0.0,0.0,59,19,32.2,2.05,0.66,0.10,0.32,13.5,347,630,55.1,4835,1503,213,320,66.6,108,201,53.7,10,38,26.3,20,26,7,2,43,584,41,0,0,0,34,33,0,5,51,1.77,51,1.77,29,1,2,10,9,0,4,0.14,4,0,0,0,0,0,48,36,26,15,7,8,21,38.1,13,22,0,22,14,62,76,1,28.8,952,68,183,343,433,90,952,26,11,42.3,15,57.7,448,2468,929,38,20,7,53,33,597,172,65000,3380000
Manolo Gabbiadini,FW,Southampton,25,28,11,1081.0,12.0,5,0,5,4,1,1,2,0,2.5,1.7,0.5,2.2,0.42,0.00,0.42,0.33,0.21,0.04,0.14,0.18,0.0,0.0,0.0,0.0,0.0,0.0,0.0,0.0,0.0,0.0,0.0,0.0,0.0,0.0,0.0,0.0,0.0,0.0,0.0,0.0,0.0,0.0,0.0,0.0,21,9,42.9,1.75,0.75,0.19,0.44,17.5,158,228,69.3,1799,178,106,129,82.2,34,50,68.0,2,10,20.0,7,3,5,0,12,206,22,0,1,1,5,0,0,0,14,1.17,14,1.17,11,0,1,1,1,0,1,0.08,1,0,0,0,0,0,3,2,0,2,1,1,15,6.7,14,3,0,3,4,7,6,0,12.0,296,7,24,140,137,31,295,12,6,50.0,5,41.7,162,661,260,12,4,4,13,7,209,58,80000,4160000
Manuel Lanzini,"MF,FW",West Ham,24,27,23,2042.0,22.7,5,6,11,5,0,1,4,0,3.9,3.1,4.1,7.2,0.22,0.26,0.48,0.22,0.17,0.18,0.14,0.32,0.0,0.0,0.0,0.0,0.0,0.0,0.0,0.0,0.0,0.0,0.0,0.0,0.0,0.0,0.0,0.0,0.0,0.0,0.0,0.0,0.0,0.0,0.0,0.0,43,16,37.2,1.90,0.71,0.12,0.31,21.0,1085,1309,82.9,16247,4292,608,672,90.5,356,422,84.4,70,137,51.1,40,104,35,3,156,1176,125,48,6,4,83,5,51,8,86,3.79,86,3.79,56,11,9,2,8,0,12,0.53,9,1,1,0,1,0,20,11,6,11,3,2,34,5.9,32,7,1,6,30,50,5,2,22.7,1515,13,156,868,524,53,1514,102,65,63.7,37,36.3,919,6089,2849,65,50,14,31,47,1109,96,35000,1820000
Marc Albrighton,"MF,FW",Leicester City,27,34,30,2538.0,28.2,2,7,9,2,0,0,5,1,1.6,1.6,5.7,7.3,0.07,0.25,0.32,0.07,0.06,0.20,0.06,0.26,0.0,0.0,0.0,0.0,0.0,0.0,0.0,0.0,0.0,0.0,0.0,0.0,0.0,0.0,0.0,0.0,0.0,0.0,0.0,0.0,0.0,0.0,0.0,0.0,20,6,30.0,0.71,0.21,0.10,0.33,20.5,771,1298,59.4,14418,5905,365,436,83.7,259,408,63.5,122,337,36.2,46,98,36,19,114,1124,162,28,11,20,217,64,65,12,79,2.80,79,2.80,51,15,9,1,3,0,11,0.39,10,1,0,0,0,0,52,33,16,29,7,16,52,30.8,36,32,4,28,27,79,34,0,28.2,1581,54,302,701,601,34,1581,95,52,54.7,43,45.3,846,5041,2154,64,43,6,47,38,988,162,45000,2340000
Marc Pugh,"MF,FW",Bournemouth,30,20,11,985.0,10.9,0,0,0,0,0,0,2,0,1.3,1.3,0.5,1.9,0.00,0.00,0.00,0.00,0.12,0.05,0.12,0.17,0.0,0.0,0.0,0.0,0.0,0.0,0.0,0.0,0.0,0.0,0.0,0.0,0.0,0.0,0.0,0.0,0.0,0.0,0.0,0.0,0.0,0.0,0.0,0.0,19,4,21.1,1.74,0.37,0.00,0.00,17.3,388,512,75.8,5977,1689,211,248,85.1,136,182,74.7,26,58,44.8,10,28,15,2,52,495,15,1,3,5,32,9,5,2,24,2.19,24,2.19,18,3,1,1,1,0,1,0.09,0,0,0,0,1,0,7,3,2,4,1,2,10,20.0,8,6,1,5,13,20,13,2,10.9,631,11,81,269,285,40,631,35,19,54.3,14,40.0,373,2495,1023,40,26,10,25,19,475,103,25000,1300000
Marcos Alonso,"DF,MF",Chelsea,26,33,33,2855.0,31.7,7,2,9,7,0,0,6,0,4.1,4.1,2.8,7.0,0.22,0.06,0.28,0.22,0.13,0.09,0.13,0.22,0.0,0.0,0.0,0.0,0.0,0.0,0.0,0.0,0.0,0.0,0.0,0.0,0.0,0.0,0.0,0.0,0.0,0.0,0.0,0.0,0.0,0.0,0.0,0.0,65,22,33.8,2.05,0.69,0.11,0.32,17.0,1333,1721,77.5,21762,6115,656,751,87.4,555,665,83.5,86,176,48.9,34,55,26,11,103,1424,288,19,0,10,96,269,0,9,81,2.55,81,2.55,64,5,2,6,3,1,7,0.22,7,0,0,0,0,0,51,33,30,18,3,23,44,52.3,21,36,5,31,47,98,76,1,31.7,2084,82,566,784,748,96,2084,33,17,51.5,16,48.5,1072,6123,3378,78,50,10,42,24,1258,261,50000,2600000
Marcos Rojo,DF,Manchester Utd,27,9,8,640.0,7.1,0,0,0,0,0,0,6,0,0.2,0.2,0.1,0.2,0.00,0.00,0.00,0.00,0.02,0.01,0.02,0.03,0.0,0.0,0.0,0.0,0.0,0.0,0.0,0.0,0.0,0.0,0.0,0.0,0.0,0.0,0.0,0.0,0.0,0.0,0.0,0.0,0.0,0.0,0.0,0.0,5,1,20.0,0.70,0.14,0.00,0.00,27.9,295,362,81.5,5448,2286,121,131,92.4,137,155,88.4,31,64,48.4,2,27,0,0,13,352,10,7,0,5,1,3,0,0,6,0.84,6,0.84,5,0,1,0,0,0,0,0.00,0,0,0,0,0,0,7,5,6,0,1,1,8,12.5,7,11,6,5,7,14,56,2,7.1,449,64,247,186,18,4,449,4,4,100.0,0,0.0,247,1334,870,3,3,0,1,1,289,1,110000,5720000
Marcus Rashford,"FW,MF",Manchester Utd,19,35,17,1813.0,20.1,7,5,12,7,0,0,3,0,5.2,5.2,3.8,9.0,0.35,0.25,0.60,0.35,0.26,0.19,0.26,0.45,0.0,0.0,0.0,0.0,0.0,0.0,0.0,0.0,0.0,0.0,0.0,0.0,0.0,0.0,0.0,0.0,0.0,0.0,0.0,0.0,0.0,0.0,0.0,0.0,61,20,32.8,3.03,0.99,0.11,0.35,19.4,470,674,69.7,6278,1425,281,324,86.7,114,157,72.6,22,81,27.2,22,22,24,4,46,599,68,7,8,8,81,10,41,7,55,2.73,55,2.73,34,4,10,2,3,2,8,0.40,5,1,1,0,1,0,14,11,4,5,5,6,18,33.3,12,18,0,18,8,22,19,0,20.1,932,15,69,286,585,101,932,92,45,48.9,47,51.1,539,3960,2046,82,40,29,46,31,686,160,20000,1040000
Mario Lemina,MF,Southampton,23,25,20,1720.0,19.1,1,1,2,1,0,0,2,0,0.8,0.8,0.7,1.5,0.05,0.05,0.10,0.05,0.04,0.04,0.04,0.08,0.0,0.0,0.0,0.0,0.0,0.0,0.0,0.0,0.0,0.0,0.0,0.0,0.0,0.0,0.0,0.0,0.0,0.0,0.0,0.0,0.0,0.0,0.0,0.0,23,5,21.7,1.20,0.26,0.04,0.20,25.1,857,987,86.8,14283,3476,414,457,90.6,335,372,90.1,80,120,66.7,8,68,6,1,86,977,7,4,6,9,10,3,0,3,33,1.73,33,1.73,25,0,4,1,1,2,1,0.05,1,0,0,0,0,0,55,40,21,29,5,12,30,40.0,18,18,6,12,36,91,36,4,19.1,1205,52,248,773,203,13,1205,62,55,88.7,7,11.3,826,5309,2902,51,34,4,22,31,821,36,65000,3380000
Mark Noble,MF,West Ham,30,29,28,2400.0,26.7,4,0,4,2,2,2,6,0,2.4,0.8,1.8,2.6,0.15,0.00,0.15,0.07,0.09,0.07,0.03,0.10,0.0,0.0,0.0,0.0,0.0,0.0,0.0,0.0,0.0,0.0,0.0,0.0,0.0,0.0,0.0,0.0,0.0,0.0,0.0,0.0,0.0,0.0,0.0,0.0,13,4,30.8,0.49,0.15,0.15,0.50,26.1,1127,1367,82.4,21353,6408,456,516,88.4,473,544,86.9,163,236,69.1,20,110,27,4,143,1251,105,66,8,22,23,9,7,11,56,2.10,56,2.10,45,5,0,1,4,1,1,0.04,1,0,0,0,0,0,61,36,32,22,7,16,76,21.1,60,28,10,18,47,108,32,1,26.7,1606,57,334,1059,233,11,1604,26,20,76.9,6,23.1,803,4107,1673,10,21,3,22,22,947,25,50000,2600000
Marko Arnautović,"FW,MF",West Ham,28,31,28,2313.0,25.7,11,6,17,11,0,0,5,1,8.6,8.6,4.3,13.0,0.43,0.23,0.66,0.43,0.34,0.17,0.34,0.50,0.0,0.0,0.0,0.0,0.0,0.0,0.0,0.0,0.0,0.0,0.0,0.0,0.0,0.0,0.0,0.0,0.0,0.0,0.0,0.0,0.0,0.0,0.0,0.0,71,33,46.5,2.76,1.28,0.15,0.33,14.5,505,757,66.7,6653,1499,312,399,78.2,138,220,62.7,18,58,31.0,35,26,17,4,52,722,34,11,9,2,61,11,3,1,80,3.11,80,3.11,51,2,15,7,4,1,16,0.62,10,0,3,2,0,1,21,16,9,8,4,7,19,36.8,12,20,3,17,13,34,35,0,25.7,1051,42,119,339,609,150,1051,80,56,70.0,24,30.0,644,4306,1913,76,46,40,58,42,742,232,100000,5200000
Marko Grujić,"MF,DF",Liverpool,21,3,0,16.0,0.2,0,0,0,0,0,0,0,0,0.0,0.0,0.0,0.0,0.00,0.00,0.00,0.00,0.00,0.15,0.00,0.15,0.0,0.0,0.0,0.0,0.0,0.0,0.0,0.0,0.0,0.0,0.0,0.0,0.0,0.0,0.0,0.0,0.0,0.0,0.0,0.0,0.0,0.0,0.0,0.0,0,0,,0.00,0.00,,,,11,14,78.6,189,75,4,6,66.7,7,7,100.0,0,1,0.0,1,0,0,0,1,14,0,0,0,0,0,0,0,0,1,5.63,1,5.63,1,0,0,0,0,0,0,0.00,0,0,0,0,0,0,2,2,0,1,1,2,2,100.0,0,0,0,0,0,2,0,0,0.2,15,0,1,14,2,0,15,0,0,,0,,7,50,33,0,0,0,0,1,9,0,0.0,0.0
Markus Suttner,DF,Brighton,30,14,13,1179.0,13.1,0,0,0,0,0,0,0,0,0.1,0.1,0.3,0.4,0.00,0.00,0.00,0.00,0.01,0.02,0.01,0.03,0.0,0.0,0.0,0.0,0.0,0.0,0.0,0.0,0.0,0.0,0.0,0.0,0.0,0.0,0.0,0.0,0.0,0.0,0.0,0.0,0.0,0.0,0.0,0.0,3,0,0.0,0.23,0.00,0.00,,29.3,435,613,71.0,8260,3590,184,208,88.5,178,238,74.8,64,141,45.4,6,39,7,4,56,470,140,9,1,3,45,127,4,3,17,1.30,17,1.30,13,3,0,1,0,0,0,0.00,0,0,0,0,0,0,25,15,18,4,3,10,22,45.5,12,16,2,14,12,37,49,1,13.1,731,52,267,295,180,0,731,5,1,20.0,4,80.0,298,1474,860,17,16,0,6,2,363,32,25000,1300000
Marouane Fellaini,MF,Manchester Utd,29,16,5,621.0,6.9,4,0,4,4,0,0,1,0,3.5,3.5,0.2,3.7,0.58,0.00,0.58,0.58,0.51,0.03,0.51,0.54,0.0,0.0,0.0,0.0,0.0,0.0,0.0,0.0,0.0,0.0,0.0,0.0,0.0,0.0,0.0,0.0,0.0,0.0,0.0,0.0,0.0,0.0,0.0,0.0,10,7,70.0,1.45,1.01,0.40,0.57,8.5,336,398,84.4,4620,1237,185,212,87.3,101,120,84.2,17,27,63.0,5,25,0,0,19,393,4,3,0,1,3,1,0,1,13,1.88,13,1.88,12,0,0,0,0,1,1,0.14,0,0,0,0,0,1,15,8,6,8,1,2,11,18.2,9,12,3,9,14,29,19,1,6.9,488,29,97,314,81,19,488,7,5,71.4,2,28.6,262,1019,382,5,7,0,13,13,351,11,90000,4680000
Martin Cranie,DF,Huddersfield,30,3,2,180.0,2.0,0,0,0,0,0,0,0,0,0.0,0.0,0.0,0.0,0.00,0.00,0.00,0.00,0.00,0.00,0.00,0.00,0.0,0.0,0.0,0.0,0.0,0.0,0.0,0.0,0.0,0.0,0.0,0.0,0.0,0.0,0.0,0.0,0.0,0.0,0.0,0.0,0.0,0.0,0.0,0.0,0,0,,0.00,0.00,,,,72,91,79.1,1561,536,16,19,84.2,45,51,88.2,11,20,55.0,0,5,0,0,1,89,2,1,0,0,0,1,0,0,0,0.00,0,0.00,0,0,0,0,0,0,0,0.00,0,0,0,0,0,0,3,2,2,1,0,0,1,0.0,1,3,3,0,1,4,10,0,2.0,111,11,68,42,2,1,111,1,1,100.0,0,0.0,53,246,120,0,1,0,2,0,66,0,0.0,0.0
Martin Dúbravka,GK,Newcastle Utd,28,12,12,1080.0,12.0,0,0,0,0,0,0,0,0,0.0,0.0,0.0,0.0,0.00,0.00,0.00,0.00,0.00,0.00,0.00,0.00,0.92,37,25,70.3,4,33.3,14.2,0.36,61,198,30.8,255,32,48.2,38.5,93,80.6,56.0,184,13,7.1,13,1.08,12.9,0,0,,0.00,0.00,,,,203,348,58.3,6648,5297,24,24,100.0,93,94,98.9,86,230,37.4,0,7,0,0,0,212,136,43,0,1,0,0,0,0,3,0.25,3,0.25,2,1,0,0,0,0,0,0.00,0,0,0,0,0,0,0,0,0,0,0,0,0,,0,0,0,0,0,0,3,2,12.0,370,291,367,4,0,0,370,0,0,,0,,172,1184,742,0,1,1,0,0,128,0,15000,780000
Martin Kelly,DF,Crystal Palace,27,15,12,1195.0,13.3,0,0,0,0,0,0,1,0,0.4,0.4,0.1,0.6,0.00,0.00,0.00,0.00,0.03,0.01,0.03,0.04,0.0,0.0,0.0,0.0,0.0,0.0,0.0,0.0,0.0,0.0,0.0,0.0,0.0,0.0,0.0,0.0,0.0,0.0,0.0,0.0,0.0,0.0,0.0,0.0,5,2,40.0,0.38,0.15,0.00,0.00,12.1,284,394,72.1,5365,2459,124,142,87.3,121,151,80.1,35,87,40.2,2,19,0,0,16,344,48,5,0,1,6,43,0,2,4,0.30,4,0.30,3,0,0,1,0,0,0,0.00,0,0,0,0,0,0,19,13,15,4,0,14,26,53.8,12,16,11,5,9,28,67,3,13.3,523,67,263,230,32,6,523,3,2,66.7,1,33.3,242,996,461,5,3,0,3,1,246,3,25000,1300000
Martin Olsson,DF,Swansea City,29,36,36,3149.0,35.0,0,1,1,0,0,0,7,0,0.9,0.9,0.8,1.7,0.00,0.03,0.03,0.00,0.03,0.02,0.03,0.05,0.0,0.0,0.0,0.0,0.0,0.0,0.0,0.0,0.0,0.0,0.0,0.0,0.0,0.0,0.0,0.0,0.0,0.0,0.0,0.0,0.0,0.0,0.0,0.0,18,1,5.6,0.51,0.03,0.00,0.00,22.3,1100,1596,68.9,17189,6212,624,710,87.9,362,530,68.3,88,264,33.3,13,65,24,18,87,1295,298,12,0,3,163,286,0,3,35,1.00,35,1.00,24,4,3,1,3,0,2,0.06,2,0,0,0,0,0,34,26,18,10,6,12,29,41.4,17,21,4,17,31,65,81,0,35.0,1867,95,531,779,576,28,1867,27,11,40.7,16,59.3,901,6079,3207,112,62,10,45,26,1070,143,32500,1690000
Marvin Zeegelaar,DF,Watford,26,12,12,994.0,11.0,0,1,1,0,0,0,4,1,0.0,0.0,1.0,1.0,0.00,0.09,0.09,0.00,0.00,0.09,0.00,0.09,0.0,0.0,0.0,0.0,0.0,0.0,0.0,0.0,0.0,0.0,0.0,0.0,0.0,0.0,0.0,0.0,0.0,0.0,0.0,0.0,0.0,0.0,0.0,0.0,0,0,,0.00,0.00,,,,436,584,74.7,6677,3045,259,297,87.2,140,193,72.5,28,55,50.9,7,39,10,7,54,453,131,6,1,2,38,124,1,0,15,1.36,15,1.36,12,1,0,0,1,1,1,0.09,1,0,0,0,0,0,23,18,15,3,5,11,24,45.8,13,5,1,4,20,43,30,0,11.0,683,35,181,317,191,12,683,20,15,75.0,5,25.0,327,1608,813,30,11,2,11,10,347,44,20000,1040000
Mason Holgate,DF,Everton,20,15,13,1184.0,13.2,0,0,0,0,0,0,3,0,0.6,0.6,0.6,1.2,0.00,0.00,0.00,0.00,0.04,0.05,0.04,0.09,0.0,0.0,0.0,0.0,0.0,0.0,0.0,0.0,0.0,0.0,0.0,0.0,0.0,0.0,0.0,0.0,0.0,0.0,0.0,0.0,0.0,0.0,0.0,0.0,6,1,16.7,0.46,0.08,0.00,0.00,11.5,361,543,66.5,7516,3316,131,162,80.9,162,214,75.7,65,148,43.9,7,42,5,1,44,481,61,6,0,6,12,55,0,1,16,1.22,16,1.22,12,0,1,1,2,0,0,0.00,0,0,0,0,0,0,23,16,15,7,1,10,21,47.6,11,12,9,3,23,46,86,2,13.2,721,78,305,322,98,14,721,12,8,66.7,4,33.3,288,1379,871,8,6,2,11,3,374,25,25000,1300000
Massadio Haïdara,FW,Newcastle Utd,24,1,0,4.0,0.0,0,0,0,0,0,0,0,0,0.0,0.0,0.0,0.0,0.00,0.00,0.00,0.00,0.00,0.00,0.00,0.00,0.0,0.0,0.0,0.0,0.0,0.0,0.0,0.0,0.0,0.0,0.0,0.0,0.0,0.0,0.0,0.0,0.0,0.0,0.0,0.0,0.0,0.0,0.0,0.0,0,0,,0.00,0.00,,,,2,2,100.0,17,0,2,2,100.0,0,0,,0,0,,0,0,0,0,0,2,0,0,0,0,0,0,0,0,0,0.00,0,0.00,0,0,0,0,0,0,0,0.00,0,0,0,0,0,0,0,0,0,0,0,0,0,,0,0,0,0,0,0,0,0,0.0,2,0,0,2,0,0,2,0,0,,0,,2,16,7,0,0,0,0,0,2,0,0.0,0.0
Mathew Ryan,GK,Brighton,25,38,38,3420.0,38.0,0,0,0,0,0,0,0,0,0.0,0.0,0.0,0.0,0.00,0.00,0.00,0.00,0.00,0.00,0.00,0.00,1.42,172,121,69.2,10,26.3,48.8,0.28,345,875,39.4,823,122,66.5,44.5,352,93.2,57.9,623,38,6.1,17,0.45,10.2,0,0,,0.00,0.00,,,,625,1186,52.7,25837,22013,20,20,100.0,178,179,99.4,427,975,43.8,0,24,0,0,0,716,459,107,0,0,0,0,0,11,3,0.08,3,0.08,3,0,0,0,0,0,0,0.00,0,0,0,0,0,0,0,0,0,0,0,0,3,0.0,3,0,0,0,3,3,10,3,38.0,1267,1067,1262,5,0,0,1267,0,0,,0,,581,4691,3474,0,0,0,1,0,433,0,35000,1820000
Mathias Jørgensen,DF,Huddersfield,27,38,38,3420.0,38.0,0,2,2,0,0,0,6,0,1.9,1.9,0.9,2.9,0.00,0.05,0.05,0.00,0.05,0.02,0.05,0.08,0.0,0.0,0.0,0.0,0.0,0.0,0.0,0.0,0.0,0.0,0.0,0.0,0.0,0.0,0.0,0.0,0.0,0.0,0.0,0.0,0.0,0.0,0.0,0.0,13,3,23.1,0.34,0.08,0.00,0.00,13.0,1206,1576,76.5,23654,9558,407,472,86.2,607,725,83.7,162,317,51.1,9,95,2,0,120,1507,63,54,2,4,0,9,0,6,19,0.50,19,0.50,16,1,0,0,0,2,4,0.11,4,0,0,0,0,0,55,36,40,13,2,19,45,42.2,26,49,20,29,76,131,249,5,38.0,2033,216,1029,957,61,28,2033,3,3,100.0,0,0.0,843,4150,2681,21,15,1,12,0,1019,8,0.0,0.0
Matt Phillips,"MF,DF",West Brom,26,30,23,2093.0,23.3,2,2,4,2,0,0,3,0,2.4,2.4,4.1,6.5,0.09,0.09,0.17,0.09,0.10,0.18,0.10,0.28,0.0,0.0,0.0,0.0,0.0,0.0,0.0,0.0,0.0,0.0,0.0,0.0,0.0,0.0,0.0,0.0,0.0,0.0,0.0,0.0,0.0,0.0,0.0,0.0,28,7,25.0,1.20,0.30,0.07,0.29,20.3,434,704,61.6,7299,2673,245,302,81.1,127,198,64.1,50,134,37.3,33,21,19,14,31,601,97,17,0,2,164,37,43,6,60,2.58,60,2.58,33,17,6,1,3,0,3,0.13,2,1,0,0,0,0,27,16,17,5,5,10,29,34.5,19,21,1,20,24,51,43,0,23.3,979,35,196,311,491,44,979,88,45,51.1,43,48.9,583,4475,2247,85,53,17,47,44,598,146,50000,2600000
Matt Ritchie,"MF,FW",Newcastle Utd,27,35,32,2804.0,31.2,3,5,8,3,0,0,6,0,3.1,3.1,6.0,9.1,0.10,0.16,0.26,0.10,0.10,0.19,0.10,0.29,0.0,0.0,0.0,0.0,0.0,0.0,0.0,0.0,0.0,0.0,0.0,0.0,0.0,0.0,0.0,0.0,0.0,0.0,0.0,0.0,0.0,0.0,0.0,0.0,59,16,27.1,1.89,0.51,0.05,0.19,22.9,834,1279,65.2,13965,4500,418,488,85.7,267,399,66.9,108,280,38.6,52,65,28,14,93,1102,171,45,7,10,190,37,89,6,106,3.40,106,3.40,63,25,5,6,6,1,8,0.26,3,4,0,1,0,0,46,32,22,18,6,14,53,26.4,39,37,5,32,35,81,63,1,31.2,1620,52,285,670,691,46,1620,32,16,50.0,16,50.0,822,4234,1754,53,41,8,49,30,931,139,30000,1560000
Matt Targett,DF,Southampton,21,2,2,166.0,1.8,0,0,0,0,0,0,0,0,0.0,0.0,0.1,0.1,0.00,0.00,0.00,0.00,0.00,0.06,0.00,0.06,0.0,0.0,0.0,0.0,0.0,0.0,0.0,0.0,0.0,0.0,0.0,0.0,0.0,0.0,0.0,0.0,0.0,0.0,0.0,0.0,0.0,0.0,0.0,0.0,0,0,,0.00,0.00,,,,78,109,71.6,1440,660,40,42,95.2,25,34,73.5,12,28,42.9,2,3,0,0,5,79,29,5,1,1,8,20,4,1,2,1.08,2,1.08,0,2,0,0,0,0,0,0.00,0,0,0,0,0,0,6,3,5,0,1,1,3,33.3,2,3,2,1,3,9,7,1,1.8,129,6,49,54,29,0,129,3,3,100.0,0,0.0,59,179,111,2,3,0,2,1,59,6,0.0,0.0
Matteo Darmian,DF,Manchester Utd,27,8,5,444.0,4.9,0,0,0,0,0,0,0,0,0.0,0.0,0.0,0.1,0.00,0.00,0.00,0.00,0.01,0.01,0.01,0.01,0.0,0.0,0.0,0.0,0.0,0.0,0.0,0.0,0.0,0.0,0.0,0.0,0.0,0.0,0.0,0.0,0.0,0.0,0.0,0.0,0.0,0.0,0.0,0.0,2,0,0.0,0.41,0.00,0.00,,31.7,208,255,81.6,3066,995,107,117,91.5,68,82,82.9,15,28,53.6,1,12,0,0,16,200,54,1,0,0,6,53,0,1,4,0.81,4,0.81,4,0,0,0,0,0,0,0.00,0,0,0,0,0,0,16,14,7,7,2,6,19,31.6,13,5,3,2,7,23,23,0,4.9,311,24,89,168,55,2,311,2,1,50.0,1,50.0,129,456,246,7,0,1,3,2,167,10,45000,2340000
Matthew Lowton,DF,Burnley,28,26,25,2295.0,25.5,0,3,3,0,0,0,1,0,0.1,0.1,1.6,1.7,0.00,0.12,0.12,0.00,0.00,0.06,0.00,0.07,0.0,0.0,0.0,0.0,0.0,0.0,0.0,0.0,0.0,0.0,0.0,0.0,0.0,0.0,0.0,0.0,0.0,0.0,0.0,0.0,0.0,0.0,0.0,0.0,4,1,25.0,0.16,0.04,0.00,0.00,25.9,779,1165,66.9,14940,5994,317,374,84.8,335,467,71.7,113,267,42.3,14,78,20,11,82,883,274,11,1,12,71,263,0,8,34,1.33,34,1.33,25,3,0,1,4,1,5,0.20,5,0,0,0,0,0,55,34,26,27,2,28,60,46.7,32,35,15,20,39,94,141,2,25.5,1464,140,468,696,308,11,1464,17,11,64.7,6,35.3,505,2287,1206,18,28,1,17,10,642,69,0.0,0.0
Matty James,MF,Leicester City,26,13,11,993.0,11.0,0,0,0,0,0,0,2,0,1.3,1.3,0.1,1.5,0.00,0.00,0.00,0.00,0.12,0.01,0.12,0.13,0.0,0.0,0.0,0.0,0.0,0.0,0.0,0.0,0.0,0.0,0.0,0.0,0.0,0.0,0.0,0.0,0.0,0.0,0.0,0.0,0.0,0.0,0.0,0.0,11,1,9.1,1.00,0.09,0.00,0.00,16.5,363,448,81.0,5314,1297,188,218,86.2,134,160,83.8,17,32,53.1,2,27,2,0,28,437,11,1,1,4,2,0,0,0,10,0.91,10,0.91,7,0,1,2,0,0,1,0.09,1,0,0,0,0,0,19,10,7,11,1,2,10,20.0,8,14,2,12,17,36,25,0,11.0,556,28,131,343,86,10,556,12,8,66.7,4,33.3,238,1140,397,7,7,0,14,5,330,14,32000,1664000
Maya Yoshida,DF,Southampton,28,24,23,2051.0,22.8,2,0,2,2,0,0,4,1,2.0,2.0,0.4,2.4,0.09,0.00,0.09,0.09,0.09,0.02,0.09,0.11,0.0,0.0,0.0,0.0,0.0,0.0,0.0,0.0,0.0,0.0,0.0,0.0,0.0,0.0,0.0,0.0,0.0,0.0,0.0,0.0,0.0,0.0,0.0,0.0,19,4,21.1,0.83,0.18,0.11,0.50,10.8,898,1072,83.8,17334,6704,317,348,91.1,479,525,91.2,95,173,54.9,5,44,2,1,58,1044,24,20,0,5,2,4,0,4,14,0.61,14,0.61,10,0,0,3,1,0,2,0.09,1,0,0,0,1,0,27,20,22,5,0,18,25,72.0,7,32,14,18,41,68,133,2,22.8,1342,155,631,668,49,27,1342,2,2,100.0,0,0.0,777,3255,1643,7,3,0,8,9,798,6,50000,2600000
Mesut Özil,"MF,FW",Arsenal,28,26,24,2163.0,24.0,4,8,12,4,0,0,4,0,4.4,4.4,8.7,13.1,0.17,0.33,0.50,0.17,0.18,0.36,0.18,0.55,0.0,0.0,0.0,0.0,0.0,0.0,0.0,0.0,0.0,0.0,0.0,0.0,0.0,0.0,0.0,0.0,0.0,0.0,0.0,0.0,0.0,0.0,0.0,0.0,39,13,33.3,1.62,0.54,0.10,0.31,18.7,1604,1933,83.0,24221,7044,883,973,90.8,548,646,84.8,99,170,58.2,84,183,79,2,277,1794,129,31,18,8,98,16,76,10,161,6.70,161,6.70,133,17,5,4,2,0,17,0.71,10,3,1,2,1,0,20,13,6,10,4,5,22,22.7,17,11,1,10,12,32,9,0,24.0,2101,8,119,913,1088,89,2101,51,36,70.6,15,29.4,1526,9537,4808,136,140,17,42,32,1772,267,350000,18200000
Michael Carrick,MF,Manchester Utd,36,2,1,109.0,1.2,0,0,0,0,0,0,0,0,0.5,0.5,0.1,0.6,0.00,0.00,0.00,0.00,0.43,0.05,0.43,0.48,0.0,0.0,0.0,0.0,0.0,0.0,0.0,0.0,0.0,0.0,0.0,0.0,0.0,0.0,0.0,0.0,0.0,0.0,0.0,0.0,0.0,0.0,0.0,0.0,2,1,50.0,1.65,0.83,0.00,0.00,14.7,84,99,84.8,1602,837,40,41,97.6,29,29,100.0,14,25,56.0,1,17,0,0,15,98,1,1,1,2,0,0,0,0,5,4.13,5,4.13,4,0,0,1,0,0,1,0.83,1,0,0,0,0,0,1,1,0,1,0,0,1,0.0,1,2,0,2,1,2,3,0,1.2,108,6,22,77,10,1,108,2,2,100.0,0,0.0,65,211,125,0,0,0,0,2,82,1,80000,4160000
Michael Hefele,DF,Huddersfield,26,2,0,33.0,0.4,0,0,0,0,0,0,1,0,0.0,0.0,0.0,0.0,0.00,0.00,0.00,0.00,0.00,0.00,0.00,0.00,0.0,0.0,0.0,0.0,0.0,0.0,0.0,0.0,0.0,0.0,0.0,0.0,0.0,0.0,0.0,0.0,0.0,0.0,0.0,0.0,0.0,0.0,0.0,0.0,0,0,,0.00,0.00,,,,8,10,80.0,116,30,6,6,100.0,2,3,66.7,0,0,,0,1,0,0,1,9,0,0,0,0,0,0,0,1,0,0.00,0,0.00,0,0,0,0,0,0,0,0.00,0,0,0,0,0,0,0,0,0,0,0,0,0,,0,0,0,0,1,1,5,0,0.4,16,3,9,7,0,0,16,0,0,,0,,7,72,54,1,1,0,0,0,5,0,15000,780000
Michael Keane,DF,Everton,24,30,29,2560.0,28.4,0,1,1,0,0,0,3,0,1.1,1.1,0.5,1.6,0.00,0.04,0.04,0.00,0.04,0.02,0.04,0.06,0.0,0.0,0.0,0.0,0.0,0.0,0.0,0.0,0.0,0.0,0.0,0.0,0.0,0.0,0.0,0.0,0.0,0.0,0.0,0.0,0.0,0.0,0.0,0.0,15,1,6.7,0.53,0.04,0.00,0.00,11.5,905,1170,77.4,19215,7605,270,330,81.8,481,552,87.1,149,258,57.8,4,76,4,0,83,1148,18,13,0,17,4,5,0,4,15,0.53,15,0.53,13,0,0,1,1,0,0,0.00,0,0,0,0,0,0,33,25,26,5,2,19,43,44.2,24,39,28,11,53,86,214,0,28.4,1555,214,846,656,60,28,1555,7,7,100.0,0,0.0,694,3662,2227,11,13,1,15,3,797,3,60000,3120000
Michael Obafemi,FW,Southampton,17,1,0,9.0,0.1,0,0,0,0,0,0,0,0,0.4,0.4,0.0,0.4,0.00,0.00,0.00,0.00,3.73,0.00,3.73,3.73,0.0,0.0,0.0,0.0,0.0,0.0,0.0,0.0,0.0,0.0,0.0,0.0,0.0,0.0,0.0,0.0,0.0,0.0,0.0,0.0,0.0,0.0,0.0,0.0,1,0,0.0,10.00,0.00,0.00,,10.0,1,1,100.0,8,0,1,1,100.0,0,0,,0,0,,0,0,0,0,0,1,0,0,0,0,0,0,0,0,0,0.00,0,0.00,0,0,0,0,0,0,0,0.00,0,0,0,0,0,0,0,0,0,0,0,0,0,,0,0,0,0,0,0,0,0,0.1,2,0,0,0,2,1,2,0,0,,0,,2,2,0,0,0,0,0,0,2,1,400,20800
Michail Antonio,"FW,MF",West Ham,27,21,16,1354.0,15.0,3,1,4,3,0,0,1,0,2.4,2.4,1.0,3.4,0.20,0.07,0.27,0.20,0.16,0.07,0.16,0.23,0.0,0.0,0.0,0.0,0.0,0.0,0.0,0.0,0.0,0.0,0.0,0.0,0.0,0.0,0.0,0.0,0.0,0.0,0.0,0.0,0.0,0.0,0.0,0.0,34,15,44.1,2.26,1.00,0.09,0.20,21.9,296,494,59.9,5256,1567,151,210,71.9,90,147,61.2,42,91,46.2,14,20,15,11,29,437,49,3,3,8,55,46,0,8,38,2.53,38,2.53,24,1,6,1,6,0,5,0.33,1,0,2,1,1,0,15,9,7,6,2,4,14,28.6,10,14,0,14,13,28,16,0,15.0,731,22,94,305,348,39,731,88,51,58.0,37,42.0,467,3457,1409,47,38,10,55,42,533,117,70000,3640000
Michel Vorm,GK,Tottenham,33,1,1,90.0,1.0,0,0,0,0,0,0,0,0,0.0,0.0,0.0,0.0,0.00,0.00,0.00,0.00,0.00,0.00,0.00,0.00,1.00,4,4,75.0,0,0.0,0.5,0.13,2,4,50.0,17,2,5.9,26.5,9,33.3,32.4,14,0,0.0,2,2.00,17.0,0,0,,0.00,0.00,,,,23,26,88.5,602,324,1,1,100.0,17,17,100.0,5,8,62.5,0,0,0,0,0,17,9,0,0,0,0,0,0,0,0,0.00,0,0.00,0,0,0,0,0,0,0,0.00,0,0,0,0,0,0,0,0,0,0,0,0,0,,0,0,0,0,0,0,1,0,1.0,27,24,27,0,0,0,27,0,0,,0,,12,63,49,0,0,0,0,0,9,0,40000,2080000
Michy Batshuayi,FW,Chelsea,23,12,3,360.0,4.0,2,1,3,2,0,0,0,0,1.1,1.1,0.1,1.2,0.50,0.25,0.75,0.50,0.28,0.02,0.28,0.30,0.0,0.0,0.0,0.0,0.0,0.0,0.0,0.0,0.0,0.0,0.0,0.0,0.0,0.0,0.0,0.0,0.0,0.0,0.0,0.0,0.0,0.0,0.0,0.0,13,5,38.5,3.25,1.25,0.15,0.40,18.0,67,97,69.1,767,100,41,50,82.0,12,21,57.1,3,5,60.0,1,2,1,0,8,87,9,0,0,0,0,0,0,1,9,2.25,9,2.25,7,0,1,1,0,0,2,0.50,2,0,0,0,0,0,5,4,2,3,0,1,3,33.3,2,0,0,0,1,6,3,0,4.0,137,5,7,70,67,13,137,6,5,83.3,1,16.7,80,445,212,9,7,2,15,9,112,32,0.0,0.0
Miguel Britos,DF,Watford,32,12,10,797.0,8.9,1,0,1,1,0,0,3,1,0.8,0.8,0.4,1.2,0.11,0.00,0.11,0.11,0.09,0.05,0.09,0.14,0.0,0.0,0.0,0.0,0.0,0.0,0.0,0.0,0.0,0.0,0.0,0.0,0.0,0.0,0.0,0.0,0.0,0.0,0.0,0.0,0.0,0.0,0.0,0.0,4,2,50.0,0.45,0.23,0.25,0.50,17.4,318,401,79.3,6586,2637,96,110,87.3,172,195,88.2,49,84,58.3,3,32,4,1,43,381,16,12,0,3,5,4,0,4,8,0.90,8,0.90,6,1,0,1,0,0,0,0.00,0,0,0,0,0,0,15,11,10,5,0,6,11,54.5,5,9,1,8,12,27,45,1,8.9,494,34,204,266,28,5,494,4,2,50.0,2,50.0,264,1333,759,5,6,1,5,1,281,4,25000,1300000
Mike van der Hoorn,DF,Swansea City,24,24,24,1944.0,21.6,1,0,1,1,0,0,4,0,1.0,1.0,0.6,1.6,0.05,0.00,0.05,0.05,0.05,0.03,0.05,0.07,0.0,0.0,0.0,0.0,0.0,0.0,0.0,0.0,0.0,0.0,0.0,0.0,0.0,0.0,0.0,0.0,0.0,0.0,0.0,0.0,0.0,0.0,0.0,0.0,10,4,40.0,0.46,0.19,0.10,0.25,14.3,669,882,75.9,13736,5320,215,250,86.0,340,400,85.0,106,210,50.5,5,42,4,3,41,846,36,20,0,7,8,16,0,0,9,0.42,9,0.42,7,0,0,2,0,0,0,0.00,0,0,0,0,0,0,32,22,23,8,1,16,24,66.7,8,24,14,10,39,71,127,0,21.6,1132,167,611,468,60,19,1132,13,9,69.2,4,30.8,538,2895,1716,8,8,1,7,5,668,5,15000,780000
Mikel Merino,MF,Newcastle Utd,21,24,14,1347.0,15.0,1,1,2,1,0,0,4,0,0.6,0.6,0.9,1.5,0.07,0.07,0.13,0.07,0.04,0.06,0.04,0.10,0.0,0.0,0.0,0.0,0.0,0.0,0.0,0.0,0.0,0.0,0.0,0.0,0.0,0.0,0.0,0.0,0.0,0.0,0.0,0.0,0.0,0.0,0.0,0.0,16,6,37.5,1.07,0.40,0.06,0.17,25.5,645,818,78.9,10947,3524,281,342,82.2,268,314,85.4,61,105,58.1,16,84,14,0,108,802,14,12,6,8,3,1,1,2,47,3.14,47,3.14,41,1,0,2,1,2,4,0.27,3,0,0,1,0,0,56,40,21,32,3,17,56,30.4,39,36,8,28,34,90,25,0,15.0,1066,26,194,714,177,14,1066,40,28,70.0,12,30.0,570,2937,1494,25,21,3,33,34,604,15,35000,1820000
Mohamed Diamé,MF,Newcastle Utd,30,31,23,2041.0,22.7,2,0,2,2,0,0,3,0,1.4,1.4,0.7,2.1,0.09,0.00,0.09,0.09,0.06,0.03,0.06,0.09,0.0,0.0,0.0,0.0,0.0,0.0,0.0,0.0,0.0,0.0,0.0,0.0,0.0,0.0,0.0,0.0,0.0,0.0,0.0,0.0,0.0,0.0,0.0,0.0,20,6,30.0,0.88,0.26,0.10,0.33,21.0,666,825,80.7,10938,3060,333,388,85.8,237,282,84.0,60,91,65.9,13,64,7,1,81,819,4,3,2,14,6,1,0,2,39,1.72,39,1.72,26,0,5,2,0,6,0,0.00,0,0,0,0,0,0,89,64,33,48,8,16,62,25.8,46,44,7,37,48,137,30,2,22.7,1121,43,254,711,173,21,1121,42,25,59.5,17,40.5,599,2806,1365,25,28,1,27,41,623,22,45000,2340000
Mohamed Elneny,MF,Arsenal,25,13,11,867.0,9.6,0,1,1,0,0,0,3,1,0.3,0.3,0.9,1.2,0.00,0.10,0.10,0.00,0.03,0.10,0.03,0.13,0.0,0.0,0.0,0.0,0.0,0.0,0.0,0.0,0.0,0.0,0.0,0.0,0.0,0.0,0.0,0.0,0.0,0.0,0.0,0.0,0.0,0.0,0.0,0.0,8,1,12.5,0.83,0.10,0.00,0.00,24.5,789,852,92.6,12227,3138,430,454,94.7,296,313,94.6,42,53,79.2,10,73,6,0,74,833,17,9,2,2,8,5,3,2,25,2.60,25,2.60,22,0,0,2,1,0,1,0.10,1,0,0,0,0,0,12,6,6,3,3,6,10,60.0,4,11,0,11,10,22,12,2,9.6,923,33,149,581,197,12,923,4,3,75.0,1,25.0,677,2857,1430,13,20,1,7,8,736,21,30000,1560000
Mohamed Salah,FW,Liverpool,25,36,34,2907.0,32.3,32,10,42,31,1,2,1,0,24.1,22.6,7.5,30.1,0.99,0.31,1.30,0.96,0.75,0.23,0.70,0.93,0.0,0.0,0.0,0.0,0.0,0.0,0.0,0.0,0.0,0.0,0.0,0.0,0.0,0.0,0.0,0.0,0.0,0.0,0.0,0.0,0.0,0.0,0.0,0.0,142,64,45.1,4.40,1.98,0.22,0.48,15.3,772,1055,73.2,11021,3263,441,541,81.5,234,313,74.8,44,90,48.9,62,42,43,3,97,955,96,12,8,4,86,19,62,4,161,4.98,161,4.98,103,12,27,9,9,1,33,1.02,16,1,14,1,1,0,12,6,2,5,5,3,23,13.0,20,10,0,10,5,17,5,0,32.3,1438,3,70,418,970,243,1436,126,79,62.7,46,36.5,944,6003,2729,95,52,55,105,95,1116,393,120000,6240000
Molla Wagué,DF,Watford,26,6,5,438.0,4.9,1,0,1,1,0,0,0,0,0.4,0.4,0.0,0.4,0.21,0.00,0.21,0.21,0.08,0.00,0.08,0.08,0.0,0.0,0.0,0.0,0.0,0.0,0.0,0.0,0.0,0.0,0.0,0.0,0.0,0.0,0.0,0.0,0.0,0.0,0.0,0.0,0.0,0.0,0.0,0.0,3,1,33.3,0.62,0.21,0.33,1.00,7.6,109,147,74.1,2278,1029,29,39,74.4,58,69,84.1,19,34,55.9,0,3,1,1,6,142,4,4,0,0,1,0,0,1,0,0.00,0,0.00,0,0,0,0,0,0,0,0.00,0,0,0,0,0,0,5,3,3,2,0,2,5,40.0,3,1,0,1,9,14,30,0,4.9,200,24,106,89,5,3,200,0,0,,0,,86,314,162,0,1,0,1,0,91,0,9269,482000
Morgan Schneiderlin,MF,Everton,27,30,24,2130.0,23.7,0,0,0,0,0,0,6,1,0.4,0.4,0.2,0.6,0.00,0.00,0.00,0.00,0.02,0.01,0.02,0.03,0.0,0.0,0.0,0.0,0.0,0.0,0.0,0.0,0.0,0.0,0.0,0.0,0.0,0.0,0.0,0.0,0.0,0.0,0.0,0.0,0.0,0.0,0.0,0.0,5,0,0.0,0.21,0.00,0.00,,14.9,951,1143,83.2,15661,4847,482,535,90.1,333,387,86.0,91,151,60.3,7,104,3,1,106,1119,20,14,0,14,8,1,4,4,21,0.89,21,0.89,19,0,0,0,1,1,0,0.00,0,0,0,0,0,0,58,40,34,21,3,15,44,34.1,29,18,7,11,61,119,59,1,23.7,1381,69,355,897,146,11,1381,11,6,54.5,5,45.5,694,3096,1319,15,15,1,26,12,807,8,120000,6240000
Moritz Bauer,"DF,MF",Stoke City,25,15,15,1306.0,14.5,0,0,0,0,0,0,4,0,0.2,0.2,0.9,1.1,0.00,0.00,0.00,0.00,0.01,0.06,0.01,0.08,0.0,0.0,0.0,0.0,0.0,0.0,0.0,0.0,0.0,0.0,0.0,0.0,0.0,0.0,0.0,0.0,0.0,0.0,0.0,0.0,0.0,0.0,0.0,0.0,3,1,33.3,0.21,0.07,0.00,0.00,17.1,293,465,63.0,5276,2454,136,168,81.0,100,158,63.3,47,107,43.9,13,18,10,8,19,314,149,11,0,3,39,138,0,2,23,1.58,23,1.58,18,2,3,0,0,0,0,0.00,0,0,0,0,0,0,24,17,17,7,0,10,26,38.5,16,9,1,8,12,36,48,0,14.5,616,40,200,243,180,14,616,21,12,57.1,9,42.9,239,1628,790,25,19,4,16,9,249,45,20000,1040000
Mousa Dembélé,MF,Tottenham,30,28,21,1879.0,20.9,0,0,0,0,0,0,6,0,0.4,0.4,0.7,1.1,0.00,0.00,0.00,0.00,0.02,0.03,0.02,0.05,0.0,0.0,0.0,0.0,0.0,0.0,0.0,0.0,0.0,0.0,0.0,0.0,0.0,0.0,0.0,0.0,0.0,0.0,0.0,0.0,0.0,0.0,0.0,0.0,11,3,27.3,0.53,0.14,0.00,0.00,24.7,1316,1429,92.1,21995,7009,625,668,93.6,592,630,94.0,81,97,83.5,18,177,4,1,211,1383,44,28,1,4,1,4,0,2,50,2.39,50,2.39,42,0,2,2,2,2,2,0.10,2,0,0,0,0,0,36,24,19,11,6,9,37,24.3,28,20,0,20,33,69,15,0,20.9,1600,26,207,1156,265,3,1600,81,68,84.0,13,16.0,1011,6562,3863,66,59,1,25,34,1187,26,55000,2860000
Moussa Sissoko,"MF,FW",Tottenham,27,33,15,1402.0,15.6,1,1,2,1,0,0,3,0,2.2,2.2,2.2,4.4,0.06,0.06,0.13,0.06,0.14,0.14,0.14,0.28,0.0,0.0,0.0,0.0,0.0,0.0,0.0,0.0,0.0,0.0,0.0,0.0,0.0,0.0,0.0,0.0,0.0,0.0,0.0,0.0,0.0,0.0,0.0,0.0,19,7,36.8,1.22,0.45,0.05,0.14,15.8,740,900,82.2,11433,2703,410,451,90.9,270,336,80.4,42,61,68.9,27,69,21,3,85,879,20,6,3,6,19,11,2,1,49,3.15,49,3.15,44,0,3,1,0,1,2,0.13,2,0,0,0,0,0,23,17,14,5,4,9,12,75.0,3,11,1,10,9,32,23,1,15.6,1037,22,138,576,341,48,1037,32,18,56.3,13,40.6,586,3657,1970,50,40,6,19,17,774,102,80000,4160000
Muhamed Bešić,MF,Everton,24,2,0,46.0,0.5,0,0,0,0,0,0,0,0,0.0,0.0,0.0,0.0,0.00,0.00,0.00,0.00,0.00,0.09,0.00,0.09,0.0,0.0,0.0,0.0,0.0,0.0,0.0,0.0,0.0,0.0,0.0,0.0,0.0,0.0,0.0,0.0,0.0,0.0,0.0,0.0,0.0,0.0,0.0,0.0,0,0,,0.00,0.00,,,,27,28,96.4,526,84,12,12,100.0,10,10,100.0,5,6,83.3,1,1,1,0,2,26,2,2,0,0,0,0,0,0,2,3.91,2,3.91,2,0,0,0,0,0,0,0.00,0,0,0,0,0,0,1,1,1,0,0,1,3,33.3,2,2,2,0,0,1,1,0,0.5,33,2,9,20,4,0,33,0,0,,0,,23,136,86,0,0,0,0,2,24,0,0.0,0.0
N'Golo Kanté,MF,Chelsea,26,34,34,2994.0,33.3,1,1,2,1,0,0,3,0,0.8,0.8,2.9,3.6,0.03,0.03,0.06,0.03,0.02,0.09,0.02,0.11,0.0,0.0,0.0,0.0,0.0,0.0,0.0,0.0,0.0,0.0,0.0,0.0,0.0,0.0,0.0,0.0,0.0,0.0,0.0,0.0,0.0,0.0,0.0,0.0,25,5,20.0,0.75,0.15,0.04,0.20,25.7,1924,2174,88.5,30572,8032,975,1041,93.7,737,798,92.4,132,187,70.6,40,195,35,2,274,2143,23,20,8,20,13,3,0,8,95,2.86,95,2.86,86,0,4,3,0,2,8,0.24,7,0,0,1,0,0,113,77,55,52,6,33,92,35.9,59,40,4,36,85,198,29,3,33.3,2523,45,485,1532,551,17,2523,57,47,82.5,10,17.5,1640,9568,5272,88,85,2,44,42,1758,45,150000,7800000
Nacer Chadli,"FW,MF",West Brom,27,5,2,260.0,2.9,1,0,1,1,0,0,1,0,0.2,0.2,0.1,0.3,0.35,0.00,0.35,0.35,0.08,0.04,0.08,0.11,0.0,0.0,0.0,0.0,0.0,0.0,0.0,0.0,0.0,0.0,0.0,0.0,0.0,0.0,0.0,0.0,0.0,0.0,0.0,0.0,0.0,0.0,0.0,0.0,4,2,50.0,1.38,0.69,0.25,0.50,27.1,54,77,70.1,617,122,32,40,80.0,15,21,71.4,1,5,20.0,2,3,2,0,7,70,7,3,0,0,7,1,3,0,3,1.26,3,1.26,2,1,0,0,0,0,0,0.00,0,0,0,0,0,0,1,0,1,0,0,1,4,25.0,3,0,0,0,0,1,4,0,2.9,96,3,13,39,45,6,96,1,1,100.0,0,0.0,59,281,139,4,4,2,4,4,61,8,60000,3120000
Nacho Monreal,DF,Arsenal,31,28,26,2243.0,24.9,5,2,7,5,0,0,3,0,1.7,1.7,2.6,4.3,0.20,0.08,0.28,0.20,0.07,0.11,0.07,0.17,0.0,0.0,0.0,0.0,0.0,0.0,0.0,0.0,0.0,0.0,0.0,0.0,0.0,0.0,0.0,0.0,0.0,0.0,0.0,0.0,0.0,0.0,0.0,0.0,22,8,36.4,0.88,0.32,0.23,0.63,17.8,1603,1816,88.3,26197,9511,767,838,91.5,724,779,92.9,84,134,62.7,13,117,13,4,138,1716,96,34,0,0,31,62,0,4,29,1.16,29,1.16,23,1,1,3,1,0,2,0.08,2,0,0,0,0,0,54,32,19,29,6,21,48,43.8,27,26,7,19,56,110,83,2,24.9,2071,71,640,1136,305,32,2071,11,6,54.5,5,45.5,1299,6121,3366,41,40,2,8,6,1409,73,70000,3640000
Nahki Wells,"FW,MF",Burnley,27,9,0,55.0,0.6,0,0,0,0,0,0,0,0,0.6,0.6,0.0,0.6,0.00,0.00,0.00,0.00,0.95,0.00,0.95,0.95,0.0,0.0,0.0,0.0,0.0,0.0,0.0,0.0,0.0,0.0,0.0,0.0,0.0,0.0,0.0,0.0,0.0,0.0,0.0,0.0,0.0,0.0,0.0,0.0,3,1,33.3,4.91,1.64,0.00,0.00,16.2,16,18,88.9,264,13,6,6,100.0,8,10,80.0,1,1,100.0,0,0,0,0,1,17,1,0,0,0,2,0,0,0,1,1.64,1,1.64,0,0,0,0,0,1,0,0.00,0,0,0,0,0,0,4,3,0,3,1,1,1,100.0,0,2,0,2,0,4,0,0,0.6,29,0,5,7,17,5,29,1,1,100.0,0,0.0,16,77,40,2,1,1,2,3,18,5,25000,1300000
Nathan Aké,DF,Bournemouth,22,38,37,3353.0,37.3,2,3,5,2,0,0,5,0,1.4,1.4,1.9,3.4,0.05,0.08,0.13,0.05,0.04,0.05,0.04,0.09,0.0,0.0,0.0,0.0,0.0,0.0,0.0,0.0,0.0,0.0,0.0,0.0,0.0,0.0,0.0,0.0,0.0,0.0,0.0,0.0,0.0,0.0,0.0,0.0,18,8,44.4,0.48,0.21,0.11,0.25,11.2,1344,1609,83.5,26293,11309,437,510,85.7,737,833,88.5,159,240,66.3,9,89,3,0,96,1551,56,43,0,2,5,13,0,2,20,0.54,20,0.54,17,0,3,0,0,0,5,0.13,5,0,0,0,0,0,53,32,34,16,3,22,40,55.0,18,47,24,23,48,101,246,2,37.3,2048,283,1262,720,84,46,2048,11,10,90.9,1,9.1,946,5466,3075,14,9,1,12,6,1110,10,40000,2080000
Nathan Dyer,"MF,FW",Swansea City,29,24,16,1307.0,14.5,0,0,0,0,0,0,2,0,0.9,0.9,0.8,1.7,0.00,0.00,0.00,0.00,0.06,0.05,0.06,0.12,0.0,0.0,0.0,0.0,0.0,0.0,0.0,0.0,0.0,0.0,0.0,0.0,0.0,0.0,0.0,0.0,0.0,0.0,0.0,0.0,0.0,0.0,0.0,0.0,10,2,20.0,0.69,0.14,0.00,0.00,21.4,426,553,77.0,5556,976,273,313,87.2,113,155,72.9,9,24,37.5,10,19,15,1,34,542,10,3,2,0,33,7,0,1,29,2.00,29,2.00,23,0,2,1,2,1,1,0.07,0,0,0,1,0,0,22,16,8,9,5,6,24,25.0,18,13,0,13,11,33,3,0,14.5,702,3,83,326,305,29,702,48,23,47.9,25,52.1,431,3203,1478,53,41,7,40,29,530,119,32000,1664000
Nathan Redmond,"FW,MF",Southampton,23,31,22,1945.0,21.6,1,3,4,1,0,0,3,0,2.2,2.2,3.6,5.8,0.05,0.14,0.19,0.05,0.10,0.17,0.10,0.27,0.0,0.0,0.0,0.0,0.0,0.0,0.0,0.0,0.0,0.0,0.0,0.0,0.0,0.0,0.0,0.0,0.0,0.0,0.0,0.0,0.0,0.0,0.0,0.0,44,15,34.1,2.04,0.69,0.02,0.07,21.3,644,888,72.5,10743,2550,343,421,81.5,200,258,77.5,75,138,54.3,42,43,33,4,94,826,57,9,5,11,69,15,26,5,79,3.66,79,3.66,59,8,9,0,2,1,6,0.28,6,0,0,0,0,0,32,17,16,14,2,12,31,38.7,19,20,0,20,15,47,17,2,21.6,1104,15,145,457,533,64,1104,79,55,69.6,24,30.4,781,5230,2670,84,64,32,38,43,781,182,60000,3120000
Nathaniel Chalobah,MF,Watford,22,6,5,447.0,5.0,0,0,0,0,0,0,1,0,0.8,0.8,0.0,0.9,0.00,0.00,0.00,0.00,0.17,0.01,0.17,0.18,0.0,0.0,0.0,0.0,0.0,0.0,0.0,0.0,0.0,0.0,0.0,0.0,0.0,0.0,0.0,0.0,0.0,0.0,0.0,0.0,0.0,0.0,0.0,0.0,12,4,33.3,2.42,0.81,0.00,0.00,22.5,132,184,71.7,2235,836,61,76,80.3,51,67,76.1,12,28,42.9,1,18,1,0,22,178,6,5,1,3,2,0,0,0,7,1.41,7,1.41,2,1,1,1,1,1,1,0.20,1,0,0,0,0,0,9,6,2,6,1,2,5,40.0,3,6,5,1,6,15,6,0,5.0,236,11,44,145,54,11,236,12,7,58.3,5,41.7,139,700,343,7,7,2,5,4,142,14,35000,1820000
Nathaniel Clyne,"DF,FW",Liverpool,26,3,2,174.0,1.9,0,0,0,0,0,0,1,0,0.1,0.1,0.1,0.2,0.00,0.00,0.00,0.00,0.07,0.04,0.07,0.10,0.0,0.0,0.0,0.0,0.0,0.0,0.0,0.0,0.0,0.0,0.0,0.0,0.0,0.0,0.0,0.0,0.0,0.0,0.0,0.0,0.0,0.0,0.0,0.0,2,1,50.0,1.03,0.52,0.00,0.00,11.8,108,141,76.6,1751,558,58,65,89.2,37,52,71.2,9,13,69.2,1,7,2,1,5,111,30,0,0,0,7,30,0,0,2,1.03,2,1.03,2,0,0,0,0,0,0,0.00,0,0,0,0,0,0,3,1,2,1,0,0,1,0.0,1,2,1,1,0,3,3,0,1.9,159,2,23,75,61,5,159,2,0,0.0,2,100.0,67,289,111,5,1,0,4,2,90,29,75000,3900000
Nemanja Matić,MF,Manchester Utd,28,36,35,3118.0,34.6,1,1,2,1,0,0,6,0,0.7,0.7,1.6,2.3,0.03,0.03,0.06,0.03,0.02,0.05,0.02,0.07,0.0,0.0,0.0,0.0,0.0,0.0,0.0,0.0,0.0,0.0,0.0,0.0,0.0,0.0,0.0,0.0,0.0,0.0,0.0,0.0,0.0,0.0,0.0,0.0,18,2,11.1,0.52,0.06,0.06,0.50,27.0,2299,2647,86.9,40993,11705,974,1068,91.2,959,1042,92.0,269,356,75.6,24,220,23,1,237,2526,107,92,4,47,18,14,1,14,68,1.96,68,1.96,61,1,4,1,1,0,5,0.14,5,0,0,0,0,0,70,42,32,34,4,23,71,32.4,48,50,13,37,64,134,62,2,34.6,2970,115,683,1858,457,27,2970,65,54,83.1,11,16.9,1701,9838,5479,74,64,7,37,31,2052,23,120000,6240000
Nick Pope,GK,Burnley,25,35,34,3115.0,34.6,0,0,0,0,0,0,3,0,0.0,0.0,0.5,0.5,0.00,0.00,0.00,0.00,0.00,0.01,0.00,0.01,1.01,148,113,78.4,12,35.3,42.5,0.27,351,997,35.2,920,118,77.8,52.1,297,94.6,66.7,600,57,9.5,38,1.10,12.5,0,0,,0.00,0.00,,,,546,1224,44.6,26090,23787,17,17,100.0,138,144,95.8,391,1055,37.1,4,74,1,0,0,714,503,206,0,0,0,0,0,7,11,0.32,11,0.32,8,3,0,0,0,0,0,0.00,0,0,0,0,0,0,0,0,0,0,0,0,1,0.0,1,0,0,0,0,0,21,0,34.6,1307,1005,1238,70,0,0,1307,0,0,,0,,584,4470,3278,0,1,1,0,0,367,0,15000,780000
Nicolás Otamendi,DF,Manchester City,29,34,33,2967.0,33.0,4,0,4,4,0,0,9,0,2.7,2.7,0.9,3.6,0.12,0.00,0.12,0.12,0.08,0.03,0.08,0.11,0.0,0.0,0.0,0.0,0.0,0.0,0.0,0.0,0.0,0.0,0.0,0.0,0.0,0.0,0.0,0.0,0.0,0.0,0.0,0.0,0.0,0.0,0.0,0.0,32,10,31.3,0.97,0.30,0.13,0.40,16.2,2829,3082,91.8,51762,16561,1081,1132,95.5,1459,1561,93.5,238,312,76.3,12,226,5,0,212,3035,45,41,3,39,2,4,0,2,36,1.09,36,1.09,32,0,0,4,0,0,1,0.03,1,0,0,0,0,0,58,43,35,22,1,19,44,43.2,25,21,10,11,48,106,129,3,33.0,3407,154,1127,2122,167,38,3407,7,5,71.4,2,28.6,2428,15364,9940,92,60,0,19,1,2626,8,180000,9360000
Nikola Vlašić,"MF,FW",Everton,19,12,7,576.0,6.4,0,0,0,0,0,0,0,0,0.3,0.3,0.8,1.1,0.00,0.00,0.00,0.00,0.04,0.12,0.04,0.16,0.0,0.0,0.0,0.0,0.0,0.0,0.0,0.0,0.0,0.0,0.0,0.0,0.0,0.0,0.0,0.0,0.0,0.0,0.0,0.0,0.0,0.0,0.0,0.0,5,1,20.0,0.78,0.16,0.00,0.00,17.6,152,211,72.0,1824,477,101,128,78.9,31,43,72.1,4,7,57.1,11,5,7,1,16,209,2,0,2,0,8,0,1,0,23,3.59,23,3.59,20,1,1,0,1,0,0,0.00,0,0,0,0,0,0,9,5,3,6,0,2,9,22.2,7,14,2,12,9,18,10,0,6.4,304,6,49,110,150,19,304,19,13,68.4,6,31.6,176,1191,554,22,11,7,28,12,188,49,25000,1300000
Nordin Amrabat,FW,Watford,30,3,3,198.0,2.2,0,0,0,0,0,0,0,0,0.1,0.1,0.1,0.2,0.00,0.00,0.00,0.00,0.02,0.06,0.02,0.09,0.0,0.0,0.0,0.0,0.0,0.0,0.0,0.0,0.0,0.0,0.0,0.0,0.0,0.0,0.0,0.0,0.0,0.0,0.0,0.0,0.0,0.0,0.0,0.0,1,0,0.0,0.45,0.00,0.00,,12.6,44,78,56.4,585,190,29,36,80.6,9,21,42.9,4,9,44.4,3,4,3,2,7,75,2,0,0,1,9,2,0,1,5,2.27,5,2.27,4,0,0,0,1,0,0,0.00,0,0,0,0,0,0,6,3,1,5,0,1,3,33.3,2,1,0,1,0,6,2,0,2.2,98,0,13,36,50,4,98,4,2,50.0,2,50.0,61,284,124,3,5,1,4,7,72,22,0.0,0.0
Oleksandr Zinchenko,DF,Manchester City,20,8,6,532.0,5.9,0,0,0,0,0,0,1,0,0.1,0.1,0.4,0.5,0.00,0.00,0.00,0.00,0.02,0.07,0.02,0.09,0.0,0.0,0.0,0.0,0.0,0.0,0.0,0.0,0.0,0.0,0.0,0.0,0.0,0.0,0.0,0.0,0.0,0.0,0.0,0.0,0.0,0.0,0.0,0.0,5,2,40.0,0.85,0.34,0.00,0.00,31.0,664,729,91.1,9453,2333,391,414,94.4,218,235,92.8,31,46,67.4,8,55,8,0,57,678,51,4,0,5,10,47,0,0,15,2.54,15,2.54,13,2,0,0,0,0,2,0.34,2,0,0,0,0,0,23,16,11,9,3,7,13,53.8,6,3,0,3,6,29,7,0,5.9,776,10,97,483,197,2,776,3,3,100.0,0,0.0,463,1467,843,9,10,1,2,2,610,49,0.0,0.0
Oliver Burke,"FW,MF",West Brom,20,15,2,367.0,4.1,0,2,2,0,0,0,0,0,0.5,0.5,0.5,1.0,0.00,0.49,0.49,0.00,0.12,0.13,0.12,0.25,0.0,0.0,0.0,0.0,0.0,0.0,0.0,0.0,0.0,0.0,0.0,0.0,0.0,0.0,0.0,0.0,0.0,0.0,0.0,0.0,0.0,0.0,0.0,0.0,4,0,0.0,0.98,0.00,0.00,,15.2,114,151,75.5,1509,284,76,91,83.5,28,39,71.8,5,9,55.6,4,4,3,2,6,148,2,1,0,2,9,1,0,1,10,2.45,10,2.45,7,0,1,1,1,0,3,0.74,2,0,0,0,1,0,6,4,3,2,1,4,12,33.3,8,3,0,3,7,13,3,0,4.1,209,1,23,77,113,17,209,20,13,65.0,7,35.0,136,1030,375,12,9,4,16,14,164,37,12500,650000
Oliver McBurnie,"FW,MF",Swansea City,21,11,2,276.0,3.1,0,1,1,0,0,0,0,0,0.4,0.4,0.7,1.1,0.00,0.33,0.33,0.00,0.14,0.22,0.14,0.36,0.0,0.0,0.0,0.0,0.0,0.0,0.0,0.0,0.0,0.0,0.0,0.0,0.0,0.0,0.0,0.0,0.0,0.0,0.0,0.0,0.0,0.0,0.0,0.0,5,3,60.0,1.63,0.98,0.00,0.00,10.7,68,103,66.0,777,116,46,62,74.2,11,22,50.0,2,3,66.7,1,3,2,0,9,96,6,0,1,0,3,0,0,1,3,0.98,3,0.98,3,0,0,0,0,0,1,0.33,1,0,0,0,0,0,4,3,0,2,2,1,3,33.3,2,2,0,2,0,4,3,0,3.1,133,3,6,73,54,11,133,1,1,100.0,0,0.0,65,234,58,4,1,2,12,7,101,26,0.0,0.0
Olivier Giroud,FW,Chelsea,30,13,6,613.0,6.8,3,1,4,3,0,0,0,0,3.6,3.6,2.0,5.6,0.44,0.15,0.59,0.44,0.53,0.30,0.53,0.83,0.0,0.0,0.0,0.0,0.0,0.0,0.0,0.0,0.0,0.0,0.0,0.0,0.0,0.0,0.0,0.0,0.0,0.0,0.0,0.0,0.0,0.0,0.0,0.0,18,6,33.3,4.18,1.39,0.22,0.67,10.6,96,140,68.6,920,160,68,92,73.9,11,17,64.7,1,3,33.3,7,4,4,1,5,136,3,0,2,1,3,0,0,1,14,3.25,14,3.25,11,0,1,2,0,0,0,0.00,0,0,0,0,0,0,5,4,1,2,2,1,5,20.0,4,1,0,1,1,6,4,0,4.3,185,5,18,64,104,37,185,1,1,100.0,0,0.0,85,204,77,3,0,0,13,5,150,39,110000,5720000
Olivier Giroud,FW,Arsenal,30,16,1,388.0,4.3,4,1,5,4,0,0,0,0,3.3,3.3,0.9,4.2,0.93,0.23,1.16,0.93,0.76,0.22,0.76,0.98,0.0,0.0,0.0,0.0,0.0,0.0,0.0,0.0,0.0,0.0,0.0,0.0,0.0,0.0,0.0,0.0,0.0,0.0,0.0,0.0,0.0,0.0,0.0,0.0,18,6,33.3,4.18,1.39,0.22,0.67,10.6,96,140,68.6,920,160,68,92,73.9,11,17,64.7,1,3,33.3,7,4,4,1,5,136,3,0,2,1,3,0,0,1,14,3.25,14,3.25,11,0,1,2,0,0,0,0.00,0,0,0,0,0,0,5,4,1,2,2,1,5,20.0,4,1,0,1,1,6,4,0,4.3,185,5,18,64,104,37,185,1,1,100.0,0,0.0,85,204,77,3,0,0,13,5,150,39,110000,5720000
Orestis Karnezis,GK,Watford,32,15,14,1292.0,14.4,0,0,0,0,0,0,0,0,0.0,0.0,0.0,0.0,0.00,0.00,0.00,0.00,0.00,0.00,0.00,0.00,1.67,56,32,62.5,4,28.6,19.8,0.31,121,321,37.7,323,31,76.2,48.2,81,92.6,58.0,182,10,5.5,9,0.63,13.4,0,0,,0.00,0.00,,,,198,404,49.0,8667,7762,5,5,100.0,50,51,98.0,143,348,41.1,0,8,0,0,0,237,167,86,0,0,0,0,0,0,0,0.00,0,0.00,0,0,0,0,0,0,0,0.00,0,0,0,0,0,0,0,0,0,0,0,0,2,0.0,2,0,0,0,1,1,3,3,14.4,433,344,425,8,0,0,433,0,0,,0,,204,1582,1109,0,1,1,1,0,110,0,19058,991000
Oriol Romeu,MF,Southampton,25,34,34,2897.0,32.2,1,0,1,1,0,0,11,0,2.6,2.6,1.4,4.0,0.03,0.00,0.03,0.03,0.08,0.04,0.08,0.13,0.0,0.0,0.0,0.0,0.0,0.0,0.0,0.0,0.0,0.0,0.0,0.0,0.0,0.0,0.0,0.0,0.0,0.0,0.0,0.0,0.0,0.0,0.0,0.0,27,3,11.1,0.84,0.09,0.04,0.33,18.8,1524,1854,82.2,26097,7844,698,799,87.4,652,772,84.5,137,194,70.6,22,165,12,0,201,1830,21,19,2,17,6,2,0,3,59,1.83,59,1.83,55,0,0,0,2,2,1,0.03,1,0,0,0,0,0,93,64,41,44,8,32,100,32.0,68,59,19,40,69,162,77,2,32.2,2234,94,460,1533,260,31,2234,17,15,88.2,2,11.8,1256,5738,3150,44,39,0,26,11,1342,16,65000,3380000
Oumar Niasse,FW,Everton,27,22,10,1087.0,12.1,8,2,10,8,0,0,2,0,7.0,7.0,1.4,8.4,0.66,0.17,0.83,0.66,0.58,0.11,0.58,0.69,0.0,0.0,0.0,0.0,0.0,0.0,0.0,0.0,0.0,0.0,0.0,0.0,0.0,0.0,0.0,0.0,0.0,0.0,0.0,0.0,0.0,0.0,0.0,0.0,37,18,48.6,3.06,1.49,0.22,0.44,13.0,158,259,61.0,1959,407,87,134,64.9,44,66,66.7,5,10,50.0,11,9,8,1,17,249,9,0,2,0,7,1,1,1,36,2.98,36,2.98,23,0,6,3,3,1,9,0.75,3,0,3,1,1,1,10,6,2,5,3,4,19,21.1,15,3,2,1,2,12,6,0,12.1,438,10,25,138,279,82,438,36,20,55.6,16,44.4,272,1541,562,21,11,15,64,24,333,106,55000,2860000
Pablo Zabaleta,"DF,MF",West Ham,32,37,37,3289.0,36.5,0,1,1,0,0,0,9,0,0.4,0.4,0.9,1.3,0.00,0.03,0.03,0.00,0.01,0.03,0.01,0.04,0.0,0.0,0.0,0.0,0.0,0.0,0.0,0.0,0.0,0.0,0.0,0.0,0.0,0.0,0.0,0.0,0.0,0.0,0.0,0.0,0.0,0.0,0.0,0.0,6,1,16.7,0.16,0.03,0.00,0.00,14.2,1152,1612,71.5,19588,8642,538,646,83.3,481,641,75.0,111,241,46.1,17,109,24,12,145,1216,390,8,1,5,71,382,0,6,41,1.12,41,1.12,32,3,3,0,2,1,1,0.03,1,0,0,0,0,0,96,67,54,28,14,48,98,49.0,50,72,13,59,61,157,152,0,36.5,2051,133,621,1015,432,22,2051,14,7,50.0,7,50.0,781,3765,1564,26,20,3,24,13,915,95,75000,3900000
Pape Souaré,DF,Crystal Palace,27,1,0,9.0,0.1,0,0,0,0,0,0,0,0,0.0,0.0,0.0,0.0,0.00,0.00,0.00,0.00,0.00,0.00,0.00,0.00,0.0,0.0,0.0,0.0,0.0,0.0,0.0,0.0,0.0,0.0,0.0,0.0,0.0,0.0,0.0,0.0,0.0,0.0,0.0,0.0,0.0,0.0,0.0,0.0,0,0,,0.00,0.00,,,,9,11,81.8,92,11,6,6,100.0,2,4,50.0,0,0,,0,1,0,0,0,9,2,0,0,0,0,2,0,0,0,0.00,0,0.00,0,0,0,0,0,0,0,0.00,0,0,0,0,0,0,0,0,0,0,0,0,0,,0,0,0,0,0,0,0,0,0.1,11,0,4,3,4,0,11,0,0,,0,,5,10,4,0,0,0,0,0,7,0,30000,1560000
Pascal Groß,"FW,MF",Brighton,26,38,35,2928.0,32.5,7,8,15,6,1,1,2,0,3.3,2.5,8.3,10.8,0.22,0.25,0.46,0.18,0.10,0.25,0.08,0.33,0.0,0.0,0.0,0.0,0.0,0.0,0.0,0.0,0.0,0.0,0.0,0.0,0.0,0.0,0.0,0.0,0.0,0.0,0.0,0.0,0.0,0.0,0.0,0.0,43,19,44.2,1.32,0.58,0.14,0.32,21.5,1001,1470,68.1,16478,5349,516,607,85.0,258,378,68.3,142,307,46.3,82,86,39,16,153,1251,204,69,10,15,234,6,114,15,134,4.12,134,4.12,78,47,3,4,2,0,13,0.40,10,3,0,0,0,0,36,24,18,16,2,10,67,14.9,57,31,5,26,14,50,20,0,32.5,1709,23,201,729,794,57,1708,15,11,73.3,4,26.7,892,4221,1808,54,50,9,64,38,1145,241,30000,1560000
Patrice Evra,"DF,MF",West Ham,36,5,3,228.0,2.5,0,0,0,0,0,0,0,0,0.0,0.0,0.0,0.0,0.00,0.00,0.00,0.00,0.00,0.00,0.00,0.00,0.0,0.0,0.0,0.0,0.0,0.0,0.0,0.0,0.0,0.0,0.0,0.0,0.0,0.0,0.0,0.0,0.0,0.0,0.0,0.0,0.0,0.0,0.0,0.0,0,0,,0.00,0.00,,,,84,120,70.0,1311,617,49,57,86.0,27,42,64.3,7,12,58.3,0,8,0,0,7,97,22,2,1,1,2,20,0,1,2,0.79,2,0.79,0,0,0,0,2,0,0,0.00,0,0,0,0,0,0,6,4,5,1,0,6,8,75.0,2,4,1,3,7,13,6,0,2.5,144,8,48,75,21,0,144,3,3,100.0,0,0.0,60,281,134,4,4,0,0,5,72,4,50000,2600000
Patrick van Aanholt,DF,Crystal Palace,26,28,25,2184.0,24.3,5,1,6,5,0,0,7,0,3.1,3.1,2.1,5.2,0.21,0.04,0.25,0.21,0.13,0.09,0.13,0.21,0.0,0.0,0.0,0.0,0.0,0.0,0.0,0.0,0.0,0.0,0.0,0.0,0.0,0.0,0.0,0.0,0.0,0.0,0.0,0.0,0.0,0.0,0.0,0.0,33,11,33.3,1.36,0.45,0.15,0.45,23.4,884,1176,75.2,14197,6422,479,532,90.0,311,431,72.2,74,152,48.7,18,63,28,6,92,897,276,30,3,2,56,235,11,3,46,1.90,46,1.90,24,12,6,2,1,1,4,0.16,2,0,2,0,0,0,47,32,29,15,3,16,34,47.1,18,24,5,19,47,94,64,2,24.3,1435,90,445,616,391,32,1435,31,26,83.9,5,16.1,717,3714,1966,46,33,7,37,18,711,86,55000,2860000
Paul Dummett,DF,Newcastle Utd,25,20,19,1602.0,17.8,0,0,0,0,0,0,1,0,0.3,0.3,0.3,0.6,0.00,0.00,0.00,0.00,0.01,0.02,0.01,0.03,0.0,0.0,0.0,0.0,0.0,0.0,0.0,0.0,0.0,0.0,0.0,0.0,0.0,0.0,0.0,0.0,0.0,0.0,0.0,0.0,0.0,0.0,0.0,0.0,4,0,0.0,0.22,0.00,0.00,,14.2,535,779,68.7,8906,4389,252,304,82.9,223,305,73.1,43,119,36.1,6,50,7,3,57,615,160,6,1,2,22,154,0,4,13,0.73,13,0.73,12,0,0,1,0,0,2,0.11,2,0,0,0,0,0,28,19,21,7,0,13,27,48.1,14,27,10,17,23,51,107,1,17.8,986,106,394,444,150,4,986,0,0,,0,,313,1009,534,8,7,0,4,2,410,17,15000,780000
Paul Pogba,MF,Manchester Utd,24,27,25,2148.0,23.9,6,10,16,6,0,0,5,1,7.7,7.7,4.5,12.2,0.25,0.42,0.67,0.25,0.32,0.19,0.32,0.51,0.0,0.0,0.0,0.0,0.0,0.0,0.0,0.0,0.0,0.0,0.0,0.0,0.0,0.0,0.0,0.0,0.0,0.0,0.0,0.0,0.0,0.0,0.0,0.0,76,18,23.7,3.18,0.75,0.08,0.33,22.2,1476,1763,83.7,23981,7902,722,788,91.6,475,561,84.7,166,246,67.5,39,181,49,3,250,1727,27,22,15,43,28,5,0,9,103,4.32,103,4.32,81,1,9,6,4,2,20,0.84,12,0,3,4,1,0,33,23,13,15,5,5,33,15.2,28,16,0,16,21,54,26,0,23.9,2053,35,253,1186,641,71,2053,101,75,74.3,26,25.7,1340,7852,4491,95,77,13,56,40,1674,92,200000,10400000
Paulo Gazzaniga,GK,Tottenham,25,1,1,90.0,1.0,0,0,0,0,0,0,0,0,0.0,0.0,0.0,0.0,0.00,0.00,0.00,0.00,0.00,0.00,0.00,0.00,0.00,3,3,100.0,1,100.0,0.7,0.25,3,7,42.9,17,3,29.4,32.9,8,25.0,30.9,10,2,20.0,1,1.00,12.3,0,0,,0.00,0.00,,,,20,25,80.0,545,379,3,3,100.0,10,10,100.0,7,12,58.3,0,0,0,0,0,16,9,1,0,0,0,0,0,0,0,0.00,0,0.00,0,0,0,0,0,0,0,0.00,0,0,0,0,0,0,0,0,0,0,0,0,1,0.0,1,0,0,0,0,0,0,0,1.0,28,23,28,0,0,0,28,0,0,,0,,9,25,17,0,0,0,0,0,11,0,20000,1040000
Pedro,"MF,FW",Chelsea,30,31,17,1523.0,16.9,4,2,6,4,0,0,1,0,3.0,3.0,1.3,4.3,0.24,0.12,0.35,0.24,0.18,0.07,0.18,0.25,0.0,0.0,0.0,0.0,0.0,0.0,0.0,0.0,0.0,0.0,0.0,0.0,0.0,0.0,0.0,0.0,0.0,0.0,0.0,0.0,0.0,0.0,0.0,0.0,56,20,35.7,3.31,1.18,0.07,0.20,21.5,555,705,78.7,7896,1761,340,388,87.6,138,188,73.4,39,59,66.1,26,32,23,5,56,691,14,6,3,7,46,5,3,0,65,3.84,65,3.84,52,1,4,5,2,1,2,0.12,2,0,0,0,0,0,20,11,6,8,6,5,18,27.8,13,13,1,12,13,33,7,1,16.9,890,8,104,387,415,53,890,51,33,64.7,18,35.3,599,4237,2077,66,45,18,39,26,694,135,99096,5153000
Pedro Obiang,MF,West Ham,25,21,18,1563.0,17.4,2,0,2,2,0,0,3,0,0.4,0.4,0.4,0.8,0.12,0.00,0.12,0.12,0.02,0.02,0.02,0.04,0.0,0.0,0.0,0.0,0.0,0.0,0.0,0.0,0.0,0.0,0.0,0.0,0.0,0.0,0.0,0.0,0.0,0.0,0.0,0.0,0.0,0.0,0.0,0.0,13,5,38.5,0.75,0.29,0.15,0.40,27.3,614,771,79.6,11054,3243,259,309,83.8,264,310,85.2,71,114,62.3,6,80,5,2,77,758,9,7,2,11,8,2,0,4,26,1.50,26,1.50,24,0,0,0,1,1,2,0.12,2,0,0,0,0,0,53,34,20,29,4,17,51,33.3,34,37,16,21,24,77,27,1,17.4,961,46,200,658,118,4,961,25,24,96.0,1,4.0,464,2517,1047,10,15,0,17,19,584,10,55000,2860000
Per Mertesacker,DF,Arsenal,32,6,4,366.0,4.1,1,0,1,1,0,0,0,0,0.2,0.2,0.0,0.2,0.25,0.00,0.25,0.25,0.05,0.00,0.05,0.05,0.0,0.0,0.0,0.0,0.0,0.0,0.0,0.0,0.0,0.0,0.0,0.0,0.0,0.0,0.0,0.0,0.0,0.0,0.0,0.0,0.0,0.0,0.0,0.0,2,2,100.0,0.49,0.49,0.50,0.50,10.4,226,247,91.5,4270,1894,72,74,97.3,134,146,91.8,17,22,77.3,0,6,0,0,6,243,4,4,0,0,0,0,0,0,1,0.25,1,0.25,1,0,0,0,0,0,0,0.00,0,0,0,0,0,0,2,2,0,2,0,0,1,0.0,1,4,3,1,6,8,22,2,4.1,288,28,141,140,9,4,288,0,0,,0,,158,484,257,0,0,0,2,1,179,1,90000,4680000
Peter Crouch,FW,Stoke City,36,31,14,1567.0,17.4,5,2,7,5,0,0,4,0,4.2,4.2,2.8,7.0,0.29,0.11,0.40,0.29,0.24,0.16,0.24,0.40,0.0,0.0,0.0,0.0,0.0,0.0,0.0,0.0,0.0,0.0,0.0,0.0,0.0,0.0,0.0,0.0,0.0,0.0,0.0,0.0,0.0,0.0,0.0,0.0,23,9,39.1,1.32,0.52,0.22,0.56,13.3,375,643,58.3,4463,1102,282,447,63.1,68,122,55.7,9,16,56.3,21,40,7,0,41,633,6,0,1,0,3,2,0,4,37,2.13,37,2.13,35,0,0,1,1,0,2,0.11,2,0,0,0,0,0,2,0,0,1,1,0,12,0.0,12,7,4,3,1,3,31,0,17.4,771,32,65,388,320,82,771,8,6,75.0,2,25.0,294,931,302,9,9,0,36,22,631,85,30000,1560000
Petr Čech,GK,Arsenal,35,34,34,3039.0,33.8,0,0,0,0,0,0,1,0,0.0,0.0,0.0,0.0,0.00,0.00,0.00,0.00,0.00,0.00,0.00,0.00,1.42,135,85,68.1,11,32.4,45.9,0.30,149,414,36.0,809,223,34.4,34.4,225,60.4,47.2,426,33,7.7,52,1.54,14.4,0,0,,0.00,0.00,,,,749,1039,72.1,22106,16596,74,75,98.7,398,400,99.5,276,556,49.6,0,11,1,0,1,735,299,74,0,2,0,0,0,5,3,0.09,3,0.09,3,0,0,0,0,0,0,0.00,0,0,0,0,0,0,1,1,1,0,0,1,1,100.0,0,0,0,0,0,1,23,7,33.8,1128,984,1123,5,0,0,1128,3,2,66.7,1,33.3,514,2918,2025,0,0,0,1,0,437,0,110000,5720000
Phil Bardsley,DF,Burnley,32,13,13,1125.0,12.5,0,0,0,0,0,0,5,0,0.0,0.0,0.3,0.3,0.00,0.00,0.00,0.00,0.00,0.02,0.00,0.03,0.0,0.0,0.0,0.0,0.0,0.0,0.0,0.0,0.0,0.0,0.0,0.0,0.0,0.0,0.0,0.0,0.0,0.0,0.0,0.0,0.0,0.0,0.0,0.0,2,2,100.0,0.16,0.16,0.00,0.00,32.1,394,587,67.1,6906,3437,190,214,88.8,163,245,66.5,37,103,35.9,5,55,13,7,53,426,157,10,0,2,19,147,0,4,14,1.12,14,1.12,12,2,0,0,0,0,0,0.00,0,0,0,0,0,0,17,16,9,7,1,4,11,36.4,7,22,6,16,22,39,77,0,12.5,742,70,234,381,132,3,742,5,3,60.0,2,40.0,251,1027,402,7,3,0,9,9,275,7,30000,1560000
Phil Foden,"MF,FW",Manchester City,17,5,0,49.0,0.5,0,1,1,0,0,0,0,0,0.0,0.0,0.3,0.3,0.00,1.84,1.84,0.00,0.00,0.61,0.00,0.61,0.0,0.0,0.0,0.0,0.0,0.0,0.0,0.0,0.0,0.0,0.0,0.0,0.0,0.0,0.0,0.0,0.0,0.0,0.0,0.0,0.0,0.0,0.0,0.0,0,0,,0.00,0.00,,,,41,48,85.4,461,52,29,30,96.7,8,11,72.7,0,1,0.0,2,2,0,0,0,46,2,0,0,0,4,0,2,0,7,12.86,7,12.86,4,0,2,0,1,0,3,5.51,2,0,1,0,0,0,1,1,0,1,0,0,1,0.0,1,0,0,0,0,1,1,0,0.5,53,1,4,21,28,4,53,3,3,100.0,0,0.0,26,185,73,6,2,2,2,0,43,3,12000,624000
Phil Jagielka,DF,Everton,34,25,23,2065.0,22.9,0,0,0,0,0,0,2,0,0.5,0.5,0.0,0.5,0.00,0.00,0.00,0.00,0.02,0.00,0.02,0.02,0.0,0.0,0.0,0.0,0.0,0.0,0.0,0.0,0.0,0.0,0.0,0.0,0.0,0.0,0.0,0.0,0.0,0.0,0.0,0.0,0.0,0.0,0.0,0.0,7,2,28.6,0.31,0.09,0.00,0.00,12.7,737,983,75.0,16406,5143,219,246,89.0,362,430,84.2,150,285,52.6,1,62,6,0,53,932,43,38,0,15,4,5,0,8,10,0.44,10,0.44,8,0,0,1,0,1,1,0.04,1,0,0,0,0,0,33,23,24,9,0,8,21,38.1,13,30,20,10,39,72,179,1,22.9,1302,155,696,575,37,19,1302,2,1,50.0,1,50.0,566,2264,1047,4,4,1,8,4,660,3,50000,2600000
Phil Jones,DF,Manchester Utd,25,23,23,1973.0,21.9,0,0,0,0,0,0,2,0,0.4,0.4,0.1,0.5,0.00,0.00,0.00,0.00,0.02,0.01,0.02,0.02,0.0,0.0,0.0,0.0,0.0,0.0,0.0,0.0,0.0,0.0,0.0,0.0,0.0,0.0,0.0,0.0,0.0,0.0,0.0,0.0,0.0,0.0,0.0,0.0,2,0,0.0,0.09,0.00,0.00,,18.8,991,1090,90.9,18639,5304,313,336,93.2,546,576,94.8,99,135,73.3,2,37,1,0,45,1074,14,11,0,0,2,3,0,2,13,0.59,13,0.59,12,0,0,0,1,0,0,0.00,0,0,0,0,0,0,25,18,20,5,0,9,20,45.0,11,25,17,8,41,66,133,2,21.9,1332,153,732,577,34,3,1332,9,7,77.8,2,22.2,692,2858,1556,13,3,0,7,1,819,0,50000,2600000
Philip Billing,MF,Huddersfield,21,16,8,764.0,8.5,0,0,0,0,0,0,3,0,0.2,0.2,0.5,0.7,0.00,0.00,0.00,0.00,0.02,0.05,0.02,0.08,0.0,0.0,0.0,0.0,0.0,0.0,0.0,0.0,0.0,0.0,0.0,0.0,0.0,0.0,0.0,0.0,0.0,0.0,0.0,0.0,0.0,0.0,0.0,0.0,7,2,28.6,0.82,0.24,0.00,0.00,29.6,285,394,72.3,4747,1279,142,168,84.5,107,140,76.4,25,62,40.3,2,22,4,2,26,377,17,6,1,2,12,11,0,0,6,0.71,6,0.71,4,0,1,0,0,1,0,0.00,0,0,0,0,0,0,25,16,11,11,3,8,22,36.4,14,17,1,16,18,43,19,0,8.5,500,18,136,284,88,0,500,6,4,66.7,2,33.3,229,1320,700,12,12,0,8,7,255,13,15000,780000
Philippe Coutinho,"MF,FW",Liverpool,25,14,13,1109.0,12.3,7,6,13,7,0,0,0,0,3.5,3.5,4.7,8.2,0.57,0.49,1.06,0.57,0.28,0.38,0.28,0.67,0.0,0.0,0.0,0.0,0.0,0.0,0.0,0.0,0.0,0.0,0.0,0.0,0.0,0.0,0.0,0.0,0.0,0.0,0.0,0.0,0.0,0.0,0.0,0.0,54,17,31.5,4.38,1.38,0.13,0.41,24.0,566,758,74.7,10208,3685,246,287,85.7,231,288,80.2,73,134,54.5,40,99,44,7,145,674,76,19,17,5,58,2,53,8,92,7.46,92,7.46,57,13,11,6,4,1,16,1.30,8,2,4,0,2,0,17,14,4,10,3,3,21,14.3,18,10,0,10,10,27,5,1,12.3,902,3,49,428,436,34,902,60,39,65.0,21,35.0,629,4482,2464,69,55,16,19,26,708,94,0.0,0.0
Pierre Højbjerg,MF,Southampton,21,23,19,1670.0,18.6,0,0,0,0,0,0,6,0,1.0,1.0,0.6,1.5,0.00,0.00,0.00,0.00,0.05,0.03,0.05,0.08,0.0,0.0,0.0,0.0,0.0,0.0,0.0,0.0,0.0,0.0,0.0,0.0,0.0,0.0,0.0,0.0,0.0,0.0,0.0,0.0,0.0,0.0,0.0,0.0,16,6,37.5,0.86,0.32,0.00,0.00,23.6,952,1132,84.1,15556,3430,465,530,87.7,361,411,87.8,82,115,71.3,13,68,10,3,90,1094,33,19,5,14,12,7,0,5,33,1.78,33,1.78,25,1,4,1,2,0,3,0.16,1,0,0,1,1,0,45,29,24,18,3,13,56,23.2,43,30,3,27,37,82,26,1,18.6,1350,30,235,909,224,11,1350,33,21,63.6,12,36.4,796,3633,1527,19,25,3,33,24,867,37,0.0,0.0
Pierre-Emerick Aubameyang,FW,Arsenal,28,13,12,1057.0,11.7,10,4,14,9,1,2,0,0,8.4,6.8,1.1,8.0,0.85,0.34,1.19,0.77,0.71,0.10,0.58,0.68,0.0,0.0,0.0,0.0,0.0,0.0,0.0,0.0,0.0,0.0,0.0,0.0,0.0,0.0,0.0,0.0,0.0,0.0,0.0,0.0,0.0,0.0,0.0,0.0,29,17,58.6,2.47,1.45,0.31,0.53,14.6,225,337,66.8,2707,423,157,192,81.8,47,82,57.3,5,20,25.0,13,10,5,2,9,312,24,0,1,1,16,3,0,1,30,2.55,30,2.55,21,0,4,4,1,0,8,0.68,5,0,1,1,1,0,5,4,3,2,0,1,7,14.3,6,14,1,13,3,8,7,0,11.7,420,10,42,179,206,62,418,14,11,78.6,3,21.4,264,1571,836,31,17,12,12,12,314,85,180000,9360000
Ragnar Klavan,DF,Liverpool,31,19,16,1451.0,16.1,1,0,1,1,0,0,0,0,0.9,0.9,0.2,1.0,0.06,0.00,0.06,0.06,0.05,0.01,0.05,0.06,0.0,0.0,0.0,0.0,0.0,0.0,0.0,0.0,0.0,0.0,0.0,0.0,0.0,0.0,0.0,0.0,0.0,0.0,0.0,0.0,0.0,0.0,0.0,0.0,1,1,100.0,0.06,0.06,1.00,1.00,0.9,1097,1218,90.1,21335,7588,331,353,93.8,659,697,94.5,95,143,66.4,4,61,6,0,73,1180,35,19,1,5,1,16,0,3,21,1.30,21,1.30,21,0,0,0,0,0,3,0.19,3,0,0,0,0,0,14,10,6,7,1,6,12,50.0,6,11,5,6,15,29,85,1,16.1,1359,88,606,723,36,6,1359,5,4,80.0,1,20.0,810,4692,2854,15,8,0,8,2,989,5,30000,1560000
Raheem Sterling,FW,Manchester City,22,33,29,2586.0,28.7,18,11,29,17,1,1,5,2,16.2,15.3,7.3,22.6,0.63,0.38,1.01,0.59,0.56,0.25,0.53,0.79,0.0,0.0,0.0,0.0,0.0,0.0,0.0,0.0,0.0,0.0,0.0,0.0,0.0,0.0,0.0,0.0,0.0,0.0,0.0,0.0,0.0,0.0,0.0,0.0,86,33,38.4,2.99,1.15,0.20,0.52,14.9,998,1221,81.7,11836,2411,644,716,89.9,243,303,80.2,17,34,50.0,55,34,49,3,94,1199,19,1,9,4,39,9,6,3,142,4.94,142,4.94,95,1,21,9,16,0,27,0.94,19,0,2,0,6,0,19,14,7,7,5,3,32,9.4,29,24,0,24,9,28,9,0,28.7,1540,13,76,507,978,230,1539,119,64,53.8,55,46.2,1089,6306,3319,116,70,76,65,59,1319,410,150000,7800000
Rajiv van La Parra,"FW,MF",Huddersfield,26,33,26,2137.0,23.7,3,0,3,2,1,1,3,1,3.1,2.3,0.9,3.2,0.13,0.00,0.13,0.08,0.13,0.04,0.10,0.13,0.0,0.0,0.0,0.0,0.0,0.0,0.0,0.0,0.0,0.0,0.0,0.0,0.0,0.0,0.0,0.0,0.0,0.0,0.0,0.0,0.0,0.0,0.0,0.0,42,14,33.3,1.77,0.59,0.05,0.14,21.6,517,725,71.3,7433,1525,298,362,82.3,169,232,72.8,24,55,43.6,14,20,15,6,65,709,14,2,3,0,84,6,5,2,49,2.06,49,2.06,31,0,8,4,6,0,0,0.00,0,0,0,0,0,0,41,29,18,15,8,12,41,29.3,29,27,1,26,21,62,8,1,23.7,1079,13,161,459,497,48,1078,129,68,52.7,61,47.3,752,7018,3171,114,79,22,75,57,747,136,17500,910000
Ramadan Sobhi,"MF,FW",Stoke City,20,24,12,1238.0,13.8,2,0,2,2,0,0,2,0,1.2,1.2,1.0,2.2,0.15,0.00,0.15,0.15,0.09,0.07,0.09,0.16,0.0,0.0,0.0,0.0,0.0,0.0,0.0,0.0,0.0,0.0,0.0,0.0,0.0,0.0,0.0,0.0,0.0,0.0,0.0,0.0,0.0,0.0,0.0,0.0,13,6,46.2,0.95,0.44,0.15,0.33,18.2,340,452,75.2,4533,1308,206,250,82.4,99,130,76.2,11,19,57.9,15,19,15,2,38,433,18,2,1,0,16,14,0,1,26,1.89,26,1.89,22,0,2,1,0,1,0,0.00,0,0,0,0,0,0,32,21,17,14,1,11,36,30.6,25,14,0,14,14,46,14,0,13.8,600,9,107,245,267,37,600,51,30,58.8,21,41.2,397,3143,1811,58,40,18,26,20,403,102,23000,1196000
Ramiro Funes Mori,DF,Everton,26,4,1,121.0,1.3,0,0,0,0,0,0,1,0,0.0,0.0,0.0,0.0,0.00,0.00,0.00,0.00,0.03,0.00,0.03,0.03,0.0,0.0,0.0,0.0,0.0,0.0,0.0,0.0,0.0,0.0,0.0,0.0,0.0,0.0,0.0,0.0,0.0,0.0,0.0,0.0,0.0,0.0,0.0,0.0,1,0,0.0,0.74,0.00,0.00,,16.9,43,55,78.2,807,304,17,19,89.5,19,20,95.0,7,14,50.0,0,4,0,0,2,53,2,1,0,0,0,1,0,0,0,0.00,0,0.00,0,0,0,0,0,0,0,0.00,0,0,0,0,0,0,0,0,0,0,0,0,0,,0,1,1,0,3,3,14,0,1.3,75,8,43,30,3,1,75,0,0,,0,,37,211,114,2,2,0,0,1,35,1,40000,2080000
Reece Oxford,MF,West Ham,18,1,0,5.0,0.1,0,0,0,0,0,0,0,0,0.0,0.0,0.0,0.0,0.00,0.00,0.00,0.00,0.00,0.00,0.00,0.00,0.0,0.0,0.0,0.0,0.0,0.0,0.0,0.0,0.0,0.0,0.0,0.0,0.0,0.0,0.0,0.0,0.0,0.0,0.0,0.0,0.0,0.0,0.0,0.0,0,0,,0.00,0.00,,,,0,2,0.0,0,0,0,0,,0,0,,0,1,0.0,0,0,0,0,0,2,0,0,0,0,0,0,0,0,0,0.00,0,0.00,0,0,0,0,0,0,0,0.00,0,0,0,0,0,0,2,1,1,1,0,1,1,100.0,0,0,0,0,0,2,0,0,0.1,3,0,1,1,1,0,3,0,0,,0,,2,4,0,0,0,0,0,0,2,0,20000,1040000
Reiss Nelson,"FW,MF",Arsenal,17,3,2,145.0,1.6,0,0,0,0,0,0,0,0,0.1,0.1,0.0,0.1,0.00,0.00,0.00,0.00,0.06,0.02,0.06,0.08,0.0,0.0,0.0,0.0,0.0,0.0,0.0,0.0,0.0,0.0,0.0,0.0,0.0,0.0,0.0,0.0,0.0,0.0,0.0,0.0,0.0,0.0,0.0,0.0,2,0,0.0,1.24,0.00,0.00,,18.3,73,81,90.1,963,219,45,46,97.8,24,26,92.3,2,3,66.7,1,2,4,0,8,80,0,0,0,1,1,0,0,1,4,2.48,4,2.48,3,0,1,0,0,0,0,0.00,0,0,0,0,0,0,4,3,1,1,2,0,0,,0,4,0,4,3,7,0,0,1.6,102,3,13,35,54,4,102,3,1,33.3,2,66.7,66,379,160,3,12,0,5,1,78,13,3000,156000
Rekeem Harper,MF,West Brom,17,1,0,21.0,0.2,0,0,0,0,0,0,0,0,0.0,0.0,0.1,0.1,0.00,0.00,0.00,0.00,0.00,0.22,0.00,0.22,0.0,0.0,0.0,0.0,0.0,0.0,0.0,0.0,0.0,0.0,0.0,0.0,0.0,0.0,0.0,0.0,0.0,0.0,0.0,0.0,0.0,0.0,0.0,0.0,0,0,,0.00,0.00,,,,4,5,80.0,82,30,1,1,100.0,2,3,66.7,1,1,100.0,2,0,0,0,1,5,0,0,0,0,0,0,0,0,2,8.57,2,8.57,2,0,0,0,0,0,0,0.00,0,0,0,0,0,0,1,1,0,1,0,0,0,,0,0,0,0,0,1,0,0,0.2,7,0,1,4,3,0,7,1,0,0.0,1,100.0,4,18,6,0,1,0,1,0,3,0,1000,52000
Renato Sanches,MF,Swansea City,19,12,9,702.0,7.8,0,0,0,0,0,0,1,0,0.5,0.5,0.3,0.8,0.00,0.00,0.00,0.00,0.06,0.04,0.06,0.10,0.0,0.0,0.0,0.0,0.0,0.0,0.0,0.0,0.0,0.0,0.0,0.0,0.0,0.0,0.0,0.0,0.0,0.0,0.0,0.0,0.0,0.0,0.0,0.0,12,0,0.0,1.54,0.00,0.00,,28.5,330,420,78.6,5364,1268,162,182,89.0,123,157,78.3,28,55,50.9,6,33,3,1,45,383,36,16,1,6,32,8,11,1,17,2.18,17,2.18,12,2,1,0,2,0,1,0.13,0,1,0,0,0,0,12,7,6,6,0,6,18,33.3,12,9,1,8,7,19,5,1,7.8,507,11,77,296,146,9,507,40,25,62.5,15,37.5,307,2078,1105,32,24,1,11,25,377,33,25712,1337000
Richarlison,"FW,MF",Watford,20,38,32,2823.0,31.4,5,4,9,5,0,0,4,0,10.3,10.3,3.4,13.7,0.16,0.13,0.29,0.16,0.33,0.11,0.33,0.44,0.0,0.0,0.0,0.0,0.0,0.0,0.0,0.0,0.0,0.0,0.0,0.0,0.0,0.0,0.0,0.0,0.0,0.0,0.0,0.0,0.0,0.0,0.0,0.0,95,22,23.2,3.03,0.70,0.05,0.23,15.1,524,861,60.9,6835,1988,345,462,74.7,135,231,58.4,15,42,35.7,26,40,23,2,73,853,6,0,2,3,51,4,1,2,93,2.96,93,2.96,53,0,13,11,14,2,12,0.38,4,0,2,3,3,0,64,44,26,28,10,10,39,25.6,29,39,5,34,24,88,32,1,31.4,1359,35,174,531,671,187,1359,99,47,47.5,52,52.5,912,5936,2968,126,74,68,117,80,1031,306,25000,1300000
Riyad Mahrez,"MF,FW",Leicester City,26,36,34,2950.0,32.8,12,10,22,12,0,0,2,0,6.5,6.5,7.2,13.8,0.37,0.31,0.67,0.37,0.20,0.22,0.20,0.42,0.0,0.0,0.0,0.0,0.0,0.0,0.0,0.0,0.0,0.0,0.0,0.0,0.0,0.0,0.0,0.0,0.0,0.0,0.0,0.0,0.0,0.0,0.0,0.0,73,36,49.3,2.23,1.10,0.16,0.33,19.5,1088,1485,73.3,19045,6041,553,647,85.5,326,436,74.8,150,267,56.2,57,122,50,8,190,1249,224,86,18,28,158,39,93,12,143,4.36,143,4.36,84,29,19,8,3,0,23,0.70,12,5,4,2,0,0,39,27,16,17,6,10,63,15.9,53,32,1,31,18,57,15,0,32.8,1880,18,181,921,820,109,1880,158,81,51.3,77,48.7,1157,8726,4009,121,100,53,92,64,1302,191,100000,5200000
Rob Elliot,GK,Newcastle Utd,31,16,16,1440.0,16.0,0,0,0,0,0,0,0,0,0.0,0.0,0.0,0.0,0.00,0.00,0.00,0.00,0.00,0.00,0.00,0.00,1.31,64,43,68.8,3,18.8,18.8,0.27,154,371,41.5,378,46,63.5,44.1,159,82.4,55.8,258,15,5.8,15,0.94,13.2,0,0,,0.00,0.00,,,,308,537,57.4,12289,10903,23,23,100.0,102,105,97.1,183,408,44.9,0,9,0,0,0,303,234,75,0,0,0,0,0,0,2,0.12,2,0.12,1,1,0,0,0,0,0,0.00,0,0,0,0,0,0,0,0,0,0,0,0,1,0.0,1,0,0,0,0,0,8,0,16.0,574,471,569,6,0,0,574,0,0,,0,,220,1630,1284,0,0,0,0,0,178,0,25000,1300000
Rob Holding,DF,Arsenal,21,12,9,822.0,9.1,0,0,0,0,0,0,3,0,0.1,0.1,0.0,0.2,0.00,0.00,0.00,0.00,0.01,0.01,0.01,0.02,0.0,0.0,0.0,0.0,0.0,0.0,0.0,0.0,0.0,0.0,0.0,0.0,0.0,0.0,0.0,0.0,0.0,0.0,0.0,0.0,0.0,0.0,0.0,0.0,1,0,0.0,0.11,0.00,0.00,,10.0,517,612,84.5,9871,3314,176,204,86.3,271,295,91.9,58,91,63.7,2,33,0,0,47,593,17,10,1,11,0,7,0,2,5,0.55,5,0.55,5,0,0,0,0,0,1,0.11,1,0,0,0,0,0,19,14,13,5,1,4,12,33.3,8,16,10,6,21,40,40,2,9.1,721,65,317,371,36,4,721,8,5,62.5,3,37.5,450,2130,1293,6,13,0,7,6,474,2,25000,1300000
Robbie Brady,MF,Burnley,25,15,15,1277.0,14.2,1,2,3,1,0,0,3,0,1.2,1.2,2.1,3.3,0.07,0.14,0.21,0.07,0.08,0.15,0.08,0.23,0.0,0.0,0.0,0.0,0.0,0.0,0.0,0.0,0.0,0.0,0.0,0.0,0.0,0.0,0.0,0.0,0.0,0.0,0.0,0.0,0.0,0.0,0.0,0.0,24,6,25.0,1.69,0.42,0.04,0.17,22.8,354,593,59.7,6916,2653,166,206,80.6,109,179,60.9,72,168,42.9,26,39,18,6,54,469,114,41,4,7,123,6,67,10,59,4.16,59,4.16,19,30,3,4,2,1,5,0.35,3,1,0,1,0,0,32,21,14,17,1,8,28,28.6,20,17,3,14,7,39,29,0,14.2,731,25,99,316,323,18,731,25,16,64.0,9,36.0,348,2126,1013,32,30,8,18,20,409,67,35000,1820000
Roberto Firmino,FW,Liverpool,25,37,32,2763.0,30.7,15,7,22,14,1,1,1,0,10.7,9.9,6.5,16.4,0.49,0.23,0.72,0.46,0.35,0.21,0.32,0.53,0.0,0.0,0.0,0.0,0.0,0.0,0.0,0.0,0.0,0.0,0.0,0.0,0.0,0.0,0.0,0.0,0.0,0.0,0.0,0.0,0.0,0.0,0.0,0.0,83,36,43.4,2.70,1.17,0.17,0.39,17.1,869,1233,70.5,11802,3204,501,658,76.1,272,366,74.3,33,53,62.3,57,68,45,0,136,1180,48,5,17,0,43,16,1,5,133,4.33,133,4.33,95,1,17,13,3,4,13,0.42,10,0,1,2,0,0,65,50,9,36,20,8,58,13.8,50,40,2,38,18,83,10,0,30.7,1576,11,71,696,829,183,1575,73,49,67.1,24,32.9,936,5044,2271,91,55,40,80,71,1203,305,100000,5200000
Roberto Pereyra,"MF,FW",Watford,26,32,18,1624.0,18.0,5,2,7,5,0,0,3,0,3.3,3.3,3.0,6.3,0.28,0.11,0.39,0.28,0.18,0.17,0.18,0.35,0.0,0.0,0.0,0.0,0.0,0.0,0.0,0.0,0.0,0.0,0.0,0.0,0.0,0.0,0.0,0.0,0.0,0.0,0.0,0.0,0.0,0.0,0.0,0.0,33,13,39.4,1.83,0.72,0.15,0.38,17.0,597,735,81.2,9330,2419,340,381,89.2,180,228,78.9,54,78,69.2,23,52,26,8,79,689,45,12,1,12,49,9,20,1,61,3.38,61,3.38,39,8,6,5,2,1,10,0.55,5,1,1,2,1,0,10,8,4,5,1,2,13,15.4,11,16,0,16,9,19,6,0,18.0,942,10,121,458,381,56,942,69,31,44.9,38,55.1,688,4192,1961,61,34,16,52,33,697,112,45000,2340000
Rolando Aarons,"MF,FW",Newcastle Utd,21,4,1,139.0,1.5,0,0,0,0,0,0,0,0,0.1,0.1,0.0,0.1,0.00,0.00,0.00,0.00,0.04,0.00,0.04,0.04,0.0,0.0,0.0,0.0,0.0,0.0,0.0,0.0,0.0,0.0,0.0,0.0,0.0,0.0,0.0,0.0,0.0,0.0,0.0,0.0,0.0,0.0,0.0,0.0,2,0,0.0,1.29,0.00,0.00,,19.9,29,44,65.9,376,77,24,30,80.0,2,5,40.0,2,3,66.7,0,2,1,1,3,41,2,2,0,1,2,0,0,1,1,0.65,1,0.65,0,0,0,1,0,0,0,0.00,0,0,0,0,0,0,4,4,3,1,0,4,6,66.7,2,3,0,3,1,5,0,0,1.5,65,0,11,30,25,3,65,6,4,66.7,2,33.3,37,380,127,7,3,3,4,6,39,4,0.0,0.0
Romelu Lukaku,FW,Manchester Utd,24,34,33,2867.0,31.9,16,7,23,16,0,1,4,0,13.2,12.4,4.7,17.0,0.50,0.22,0.72,0.50,0.41,0.15,0.39,0.54,0.0,0.0,0.0,0.0,0.0,0.0,0.0,0.0,0.0,0.0,0.0,0.0,0.0,0.0,0.0,0.0,0.0,0.0,0.0,0.0,0.0,0.0,0.0,0.0,85,41,48.2,2.67,1.29,0.19,0.39,13.1,502,763,65.8,6310,1511,282,377,74.8,118,207,57.0,27,44,61.4,33,33,33,5,63,732,26,0,11,6,36,1,0,5,80,2.51,80,2.51,61,0,4,14,1,0,18,0.57,13,0,2,3,0,0,7,4,1,3,3,0,13,0.0,13,9,2,7,3,10,22,2,31.9,1032,26,45,424,571,151,1031,57,35,61.4,22,38.6,532,2998,1225,57,32,35,76,48,865,216,180000,9360000
Roque Mesa,MF,Swansea City,28,11,9,754.0,8.4,0,0,0,0,0,0,3,0,0.2,0.2,0.2,0.4,0.00,0.00,0.00,0.00,0.02,0.02,0.02,0.04,0.0,0.0,0.0,0.0,0.0,0.0,0.0,0.0,0.0,0.0,0.0,0.0,0.0,0.0,0.0,0.0,0.0,0.0,0.0,0.0,0.0,0.0,0.0,0.0,7,1,14.3,0.84,0.12,0.00,0.00,27.7,422,489,86.3,7233,1664,202,220,91.8,168,194,86.6,43,53,81.1,5,21,3,0,36,470,18,17,0,4,1,1,0,1,14,1.67,14,1.67,13,0,0,1,0,0,0,0.00,0,0,0,0,0,0,20,13,8,8,4,10,37,27.0,27,6,0,6,13,33,8,1,8.4,551,16,144,362,59,0,551,8,5,62.5,3,37.5,297,1771,884,12,7,0,7,4,356,1,0.0,0.0
Ross Barkley,MF,Chelsea,23,2,2,129.0,1.4,0,0,0,0,0,0,0,0,0.8,0.8,0.1,0.9,0.00,0.00,0.00,0.00,0.53,0.07,0.53,0.60,0.0,0.0,0.0,0.0,0.0,0.0,0.0,0.0,0.0,0.0,0.0,0.0,0.0,0.0,0.0,0.0,0.0,0.0,0.0,0.0,0.0,0.0,0.0,0.0,2,1,50.0,1.40,0.70,0.00,0.00,13.1,39,53,73.6,560,96,23,28,82.1,9,13,69.2,3,6,50.0,2,0,2,1,4,52,0,0,0,0,2,0,0,1,4,2.79,4,2.79,3,0,1,0,0,0,0,0.00,0,0,0,0,0,0,0,0,0,0,0,0,1,0.0,1,3,1,2,0,0,2,0,1.4,64,1,5,32,28,6,64,6,5,83.3,1,16.7,42,267,137,7,1,1,2,3,53,13,100000,5200000
Ruben Loftus-Cheek,MF,Crystal Palace,21,24,21,1874.0,20.8,2,3,5,2,0,0,1,0,3.5,3.5,3.2,6.7,0.10,0.14,0.24,0.10,0.17,0.15,0.17,0.32,0.0,0.0,0.0,0.0,0.0,0.0,0.0,0.0,0.0,0.0,0.0,0.0,0.0,0.0,0.0,0.0,0.0,0.0,0.0,0.0,0.0,0.0,0.0,0.0,32,7,21.9,1.54,0.34,0.06,0.29,16.4,603,745,80.9,8326,2630,364,424,85.8,168,199,84.4,31,47,66.0,25,64,25,2,106,725,14,2,1,3,12,4,0,6,73,3.51,73,3.51,48,0,12,3,8,2,8,0.38,5,0,1,1,1,0,21,15,7,13,1,7,30,23.3,23,19,2,17,22,43,31,0,20.8,1017,30,160,470,410,75,1017,110,72,65.5,38,34.5,741,5140,3062,94,63,29,46,48,736,126,35000,1820000
Ryan Bertrand,DF,Southampton,27,35,35,3135.0,34.8,0,4,4,0,0,0,2,0,1.7,1.7,3.1,4.8,0.00,0.11,0.11,0.00,0.05,0.09,0.05,0.14,0.0,0.0,0.0,0.0,0.0,0.0,0.0,0.0,0.0,0.0,0.0,0.0,0.0,0.0,0.0,0.0,0.0,0.0,0.0,0.0,0.0,0.0,0.0,0.0,20,2,10.0,0.57,0.06,0.00,0.00,19.5,1476,1954,75.5,21055,8752,911,1022,89.1,444,594,74.7,71,195,36.4,36,130,42,11,174,1549,395,34,1,3,136,328,33,10,76,2.18,76,2.18,54,12,4,4,1,1,7,0.20,4,1,1,1,0,0,48,35,27,17,4,19,31,61.3,12,28,9,19,44,92,74,0,34.8,2262,87,475,1018,783,52,2262,37,17,45.9,20,54.1,1224,5645,2941,89,64,16,34,21,1347,213,60000,3120000
Ryan Fraser,"MF,DF",Bournemouth,23,26,23,2004.0,22.3,5,3,8,5,0,0,0,0,1.8,1.8,3.3,5.1,0.22,0.13,0.36,0.22,0.08,0.15,0.08,0.23,0.0,0.0,0.0,0.0,0.0,0.0,0.0,0.0,0.0,0.0,0.0,0.0,0.0,0.0,0.0,0.0,0.0,0.0,0.0,0.0,0.0,0.0,0.0,0.0,30,12,40.0,1.35,0.54,0.17,0.42,20.5,694,1005,69.1,11573,4056,349,436,80.0,281,393,71.5,54,137,39.4,42,61,35,15,99,866,134,29,3,2,138,46,59,5,71,3.19,71,3.19,52,12,1,2,4,0,5,0.22,3,1,0,0,1,0,11,8,7,2,2,7,20,35.0,13,20,4,16,17,28,34,0,22.3,1194,32,205,433,568,61,1194,23,10,43.5,13,56.5,672,4110,2022,74,34,22,36,18,822,168,27000,1404000
Ryan Shawcross,DF,Stoke City,29,27,27,2371.0,26.3,1,1,2,1,0,0,2,0,2.5,2.5,0.3,2.8,0.04,0.04,0.08,0.04,0.09,0.01,0.09,0.11,0.0,0.0,0.0,0.0,0.0,0.0,0.0,0.0,0.0,0.0,0.0,0.0,0.0,0.0,0.0,0.0,0.0,0.0,0.0,0.0,0.0,0.0,0.0,0.0,24,8,33.3,0.91,0.30,0.04,0.13,10.0,449,668,67.2,9003,4503,136,181,75.1,233,322,72.4,66,136,48.5,2,39,1,0,46,648,18,17,0,3,0,1,0,2,10,0.38,10,0.38,7,0,0,2,0,1,2,0.08,2,0,0,0,0,0,36,20,25,9,2,13,25,52.0,12,33,23,10,40,76,224,1,26.3,1054,210,588,413,60,41,1054,3,3,100.0,0,0.0,324,1486,803,5,2,0,4,1,350,9,55000,2860000
Sadio Mané,FW,Liverpool,25,29,28,2190.0,24.3,10,7,17,10,0,0,3,1,10.6,10.6,5.4,16.0,0.41,0.29,0.70,0.41,0.44,0.22,0.44,0.66,0.0,0.0,0.0,0.0,0.0,0.0,0.0,0.0,0.0,0.0,0.0,0.0,0.0,0.0,0.0,0.0,0.0,0.0,0.0,0.0,0.0,0.0,0.0,0.0,70,26,37.1,2.88,1.07,0.14,0.38,15.4,787,1005,78.3,11585,2403,440,528,83.3,276,327,84.4,38,61,62.3,48,55,56,5,120,991,11,2,10,3,32,8,1,3,105,4.32,105,4.32,79,0,13,6,6,1,14,0.58,10,0,3,1,0,0,28,20,8,11,9,3,23,13.0,20,20,0,20,9,37,8,0,24.3,1274,10,76,514,702,133,1274,86,55,64.0,31,36.0,911,6119,2959,112,77,46,69,48,1077,270,100000,5200000
Saido Berahino,FW,Stoke City,23,15,3,494.0,5.5,0,1,1,0,0,1,0,0,2.0,1.2,0.6,1.8,0.00,0.18,0.18,0.00,0.37,0.11,0.22,0.33,0.0,0.0,0.0,0.0,0.0,0.0,0.0,0.0,0.0,0.0,0.0,0.0,0.0,0.0,0.0,0.0,0.0,0.0,0.0,0.0,0.0,0.0,0.0,0.0,9,3,33.3,1.64,0.55,0.00,0.00,18.9,75,99,75.8,1078,138,42,52,80.8,27,34,79.4,3,5,60.0,3,3,3,1,9,87,12,0,1,1,4,0,0,0,9,1.64,9,1.64,6,0,0,2,1,0,1,0.18,1,0,0,0,0,0,2,2,0,1,1,0,1,0.0,1,4,1,3,1,3,2,0,5.5,138,1,8,53,79,18,137,2,1,50.0,1,50.0,89,436,121,6,2,4,12,10,88,30,80000,4160000
Salomón Rondón,FW,West Brom,27,36,32,2767.0,30.7,7,3,10,7,0,0,4,0,7.0,7.0,2.8,9.8,0.23,0.10,0.33,0.23,0.23,0.09,0.23,0.32,0.0,0.0,0.0,0.0,0.0,0.0,0.0,0.0,0.0,0.0,0.0,0.0,0.0,0.0,0.0,0.0,0.0,0.0,0.0,0.0,0.0,0.0,0.0,0.0,79,29,36.7,2.57,0.94,0.09,0.24,16.6,564,874,64.5,7392,1287,366,485,75.5,140,228,61.4,21,44,47.7,23,47,14,2,66,834,38,3,4,3,35,4,0,2,72,2.34,72,2.34,51,0,8,7,6,0,7,0.23,6,0,1,0,0,0,14,6,0,7,7,5,26,19.2,21,27,0,27,14,28,20,0,30.7,1287,22,90,596,622,128,1287,76,47,61.8,29,38.2,819,4116,1368,45,52,20,127,107,1013,201,60000,3120000
Sam Baldock,FW,Brighton,28,2,0,32.0,0.4,0,0,0,0,0,0,0,0,0.0,0.0,0.0,0.0,0.00,0.00,0.00,0.00,0.00,0.00,0.00,0.00,0.0,0.0,0.0,0.0,0.0,0.0,0.0,0.0,0.0,0.0,0.0,0.0,0.0,0.0,0.0,0.0,0.0,0.0,0.0,0.0,0.0,0.0,0.0,0.0,0,0,,0.00,0.00,,,,4,7,57.1,41,7,3,5,60.0,1,2,50.0,0,0,,0,0,0,0,0,6,1,1,0,0,0,0,0,0,1,2.81,1,2.81,1,0,0,0,0,0,0,0.00,0,0,0,0,0,0,0,0,0,0,0,0,0,,0,0,0,0,0,0,0,0,0.4,10,0,0,3,7,3,10,1,0,0.0,1,100.0,6,11,1,0,0,0,2,1,10,5,20192,1050000
Sam Byram,"DF,MF",West Ham,23,5,2,248.0,2.8,0,0,0,0,0,0,1,0,0.3,0.3,0.1,0.4,0.00,0.00,0.00,0.00,0.11,0.04,0.11,0.15,0.0,0.0,0.0,0.0,0.0,0.0,0.0,0.0,0.0,0.0,0.0,0.0,0.0,0.0,0.0,0.0,0.0,0.0,0.0,0.0,0.0,0.0,0.0,0.0,4,0,0.0,1.45,0.00,0.00,,15.3,73,123,59.3,1293,676,29,40,72.5,37,53,69.8,6,25,24.0,2,12,5,3,14,93,30,1,0,0,10,29,0,0,2,0.73,2,0.73,2,0,0,0,0,0,0,0.00,0,0,0,0,0,0,9,5,6,3,0,4,9,44.4,5,6,2,4,9,18,16,0,2.8,170,13,47,71,53,4,170,3,2,66.7,1,33.3,50,305,137,5,4,1,5,0,72,10,30000,1560000
Sam Clucas,MF,Swansea City,26,29,23,2044.0,22.7,3,1,4,3,0,0,2,0,2.6,2.6,1.3,3.8,0.13,0.04,0.18,0.13,0.11,0.06,0.11,0.17,0.0,0.0,0.0,0.0,0.0,0.0,0.0,0.0,0.0,0.0,0.0,0.0,0.0,0.0,0.0,0.0,0.0,0.0,0.0,0.0,0.0,0.0,0.0,0.0,20,7,35.0,0.88,0.31,0.15,0.43,17.5,689,872,79.0,11783,2786,327,375,87.2,274,333,82.3,68,117,58.1,15,46,3,1,61,788,80,26,2,5,55,27,24,4,35,1.54,35,1.54,26,5,0,4,0,0,2,0.09,1,1,0,0,0,0,34,19,21,11,2,10,29,34.5,19,31,7,24,29,63,34,1,22.7,1051,38,228,575,262,30,1051,9,5,55.6,4,44.4,531,2888,1326,24,20,0,23,22,647,68,50000,2600000
Sam Field,MF,West Brom,19,10,7,537.0,6.0,1,0,1,1,0,0,3,0,0.5,0.5,0.2,0.8,0.17,0.00,0.17,0.17,0.09,0.04,0.09,0.13,0.0,0.0,0.0,0.0,0.0,0.0,0.0,0.0,0.0,0.0,0.0,0.0,0.0,0.0,0.0,0.0,0.0,0.0,0.0,0.0,0.0,0.0,0.0,0.0,5,1,20.0,0.84,0.17,0.20,1.00,11.4,128,177,72.3,2253,806,65,83,78.3,47,57,82.5,13,25,52.0,4,13,8,1,32,169,6,3,0,3,8,1,2,2,11,1.84,11,1.84,7,2,0,1,0,1,0,0.00,0,0,0,0,0,0,14,11,8,4,2,3,10,30.0,7,6,1,5,11,25,8,0,6.0,240,7,55,118,70,8,240,5,3,60.0,2,40.0,119,540,219,4,2,1,9,11,130,14,27000,1404000
Sam McQueen,"DF,MF",Southampton,22,7,1,148.0,1.6,0,0,0,0,0,0,0,0,0.0,0.0,0.2,0.2,0.00,0.00,0.00,0.00,0.02,0.09,0.02,0.11,0.0,0.0,0.0,0.0,0.0,0.0,0.0,0.0,0.0,0.0,0.0,0.0,0.0,0.0,0.0,0.0,0.0,0.0,0.0,0.0,0.0,0.0,0.0,0.0,1,0,0.0,0.61,0.00,0.00,,18.5,54,77,70.1,615,259,40,49,81.6,10,16,62.5,1,6,16.7,3,4,1,0,4,66,11,1,0,0,4,10,0,0,3,1.82,3,1.82,3,0,0,0,0,0,0,0.00,0,0,0,0,0,0,4,4,4,0,0,2,4,50.0,2,2,1,1,3,7,3,0,1.6,97,6,28,48,23,3,97,2,2,100.0,0,0.0,50,338,177,7,5,1,4,2,52,5,18000,936000
Sam Vokes,FW,Burnley,27,30,7,998.0,11.1,4,1,5,4,0,0,3,0,2.8,2.8,1.3,4.2,0.36,0.09,0.45,0.36,0.25,0.12,0.25,0.38,0.0,0.0,0.0,0.0,0.0,0.0,0.0,0.0,0.0,0.0,0.0,0.0,0.0,0.0,0.0,0.0,0.0,0.0,0.0,0.0,0.0,0.0,0.0,0.0,33,8,24.2,2.98,0.72,0.12,0.50,12.8,131,269,48.7,1554,428,88,156,56.4,33,82,40.2,2,5,40.0,8,18,0,0,17,262,4,0,0,0,1,0,0,3,20,1.80,20,1.80,14,0,0,2,4,0,1,0.09,0,0,0,1,0,0,3,1,1,2,0,0,3,0.0,3,6,2,4,3,6,15,0,11.1,379,17,28,169,184,59,379,1,1,100.0,0,0.0,140,435,101,3,3,0,29,16,304,62,17000,884000
Sandro Ramírez,"FW,MF",Everton,22,8,3,278.0,3.1,0,0,0,0,0,0,0,0,0.5,0.5,0.0,0.5,0.00,0.00,0.00,0.00,0.15,0.01,0.15,0.16,0.0,0.0,0.0,0.0,0.0,0.0,0.0,0.0,0.0,0.0,0.0,0.0,0.0,0.0,0.0,0.0,0.0,0.0,0.0,0.0,0.0,0.0,0.0,0.0,9,1,11.1,2.91,0.32,0.00,0.00,18.8,66,90,73.3,781,102,42,52,80.8,14,17,82.4,2,4,50.0,1,1,1,0,8,81,7,0,0,1,6,0,2,2,6,1.94,6,1.94,5,0,0,1,0,0,1,0.32,1,0,0,0,0,0,2,1,0,1,1,0,3,0.0,3,1,0,1,1,3,0,0,3.1,126,2,10,53,63,10,126,7,3,42.9,4,57.1,72,330,85,1,0,1,15,6,100,21,0.0,0.0
Scott Arfield,"MF,FW",Burnley,28,18,15,1333.0,14.8,2,1,3,2,0,0,3,0,1.3,1.3,0.4,1.6,0.14,0.07,0.20,0.14,0.08,0.02,0.08,0.11,0.0,0.0,0.0,0.0,0.0,0.0,0.0,0.0,0.0,0.0,0.0,0.0,0.0,0.0,0.0,0.0,0.0,0.0,0.0,0.0,0.0,0.0,0.0,0.0,18,7,38.9,1.22,0.47,0.11,0.29,18.4,247,367,67.3,3441,942,150,198,75.8,75,103,72.8,9,25,36.0,7,25,6,1,32,357,5,0,1,1,8,1,1,5,22,1.49,22,1.49,14,0,3,3,2,0,3,0.20,1,0,1,0,1,0,36,26,20,13,3,19,44,43.2,25,22,1,21,11,47,24,0,14.8,517,23,121,230,174,28,517,26,14,53.8,12,46.2,257,1287,538,16,11,5,23,15,288,47,23000,1196000
Scott Dann,DF,Crystal Palace,30,17,16,1435.0,15.9,1,0,1,1,0,0,4,0,2.3,2.3,0.2,2.5,0.06,0.00,0.06,0.06,0.14,0.01,0.14,0.16,0.0,0.0,0.0,0.0,0.0,0.0,0.0,0.0,0.0,0.0,0.0,0.0,0.0,0.0,0.0,0.0,0.0,0.0,0.0,0.0,0.0,0.0,0.0,0.0,19,4,21.1,1.19,0.25,0.05,0.25,10.2,454,574,79.1,9072,3668,154,175,88.0,221,254,87.0,70,127,55.1,5,30,2,0,42,546,24,22,1,12,2,2,0,4,13,0.82,13,0.82,11,0,0,2,0,0,1,0.06,1,0,0,0,0,0,10,5,8,2,0,7,17,41.2,10,17,14,3,23,33,98,1,15.9,756,98,379,324,56,33,756,7,7,100.0,0,0.0,367,1716,896,7,4,0,4,2,391,3,60000,3120000
Scott Malone,DF,Huddersfield,26,22,12,1119.0,12.4,0,1,1,0,0,0,3,0,0.5,0.5,0.5,1.0,0.00,0.08,0.08,0.00,0.04,0.04,0.04,0.08,0.0,0.0,0.0,0.0,0.0,0.0,0.0,0.0,0.0,0.0,0.0,0.0,0.0,0.0,0.0,0.0,0.0,0.0,0.0,0.0,0.0,0.0,0.0,0.0,8,2,25.0,0.64,0.16,0.00,0.00,20.8,492,708,69.5,8982,3413,209,257,81.3,211,284,74.3,60,120,50.0,10,32,10,3,51,530,171,9,0,5,46,162,0,7,23,1.85,23,1.85,19,1,1,1,0,1,1,0.08,1,0,0,0,0,0,39,29,27,10,2,17,24,70.8,7,12,2,10,26,65,43,2,12.4,886,42,291,321,290,19,886,30,15,50.0,15,50.0,320,2303,1342,48,26,9,21,11,413,69,20000,1040000
Scott McTominay,MF,Manchester Utd,20,13,7,634.0,7.0,0,0,0,0,0,0,2,0,0.0,0.0,0.0,0.1,0.00,0.00,0.00,0.00,0.00,0.01,0.00,0.01,0.0,0.0,0.0,0.0,0.0,0.0,0.0,0.0,0.0,0.0,0.0,0.0,0.0,0.0,0.0,0.0,0.0,0.0,0.0,0.0,0.0,0.0,0.0,0.0,1,0,0.0,0.14,0.00,0.00,,25.3,302,347,87.0,4914,1409,140,152,92.1,122,129,94.6,23,36,63.9,2,37,4,0,48,345,2,2,1,1,4,0,0,0,7,0.99,7,0.99,6,0,0,0,1,0,0,0.00,0,0,0,0,0,0,11,9,4,5,2,5,13,38.5,8,3,0,3,13,24,9,0,7.0,401,9,65,263,77,5,401,8,5,62.5,3,37.5,247,1429,593,11,5,1,7,10,299,8,10000,520000
Sead Kolašinac,DF,Arsenal,24,27,25,2147.0,23.9,2,4,6,2,0,0,3,0,2.2,2.2,3.5,5.8,0.08,0.17,0.25,0.08,0.09,0.15,0.09,0.24,0.0,0.0,0.0,0.0,0.0,0.0,0.0,0.0,0.0,0.0,0.0,0.0,0.0,0.0,0.0,0.0,0.0,0.0,0.0,0.0,0.0,0.0,0.0,0.0,21,6,28.6,0.88,0.25,0.10,0.33,13.2,1203,1515,79.4,17835,5821,648,753,86.1,469,576,81.4,40,86,46.5,19,69,19,6,105,1294,219,16,0,4,42,203,0,2,50,2.10,50,2.10,41,3,3,2,1,0,6,0.25,6,0,0,0,0,0,49,37,28,13,8,20,39,51.3,19,15,3,12,26,75,56,0,23.9,1726,56,403,766,565,86,1726,22,12,54.5,10,45.5,935,4189,2707,68,52,17,22,16,1108,186,100000,5200000
Sebastian Prödl,DF,Watford,30,21,17,1570.0,17.4,0,0,0,0,0,0,5,0,0.6,0.6,0.2,0.9,0.00,0.00,0.00,0.00,0.04,0.01,0.04,0.05,0.0,0.0,0.0,0.0,0.0,0.0,0.0,0.0,0.0,0.0,0.0,0.0,0.0,0.0,0.0,0.0,0.0,0.0,0.0,0.0,0.0,0.0,0.0,0.0,8,1,12.5,0.46,0.06,0.00,0.00,11.8,445,573,77.7,8856,3785,164,193,85.0,202,242,83.5,68,118,57.6,2,32,2,0,40,552,18,17,0,6,1,1,0,3,4,0.23,4,0.23,3,0,0,0,0,1,0,0.00,0,0,0,0,0,0,22,17,19,3,0,8,15,53.3,7,20,9,11,31,53,92,1,17.4,759,103,402,332,27,17,759,0,0,,0,,327,1307,732,4,3,0,4,0,365,2,45000,2340000
Serge Aurier,DF,Tottenham,24,17,16,1429.0,15.9,2,2,4,2,0,0,3,1,0.8,0.8,2.6,3.4,0.13,0.13,0.25,0.13,0.05,0.16,0.05,0.21,0.0,0.0,0.0,0.0,0.0,0.0,0.0,0.0,0.0,0.0,0.0,0.0,0.0,0.0,0.0,0.0,0.0,0.0,0.0,0.0,0.0,0.0,0.0,0.0,15,5,33.3,0.94,0.31,0.13,0.40,21.2,779,1035,75.3,12584,4253,398,474,84.0,322,419,76.8,49,98,50.0,14,37,25,6,67,837,194,7,1,2,68,187,0,4,38,2.39,38,2.39,29,1,2,5,1,0,4,0.25,1,0,1,1,1,0,48,27,27,13,8,11,31,35.5,20,20,1,19,31,79,54,1,15.9,1249,39,300,533,425,36,1249,22,15,68.2,7,31.8,531,2527,1251,32,29,5,16,16,694,152,80000,4160000
Sergio Agüero,FW,Manchester City,29,25,22,1963.0,21.8,21,6,27,17,4,4,2,0,16.2,13.1,5.6,18.7,0.96,0.28,1.24,0.78,0.75,0.26,0.60,0.86,0.0,0.0,0.0,0.0,0.0,0.0,0.0,0.0,0.0,0.0,0.0,0.0,0.0,0.0,0.0,0.0,0.0,0.0,0.0,0.0,0.0,0.0,0.0,0.0,90,38,42.2,4.13,1.74,0.19,0.45,13.9,529,650,81.4,6018,1087,360,405,88.9,107,140,76.4,11,13,84.6,40,25,24,0,49,620,27,0,4,0,16,3,1,3,80,3.67,80,3.67,57,0,14,5,3,1,12,0.55,8,0,3,0,0,1,9,6,2,6,1,2,17,11.8,15,12,1,11,6,15,3,0,21.8,894,6,41,308,561,152,890,84,56,66.7,28,33.3,610,4166,1866,89,48,36,56,43,747,214,160000,8320000
Sergio Romero,GK,Manchester Utd,30,1,1,90.0,1.0,0,0,0,0,0,0,0,0,0.0,0.0,0.0,0.0,0.00,0.00,0.00,0.00,0.00,0.00,0.00,0.00,0.00,3,3,100.0,1,100.0,0.9,0.31,6,14,42.9,18,5,44.4,37.4,7,85.7,58.3,18,1,5.6,0,0.00,4.0,0,0,,0.00,0.00,,,,17,25,68.0,596,494,3,3,100.0,5,5,100.0,9,17,52.9,0,0,0,0,0,15,10,3,0,0,0,0,0,0,0,0.00,0,0.00,0,0,0,0,0,0,0,0.00,0,0,0,0,0,0,0,0,0,0,0,0,0,,0,0,0,0,0,0,0,0,1.0,26,22,26,0,0,0,26,0,0,,0,,12,86,67,0,0,0,0,0,8,0,70000,3640000
Shane Duffy,DF,Brighton,25,37,37,3292.0,36.6,0,1,1,0,0,0,8,0,2.3,2.3,1.1,3.4,0.00,0.03,0.03,0.00,0.06,0.03,0.06,0.09,0.0,0.0,0.0,0.0,0.0,0.0,0.0,0.0,0.0,0.0,0.0,0.0,0.0,0.0,0.0,0.0,0.0,0.0,0.0,0.0,0.0,0.0,0.0,0.0,28,4,14.3,0.77,0.11,0.00,0.00,10.0,1045,1368,76.4,23174,7843,271,328,82.6,544,624,87.2,213,373,57.1,8,35,3,2,39,1326,39,35,0,28,3,4,0,3,13,0.36,13,0.36,8,0,0,3,2,0,2,0.05,1,0,0,0,1,0,31,19,22,9,0,7,20,35.0,13,66,59,7,50,81,332,5,36.6,1914,395,1257,572,93,65,1914,7,6,85.7,1,14.3,749,3575,1943,8,5,0,15,2,939,10,30000,1560000
Shane Long,FW,Southampton,30,30,15,1582.0,17.6,2,1,3,2,0,0,6,0,3.7,3.7,1.3,5.0,0.11,0.06,0.17,0.11,0.21,0.07,0.21,0.29,0.0,0.0,0.0,0.0,0.0,0.0,0.0,0.0,0.0,0.0,0.0,0.0,0.0,0.0,0.0,0.0,0.0,0.0,0.0,0.0,0.0,0.0,0.0,0.0,33,13,39.4,1.88,0.74,0.06,0.15,12.5,271,419,64.7,3471,585,173,229,75.5,64,111,57.7,10,21,47.6,20,11,9,3,21,404,15,0,1,1,21,3,0,0,55,3.13,55,3.13,36,0,2,5,9,3,5,0.28,3,0,1,0,1,0,25,20,1,19,5,10,30,33.3,20,14,2,12,12,37,29,0,17.6,605,30,51,235,325,82,605,14,9,64.3,5,35.7,334,1548,475,17,19,10,45,30,448,151,60000,3120000
Shinji Okazaki,"FW,MF",Leicester City,31,27,17,1324.0,14.7,6,2,8,6,0,0,2,0,6.7,6.7,2.0,8.7,0.41,0.14,0.54,0.41,0.45,0.14,0.45,0.59,0.0,0.0,0.0,0.0,0.0,0.0,0.0,0.0,0.0,0.0,0.0,0.0,0.0,0.0,0.0,0.0,0.0,0.0,0.0,0.0,0.0,0.0,0.0,0.0,28,14,50.0,1.90,0.95,0.21,0.43,11.9,283,393,72.0,3477,814,172,226,76.1,64,87,73.6,10,18,55.6,15,24,5,0,24,366,26,0,2,2,6,0,0,1,35,2.38,35,2.38,25,0,1,3,4,2,5,0.34,4,0,0,1,0,0,25,16,3,18,4,4,28,14.3,24,15,1,14,8,33,6,0,14.7,555,5,60,281,221,39,555,38,16,42.1,22,57.9,317,1498,637,19,16,6,34,30,393,61,35000,1820000
Shkodran Mustafi,DF,Arsenal,25,27,25,2273.0,25.3,3,1,4,3,0,0,6,0,0.8,0.8,1.3,2.1,0.12,0.04,0.16,0.12,0.03,0.05,0.03,0.08,0.0,0.0,0.0,0.0,0.0,0.0,0.0,0.0,0.0,0.0,0.0,0.0,0.0,0.0,0.0,0.0,0.0,0.0,0.0,0.0,0.0,0.0,0.0,0.0,13,5,38.5,0.51,0.20,0.23,0.60,13.0,1500,1755,85.5,29511,12068,423,465,91.0,938,1031,91.0,121,219,55.3,7,103,7,3,92,1709,40,37,5,5,12,3,0,6,18,0.71,18,0.71,15,1,0,1,0,1,2,0.08,2,0,0,0,0,0,64,46,42,18,4,28,54,51.9,26,23,15,8,57,121,175,2,25.3,2084,199,990,1015,90,25,2084,2,1,50.0,1,50.0,1206,5728,3319,12,18,0,8,4,1339,9,90000,4680000
Simon Francis,DF,Bournemouth,32,32,31,2705.0,30.1,0,1,1,0,0,0,10,1,0.6,0.6,1.5,2.1,0.00,0.03,0.03,0.00,0.02,0.05,0.02,0.07,0.0,0.0,0.0,0.0,0.0,0.0,0.0,0.0,0.0,0.0,0.0,0.0,0.0,0.0,0.0,0.0,0.0,0.0,0.0,0.0,0.0,0.0,0.0,0.0,13,1,7.7,0.43,0.03,0.00,0.00,19.7,1347,1864,72.3,26343,11347,512,612,83.7,632,807,78.3,184,383,48.0,27,109,25,18,119,1617,243,65,1,28,78,176,2,4,46,1.53,46,1.53,40,2,2,1,0,1,2,0.07,1,0,0,1,0,0,49,34,26,16,7,24,43,55.8,19,29,18,11,49,98,194,4,30.1,2230,213,991,938,315,34,2230,17,11,64.7,6,35.3,964,4854,2427,33,29,3,10,10,1215,90,30000,1560000
Simon Mignolet,GK,Liverpool,29,19,19,1710.0,19.0,0,0,0,0,0,0,3,0,0.0,0.0,0.0,0.0,0.00,0.00,0.00,0.00,0.00,0.00,0.00,0.00,1.26,59,34,62.7,7,36.8,23.0,0.34,64,208,30.8,499,102,33.5,32.0,101,40.6,39.7,194,15,7.7,34,1.79,17.4,0,0,,0.00,0.00,,,,447,601,74.4,11461,8759,79,79,100.0,260,261,99.6,108,258,41.9,0,6,0,0,0,459,141,40,0,0,0,0,0,1,3,0.16,3,0.16,2,1,0,0,0,0,0,0.00,0,0,0,0,0,0,2,1,2,0,0,1,3,33.3,2,0,0,0,0,2,5,3,19.0,637,510,634,5,0,0,637,1,1,100.0,0,0.0,291,1602,978,0,0,0,0,0,304,0,55000,2860000
Sofiane Boufal,"FW,MF",Southampton,23,26,11,1219.0,13.5,2,2,4,2,0,0,1,0,1.7,1.7,1.8,3.4,0.15,0.15,0.30,0.15,0.12,0.13,0.12,0.25,0.0,0.0,0.0,0.0,0.0,0.0,0.0,0.0,0.0,0.0,0.0,0.0,0.0,0.0,0.0,0.0,0.0,0.0,0.0,0.0,0.0,0.0,0.0,0.0,30,6,20.0,2.21,0.44,0.07,0.33,18.3,431,580,74.3,6295,1617,250,302,82.8,123,164,75.0,32,60,53.3,21,37,24,3,76,553,25,3,6,5,40,6,11,2,54,3.99,54,3.99,30,4,11,3,5,1,8,0.59,5,0,3,0,0,0,37,24,12,14,11,12,35,34.3,23,20,1,19,6,43,6,0,13.5,793,9,78,335,401,54,793,96,61,63.5,35,36.5,576,4103,2219,78,54,23,40,41,610,114,65000,3380000
Solly March,"MF,FW",Brighton,23,36,18,1851.0,20.6,1,1,2,1,0,0,3,0,1.5,1.5,1.4,2.9,0.05,0.05,0.10,0.05,0.07,0.07,0.07,0.14,0.0,0.0,0.0,0.0,0.0,0.0,0.0,0.0,0.0,0.0,0.0,0.0,0.0,0.0,0.0,0.0,0.0,0.0,0.0,0.0,0.0,0.0,0.0,0.0,28,9,32.1,1.36,0.44,0.04,0.11,23.8,516,756,68.3,8609,2396,255,309,82.5,173,241,71.8,59,119,49.6,18,33,19,9,60,710,35,4,1,11,102,6,18,11,48,2.34,48,2.34,36,6,4,0,2,0,4,0.19,3,0,0,0,1,0,54,41,34,14,6,22,54,40.7,32,27,3,24,13,67,49,0,20.6,1029,44,252,385,410,36,1029,82,48,58.5,34,41.5,619,4348,1736,59,37,18,38,43,653,141,10000,520000
Son Heung-min,FW,Tottenham,25,37,27,2301.0,25.6,12,6,18,12,0,0,0,0,10.2,10.2,6.2,16.4,0.47,0.23,0.70,0.47,0.40,0.24,0.40,0.64,0.0,0.0,0.0,0.0,0.0,0.0,0.0,0.0,0.0,0.0,0.0,0.0,0.0,0.0,0.0,0.0,0.0,0.0,0.0,0.0,0.0,0.0,0.0,0.0,75,33,44.0,2.93,1.29,0.16,0.36,16.3,792,980,80.8,10977,2123,472,549,86.0,260,307,84.7,25,46,54.3,39,52,26,3,92,955,20,2,6,2,51,8,4,5,104,4.07,104,4.07,69,1,17,12,3,2,20,0.78,14,0,3,2,1,0,17,10,2,12,3,2,28,7.1,26,18,0,18,10,27,12,0,25.6,1264,13,70,420,791,156,1264,101,58,57.4,43,42.6,831,5794,2729,111,46,68,65,57,1067,339,85000,4420000
Stefano Okaka,FW,Watford,27,15,3,453.0,5.0,1,1,2,1,0,0,2,0,1.8,1.8,0.4,2.2,0.20,0.20,0.40,0.20,0.36,0.07,0.36,0.43,0.0,0.0,0.0,0.0,0.0,0.0,0.0,0.0,0.0,0.0,0.0,0.0,0.0,0.0,0.0,0.0,0.0,0.0,0.0,0.0,0.0,0.0,0.0,0.0,10,2,20.0,1.99,0.40,0.10,0.50,12.6,105,160,65.6,1334,215,67,85,78.8,17,36,47.2,7,8,87.5,5,9,3,0,10,154,4,1,2,1,1,3,0,2,15,2.98,15,2.98,11,0,2,2,0,0,1,0.20,1,0,0,0,0,0,6,4,0,6,0,3,6,50.0,3,3,0,3,0,6,0,0,5.0,213,0,8,102,107,24,213,18,14,77.8,4,22.2,148,688,214,8,9,1,19,22,187,48,35000,1820000
Stephen Ireland,"MF,FW",Stoke City,30,4,1,131.0,1.5,0,0,0,0,0,0,1,0,0.4,0.4,0.0,0.4,0.00,0.00,0.00,0.00,0.25,0.02,0.25,0.28,0.0,0.0,0.0,0.0,0.0,0.0,0.0,0.0,0.0,0.0,0.0,0.0,0.0,0.0,0.0,0.0,0.0,0.0,0.0,0.0,0.0,0.0,0.0,0.0,3,0,0.0,2.06,0.00,0.00,,18.5,57,70,81.4,788,200,37,40,92.5,13,14,92.9,3,7,42.9,1,5,0,0,7,63,5,0,1,1,0,2,0,2,3,2.06,3,2.06,2,0,1,0,0,0,0,0.00,0,0,0,0,0,0,3,1,2,1,0,1,5,20.0,4,4,2,2,1,4,1,0,1.5,82,5,17,49,16,2,82,1,1,100.0,0,0.0,45,141,42,0,0,0,0,1,60,5,5000,260000
Stephen Ward,DF,Burnley,31,28,28,2460.0,27.3,1,1,2,1,0,0,1,0,0.3,0.3,1.4,1.8,0.04,0.04,0.07,0.04,0.01,0.05,0.01,0.07,0.0,0.0,0.0,0.0,0.0,0.0,0.0,0.0,0.0,0.0,0.0,0.0,0.0,0.0,0.0,0.0,0.0,0.0,0.0,0.0,0.0,0.0,0.0,0.0,6,1,16.7,0.22,0.04,0.17,1.00,17.2,865,1293,66.9,15628,6840,396,457,86.7,351,504,69.6,102,260,39.2,16,96,21,15,87,990,292,15,0,3,82,277,0,11,24,0.88,24,0.88,19,1,2,0,2,0,2,0.07,1,0,1,0,0,0,39,31,27,8,4,20,42,47.6,22,27,12,15,42,81,126,0,27.3,1574,109,475,758,346,17,1574,8,5,62.5,3,37.5,592,2917,1506,47,26,2,18,6,758,91,28000,1456000
Steve Cook,DF,Bournemouth,26,34,31,2767.0,30.7,2,1,3,2,0,0,5,0,1.6,1.6,1.0,2.6,0.07,0.03,0.10,0.07,0.05,0.03,0.05,0.08,0.0,0.0,0.0,0.0,0.0,0.0,0.0,0.0,0.0,0.0,0.0,0.0,0.0,0.0,0.0,0.0,0.0,0.0,0.0,0.0,0.0,0.0,0.0,0.0,22,6,27.3,0.72,0.20,0.09,0.33,12.5,1029,1400,73.5,22531,9824,246,313,78.6,610,742,82.2,163,315,51.7,5,65,4,0,83,1296,101,31,0,11,6,70,0,3,26,0.85,26,0.85,17,5,0,2,1,1,3,0.10,2,0,0,1,0,0,37,19,28,7,2,19,29,65.5,10,63,45,18,54,91,232,4,30.7,1831,261,1100,620,119,39,1831,2,1,50.0,1,50.0,704,4154,2241,15,6,1,15,7,883,9,40000,2080000
Steve Mounié,FW,Huddersfield,22,28,21,1855.0,20.6,7,1,8,7,0,0,2,0,5.2,5.2,1.8,7.0,0.34,0.05,0.39,0.34,0.25,0.09,0.25,0.34,0.0,0.0,0.0,0.0,0.0,0.0,0.0,0.0,0.0,0.0,0.0,0.0,0.0,0.0,0.0,0.0,0.0,0.0,0.0,0.0,0.0,0.0,0.0,0.0,49,22,44.9,2.38,1.07,0.14,0.32,14.2,325,536,60.6,4180,756,205,309,66.3,76,147,51.7,13,18,72.2,17,22,5,0,27,512,22,0,2,2,9,2,0,2,30,1.46,30,1.46,21,0,3,4,2,0,4,0.19,2,0,2,0,0,0,11,8,2,4,5,0,19,0.0,19,23,3,20,7,18,30,0,20.6,758,31,60,370,334,74,758,19,13,68.4,6,31.6,380,1850,450,13,13,9,56,59,568,93,35000,1820000
Steven Davis,MF,Southampton,32,23,17,1521.0,16.9,3,0,3,3,0,0,0,0,0.9,0.9,1.1,2.0,0.18,0.00,0.18,0.18,0.05,0.07,0.05,0.12,0.0,0.0,0.0,0.0,0.0,0.0,0.0,0.0,0.0,0.0,0.0,0.0,0.0,0.0,0.0,0.0,0.0,0.0,0.0,0.0,0.0,0.0,0.0,0.0,13,4,30.8,0.77,0.24,0.23,0.75,19.8,886,1092,81.1,14571,4068,424,472,89.8,349,403,86.6,78,134,58.2,18,101,20,3,129,1037,50,14,7,8,42,1,27,5,46,2.72,46,2.72,38,6,1,0,1,0,2,0.12,1,0,0,0,1,0,30,21,10,17,3,11,30,36.7,19,22,6,16,15,45,24,1,16.9,1232,37,165,790,292,15,1232,15,9,60.0,6,40.0,719,3186,1574,23,25,2,17,16,838,56,60000,3120000
Steven Defour,MF,Burnley,29,24,24,1997.0,22.2,1,1,2,1,0,0,6,0,0.8,0.8,1.1,1.9,0.05,0.05,0.09,0.05,0.03,0.05,0.03,0.09,0.0,0.0,0.0,0.0,0.0,0.0,0.0,0.0,0.0,0.0,0.0,0.0,0.0,0.0,0.0,0.0,0.0,0.0,0.0,0.0,0.0,0.0,0.0,0.0,19,7,36.8,0.86,0.32,0.05,0.14,25.9,865,1062,81.5,15646,4797,365,412,88.6,389,443,87.8,93,161,57.8,19,89,25,10,117,1038,17,11,2,10,35,4,2,7,45,2.03,45,2.03,40,0,1,4,0,0,3,0.14,3,0,0,0,0,0,33,22,12,18,3,10,46,21.7,36,35,7,28,46,79,25,0,22.2,1256,40,247,829,195,6,1256,16,13,81.3,3,18.8,664,3651,1981,38,29,2,23,7,766,30,35000,1820000
Sullay Kaikai,MF,Crystal Palace,21,1,0,14.0,0.2,0,0,0,0,0,0,0,0,0.0,0.0,0.0,0.0,0.00,0.00,0.00,0.00,0.00,0.00,0.00,0.00,0.0,0.0,0.0,0.0,0.0,0.0,0.0,0.0,0.0,0.0,0.0,0.0,0.0,0.0,0.0,0.0,0.0,0.0,0.0,0.0,0.0,0.0,0.0,0.0,0,0,,0.00,0.00,,,,4,8,50.0,60,18,3,4,75.0,0,3,0.0,1,1,100.0,0,0,0,0,1,5,3,1,0,0,2,0,2,0,0,0.00,0,0.00,0,0,0,0,0,0,0,0.00,0,0,0,0,0,0,1,0,0,1,0,0,0,,0,1,0,1,0,1,1,0,0.2,12,1,1,3,8,0,12,2,2,100.0,0,0.0,5,39,19,0,0,0,1,0,5,0,0.0,0.0
Séamus Coleman,DF,Everton,28,12,12,1035.0,11.5,0,1,1,0,0,0,0,0,1.0,1.0,0.7,1.7,0.00,0.09,0.09,0.00,0.09,0.06,0.09,0.15,0.0,0.0,0.0,0.0,0.0,0.0,0.0,0.0,0.0,0.0,0.0,0.0,0.0,0.0,0.0,0.0,0.0,0.0,0.0,0.0,0.0,0.0,0.0,0.0,5,2,40.0,0.43,0.17,0.00,0.00,9.7,369,516,71.5,5449,2296,217,252,86.1,121,178,68.0,18,55,32.7,7,30,7,1,44,384,129,1,0,1,28,128,0,3,17,1.48,17,1.48,12,1,2,1,1,0,2,0.17,2,0,0,0,0,0,14,14,9,3,2,6,11,54.5,5,16,12,4,10,24,29,2,11.5,635,50,198,260,187,15,635,36,25,69.4,11,30.6,280,2136,1098,34,24,3,15,14,318,44,70000,3640000
Tammy Abraham,FW,Swansea City,19,31,15,1726.0,19.2,5,1,6,5,0,0,0,0,6.8,6.8,1.6,8.4,0.26,0.05,0.31,0.26,0.35,0.08,0.35,0.44,0.0,0.0,0.0,0.0,0.0,0.0,0.0,0.0,0.0,0.0,0.0,0.0,0.0,0.0,0.0,0.0,0.0,0.0,0.0,0.0,0.0,0.0,0.0,0.0,42,13,31.0,2.19,0.68,0.12,0.38,13.1,206,314,65.6,2754,557,123,173,71.1,56,89,62.9,10,22,45.5,12,16,6,2,20,286,28,0,2,1,13,1,0,0,42,2.19,42,2.19,19,0,11,5,5,2,2,0.10,1,0,0,1,0,0,10,8,1,7,2,1,13,7.7,12,8,1,7,1,11,11,0,19.2,498,12,33,246,230,65,498,47,27,57.4,20,42.6,305,1600,555,19,16,8,50,51,393,104,50000,2600000
Terence Kongolo,DF,Huddersfield,23,13,11,1049.0,11.7,0,0,0,0,0,0,0,0,0.3,0.3,0.1,0.4,0.00,0.00,0.00,0.00,0.02,0.01,0.02,0.03,0.0,0.0,0.0,0.0,0.0,0.0,0.0,0.0,0.0,0.0,0.0,0.0,0.0,0.0,0.0,0.0,0.0,0.0,0.0,0.0,0.0,0.0,0.0,0.0,2,0,0.0,0.17,0.00,0.00,,15.0,263,390,67.4,4459,2277,128,157,81.5,110,154,71.4,17,51,33.3,3,32,3,2,36,314,73,7,0,1,10,66,0,3,12,1.03,12,1.03,8,0,1,1,2,0,0,0.00,0,0,0,0,0,0,33,20,19,13,1,14,22,63.6,8,12,6,6,32,65,71,0,11.7,566,56,236,244,90,7,566,10,7,70.0,3,30.0,198,916,468,7,6,3,9,5,225,21,17615,916000
Theo Walcott,FW,Everton,28,14,13,1152.0,12.8,3,3,6,3,0,0,2,0,2.5,2.5,2.4,4.8,0.23,0.23,0.47,0.23,0.19,0.18,0.19,0.38,0.0,0.0,0.0,0.0,0.0,0.0,0.0,0.0,0.0,0.0,0.0,0.0,0.0,0.0,0.0,0.0,0.0,0.0,0.0,0.0,0.0,0.0,0.0,0.0,0,0,,0.00,0.00,,,,15,23,65.2,211,45,11,15,73.3,3,6,50.0,1,1,100.0,0,2,0,0,2,22,1,0,0,0,3,1,0,0,1,1.32,1,1.32,1,0,0,0,0,0,0,0.00,0,0,0,0,0,0,1,0,1,0,0,0,0,,0,0,0,0,1,2,0,0,0.8,26,0,4,8,14,1,26,1,1,100.0,0,0.0,17,116,64,3,1,0,0,1,22,9,120000,6240000
Theo Walcott,"FW,MF",Arsenal,28,6,0,69.0,0.8,0,0,0,0,0,0,0,0,0.0,0.0,0.0,0.0,0.00,0.00,0.00,0.00,0.00,0.00,0.00,0.00,0.0,0.0,0.0,0.0,0.0,0.0,0.0,0.0,0.0,0.0,0.0,0.0,0.0,0.0,0.0,0.0,0.0,0.0,0.0,0.0,0.0,0.0,0.0,0.0,0,0,,0.00,0.00,,,,15,23,65.2,211,45,11,15,73.3,3,6,50.0,1,1,100.0,0,2,0,0,2,22,1,0,0,0,3,1,0,0,1,1.32,1,1.32,1,0,0,0,0,0,0,0.00,0,0,0,0,0,0,1,0,1,0,0,0,0,,0,0,0,0,1,2,0,0,0.8,26,0,4,8,14,1,26,1,1,100.0,0,0.0,17,116,64,3,1,0,0,1,22,9,120000,6240000
Thibaut Courtois,GK,Chelsea,25,35,35,3150.0,35.0,0,0,0,0,0,0,2,0,0.0,0.0,0.0,0.0,0.00,0.00,0.00,0.00,0.00,0.00,0.00,0.00,0.97,106,74,69.8,15,42.9,31.6,0.29,153,430,35.6,949,214,32.0,33.8,248,50.8,45.3,446,26,5.8,24,0.69,13.2,0,0,,0.00,0.00,,,,903,1202,75.1,25829,17424,105,106,99.1,514,519,99.0,279,564,49.5,0,14,0,0,0,897,300,52,0,0,0,0,0,5,4,0.11,4,0.11,3,1,0,0,0,0,0,0.00,0,0,0,0,0,0,0,0,0,0,0,0,0,,0,0,0,0,0,0,8,1,35.0,1250,1140,1246,4,0,0,1250,0,0,,0,,635,4072,2260,0,0,0,1,0,615,0,100000,5200000
Tiemoué Bakayoko,MF,Chelsea,22,29,24,2126.0,23.6,2,2,4,2,0,0,5,1,3.2,3.2,1.2,4.4,0.08,0.08,0.17,0.08,0.13,0.05,0.13,0.18,0.0,0.0,0.0,0.0,0.0,0.0,0.0,0.0,0.0,0.0,0.0,0.0,0.0,0.0,0.0,0.0,0.0,0.0,0.0,0.0,0.0,0.0,0.0,0.0,40,8,20.0,1.69,0.34,0.05,0.25,18.5,957,1116,85.8,14377,3737,511,571,89.5,326,377,86.5,58,76,76.3,16,88,9,1,123,1104,9,8,0,13,5,1,0,3,45,1.91,45,1.91,37,0,2,3,1,2,6,0.25,6,0,0,0,0,0,64,41,25,32,7,16,48,33.3,32,23,6,17,37,101,38,4,23.6,1392,53,275,827,318,45,1392,50,36,72.0,14,28.0,823,4326,2155,39,35,2,40,27,957,57,0.0,0.0
Timothy Fosu-Mensah,DF,Crystal Palace,19,21,17,1596.0,17.7,0,0,0,0,0,0,2,0,0.2,0.2,0.3,0.6,0.00,0.00,0.00,0.00,0.01,0.02,0.01,0.03,0.0,0.0,0.0,0.0,0.0,0.0,0.0,0.0,0.0,0.0,0.0,0.0,0.0,0.0,0.0,0.0,0.0,0.0,0.0,0.0,0.0,0.0,0.0,0.0,8,0,0.0,0.45,0.00,0.00,,26.9,536,746,71.8,9128,4060,254,294,86.4,220,290,75.9,47,132,35.6,6,53,9,4,56,621,122,8,0,4,17,114,0,3,19,1.07,19,1.07,17,0,0,1,1,0,0,0.00,0,0,0,0,0,0,42,33,33,8,1,21,34,61.8,13,17,9,8,31,73,74,1,17.7,937,71,343,467,137,6,937,18,11,61.1,7,38.9,450,2100,1166,25,10,3,14,6,458,31,15000,780000
Toby Alderweireld,DF,Tottenham,28,14,13,1178.0,13.1,0,0,0,0,0,0,3,0,0.4,0.4,0.1,0.5,0.00,0.00,0.00,0.00,0.03,0.01,0.03,0.04,0.0,0.0,0.0,0.0,0.0,0.0,0.0,0.0,0.0,0.0,0.0,0.0,0.0,0.0,0.0,0.0,0.0,0.0,0.0,0.0,0.0,0.0,0.0,0.0,10,1,10.0,0.76,0.08,0.00,0.00,20.7,793,931,85.2,18331,6712,176,188,93.6,459,496,92.5,153,236,64.8,3,102,7,1,109,901,30,21,1,31,7,9,0,0,20,1.53,20,1.53,16,0,3,1,0,0,0,0.00,0,0,0,0,0,0,19,13,7,11,1,8,15,53.3,7,11,5,6,4,23,55,0,13.1,1049,65,413,564,78,11,1049,7,6,85.7,1,14.3,611,3145,2152,12,12,0,4,0,761,5,50000,2600000
Tom Carroll,MF,Swansea City,25,37,28,2570.0,28.6,0,4,4,0,0,0,3,0,0.9,0.9,4.1,5.0,0.00,0.14,0.14,0.00,0.03,0.14,0.03,0.18,0.0,0.0,0.0,0.0,0.0,0.0,0.0,0.0,0.0,0.0,0.0,0.0,0.0,0.0,0.0,0.0,0.0,0.0,0.0,0.0,0.0,0.0,0.0,0.0,20,3,15.0,0.70,0.11,0.00,0.00,23.8,1235,1577,78.3,21581,7289,575,640,89.8,472,566,83.4,147,283,51.9,47,161,31,8,179,1430,144,62,3,10,129,1,70,3,82,2.87,82,2.87,51,26,1,1,2,1,7,0.25,5,1,0,0,0,1,53,33,22,23,8,14,53,26.4,39,37,8,29,29,82,18,1,28.6,1799,38,251,1068,495,20,1799,19,14,73.7,5,26.3,920,4587,2313,54,36,5,37,21,1253,57,35000,1820000
Tom Cleverley,MF,Watford,27,23,22,1901.0,21.1,1,2,3,1,0,1,3,1,1.9,1.1,1.6,2.7,0.05,0.09,0.14,0.05,0.09,0.08,0.05,0.13,0.0,0.0,0.0,0.0,0.0,0.0,0.0,0.0,0.0,0.0,0.0,0.0,0.0,0.0,0.0,0.0,0.0,0.0,0.0,0.0,0.0,0.0,0.0,0.0,15,3,20.0,0.71,0.14,0.07,0.33,21.5,964,1238,77.9,15750,4846,481,542,88.7,346,419,82.6,89,181,49.2,29,132,17,2,136,1092,136,44,2,7,82,9,47,10,58,2.75,58,2.75,37,16,0,1,3,1,3,0.14,2,1,0,0,0,0,48,26,25,16,7,21,52,40.4,31,11,1,10,25,73,21,0,21.1,1391,21,192,817,399,15,1390,8,5,62.5,3,37.5,725,3030,1522,31,29,1,20,16,860,66,50000,2600000
Tom Davies,MF,Everton,19,33,20,1900.0,21.1,2,1,3,2,0,0,7,0,1.5,1.5,0.6,2.1,0.09,0.05,0.14,0.09,0.07,0.03,0.07,0.10,0.0,0.0,0.0,0.0,0.0,0.0,0.0,0.0,0.0,0.0,0.0,0.0,0.0,0.0,0.0,0.0,0.0,0.0,0.0,0.0,0.0,0.0,0.0,0.0,21,3,14.3,0.99,0.14,0.10,0.67,21.8,547,715,76.5,8064,2003,298,347,85.9,174,223,78.0,33,67,49.3,10,45,13,1,62,681,30,8,1,3,17,3,10,4,34,1.61,34,1.61,25,3,1,2,3,0,6,0.28,5,0,0,1,0,0,30,20,14,11,5,12,54,22.2,42,19,5,14,24,54,21,0,21.1,924,24,158,443,332,26,924,37,26,70.3,11,29.7,559,2987,1227,36,22,6,51,39,631,70,5000,260000
Tom Edwards,"DF,MF",Stoke City,18,6,6,481.0,5.3,0,0,0,0,0,0,0,0,0.0,0.0,0.4,0.4,0.00,0.00,0.00,0.00,0.00,0.07,0.00,0.07,0.0,0.0,0.0,0.0,0.0,0.0,0.0,0.0,0.0,0.0,0.0,0.0,0.0,0.0,0.0,0.0,0.0,0.0,0.0,0.0,0.0,0.0,0.0,0.0,1,0,0.0,0.19,0.00,0.00,,34.1,151,217,69.6,2619,1196,73,79,92.4,55,71,77.5,17,51,33.3,1,9,3,2,11,176,40,1,0,1,15,39,0,1,2,0.37,2,0.37,2,0,0,0,0,0,0,0.00,0,0,0,0,0,0,15,9,10,5,0,8,8,100.0,0,5,2,3,5,20,20,0,5.3,267,19,109,123,38,1,267,3,3,100.0,0,0.0,139,709,340,8,10,1,6,0,132,4,500,26000
Tom Heaton,GK,Burnley,31,4,4,305.0,3.4,0,0,0,0,0,0,0,0,0.0,0.0,0.0,0.0,0.00,0.00,0.00,0.00,0.00,0.00,0.00,0.00,1.18,12,8,66.7,0,0.0,4.8,0.41,31,77,40.3,84,22,61.9,47.2,32,78.1,60.7,62,2,3.2,2,0.59,11.2,0,0,,0.00,0.00,,,,70,120,58.3,2857,2413,3,3,100.0,26,26,100.0,41,87,47.1,0,6,0,0,0,57,59,27,0,0,0,0,0,4,2,0.59,2,0.59,1,1,0,0,0,0,0,0.00,0,0,0,0,0,0,0,0,0,0,0,0,0,,0,0,0,0,0,0,0,0,3.4,126,94,116,10,0,0,126,0,0,,0,,40,327,242,0,0,0,0,0,31,0,35000,1820000
Tom Ince,"MF,FW",Huddersfield,25,33,27,2452.0,27.2,2,0,2,2,0,0,0,0,6.4,6.4,1.4,7.8,0.07,0.00,0.07,0.07,0.24,0.05,0.24,0.29,0.0,0.0,0.0,0.0,0.0,0.0,0.0,0.0,0.0,0.0,0.0,0.0,0.0,0.0,0.0,0.0,0.0,0.0,0.0,0.0,0.0,0.0,0.0,0.0,70,20,28.6,2.57,0.73,0.03,0.10,18.7,572,763,75.0,8640,1728,317,361,87.8,198,235,84.3,34,96,35.4,18,27,14,7,60,682,77,4,2,4,59,15,36,4,67,2.46,67,2.46,41,5,6,9,5,1,2,0.07,1,0,0,1,0,0,35,27,14,16,5,10,29,34.5,19,20,0,20,12,47,12,0,27.2,1042,16,141,450,469,79,1042,57,27,47.4,30,52.6,621,4477,1948,57,40,20,59,31,668,125,30000,1560000
Tomer Hemed,FW,Brighton,30,16,9,849.0,9.4,2,2,4,2,0,0,0,0,1.9,1.9,0.1,2.0,0.21,0.21,0.42,0.21,0.20,0.01,0.20,0.21,0.0,0.0,0.0,0.0,0.0,0.0,0.0,0.0,0.0,0.0,0.0,0.0,0.0,0.0,0.0,0.0,0.0,0.0,0.0,0.0,0.0,0.0,0.0,0.0,17,7,41.2,1.80,0.74,0.12,0.29,14.8,146,237,61.6,1717,278,96,136,70.6,35,65,53.8,2,4,50.0,3,8,1,0,13,227,8,0,0,0,1,0,0,2,7,0.74,7,0.74,5,0,0,1,1,0,2,0.21,2,0,0,0,0,0,7,5,3,4,0,2,10,20.0,8,10,1,9,2,9,12,0,9.4,331,11,33,177,124,25,331,17,7,41.2,10,58.8,157,668,165,6,5,3,18,16,246,51,20192,1050000
Tommy Smith,DF,Huddersfield,25,24,21,1904.0,21.2,0,1,1,0,0,0,7,0,0.2,0.2,1.8,2.0,0.00,0.05,0.05,0.00,0.01,0.09,0.01,0.09,0.0,0.0,0.0,0.0,0.0,0.0,0.0,0.0,0.0,0.0,0.0,0.0,0.0,0.0,0.0,0.0,0.0,0.0,0.0,0.0,0.0,0.0,0.0,0.0,8,2,25.0,0.38,0.09,0.00,0.00,26.6,773,1118,69.1,12945,4931,374,431,86.8,315,445,70.8,70,189,37.0,15,45,19,12,56,835,280,21,1,1,64,259,0,3,34,1.61,34,1.61,28,4,0,0,0,2,2,0.09,2,0,0,0,0,0,38,27,18,14,6,23,36,63.9,13,22,6,16,26,64,80,3,21.2,1328,81,389,588,363,8,1328,13,9,69.2,4,30.8,507,2751,1513,36,26,3,19,9,637,86,0.0,0.0
Trent Alexander-Arnold,DF,Liverpool,18,19,18,1573.0,17.5,1,1,2,1,0,0,3,0,1.0,1.0,2.6,3.6,0.06,0.06,0.11,0.06,0.05,0.15,0.05,0.21,0.0,0.0,0.0,0.0,0.0,0.0,0.0,0.0,0.0,0.0,0.0,0.0,0.0,0.0,0.0,0.0,0.0,0.0,0.0,0.0,0.0,0.0,0.0,0.0,12,5,41.7,0.69,0.29,0.08,0.20,21.5,963,1309,73.6,17689,5965,408,458,89.1,418,546,76.6,117,243,48.1,25,76,25,6,94,1083,222,15,3,11,102,196,11,4,42,2.40,42,2.40,29,7,2,2,0,2,3,0.17,2,0,1,0,0,0,37,25,23,9,5,22,36,61.1,14,20,5,15,28,65,46,1,17.5,1487,39,374,718,409,28,1487,33,20,60.6,13,39.4,743,3232,1791,39,38,9,18,13,910,126,12000,624000
Troy Deeney,FW,Watford,29,29,20,1844.0,20.5,5,2,7,2,3,5,1,1,6.9,2.8,2.8,5.7,0.24,0.10,0.34,0.10,0.33,0.14,0.14,0.28,0.0,0.0,0.0,0.0,0.0,0.0,0.0,0.0,0.0,0.0,0.0,0.0,0.0,0.0,0.0,0.0,0.0,0.0,0.0,0.0,0.0,0.0,0.0,0.0,31,10,32.3,1.51,0.49,0.06,0.20,17.1,309,552,56.0,4094,1303,207,330,62.7,69,127,54.3,15,29,51.7,26,46,21,1,71,543,7,1,1,2,7,1,0,2,48,2.34,48,2.34,43,0,0,3,2,0,5,0.24,5,0,0,0,0,0,15,11,3,8,4,3,11,27.3,8,14,1,13,5,20,20,0,20.5,710,21,45,315,353,88,705,8,4,50.0,4,50.0,320,1025,320,3,10,1,23,28,520,126,65000,3380000
Tyrese Campbell,FW,Stoke City,17,4,0,79.0,0.9,0,0,0,0,0,0,0,0,0.2,0.2,0.0,0.2,0.00,0.00,0.00,0.00,0.24,0.00,0.24,0.24,0.0,0.0,0.0,0.0,0.0,0.0,0.0,0.0,0.0,0.0,0.0,0.0,0.0,0.0,0.0,0.0,0.0,0.0,0.0,0.0,0.0,0.0,0.0,0.0,2,1,50.0,2.28,1.14,0.00,0.00,12.1,10,20,50.0,129,47,6,12,50.0,4,6,66.7,0,0,,0,1,3,0,4,19,1,0,0,0,3,0,0,0,0,0.00,0,0.00,0,0,0,0,0,0,0,0.00,0,0,0,0,0,0,2,1,0,2,0,1,1,100.0,0,1,1,0,1,3,0,0,0.9,31,1,2,9,20,4,31,0,0,,0,,15,41,17,1,0,1,3,3,19,4,400,20800
Tyrone Mings,DF,Bournemouth,24,4,3,201.0,2.2,0,0,0,0,0,0,1,0,0.0,0.0,0.1,0.1,0.00,0.00,0.00,0.00,0.01,0.02,0.01,0.03,0.0,0.0,0.0,0.0,0.0,0.0,0.0,0.0,0.0,0.0,0.0,0.0,0.0,0.0,0.0,0.0,0.0,0.0,0.0,0.0,0.0,0.0,0.0,0.0,1,0,0.0,0.45,0.00,0.00,,35.7,91,116,78.4,1830,798,29,36,80.6,48,51,94.1,13,26,50.0,1,4,2,1,8,111,5,3,0,2,1,2,0,0,3,1.34,3,1.34,3,0,0,0,0,0,1,0.45,1,0,0,0,0,0,1,1,1,0,0,0,0,,0,2,2,0,6,7,13,1,2.2,138,20,86,48,4,1,138,1,1,100.0,0,0.0,76,344,162,1,0,0,1,1,80,1,23000,1196000
Uwe Hünemeier,DF,Brighton,31,1,0,18.0,0.2,0,0,0,0,0,0,0,0,0.0,0.0,0.0,0.0,0.00,0.00,0.00,0.00,0.00,0.00,0.00,0.00,0.0,0.0,0.0,0.0,0.0,0.0,0.0,0.0,0.0,0.0,0.0,0.0,0.0,0.0,0.0,0.0,0.0,0.0,0.0,0.0,0.0,0.0,0.0,0.0,0,0,,0.00,0.00,,,,1,4,25.0,38,0,0,0,,0,0,,1,3,33.3,0,0,0,0,0,4,0,0,0,1,0,0,0,0,0,0.00,0,0.00,0,0,0,0,0,0,0,0.00,0,0,0,0,0,0,0,0,0,0,0,0,0,,0,0,0,0,0,0,4,0,0.2,8,4,4,2,2,1,8,0,0,,0,,1,6,6,0,0,0,0,0,4,1,20192,1050000
Vicente Iborra,MF,Leicester City,29,19,17,1410.0,15.7,3,0,3,3,0,0,0,0,1.7,1.7,0.5,2.2,0.19,0.00,0.19,0.19,0.11,0.03,0.11,0.14,0.0,0.0,0.0,0.0,0.0,0.0,0.0,0.0,0.0,0.0,0.0,0.0,0.0,0.0,0.0,0.0,0.0,0.0,0.0,0.0,0.0,0.0,0.0,0.0,14,4,28.6,0.89,0.26,0.21,0.75,12.1,698,860,81.2,11864,3247,320,393,81.4,271,317,85.5,70,94,74.5,8,54,5,0,79,842,17,10,2,8,1,1,0,1,22,1.40,22,1.40,19,0,1,2,0,0,1,0.06,1,0,0,0,0,0,23,18,13,10,0,9,36,25.0,27,25,11,14,19,42,49,1,15.7,1017,74,246,676,106,19,1017,14,11,78.6,3,21.4,493,2235,1169,8,8,0,7,7,665,15,50000,2600000
Victor Lindelöf,DF,Manchester Utd,23,17,13,1285.0,14.3,0,0,0,0,0,0,1,0,0.0,0.0,0.3,0.3,0.00,0.00,0.00,0.00,0.00,0.02,0.00,0.02,0.0,0.0,0.0,0.0,0.0,0.0,0.0,0.0,0.0,0.0,0.0,0.0,0.0,0.0,0.0,0.0,0.0,0.0,0.0,0.0,0.0,0.0,0.0,0.0,1,0,0.0,0.07,0.00,0.00,,34.4,707,780,90.6,11923,4239,310,328,94.5,328,361,90.9,52,66,78.8,2,33,1,0,42,738,41,14,0,3,1,27,0,1,6,0.42,6,0.42,5,1,0,0,0,0,1,0.07,1,0,0,0,0,0,17,11,10,6,1,9,14,64.3,5,15,11,4,13,30,67,1,14.3,906,65,428,431,51,0,906,5,4,80.0,1,20.0,521,2891,1702,11,11,0,4,2,584,6,75000,3900000
Victor Moses,"DF,MF",Chelsea,26,28,25,2110.0,23.4,3,3,6,3,0,0,3,0,3.0,3.0,2.4,5.4,0.13,0.13,0.26,0.13,0.13,0.10,0.13,0.23,0.0,0.0,0.0,0.0,0.0,0.0,0.0,0.0,0.0,0.0,0.0,0.0,0.0,0.0,0.0,0.0,0.0,0.0,0.0,0.0,0.0,0.0,0.0,0.0,35,11,31.4,1.49,0.47,0.09,0.27,16.8,815,1122,72.6,13255,3497,429,498,86.1,286,393,72.8,72,136,52.9,20,26,24,10,66,920,197,3,2,5,90,194,0,5,49,2.09,49,2.09,35,0,7,2,5,0,7,0.30,4,0,0,0,3,0,37,29,21,13,3,14,24,58.3,10,29,4,25,15,52,39,2,23.4,1373,53,372,452,568,80,1373,55,32,58.2,23,41.8,693,4127,2677,95,31,26,20,20,788,203,75000,3900000
Victor Wanyama,MF,Tottenham,26,18,8,846.0,9.4,1,0,1,1,0,0,2,0,0.5,0.5,0.2,0.7,0.11,0.00,0.11,0.11,0.05,0.02,0.05,0.07,0.0,0.0,0.0,0.0,0.0,0.0,0.0,0.0,0.0,0.0,0.0,0.0,0.0,0.0,0.0,0.0,0.0,0.0,0.0,0.0,0.0,0.0,0.0,0.0,12,3,25.0,1.28,0.32,0.08,0.33,23.1,540,623,86.7,9771,2741,243,266,91.4,227,256,88.7,65,84,77.4,5,64,0,0,65,610,11,8,1,5,2,2,0,2,16,1.70,16,1.70,13,0,1,1,1,0,1,0.11,1,0,0,0,0,0,30,20,13,16,1,14,31,45.2,17,13,3,10,10,40,20,1,9.4,745,22,144,489,123,12,745,24,18,75.0,6,25.0,418,2387,1303,23,17,0,13,13,508,14,65000,3380000
Vincent Janssen,DF,Tottenham,23,1,0,1.0,0.0,0,0,0,0,0,0,0,0,0.0,0.0,0.0,0.0,0.00,0.00,0.00,0.00,0.00,0.00,0.00,0.00,0.0,0.0,0.0,0.0,0.0,0.0,0.0,0.0,0.0,0.0,0.0,0.0,0.0,0.0,0.0,0.0,0.0,0.0,0.0,0.0,0.0,0.0,0.0,0.0,0,0,,0.00,0.00,,,,0,0,,0,0,0,0,,0,0,,0,0,,0,0,0,0,0,0,0,0,0,0,0,0,0,0,0,0.00,0,0.00,0,0,0,0,0,0,0,0.00,0,0,0,0,0,0,0,0,0,0,0,0,0,,0,0,0,0,0,0,0,0,0.0,0,0,0,0,0,0,0,0,0,,0,,0,0,0,0,0,0,0,0,0,0,0.0,0.0
Vincent Kompany,DF,Manchester City,31,17,17,1394.0,15.5,1,1,2,1,0,0,6,0,0.8,0.8,0.5,1.3,0.06,0.06,0.13,0.06,0.05,0.03,0.05,0.08,0.0,0.0,0.0,0.0,0.0,0.0,0.0,0.0,0.0,0.0,0.0,0.0,0.0,0.0,0.0,0.0,0.0,0.0,0.0,0.0,0.0,0.0,0.0,0.0,9,2,22.2,0.58,0.13,0.11,0.50,9.8,1327,1434,92.5,24734,8914,506,534,94.8,671,709,94.6,129,164,78.7,4,94,2,0,85,1416,17,13,1,9,0,4,0,1,13,0.84,13,0.84,13,0,0,0,0,0,1,0.06,1,0,0,0,0,0,20,11,14,5,1,13,19,68.4,6,10,8,2,16,36,73,1,15.5,1568,101,609,915,51,11,1568,3,3,100.0,0,0.0,970,5121,3284,31,14,1,6,2,1218,3,150000,7800000
Virgil van Dijk,DF,Liverpool,26,14,14,1260.0,14.0,0,0,0,0,0,0,1,0,1.2,1.2,1.2,2.3,0.00,0.00,0.00,0.00,0.08,0.08,0.08,0.16,0.0,0.0,0.0,0.0,0.0,0.0,0.0,0.0,0.0,0.0,0.0,0.0,0.0,0.0,0.0,0.0,0.0,0.0,0.0,0.0,0.0,0.0,0.0,0.0,11,0,0.0,1.00,0.00,0.00,,12.9,544,638,85.3,10773,3485,176,194,90.7,297,321,92.5,64,107,59.8,3,27,2,0,42,615,20,19,1,13,1,1,0,3,9,0.81,9,0.81,8,0,0,0,1,0,0,0.00,0,0,0,0,0,0,10,7,6,2,2,2,3,66.7,1,14,13,1,29,39,81,1,11.0,793,75,348,404,51,23,793,5,5,100.0,0,0.0,483,2481,1465,17,8,1,3,3,483,8,180000,9360000
Virgil van Dijk,DF,Southampton,26,12,11,994.0,11.0,0,0,0,0,0,0,0,0,0.9,0.9,1.0,2.0,0.00,0.00,0.00,0.00,0.08,0.09,0.08,0.18,0.0,0.0,0.0,0.0,0.0,0.0,0.0,0.0,0.0,0.0,0.0,0.0,0.0,0.0,0.0,0.0,0.0,0.0,0.0,0.0,0.0,0.0,0.0,0.0,11,0,0.0,1.00,0.00,0.00,,12.9,544,638,85.3,10773,3485,176,194,90.7,297,321,92.5,64,107,59.8,3,27,2,0,42,615,20,19,1,13,1,1,0,3,9,0.81,9,0.81,8,0,0,0,1,0,0,0.00,0,0,0,0,0,0,10,7,6,2,2,2,3,66.7,1,14,13,1,29,39,81,1,11.0,793,75,348,404,51,23,793,5,5,100.0,0,0.0,483,2481,1465,17,8,1,3,3,483,8,180000,9360000
Wayne Hennessey,GK,Crystal Palace,30,27,27,2430.0,27.0,0,0,0,0,0,0,1,0,0.0,0.0,0.5,0.5,0.00,0.00,0.00,0.00,0.00,0.02,0.00,0.02,1.52,127,88,68.5,7,25.9,38.2,0.30,226,587,38.5,554,92,68.2,47.3,227,92.1,65.2,435,31,7.1,22,0.81,13.4,0,0,,0.00,0.00,,,,409,787,52.0,17667,16033,34,34,100.0,119,122,97.5,256,625,41.0,1,27,1,0,0,451,330,103,0,0,0,0,0,6,5,0.19,5,0.19,4,1,0,0,0,0,1,0.04,1,0,0,0,0,0,0,0,0,0,0,0,0,,0,1,0,1,2,2,5,1,27.0,846,716,831,15,0,0,846,0,0,,0,,361,2683,2039,0,0,0,0,0,206,0,40000,2080000
Wayne Rooney,"MF,FW",Everton,31,31,27,2268.0,25.2,10,2,12,7,3,6,5,0,8.6,3.8,2.2,6.0,0.40,0.08,0.48,0.28,0.34,0.09,0.15,0.24,0.0,0.0,0.0,0.0,0.0,0.0,0.0,0.0,0.0,0.0,0.0,0.0,0.0,0.0,0.0,0.0,0.0,0.0,0.0,0.0,0.0,0.0,0.0,0.0,39,11,28.2,1.55,0.44,0.18,0.64,25.0,934,1241,75.3,17847,4680,398,474,84.0,348,410,84.9,150,263,57.0,33,117,26,6,122,1140,94,37,9,23,62,10,30,7,65,2.58,65,2.58,46,13,0,4,0,2,8,0.32,5,1,0,2,0,0,28,19,11,13,4,10,42,23.8,32,25,6,19,16,44,43,2,25.2,1474,48,230,856,402,43,1468,23,9,39.1,14,60.9,813,3760,1586,26,29,2,37,57,1042,91,160000,8320000
Wayne Routledge,"MF,FW",Swansea City,32,15,4,429.0,4.8,0,0,0,0,0,0,1,0,0.4,0.4,0.4,0.8,0.00,0.00,0.00,0.00,0.09,0.09,0.09,0.17,0.0,0.0,0.0,0.0,0.0,0.0,0.0,0.0,0.0,0.0,0.0,0.0,0.0,0.0,0.0,0.0,0.0,0.0,0.0,0.0,0.0,0.0,0.0,0.0,5,2,40.0,1.05,0.42,0.00,0.00,14.6,115,177,65.0,1676,481,58,71,81.7,46,64,71.9,5,19,26.3,6,8,6,3,17,171,5,0,0,0,15,1,3,1,10,2.10,10,2.10,10,0,0,0,0,0,1,0.21,1,0,0,0,0,0,10,5,2,6,2,2,8,25.0,6,5,0,5,2,12,5,0,4.8,230,5,47,98,88,13,230,10,6,60.0,4,40.0,123,699,276,9,3,3,8,7,154,36,36000,1872000
Wes Morgan,DF,Leicester City,33,32,32,2817.0,31.3,0,0,0,0,0,0,4,0,1.6,1.6,0.4,2.0,0.00,0.00,0.00,0.00,0.05,0.01,0.05,0.06,0.0,0.0,0.0,0.0,0.0,0.0,0.0,0.0,0.0,0.0,0.0,0.0,0.0,0.0,0.0,0.0,0.0,0.0,0.0,0.0,0.0,0.0,0.0,0.0,13,2,15.4,0.42,0.06,0.00,0.00,10.2,741,918,80.7,13008,5208,317,369,85.9,331,401,82.5,67,110,60.9,5,29,3,0,50,901,13,12,0,2,0,1,0,4,14,0.45,14,0.45,11,0,0,2,0,1,0,0.00,0,0,0,0,0,0,35,25,26,8,1,12,18,66.7,6,41,27,14,31,66,146,1,31.3,1215,175,626,540,52,27,1215,12,9,75.0,3,25.0,511,3047,1388,13,3,1,7,8,614,11,60000,3120000
Wesley Hoedt,DF,Southampton,23,28,28,2520.0,28.0,0,1,1,0,0,0,7,0,1.3,1.3,0.5,1.9,0.00,0.04,0.04,0.00,0.05,0.02,0.05,0.07,0.0,0.0,0.0,0.0,0.0,0.0,0.0,0.0,0.0,0.0,0.0,0.0,0.0,0.0,0.0,0.0,0.0,0.0,0.0,0.0,0.0,0.0,0.0,0.0,15,2,13.3,0.54,0.07,0.00,0.00,14.4,1053,1352,77.9,22333,9239,350,394,88.8,515,608,84.7,179,319,56.1,9,118,5,1,143,1282,64,47,1,43,6,17,0,6,22,0.79,22,0.79,15,1,3,2,1,0,4,0.14,1,0,1,1,1,0,60,51,48,12,0,36,61,59.0,25,32,17,15,40,100,177,2,28.0,1694,180,732,934,50,19,1694,27,25,92.6,2,7.4,947,6065,3908,21,15,1,13,5,935,3,60000,3120000
Wilfred Ndidi,MF,Leicester City,20,33,33,2896.0,32.2,0,3,3,0,0,0,10,4,2.1,2.1,0.6,2.6,0.00,0.09,0.09,0.00,0.06,0.02,0.06,0.08,0.0,0.0,0.0,0.0,0.0,0.0,0.0,0.0,0.0,0.0,0.0,0.0,0.0,0.0,0.0,0.0,0.0,0.0,0.0,0.0,0.0,0.0,0.0,0.0,41,6,14.6,1.27,0.19,0.00,0.00,22.6,1285,1707,75.3,20760,5599,639,788,81.1,445,574,77.5,126,202,62.4,12,117,10,1,136,1686,11,7,7,11,9,4,0,10,39,1.21,39,1.21,35,0,1,2,1,0,8,0.25,6,0,0,1,1,0,138,89,68,65,5,45,119,37.8,74,67,10,57,51,189,103,2,32.2,2180,109,541,1377,279,29,2180,43,33,76.7,10,23.3,978,4468,1792,30,27,2,38,43,1179,48,30000,1560000
Wilfried Bony,FW,Swansea City,28,15,8,707.0,7.9,2,0,2,2,0,0,2,0,1.6,1.6,0.2,1.8,0.25,0.00,0.25,0.25,0.20,0.03,0.20,0.23,0.0,0.0,0.0,0.0,0.0,0.0,0.0,0.0,0.0,0.0,0.0,0.0,0.0,0.0,0.0,0.0,0.0,0.0,0.0,0.0,0.0,0.0,0.0,0.0,20,6,30.0,2.55,0.76,0.10,0.33,18.0,131,209,62.7,1637,308,92,124,74.2,31,53,58.5,3,4,75.0,4,13,2,0,11,196,12,1,0,0,0,0,0,1,16,2.04,16,2.04,9,0,2,2,3,0,1,0.13,0,0,0,1,0,0,5,4,2,2,1,1,5,20.0,4,4,1,3,2,7,15,0,7.9,290,19,26,167,101,18,290,13,10,76.9,3,23.1,154,604,240,7,12,0,24,16,232,41,90000,4680000
Wilfried Zaha,"FW,MF",Crystal Palace,24,29,28,2549.0,28.3,9,3,12,9,0,0,5,0,9.2,9.2,4.7,13.9,0.32,0.11,0.42,0.32,0.33,0.17,0.33,0.49,0.0,0.0,0.0,0.0,0.0,0.0,0.0,0.0,0.0,0.0,0.0,0.0,0.0,0.0,0.0,0.0,0.0,0.0,0.0,0.0,0.0,0.0,0.0,0.0,64,26,40.6,2.26,0.92,0.14,0.35,15.0,497,716,69.4,6815,2094,291,365,79.7,149,208,71.6,24,52,46.2,52,41,49,7,96,695,18,1,6,3,76,14,0,3,139,4.91,139,4.91,79,0,35,6,17,2,14,0.49,9,0,3,0,2,0,30,23,9,13,8,4,23,17.4,19,24,0,24,7,37,4,0,28.3,1144,5,77,385,725,182,1144,196,119,60.7,77,39.3,958,7723,3956,173,98,92,106,111,921,283,100000,5200000
Will Hughes,MF,Watford,22,15,11,990.0,11.0,2,3,5,2,0,0,0,0,0.6,0.6,1.5,2.1,0.18,0.27,0.45,0.18,0.05,0.13,0.05,0.19,0.0,0.0,0.0,0.0,0.0,0.0,0.0,0.0,0.0,0.0,0.0,0.0,0.0,0.0,0.0,0.0,0.0,0.0,0.0,0.0,0.0,0.0,0.0,0.0,12,4,33.3,1.09,0.36,0.17,0.50,21.0,322,416,77.4,4055,1197,208,241,86.3,78,103,75.7,8,21,38.1,17,35,14,1,60,399,14,3,4,0,10,0,6,3,38,3.45,38,3.45,31,0,2,0,4,1,6,0.55,5,0,1,0,0,0,34,18,7,18,9,9,19,47.4,10,16,1,15,15,49,6,0,11.0,551,9,50,282,227,29,551,10,7,70.0,3,30.0,323,1500,709,16,23,1,20,22,364,58,30000,1560000
Willian,"MF,FW",Chelsea,28,36,20,1890.0,21.0,6,7,13,5,1,1,1,0,5.5,4.7,5.3,10.0,0.29,0.33,0.62,0.24,0.26,0.25,0.22,0.48,0.0,0.0,0.0,0.0,0.0,0.0,0.0,0.0,0.0,0.0,0.0,0.0,0.0,0.0,0.0,0.0,0.0,0.0,0.0,0.0,0.0,0.0,0.0,0.0,53,23,43.4,2.52,1.10,0.09,0.22,19.8,768,1038,74.0,12180,2766,393,471,83.4,258,336,76.8,68,125,54.4,61,54,44,4,131,946,84,27,5,18,99,7,49,8,132,6.29,132,6.29,85,16,17,4,9,1,14,0.67,8,2,2,1,1,0,22,17,7,12,3,0,16,0.0,16,13,1,12,10,32,10,0,21.0,1287,11,114,439,762,94,1286,98,67,68.4,31,31.6,863,6862,3261,108,69,33,57,34,979,210,120000,6240000
Willy Caballero,GK,Chelsea,35,3,3,270.0,3.0,0,0,0,0,0,0,0,0,0.0,0.0,0.0,0.0,0.00,0.00,0.00,0.00,0.00,0.00,0.00,0.00,1.33,11,7,63.6,1,33.3,3.5,0.36,16,38,42.1,85,12,31.8,29.2,15,73.3,51.7,33,1,3.0,5,1.67,17.7,0,0,,0.00,0.00,,,,73,100,73.0,1939,1484,17,18,94.4,32,33,97.0,23,46,50.0,0,0,0,0,0,79,21,6,0,0,0,0,0,0,0,0.00,0,0.00,0,0,0,0,0,0,0,0.00,0,0,0,0,0,0,0,0,0,0,0,0,0,,0,0,0,0,0,0,3,0,3.0,109,92,106,4,0,0,109,0,0,,0,,55,311,151,0,0,0,0,0,56,0,30000,1560000
Winston Reid,DF,West Ham,29,17,17,1452.0,16.1,0,0,0,0,0,0,5,0,0.3,0.3,0.3,0.5,0.00,0.00,0.00,0.00,0.02,0.02,0.02,0.03,0.0,0.0,0.0,0.0,0.0,0.0,0.0,0.0,0.0,0.0,0.0,0.0,0.0,0.0,0.0,0.0,0.0,0.0,0.0,0.0,0.0,0.0,0.0,0.0,5,0,0.0,0.31,0.00,0.00,,13.2,539,664,81.2,11983,3790,121,145,83.4,323,347,93.1,92,161,57.1,4,28,2,0,39,646,14,14,0,10,1,0,0,4,8,0.50,8,0.50,8,0,0,0,0,0,0,0.00,0,0,0,0,0,0,11,9,7,4,0,4,15,26.7,11,27,14,13,22,33,104,0,16.1,855,120,399,429,32,19,855,1,0,0.0,1,100.0,392,1968,935,3,2,0,6,3,454,6,70000,3640000
Xherdan Shaqiri,"MF,FW",Stoke City,25,36,36,3039.0,33.8,8,7,15,8,0,1,5,0,5.0,4.2,7.1,11.3,0.24,0.21,0.44,0.24,0.15,0.21,0.12,0.33,0.0,0.0,0.0,0.0,0.0,0.0,0.0,0.0,0.0,0.0,0.0,0.0,0.0,0.0,0.0,0.0,0.0,0.0,0.0,0.0,0.0,0.0,0.0,0.0,68,30,44.1,2.01,0.89,0.12,0.27,22.3,923,1293,71.4,16836,5750,418,472,88.6,314,418,75.1,152,307,49.5,75,94,59,12,161,1043,242,82,15,11,201,29,88,8,145,4.29,145,4.29,80,40,10,9,6,0,12,0.36,3,5,1,2,1,0,25,17,9,11,5,10,39,25.6,29,9,1,8,16,41,6,2,33.8,1594,5,155,755,720,51,1593,68,39,57.4,29,42.6,1065,6889,2896,81,72,17,99,57,1082,183,65000,3380000
Yannick Bolasie,FW,Everton,28,16,11,851.0,9.5,1,0,1,1,0,0,0,0,1.5,1.5,0.7,2.3,0.11,0.00,0.11,0.11,0.16,0.08,0.16,0.24,0.0,0.0,0.0,0.0,0.0,0.0,0.0,0.0,0.0,0.0,0.0,0.0,0.0,0.0,0.0,0.0,0.0,0.0,0.0,0.0,0.0,0.0,0.0,0.0,19,7,36.8,2.01,0.74,0.05,0.14,16.8,143,269,53.2,2088,555,84,119,70.6,42,85,49.4,9,34,26.5,4,8,8,5,20,258,9,0,0,1,53,4,1,2,12,1.27,12,1.27,9,0,0,1,2,0,1,0.11,1,0,0,0,0,0,8,7,4,1,3,2,7,28.6,5,5,0,5,4,12,8,0,9.5,391,5,49,130,221,25,391,36,17,47.2,19,52.8,257,1939,961,39,24,5,30,25,269,52,75000,3900000
Yaya Touré,MF,Manchester City,34,10,1,236.0,2.6,0,2,2,0,0,0,1,0,0.4,0.4,0.9,1.3,0.00,0.76,0.76,0.00,0.14,0.35,0.14,0.49,0.0,0.0,0.0,0.0,0.0,0.0,0.0,0.0,0.0,0.0,0.0,0.0,0.0,0.0,0.0,0.0,0.0,0.0,0.0,0.0,0.0,0.0,0.0,0.0,5,1,20.0,1.91,0.38,0.00,0.00,23.5,390,417,93.5,5702,1707,240,252,95.2,116,123,94.3,23,29,79.3,7,43,7,0,50,411,5,5,3,3,0,0,0,1,14,5.34,14,5.34,13,0,1,0,0,0,3,1.14,3,0,0,0,0,0,2,2,1,0,1,1,1,100.0,0,3,1,2,5,7,4,0,2.6,435,4,52,296,90,5,435,5,4,80.0,1,20.0,309,1601,1179,20,20,3,1,1,389,4,190000,9880000
Yohan Benalouane,DF,Leicester City,30,1,1,90.0,1.0,0,0,0,0,0,0,0,0,0.1,0.1,0.0,0.1,0.00,0.00,0.00,0.00,0.06,0.00,0.06,0.06,0.0,0.0,0.0,0.0,0.0,0.0,0.0,0.0,0.0,0.0,0.0,0.0,0.0,0.0,0.0,0.0,0.0,0.0,0.0,0.0,0.0,0.0,0.0,0.0,2,1,50.0,2.00,1.00,0.00,0.00,17.5,24,38,63.2,478,89,7,10,70.0,12,16,75.0,5,10,50.0,0,0,0,0,1,28,10,2,0,0,3,8,0,0,2,2.00,2,2.00,0,1,0,1,0,0,0,0.00,0,0,0,0,0,0,7,3,6,1,0,4,6,66.7,2,1,1,0,1,8,4,0,1.0,56,7,21,24,11,1,56,0,0,,0,,19,98,48,1,1,0,0,0,19,4,40000,2080000
Yohan Cabaye,MF,Crystal Palace,31,31,28,2376.0,26.4,0,1,1,0,0,0,7,0,2.3,2.3,4.1,6.4,0.00,0.04,0.04,0.00,0.09,0.15,0.09,0.24,0.0,0.0,0.0,0.0,0.0,0.0,0.0,0.0,0.0,0.0,0.0,0.0,0.0,0.0,0.0,0.0,0.0,0.0,0.0,0.0,0.0,0.0,0.0,0.0,38,11,28.9,1.44,0.42,0.00,0.00,24.6,1118,1438,77.7,18909,7090,539,603,89.4,416,493,84.4,117,266,44.0,42,124,18,0,138,1254,180,62,6,9,136,5,104,4,84,3.18,84,3.18,37,34,2,3,5,3,6,0.23,3,1,0,1,1,0,70,44,39,28,3,24,97,24.7,73,47,4,43,79,149,29,4,26.4,1769,38,331,1005,447,31,1769,22,9,40.9,13,59.1,922,3427,1562,13,25,1,37,29,1028,37,85500,4446000
Younès Kaboul,DF,Watford,31,2,2,150.0,1.7,0,0,0,0,0,0,0,0,0.0,0.0,0.0,0.0,0.00,0.00,0.00,0.00,0.00,0.00,0.00,0.00,0.0,0.0,0.0,0.0,0.0,0.0,0.0,0.0,0.0,0.0,0.0,0.0,0.0,0.0,0.0,0.0,0.0,0.0,0.0,0.0,0.0,0.0,0.0,0.0,0,0,,0.00,0.00,,,,52,76,68.4,1247,528,14,19,73.7,25,31,80.6,13,24,54.2,0,9,0,0,7,76,0,0,0,1,0,0,0,0,1,0.60,1,0.60,1,0,0,0,0,0,0,0.00,0,0,0,0,0,0,3,2,0,3,0,0,0,,0,4,2,2,2,5,15,0,1.7,103,9,52,44,7,1,103,1,0,0.0,1,100.0,52,283,142,2,1,0,0,0,52,0,0.0,0.0
Zlatan Ibrahimović,"MF,FW",Manchester Utd,35,5,1,106.0,1.2,0,0,0,0,0,0,0,0,0.2,0.2,0.1,0.3,0.00,0.00,0.00,0.00,0.18,0.08,0.18,0.26,0.0,0.0,0.0,0.0,0.0,0.0,0.0,0.0,0.0,0.0,0.0,0.0,0.0,0.0,0.0,0.0,0.0,0.0,0.0,0.0,0.0,0.0,0.0,0.0,4,1,25.0,3.40,0.85,0.00,0.00,16.7,59,78,75.6,829,217,37,48,77.1,14,20,70.0,4,6,66.7,2,5,3,0,9,77,1,0,0,0,2,0,1,0,7,5.94,7,5.94,4,0,0,2,1,0,0,0.00,0,0,0,0,0,0,2,1,1,0,1,0,1,0.0,1,0,0,0,0,2,1,0,1.2,89,1,2,42,45,10,89,0,0,,0,,55,292,155,6,6,2,1,2,74,12,125000,6500000
Àngel Rangel,DF,Swansea City,34,4,2,156.0,1.7,0,0,0,0,0,0,0,0,0.0,0.0,0.1,0.1,0.00,0.00,0.00,0.00,0.00,0.04,0.00,0.04,0.0,0.0,0.0,0.0,0.0,0.0,0.0,0.0,0.0,0.0,0.0,0.0,0.0,0.0,0.0,0.0,0.0,0.0,0.0,0.0,0.0,0.0,0.0,0.0,0,0,,0.00,0.00,,,,99,118,83.9,1605,517,51,57,89.5,39,46,84.8,6,10,60.0,1,7,1,1,11,99,18,2,0,0,6,16,0,1,5,2.88,5,2.88,4,1,0,0,0,0,0,0.00,0,0,0,0,0,0,4,3,2,2,0,1,3,33.3,2,0,0,0,3,7,4,0,1.7,132,2,27,67,40,1,132,1,0,0.0,1,100.0,63,334,204,6,3,0,4,1,77,11,32000,1664000
Álvaro Morata,FW,Chelsea,24,31,24,2061.0,22.9,11,6,17,11,0,0,7,0,13.0,13.0,3.1,16.0,0.48,0.26,0.74,0.48,0.57,0.13,0.57,0.70,0.0,0.0,0.0,0.0,0.0,0.0,0.0,0.0,0.0,0.0,0.0,0.0,0.0,0.0,0.0,0.0,0.0,0.0,0.0,0.0,0.0,0.0,0.0,0.0,79,34,43.0,3.45,1.48,0.14,0.32,13.6,423,600,70.5,5650,924,236,300,78.7,95,146,65.1,32,46,69.6,35,30,9,0,46,555,40,1,3,6,19,0,0,5,83,3.63,83,3.63,59,2,6,8,8,0,8,0.35,7,0,0,0,1,0,13,8,0,7,6,1,21,4.8,20,17,4,13,6,19,20,0,22.9,873,25,36,362,489,147,873,59,32,54.2,27,45.8,570,3210,1311,54,35,37,75,62,750,228,170000,8840000
Érik Lamela,"FW,MF",Tottenham,25,25,7,843.0,9.4,2,2,4,2,0,0,4,0,3.4,3.4,2.0,5.4,0.21,0.21,0.43,0.21,0.37,0.21,0.37,0.57,0.0,0.0,0.0,0.0,0.0,0.0,0.0,0.0,0.0,0.0,0.0,0.0,0.0,0.0,0.0,0.0,0.0,0.0,0.0,0.0,0.0,0.0,0.0,0.0,20,6,30.0,2.14,0.64,0.10,0.33,14.2,379,477,79.5,5766,1209,205,234,87.6,137,165,83.0,25,43,58.1,16,32,17,0,46,443,30,7,5,1,25,2,18,4,41,4.37,41,4.37,27,6,2,1,4,1,3,0.32,2,0,0,0,1,0,23,13,9,7,7,3,20,15.0,17,11,1,10,7,30,5,0,9.4,598,4,43,270,297,42,598,36,23,63.9,13,36.1,345,2395,1010,30,31,10,24,19,464,116,80000,4160000
Étienne Capoue,MF,Watford,29,23,18,1542.0,17.1,1,0,1,1,0,0,3,0,0.8,0.8,0.6,1.4,0.06,0.00,0.06,0.06,0.05,0.03,0.05,0.08,0.0,0.0,0.0,0.0,0.0,0.0,0.0,0.0,0.0,0.0,0.0,0.0,0.0,0.0,0.0,0.0,0.0,0.0,0.0,0.0,0.0,0.0,0.0,0.0,23,3,13.0,1.34,0.18,0.04,0.33,28.1,723,883,81.9,12866,3380,342,390,87.7,271,320,84.7,91,135,67.4,8,75,9,1,74,849,31,14,5,28,4,1,2,3,31,1.81,31,1.81,21,2,2,1,2,3,2,0.12,1,0,0,1,0,0,43,26,15,25,3,19,47,40.4,28,21,1,20,43,86,38,0,17.1,1078,57,180,771,134,6,1078,23,13,56.5,10,43.5,611,2428,968,8,17,1,8,18,644,22,40000,2080000
İlkay Gündoğan,MF,Manchester City,26,30,15,1517.0,16.9,4,1,5,3,1,1,3,0,3.0,2.3,1.7,4.0,0.24,0.06,0.30,0.18,0.18,0.10,0.13,0.24,0.0,0.0,0.0,0.0,0.0,0.0,0.0,0.0,0.0,0.0,0.0,0.0,0.0,0.0,0.0,0.0,0.0,0.0,0.0,0.0,0.0,0.0,0.0,0.0,34,10,29.4,2.02,0.59,0.09,0.30,19.6,1291,1414,91.3,18213,4535,754,803,93.9,402,428,93.9,61,82,74.4,20,122,29,0,154,1381,32,17,6,3,8,3,10,1,64,3.80,64,3.80,55,4,0,2,1,2,9,0.53,7,1,0,1,0,0,27,15,8,14,5,9,37,24.3,28,14,1,13,16,43,12,0,16.9,1577,24,170,980,443,50,1576,35,26,74.3,9,25.7,1019,5020,2693,61,62,11,34,20,1324,83,80000,4160000
Łukasz Fabiański,GK,Swansea City,32,38,38,3420.0,38.0,0,0,0,0,0,0,0,0,0.0,0.0,0.0,0.0,0.00,0.00,0.00,0.00,0.00,0.00,0.00,0.00,1.47,190,133,72.1,9,23.7,59.5,0.28,315,812,38.8,914,159,54.5,42.2,358,87.7,59.9,615,42,6.8,22,0.58,11.4,0,0,,0.00,0.00,,,,752,1276,58.9,28523,23783,70,70,100.0,257,262,98.1,423,936,45.2,1,16,0,0,0,804,468,110,0,2,0,0,0,4,5,0.13,5,0.13,3,2,0,0,0,0,0,0.00,0,0,0,0,0,0,0,0,0,0,0,0,0,,0,0,0,0,0,0,10,2,38.0,1345,1213,1343,2,0,0,1345,0,0,,0,,590,4010,2601,0,1,1,0,0,475,0,50000,2600000
