Player,Pos,Squad,Age,MP,Starts,Min,90s_x,Gls,Ast,G+A,G-PK,PK,PKatt,CrdY,CrdR,xG,npxG,xAG,npxG+xAG,Gls/90,Ast/90,G+A/90,G-PK/90,xG/90,xAG/90,npxG/90,npxG+xAG/90,Gls Against 90,SoTA,Saves,Save%,CS,CS%,PSxG,PSxG/SoT,GK Cmp 40y,GK 40y Att,GK Cmp 40y%,Pass Att (GK),Thr Att (GK),Launch%,AvgLen_Pass (GK),GoalKick Att,GoalKick Launch%,AvgLen_GoalKick,Opp Crosses,Crosses Stp,Crosses Stp%,#OPA,#OPA/90,AvgDist,Sh,SoT,SoT%,Sh/90,SoT/90,G/Sh,G/SoT,Dist,Cmp_tot,Att_tot,Cmp%_tot,TotDist_Passed,PrgDist_Passed,Cmp_short,Att_short,Cmp%_short,Cmp_medium,Att_medium,Cmp%_medium,Cmp_long,Att_long,Cmp%_long,KP,1/3,PPA,CrsPA,PrgP,Live_Passes,Dead,FK,TB,Sw,Crs,TI,CK,Off,SCA,SCA90,SCA,SCA90,PassLive_SCA,PassDead_SCA,TO_SCA,Sh_SCA,Fld_SCA,Def_SCA,GCA,GCA90,PassLive_GCA,PassDead_GCA,TO_GCA,Sh_GCA,Fld_GCA,Def_GCA,Tkl,TklW,Def 3rd Tackles,Mid 3rd Tackles,Att 3rd Tackles,Tkl_Challenge,Att_Challenge,Tkl%_Challenge,Lost_Challenge,Blocks,Sh_block,Pass_block,Int,Tkl+Int,Clr,Err,90s_y,Touches,Def Pen Touches,Def 3rd Touches,Mid 3rd Touches,Att 3rd Touches,Att Pen Touches,Live_Touches,Att_takeon,Succ_takeon,Succ%_takeon,Tkld_takeon,Tkld%_takeon,Carries,TotDist_Carried,PrgDist_Carried,PrgC,1/3_carries,CPA,Mis,Dis,Rec,PrgR,Weekly Wages,Annual Wages
Aaron Cresswell,DF,West Ham,28,20,18,1589.0,17.7,0,1,1,0,0,0,1,0,0.5,0.5,1.1,1.5,0.00,0.06,0.06,0.00,0.03,0.06,0.03,0.09,0.0,0.0,0.0,0.0,0.0,0.0,0.0,0.0,0.0,0.0,0.0,0.0,0.0,0.0,0.0,0.0,0.0,0.0,0.0,0.0,0.0,0.0,0.0,0.0,11,0,0.0,0.62,0.00,0.00,,22.6,848,1082,78.4,12647,5043,484,545,88.8,279,345,80.9,48,106,45.3,17,60,19,8,94,859,220,20,0,3,75,192,8,3,35,1.98,35,1.98,24,6,0,3,1,1,3,0.17,1,2,0,0,0,0,29,16,14,11,4,13,25,52.0,12,28,7,21,23,52,58,0,17.7,1279,71,309,642,335,29,1279,13,6,46.2,7,53.8,563,2544,1349,35,25,6,13,6,707,103,50000,2600000
Aaron Lennon,MF,Burnley,31,16,14,1215.0,13.5,1,1,2,1,0,0,1,0,0.8,0.8,0.7,1.5,0.07,0.07,0.15,0.07,0.06,0.05,0.06,0.11,0.0,0.0,0.0,0.0,0.0,0.0,0.0,0.0,0.0,0.0,0.0,0.0,0.0,0.0,0.0,0.0,0.0,0.0,0.0,0.0,0.0,0.0,0.0,0.0,4,2,50.0,0.30,0.15,0.25,0.50,13.4,227,307,73.9,3224,613,136,167,81.4,75,92,81.5,9,16,56.3,7,10,6,3,18,301,5,0,1,0,23,5,0,1,20,1.48,20,1.48,12,0,1,0,7,0,1,0.07,1,0,0,0,0,0,26,16,11,12,3,6,14,42.9,8,24,0,24,10,36,18,0,13.5,431,22,75,201,159,21,431,15,7,46.7,8,53.3,201,1162,522,21,5,6,15,13,261,55,35000,1820000
Aaron Mooy,"MF,FW",Huddersfield,27,29,25,2330.0,25.9,3,1,4,2,1,1,4,0,2.8,2.1,2.6,4.6,0.12,0.04,0.15,0.08,0.11,0.10,0.08,0.18,0.0,0.0,0.0,0.0,0.0,0.0,0.0,0.0,0.0,0.0,0.0,0.0,0.0,0.0,0.0,0.0,0.0,0.0,0.0,0.0,0.0,0.0,0.0,0.0,42,13,31.0,1.62,0.50,0.05,0.15,23.3,1073,1435,74.8,16856,5417,606,693,87.4,287,370,77.6,123,238,51.7,43,143,24,8,154,1294,129,44,2,19,137,8,75,12,85,3.28,85,3.28,50,26,2,7,0,0,3,0.12,2,1,0,0,0,0,62,42,19,27,16,21,52,40.4,31,43,7,36,14,76,22,0,25.9,1697,28,207,893,627,31,1696,37,22,59.5,15,40.5,916,4656,2016,61,56,7,35,45,1082,94,50000,2600000
Aaron Ramsey,MF,Arsenal,27,28,14,1331.0,14.8,4,6,10,4,0,0,0,0,3.4,3.4,2.0,5.4,0.27,0.41,0.68,0.27,0.23,0.14,0.23,0.37,0.0,0.0,0.0,0.0,0.0,0.0,0.0,0.0,0.0,0.0,0.0,0.0,0.0,0.0,0.0,0.0,0.0,0.0,0.0,0.0,0.0,0.0,0.0,0.0,33,13,39.4,2.23,0.88,0.12,0.31,17.2,652,807,80.8,9568,2275,368,419,87.8,192,226,85.0,43,59,72.9,25,51,16,4,88,775,26,10,5,9,15,13,1,6,48,3.25,48,3.25,41,0,3,3,0,1,10,0.68,9,0,1,0,0,0,34,18,11,15,8,7,25,28.0,18,7,1,6,9,43,3,0,14.8,972,9,113,488,379,72,972,23,12,52.2,11,47.8,574,3368,1688,47,42,6,35,27,768,133,120000,6240000
Aaron Rowe,FW,Huddersfield,17,2,1,69.0,0.8,0,0,0,0,0,0,0,0,0.0,0.0,0.0,0.0,0.00,0.00,0.00,0.00,0.00,0.00,0.00,0.00,0.0,0.0,0.0,0.0,0.0,0.0,0.0,0.0,0.0,0.0,0.0,0.0,0.0,0.0,0.0,0.0,0.0,0.0,0.0,0.0,0.0,0.0,0.0,0.0,0,0,,0.00,0.00,,,,13,20,65.0,171,69,8,12,66.7,5,5,100.0,0,3,0.0,0,0,0,0,1,20,0,0,0,0,0,0,0,0,1,1.30,1,1.30,1,0,0,0,0,0,0,0.00,0,0,0,0,0,0,1,0,1,0,0,0,0,,0,0,0,0,1,2,1,0,0.8,33,1,8,10,15,0,33,3,1,33.3,2,66.7,24,111,35,0,2,0,1,4,20,6,96,5000
Aaron Wan-Bissaka,DF,Crystal Palace,20,35,35,3134.0,34.8,0,3,3,0,0,0,4,1,0.5,0.5,2.1,2.6,0.00,0.09,0.09,0.00,0.01,0.06,0.01,0.07,0.0,0.0,0.0,0.0,0.0,0.0,0.0,0.0,0.0,0.0,0.0,0.0,0.0,0.0,0.0,0.0,0.0,0.0,0.0,0.0,0.0,0.0,0.0,0.0,9,0,0.0,0.26,0.00,0.00,,17.9,1146,1566,73.2,15705,7716,720,829,86.9,341,485,70.3,49,139,35.3,14,84,25,11,159,1217,346,4,1,0,56,342,0,3,48,1.38,48,1.38,35,4,7,1,0,1,7,0.20,4,1,1,1,0,0,129,90,90,33,6,55,65,84.6,10,49,16,33,84,213,161,0,34.8,2143,164,827,837,501,27,2143,90,61,67.8,29,32.2,831,5737,3255,100,80,10,43,37,907,119,15000,780000
Abdelhamid Sabiri,FW,Huddersfield,21,2,1,48.0,0.5,0,0,0,0,0,0,0,0,0.0,0.0,0.0,0.0,0.00,0.00,0.00,0.00,0.00,0.00,0.00,0.00,0.0,0.0,0.0,0.0,0.0,0.0,0.0,0.0,0.0,0.0,0.0,0.0,0.0,0.0,0.0,0.0,0.0,0.0,0.0,0.0,0.0,0.0,0.0,0.0,0,0,,0.00,0.00,,,,7,8,87.5,62,11,7,8,87.5,0,0,,0,0,,0,1,0,0,0,8,0,0,0,0,0,0,0,0,0,0.00,0,0.00,0,0,0,0,0,0,0,0.00,0,0,0,0,0,0,2,1,1,1,0,0,0,,0,1,0,1,1,3,0,0,0.5,12,0,4,6,2,1,12,0,0,,0,,6,28,20,0,1,0,1,0,7,1,17500,910000
Abdoulaye Doucouré,MF,Watford,25,35,34,3062.0,34.0,5,6,11,5,0,0,7,0,6.2,6.2,4.7,10.8,0.15,0.18,0.32,0.15,0.18,0.14,0.18,0.32,0.0,0.0,0.0,0.0,0.0,0.0,0.0,0.0,0.0,0.0,0.0,0.0,0.0,0.0,0.0,0.0,0.0,0.0,0.0,0.0,0.0,0.0,0.0,0.0,52,16,30.8,1.53,0.47,0.10,0.31,17.6,1622,1963,82.6,24439,6590,860,990,86.9,568,647,87.8,109,160,68.1,38,135,33,2,202,1919,35,31,5,13,11,2,1,9,83,2.44,83,2.44,72,2,4,5,0,0,9,0.26,5,1,1,2,0,0,71,38,27,32,12,19,57,33.3,38,31,8,23,34,105,55,5,34.0,2320,62,432,1390,521,78,2320,55,32,58.2,23,41.8,1448,6612,3319,58,49,12,59,41,1556,83,70000,3640000
Aboubakar Kamara,FW,Fulham,23,13,5,693.0,7.7,3,0,3,2,1,2,2,0,3.7,2.1,0.7,2.8,0.39,0.00,0.39,0.26,0.48,0.09,0.27,0.36,0.0,0.0,0.0,0.0,0.0,0.0,0.0,0.0,0.0,0.0,0.0,0.0,0.0,0.0,0.0,0.0,0.0,0.0,0.0,0.0,0.0,0.0,0.0,0.0,19,8,42.1,2.47,1.04,0.11,0.25,19.7,170,248,68.5,2500,441,97,119,81.5,55,74,74.3,11,25,44.0,10,6,3,1,6,241,6,1,0,1,18,4,0,1,21,2.73,21,2.73,18,0,1,1,1,0,1,0.13,0,0,0,0,1,0,8,4,1,5,2,3,7,42.9,4,6,0,6,1,9,6,0,7.7,352,5,35,108,210,33,350,20,12,60.0,8,40.0,187,1450,639,24,19,12,23,13,248,93,12500,650000
Adam Lallana,"MF,FW",Liverpool,30,13,5,468.0,5.2,0,0,0,0,0,0,1,0,0.3,0.3,0.5,0.7,0.00,0.00,0.00,0.00,0.05,0.09,0.05,0.14,0.0,0.0,0.0,0.0,0.0,0.0,0.0,0.0,0.0,0.0,0.0,0.0,0.0,0.0,0.0,0.0,0.0,0.0,0.0,0.0,0.0,0.0,0.0,0.0,5,1,20.0,0.96,0.19,0.00,0.00,17.2,251,312,80.4,2855,786,171,192,89.1,44,57,77.2,7,14,50.0,9,14,7,0,30,302,9,1,1,2,8,1,4,1,24,4.63,24,4.63,18,3,2,0,1,0,3,0.58,2,0,0,0,1,0,16,9,6,7,3,5,12,41.7,7,10,1,9,5,21,4,0,5.2,384,4,39,182,163,26,384,11,8,72.7,3,27.3,243,1061,519,18,9,5,10,10,282,39,110000,5720000
Adam Masina,DF,Watford,24,14,11,1004.0,11.2,0,1,1,0,0,0,5,0,0.1,0.1,0.8,0.9,0.00,0.09,0.09,0.00,0.01,0.07,0.01,0.08,0.0,0.0,0.0,0.0,0.0,0.0,0.0,0.0,0.0,0.0,0.0,0.0,0.0,0.0,0.0,0.0,0.0,0.0,0.0,0.0,0.0,0.0,0.0,0.0,3,0,0.0,0.27,0.00,0.00,,28.4,432,564,76.6,6549,2845,247,279,88.5,139,185,75.1,29,61,47.5,3,32,4,2,39,439,125,12,0,4,31,97,16,0,8,0.72,8,0.72,6,1,0,0,1,0,0,0.00,0,0,0,0,0,0,30,17,16,13,1,13,25,52.0,12,19,4,15,17,47,40,0,11.2,704,43,209,357,142,5,704,11,7,63.6,4,36.4,306,1107,527,10,13,0,12,2,323,13,28000,1456000
Adam Smith,"DF,MF",Bournemouth,27,25,25,2066.0,23.0,1,1,2,1,0,0,5,1,0.5,0.5,0.6,1.1,0.04,0.04,0.09,0.04,0.02,0.02,0.02,0.05,0.0,0.0,0.0,0.0,0.0,0.0,0.0,0.0,0.0,0.0,0.0,0.0,0.0,0.0,0.0,0.0,0.0,0.0,0.0,0.0,0.0,0.0,0.0,0.0,7,1,14.3,0.30,0.04,0.14,1.00,21.6,863,1074,80.4,12408,4620,552,627,88.0,263,327,80.4,32,72,44.4,11,70,15,3,98,867,205,21,0,0,22,178,6,2,44,1.92,44,1.92,30,5,2,0,7,0,4,0.17,3,1,0,0,0,0,46,32,26,14,6,19,41,46.3,22,26,7,19,31,77,68,1,23.0,1360,80,422,601,364,27,1360,48,20,41.7,28,58.3,760,5460,3105,87,69,8,25,10,736,80,35000,1820000
Adama Diakhaby,"FW,MF",Huddersfield,22,12,6,552.0,6.1,0,0,0,0,0,0,1,0,0.6,0.6,0.5,1.1,0.00,0.00,0.00,0.00,0.11,0.07,0.11,0.18,0.0,0.0,0.0,0.0,0.0,0.0,0.0,0.0,0.0,0.0,0.0,0.0,0.0,0.0,0.0,0.0,0.0,0.0,0.0,0.0,0.0,0.0,0.0,0.0,7,3,42.9,1.14,0.49,0.00,0.00,19.1,114,162,70.4,1546,227,72,93,77.4,36,46,78.3,2,8,25.0,5,3,3,1,5,156,5,0,1,0,14,0,1,1,15,2.45,15,2.45,9,0,2,2,1,1,1,0.16,0,0,0,1,0,0,6,3,4,1,1,3,11,27.3,8,7,0,7,1,7,2,0,6.1,231,2,28,95,115,18,231,21,12,57.1,9,42.9,171,1209,654,22,15,9,17,22,188,57,30000,1560000
Adama Traoré,"FW,MF",Wolves,22,29,8,902.0,10.0,1,1,2,1,0,0,1,0,1.3,1.3,2.2,3.5,0.10,0.10,0.20,0.10,0.13,0.22,0.13,0.35,0.0,0.0,0.0,0.0,0.0,0.0,0.0,0.0,0.0,0.0,0.0,0.0,0.0,0.0,0.0,0.0,0.0,0.0,0.0,0.0,0.0,0.0,0.0,0.0,19,7,36.8,1.90,0.70,0.05,0.14,19.3,228,326,69.9,3292,976,129,158,81.6,70,96,72.9,13,22,59.1,17,12,17,11,31,300,25,0,1,0,35,20,0,1,43,4.29,43,4.29,27,0,10,3,3,0,2,0.20,1,0,0,1,0,0,16,13,11,3,2,4,9,44.4,5,11,0,11,6,22,7,0,10.0,503,6,61,240,230,42,503,81,65,80.2,16,19.8,333,3683,2153,82,48,31,38,45,362,61,43000,2236000
Ademola Lookman,"FW,MF",Everton,20,21,3,618.0,6.9,0,2,2,0,0,0,0,0,1.4,1.4,1.4,2.8,0.00,0.29,0.29,0.00,0.20,0.21,0.20,0.41,0.0,0.0,0.0,0.0,0.0,0.0,0.0,0.0,0.0,0.0,0.0,0.0,0.0,0.0,0.0,0.0,0.0,0.0,0.0,0.0,0.0,0.0,0.0,0.0,12,3,25.0,1.75,0.44,0.00,0.00,18.6,224,274,81.8,2776,697,153,172,89.0,53,64,82.8,6,13,46.2,10,12,7,4,24,258,15,2,1,0,15,5,7,1,27,3.93,27,3.93,17,0,7,2,1,0,6,0.87,5,0,0,1,0,0,15,7,7,5,3,4,6,66.7,2,10,0,10,7,22,2,0,6.9,372,1,40,155,183,29,372,35,23,65.7,12,34.3,269,1739,850,34,19,11,18,25,280,52,23000,1196000
Adrian Mariappa,DF,Watford,31,26,20,1927.0,21.4,0,0,0,0,0,0,3,0,0.7,0.7,0.6,1.3,0.00,0.00,0.00,0.00,0.03,0.03,0.03,0.06,0.0,0.0,0.0,0.0,0.0,0.0,0.0,0.0,0.0,0.0,0.0,0.0,0.0,0.0,0.0,0.0,0.0,0.0,0.0,0.0,0.0,0.0,0.0,0.0,7,1,14.3,0.33,0.05,0.00,0.00,9.9,731,890,82.1,13580,5623,276,302,91.4,363,407,89.2,77,150,51.3,5,40,4,1,41,865,24,19,0,2,1,5,0,1,14,0.65,14,0.65,8,1,0,5,0,0,1,0.05,0,0,0,1,0,0,35,22,29,6,0,16,32,50.0,16,23,15,8,26,61,120,2,21.4,1122,135,599,500,26,12,1122,2,1,50.0,1,50.0,620,2098,1196,3,2,1,4,5,673,0,15000,780000
Adrien Silva,MF,Leicester City,29,2,1,88.0,1.0,0,0,0,0,0,0,0,0,0.0,0.0,0.0,0.0,0.00,0.00,0.00,0.00,0.00,0.00,0.00,0.00,0.0,0.0,0.0,0.0,0.0,0.0,0.0,0.0,0.0,0.0,0.0,0.0,0.0,0.0,0.0,0.0,0.0,0.0,0.0,0.0,0.0,0.0,0.0,0.0,0,0,,0.00,0.00,,,,69,80,86.3,1165,330,37,41,90.2,22,25,88.0,8,9,88.9,0,7,1,0,11,76,4,1,0,2,0,1,0,0,1,1.02,1,1.02,1,0,0,0,0,0,0,0.00,0,0,0,0,0,0,2,2,0,1,1,0,2,0.0,2,1,0,1,1,3,1,0,1.0,90,2,9,66,15,0,90,1,1,100.0,0,0.0,67,225,102,0,3,0,3,3,70,1,85000,4420000
Ainsley Maitland-Niles,DF,Arsenal,20,16,11,987.0,11.0,1,1,2,1,0,0,2,1,0.9,0.9,0.9,1.8,0.09,0.09,0.18,0.09,0.08,0.08,0.08,0.17,0.0,0.0,0.0,0.0,0.0,0.0,0.0,0.0,0.0,0.0,0.0,0.0,0.0,0.0,0.0,0.0,0.0,0.0,0.0,0.0,0.0,0.0,0.0,0.0,5,3,60.0,0.46,0.27,0.20,0.33,15.4,453,575,78.8,7039,2349,249,282,88.3,163,194,84.0,30,55,54.5,6,27,14,1,60,464,109,5,0,4,18,104,0,2,19,1.73,19,1.73,16,1,1,1,0,0,2,0.18,2,0,0,0,0,0,33,22,19,12,2,14,28,50.0,14,22,4,18,19,52,15,2,11.0,728,29,183,316,232,23,728,33,19,57.6,14,42.4,338,1948,1030,32,21,8,25,17,410,66,35000,1820000
Alberto Moreno,DF,Liverpool,26,2,2,154.0,1.7,0,0,0,0,0,0,0,0,0.0,0.0,0.1,0.2,0.00,0.00,0.00,0.00,0.02,0.09,0.02,0.10,0.0,0.0,0.0,0.0,0.0,0.0,0.0,0.0,0.0,0.0,0.0,0.0,0.0,0.0,0.0,0.0,0.0,0.0,0.0,0.0,0.0,0.0,0.0,0.0,1,0,0.0,0.58,0.00,0.00,,28.7,103,121,85.1,1724,494,44,47,93.6,54,60,90.0,4,10,40.0,3,6,4,1,12,108,13,0,0,0,3,13,0,0,7,4.09,7,4.09,6,0,1,0,0,0,1,0.58,1,0,0,0,0,0,3,2,1,2,0,1,3,33.3,2,1,0,1,2,5,0,0,1.7,137,2,31,69,37,2,137,4,2,50.0,2,50.0,86,372,204,3,3,0,3,0,92,10,65000,3380000
Aleksandar Mitrović,FW,Fulham,23,37,37,3280.0,36.4,11,3,14,10,1,1,7,0,14.1,13.3,3.2,16.5,0.30,0.08,0.38,0.27,0.39,0.09,0.36,0.45,0.0,0.0,0.0,0.0,0.0,0.0,0.0,0.0,0.0,0.0,0.0,0.0,0.0,0.0,0.0,0.0,0.0,0.0,0.0,0.0,0.0,0.0,0.0,0.0,130,46,35.4,3.57,1.26,0.08,0.22,15.4,745,1042,71.5,9297,1661,478,620,77.1,185,255,72.5,22,36,61.1,31,46,16,0,62,938,99,0,4,3,6,5,0,5,90,2.47,90,2.47,60,0,9,14,7,0,9,0.25,4,0,1,2,2,0,19,9,3,13,3,5,15,33.3,10,22,8,14,6,25,53,0,36.4,1512,63,114,818,588,153,1511,45,24,53.3,21,46.7,652,2784,994,28,30,17,112,97,1181,244,60000,3120000
Alex Iwobi,"FW,MF",Arsenal,22,35,22,1970.0,21.9,3,6,9,3,0,0,0,0,3.5,3.5,7.0,10.5,0.14,0.27,0.41,0.14,0.16,0.32,0.16,0.48,0.0,0.0,0.0,0.0,0.0,0.0,0.0,0.0,0.0,0.0,0.0,0.0,0.0,0.0,0.0,0.0,0.0,0.0,0.0,0.0,0.0,0.0,0.0,0.0,35,14,40.0,1.60,0.64,0.09,0.21,15.8,767,1028,74.6,11207,3123,442,515,85.8,259,332,78.0,37,81,45.7,40,53,65,8,141,1006,17,1,3,10,57,15,1,5,84,3.84,84,3.84,77,1,3,3,0,0,11,0.50,11,0,0,0,0,0,28,14,10,16,2,6,25,24.0,19,21,1,20,12,40,13,1,21.9,1297,16,136,523,651,111,1297,85,46,54.1,39,45.9,895,6277,3756,132,82,52,69,56,1065,234,50000,2600000
Alex McCarthy,GK,Southampton,28,25,25,2250.0,25.0,0,0,0,0,0,0,1,0,0.0,0.0,0.0,0.0,0.00,0.00,0.00,0.00,0.00,0.00,0.00,0.00,1.76,119,78,64.7,4,16.0,37.3,0.30,139,447,31.1,478,82,60.3,42.8,189,84.1,57.6,375,15,4.0,17,0.68,11.6,0,0,,0.00,0.00,,,,345,668,51.6,12415,10382,39,39,100.0,141,144,97.9,165,482,34.2,0,13,0,0,0,399,268,79,0,1,0,0,0,1,2,0.08,2,0.08,0,2,0,0,0,0,0,0.00,0,0,0,0,0,0,0,0,0,0,0,0,0,,0,0,0,0,0,0,6,2,25.0,723,586,719,4,0,0,723,1,1,100.0,0,0.0,309,2098,1489,0,0,0,1,0,207,0,50000,2600000
Alex Oxlade-Chamberlain,MF,Liverpool,24,2,0,21.0,0.2,0,0,0,0,0,0,0,0,0.5,0.5,0.1,0.6,0.00,0.00,0.00,0.00,2.33,0.30,2.33,2.62,0.0,0.0,0.0,0.0,0.0,0.0,0.0,0.0,0.0,0.0,0.0,0.0,0.0,0.0,0.0,0.0,0.0,0.0,0.0,0.0,0.0,0.0,0.0,0.0,1,1,100.0,4.29,4.29,0.00,0.00,10.0,10,13,76.9,162,67,6,7,85.7,4,4,100.0,0,1,0.0,1,3,0,0,4,13,0,0,0,0,0,0,0,0,3,12.86,3,12.86,2,0,1,0,0,0,0,0.00,0,0,0,0,0,0,1,1,0,1,0,1,1,100.0,0,0,0,0,1,2,0,0,0.2,18,0,1,12,5,1,18,1,1,100.0,0,0.0,15,69,34,0,1,0,1,0,15,1,120000,6240000
Alex Pritchard,"MF,FW",Huddersfield,25,30,26,2081.0,23.1,2,0,2,2,0,0,2,0,2.7,2.7,1.8,4.5,0.09,0.00,0.09,0.09,0.12,0.08,0.12,0.19,0.0,0.0,0.0,0.0,0.0,0.0,0.0,0.0,0.0,0.0,0.0,0.0,0.0,0.0,0.0,0.0,0.0,0.0,0.0,0.0,0.0,0.0,0.0,0.0,47,13,27.7,2.03,0.56,0.04,0.15,20.3,691,981,70.4,10133,2557,406,481,84.4,200,280,71.4,48,109,44.0,32,66,20,6,91,890,87,19,1,10,78,3,23,4,97,4.20,97,4.20,61,12,6,3,13,2,5,0.22,2,2,0,0,1,0,36,24,10,18,8,10,35,28.6,25,26,2,24,17,53,9,0,23.1,1261,8,101,571,604,71,1261,59,29,49.2,30,50.8,752,3778,1628,72,52,20,69,51,895,164,30000,1560000
Alexander Sørloth,FW,Crystal Palace,22,12,0,185.0,2.1,0,0,0,0,0,0,0,0,0.5,0.5,0.9,1.4,0.00,0.00,0.00,0.00,0.23,0.44,0.23,0.66,0.0,0.0,0.0,0.0,0.0,0.0,0.0,0.0,0.0,0.0,0.0,0.0,0.0,0.0,0.0,0.0,0.0,0.0,0.0,0.0,0.0,0.0,0.0,0.0,4,1,25.0,1.95,0.49,0.00,0.00,11.9,38,60,63.3,507,97,22,33,66.7,11,18,61.1,1,1,100.0,3,3,1,0,9,60,0,0,0,0,1,0,0,0,7,3.41,7,3.41,6,0,0,0,1,0,1,0.49,1,0,0,0,0,0,2,1,0,0,2,1,2,50.0,1,0,0,0,0,2,3,0,2.1,86,3,9,29,52,16,86,2,2,100.0,0,0.0,40,223,101,4,4,2,6,4,64,13,20000,1040000
Alexandre Lacazette,FW,Arsenal,27,35,27,2502.0,27.8,13,8,21,13,0,0,2,0,11.7,11.7,3.7,15.4,0.47,0.29,0.76,0.47,0.42,0.13,0.42,0.55,0.0,0.0,0.0,0.0,0.0,0.0,0.0,0.0,0.0,0.0,0.0,0.0,0.0,0.0,0.0,0.0,0.0,0.0,0.0,0.0,0.0,0.0,0.0,0.0,81,28,34.6,2.91,1.01,0.16,0.46,14.4,581,807,72.0,6935,1895,351,442,79.4,117,166,70.5,24,43,55.8,31,36,39,3,92,753,52,0,10,4,29,5,0,2,84,3.02,84,3.02,55,0,16,6,5,2,15,0.54,10,0,3,1,1,0,35,16,6,19,10,5,28,17.9,23,27,1,26,15,50,31,0,27.8,1149,32,92,433,639,178,1149,69,46,66.7,23,33.3,649,3180,1197,45,30,22,69,61,886,265,182077,9468000
Alexis Sánchez,"FW,MF",Manchester Utd,29,20,9,880.0,9.8,1,3,4,1,0,0,3,0,1.5,1.5,3.0,4.5,0.10,0.31,0.41,0.10,0.15,0.31,0.15,0.46,0.0,0.0,0.0,0.0,0.0,0.0,0.0,0.0,0.0,0.0,0.0,0.0,0.0,0.0,0.0,0.0,0.0,0.0,0.0,0.0,0.0,0.0,0.0,0.0,17,9,52.9,1.74,0.92,0.06,0.11,16.9,290,409,70.9,4391,1349,166,199,83.4,75,107,70.1,29,53,54.7,21,29,23,4,50,396,11,4,6,6,24,1,5,2,45,4.60,45,4.60,33,0,5,2,5,0,6,0.61,4,0,0,2,0,0,17,10,5,9,3,5,13,38.5,8,7,0,7,9,26,2,0,9.8,514,1,52,224,243,48,514,27,14,51.9,13,48.1,319,1834,931,37,23,10,21,25,404,89,350000,18200000
Alfie Mawson,DF,Fulham,24,15,13,1131.0,12.6,0,0,0,0,0,0,2,0,0.1,0.1,0.1,0.2,0.00,0.00,0.00,0.00,0.01,0.00,0.01,0.01,0.0,0.0,0.0,0.0,0.0,0.0,0.0,0.0,0.0,0.0,0.0,0.0,0.0,0.0,0.0,0.0,0.0,0.0,0.0,0.0,0.0,0.0,0.0,0.0,2,1,50.0,0.16,0.08,0.00,0.00,11.4,393,482,81.5,8130,2970,124,141,87.9,209,234,89.3,56,95,58.9,2,14,0,0,26,467,13,13,0,8,3,0,0,2,5,0.40,5,0.40,5,0,0,0,0,0,0,0.00,0,0,0,0,0,0,11,7,7,4,0,6,10,60.0,4,20,17,3,19,30,64,1,12.6,616,103,325,281,11,7,616,0,0,,0,,265,1262,682,1,2,0,7,0,329,0,32000,1664000
Alireza Jahanbakhsh,"FW,MF",Brighton,24,19,12,1020.0,11.3,0,0,0,0,0,0,2,0,0.8,0.8,0.2,1.0,0.00,0.00,0.00,0.00,0.07,0.02,0.07,0.09,0.0,0.0,0.0,0.0,0.0,0.0,0.0,0.0,0.0,0.0,0.0,0.0,0.0,0.0,0.0,0.0,0.0,0.0,0.0,0.0,0.0,0.0,0.0,0.0,21,6,28.6,1.85,0.53,0.00,0.00,23.4,201,308,65.3,3128,913,122,148,82.4,57,82,69.5,16,39,41.0,5,13,6,2,18,289,15,6,1,3,23,4,5,4,21,1.86,21,1.86,10,4,2,1,2,2,2,0.18,0,1,0,1,0,0,32,18,17,11,4,11,30,36.7,19,16,0,16,11,43,4,0,11.3,475,11,105,195,184,14,475,36,11,30.6,25,69.4,278,1550,741,14,17,1,27,21,284,56,50000,2600000
Alisson,GK,Liverpool,25,38,38,3420.0,38.0,0,0,0,0,0,0,1,0,0.0,0.0,0.0,0.0,0.00,0.00,0.00,0.00,0.00,0.00,0.00,0.00,0.58,96,74,77.1,21,55.3,27.2,0.29,129,311,41.5,1072,212,20.1,28.8,216,44.0,41.3,385,16,4.2,59,1.55,16.6,0,0,,0.00,0.00,,,,1075,1290,83.3,28332,18517,143,148,96.6,625,628,99.5,307,510,60.2,0,5,1,0,0,984,304,88,0,3,0,0,0,2,4,0.11,4,0.11,1,3,0,0,0,0,1,0.03,0,1,0,0,0,0,2,1,2,0,0,2,2,100.0,0,0,0,0,1,3,14,6,38.0,1347,1118,1338,10,0,0,1347,2,2,100.0,0,0.0,838,3680,2466,1,1,0,0,1,675,0,90000,4680000
Ander Herrera,MF,Manchester Utd,28,22,16,1403.0,15.6,2,3,5,2,0,0,4,0,1.3,1.3,1.6,2.9,0.13,0.19,0.32,0.13,0.08,0.10,0.08,0.19,0.0,0.0,0.0,0.0,0.0,0.0,0.0,0.0,0.0,0.0,0.0,0.0,0.0,0.0,0.0,0.0,0.0,0.0,0.0,0.0,0.0,0.0,0.0,0.0,21,8,38.1,1.35,0.51,0.10,0.25,20.1,862,990,87.1,12841,3843,467,496,94.2,297,332,89.5,48,74,64.9,15,70,10,1,93,971,16,12,3,2,6,1,2,3,39,2.50,39,2.50,33,1,1,1,2,1,6,0.39,6,0,0,0,0,0,54,28,24,22,8,21,61,34.4,40,38,6,32,37,91,25,1,15.6,1205,50,249,736,232,20,1205,17,12,70.6,5,29.4,594,2617,1301,21,18,3,13,9,829,30,115000,5980000
Andre Gray,FW,Watford,27,29,13,1366.0,15.2,7,2,9,7,0,0,2,0,5.0,5.0,1.9,7.0,0.46,0.13,0.59,0.46,0.33,0.13,0.33,0.46,0.0,0.0,0.0,0.0,0.0,0.0,0.0,0.0,0.0,0.0,0.0,0.0,0.0,0.0,0.0,0.0,0.0,0.0,0.0,0.0,0.0,0.0,0.0,0.0,35,16,45.7,2.31,1.05,0.20,0.44,14.8,160,248,64.5,1916,476,84,112,75.0,37,60,61.7,7,13,53.8,14,12,4,1,15,240,7,0,0,2,8,3,0,1,34,2.24,34,2.24,25,0,2,5,2,0,5,0.33,3,0,1,1,0,0,3,1,0,2,1,1,6,16.7,5,3,1,2,2,5,6,0,15.2,396,4,25,146,228,83,396,23,8,34.8,15,65.2,281,1132,411,21,5,13,55,20,311,96,70000,3640000
Andre-Frank Zambo Anguissa,MF,Fulham,22,22,16,1517.0,16.9,0,0,0,0,0,0,2,1,0.8,0.8,0.2,1.0,0.00,0.00,0.00,0.00,0.05,0.01,0.05,0.06,0.0,0.0,0.0,0.0,0.0,0.0,0.0,0.0,0.0,0.0,0.0,0.0,0.0,0.0,0.0,0.0,0.0,0.0,0.0,0.0,0.0,0.0,0.0,0.0,21,5,23.8,1.25,0.30,0.00,0.00,24.7,913,1048,87.1,13982,4366,493,526,93.7,345,400,86.3,49,65,75.4,7,100,6,1,112,1033,12,11,0,5,2,1,0,3,37,2.20,37,2.20,30,0,3,3,0,1,2,0.12,2,0,0,0,0,0,48,29,23,20,5,18,52,34.6,34,25,6,19,34,82,32,0,16.9,1281,58,270,876,151,8,1281,54,42,77.8,12,22.2,661,3765,1831,34,26,2,38,39,880,20,67000,3484000
Andreas Christensen,DF,Chelsea,22,8,6,617.0,6.9,0,0,0,0,0,0,1,0,0.0,0.0,0.0,0.0,0.00,0.00,0.00,0.00,0.00,0.00,0.00,0.00,0.0,0.0,0.0,0.0,0.0,0.0,0.0,0.0,0.0,0.0,0.0,0.0,0.0,0.0,0.0,0.0,0.0,0.0,0.0,0.0,0.0,0.0,0.0,0.0,0,0,,0.00,0.00,,,,426,459,92.8,7419,2566,165,172,95.9,231,248,93.1,20,24,83.3,0,20,0,0,35,445,14,13,0,3,0,1,0,0,3,0.44,3,0.44,3,0,0,0,0,0,0,0.00,0,0,0,0,0,0,10,4,2,6,2,2,5,40.0,3,4,2,2,4,14,29,0,6.9,517,35,230,280,9,3,517,1,1,100.0,0,0.0,304,1759,1091,3,4,0,3,0,352,1,80000,4160000
Andreas Pereira,MF,Manchester Utd,22,15,6,599.0,6.7,1,1,2,1,0,0,5,0,0.3,0.3,0.9,1.1,0.15,0.15,0.30,0.15,0.04,0.13,0.04,0.17,0.0,0.0,0.0,0.0,0.0,0.0,0.0,0.0,0.0,0.0,0.0,0.0,0.0,0.0,0.0,0.0,0.0,0.0,0.0,0.0,0.0,0.0,0.0,0.0,8,2,25.0,1.20,0.30,0.13,0.50,26.6,297,368,80.7,4795,1505,145,168,86.3,114,130,87.7,20,39,51.3,9,21,8,2,33,353,15,5,1,4,12,3,6,0,24,3.61,24,3.61,21,0,1,1,1,0,1,0.15,1,0,0,0,0,0,8,6,5,2,1,4,15,26.7,11,9,2,7,11,19,8,1,6.7,431,10,90,246,97,2,431,14,7,50.0,7,50.0,240,1163,617,10,8,1,9,13,301,19,30000,1560000
Andrew Robertson,DF,Liverpool,24,36,36,3216.0,35.7,0,11,11,0,0,0,4,0,0.7,0.7,7.2,7.9,0.00,0.31,0.31,0.00,0.02,0.20,0.02,0.22,0.0,0.0,0.0,0.0,0.0,0.0,0.0,0.0,0.0,0.0,0.0,0.0,0.0,0.0,0.0,0.0,0.0,0.0,0.0,0.0,0.0,0.0,0.0,0.0,16,5,31.3,0.45,0.14,0.00,0.00,18.5,2285,2840,80.5,35590,12053,1265,1381,91.6,844,1053,80.2,121,266,45.5,50,155,68,15,244,2488,347,40,2,19,135,303,4,5,94,2.63,94,2.63,87,1,3,1,2,0,18,0.50,17,0,1,0,0,0,80,49,41,31,8,39,70,55.7,31,33,6,27,29,109,57,3,35.7,3126,64,649,1560,945,87,3126,48,28,58.3,20,41.7,1928,9048,5551,124,117,12,31,23,2163,263,50000,2600000
Andrew Surman,MF,Bournemouth,31,18,16,1439.0,16.0,0,0,0,0,0,0,2,0,0.3,0.3,0.4,0.7,0.00,0.00,0.00,0.00,0.02,0.02,0.02,0.04,0.0,0.0,0.0,0.0,0.0,0.0,0.0,0.0,0.0,0.0,0.0,0.0,0.0,0.0,0.0,0.0,0.0,0.0,0.0,0.0,0.0,0.0,0.0,0.0,9,1,11.1,0.56,0.06,0.00,0.00,24.9,731,842,86.8,12239,3658,359,393,91.3,289,319,90.6,66,95,69.5,10,63,14,1,89,811,29,26,2,9,1,1,1,2,23,1.44,23,1.44,21,0,0,1,0,1,0,0.00,0,0,0,0,0,0,11,6,6,5,0,3,13,23.1,10,20,7,13,10,21,34,1,16.0,974,55,261,578,141,8,974,6,3,50.0,3,50.0,542,1989,802,3,11,0,14,4,649,10,35000,1820000
Andriy Yarmolenko,"MF,FW",West Ham,28,9,5,459.0,5.1,2,0,2,2,0,0,2,0,1.1,1.1,0.8,1.8,0.39,0.00,0.39,0.39,0.21,0.15,0.21,0.36,0.0,0.0,0.0,0.0,0.0,0.0,0.0,0.0,0.0,0.0,0.0,0.0,0.0,0.0,0.0,0.0,0.0,0.0,0.0,0.0,0.0,0.0,0.0,0.0,9,3,33.3,1.76,0.59,0.22,0.67,17.1,167,214,78.0,2398,562,89,104,85.6,52,66,78.8,12,20,60.0,5,8,9,0,22,211,2,2,2,3,10,0,0,1,12,2.35,12,2.35,11,0,0,1,0,0,0,0.00,0,0,0,0,0,0,4,1,2,1,1,4,6,66.7,2,4,1,3,2,6,4,2,5.1,262,2,31,100,133,19,262,3,2,66.7,1,33.3,182,1140,546,18,18,3,12,11,218,28,115000,5980000
Andros Townsend,"FW,MF",Crystal Palace,27,38,34,3009.0,33.4,6,4,10,6,0,0,1,0,4.6,4.6,3.6,8.3,0.18,0.12,0.30,0.18,0.14,0.11,0.14,0.25,0.0,0.0,0.0,0.0,0.0,0.0,0.0,0.0,0.0,0.0,0.0,0.0,0.0,0.0,0.0,0.0,0.0,0.0,0.0,0.0,0.0,0.0,0.0,0.0,63,19,30.2,1.88,0.57,0.10,0.32,22.1,861,1209,71.2,13269,3530,464,527,88.0,300,391,76.7,63,163,38.7,61,69,41,25,106,1113,89,10,1,4,161,14,38,7,145,4.34,145,4.34,107,8,14,5,9,2,11,0.33,9,0,0,1,1,0,62,35,38,16,8,35,89,39.3,54,48,5,43,38,100,28,0,33.4,1653,36,255,646,801,88,1653,100,58,58.0,42,42.0,1034,8263,3632,144,90,32,78,75,1106,280,55000,2860000
André Gomes,MF,Everton,25,27,24,1980.0,22.0,1,1,2,1,0,0,7,0,1.6,1.6,0.6,2.2,0.05,0.05,0.09,0.05,0.07,0.03,0.07,0.10,0.0,0.0,0.0,0.0,0.0,0.0,0.0,0.0,0.0,0.0,0.0,0.0,0.0,0.0,0.0,0.0,0.0,0.0,0.0,0.0,0.0,0.0,0.0,0.0,21,5,23.8,0.95,0.23,0.05,0.20,21.3,1026,1224,83.8,18846,4548,446,508,87.8,407,468,87.0,136,184,73.9,6,106,19,1,145,1181,41,16,1,28,16,6,0,2,46,2.09,46,2.09,34,0,7,3,2,0,2,0.09,1,0,1,0,0,0,39,23,12,24,3,13,59,22.0,46,27,4,23,20,59,18,0,22.0,1438,43,278,920,265,23,1438,55,40,72.7,15,27.3,901,5051,2227,49,36,3,34,50,1012,22,112212,5835000
André Schürrle,"FW,MF",Fulham,27,24,21,1641.0,18.2,6,0,6,6,0,0,2,0,3.6,3.6,1.9,5.6,0.33,0.00,0.33,0.33,0.20,0.11,0.20,0.31,0.0,0.0,0.0,0.0,0.0,0.0,0.0,0.0,0.0,0.0,0.0,0.0,0.0,0.0,0.0,0.0,0.0,0.0,0.0,0.0,0.0,0.0,0.0,0.0,55,17,30.9,3.02,0.93,0.11,0.35,22.4,424,576,73.6,6291,1502,259,301,86.0,123,166,74.1,32,53,60.4,19,28,20,5,57,554,18,4,2,6,41,8,2,4,44,2.42,44,2.42,36,0,2,4,2,0,2,0.11,1,0,0,1,0,0,30,19,14,10,6,12,42,28.6,30,16,1,15,8,38,17,1,18.2,819,18,119,363,347,43,819,44,19,43.2,25,56.8,442,2865,1127,46,28,7,51,34,573,136,103577,5386000
Andy Carroll,FW,West Ham,29,12,3,461.0,5.1,0,0,0,0,0,0,2,0,2.2,2.2,0.4,2.6,0.00,0.00,0.00,0.00,0.43,0.07,0.43,0.50,0.0,0.0,0.0,0.0,0.0,0.0,0.0,0.0,0.0,0.0,0.0,0.0,0.0,0.0,0.0,0.0,0.0,0.0,0.0,0.0,0.0,0.0,0.0,0.0,14,6,42.9,2.73,1.17,0.00,0.00,12.6,83,137,60.6,1229,234,44,66,66.7,22,37,59.5,10,15,66.7,4,9,0,0,9,130,7,0,0,0,1,0,0,0,12,2.34,12,2.34,8,0,1,2,1,0,0,0.00,0,0,0,0,0,0,4,2,1,3,0,1,4,25.0,3,3,2,1,1,5,8,0,5.1,201,11,17,122,64,23,201,6,3,50.0,3,50.0,87,303,95,1,2,0,16,8,154,15,90000,4680000
Angel Gomes,"MF,FW",Manchester Utd,17,2,0,27.0,0.3,0,0,0,0,0,0,0,0,0.1,0.1,0.0,0.1,0.00,0.00,0.00,0.00,0.28,0.00,0.28,0.28,0.0,0.0,0.0,0.0,0.0,0.0,0.0,0.0,0.0,0.0,0.0,0.0,0.0,0.0,0.0,0.0,0.0,0.0,0.0,0.0,0.0,0.0,0.0,0.0,2,1,50.0,6.67,3.33,0.00,0.00,19.6,20,22,90.9,328,72,8,8,100.0,7,8,87.5,3,3,100.0,0,5,0,0,2,22,0,0,0,0,1,0,0,0,0,0.00,0,0.00,0,0,0,0,0,0,0,0.00,0,0,0,0,0,0,1,0,0,0,1,0,0,,0,0,0,0,0,1,0,0,0.3,26,0,3,11,12,1,26,0,0,,0,,18,92,61,2,2,1,0,1,21,3,10000,520000
Angelo Ogbonna,DF,West Ham,30,24,20,1874.0,20.8,1,1,2,1,0,0,2,0,1.8,1.8,0.9,2.8,0.05,0.05,0.10,0.05,0.09,0.04,0.09,0.13,0.0,0.0,0.0,0.0,0.0,0.0,0.0,0.0,0.0,0.0,0.0,0.0,0.0,0.0,0.0,0.0,0.0,0.0,0.0,0.0,0.0,0.0,0.0,0.0,14,5,35.7,0.67,0.24,0.07,0.20,8.9,665,798,83.3,12620,4488,224,257,87.2,356,405,87.9,67,108,62.0,4,30,1,0,43,775,21,20,1,6,0,1,0,2,16,0.77,16,0.77,9,0,0,4,1,2,2,0.10,0,0,0,2,0,0,31,13,23,6,2,14,23,60.9,9,29,19,10,35,66,101,0,20.8,1030,129,483,523,32,22,1030,1,1,100.0,0,0.0,493,3067,1610,6,5,1,4,4,564,1,70000,3640000
Angus Gunn,GK,Southampton,22,12,12,1080.0,12.0,0,0,0,0,0,0,0,0,0.0,0.0,0.0,0.0,0.00,0.00,0.00,0.00,0.00,0.00,0.00,0.00,1.50,50,31,64.0,3,25.0,14.9,0.28,69,249,27.7,215,17,77.2,48.4,91,91.2,60.8,166,5,3.0,12,1.00,14.3,0,0,,0.00,0.00,,,,119,310,38.4,4991,4470,11,11,100.0,31,31,100.0,77,264,29.2,0,6,0,0,0,167,139,48,0,0,0,0,0,4,3,0.25,3,0.25,2,1,0,0,0,0,0,0.00,0,0,0,0,0,0,0,0,0,0,0,0,0,,0,0,0,0,0,0,8,3,12.0,338,261,333,5,0,0,338,1,0,0.0,1,100.0,139,1050,767,0,1,0,0,0,93,0,40000,2080000
Anthony Knockaert,"MF,FW",Brighton,26,30,18,1837.0,20.4,2,6,8,2,0,0,4,1,2.1,2.1,3.6,5.7,0.10,0.29,0.39,0.10,0.10,0.18,0.10,0.28,0.0,0.0,0.0,0.0,0.0,0.0,0.0,0.0,0.0,0.0,0.0,0.0,0.0,0.0,0.0,0.0,0.0,0.0,0.0,0.0,0.0,0.0,0.0,0.0,27,9,33.3,1.32,0.44,0.07,0.22,18.4,519,736,70.5,8704,2670,307,359,85.5,119,175,68.0,76,144,52.8,35,26,19,7,58,635,96,42,1,16,107,8,46,5,67,3.28,67,3.28,28,27,1,5,2,4,9,0.44,3,4,0,1,0,1,33,21,12,15,6,13,30,43.3,17,13,0,13,29,62,11,0,20.4,960,16,173,404,410,50,960,64,31,48.4,33,51.6,568,3891,1758,56,31,19,52,31,595,119,35000,1820000
Anthony Martial,FW,Manchester Utd,22,27,18,1621.0,18.0,10,2,12,9,1,1,2,0,6.2,5.4,2.9,8.2,0.56,0.11,0.67,0.50,0.34,0.16,0.30,0.46,0.0,0.0,0.0,0.0,0.0,0.0,0.0,0.0,0.0,0.0,0.0,0.0,0.0,0.0,0.0,0.0,0.0,0.0,0.0,0.0,0.0,0.0,0.0,0.0,38,22,57.9,2.11,1.22,0.24,0.41,16.1,573,752,76.2,6720,1803,393,464,84.7,125,165,75.8,8,24,33.3,36,34,28,2,66,735,15,3,7,2,34,9,1,2,69,3.83,69,3.83,55,0,6,1,7,0,12,0.67,6,0,3,1,2,0,9,7,2,5,2,1,11,9.1,10,12,0,12,3,12,8,0,18.0,955,9,67,370,530,123,954,65,32,49.2,33,50.8,619,4572,2898,109,66,53,47,33,800,205,110000,5720000
Antonio Barreca,DF,Newcastle Utd,23,1,0,5.0,0.1,0,0,0,0,0,0,0,0,0.0,0.0,0.0,0.0,0.00,0.00,0.00,0.00,0.00,0.00,0.00,0.00,0.0,0.0,0.0,0.0,0.0,0.0,0.0,0.0,0.0,0.0,0.0,0.0,0.0,0.0,0.0,0.0,0.0,0.0,0.0,0.0,0.0,0.0,0.0,0.0,0,0,,0.00,0.00,,,,1,3,33.3,18,16,0,0,,1,1,100.0,0,1,0.0,0,0,0,0,0,3,0,0,0,0,1,0,0,0,0,0.00,0,0.00,0,0,0,0,0,0,0,0.00,0,0,0,0,0,0,0,0,0,0,0,0,0,,0,0,0,0,0,0,0,0,0.1,3,0,0,2,1,0,3,0,0,,0,,3,19,17,0,0,0,0,0,3,1,41288,2147000
Antonio Rüdiger,DF,Chelsea,25,33,33,2871.0,31.9,1,0,1,1,0,0,7,0,2.5,2.5,0.6,3.1,0.03,0.00,0.03,0.03,0.08,0.02,0.08,0.10,0.0,0.0,0.0,0.0,0.0,0.0,0.0,0.0,0.0,0.0,0.0,0.0,0.0,0.0,0.0,0.0,0.0,0.0,0.0,0.0,0.0,0.0,0.0,0.0,27,6,22.2,0.85,0.19,0.04,0.17,18.5,2332,2557,91.2,42684,15388,883,931,94.8,1166,1243,93.8,224,300,74.7,7,137,9,0,174,2491,58,47,8,28,1,11,0,8,32,1.00,32,1.00,26,0,0,5,0,1,3,0.09,1,0,0,2,0,0,34,16,27,6,1,15,27,55.6,12,15,8,7,32,66,96,1,31.9,2815,191,1126,1619,77,25,2815,5,4,80.0,1,20.0,1805,9856,6608,21,25,0,8,9,2112,1,100000,5200000
Antonio Valencia,DF,Manchester Utd,32,6,5,466.0,5.2,0,0,0,0,0,0,2,0,0.1,0.1,0.5,0.5,0.00,0.00,0.00,0.00,0.01,0.09,0.01,0.10,0.0,0.0,0.0,0.0,0.0,0.0,0.0,0.0,0.0,0.0,0.0,0.0,0.0,0.0,0.0,0.0,0.0,0.0,0.0,0.0,0.0,0.0,0.0,0.0,2,0,0.0,0.39,0.00,0.00,,25.4,277,328,84.5,4123,1469,157,167,94.0,91,105,86.7,19,36,52.8,7,20,7,4,25,279,49,1,0,4,9,48,0,0,14,2.70,14,2.70,13,1,0,0,0,0,0,0.00,0,0,0,0,0,0,8,6,2,4,2,3,4,75.0,1,9,0,9,5,13,10,0,5.2,364,9,74,199,91,2,364,6,3,50.0,3,50.0,181,986,608,18,12,2,0,1,238,21,85000,4420000
Aron Gunnarsson,MF,Cardiff City,29,28,27,2266.0,25.2,1,1,2,1,0,0,5,0,2.0,2.0,1.6,3.6,0.04,0.04,0.08,0.04,0.08,0.06,0.08,0.14,0.0,0.0,0.0,0.0,0.0,0.0,0.0,0.0,0.0,0.0,0.0,0.0,0.0,0.0,0.0,0.0,0.0,0.0,0.0,0.0,0.0,0.0,0.0,0.0,20,4,20.0,0.79,0.16,0.05,0.25,22.2,600,921,65.1,11209,4352,228,293,77.8,274,383,71.5,77,194,39.7,16,67,10,2,85,750,168,6,4,5,12,157,0,3,44,1.75,44,1.75,28,9,0,1,5,1,2,0.08,2,0,0,0,0,0,51,29,23,25,3,23,84,27.4,61,40,12,28,38,89,55,1,25.2,1192,70,293,611,297,22,1192,13,11,84.6,2,15.4,347,1512,672,10,16,2,26,7,412,12,24000,1248000
Arthur Masuaku,DF,West Ham,24,23,19,1759.0,19.5,0,1,1,0,0,0,2,0,0.1,0.1,0.8,0.9,0.00,0.05,0.05,0.00,0.01,0.04,0.01,0.05,0.0,0.0,0.0,0.0,0.0,0.0,0.0,0.0,0.0,0.0,0.0,0.0,0.0,0.0,0.0,0.0,0.0,0.0,0.0,0.0,0.0,0.0,0.0,0.0,4,1,25.0,0.20,0.05,0.00,0.00,26.7,880,1101,79.9,13634,5290,504,546,92.3,272,353,77.1,68,128,53.1,14,70,10,4,96,896,201,20,1,18,37,180,1,4,35,1.79,35,1.79,31,1,1,0,0,2,1,0.05,1,0,0,0,0,0,57,25,38,13,6,31,56,55.4,25,27,6,21,36,93,72,0,19.5,1350,93,452,671,249,17,1350,50,36,72.0,14,28.0,670,4724,2739,69,47,12,23,27,727,53,40000,2080000
Artur Boruc,GK,Bournemouth,38,12,12,1080.0,12.0,0,0,0,0,0,0,2,0,0.0,0.0,0.0,0.0,0.00,0.00,0.00,0.00,0.00,0.00,0.00,0.00,1.50,56,38,73.2,4,33.3,15.9,0.24,57,167,34.1,236,62,39.8,36.6,112,65.2,48.2,213,4,1.9,9,0.75,14.3,0,0,,0.00,0.00,,,,225,350,64.3,6974,5566,25,25,100.0,118,119,99.2,82,204,40.2,0,5,0,0,0,190,158,46,0,0,0,0,0,2,4,0.33,4,0.33,2,2,0,0,0,0,0,0.00,0,0,0,0,0,0,1,0,1,0,0,1,3,33.3,2,0,0,0,0,1,1,0,12.0,378,330,376,3,0,0,378,0,0,,0,,164,1028,692,0,0,0,0,0,100,0,40000,2080000
Ashley Barnes,FW,Burnley,28,37,26,2388.0,26.5,12,2,14,10,2,2,8,0,13.8,12.2,3.3,15.5,0.45,0.08,0.53,0.38,0.52,0.12,0.46,0.58,0.0,0.0,0.0,0.0,0.0,0.0,0.0,0.0,0.0,0.0,0.0,0.0,0.0,0.0,0.0,0.0,0.0,0.0,0.0,0.0,0.0,0.0,0.0,0.0,63,28,44.4,2.37,1.06,0.16,0.36,14.7,308,534,57.7,3993,942,197,284,69.4,73,135,54.1,17,43,39.5,22,23,12,1,41,513,12,1,5,1,6,1,1,9,51,1.92,51,1.92,30,0,0,9,11,1,6,0.23,2,0,0,3,1,0,28,17,4,17,7,6,29,20.7,23,29,8,21,2,30,25,0,26.5,874,34,86,394,401,106,872,13,7,53.8,6,46.2,432,1603,602,23,15,13,84,39,638,142,40000,2080000
Ashley Westwood,MF,Burnley,28,34,31,2824.0,31.4,2,7,9,2,0,0,5,0,1.9,1.9,4.8,6.7,0.06,0.22,0.29,0.06,0.06,0.15,0.06,0.21,0.0,0.0,0.0,0.0,0.0,0.0,0.0,0.0,0.0,0.0,0.0,0.0,0.0,0.0,0.0,0.0,0.0,0.0,0.0,0.0,0.0,0.0,0.0,0.0,22,7,31.8,0.70,0.22,0.09,0.29,22.2,1118,1525,73.3,20683,6536,441,517,85.3,474,586,80.9,157,314,50.0,42,127,41,11,175,1375,134,39,5,17,87,4,42,16,83,2.65,83,2.65,58,17,1,3,4,0,12,0.38,10,1,0,1,0,0,58,30,24,27,7,14,39,35.9,25,38,9,29,47,105,42,2,31.4,1798,74,302,1074,435,22,1797,14,8,57.1,6,42.9,718,2809,1246,16,18,5,29,17,1006,40,31000,1612000
Ashley Young,DF,Manchester Utd,33,30,28,2569.0,28.5,2,2,4,2,0,0,10,2,0.5,0.5,3.1,3.6,0.07,0.07,0.14,0.07,0.02,0.11,0.02,0.13,0.0,0.0,0.0,0.0,0.0,0.0,0.0,0.0,0.0,0.0,0.0,0.0,0.0,0.0,0.0,0.0,0.0,0.0,0.0,0.0,0.0,0.0,0.0,0.0,12,3,25.0,0.42,0.11,0.17,0.67,21.5,1369,1896,72.2,23813,9688,664,737,90.1,492,662,74.3,170,361,47.1,39,95,31,12,155,1388,494,83,2,18,197,309,102,14,77,2.70,77,2.70,42,31,1,2,1,0,9,0.32,5,2,1,1,0,0,52,32,34,16,2,20,39,51.3,19,36,10,26,55,107,74,0,28.5,2183,100,545,1058,599,20,2183,34,17,50.0,17,50.0,989,5215,3085,71,35,10,25,19,1168,124,120000,6240000
Asmir Begović,GK,Bournemouth,31,24,24,2160.0,24.0,0,0,0,0,0,0,0,0,0.0,0.0,0.0,0.0,0.00,0.00,0.00,0.00,0.00,0.00,0.00,0.00,1.96,104,59,56.7,5,20.8,34.5,0.32,129,328,39.3,466,128,42.5,35.9,192,67.7,49.9,365,24,6.6,16,0.67,11.3,0,0,,0.00,0.00,,,,450,659,68.3,14087,10902,59,59,100.0,227,229,99.1,164,370,44.3,0,4,0,0,0,396,262,70,0,0,0,0,0,1,1,0.04,1,0.04,0,1,0,0,0,0,0,0.00,0,0,0,0,0,0,0,0,0,0,0,0,3,0.0,3,1,0,1,1,1,15,7,24.0,718,655,717,1,0,0,718,0,0,,0,,349,1804,1181,0,0,0,2,0,210,0,70000,3640000
Aymeric Laporte,DF,Manchester City,24,35,34,3057.0,34.0,3,3,6,3,0,0,3,0,3.0,3.0,0.8,3.8,0.09,0.09,0.18,0.09,0.09,0.02,0.09,0.11,0.0,0.0,0.0,0.0,0.0,0.0,0.0,0.0,0.0,0.0,0.0,0.0,0.0,0.0,0.0,0.0,0.0,0.0,0.0,0.0,0.0,0.0,0.0,0.0,26,7,26.9,0.77,0.21,0.12,0.43,16.0,2804,3053,91.8,51483,16750,1100,1160,94.8,1353,1422,95.1,291,384,75.8,13,265,7,0,294,2974,69,30,0,53,6,39,0,10,40,1.18,40,1.18,37,0,1,2,0,0,6,0.18,6,0,0,0,0,0,42,20,27,14,1,22,34,64.7,12,16,9,7,39,81,98,2,34.0,3319,177,985,2151,191,31,3319,6,3,50.0,3,50.0,2510,14137,10671,94,81,1,11,2,2617,9,120000,6240000
Ayoze Pérez,"MF,FW",Newcastle Utd,25,37,34,2917.0,32.4,12,2,14,12,0,0,2,0,7.5,7.5,3.6,11.1,0.37,0.06,0.43,0.37,0.23,0.11,0.23,0.34,0.0,0.0,0.0,0.0,0.0,0.0,0.0,0.0,0.0,0.0,0.0,0.0,0.0,0.0,0.0,0.0,0.0,0.0,0.0,0.0,0.0,0.0,0.0,0.0,55,27,49.1,1.70,0.83,0.22,0.44,13.9,594,805,73.8,7784,2081,323,392,82.4,149,198,75.3,37,63,58.7,45,46,25,3,82,779,22,0,6,5,22,0,0,4,91,2.81,91,2.81,70,0,6,7,5,3,6,0.19,5,0,1,0,0,0,59,22,24,28,7,17,63,27.0,46,55,4,51,42,101,33,1,32.4,1266,37,200,587,504,124,1266,81,46,56.8,35,43.2,657,3801,1881,72,50,22,101,76,803,159,45000,2340000
Bakary Sako,FW,Crystal Palace,30,4,0,29.0,0.3,0,0,0,0,0,0,0,0,0.0,0.0,0.0,0.0,0.00,0.00,0.00,0.00,0.00,0.00,0.00,0.00,0.0,0.0,0.0,0.0,0.0,0.0,0.0,0.0,0.0,0.0,0.0,0.0,0.0,0.0,0.0,0.0,0.0,0.0,0.0,0.0,0.0,0.0,0.0,0.0,0,0,,0.00,0.00,,,,8,13,61.5,136,3,5,5,100.0,1,3,33.3,1,2,50.0,0,0,0,0,0,12,1,0,0,1,3,0,0,0,0,0.00,0,0.00,0,0,0,0,0,0,0,0.00,0,0,0,0,0,0,2,1,2,0,0,1,1,100.0,0,0,0,0,0,2,0,0,0.3,19,2,5,9,7,0,19,1,0,0.0,1,100.0,12,169,60,2,2,0,2,2,11,2,21000,1092000
Ben Chilwell,DF,Leicester City,21,36,36,3240.0,36.0,0,4,4,0,0,0,4,0,1.1,1.1,2.9,4.1,0.00,0.11,0.11,0.00,0.03,0.08,0.03,0.11,0.0,0.0,0.0,0.0,0.0,0.0,0.0,0.0,0.0,0.0,0.0,0.0,0.0,0.0,0.0,0.0,0.0,0.0,0.0,0.0,0.0,0.0,0.0,0.0,22,10,45.5,0.61,0.28,0.00,0.00,21.4,1544,2217,69.6,22887,7782,886,1029,86.1,533,796,67.0,71,238,29.8,45,111,34,11,146,1770,434,42,3,11,132,388,4,13,91,2.53,91,2.53,63,12,9,2,2,3,8,0.22,7,0,0,1,0,0,55,29,34,18,3,24,55,43.6,31,37,7,30,38,93,156,0,36.0,2708,127,663,1200,872,53,2708,85,49,57.6,36,42.4,1475,9904,5468,146,113,26,71,46,1607,215,65000,3380000
Ben Davies,DF,Tottenham,25,27,20,1844.0,20.5,0,0,0,0,0,0,2,0,0.5,0.5,2.1,2.6,0.00,0.00,0.00,0.00,0.03,0.10,0.03,0.13,0.0,0.0,0.0,0.0,0.0,0.0,0.0,0.0,0.0,0.0,0.0,0.0,0.0,0.0,0.0,0.0,0.0,0.0,0.0,0.0,0.0,0.0,0.0,0.0,14,1,7.1,0.68,0.05,0.00,0.00,20.9,1065,1320,80.7,16101,6057,602,674,89.3,375,454,82.6,60,122,49.2,15,70,19,8,101,1110,210,11,0,3,43,192,7,0,37,1.81,37,1.81,26,4,0,3,1,3,3,0.15,2,0,0,0,0,1,56,30,39,13,4,38,54,70.4,16,23,10,13,23,79,68,1,20.5,1564,78,422,785,363,29,1564,16,4,25.0,12,75.0,864,3809,2242,44,45,2,19,10,943,117,60000,3120000
Ben Foster,GK,Watford,35,38,38,3420.0,38.0,0,0,0,0,0,0,1,0,0.0,0.0,0.2,0.3,0.00,0.00,0.00,0.00,0.00,0.01,0.00,0.01,1.55,180,123,69.4,7,18.4,55.5,0.30,340,941,36.1,942,98,69.9,45.9,308,91.9,63.2,575,31,5.4,72,1.89,16.9,1,0,0.0,0.03,0.00,0.00,,28.3,612,1267,48.3,25467,23303,66,67,98.5,149,159,93.7,397,1020,38.9,5,40,0,0,0,749,501,193,0,1,1,0,0,17,9,0.24,9,0.24,5,4,0,0,0,0,1,0.03,0,1,0,0,0,0,2,2,2,0,0,2,6,33.3,4,0,0,0,2,4,34,3,38.0,1391,1076,1362,30,1,0,1391,0,0,,0,,603,4371,3249,0,0,0,1,0,423,0,30000,1560000
Ben Gibson,DF,Burnley,25,1,1,62.0,0.7,1,0,1,1,0,0,1,0,0.7,0.7,0.0,0.7,1.45,0.00,1.45,1.45,1.06,0.00,1.06,1.06,0.0,0.0,0.0,0.0,0.0,0.0,0.0,0.0,0.0,0.0,0.0,0.0,0.0,0.0,0.0,0.0,0.0,0.0,0.0,0.0,0.0,0.0,0.0,0.0,1,1,100.0,1.45,1.45,1.00,1.00,2.3,23,34,67.6,387,145,11,12,91.7,11,12,91.7,1,8,12.5,0,2,0,0,2,33,1,0,0,0,0,1,0,0,0,0.00,0,0.00,0,0,0,0,0,0,0,0.00,0,0,0,0,0,0,1,1,1,0,0,0,0,,0,1,1,0,0,1,2,0,0.7,38,3,13,23,2,1,38,0,0,,0,,20,82,51,0,0,0,0,0,23,0,40000,2080000
Ben Hamer,GK,Huddersfield,30,7,7,552.0,6.1,0,0,0,0,0,0,0,0,0.0,0.0,0.0,0.0,0.00,0.00,0.00,0.00,0.00,0.00,0.00,0.00,3.42,42,22,57.1,0,0.0,18.5,0.37,57,155,36.8,151,12,73.5,48.9,52,84.6,56.3,69,5,7.2,4,0.65,12.8,0,0,,0.00,0.00,,,,97,204,47.5,4098,3600,7,7,100.0,25,25,100.0,65,171,38.0,0,4,0,0,0,139,64,12,0,1,0,0,0,1,1,0.16,1,0.16,1,0,0,0,0,0,0,0.00,0,0,0,0,0,0,0,0,0,0,0,0,3,0.0,3,0,0,0,1,1,3,2,6.1,224,202,224,0,0,0,224,0,0,,0,,106,669,435,0,0,0,1,0,84,0,12000,624000
Ben Johnson,DF,West Ham,18,1,1,62.0,0.7,0,0,0,0,0,0,0,0,0.0,0.0,0.0,0.0,0.00,0.00,0.00,0.00,0.00,0.00,0.00,0.00,0.0,0.0,0.0,0.0,0.0,0.0,0.0,0.0,0.0,0.0,0.0,0.0,0.0,0.0,0.0,0.0,0.0,0.0,0.0,0.0,0.0,0.0,0.0,0.0,0,0,,0.00,0.00,,,,19,22,86.4,221,114,13,13,100.0,6,8,75.0,0,0,,0,1,0,0,0,14,8,0,0,0,0,8,0,0,0,0.00,0,0.00,0,0,0,0,0,0,0,0.00,0,0,0,0,0,0,1,0,1,0,0,0,1,0.0,1,0,0,0,1,2,5,0,0.7,33,3,18,11,4,0,33,2,0,0.0,2,100.0,10,63,4,0,1,0,1,0,13,1,346,18000
Ben Mee,DF,Burnley,28,38,38,3420.0,38.0,0,2,2,0,0,0,9,0,1.6,1.6,1.1,2.7,0.00,0.05,0.05,0.00,0.04,0.03,0.04,0.07,0.0,0.0,0.0,0.0,0.0,0.0,0.0,0.0,0.0,0.0,0.0,0.0,0.0,0.0,0.0,0.0,0.0,0.0,0.0,0.0,0.0,0.0,0.0,0.0,21,4,19.0,0.55,0.11,0.00,0.00,9.8,1134,1522,74.5,24902,10516,349,427,81.7,510,603,84.6,263,445,59.1,8,109,5,1,99,1477,37,29,1,12,4,8,0,8,27,0.71,27,0.71,19,0,1,4,2,1,4,0.11,3,0,0,1,0,0,55,24,38,17,0,35,44,79.5,9,59,50,9,48,103,235,4,38.0,1986,313,989,932,81,55,1986,9,8,88.9,1,11.1,810,3705,2153,9,6,2,16,5,953,9,55000,2860000
Ben Wilmot,"MF,DF",Watford,18,2,0,28.0,0.3,0,0,0,0,0,0,0,0,0.0,0.0,0.0,0.0,0.00,0.00,0.00,0.00,0.00,0.00,0.00,0.00,0.0,0.0,0.0,0.0,0.0,0.0,0.0,0.0,0.0,0.0,0.0,0.0,0.0,0.0,0.0,0.0,0.0,0.0,0.0,0.0,0.0,0.0,0.0,0.0,0,0,,0.00,0.00,,,,6,9,66.7,180,121,2,2,100.0,1,3,33.3,3,4,75.0,0,3,0,0,2,9,0,0,0,0,0,0,0,0,1,3.21,1,3.21,1,0,0,0,0,0,0,0.00,0,0,0,0,0,0,0,0,0,0,0,0,1,0.0,1,2,1,1,0,0,1,0,0.3,13,4,8,5,1,0,13,0,0,,0,,5,28,17,0,1,0,0,0,6,0,5000,260000
Benjamin Mendy,DF,Manchester City,24,10,10,900.0,10.0,0,5,5,0,0,0,1,0,0.2,0.2,1.6,1.8,0.00,0.50,0.50,0.00,0.02,0.16,0.02,0.18,0.0,0.0,0.0,0.0,0.0,0.0,0.0,0.0,0.0,0.0,0.0,0.0,0.0,0.0,0.0,0.0,0.0,0.0,0.0,0.0,0.0,0.0,0.0,0.0,7,3,42.9,0.70,0.30,0.00,0.00,24.2,674,804,83.8,9755,2787,392,415,94.5,231,276,83.7,27,60,45.0,11,51,21,8,70,694,110,7,2,3,51,103,0,0,24,2.40,24,2.40,20,2,1,1,0,0,6,0.60,5,1,0,0,0,0,16,10,10,5,1,9,17,52.9,8,13,4,9,10,26,18,0,10.0,894,18,141,435,326,10,894,16,9,56.3,7,43.8,573,2425,1439,48,28,3,9,11,601,59,100000,5200000
Beram Kayal,MF,Brighton,30,18,9,940.0,10.4,1,1,2,1,0,0,4,0,0.4,0.4,1.1,1.5,0.10,0.10,0.19,0.10,0.04,0.11,0.04,0.14,0.0,0.0,0.0,0.0,0.0,0.0,0.0,0.0,0.0,0.0,0.0,0.0,0.0,0.0,0.0,0.0,0.0,0.0,0.0,0.0,0.0,0.0,0.0,0.0,5,2,40.0,0.48,0.19,0.20,0.50,19.9,194,283,68.6,3007,919,105,129,81.4,76,101,75.2,9,35,25.7,4,20,3,1,32,269,12,0,1,2,10,0,2,2,9,0.86,9,0.86,7,0,0,1,0,1,2,0.19,2,0,0,0,0,0,28,17,16,11,1,5,21,23.8,16,17,10,7,15,43,25,0,10.4,415,47,138,225,64,9,415,20,11,55.0,9,45.0,193,1146,564,16,12,0,14,10,198,11,25000,1300000
Bernard,"FW,MF",Everton,25,34,25,2116.0,23.5,1,3,4,1,0,0,5,0,2.6,2.6,2.3,5.0,0.04,0.13,0.17,0.04,0.11,0.10,0.11,0.21,0.0,0.0,0.0,0.0,0.0,0.0,0.0,0.0,0.0,0.0,0.0,0.0,0.0,0.0,0.0,0.0,0.0,0.0,0.0,0.0,0.0,0.0,0.0,0.0,23,5,21.7,0.98,0.21,0.04,0.20,17.0,625,864,72.3,9062,2659,353,417,84.7,192,280,68.6,37,75,49.3,40,36,37,10,89,851,10,2,7,3,51,4,4,3,84,3.57,84,3.57,63,1,10,2,6,2,13,0.55,9,0,3,1,0,0,49,30,19,22,8,15,55,27.3,40,37,2,35,27,76,14,1,23.5,1180,20,202,473,521,69,1180,82,40,48.8,42,51.2,754,4838,2619,99,66,33,74,40,797,202,120000,6240000
Bernardo,DF,Brighton,23,22,19,1752.0,19.5,0,1,1,0,0,0,4,0,0.4,0.4,0.6,1.1,0.00,0.05,0.05,0.00,0.02,0.03,0.02,0.05,0.0,0.0,0.0,0.0,0.0,0.0,0.0,0.0,0.0,0.0,0.0,0.0,0.0,0.0,0.0,0.0,0.0,0.0,0.0,0.0,0.0,0.0,0.0,0.0,8,3,37.5,0.41,0.15,0.00,0.00,17.6,729,1029,70.8,11231,4660,394,461,85.5,274,382,71.7,42,114,36.8,9,49,15,4,84,803,223,13,0,2,31,210,0,3,28,1.44,28,1.44,20,2,1,1,4,0,1,0.05,1,0,0,0,0,0,62,43,43,13,6,31,45,68.9,14,32,13,19,34,96,82,0,19.5,1295,98,448,591,266,10,1295,22,14,63.6,8,36.4,581,3139,1924,46,35,2,26,12,590,53,25000,1300000
Bernardo Silva,"MF,FW",Manchester City,23,36,31,2854.0,31.7,7,7,14,7,0,0,3,0,7.4,7.4,7.8,15.2,0.22,0.22,0.44,0.22,0.23,0.25,0.23,0.48,0.0,0.0,0.0,0.0,0.0,0.0,0.0,0.0,0.0,0.0,0.0,0.0,0.0,0.0,0.0,0.0,0.0,0.0,0.0,0.0,0.0,0.0,0.0,0.0,62,22,35.5,1.96,0.69,0.11,0.32,15.7,1515,1818,83.3,21234,4669,909,978,92.9,404,510,79.2,95,142,66.9,71,87,59,7,156,1726,85,23,10,17,70,35,25,7,138,4.35,138,4.35,113,7,9,6,2,1,13,0.41,12,0,0,0,1,0,52,39,18,21,13,16,67,23.9,51,47,3,44,25,77,26,1,31.7,2157,33,213,905,1069,169,2157,88,49,55.7,39,44.3,1518,8976,4941,152,103,48,44,37,1593,277,100000,5200000
Bernd Leno,GK,Arsenal,26,32,31,2836.0,31.5,0,0,0,0,0,0,0,0,0.0,0.0,0.0,0.0,0.00,0.00,0.00,0.00,0.00,0.00,0.00,0.00,1.33,145,104,75.9,7,22.6,44.3,0.27,127,385,33.0,876,181,29.3,31.5,227,56.4,45.3,385,10,2.6,40,1.27,15.3,0,0,,0.00,0.00,,,,817,1105,73.9,21776,14746,149,150,99.3,437,440,99.3,226,505,44.8,0,3,0,0,2,773,330,103,0,4,0,0,0,2,0,0.00,0,0.00,0,0,0,0,0,0,0,0.00,0,0,0,0,0,0,0,0,0,0,0,0,3,0.0,3,0,0,0,4,4,16,6,31.5,1188,1035,1181,7,0,0,1188,0,0,,0,,605,3693,2501,0,0,0,0,1,514,0,100000,5200000
Bobby De Cordova-Reid,"FW,MF",Cardiff City,25,27,16,1424.0,15.8,5,2,7,4,1,1,0,0,3.8,3.0,1.2,4.2,0.32,0.13,0.44,0.25,0.24,0.07,0.19,0.26,0.0,0.0,0.0,0.0,0.0,0.0,0.0,0.0,0.0,0.0,0.0,0.0,0.0,0.0,0.0,0.0,0.0,0.0,0.0,0.0,0.0,0.0,0.0,0.0,26,8,30.8,1.64,0.51,0.15,0.50,15.8,224,320,70.0,2888,662,137,167,82.0,54,78,69.2,10,24,41.7,16,15,7,0,23,299,19,0,2,1,6,1,0,2,37,2.34,37,2.34,25,0,3,5,4,0,7,0.44,4,0,1,2,0,0,16,9,6,7,3,3,8,37.5,5,13,0,13,3,19,12,0,15.8,469,18,65,194,218,52,468,26,16,61.5,10,38.5,249,1318,541,15,12,7,40,29,321,76,30000,1560000
Bruno,DF,Brighton,37,14,14,1131.0,12.6,0,1,1,0,0,0,2,0,0.1,0.1,0.6,0.7,0.00,0.08,0.08,0.00,0.01,0.05,0.01,0.06,0.0,0.0,0.0,0.0,0.0,0.0,0.0,0.0,0.0,0.0,0.0,0.0,0.0,0.0,0.0,0.0,0.0,0.0,0.0,0.0,0.0,0.0,0.0,0.0,2,0,0.0,0.16,0.00,0.00,,22.6,507,645,78.6,8805,4115,238,257,92.6,221,281,78.6,38,84,45.2,6,31,6,4,52,520,124,6,0,1,17,117,1,1,16,1.27,16,1.27,11,4,0,1,0,0,4,0.32,2,1,0,1,0,0,25,16,20,3,2,14,18,77.8,4,7,2,5,11,36,30,1,12.6,733,56,260,343,130,2,733,6,4,66.7,2,33.3,344,1181,658,4,7,0,4,2,411,26,30000,1560000
Bruno Ecuele Manga,DF,Cardiff City,30,38,37,3376.0,37.5,0,1,1,0,0,0,0,0,1.1,1.1,0.4,1.5,0.00,0.03,0.03,0.00,0.03,0.01,0.03,0.04,0.0,0.0,0.0,0.0,0.0,0.0,0.0,0.0,0.0,0.0,0.0,0.0,0.0,0.0,0.0,0.0,0.0,0.0,0.0,0.0,0.0,0.0,0.0,0.0,10,3,30.0,0.27,0.08,0.00,0.00,13.4,692,1097,63.1,13124,6461,288,363,79.3,285,430,66.3,98,236,41.5,6,71,7,2,102,937,152,40,2,7,20,112,0,8,24,0.64,24,0.64,17,3,0,3,1,0,4,0.11,3,0,0,1,0,0,69,36,48,16,5,29,58,50.0,29,62,28,34,81,150,179,4,37.5,1529,235,639,740,171,18,1529,14,10,71.4,4,28.6,549,2727,1236,18,14,1,21,13,469,19,29500,1534000
Bukayo Saka,FW,Arsenal,16,1,0,8.0,0.1,0,0,0,0,0,0,0,0,0.0,0.0,0.0,0.0,0.00,0.00,0.00,0.00,0.00,0.00,0.00,0.00,0.0,0.0,0.0,0.0,0.0,0.0,0.0,0.0,0.0,0.0,0.0,0.0,0.0,0.0,0.0,0.0,0.0,0.0,0.0,0.0,0.0,0.0,0.0,0.0,0,0,,0.00,0.00,,,,0,0,,0,0,0,0,,0,0,,0,0,,0,0,0,0,0,0,0,0,0,0,0,0,0,0,0,0.00,0,0.00,0,0,0,0,0,0,0,0.00,0,0,0,0,0,0,0,0,0,0,0,0,0,,0,0,0,0,0,0,0,0,0.1,0,0,0,0,0,0,0,0,0,,0,,0,0,0,0,0,0,0,0,0,0,96,5000
Callum Hudson-Odoi,FW,Chelsea,17,10,4,393.0,4.4,0,1,1,0,0,0,0,0,0.7,0.7,1.4,2.2,0.00,0.23,0.23,0.00,0.16,0.33,0.16,0.50,0.0,0.0,0.0,0.0,0.0,0.0,0.0,0.0,0.0,0.0,0.0,0.0,0.0,0.0,0.0,0.0,0.0,0.0,0.0,0.0,0.0,0.0,0.0,0.0,6,3,50.0,1.37,0.69,0.00,0.00,12.6,185,231,80.1,2518,451,125,143,87.4,40,52,76.9,11,20,55.0,9,7,7,3,13,226,5,0,0,2,22,2,3,0,15,3.44,15,3.44,13,0,1,1,0,0,2,0.46,1,0,1,0,0,0,8,6,8,0,0,2,4,50.0,2,1,0,1,3,11,0,0,4.4,283,5,35,101,151,23,283,17,12,70.6,5,29.4,197,1283,669,20,8,8,11,7,231,59,2500,130000
Callum Paterson,"FW,MF",Cardiff City,23,27,21,1998.0,22.2,4,1,5,4,0,0,4,0,5.5,5.5,2.8,8.2,0.18,0.05,0.23,0.18,0.25,0.12,0.25,0.37,0.0,0.0,0.0,0.0,0.0,0.0,0.0,0.0,0.0,0.0,0.0,0.0,0.0,0.0,0.0,0.0,0.0,0.0,0.0,0.0,0.0,0.0,0.0,0.0,41,6,14.6,1.85,0.27,0.10,0.67,13.9,272,580,46.9,3936,1738,157,282,55.7,83,172,48.3,16,37,43.2,23,50,16,3,68,570,5,0,2,3,23,0,0,5,44,1.98,44,1.98,35,0,0,6,3,0,2,0.09,0,0,0,2,0,0,21,14,7,7,7,5,26,19.2,21,23,2,21,8,29,29,0,22.2,801,31,94,316,399,87,801,16,5,31.3,11,68.8,226,955,310,13,10,4,31,12,527,63,22500,1170000
Callum Slattery,MF,Southampton,19,3,1,112.0,1.2,0,0,0,0,0,0,0,0,0.1,0.1,0.0,0.1,0.00,0.00,0.00,0.00,0.06,0.00,0.06,0.06,0.0,0.0,0.0,0.0,0.0,0.0,0.0,0.0,0.0,0.0,0.0,0.0,0.0,0.0,0.0,0.0,0.0,0.0,0.0,0.0,0.0,0.0,0.0,0.0,1,0,0.0,0.80,0.00,0.00,,15.2,22,32,68.8,342,107,13,15,86.7,6,8,75.0,3,7,42.9,0,3,1,0,3,32,0,0,0,0,1,0,0,0,3,2.41,3,2.41,3,0,0,0,0,0,0,0.00,0,0,0,0,0,0,4,3,0,4,0,3,7,42.9,4,1,1,0,2,6,1,0,1.2,54,4,8,33,13,4,54,2,1,50.0,1,50.0,31,138,56,0,1,0,4,2,31,2,2000,104000
Callum Wilson,FW,Bournemouth,26,30,29,2528.0,28.1,14,9,23,13,1,2,3,0,13.4,11.9,5.4,17.2,0.50,0.32,0.82,0.46,0.48,0.19,0.42,0.61,0.0,0.0,0.0,0.0,0.0,0.0,0.0,0.0,0.0,0.0,0.0,0.0,0.0,0.0,0.0,0.0,0.0,0.0,0.0,0.0,0.0,0.0,0.0,0.0,63,27,42.9,2.24,0.96,0.21,0.48,11.8,303,464,65.3,4006,957,197,268,73.5,81,113,71.7,11,21,52.4,30,22,19,3,44,441,21,0,2,1,20,1,1,2,78,2.78,78,2.78,53,0,8,6,11,0,19,0.68,12,0,3,2,2,0,9,7,4,3,2,0,8,0.0,8,14,4,10,4,13,16,0,28.1,742,23,76,288,388,150,741,42,17,40.5,25,59.5,539,2401,1118,49,18,24,96,44,583,197,40000,2080000
Calum Chambers,"MF,DF",Fulham,23,31,29,2588.0,28.8,2,0,2,2,0,0,9,0,2.3,2.3,0.9,3.2,0.07,0.00,0.07,0.07,0.08,0.03,0.08,0.11,0.0,0.0,0.0,0.0,0.0,0.0,0.0,0.0,0.0,0.0,0.0,0.0,0.0,0.0,0.0,0.0,0.0,0.0,0.0,0.0,0.0,0.0,0.0,0.0,35,11,31.4,1.22,0.38,0.06,0.18,19.4,1175,1509,77.9,20289,6779,580,661,87.7,444,533,83.3,121,238,50.8,16,114,14,0,158,1476,25,22,2,22,14,3,0,8,40,1.39,40,1.39,34,0,1,4,1,0,1,0.03,1,0,0,0,0,0,64,36,32,27,5,16,48,33.3,32,37,12,25,69,133,113,4,28.8,1906,147,573,1128,218,38,1906,32,22,68.8,10,31.3,739,3352,1555,20,17,2,32,26,1124,28,50000,2600000
Carl Jenkinson,DF,Arsenal,26,3,2,166.0,1.8,0,0,0,0,0,0,0,0,0.0,0.0,0.0,0.0,0.00,0.00,0.00,0.00,0.00,0.02,0.00,0.02,0.0,0.0,0.0,0.0,0.0,0.0,0.0,0.0,0.0,0.0,0.0,0.0,0.0,0.0,0.0,0.0,0.0,0.0,0.0,0.0,0.0,0.0,0.0,0.0,0,0,,0.00,0.00,,,,71,91,78.0,998,261,33,39,84.6,31,36,86.1,1,3,33.3,1,2,1,0,7,78,13,0,0,0,3,13,0,0,2,1.08,2,1.08,2,0,0,0,0,0,0,0.00,0,0,0,0,0,0,3,2,2,0,1,2,3,66.7,1,4,3,1,0,3,2,0,1.8,108,6,27,46,35,4,108,0,0,,0,,46,176,63,2,2,1,5,3,68,9,45000,2340000
Carlos Sánchez,MF,West Ham,32,7,2,245.0,2.7,0,0,0,0,0,0,0,0,0.1,0.1,0.1,0.1,0.00,0.00,0.00,0.00,0.03,0.02,0.03,0.05,0.0,0.0,0.0,0.0,0.0,0.0,0.0,0.0,0.0,0.0,0.0,0.0,0.0,0.0,0.0,0.0,0.0,0.0,0.0,0.0,0.0,0.0,0.0,0.0,3,0,0.0,1.10,0.00,0.00,,27.5,127,143,88.8,2500,587,41,49,83.7,56,59,94.9,25,30,83.3,2,12,1,0,14,135,8,8,1,2,0,0,0,0,7,2.57,7,2.57,6,1,0,0,0,0,0,0.00,0,0,0,0,0,0,4,3,4,0,0,3,8,37.5,5,1,0,1,1,5,5,2,2.7,165,7,32,124,13,0,165,5,3,60.0,2,40.0,76,245,91,1,2,0,1,2,108,1,50000,2600000
Cenk Tosun,FW,Everton,27,25,10,1059.0,11.8,3,3,6,3,0,0,3,0,5.0,5.0,0.9,5.9,0.25,0.25,0.51,0.25,0.43,0.07,0.43,0.50,0.0,0.0,0.0,0.0,0.0,0.0,0.0,0.0,0.0,0.0,0.0,0.0,0.0,0.0,0.0,0.0,0.0,0.0,0.0,0.0,0.0,0.0,0.0,0.0,37,17,45.9,3.14,1.44,0.08,0.18,14.0,183,264,69.3,2200,454,112,150,74.7,37,49,75.5,10,13,76.9,13,14,7,1,16,251,11,1,1,1,4,0,0,2,28,2.38,28,2.38,17,0,1,4,5,1,3,0.25,3,0,0,0,0,0,13,9,3,6,4,4,13,30.8,9,12,0,12,5,18,3,0,11.8,401,4,23,162,219,66,401,9,2,22.2,7,77.8,246,938,346,11,13,8,39,19,297,90,60000,3120000
Cesc Fàbregas,MF,Chelsea,31,6,1,180.0,2.0,0,0,0,0,0,0,1,0,0.1,0.1,0.2,0.3,0.00,0.00,0.00,0.00,0.03,0.10,0.03,0.13,0.0,0.0,0.0,0.0,0.0,0.0,0.0,0.0,0.0,0.0,0.0,0.0,0.0,0.0,0.0,0.0,0.0,0.0,0.0,0.0,0.0,0.0,0.0,0.0,1,0,0.0,0.50,0.00,0.00,,17.4,169,198,85.4,2799,983,88,94,93.6,66,75,88.0,15,25,60.0,3,20,4,0,21,185,11,8,4,2,1,2,1,2,8,4.00,8,4.00,8,0,0,0,0,0,0,0.00,0,0,0,0,0,0,6,4,4,2,0,1,5,20.0,4,2,1,1,1,7,0,0,2.0,216,4,44,131,42,6,216,1,0,0.0,1,100.0,116,590,366,3,3,0,2,2,177,9,207096,10769000
Charlie Austin,FW,Southampton,29,25,11,983.0,10.9,2,2,4,2,0,1,1,0,3.6,3.3,0.9,4.1,0.18,0.18,0.37,0.18,0.33,0.08,0.30,0.38,0.0,0.0,0.0,0.0,0.0,0.0,0.0,0.0,0.0,0.0,0.0,0.0,0.0,0.0,0.0,0.0,0.0,0.0,0.0,0.0,0.0,0.0,0.0,0.0,31,7,22.6,2.84,0.64,0.06,0.29,16.0,116,200,58.0,1627,145,71,110,64.5,34,54,63.0,6,17,35.3,9,4,2,0,5,191,7,1,0,0,0,0,0,2,23,2.11,23,2.11,13,0,0,5,3,2,2,0.18,1,0,0,1,0,0,13,7,3,6,4,6,11,54.5,5,12,2,10,2,15,13,0,10.9,331,17,38,150,144,47,330,6,1,16.7,5,83.3,147,643,167,6,1,2,30,18,229,44,70000,3640000
Charlie Daniels,DF,Bournemouth,31,21,17,1585.0,17.6,1,0,1,1,0,0,4,0,0.4,0.4,0.6,1.0,0.06,0.00,0.06,0.06,0.03,0.03,0.03,0.06,0.0,0.0,0.0,0.0,0.0,0.0,0.0,0.0,0.0,0.0,0.0,0.0,0.0,0.0,0.0,0.0,0.0,0.0,0.0,0.0,0.0,0.0,0.0,0.0,12,3,25.0,0.68,0.17,0.08,0.33,20.0,799,1024,78.0,12370,5043,455,516,88.2,262,333,78.7,61,120,50.8,11,67,21,8,83,829,190,36,1,6,27,152,2,5,34,1.93,34,1.93,31,2,0,1,0,0,0,0.00,0,0,0,0,0,0,25,15,18,6,1,13,22,59.1,9,14,4,10,20,45,56,2,17.6,1200,64,400,504,305,31,1200,21,12,57.1,9,42.9,660,3048,1750,40,32,5,12,8,680,82,35000,1820000
Charlie Taylor,DF,Burnley,24,38,35,3243.0,36.0,0,1,1,0,0,0,2,0,0.2,0.2,1.5,1.7,0.00,0.03,0.03,0.00,0.00,0.04,0.00,0.05,0.0,0.0,0.0,0.0,0.0,0.0,0.0,0.0,0.0,0.0,0.0,0.0,0.0,0.0,0.0,0.0,0.0,0.0,0.0,0.0,0.0,0.0,0.0,0.0,6,0,0.0,0.17,0.00,0.00,,28.0,1233,1722,71.6,19582,8242,701,786,89.2,385,545,70.6,110,266,41.4,11,73,22,15,97,1272,441,17,0,5,119,420,4,9,43,1.19,43,1.19,27,8,2,0,6,0,7,0.19,2,3,0,0,2,0,55,26,37,15,3,24,50,48.0,26,74,35,39,40,95,120,0,36.0,2169,199,727,960,507,8,2169,76,41,53.9,35,46.1,830,6004,2715,93,64,4,37,17,1003,94,25000,1300000
Cheikhou Kouyaté,MF,Crystal Palace,28,31,21,1899.0,21.1,0,2,2,0,0,0,3,0,1.1,1.1,1.1,2.2,0.00,0.09,0.09,0.00,0.05,0.05,0.05,0.11,0.0,0.0,0.0,0.0,0.0,0.0,0.0,0.0,0.0,0.0,0.0,0.0,0.0,0.0,0.0,0.0,0.0,0.0,0.0,0.0,0.0,0.0,0.0,0.0,20,8,40.0,0.95,0.38,0.00,0.00,21.2,622,781,79.6,9351,3218,335,393,85.2,223,274,81.4,34,57,59.6,14,72,6,1,86,771,10,2,1,2,8,8,0,0,34,1.61,34,1.61,23,0,1,6,2,2,2,0.09,1,0,0,0,1,0,59,33,23,31,5,9,33,27.3,24,29,11,18,16,75,33,0,21.1,1021,49,236,593,205,35,1021,23,12,52.2,11,47.8,435,2438,1188,19,13,6,24,22,574,31,65000,3380000
Chris Löwe,"DF,MF",Huddersfield,29,29,23,2057.0,22.9,0,2,2,0,0,0,2,0,0.6,0.6,1.7,2.4,0.00,0.09,0.09,0.00,0.03,0.08,0.03,0.10,0.0,0.0,0.0,0.0,0.0,0.0,0.0,0.0,0.0,0.0,0.0,0.0,0.0,0.0,0.0,0.0,0.0,0.0,0.0,0.0,0.0,0.0,0.0,0.0,18,6,33.3,0.79,0.26,0.00,0.00,24.2,767,1109,69.2,13554,4429,386,454,85.0,248,348,71.3,109,220,49.5,20,42,24,21,64,911,191,36,0,8,140,121,34,7,39,1.71,39,1.71,24,9,3,2,1,0,4,0.18,4,0,0,0,0,0,34,18,17,15,2,12,33,36.4,21,21,3,18,23,57,56,0,22.9,1299,52,354,568,396,18,1299,13,9,69.2,4,30.8,589,3151,1712,46,37,3,18,12,736,86,20000,1040000
Chris Mepham,DF,Bournemouth,20,13,10,850.0,9.4,0,1,1,0,0,0,1,0,0.1,0.1,0.5,0.6,0.00,0.11,0.11,0.00,0.01,0.05,0.01,0.06,0.0,0.0,0.0,0.0,0.0,0.0,0.0,0.0,0.0,0.0,0.0,0.0,0.0,0.0,0.0,0.0,0.0,0.0,0.0,0.0,0.0,0.0,0.0,0.0,2,0,0.0,0.21,0.00,0.00,,8.9,326,412,79.1,6253,2053,121,138,87.7,162,195,83.1,39,66,59.1,2,16,0,0,22,391,20,15,0,0,1,5,0,1,3,0.32,3,0.32,2,0,0,1,0,0,1,0.11,0,0,0,1,0,0,9,3,9,0,0,7,11,63.6,4,12,5,7,14,23,57,2,9.4,519,77,299,215,12,7,519,3,3,100.0,0,0.0,291,1659,971,7,0,0,5,2,289,1,11673,607000
Chris Smalling,DF,Manchester Utd,28,24,24,2127.0,23.6,1,0,1,1,0,0,1,0,1.2,1.2,0.2,1.4,0.04,0.00,0.04,0.04,0.05,0.01,0.05,0.06,0.0,0.0,0.0,0.0,0.0,0.0,0.0,0.0,0.0,0.0,0.0,0.0,0.0,0.0,0.0,0.0,0.0,0.0,0.0,0.0,0.0,0.0,0.0,0.0,11,2,18.2,0.47,0.08,0.09,0.50,9.2,829,962,86.2,15916,4648,261,294,88.8,467,509,91.7,85,129,65.9,2,13,1,0,35,934,27,20,1,4,0,7,0,1,11,0.47,11,0.47,9,0,0,2,0,0,2,0.08,2,0,0,0,0,0,30,17,21,9,0,11,17,64.7,6,37,25,12,26,56,109,1,23.6,1208,154,598,575,39,30,1208,1,1,100.0,0,0.0,530,2370,1254,3,2,0,6,1,686,6,70000,3640000
Chris Wood,FW,Burnley,26,38,29,2588.0,28.8,10,2,12,10,0,0,2,0,8.8,8.8,3.8,12.6,0.35,0.07,0.42,0.35,0.31,0.13,0.31,0.44,0.0,0.0,0.0,0.0,0.0,0.0,0.0,0.0,0.0,0.0,0.0,0.0,0.0,0.0,0.0,0.0,0.0,0.0,0.0,0.0,0.0,0.0,0.0,0.0,59,23,39.0,2.05,0.80,0.17,0.43,12.4,390,613,63.6,4203,799,265,379,69.9,75,122,61.5,6,19,31.6,20,15,7,1,25,601,10,1,4,2,12,0,0,2,48,1.67,48,1.67,33,1,1,9,4,0,7,0.24,5,0,0,2,0,0,12,8,0,7,5,5,17,29.4,12,17,4,13,3,15,26,0,28.8,900,32,84,379,443,118,900,13,8,61.5,5,38.5,426,1283,400,13,8,10,92,47,705,199,50000,2600000
Christian Atsu,MF,Newcastle Utd,26,28,15,1493.0,16.6,1,0,1,1,0,0,2,0,2.1,2.1,1.6,3.7,0.06,0.00,0.06,0.06,0.13,0.09,0.13,0.22,0.0,0.0,0.0,0.0,0.0,0.0,0.0,0.0,0.0,0.0,0.0,0.0,0.0,0.0,0.0,0.0,0.0,0.0,0.0,0.0,0.0,0.0,0.0,0.0,28,14,50.0,1.69,0.84,0.04,0.07,19.6,328,435,75.4,4232,941,180,199,90.5,76,121,62.8,21,35,60.0,18,17,16,7,31,423,8,0,3,1,42,5,3,4,42,2.53,42,2.53,32,0,1,4,5,0,5,0.30,3,0,1,1,0,0,24,15,9,11,4,5,16,31.3,11,13,3,10,7,31,16,0,16.6,636,16,100,277,276,37,636,52,25,48.1,27,51.9,380,2646,1355,48,40,14,48,30,426,72,30000,1560000
Christian Benteke,FW,Crystal Palace,27,16,9,814.0,9.0,1,1,2,1,0,0,1,0,3.4,3.4,0.8,4.2,0.11,0.11,0.22,0.11,0.37,0.09,0.37,0.47,0.0,0.0,0.0,0.0,0.0,0.0,0.0,0.0,0.0,0.0,0.0,0.0,0.0,0.0,0.0,0.0,0.0,0.0,0.0,0.0,0.0,0.0,0.0,0.0,26,8,30.8,2.87,0.88,0.04,0.13,11.9,136,241,56.4,1910,316,83,137,60.6,35,62,56.5,8,12,66.7,9,10,3,0,13,226,14,1,0,4,1,0,0,1,16,1.77,16,1.77,13,0,1,1,1,0,2,0.22,1,0,0,0,1,0,5,1,0,4,1,1,4,25.0,3,7,2,5,0,5,14,0,9.0,354,19,34,168,154,49,354,8,5,62.5,3,37.5,153,668,190,6,5,4,27,15,279,53,120000,6240000
Christian Eriksen,MF,Tottenham,26,35,30,2774.0,30.8,8,12,20,8,0,0,3,0,5.4,5.4,7.4,12.8,0.26,0.39,0.65,0.26,0.17,0.24,0.17,0.42,0.0,0.0,0.0,0.0,0.0,0.0,0.0,0.0,0.0,0.0,0.0,0.0,0.0,0.0,0.0,0.0,0.0,0.0,0.0,0.0,0.0,0.0,0.0,0.0,83,28,33.7,2.69,0.91,0.10,0.29,23.3,1560,2009,77.7,25001,7140,807,918,87.9,568,713,79.7,124,239,51.9,73,167,56,14,212,1846,153,59,24,20,117,10,67,10,143,4.64,143,4.64,97,27,4,10,3,2,16,0.52,12,4,0,0,0,0,41,25,8,20,13,17,59,28.8,42,26,3,23,15,56,13,0,30.8,2305,17,234,1228,861,67,2305,36,18,50.0,18,50.0,1442,6502,3354,78,84,16,61,29,1680,132,75000,3900000
Christian Fuchs,DF,Leicester City,32,3,2,207.0,2.3,0,0,0,0,0,0,0,0,0.1,0.1,0.2,0.3,0.00,0.00,0.00,0.00,0.03,0.10,0.03,0.13,0.0,0.0,0.0,0.0,0.0,0.0,0.0,0.0,0.0,0.0,0.0,0.0,0.0,0.0,0.0,0.0,0.0,0.0,0.0,0.0,0.0,0.0,0.0,0.0,2,0,0.0,0.87,0.00,0.00,,21.6,119,157,75.8,2063,926,64,72,88.9,46,51,90.2,9,26,34.6,6,7,5,2,14,130,26,3,0,1,15,23,0,1,11,4.78,11,4.78,10,0,0,0,0,1,0,0.00,0,0,0,0,0,0,4,3,0,4,0,1,2,50.0,1,0,0,0,4,8,8,0,2.3,183,7,51,70,64,2,183,1,1,100.0,0,0.0,99,334,202,3,5,0,4,1,105,24,50000,2600000
Christian Kabasele,DF,Watford,27,21,19,1586.0,17.6,0,0,0,0,0,0,4,1,1.5,1.5,0.6,2.1,0.00,0.00,0.00,0.00,0.08,0.04,0.08,0.12,0.0,0.0,0.0,0.0,0.0,0.0,0.0,0.0,0.0,0.0,0.0,0.0,0.0,0.0,0.0,0.0,0.0,0.0,0.0,0.0,0.0,0.0,0.0,0.0,8,2,25.0,0.45,0.11,0.00,0.00,9.0,407,555,73.3,8067,3166,126,156,80.8,223,270,82.6,50,108,46.3,2,19,0,0,25,543,8,8,0,8,1,0,0,4,2,0.11,2,0.11,1,0,0,1,0,0,0,0.00,0,0,0,0,0,0,25,14,20,5,0,10,23,43.5,13,21,16,5,38,63,111,0,17.6,783,120,404,354,27,17,783,1,0,0.0,1,100.0,354,1496,665,1,0,0,6,0,391,1,30000,1560000
Christopher Schindler,DF,Huddersfield,28,37,37,3260.0,36.2,1,0,1,1,0,0,5,1,1.1,1.1,0.2,1.3,0.03,0.00,0.03,0.03,0.03,0.01,0.03,0.04,0.0,0.0,0.0,0.0,0.0,0.0,0.0,0.0,0.0,0.0,0.0,0.0,0.0,0.0,0.0,0.0,0.0,0.0,0.0,0.0,0.0,0.0,0.0,0.0,13,3,23.1,0.36,0.08,0.08,0.33,11.5,1288,1555,82.8,26485,8603,399,466,85.6,672,772,87.0,205,284,72.2,2,65,2,0,72,1510,45,42,0,11,0,3,0,0,15,0.41,15,0.41,13,1,0,0,1,0,1,0.03,1,0,0,0,0,0,61,36,46,14,1,27,47,57.4,20,69,34,35,70,131,138,4,36.2,1936,183,1105,779,61,36,1936,2,1,50.0,1,50.0,861,3674,1670,15,5,2,6,4,1060,5,25000,1300000
Ciaran Clark,DF,Newcastle Utd,28,11,9,858.0,9.5,3,0,3,3,0,0,1,0,0.5,0.5,0.1,0.6,0.31,0.00,0.31,0.31,0.05,0.01,0.05,0.06,0.0,0.0,0.0,0.0,0.0,0.0,0.0,0.0,0.0,0.0,0.0,0.0,0.0,0.0,0.0,0.0,0.0,0.0,0.0,0.0,0.0,0.0,0.0,0.0,7,3,42.9,0.73,0.31,0.43,1.00,11.5,231,310,74.5,4123,1550,92,108,85.2,110,132,83.3,24,58,41.4,2,14,1,0,15,301,9,6,0,1,3,3,0,0,6,0.63,6,0.63,4,0,0,1,1,0,0,0.00,0,0,0,0,0,0,20,17,15,5,0,9,12,75.0,3,11,7,4,12,32,58,0,9.5,426,56,222,174,32,13,426,0,0,,0,,146,628,276,1,4,1,2,2,202,2,35000,1820000
Collin Quaner,FW,Huddersfield,27,2,0,39.0,0.4,0,0,0,0,0,0,0,0,0.0,0.0,0.1,0.1,0.00,0.00,0.00,0.00,0.00,0.17,0.00,0.17,0.0,0.0,0.0,0.0,0.0,0.0,0.0,0.0,0.0,0.0,0.0,0.0,0.0,0.0,0.0,0.0,0.0,0.0,0.0,0.0,0.0,0.0,0.0,0.0,0,0,,0.00,0.00,,,,13,17,76.5,150,44,7,10,70.0,3,4,75.0,0,0,,1,2,3,0,4,17,0,0,0,0,0,0,0,0,3,6.92,3,6.92,3,0,0,0,0,0,0,0.00,0,0,0,0,0,0,0,0,0,0,0,0,1,0.0,1,0,0,0,0,0,0,0,0.4,19,0,1,4,14,0,19,1,1,100.0,0,0.0,13,74,21,0,1,0,2,2,18,2,15712,817000
Connor Wickham,"FW,MF",Crystal Palace,25,6,0,67.0,0.7,0,1,1,0,0,0,0,0,0.4,0.4,0.3,0.7,0.00,1.34,1.34,0.00,0.50,0.43,0.50,0.92,0.0,0.0,0.0,0.0,0.0,0.0,0.0,0.0,0.0,0.0,0.0,0.0,0.0,0.0,0.0,0.0,0.0,0.0,0.0,0.0,0.0,0.0,0.0,0.0,5,1,20.0,6.72,1.34,0.00,0.00,12.3,5,12,41.7,52,3,4,7,57.1,1,3,33.3,0,0,,4,0,0,0,0,11,1,0,0,0,1,0,0,0,2,2.69,2,2.69,1,0,0,1,0,0,0,0.00,0,0,0,0,0,0,0,0,0,0,0,0,0,,0,0,0,0,0,0,2,0,0.7,28,1,2,10,16,9,28,0,0,,0,,13,47,10,0,0,1,4,2,20,1,60000,3120000
Conor Coady,DF,Wolves,25,38,38,3420.0,38.0,0,0,0,0,0,0,5,0,0.0,0.0,0.0,0.0,0.00,0.00,0.00,0.00,0.00,0.00,0.00,0.00,0.0,0.0,0.0,0.0,0.0,0.0,0.0,0.0,0.0,0.0,0.0,0.0,0.0,0.0,0.0,0.0,0.0,0.0,0.0,0.0,0.0,0.0,0.0,0.0,0,0,,0.00,0.00,,,,1427,1700,83.9,34672,14783,264,287,92.0,773,838,92.2,374,546,68.5,1,104,5,0,78,1655,37,33,3,18,0,4,0,8,20,0.53,20,0.53,19,0,0,0,0,1,2,0.05,2,0,0,0,0,0,31,19,26,5,0,17,32,53.1,15,35,27,8,30,61,133,3,38.0,1947,269,1092,862,2,0,1947,3,3,100.0,0,0.0,1149,6124,3618,11,6,2,6,4,1267,0,15000,780000
Craig Cathcart,DF,Watford,29,36,35,3096.0,34.4,3,0,3,3,0,0,2,0,1.5,1.5,0.2,1.8,0.09,0.00,0.09,0.09,0.04,0.01,0.04,0.05,0.0,0.0,0.0,0.0,0.0,0.0,0.0,0.0,0.0,0.0,0.0,0.0,0.0,0.0,0.0,0.0,0.0,0.0,0.0,0.0,0.0,0.0,0.0,0.0,13,5,38.5,0.38,0.15,0.23,0.60,10.2,1046,1288,81.2,19726,7449,387,432,89.6,499,559,89.3,131,248,52.8,1,56,4,0,71,1263,23,20,0,9,3,3,0,2,7,0.20,7,0.20,3,0,0,2,2,0,3,0.09,1,0,0,1,1,0,50,31,36,11,3,21,37,56.8,16,42,30,12,38,88,184,4,34.4,1648,218,811,789,52,21,1648,3,2,66.7,1,33.3,845,3347,1674,6,4,0,9,4,870,2,23000,1196000
Cyrus Christie,"DF,MF",Fulham,25,28,19,1948.0,21.6,0,1,1,0,0,0,7,0,0.4,0.4,1.2,1.7,0.00,0.05,0.05,0.00,0.02,0.06,0.02,0.08,0.0,0.0,0.0,0.0,0.0,0.0,0.0,0.0,0.0,0.0,0.0,0.0,0.0,0.0,0.0,0.0,0.0,0.0,0.0,0.0,0.0,0.0,0.0,0.0,12,3,25.0,0.55,0.14,0.00,0.00,21.8,870,1210,71.9,13877,4803,441,502,87.8,369,497,74.2,44,142,31.0,17,46,23,14,81,963,243,11,0,7,90,232,0,4,40,1.85,40,1.85,30,2,5,2,0,1,3,0.14,2,0,1,0,0,0,43,23,26,13,4,18,41,43.9,23,25,11,14,29,72,96,1,21.6,1490,98,411,671,427,26,1490,50,27,54.0,23,46.0,660,4828,2414,70,40,11,28,29,834,138,20000,1040000
Cédric Soares,DF,Southampton,26,18,16,1495.0,16.6,1,2,3,1,0,0,4,0,0.3,0.3,1.0,1.4,0.06,0.12,0.18,0.06,0.02,0.06,0.02,0.08,0.0,0.0,0.0,0.0,0.0,0.0,0.0,0.0,0.0,0.0,0.0,0.0,0.0,0.0,0.0,0.0,0.0,0.0,0.0,0.0,0.0,0.0,0.0,0.0,10,3,30.0,0.60,0.18,0.10,0.33,27.6,556,791,70.3,8546,3479,335,382,87.7,162,221,73.3,44,129,34.1,12,46,19,13,54,642,145,16,0,3,64,128,1,4,31,1.87,31,1.87,26,2,1,1,0,1,3,0.18,3,0,0,0,0,0,22,16,15,6,1,9,15,60.0,6,21,5,16,22,44,60,2,16.6,963,75,287,403,279,16,963,12,7,58.3,5,41.7,418,1997,1011,31,25,3,15,11,508,66,65000,3380000
César Azpilicueta,DF,Chelsea,28,38,38,3402.0,37.8,1,5,6,1,0,0,4,0,1.2,1.2,2.4,3.6,0.03,0.13,0.16,0.03,0.03,0.06,0.03,0.10,0.0,0.0,0.0,0.0,0.0,0.0,0.0,0.0,0.0,0.0,0.0,0.0,0.0,0.0,0.0,0.0,0.0,0.0,0.0,0.0,0.0,0.0,0.0,0.0,17,7,41.2,0.45,0.19,0.06,0.14,15.4,2494,2950,84.5,34344,11515,1557,1687,92.3,761,904,84.2,87,153,56.9,25,156,46,18,160,2563,381,38,2,4,118,343,0,6,67,1.77,67,1.77,60,2,1,1,2,1,10,0.26,9,0,0,0,1,0,105,60,52,40,13,38,67,56.7,29,63,16,47,43,148,91,3,37.8,3352,121,993,1493,873,48,3352,22,10,45.5,12,54.5,1605,5682,3081,46,64,9,33,9,2168,205,150000,7800000
Dale Stephens,MF,Brighton,29,30,29,2485.0,27.6,1,1,2,1,0,0,6,1,0.3,0.3,0.7,1.0,0.04,0.04,0.07,0.04,0.01,0.02,0.01,0.04,0.0,0.0,0.0,0.0,0.0,0.0,0.0,0.0,0.0,0.0,0.0,0.0,0.0,0.0,0.0,0.0,0.0,0.0,0.0,0.0,0.0,0.0,0.0,0.0,11,1,9.1,0.40,0.04,0.09,1.00,27.4,1136,1365,83.2,21941,6362,462,522,88.5,492,550,89.5,166,229,72.5,18,138,11,1,151,1336,22,7,1,23,2,3,0,7,41,1.48,41,1.48,35,1,0,2,2,1,3,0.11,3,0,0,0,0,0,83,57,37,41,5,28,74,37.8,46,33,13,20,46,129,47,0,27.6,1650,97,448,1045,167,12,1650,12,6,50.0,6,50.0,807,3927,1479,16,18,2,27,14,974,8,30000,1560000
Dan Gosling,MF,Bournemouth,28,25,19,1739.0,19.3,2,1,3,2,0,0,8,0,1.9,1.9,1.5,3.4,0.10,0.05,0.16,0.10,0.10,0.08,0.10,0.17,0.0,0.0,0.0,0.0,0.0,0.0,0.0,0.0,0.0,0.0,0.0,0.0,0.0,0.0,0.0,0.0,0.0,0.0,0.0,0.0,0.0,0.0,0.0,0.0,21,7,33.3,1.09,0.36,0.10,0.29,18.5,776,980,79.2,13014,4255,374,431,86.8,314,375,83.7,69,119,58.0,11,80,13,1,116,950,29,22,3,5,6,3,0,1,28,1.45,28,1.45,23,2,0,2,0,1,6,0.31,4,0,0,1,0,1,57,23,27,21,9,28,53,52.8,25,33,11,22,20,77,46,1,19.3,1206,60,314,717,189,20,1206,20,12,60.0,8,40.0,698,2644,1228,7,18,2,19,21,763,23,35000,1820000
Daniel Amartey,DF,Leicester City,23,9,7,641.0,7.1,0,0,0,0,0,0,2,0,0.3,0.3,0.1,0.5,0.00,0.00,0.00,0.00,0.05,0.02,0.05,0.06,0.0,0.0,0.0,0.0,0.0,0.0,0.0,0.0,0.0,0.0,0.0,0.0,0.0,0.0,0.0,0.0,0.0,0.0,0.0,0.0,0.0,0.0,0.0,0.0,4,1,25.0,0.56,0.14,0.00,0.00,19.4,357,435,82.1,5916,2458,184,197,93.4,138,172,80.2,30,52,57.7,3,36,0,0,34,370,64,4,0,2,3,60,0,1,11,1.55,11,1.55,10,1,0,0,0,0,0,0.00,0,0,0,0,0,0,18,12,11,6,1,10,15,66.7,5,6,4,2,17,35,28,1,7.1,518,43,193,272,54,3,518,4,2,50.0,2,50.0,293,1124,608,8,9,1,3,4,276,8,21000,1092000
Daniel Sturridge,"FW,MF",Liverpool,28,18,4,509.0,5.7,2,1,3,2,0,0,1,0,1.2,1.2,0.8,2.1,0.35,0.18,0.53,0.35,0.22,0.15,0.22,0.37,0.0,0.0,0.0,0.0,0.0,0.0,0.0,0.0,0.0,0.0,0.0,0.0,0.0,0.0,0.0,0.0,0.0,0.0,0.0,0.0,0.0,0.0,0.0,0.0,18,6,33.3,3.18,1.06,0.11,0.33,20.9,153,196,78.1,2263,633,87,104,83.7,42,51,82.4,13,16,81.3,8,14,10,0,31,190,3,0,2,2,3,0,0,3,14,2.48,14,2.48,13,0,0,0,1,0,2,0.35,2,0,0,0,0,0,3,3,1,1,1,2,3,66.7,1,4,0,4,1,4,0,0,5.7,253,1,6,135,113,22,253,9,5,55.6,4,44.4,187,862,297,9,9,3,17,11,215,37,130000,6760000
Danilo,DF,Manchester City,27,11,9,807.0,9.0,1,0,1,1,0,0,1,0,0.4,0.4,0.2,0.6,0.11,0.00,0.11,0.11,0.05,0.02,0.05,0.07,0.0,0.0,0.0,0.0,0.0,0.0,0.0,0.0,0.0,0.0,0.0,0.0,0.0,0.0,0.0,0.0,0.0,0.0,0.0,0.0,0.0,0.0,0.0,0.0,14,3,21.4,1.56,0.33,0.07,0.33,25.3,762,880,86.6,12118,2475,396,422,93.8,310,352,88.1,43,69,62.3,4,76,8,2,77,773,102,6,0,2,12,96,0,5,16,1.78,16,1.78,13,0,0,2,1,0,2,0.22,1,0,0,1,0,0,20,16,6,12,2,12,17,70.6,5,5,0,5,15,35,22,1,9.0,979,16,141,564,281,8,979,13,8,61.5,5,38.5,566,2155,1168,20,31,2,8,5,670,33,80000,4160000
Danny Ings,FW,Southampton,26,24,23,1651.0,18.3,7,3,10,4,3,3,1,0,9.4,7.0,3.1,10.1,0.38,0.16,0.55,0.22,0.51,0.17,0.38,0.55,0.0,0.0,0.0,0.0,0.0,0.0,0.0,0.0,0.0,0.0,0.0,0.0,0.0,0.0,0.0,0.0,0.0,0.0,0.0,0.0,0.0,0.0,0.0,0.0,53,19,35.8,2.89,1.04,0.08,0.21,15.4,281,409,68.7,4061,1168,157,204,77.0,92,116,79.3,17,42,40.5,28,30,20,1,56,395,11,1,5,5,14,0,0,3,61,3.33,61,3.33,43,0,9,4,3,2,7,0.38,2,0,1,0,3,1,30,14,5,19,6,11,28,39.3,17,30,2,28,5,35,9,0,18.3,647,9,50,301,303,83,644,37,20,54.1,17,45.9,371,1751,596,21,10,9,54,29,452,125,75000,3900000
Danny Rose,DF,Tottenham,28,26,20,1798.0,20.0,0,3,3,0,0,0,5,0,0.7,0.7,2.2,2.9,0.00,0.15,0.15,0.00,0.04,0.11,0.04,0.15,0.0,0.0,0.0,0.0,0.0,0.0,0.0,0.0,0.0,0.0,0.0,0.0,0.0,0.0,0.0,0.0,0.0,0.0,0.0,0.0,0.0,0.0,0.0,0.0,15,2,13.3,0.75,0.10,0.00,0.00,19.0,843,1185,71.1,12945,4354,479,554,86.5,275,381,72.2,60,143,42.0,26,59,30,12,99,975,204,26,2,5,89,161,17,6,60,3.00,60,3.00,38,6,4,4,6,2,9,0.45,6,1,0,1,1,0,49,31,26,16,7,20,32,62.5,12,24,4,20,24,73,28,3,20.0,1458,37,325,665,485,47,1458,72,35,48.6,37,51.4,839,4532,2667,83,64,11,49,18,889,141,60000,3120000
Danny Simpson,DF,Leicester City,31,6,3,292.0,3.2,0,0,0,0,0,0,0,0,0.0,0.0,0.0,0.0,0.00,0.00,0.00,0.00,0.00,0.01,0.00,0.01,0.0,0.0,0.0,0.0,0.0,0.0,0.0,0.0,0.0,0.0,0.0,0.0,0.0,0.0,0.0,0.0,0.0,0.0,0.0,0.0,0.0,0.0,0.0,0.0,0,0,,0.00,0.00,,,,104,146,71.2,1920,850,43,54,79.6,45,61,73.8,14,25,56.0,1,5,0,0,6,109,37,2,0,2,1,35,0,0,2,0.62,2,0.62,2,0,0,0,0,0,0,0.00,0,0,0,0,0,0,11,3,8,3,0,3,5,60.0,2,7,3,4,6,17,20,0,3.2,200,20,82,99,19,1,200,0,0,,0,,78,182,65,0,1,0,1,2,78,4,45000,2340000
Danny Ward,FW,Cardiff City,26,14,4,445.0,4.9,1,0,1,1,0,0,0,0,0.6,0.6,0.3,0.9,0.20,0.00,0.20,0.20,0.12,0.07,0.12,0.19,0.0,0.0,0.0,0.0,0.0,0.0,0.0,0.0,0.0,0.0,0.0,0.0,0.0,0.0,0.0,0.0,0.0,0.0,0.0,0.0,0.0,0.0,0.0,0.0,11,6,54.5,2.22,1.21,0.09,0.17,15.5,50,94,53.2,731,168,33,56,58.9,13,22,59.1,2,2,100.0,7,8,1,0,9,87,7,0,0,1,2,0,0,0,15,3.04,15,3.04,11,1,0,1,2,0,0,0.00,0,0,0,0,0,0,2,1,0,1,1,0,3,0.0,3,3,1,2,0,2,9,0,4.9,151,11,12,61,78,20,151,2,0,0.0,2,100.0,57,316,88,7,1,4,12,5,105,27,20000,1040000
Danny Welbeck,"FW,MF",Arsenal,27,8,1,153.0,1.7,1,1,2,1,0,0,0,0,0.8,0.8,0.3,1.1,0.59,0.59,1.18,0.59,0.47,0.18,0.47,0.65,0.0,0.0,0.0,0.0,0.0,0.0,0.0,0.0,0.0,0.0,0.0,0.0,0.0,0.0,0.0,0.0,0.0,0.0,0.0,0.0,0.0,0.0,0.0,0.0,4,2,50.0,2.35,1.18,0.25,0.50,10.5,40,54,74.1,554,237,19,25,76.0,14,20,70.0,1,1,100.0,5,8,3,0,10,53,1,0,0,0,0,0,0,0,6,3.53,6,3.53,6,0,0,0,0,0,1,0.59,1,0,0,0,0,0,3,2,0,2,1,0,0,,0,2,0,2,1,4,2,0,1.7,81,2,12,33,39,9,81,6,2,33.3,4,66.7,49,309,202,6,5,3,5,3,56,11,125000,6500000
Danny Williams,MF,Huddersfield,29,5,1,96.0,1.1,0,0,0,0,0,0,1,0,0.0,0.0,0.0,0.1,0.00,0.00,0.00,0.00,0.02,0.04,0.02,0.06,0.0,0.0,0.0,0.0,0.0,0.0,0.0,0.0,0.0,0.0,0.0,0.0,0.0,0.0,0.0,0.0,0.0,0.0,0.0,0.0,0.0,0.0,0.0,0.0,1,0,0.0,0.94,0.00,0.00,,30.3,19,24,79.2,313,56,7,8,87.5,12,14,85.7,0,1,0.0,1,2,0,0,3,24,0,0,0,0,0,0,0,0,1,0.94,1,0.94,1,0,0,0,0,0,0,0.00,0,0,0,0,0,0,0,0,0,0,0,0,0,,0,4,1,3,1,1,2,0,1.1,35,2,7,23,5,0,35,1,1,100.0,0,0.0,16,107,39,1,3,0,1,4,18,1,30000,1560000
Daryl Janmaat,DF,Watford,29,18,17,1520.0,16.9,0,2,2,0,0,0,3,0,0.5,0.5,0.8,1.2,0.00,0.12,0.12,0.00,0.03,0.05,0.03,0.07,0.0,0.0,0.0,0.0,0.0,0.0,0.0,0.0,0.0,0.0,0.0,0.0,0.0,0.0,0.0,0.0,0.0,0.0,0.0,0.0,0.0,0.0,0.0,0.0,11,1,9.1,0.65,0.06,0.00,0.00,21.2,560,782,71.6,9381,4007,291,328,88.7,191,280,68.2,62,137,45.3,12,47,24,12,67,649,133,11,1,4,61,122,0,0,27,1.60,27,1.60,23,0,4,0,0,0,2,0.12,2,0,0,0,0,0,36,24,23,11,2,20,29,69.0,9,16,6,10,33,69,71,0,16.9,991,86,341,425,231,19,991,19,12,63.2,7,36.8,454,1975,1161,32,25,7,15,11,466,51,45000,2340000
David Brooks,"MF,FW",Bournemouth,21,30,29,2261.0,25.1,7,5,12,7,0,0,3,0,6.0,6.0,5.0,10.9,0.28,0.20,0.48,0.28,0.24,0.20,0.24,0.44,0.0,0.0,0.0,0.0,0.0,0.0,0.0,0.0,0.0,0.0,0.0,0.0,0.0,0.0,0.0,0.0,0.0,0.0,0.0,0.0,0.0,0.0,0.0,0.0,41,20,48.8,1.63,0.80,0.17,0.35,16.0,640,899,71.2,9018,2783,407,499,81.6,166,240,69.2,38,68,55.9,30,55,37,2,95,833,62,13,16,3,33,7,19,4,79,3.14,79,3.14,53,5,3,7,7,4,14,0.56,8,0,2,1,2,1,37,26,12,19,6,19,44,43.2,25,36,7,29,24,61,28,0,25.1,1231,23,186,604,457,87,1231,64,24,37.5,40,62.5,847,4787,2276,66,46,22,58,42,870,144,20000,1040000
David Button,GK,Brighton,29,4,4,360.0,4.0,0,0,0,0,0,0,0,0,0.0,0.0,0.0,0.0,0.00,0.00,0.00,0.00,0.00,0.00,0.00,0.00,1.25,18,13,83.3,1,25.0,4.8,0.15,26,87,29.9,74,9,73.0,47.7,34,97.1,65.1,55,3,5.5,2,0.50,13.5,0,0,,0.00,0.00,,,,46,108,42.6,2017,1847,2,2,100.0,14,14,100.0,30,92,32.6,0,0,0,0,0,63,45,11,0,0,0,0,0,0,0,0.00,0,0.00,0,0,0,0,0,0,0,0.00,0,0,0,0,0,0,0,0,0,0,0,0,0,,0,0,0,0,0,0,2,0,4.0,116,105,116,0,0,0,116,0,0,,0,,52,410,313,0,0,0,0,0,36,0,16000,832000
David Luiz,DF,Chelsea,31,36,36,3238.0,36.0,3,2,5,3,0,0,3,0,2.6,2.6,2.9,5.5,0.08,0.06,0.14,0.08,0.07,0.08,0.07,0.15,0.0,0.0,0.0,0.0,0.0,0.0,0.0,0.0,0.0,0.0,0.0,0.0,0.0,0.0,0.0,0.0,0.0,0.0,0.0,0.0,0.0,0.0,0.0,0.0,34,8,23.5,0.95,0.22,0.09,0.38,18.1,2317,2643,87.7,46443,17719,800,851,94.0,1179,1273,92.6,309,459,67.3,17,212,14,1,247,2521,113,103,42,48,4,10,0,9,45,1.25,45,1.25,40,0,0,4,1,0,2,0.06,2,0,0,0,0,0,41,31,27,13,1,21,28,75.0,7,33,18,15,35,76,149,1,36.0,2984,230,1128,1745,141,33,2984,17,10,58.8,7,41.2,1950,13505,9076,54,49,2,14,3,2158,4,125673,6535000
David Silva,MF,Manchester City,32,33,28,2401.0,26.7,6,8,14,6,0,0,2,0,7.8,7.8,8.5,16.3,0.22,0.30,0.52,0.22,0.29,0.32,0.29,0.61,0.0,0.0,0.0,0.0,0.0,0.0,0.0,0.0,0.0,0.0,0.0,0.0,0.0,0.0,0.0,0.0,0.0,0.0,0.0,0.0,0.0,0.0,0.0,0.0,51,18,35.3,1.91,0.67,0.12,0.33,14.1,1795,2108,85.2,24214,5509,1044,1158,90.2,521,600,86.8,83,128,64.8,73,138,84,4,270,2038,59,26,18,7,75,7,23,11,152,5.70,152,5.70,124,8,6,11,3,0,19,0.71,18,1,0,0,0,0,30,18,12,11,7,1,20,5.0,19,18,1,17,22,52,15,0,26.7,2303,18,169,1058,1086,196,2303,47,31,66.0,15,31.9,1609,7721,3902,118,94,36,28,30,1892,222,160000,8320000
David de Gea,GK,Manchester Utd,27,38,38,3420.0,38.0,0,0,0,0,0,0,1,0,0.0,0.0,0.0,0.0,0.00,0.00,0.00,0.00,0.00,0.00,0.00,0.00,1.42,171,120,71.9,7,18.4,49.9,0.26,265,620,42.7,769,153,46.6,38.2,332,78.9,54.6,524,9,1.7,25,0.66,13.4,0,0,,0.00,0.00,,,,719,1106,65.0,25229,21426,76,77,98.7,283,290,97.6,359,733,49.0,0,10,1,0,0,679,422,90,0,1,0,0,0,5,4,0.11,4,0.11,1,3,0,0,0,0,0,0.00,0,0,0,0,0,0,0,0,0,0,0,0,2,0.0,2,1,0,1,0,0,11,4,38.0,1179,1095,1177,2,0,0,1179,0,0,,0,,519,3614,2699,0,0,0,1,0,423,0,200000,10400000
Davide Zappacosta,DF,Chelsea,26,4,1,128.0,1.4,0,0,0,0,0,0,0,0,0.1,0.1,0.1,0.2,0.00,0.00,0.00,0.00,0.06,0.09,0.06,0.15,0.0,0.0,0.0,0.0,0.0,0.0,0.0,0.0,0.0,0.0,0.0,0.0,0.0,0.0,0.0,0.0,0.0,0.0,0.0,0.0,0.0,0.0,0.0,0.0,2,1,50.0,1.41,0.70,0.00,0.00,17.4,74,91,81.3,964,281,46,53,86.8,21,23,91.3,3,5,60.0,1,1,1,0,3,74,17,2,0,1,1,15,0,0,3,2.11,3,2.11,3,0,0,0,0,0,0,0.00,0,0,0,0,0,0,0,0,0,0,0,0,1,0.0,1,0,0,0,3,3,5,0,1.4,107,8,31,48,29,6,107,3,2,66.7,1,33.3,52,345,142,5,2,3,2,2,67,6,70000,3640000
Davinson Sánchez,DF,Tottenham,22,23,22,1942.0,21.6,1,1,2,1,0,0,2,0,1.4,1.4,0.4,1.8,0.05,0.05,0.09,0.05,0.06,0.02,0.06,0.08,0.0,0.0,0.0,0.0,0.0,0.0,0.0,0.0,0.0,0.0,0.0,0.0,0.0,0.0,0.0,0.0,0.0,0.0,0.0,0.0,0.0,0.0,0.0,0.0,14,3,21.4,0.65,0.14,0.07,0.33,9.7,1297,1444,89.8,24668,7528,445,480,92.7,713,759,93.9,127,178,71.3,4,31,0,0,59,1418,25,22,0,4,0,3,0,1,14,0.65,14,0.65,12,0,0,2,0,0,2,0.09,0,0,0,2,0,0,37,20,28,9,0,20,37,54.1,17,17,9,8,30,67,103,2,21.6,1674,148,794,851,35,18,1674,3,1,33.3,2,66.7,1114,4566,2286,5,2,0,8,2,1162,2,65000,3380000
Davy Pröpper,MF,Brighton,26,30,30,2546.0,28.3,1,1,2,1,0,0,2,0,0.9,0.9,1.3,2.1,0.04,0.04,0.07,0.04,0.03,0.05,0.03,0.08,0.0,0.0,0.0,0.0,0.0,0.0,0.0,0.0,0.0,0.0,0.0,0.0,0.0,0.0,0.0,0.0,0.0,0.0,0.0,0.0,0.0,0.0,0.0,0.0,15,2,13.3,0.53,0.07,0.07,0.50,15.9,973,1243,78.3,17226,4813,425,508,83.7,414,491,84.3,104,160,65.0,19,131,17,1,165,1214,15,3,2,15,16,0,0,14,41,1.45,41,1.45,38,0,1,0,1,1,2,0.07,2,0,0,0,0,0,50,28,23,21,6,16,52,30.8,36,21,6,15,53,103,37,0,28.3,1529,46,280,990,273,28,1529,49,29,59.2,20,40.8,851,4236,1834,28,23,1,46,25,955,58,45000,2340000
DeAndre Yedlin,DF,Newcastle Utd,25,29,28,2473.0,27.5,1,2,3,1,0,0,6,1,1.2,1.2,2.0,3.1,0.04,0.07,0.11,0.04,0.04,0.07,0.04,0.11,0.0,0.0,0.0,0.0,0.0,0.0,0.0,0.0,0.0,0.0,0.0,0.0,0.0,0.0,0.0,0.0,0.0,0.0,0.0,0.0,0.0,0.0,0.0,0.0,11,2,18.2,0.40,0.07,0.09,0.50,24.7,768,1094,70.2,10938,4968,435,512,85.0,249,370,67.3,37,108,34.3,28,43,27,15,66,802,288,7,1,3,77,281,0,4,54,1.97,54,1.97,40,8,1,2,2,1,8,0.29,5,2,0,1,0,0,54,32,36,14,4,19,41,46.3,22,36,10,26,28,82,88,0,27.5,1394,93,446,538,418,22,1394,19,8,42.1,11,57.9,492,2132,1220,38,32,4,34,9,612,104,30000,1560000
Declan Rice,MF,West Ham,19,34,34,3003.0,33.4,2,0,2,2,0,0,4,0,1.2,1.2,0.4,1.6,0.06,0.00,0.06,0.06,0.04,0.01,0.04,0.05,0.0,0.0,0.0,0.0,0.0,0.0,0.0,0.0,0.0,0.0,0.0,0.0,0.0,0.0,0.0,0.0,0.0,0.0,0.0,0.0,0.0,0.0,0.0,0.0,22,5,22.7,0.66,0.15,0.09,0.40,18.3,1313,1524,86.2,23599,5791,552,627,88.0,545,605,90.1,169,205,82.4,9,126,2,0,127,1506,17,15,2,21,3,2,0,1,35,1.05,35,1.05,30,0,1,2,0,2,4,0.12,4,0,0,0,0,0,98,60,35,58,5,38,88,43.2,50,51,12,39,52,150,56,0,33.4,1853,74,434,1275,167,27,1853,34,26,76.5,8,23.5,926,5183,2312,27,26,3,21,20,1055,11,3000,156000
Dejan Lovren,DF,Liverpool,29,13,11,986.0,11.0,1,0,1,1,0,0,1,0,0.7,0.7,0.1,0.8,0.09,0.00,0.09,0.09,0.06,0.01,0.06,0.07,0.0,0.0,0.0,0.0,0.0,0.0,0.0,0.0,0.0,0.0,0.0,0.0,0.0,0.0,0.0,0.0,0.0,0.0,0.0,0.0,0.0,0.0,0.0,0.0,6,1,16.7,0.55,0.09,0.17,1.00,12.6,715,829,86.2,13411,4861,250,272,91.9,404,443,91.2,50,95,52.6,1,22,2,1,27,809,18,16,1,3,4,2,0,2,6,0.55,6,0.55,5,0,0,0,1,0,2,0.18,1,0,0,0,1,0,15,9,10,5,0,7,15,46.7,8,11,7,4,11,26,51,2,11.0,941,61,434,493,16,8,941,1,0,0.0,1,100.0,574,2542,1553,2,2,0,3,1,659,2,100000,5200000
Dele Alli,MF,Tottenham,22,25,22,1825.0,20.3,5,3,8,5,0,0,4,0,4.8,4.8,3.1,7.9,0.25,0.15,0.39,0.25,0.23,0.15,0.23,0.39,0.0,0.0,0.0,0.0,0.0,0.0,0.0,0.0,0.0,0.0,0.0,0.0,0.0,0.0,0.0,0.0,0.0,0.0,0.0,0.0,0.0,0.0,0.0,0.0,39,19,48.7,1.92,0.94,0.13,0.26,14.4,836,1056,79.2,11782,2868,495,564,87.8,265,325,81.5,33,63,52.4,27,67,29,1,111,1005,43,13,18,4,10,10,3,8,64,3.16,64,3.16,45,2,6,5,5,1,5,0.25,3,0,0,1,1,0,33,19,6,14,13,5,24,20.8,19,33,5,28,19,52,20,0,20.3,1320,32,147,674,514,91,1320,54,29,53.7,25,46.3,857,4278,1961,48,39,14,49,29,948,153,100000,5200000
Demarai Gray,"FW,MF",Leicester City,22,34,23,1985.0,22.1,4,1,5,4,0,0,2,0,4.5,4.5,1.3,5.8,0.18,0.05,0.23,0.18,0.20,0.06,0.20,0.26,0.0,0.0,0.0,0.0,0.0,0.0,0.0,0.0,0.0,0.0,0.0,0.0,0.0,0.0,0.0,0.0,0.0,0.0,0.0,0.0,0.0,0.0,0.0,0.0,47,19,40.4,2.13,0.86,0.09,0.21,19.7,518,717,72.2,7080,1457,316,371,85.2,132,184,71.7,28,65,43.1,17,37,18,1,53,694,19,4,8,6,52,4,9,4,55,2.49,55,2.49,35,1,8,6,4,1,6,0.27,4,0,1,0,1,0,25,12,7,14,4,6,16,37.5,10,19,0,19,9,34,15,0,22.1,969,18,118,403,463,82,969,73,42,57.5,31,42.5,688,4576,2102,73,38,37,58,38,704,180,55000,2860000
Demeaco Duhaney,DF,Huddersfield,19,1,1,45.0,0.5,0,0,0,0,0,0,0,0,0.0,0.0,0.0,0.0,0.00,0.00,0.00,0.00,0.00,0.00,0.00,0.00,0.0,0.0,0.0,0.0,0.0,0.0,0.0,0.0,0.0,0.0,0.0,0.0,0.0,0.0,0.0,0.0,0.0,0.0,0.0,0.0,0.0,0.0,0.0,0.0,0,0,,0.00,0.00,,,,21,27,77.8,303,146,11,13,84.6,6,7,85.7,2,4,50.0,0,3,0,0,2,20,7,1,0,0,2,6,0,0,0,0.00,0,0.00,0,0,0,0,0,0,0,0.00,0,0,0,0,0,0,1,0,1,0,0,1,3,33.3,2,2,0,2,1,2,1,0,0.5,38,2,8,20,10,0,38,2,0,0.0,2,100.0,20,63,29,1,1,0,2,0,21,1,1000,52000
Denis Odoi,DF,Fulham,30,31,29,2594.0,28.8,0,1,1,0,0,0,4,0,0.6,0.6,0.7,1.3,0.00,0.03,0.03,0.00,0.02,0.02,0.02,0.04,0.0,0.0,0.0,0.0,0.0,0.0,0.0,0.0,0.0,0.0,0.0,0.0,0.0,0.0,0.0,0.0,0.0,0.0,0.0,0.0,0.0,0.0,0.0,0.0,10,1,10.0,0.35,0.03,0.00,0.00,18.2,1161,1433,81.0,20435,7706,494,545,90.6,543,621,87.4,94,199,47.2,11,105,10,4,101,1299,128,46,2,13,13,82,0,6,31,1.08,31,1.08,25,2,0,0,1,3,1,0.03,1,0,0,0,0,0,48,34,29,16,3,21,33,63.6,12,45,24,21,42,90,153,0,28.8,1796,220,781,902,129,16,1796,21,16,76.2,5,23.8,725,4564,2505,36,24,1,18,11,973,16,8981,467000
Denis Suárez,"MF,FW",Arsenal,24,4,0,71.0,0.8,0,0,0,0,0,0,0,0,0.0,0.0,0.0,0.0,0.00,0.00,0.00,0.00,0.00,0.00,0.00,0.00,0.0,0.0,0.0,0.0,0.0,0.0,0.0,0.0,0.0,0.0,0.0,0.0,0.0,0.0,0.0,0.0,0.0,0.0,0.0,0.0,0.0,0.0,0.0,0.0,0,0,,0.00,0.00,,,,32,36,88.9,378,53,20,20,100.0,8,9,88.9,1,1,100.0,0,1,1,0,1,33,2,1,0,0,0,1,0,1,0,0.00,0,0.00,0,0,0,0,0,0,0,0.00,0,0,0,0,0,0,1,1,0,1,0,0,5,0.0,5,0,0,0,1,2,0,0,0.8,52,0,8,29,18,0,52,10,4,40.0,6,60.0,33,280,145,3,3,0,3,1,39,5,86308,4488000
Diego Rico,"DF,MF",Bournemouth,25,12,5,612.0,6.8,0,0,0,0,0,0,1,0,0.2,0.2,1.1,1.3,0.00,0.00,0.00,0.00,0.04,0.16,0.04,0.20,0.0,0.0,0.0,0.0,0.0,0.0,0.0,0.0,0.0,0.0,0.0,0.0,0.0,0.0,0.0,0.0,0.0,0.0,0.0,0.0,0.0,0.0,0.0,0.0,9,0,0.0,1.32,0.00,0.00,,28.2,272,388,70.1,4469,2046,143,172,83.1,97,143,67.8,25,47,53.2,11,20,9,4,39,297,88,15,0,2,39,61,12,3,17,2.50,17,2.50,11,4,1,1,0,0,1,0.15,1,0,0,0,0,0,14,9,8,2,4,4,12,33.3,8,13,2,11,14,28,20,0,6.8,475,31,143,202,137,3,475,4,4,100.0,0,0.0,247,958,624,11,6,0,4,5,236,34,35000,1820000
Diogo Dalot,"DF,FW",Manchester Utd,19,16,12,1013.0,11.3,0,2,2,0,0,0,3,0,0.7,0.7,2.3,3.0,0.00,0.18,0.18,0.00,0.06,0.20,0.06,0.27,0.0,0.0,0.0,0.0,0.0,0.0,0.0,0.0,0.0,0.0,0.0,0.0,0.0,0.0,0.0,0.0,0.0,0.0,0.0,0.0,0.0,0.0,0.0,0.0,15,0,0.0,1.33,0.00,0.00,,24.3,389,560,69.5,6025,2079,192,231,83.1,144,210,68.6,26,56,46.4,17,22,14,7,31,469,91,1,0,0,50,87,3,0,30,2.67,30,2.67,22,2,3,3,0,0,2,0.18,2,0,0,0,0,0,24,12,8,14,2,14,19,73.7,5,15,2,13,10,34,35,1,11.3,700,39,165,316,221,20,700,16,11,68.8,5,31.3,309,1733,1027,42,26,13,10,4,384,82,25000,1300000
Diogo Jota,"FW,MF",Wolves,21,33,29,2355.0,26.2,9,5,14,9,0,0,11,0,8.8,8.8,5.3,14.0,0.34,0.19,0.54,0.34,0.34,0.20,0.34,0.54,0.0,0.0,0.0,0.0,0.0,0.0,0.0,0.0,0.0,0.0,0.0,0.0,0.0,0.0,0.0,0.0,0.0,0.0,0.0,0.0,0.0,0.0,0.0,0.0,58,24,41.4,2.22,0.92,0.16,0.38,14.0,574,789,72.8,8078,1773,327,395,82.8,170,243,70.0,30,47,63.8,27,45,18,3,71,752,33,0,3,1,36,4,0,4,89,3.40,89,3.40,53,1,12,10,13,0,11,0.42,5,0,1,3,2,0,28,16,11,11,6,10,38,26.3,28,20,1,19,13,41,11,0,26.2,1131,13,101,534,524,120,1131,119,57,47.9,62,52.1,685,6068,3135,125,94,47,75,48,840,182,55000,2860000
Divock Origi,FW,Liverpool,23,12,4,371.0,4.1,3,1,4,3,0,0,0,0,2.2,2.2,0.2,2.3,0.73,0.24,0.97,0.73,0.53,0.04,0.53,0.57,0.0,0.0,0.0,0.0,0.0,0.0,0.0,0.0,0.0,0.0,0.0,0.0,0.0,0.0,0.0,0.0,0.0,0.0,0.0,0.0,0.0,0.0,0.0,0.0,13,6,46.2,3.15,1.46,0.23,0.50,17.0,77,115,67.0,1087,284,50,62,80.6,14,24,58.3,6,10,60.0,3,6,4,0,7,112,3,0,0,5,5,2,0,0,11,2.67,11,2.67,7,0,1,2,1,0,1,0.24,1,0,0,0,0,0,6,1,2,3,1,1,4,25.0,3,2,0,2,0,6,2,0,4.1,167,0,16,65,87,18,167,10,6,60.0,4,40.0,117,794,362,16,10,6,9,10,122,28,45000,2340000
Domingos Quina,MF,Watford,18,8,3,338.0,3.8,1,0,1,1,0,0,0,0,0.2,0.2,0.1,0.2,0.27,0.00,0.27,0.27,0.04,0.02,0.04,0.06,0.0,0.0,0.0,0.0,0.0,0.0,0.0,0.0,0.0,0.0,0.0,0.0,0.0,0.0,0.0,0.0,0.0,0.0,0.0,0.0,0.0,0.0,0.0,0.0,5,1,20.0,1.33,0.27,0.20,1.00,25.7,195,232,84.1,3385,980,89,104,85.6,80,88,90.9,20,25,80.0,2,25,3,1,20,228,2,1,0,4,2,1,0,2,9,2.40,9,2.40,7,0,0,0,1,1,0,0.00,0,0,0,0,0,0,9,7,3,5,1,3,11,27.3,8,6,0,6,3,12,1,0,3.8,272,5,33,190,50,4,272,11,5,45.5,6,54.5,196,1000,423,8,5,2,7,5,198,6,8000,416000
Dominic Calvert-Lewin,FW,Everton,21,35,19,1784.0,19.8,6,2,8,6,0,0,3,0,5.5,5.5,1.4,6.9,0.30,0.10,0.40,0.30,0.28,0.07,0.28,0.35,0.0,0.0,0.0,0.0,0.0,0.0,0.0,0.0,0.0,0.0,0.0,0.0,0.0,0.0,0.0,0.0,0.0,0.0,0.0,0.0,0.0,0.0,0.0,0.0,52,16,30.8,2.62,0.81,0.12,0.38,14.1,266,439,60.6,3212,570,162,235,68.9,49,98,50.0,16,24,66.7,12,23,7,1,31,431,6,0,3,0,8,1,0,2,35,1.77,35,1.77,22,0,4,5,4,0,5,0.25,2,0,0,2,1,0,13,7,3,3,7,7,15,46.7,8,16,3,13,7,20,19,0,19.8,702,24,52,309,350,82,702,39,21,53.8,18,46.2,417,2307,736,32,25,11,67,42,551,136,20000,1040000
Dominic Solanke,"FW,MF",Bournemouth,20,10,2,347.0,3.9,0,1,1,0,0,0,0,0,1.0,1.0,0.4,1.3,0.00,0.26,0.26,0.00,0.25,0.10,0.25,0.35,0.0,0.0,0.0,0.0,0.0,0.0,0.0,0.0,0.0,0.0,0.0,0.0,0.0,0.0,0.0,0.0,0.0,0.0,0.0,0.0,0.0,0.0,0.0,0.0,11,3,27.3,2.85,0.78,0.00,0.00,13.9,71,100,71.0,777,165,51,64,79.7,9,14,64.3,2,4,50.0,8,2,2,0,6,97,3,0,1,0,1,0,0,0,20,5.19,20,5.19,12,0,3,1,2,2,2,0.52,1,0,0,0,0,1,8,3,1,4,3,1,8,12.5,7,4,1,3,2,10,9,0,3.9,163,13,23,72,72,22,163,17,10,58.8,7,41.2,106,624,271,10,4,4,15,9,118,24,25000,1300000
Dwight McNeil,MF,Burnley,18,21,19,1591.0,17.7,3,5,8,3,0,0,2,0,2.0,2.0,3.4,5.4,0.17,0.28,0.45,0.17,0.11,0.19,0.11,0.30,0.0,0.0,0.0,0.0,0.0,0.0,0.0,0.0,0.0,0.0,0.0,0.0,0.0,0.0,0.0,0.0,0.0,0.0,0.0,0.0,0.0,0.0,0.0,0.0,27,6,22.2,1.53,0.34,0.11,0.50,20.9,380,583,65.2,6143,2005,215,251,85.7,100,157,63.7,46,109,42.2,26,24,17,11,41,522,53,26,4,5,117,5,22,8,47,2.66,47,2.66,21,20,2,1,3,0,10,0.57,7,2,0,1,0,0,36,22,16,17,3,13,44,29.5,31,30,3,27,13,49,35,0,17.7,795,41,138,345,335,29,795,55,31,56.4,24,43.6,458,3701,1764,75,54,12,31,24,473,56,500,26000
Eddie Nketiah,"MF,FW",Arsenal,19,5,0,67.0,0.7,1,0,1,1,0,0,0,0,0.2,0.2,0.1,0.3,1.34,0.00,1.34,1.34,0.27,0.18,0.27,0.45,0.0,0.0,0.0,0.0,0.0,0.0,0.0,0.0,0.0,0.0,0.0,0.0,0.0,0.0,0.0,0.0,0.0,0.0,0.0,0.0,0.0,0.0,0.0,0.0,3,1,33.3,4.03,1.34,0.33,1.00,13.4,18,21,85.7,230,48,9,9,100.0,8,8,100.0,0,1,0.0,1,0,1,0,1,19,1,0,0,0,0,0,0,1,5,6.72,5,6.72,2,0,2,1,0,0,0,0.00,0,0,0,0,0,0,1,1,0,1,0,0,0,,0,0,0,0,0,1,1,0,0.7,29,0,1,11,17,5,29,4,2,50.0,2,50.0,20,122,67,3,1,2,2,3,24,7,4000,208000
Eden Hazard,FW,Chelsea,27,37,32,2923.0,32.5,16,15,31,12,4,4,2,0,10.5,7.4,10.0,17.4,0.49,0.46,0.95,0.37,0.32,0.31,0.23,0.53,0.0,0.0,0.0,0.0,0.0,0.0,0.0,0.0,0.0,0.0,0.0,0.0,0.0,0.0,0.0,0.0,0.0,0.0,0.0,0.0,0.0,0.0,0.0,0.0,89,39,43.8,2.74,1.20,0.13,0.31,18.0,1581,1985,79.6,23903,6005,905,1031,87.8,430,538,79.9,147,220,66.8,97,127,90,9,249,1810,166,54,13,37,145,12,92,9,221,6.80,221,6.80,143,17,28,7,24,2,33,1.02,17,3,10,1,2,0,14,9,2,1,11,5,17,29.4,12,10,0,10,13,27,6,1,32.5,2358,4,103,723,1568,223,2354,204,137,67.2,67,32.8,1728,14153,7651,276,177,108,87,85,2026,439,224423,11670000
Ederson,GK,Manchester City,24,38,38,3420.0,38.0,0,1,1,0,0,0,2,0,0.0,0.0,0.1,0.1,0.00,0.03,0.03,0.00,0.00,0.00,0.00,0.00,0.61,81,58,76.5,20,52.6,23.3,0.25,98,239,41.0,919,188,17.1,26.8,189,43.4,42.9,282,19,6.7,41,1.08,16.9,0,0,,0.00,0.00,,,,946,1112,85.1,22857,15482,212,212,100.0,530,540,98.1,202,353,57.2,3,9,0,0,3,860,248,59,1,4,0,0,0,4,5,0.13,5,0.13,2,3,0,0,0,0,1,0.03,0,1,0,0,0,0,3,3,2,1,0,3,3,100.0,0,0,0,0,1,4,12,2,38.0,1162,979,1145,19,0,0,1162,1,1,100.0,0,0.0,722,3390,2379,0,0,0,1,0,621,0,100000,5200000
Elias Kachunga,"FW,MF",Huddersfield,26,20,13,1182.0,13.1,0,0,0,0,0,0,2,0,0.9,0.9,0.2,1.1,0.00,0.00,0.00,0.00,0.07,0.02,0.07,0.08,0.0,0.0,0.0,0.0,0.0,0.0,0.0,0.0,0.0,0.0,0.0,0.0,0.0,0.0,0.0,0.0,0.0,0.0,0.0,0.0,0.0,0.0,0.0,0.0,14,3,21.4,1.07,0.23,0.00,0.00,15.1,220,317,69.4,2864,574,135,172,78.5,55,78,70.5,12,22,54.5,5,14,5,5,22,307,9,1,0,0,15,5,0,1,13,0.99,13,0.99,9,0,1,2,1,0,0,0.00,0,0,0,0,0,0,22,9,8,12,2,9,25,36.0,16,16,1,15,4,26,10,0,13.1,452,12,72,201,185,23,452,26,10,38.5,16,61.5,249,1656,666,29,19,6,21,20,299,66,25000,1300000
Emerson Hyndman,MF,Bournemouth,22,1,0,38.0,0.4,0,0,0,0,0,0,0,0,0.0,0.0,0.0,0.0,0.00,0.00,0.00,0.00,0.00,0.00,0.00,0.00,0.0,0.0,0.0,0.0,0.0,0.0,0.0,0.0,0.0,0.0,0.0,0.0,0.0,0.0,0.0,0.0,0.0,0.0,0.0,0.0,0.0,0.0,0.0,0.0,0,0,,0.00,0.00,,,,16,23,69.6,235,33,8,9,88.9,6,9,66.7,1,1,100.0,0,2,0,0,2,23,0,0,0,0,0,0,0,0,1,2.37,1,2.37,1,0,0,0,0,0,0,0.00,0,0,0,0,0,0,6,2,6,0,0,2,3,66.7,1,0,0,0,1,7,0,0,0.4,29,0,12,11,6,0,29,0,0,,0,,16,60,29,0,0,0,1,1,17,0,15000,780000
Emerson Palmieri,DF,Chelsea,23,10,7,663.0,7.4,0,0,0,0,0,0,0,0,0.3,0.3,0.3,0.6,0.00,0.00,0.00,0.00,0.04,0.04,0.04,0.08,0.0,0.0,0.0,0.0,0.0,0.0,0.0,0.0,0.0,0.0,0.0,0.0,0.0,0.0,0.0,0.0,0.0,0.0,0.0,0.0,0.0,0.0,0.0,0.0,5,1,20.0,0.68,0.14,0.00,0.00,21.9,451,523,86.2,5381,1380,319,342,93.3,95,113,84.1,9,22,40.9,5,21,12,3,34,459,64,5,2,1,28,59,0,0,16,2.17,16,2.17,14,0,1,0,0,1,1,0.14,1,0,0,0,0,0,14,9,6,5,3,6,10,60.0,4,11,1,10,8,22,14,0,7.4,597,16,120,239,243,18,597,14,10,71.4,4,28.6,355,2146,1436,39,20,7,8,9,424,50,42000,2184000
Eric Bailly,DF,Manchester Utd,24,12,8,638.0,7.1,0,0,0,0,0,0,0,1,0.2,0.2,0.0,0.2,0.00,0.00,0.00,0.00,0.03,0.00,0.03,0.03,0.0,0.0,0.0,0.0,0.0,0.0,0.0,0.0,0.0,0.0,0.0,0.0,0.0,0.0,0.0,0.0,0.0,0.0,0.0,0.0,0.0,0.0,0.0,0.0,3,1,33.3,0.42,0.14,0.00,0.00,11.6,264,305,86.6,5067,1597,82,88,93.2,150,164,91.5,27,43,62.8,0,6,0,0,13,295,9,7,0,3,0,2,0,1,2,0.28,2,0.28,1,0,0,0,1,0,0,0.00,0,0,0,0,0,0,15,9,14,1,0,8,10,80.0,2,9,4,5,13,28,39,1,7.1,390,56,215,167,11,7,390,5,4,80.0,1,20.0,191,868,338,3,1,0,5,1,233,2,80000,4160000
Eric Dier,"MF,DF",Tottenham,24,20,18,1506.0,16.7,3,0,3,3,0,0,4,0,1.0,1.0,1.0,2.0,0.18,0.00,0.18,0.18,0.06,0.06,0.06,0.12,0.0,0.0,0.0,0.0,0.0,0.0,0.0,0.0,0.0,0.0,0.0,0.0,0.0,0.0,0.0,0.0,0.0,0.0,0.0,0.0,0.0,0.0,0.0,0.0,9,3,33.3,0.54,0.18,0.33,1.00,12.0,923,1093,84.4,15766,4675,412,462,89.2,416,470,88.5,70,114,61.4,8,76,14,1,95,1066,26,23,5,7,6,3,0,1,22,1.31,22,1.31,19,0,0,0,2,1,2,0.12,2,0,0,0,0,0,26,16,7,15,4,19,47,40.4,28,27,12,15,21,47,46,1,16.7,1253,63,363,785,110,14,1253,7,2,28.6,5,71.4,771,3469,1716,18,19,2,12,9,905,7,60000,3120000
Erik Durm,DF,Huddersfield,26,28,21,2055.0,22.8,0,1,1,0,0,0,0,0,0.4,0.4,0.6,1.0,0.00,0.04,0.04,0.00,0.02,0.03,0.02,0.04,0.0,0.0,0.0,0.0,0.0,0.0,0.0,0.0,0.0,0.0,0.0,0.0,0.0,0.0,0.0,0.0,0.0,0.0,0.0,0.0,0.0,0.0,0.0,0.0,10,0,0.0,0.44,0.00,0.00,,21.1,740,1087,68.1,11480,4444,401,488,82.2,238,354,67.2,71,155,45.8,11,42,18,9,61,832,248,7,0,4,65,240,1,7,37,1.62,37,1.62,30,1,3,1,1,1,2,0.09,2,0,0,0,0,0,35,22,24,8,3,14,33,42.4,19,26,6,20,41,76,42,0,22.8,1306,51,345,576,400,22,1306,21,12,57.1,9,42.9,564,2938,1359,42,26,8,33,14,636,106,35000,1820000
Fabian Delph,DF,Manchester City,28,11,8,725.0,8.1,0,1,1,0,0,0,1,1,0.1,0.1,0.3,0.4,0.00,0.12,0.12,0.00,0.01,0.04,0.01,0.06,0.0,0.0,0.0,0.0,0.0,0.0,0.0,0.0,0.0,0.0,0.0,0.0,0.0,0.0,0.0,0.0,0.0,0.0,0.0,0.0,0.0,0.0,0.0,0.0,4,3,75.0,0.50,0.37,0.00,0.00,27.0,700,766,91.4,10170,2319,425,436,97.5,210,231,90.9,42,58,72.4,3,67,11,1,59,695,71,6,0,8,8,65,0,0,14,1.74,14,1.74,14,0,0,0,0,0,2,0.25,2,0,0,0,0,0,23,14,11,7,5,12,23,52.2,11,3,0,3,13,36,19,1,8.1,845,20,123,555,168,1,845,9,8,88.9,1,11.1,605,2399,1235,20,25,1,10,1,615,23,80000,4160000
Fabian Schär,DF,Newcastle Utd,26,24,22,1999.0,22.2,4,1,5,4,0,0,12,0,1.9,1.9,0.7,2.6,0.18,0.05,0.23,0.18,0.08,0.03,0.08,0.12,0.0,0.0,0.0,0.0,0.0,0.0,0.0,0.0,0.0,0.0,0.0,0.0,0.0,0.0,0.0,0.0,0.0,0.0,0.0,0.0,0.0,0.0,0.0,0.0,25,7,28.0,1.13,0.32,0.16,0.57,18.7,687,1025,67.0,15962,6758,223,268,83.2,287,354,81.1,167,360,46.4,11,80,9,2,72,972,47,39,4,48,17,8,0,6,32,1.44,32,1.44,29,0,2,1,0,0,1,0.05,1,0,0,0,0,0,60,39,37,19,4,24,50,48.0,26,40,16,24,67,127,145,2,22.2,1401,161,670,651,104,26,1401,22,14,63.6,8,36.4,642,3633,2391,26,24,4,11,10,754,8,40000,2080000
Fabinho,MF,Liverpool,24,28,21,2017.0,22.4,1,2,3,1,0,0,6,0,1.0,1.0,1.8,2.8,0.04,0.09,0.13,0.04,0.05,0.08,0.05,0.12,0.0,0.0,0.0,0.0,0.0,0.0,0.0,0.0,0.0,0.0,0.0,0.0,0.0,0.0,0.0,0.0,0.0,0.0,0.0,0.0,0.0,0.0,0.0,0.0,17,4,23.5,0.76,0.18,0.06,0.25,24.2,1381,1627,84.9,23150,6053,639,716,89.2,592,663,89.3,106,169,62.7,16,128,21,3,130,1589,35,30,2,11,10,4,0,3,42,1.87,42,1.87,33,0,2,2,3,2,5,0.22,4,0,0,0,1,0,59,31,17,38,4,24,59,40.7,35,34,6,28,28,87,27,2,22.4,1847,49,279,1306,276,19,1847,16,10,62.5,6,37.5,1141,5444,2839,28,41,0,10,16,1334,19,100000,5200000
Fabián Balbuena,DF,West Ham,26,23,23,2013.0,22.4,1,0,1,1,0,0,2,0,2.1,2.1,0.2,2.3,0.04,0.00,0.04,0.04,0.10,0.01,0.10,0.10,0.0,0.0,0.0,0.0,0.0,0.0,0.0,0.0,0.0,0.0,0.0,0.0,0.0,0.0,0.0,0.0,0.0,0.0,0.0,0.0,0.0,0.0,0.0,0.0,19,2,10.5,0.85,0.09,0.05,0.50,9.3,662,836,79.2,12742,5652,235,262,89.7,342,402,85.1,70,137,51.1,3,31,0,0,49,806,28,27,1,5,1,1,0,2,12,0.54,12,0.54,7,0,0,5,0,0,1,0.04,0,0,0,1,0,0,40,20,34,6,0,16,42,38.1,26,23,15,8,53,93,175,0,22.4,1157,198,631,489,39,28,1157,1,1,100.0,0,0.0,485,2345,1391,1,4,0,4,2,589,4,40000,2080000
Fabricio,GK,Fulham,30,2,2,180.0,2.0,0,0,0,0,0,0,0,0,0.0,0.0,0.0,0.0,0.00,0.00,0.00,0.00,0.00,0.00,0.00,0.00,2.50,21,16,76.2,0,0.0,4.3,0.21,16,28,57.1,47,14,40.4,35.4,14,64.3,44.0,29,2,6.9,3,1.50,13.6,0,0,,0.00,0.00,,,,46,61,75.4,1519,1243,3,3,100.0,20,20,100.0,22,37,59.5,0,1,0,0,0,43,18,4,0,0,0,0,0,0,0,0.00,0,0.00,0,0,0,0,0,0,0,0.00,0,0,0,0,0,0,1,1,1,0,0,0,0,,0,0,0,0,0,1,3,2,2.0,75,71,75,0,0,0,75,0,0,,0,,25,182,120,0,0,0,0,0,23,0,45000,2340000
Federico Fernández,DF,Newcastle Utd,29,19,17,1484.0,16.5,0,1,1,0,0,0,2,0,0.2,0.2,0.5,0.7,0.00,0.06,0.06,0.00,0.01,0.03,0.01,0.04,0.0,0.0,0.0,0.0,0.0,0.0,0.0,0.0,0.0,0.0,0.0,0.0,0.0,0.0,0.0,0.0,0.0,0.0,0.0,0.0,0.0,0.0,0.0,0.0,4,1,25.0,0.24,0.06,0.00,0.00,14.4,484,620,78.1,10496,4014,141,162,87.0,237,267,88.8,98,171,57.3,5,28,3,2,40,597,19,19,0,11,5,0,0,4,11,0.67,11,0.67,9,1,0,0,0,1,2,0.12,2,0,0,0,0,0,16,12,12,4,0,10,18,55.6,8,19,12,7,25,41,106,1,16.5,812,122,439,352,27,18,812,0,0,,0,,369,1664,790,2,3,0,7,4,433,3,43000,2236000
Felipe Anderson,"MF,FW",West Ham,25,36,36,3043.0,33.8,9,4,13,9,0,0,3,0,5.5,5.5,6.1,11.5,0.27,0.12,0.38,0.27,0.16,0.18,0.16,0.34,0.0,0.0,0.0,0.0,0.0,0.0,0.0,0.0,0.0,0.0,0.0,0.0,0.0,0.0,0.0,0.0,0.0,0.0,0.0,0.0,0.0,0.0,0.0,0.0,58,24,41.4,1.72,0.71,0.16,0.38,18.7,1325,1824,72.6,20473,6459,703,832,84.5,378,506,74.7,130,241,53.9,64,111,85,12,191,1681,133,57,22,32,122,26,49,10,139,4.11,139,4.11,95,17,11,5,7,4,15,0.44,10,0,3,2,0,0,89,49,33,44,12,31,101,30.7,70,71,0,71,41,130,18,1,33.8,2319,29,269,1148,954,107,2319,156,76,48.7,80,51.3,1397,10958,6130,201,158,52,97,54,1622,253,85000,4420000
Fernandinho,MF,Manchester City,33,29,27,2377.0,26.4,1,3,4,1,0,0,5,0,1.6,1.6,3.0,4.5,0.04,0.11,0.15,0.04,0.06,0.11,0.06,0.17,0.0,0.0,0.0,0.0,0.0,0.0,0.0,0.0,0.0,0.0,0.0,0.0,0.0,0.0,0.0,0.0,0.0,0.0,0.0,0.0,0.0,0.0,0.0,0.0,30,7,23.3,1.14,0.27,0.03,0.14,23.2,1799,2070,86.9,28891,8480,854,927,92.1,743,834,89.1,120,167,71.9,22,244,38,0,236,2020,40,34,13,13,4,6,0,10,72,2.73,72,2.73,61,0,1,2,4,4,10,0.38,8,0,0,0,1,1,57,43,19,30,8,26,47,55.3,21,28,4,24,41,98,70,0,26.4,2356,92,422,1570,386,24,2356,26,19,73.1,7,26.9,1610,8163,4720,58,66,2,25,13,1766,29,180000,9360000
Fernando Llorente,FW,Tottenham,33,20,6,694.0,7.7,1,4,5,1,0,0,2,0,3.4,3.4,1.6,5.0,0.13,0.52,0.65,0.13,0.44,0.21,0.44,0.64,0.0,0.0,0.0,0.0,0.0,0.0,0.0,0.0,0.0,0.0,0.0,0.0,0.0,0.0,0.0,0.0,0.0,0.0,0.0,0.0,0.0,0.0,0.0,0.0,24,5,20.8,3.11,0.65,0.04,0.20,10.6,148,226,65.5,1727,234,101,137,73.7,31,45,68.9,3,9,33.3,14,11,2,0,10,223,1,0,1,1,1,0,0,2,21,2.72,21,2.72,18,0,1,2,0,0,2,0.26,2,0,0,0,0,0,4,2,3,0,1,2,3,66.7,1,7,2,5,1,5,10,0,7.7,319,13,24,126,170,55,319,5,5,100.0,0,0.0,156,416,112,3,1,2,27,12,249,72,75000,3900000
Florent Hadergjonaj,"DF,MF",Huddersfield,24,24,19,1842.0,20.5,0,0,0,0,0,0,1,0,0.2,0.2,1.5,1.7,0.00,0.00,0.00,0.00,0.01,0.07,0.01,0.08,0.0,0.0,0.0,0.0,0.0,0.0,0.0,0.0,0.0,0.0,0.0,0.0,0.0,0.0,0.0,0.0,0.0,0.0,0.0,0.0,0.0,0.0,0.0,0.0,6,2,33.3,0.29,0.10,0.00,0.00,19.6,688,973,70.7,11043,4256,371,429,86.5,217,316,68.7,69,152,45.4,23,43,24,18,65,803,167,13,2,7,91,154,0,3,41,2.00,41,2.00,37,0,1,1,0,2,0,0.00,0,0,0,0,0,0,30,17,10,18,2,13,37,35.1,24,21,7,14,21,51,37,1,20.5,1146,34,261,517,381,12,1146,22,10,45.5,12,54.5,521,2655,1316,47,37,4,22,3,665,106,23000,1196000
Florian Lejeune,DF,Newcastle Utd,27,12,12,1054.0,11.7,0,0,0,0,0,0,0,0,0.4,0.4,0.4,0.8,0.00,0.00,0.00,0.00,0.04,0.03,0.04,0.07,0.0,0.0,0.0,0.0,0.0,0.0,0.0,0.0,0.0,0.0,0.0,0.0,0.0,0.0,0.0,0.0,0.0,0.0,0.0,0.0,0.0,0.0,0.0,0.0,7,2,28.6,0.60,0.17,0.00,0.00,15.9,433,575,75.3,9880,3403,147,178,82.6,185,218,84.9,96,156,61.5,6,34,5,1,33,554,19,16,3,34,7,3,0,2,13,1.11,13,1.11,11,0,0,1,1,0,1,0.09,1,0,0,0,0,0,25,15,17,7,1,11,24,45.8,13,16,5,11,21,46,49,0,11.7,710,79,342,330,42,13,710,4,3,75.0,1,25.0,327,1615,808,9,5,0,9,0,404,8,38000,1976000
Florin Andone,FW,Brighton,25,23,8,881.0,9.8,3,0,3,3,0,0,5,0,2.5,2.5,0.1,2.6,0.31,0.00,0.31,0.31,0.25,0.01,0.25,0.26,0.0,0.0,0.0,0.0,0.0,0.0,0.0,0.0,0.0,0.0,0.0,0.0,0.0,0.0,0.0,0.0,0.0,0.0,0.0,0.0,0.0,0.0,0.0,0.0,19,8,42.1,1.94,0.82,0.16,0.38,12.3,113,170,66.5,1385,187,73,94,77.7,29,49,59.2,2,6,33.3,2,3,1,1,4,164,6,0,0,0,5,0,0,0,13,1.33,13,1.33,7,0,1,3,2,0,1,0.10,0,0,0,1,0,0,10,2,3,4,3,1,6,16.7,5,9,1,8,3,13,12,0,9.8,345,15,50,143,161,46,345,37,9,24.3,28,75.7,210,1186,368,13,11,11,48,33,237,62,40000,2080000
Floyd Ayité,"FW,MF",Fulham,29,16,3,476.0,5.3,1,0,1,1,0,0,0,0,0.4,0.4,0.5,0.9,0.19,0.00,0.19,0.19,0.07,0.10,0.07,0.17,0.0,0.0,0.0,0.0,0.0,0.0,0.0,0.0,0.0,0.0,0.0,0.0,0.0,0.0,0.0,0.0,0.0,0.0,0.0,0.0,0.0,0.0,0.0,0.0,7,1,14.3,1.32,0.19,0.14,1.00,21.1,156,200,78.0,2301,669,96,109,88.1,46,62,74.2,10,15,66.7,9,14,6,1,23,195,5,1,0,1,6,2,2,0,16,3.03,16,3.03,13,1,1,1,0,0,1,0.19,0,0,1,0,0,0,4,4,2,1,1,2,6,33.3,4,8,1,7,7,11,5,0,5.3,272,6,38,140,98,14,272,17,10,58.8,7,41.2,160,1122,489,14,10,4,20,13,191,44,8000,416000
Fousseni Diabaté,FW,Leicester City,22,1,1,54.0,0.6,0,0,0,0,0,0,0,0,0.0,0.0,0.1,0.1,0.00,0.00,0.00,0.00,0.00,0.11,0.00,0.11,0.0,0.0,0.0,0.0,0.0,0.0,0.0,0.0,0.0,0.0,0.0,0.0,0.0,0.0,0.0,0.0,0.0,0.0,0.0,0.0,0.0,0.0,0.0,0.0,0,0,,0.00,0.00,,,,9,16,56.3,135,32,4,8,50.0,3,4,75.0,1,1,100.0,1,0,1,1,0,16,0,0,0,0,2,0,0,0,2,3.33,2,3.33,2,0,0,0,0,0,0,0.00,0,0,0,0,0,0,2,0,2,0,0,0,1,0.0,1,2,0,2,0,2,0,0,0.6,21,0,6,10,5,0,21,0,0,,0,,12,53,32,0,0,0,1,0,14,5,15000,780000
Fraser Forster,GK,Southampton,30,1,1,90.0,1.0,0,0,0,0,0,0,0,0,0.0,0.0,0.0,0.0,0.00,0.00,0.00,0.00,0.00,0.00,0.00,0.00,3.00,6,3,50.0,0,0.0,1.9,0.31,5,18,27.8,16,4,68.8,42.6,7,100.0,65.1,5,0,0.0,0,0.00,2.0,0,0,,0.00,0.00,,,,10,23,43.5,392,375,1,1,100.0,4,4,100.0,5,18,27.8,0,0,0,0,0,12,11,4,0,0,0,0,0,0,0,0.00,0,0.00,0,0,0,0,0,0,0,0.00,0,0,0,0,0,0,0,0,0,0,0,0,0,,0,0,0,0,0,0,1,0,1.0,27,24,27,0,0,0,27,0,0,,0,,10,58,35,0,0,0,0,0,7,0,70000,3640000
Fred,MF,Manchester Utd,25,17,13,1041.0,11.6,1,1,2,1,0,0,2,0,0.8,0.8,1.0,1.9,0.09,0.09,0.17,0.09,0.07,0.09,0.07,0.16,0.0,0.0,0.0,0.0,0.0,0.0,0.0,0.0,0.0,0.0,0.0,0.0,0.0,0.0,0.0,0.0,0.0,0.0,0.0,0.0,0.0,0.0,0.0,0.0,17,2,11.8,1.47,0.17,0.06,0.50,25.3,673,791,85.1,12069,3141,289,326,88.7,271,297,91.2,82,109,75.2,12,76,4,2,73,754,32,22,3,13,13,4,4,5,31,2.68,31,2.68,25,3,0,1,2,0,2,0.17,2,0,0,0,0,0,29,17,12,16,1,15,33,45.5,18,26,2,24,16,45,14,2,11.6,937,22,176,622,148,10,937,16,10,62.5,6,37.5,558,2733,1399,18,20,5,21,18,658,21,120000,6240000
Gabriel Jesus,FW,Manchester City,21,29,8,1036.0,11.5,7,3,10,6,1,1,1,0,11.2,10.5,2.3,12.7,0.61,0.26,0.87,0.52,0.97,0.20,0.91,1.11,0.0,0.0,0.0,0.0,0.0,0.0,0.0,0.0,0.0,0.0,0.0,0.0,0.0,0.0,0.0,0.0,0.0,0.0,0.0,0.0,0.0,0.0,0.0,0.0,42,22,52.4,3.65,1.91,0.14,0.27,11.6,294,362,81.2,3182,445,182,210,86.7,61,73,83.6,6,10,60.0,21,15,8,0,21,348,13,1,2,0,4,0,0,1,48,4.17,48,4.17,36,0,6,5,1,0,6,0.52,5,0,0,1,0,0,10,3,5,2,3,0,5,0.0,5,16,2,14,3,13,4,0,11.5,535,4,33,205,306,95,534,38,22,57.9,16,42.1,382,1827,881,35,23,17,32,29,423,128,90000,4680000
Gary Cahill,DF,Chelsea,32,2,0,24.0,0.3,0,0,0,0,0,0,0,0,0.0,0.0,0.0,0.0,0.00,0.00,0.00,0.00,0.00,0.00,0.00,0.00,0.0,0.0,0.0,0.0,0.0,0.0,0.0,0.0,0.0,0.0,0.0,0.0,0.0,0.0,0.0,0.0,0.0,0.0,0.0,0.0,0.0,0.0,0.0,0.0,0,0,,0.00,0.00,,,,16,18,88.9,248,156,7,7,100.0,9,11,81.8,0,0,,0,0,0,0,7,18,0,0,0,0,0,0,0,0,0,0.00,0,0.00,0,0,0,0,0,0,0,0.00,0,0,0,0,0,0,0,0,0,0,0,0,0,,0,0,0,0,0,0,1,0,0.3,19,1,4,15,0,0,19,0,0,,0,,11,76,62,0,0,0,0,0,14,0,80000,4160000
Gary Madine,"FW,MF",Cardiff City,27,5,0,37.0,0.4,0,0,0,0,0,0,0,0,0.0,0.0,0.0,0.0,0.00,0.00,0.00,0.00,0.00,0.00,0.00,0.00,0.0,0.0,0.0,0.0,0.0,0.0,0.0,0.0,0.0,0.0,0.0,0.0,0.0,0.0,0.0,0.0,0.0,0.0,0.0,0.0,0.0,0.0,0.0,0.0,0,0,,0.00,0.00,,,,10,12,83.3,137,46,4,5,80.0,5,6,83.3,0,0,,0,2,1,0,3,10,2,0,0,0,0,0,0,0,3,7.30,3,7.30,3,0,0,0,0,0,0,0.00,0,0,0,0,0,0,1,1,0,1,0,0,0,,0,0,0,0,0,1,0,0,0.4,16,0,1,6,9,3,16,0,0,,0,,9,45,1,0,0,0,1,2,12,4,18000,936000
Gaëtan Bong,DF,Brighton,30,22,19,1808.0,20.1,0,0,0,0,0,0,0,0,0.1,0.1,0.5,0.6,0.00,0.00,0.00,0.00,0.00,0.02,0.00,0.03,0.0,0.0,0.0,0.0,0.0,0.0,0.0,0.0,0.0,0.0,0.0,0.0,0.0,0.0,0.0,0.0,0.0,0.0,0.0,0.0,0.0,0.0,0.0,0.0,2,0,0.0,0.10,0.00,0.00,,27.1,603,888,67.9,9894,5036,291,338,86.1,259,378,68.5,39,117,33.3,9,48,16,8,66,646,240,13,0,2,57,227,0,2,18,0.90,18,0.90,13,3,2,0,0,0,1,0.05,1,0,0,0,0,0,16,10,7,6,3,6,10,60.0,4,16,6,10,25,41,57,2,20.1,1071,87,378,470,228,3,1071,23,11,47.8,12,52.2,452,2730,1485,36,31,1,18,16,467,40,20192,1050000
Georges-Kévin N'Koudou,FW,Tottenham,23,1,0,5.0,0.1,0,1,1,0,0,0,0,0,0.0,0.0,0.5,0.5,0.00,18.00,18.00,0.00,0.00,9.73,0.00,9.73,0.0,0.0,0.0,0.0,0.0,0.0,0.0,0.0,0.0,0.0,0.0,0.0,0.0,0.0,0.0,0.0,0.0,0.0,0.0,0.0,0.0,0.0,0.0,0.0,0,0,,0.00,0.00,,,,3,5,60.0,71,33,0,1,0.0,2,2,100.0,1,2,50.0,1,0,1,1,0,5,0,0,0,0,2,0,0,0,1,18.00,1,18.00,1,0,0,0,0,0,1,18.00,1,0,0,0,0,0,0,0,0,0,0,0,0,,0,0,0,0,0,0,0,0,0.1,5,0,0,1,4,0,5,0,0,,0,,5,30,8,0,0,0,0,0,5,3,35000,1820000
Georginio Wijnaldum,MF,Liverpool,27,35,32,2725.0,30.3,3,0,3,3,0,0,3,0,3.0,3.0,1.8,4.8,0.10,0.00,0.10,0.10,0.10,0.06,0.10,0.16,0.0,0.0,0.0,0.0,0.0,0.0,0.0,0.0,0.0,0.0,0.0,0.0,0.0,0.0,0.0,0.0,0.0,0.0,0.0,0.0,0.0,0.0,0.0,0.0,30,8,26.7,0.99,0.26,0.10,0.38,15.3,1620,1791,90.5,24920,5460,870,931,93.4,592,635,93.2,97,125,77.6,25,152,17,0,168,1751,37,21,5,11,13,6,7,3,57,1.88,57,1.88,44,3,3,3,2,2,6,0.20,5,0,0,1,0,0,41,28,14,20,7,14,27,51.9,13,21,7,14,21,62,24,0,30.3,2038,38,284,1397,384,40,2038,49,29,59.2,20,40.8,1409,6749,3204,47,46,4,52,39,1554,67,75000,3900000
Gerard Deulofeu,"FW,MF",Watford,24,30,26,2066.0,23.0,10,5,15,10,0,0,3,0,8.0,8.0,4.1,12.1,0.44,0.22,0.65,0.44,0.35,0.18,0.35,0.53,0.0,0.0,0.0,0.0,0.0,0.0,0.0,0.0,0.0,0.0,0.0,0.0,0.0,0.0,0.0,0.0,0.0,0.0,0.0,0.0,0.0,0.0,0.0,0.0,60,22,36.7,2.61,0.96,0.17,0.45,16.9,568,793,71.6,7572,1800,347,419,82.8,160,220,72.7,18,48,37.5,30,39,37,3,67,725,63,14,8,3,62,8,9,5,87,3.79,87,3.79,64,3,16,1,1,2,17,0.74,7,2,8,0,0,0,11,6,5,3,3,4,26,15.4,22,16,0,16,14,25,3,0,23.0,1072,4,60,405,626,127,1072,89,47,52.8,42,47.2,755,5413,2665,100,70,54,67,60,777,193,60000,3120000
Glenn Murray,FW,Brighton,34,38,30,2508.0,27.9,13,1,14,9,4,4,5,0,11.4,8.1,1.3,9.4,0.47,0.04,0.50,0.32,0.41,0.05,0.29,0.34,0.0,0.0,0.0,0.0,0.0,0.0,0.0,0.0,0.0,0.0,0.0,0.0,0.0,0.0,0.0,0.0,0.0,0.0,0.0,0.0,0.0,0.0,0.0,0.0,50,17,34.0,1.79,0.61,0.18,0.53,12.2,353,618,57.1,4264,900,235,372,63.2,72,134,53.7,13,23,56.5,12,25,7,0,41,603,11,1,0,1,8,0,0,4,35,1.26,35,1.26,23,0,0,3,9,0,2,0.07,1,0,0,0,1,0,17,7,4,7,6,4,20,20.0,16,20,3,17,2,19,17,1,27.9,880,23,62,446,373,90,876,20,8,40.0,12,60.0,493,1443,378,12,14,5,82,35,744,136,30000,1560000
Gonzalo Higuaín,FW,Chelsea,30,14,13,1085.0,12.1,5,0,5,5,0,0,0,0,4.9,4.9,1.3,6.1,0.41,0.00,0.41,0.41,0.40,0.10,0.40,0.51,0.0,0.0,0.0,0.0,0.0,0.0,0.0,0.0,0.0,0.0,0.0,0.0,0.0,0.0,0.0,0.0,0.0,0.0,0.0,0.0,0.0,0.0,0.0,0.0,46,14,30.4,3.82,1.16,0.11,0.36,15.1,244,320,76.3,3227,436,137,168,81.5,62,78,79.5,13,21,61.9,15,6,9,0,17,313,5,0,5,5,2,0,0,2,33,2.74,33,2.74,29,0,1,3,0,0,4,0.33,4,0,0,0,0,0,10,7,2,4,4,2,11,18.2,9,4,0,4,1,11,5,0,12.1,428,7,24,148,259,54,428,21,9,42.9,12,57.1,272,1415,394,12,11,6,19,20,364,92,303404,15777000
Grady Diangana,"MF,FW",West Ham,20,17,6,609.0,6.8,0,1,1,0,0,0,0,0,0.5,0.5,1.2,1.7,0.00,0.15,0.15,0.00,0.08,0.18,0.08,0.25,0.0,0.0,0.0,0.0,0.0,0.0,0.0,0.0,0.0,0.0,0.0,0.0,0.0,0.0,0.0,0.0,0.0,0.0,0.0,0.0,0.0,0.0,0.0,0.0,10,3,30.0,1.48,0.44,0.00,0.00,16.8,196,265,74.0,2575,646,122,150,81.3,45,56,80.4,10,20,50.0,12,13,6,0,21,252,8,1,0,1,14,2,5,5,28,4.14,28,4.14,20,2,3,1,2,0,1,0.15,1,0,0,0,0,0,20,9,8,8,4,5,14,35.7,9,11,0,11,1,21,4,0,6.8,384,8,59,179,158,30,384,38,21,55.3,17,44.7,210,1378,642,20,14,13,28,19,255,72,2000,104000
Granit Xhaka,"MF,DF",Arsenal,25,29,29,2498.0,27.8,4,2,6,4,0,0,10,0,2.0,2.0,3.4,5.4,0.14,0.07,0.22,0.14,0.07,0.12,0.07,0.20,0.0,0.0,0.0,0.0,0.0,0.0,0.0,0.0,0.0,0.0,0.0,0.0,0.0,0.0,0.0,0.0,0.0,0.0,0.0,0.0,0.0,0.0,0.0,0.0,29,11,37.9,1.04,0.40,0.14,0.36,26.5,1981,2425,81.7,35961,10942,869,959,90.6,809,929,87.1,245,416,58.9,40,225,37,9,258,2184,228,95,5,30,129,38,95,13,80,2.88,80,2.88,60,20,0,0,0,0,5,0.18,1,4,0,0,0,0,52,29,29,20,3,24,59,40.7,35,35,9,26,36,88,56,3,27.8,2691,99,588,1627,488,9,2691,14,7,50.0,7,50.0,1422,6434,3288,37,28,2,17,17,1858,34,100000,5200000
Greg Cunningham,DF,Cardiff City,27,7,7,630.0,7.0,0,0,0,0,0,0,3,0,0.1,0.1,0.2,0.3,0.00,0.00,0.00,0.00,0.01,0.03,0.01,0.04,0.0,0.0,0.0,0.0,0.0,0.0,0.0,0.0,0.0,0.0,0.0,0.0,0.0,0.0,0.0,0.0,0.0,0.0,0.0,0.0,0.0,0.0,0.0,0.0,2,1,50.0,0.29,0.14,0.00,0.00,18.7,157,220,71.4,2545,1152,79,96,82.3,58,76,76.3,14,32,43.8,5,17,6,2,24,179,38,7,0,1,7,31,0,3,9,1.29,9,1.29,9,0,0,0,0,0,0,0.00,0,0,0,0,0,0,18,7,11,4,3,9,16,56.3,7,9,3,6,17,35,16,1,7.0,291,23,94,137,61,5,291,1,0,0.0,1,100.0,93,445,223,4,4,0,6,1,115,9,19000,988000
Gylfi Sigurðsson,MF,Everton,28,38,36,3117.0,34.6,13,6,19,11,2,5,3,0,10.7,6.7,6.9,13.6,0.38,0.17,0.55,0.32,0.31,0.20,0.19,0.39,0.0,0.0,0.0,0.0,0.0,0.0,0.0,0.0,0.0,0.0,0.0,0.0,0.0,0.0,0.0,0.0,0.0,0.0,0.0,0.0,0.0,0.0,0.0,0.0,81,29,35.8,2.34,0.84,0.14,0.38,20.3,802,1206,66.5,12498,4914,389,474,82.1,257,349,73.6,85,209,40.7,73,88,49,9,172,1011,176,56,19,2,196,1,105,19,151,4.36,151,4.36,88,36,9,10,7,1,15,0.43,10,1,1,3,0,0,56,36,20,25,11,16,47,34.0,31,38,4,34,28,84,24,0,34.6,1590,21,147,694,763,99,1586,67,38,56.7,29,43.3,830,3575,1610,51,44,7,78,32,960,144,100000,5200000
Hamza Choudhury,MF,Leicester City,20,9,7,595.0,6.6,0,0,0,0,0,0,0,0,0.5,0.5,0.4,0.9,0.00,0.00,0.00,0.00,0.07,0.07,0.07,0.14,0.0,0.0,0.0,0.0,0.0,0.0,0.0,0.0,0.0,0.0,0.0,0.0,0.0,0.0,0.0,0.0,0.0,0.0,0.0,0.0,0.0,0.0,0.0,0.0,4,2,50.0,0.61,0.30,0.00,0.00,19.6,205,244,84.0,3402,757,95,112,84.8,89,93,95.7,15,23,65.2,5,23,2,1,21,231,13,7,0,5,3,1,0,0,15,2.27,15,2.27,11,0,1,0,0,3,0,0.00,0,0,0,0,0,0,24,10,13,10,1,9,15,60.0,6,12,3,9,15,39,13,0,6.6,328,28,92,185,56,2,328,6,2,33.3,4,66.7,175,679,333,3,5,1,7,2,174,12,7500,390000
Harry Arter,MF,Cardiff City,28,25,24,1997.0,22.2,0,1,1,0,0,0,10,0,0.9,0.9,0.5,1.4,0.00,0.05,0.05,0.00,0.04,0.02,0.04,0.06,0.0,0.0,0.0,0.0,0.0,0.0,0.0,0.0,0.0,0.0,0.0,0.0,0.0,0.0,0.0,0.0,0.0,0.0,0.0,0.0,0.0,0.0,0.0,0.0,23,4,17.4,1.04,0.18,0.00,0.00,23.6,539,680,79.3,8935,2551,275,319,86.2,196,241,81.3,49,80,61.3,10,59,21,6,73,612,65,11,3,7,17,2,0,3,37,1.67,37,1.67,32,1,1,2,1,0,6,0.27,5,0,0,1,0,0,62,37,27,26,9,16,46,34.8,30,33,5,28,21,83,21,2,22.2,886,33,165,500,231,15,886,7,3,42.9,4,57.1,294,1589,813,13,17,1,20,3,412,23,40000,2080000
Harry Kane,FW,Tottenham,25,28,27,2424.0,26.9,17,4,21,13,4,4,5,0,14.4,11.3,4.0,15.3,0.63,0.15,0.78,0.48,0.54,0.15,0.42,0.57,0.0,0.0,0.0,0.0,0.0,0.0,0.0,0.0,0.0,0.0,0.0,0.0,0.0,0.0,0.0,0.0,0.0,0.0,0.0,0.0,0.0,0.0,0.0,0.0,98,42,42.9,3.64,1.56,0.13,0.31,17.0,419,578,72.5,7221,1841,214,268,79.9,120,166,72.3,59,89,66.3,30,58,14,2,80,547,30,8,10,15,12,14,0,1,86,3.19,86,3.19,58,1,12,8,7,0,14,0.52,9,0,1,2,2,0,10,6,2,8,0,1,14,7.1,13,16,6,10,1,11,14,0,26.9,903,18,37,407,471,142,899,82,40,48.8,42,51.2,625,3718,1478,59,47,32,80,44,723,194,200000,10400000
Harry Maguire,DF,Leicester City,25,31,31,2596.0,28.8,3,0,3,3,0,0,6,1,2.4,2.4,0.8,3.2,0.10,0.00,0.10,0.10,0.08,0.03,0.08,0.11,0.0,0.0,0.0,0.0,0.0,0.0,0.0,0.0,0.0,0.0,0.0,0.0,0.0,0.0,0.0,0.0,0.0,0.0,0.0,0.0,0.0,0.0,0.0,0.0,30,12,40.0,1.04,0.42,0.10,0.25,14.4,1499,1753,85.5,31884,11549,499,559,89.3,699,776,90.1,280,377,74.3,11,159,10,0,190,1688,64,60,2,33,1,4,0,1,45,1.56,45,1.56,34,2,2,5,1,1,4,0.14,2,1,0,1,0,0,31,17,21,9,1,11,17,64.7,6,32,18,14,36,67,155,4,28.8,2079,219,870,1071,165,63,2079,20,17,85.0,3,15.0,1303,8611,5168,53,41,2,23,7,1319,23,90000,4680000
Harry Winks,MF,Tottenham,22,26,17,1597.0,17.7,1,0,1,1,0,0,4,0,1.0,1.0,0.3,1.3,0.06,0.00,0.06,0.06,0.06,0.01,0.06,0.07,0.0,0.0,0.0,0.0,0.0,0.0,0.0,0.0,0.0,0.0,0.0,0.0,0.0,0.0,0.0,0.0,0.0,0.0,0.0,0.0,0.0,0.0,0.0,0.0,9,2,22.2,0.51,0.11,0.11,0.50,22.0,1277,1399,91.3,20995,4913,614,647,94.9,524,552,94.9,92,123,74.8,7,121,8,0,124,1362,36,15,1,9,8,2,2,1,29,1.63,29,1.63,27,1,0,1,0,0,3,0.17,3,0,0,0,0,0,22,13,12,9,1,5,30,16.7,25,19,3,16,21,43,19,0,17.7,1529,41,261,1070,224,8,1529,23,17,73.9,6,26.1,1125,6442,3078,56,48,2,16,22,1197,19,50000,2600000
Harvey Barnes,"MF,FW",Leicester City,20,16,11,1004.0,11.2,1,2,3,1,0,0,0,0,3.9,3.9,1.7,5.6,0.09,0.18,0.27,0.09,0.35,0.15,0.35,0.51,0.0,0.0,0.0,0.0,0.0,0.0,0.0,0.0,0.0,0.0,0.0,0.0,0.0,0.0,0.0,0.0,0.0,0.0,0.0,0.0,0.0,0.0,0.0,0.0,40,10,25.0,3.59,0.90,0.03,0.10,17.0,244,336,72.6,2931,660,164,191,85.9,54,79,68.4,5,13,38.5,17,16,8,2,27,334,1,0,2,0,23,1,0,1,50,4.48,50,4.48,36,0,9,5,0,0,4,0.36,2,0,1,1,0,0,10,6,5,4,1,4,6,66.7,2,7,1,6,3,13,7,0,11.2,473,6,37,144,301,78,473,49,30,61.2,19,38.8,334,2592,1569,62,23,28,29,15,360,115,10000,520000
Harvey Elliott,MF,Fulham,15,2,0,20.0,0.2,0,0,0,0,0,0,0,0,0.1,0.1,0.0,0.1,0.00,0.00,0.00,0.00,0.27,0.00,0.27,0.27,0.0,0.0,0.0,0.0,0.0,0.0,0.0,0.0,0.0,0.0,0.0,0.0,0.0,0.0,0.0,0.0,0.0,0.0,0.0,0.0,0.0,0.0,0.0,0.0,1,1,100.0,4.50,4.50,0.00,0.00,16.6,10,11,90.9,154,30,5,6,83.3,5,5,100.0,0,0,,0,1,1,0,2,11,0,0,0,0,0,0,0,0,0,0.00,0,0.00,0,0,0,0,0,0,0,0.00,0,0,0,0,0,0,0,0,0,0,0,0,0,,0,1,0,1,0,0,0,0,0.2,15,0,0,7,8,1,15,0,0,,0,,9,71,30,1,0,0,2,0,11,2,0.0,0.0
Henrikh Mkhitaryan,"FW,MF",Arsenal,29,25,19,1641.0,18.2,6,4,10,6,0,0,1,0,5.0,5.0,6.2,11.2,0.33,0.22,0.55,0.33,0.28,0.34,0.28,0.62,0.0,0.0,0.0,0.0,0.0,0.0,0.0,0.0,0.0,0.0,0.0,0.0,0.0,0.0,0.0,0.0,0.0,0.0,0.0,0.0,0.0,0.0,0.0,0.0,49,14,28.6,2.69,0.77,0.12,0.43,19.1,655,876,74.8,9240,2668,396,471,84.1,187,239,78.2,32,70,45.7,29,68,30,3,107,802,68,11,5,1,63,11,46,6,73,4.00,73,4.00,56,10,1,4,0,2,11,0.60,10,0,0,1,0,0,28,22,8,17,3,6,22,27.3,16,34,2,32,16,44,13,0,18.2,1128,23,142,497,513,77,1128,52,20,38.5,32,61.5,579,3791,2033,68,40,13,50,25,782,144,200000,10400000
Hugo Lloris,GK,Tottenham,31,33,33,2970.0,33.0,0,0,0,0,0,0,0,0,0.0,0.0,0.0,0.0,0.00,0.00,0.00,0.00,0.00,0.00,0.00,0.00,1.00,130,98,76.9,12,36.4,39.2,0.27,164,408,40.2,956,161,29.5,32.2,252,50.0,42.2,454,13,2.9,36,1.09,14.9,0,0,,0.00,0.00,,,,928,1208,76.8,26523,18099,94,95,98.9,525,540,97.2,308,572,53.8,0,7,0,0,0,891,317,65,0,2,0,0,0,0,3,0.09,3,0.09,1,2,0,0,0,0,0,0.00,0,0,0,0,0,0,1,0,1,0,0,0,2,0.0,2,0,0,0,0,1,13,5,33.0,1282,1157,1276,7,0,0,1282,0,0,,0,,736,3483,2066,0,1,1,2,0,642,0,100000,5200000
Håvard Nordtveit,DF,Fulham,28,5,4,362.0,4.0,0,1,1,0,0,0,0,0,0.0,0.0,0.1,0.1,0.00,0.25,0.25,0.00,0.00,0.04,0.00,0.04,0.0,0.0,0.0,0.0,0.0,0.0,0.0,0.0,0.0,0.0,0.0,0.0,0.0,0.0,0.0,0.0,0.0,0.0,0.0,0.0,0.0,0.0,0.0,0.0,0,0,,0.00,0.00,,,,187,227,82.4,3855,1731,58,63,92.1,100,109,91.7,28,51,54.9,3,9,0,0,5,218,7,7,0,4,0,0,0,2,5,1.24,5,1.24,5,0,0,0,0,0,1,0.25,1,0,0,0,0,0,9,4,8,1,0,4,5,80.0,1,3,3,0,8,17,15,1,4.0,268,32,146,125,0,0,268,1,1,100.0,0,0.0,125,516,275,0,2,1,2,0,179,0,34115,1774000
Héctor Bellerín,DF,Arsenal,23,19,18,1533.0,17.0,0,5,5,0,0,0,3,0,0.9,0.9,2.2,3.1,0.00,0.29,0.29,0.00,0.05,0.13,0.05,0.18,0.0,0.0,0.0,0.0,0.0,0.0,0.0,0.0,0.0,0.0,0.0,0.0,0.0,0.0,0.0,0.0,0.0,0.0,0.0,0.0,0.0,0.0,0.0,0.0,18,4,22.2,1.06,0.23,0.00,0.00,18.5,794,958,82.9,11966,3670,425,474,89.7,299,357,83.8,43,62,69.4,8,38,25,7,88,815,141,9,6,0,39,132,0,2,37,2.17,37,2.17,32,0,2,3,0,0,9,0.53,8,0,0,1,0,0,15,12,8,4,3,6,13,46.2,7,17,5,12,20,35,37,3,17.0,1117,48,300,459,364,52,1117,23,15,65.2,8,34.8,577,3433,1794,48,28,9,20,15,702,121,110000,5720000
Hélder Costa,"FW,MF",Wolves,24,25,16,1341.0,14.9,1,2,3,1,0,0,3,0,2.4,2.4,2.2,4.6,0.07,0.13,0.20,0.07,0.16,0.15,0.16,0.31,0.0,0.0,0.0,0.0,0.0,0.0,0.0,0.0,0.0,0.0,0.0,0.0,0.0,0.0,0.0,0.0,0.0,0.0,0.0,0.0,0.0,0.0,0.0,0.0,25,7,28.0,1.68,0.47,0.04,0.14,18.9,364,493,73.8,4817,914,217,252,86.1,107,143,74.8,13,33,39.4,17,16,16,1,37,484,9,2,3,0,50,1,6,0,38,2.55,38,2.55,26,2,5,0,4,1,4,0.27,4,0,0,0,0,0,18,14,7,7,4,7,23,30.4,16,15,0,15,9,27,6,0,14.9,680,6,56,268,374,32,680,61,24,39.3,37,60.7,486,3775,1719,67,47,18,48,42,530,127,32500,1690000
Ibrahima Cissé,MF,Fulham,24,3,1,88.0,1.0,0,0,0,0,0,0,0,0,0.0,0.0,0.0,0.0,0.00,0.00,0.00,0.00,0.00,0.00,0.00,0.00,0.0,0.0,0.0,0.0,0.0,0.0,0.0,0.0,0.0,0.0,0.0,0.0,0.0,0.0,0.0,0.0,0.0,0.0,0.0,0.0,0.0,0.0,0.0,0.0,0,0,,0.00,0.00,,,,29,34,85.3,394,158,19,21,90.5,9,11,81.8,1,2,50.0,0,2,0,0,3,34,0,0,0,0,0,0,0,0,0,0.00,0,0.00,0,0,0,0,0,0,0,0.00,0,0,0,0,0,0,0,0,0,0,0,0,1,0.0,1,0,0,0,3,3,4,0,1.0,45,6,16,27,2,0,45,2,1,50.0,1,50.0,17,93,26,0,0,0,1,0,23,0,12500,650000
Idrissa Gana Gueye,MF,Everton,28,33,32,2822.0,31.4,0,2,2,0,0,0,6,0,0.6,0.6,0.8,1.4,0.00,0.06,0.06,0.00,0.02,0.03,0.02,0.05,0.0,0.0,0.0,0.0,0.0,0.0,0.0,0.0,0.0,0.0,0.0,0.0,0.0,0.0,0.0,0.0,0.0,0.0,0.0,0.0,0.0,0.0,0.0,0.0,19,4,21.1,0.61,0.13,0.00,0.00,24.3,1472,1761,83.6,25437,7160,656,764,85.9,585,654,89.4,161,220,73.2,18,177,18,3,216,1710,45,30,4,18,13,1,0,6,61,1.95,61,1.95,51,0,3,4,2,1,8,0.26,7,0,1,0,0,0,142,89,70,63,9,38,76,50.0,38,52,8,44,74,216,48,1,31.4,2147,82,477,1371,333,18,2147,31,23,74.2,8,25.8,1225,6372,3017,40,43,5,32,29,1291,30,70000,3640000
Isaac Hayden,MF,Newcastle Utd,23,25,21,1859.0,20.7,1,4,5,1,0,0,3,1,0.9,0.9,2.3,3.2,0.05,0.19,0.24,0.05,0.05,0.11,0.05,0.16,0.0,0.0,0.0,0.0,0.0,0.0,0.0,0.0,0.0,0.0,0.0,0.0,0.0,0.0,0.0,0.0,0.0,0.0,0.0,0.0,0.0,0.0,0.0,0.0,22,5,22.7,1.07,0.24,0.05,0.20,22.2,586,749,78.2,8474,1873,329,384,85.7,171,213,80.3,41,66,62.1,22,44,7,2,54,694,50,6,5,7,11,13,0,5,41,1.98,41,1.98,36,0,1,0,1,3,4,0.19,3,0,0,0,0,1,73,43,19,45,9,23,41,56.1,18,32,4,28,40,113,30,0,20.7,1009,46,203,598,212,25,1009,16,12,75.0,4,25.0,371,1233,456,10,11,4,33,24,507,38,22000,1144000
Isaac Mbenza,"FW,MF",Huddersfield,22,22,10,986.0,11.0,1,1,2,1,0,0,1,0,1.0,1.0,0.9,1.9,0.09,0.09,0.18,0.09,0.09,0.09,0.09,0.17,0.0,0.0,0.0,0.0,0.0,0.0,0.0,0.0,0.0,0.0,0.0,0.0,0.0,0.0,0.0,0.0,0.0,0.0,0.0,0.0,0.0,0.0,0.0,0.0,16,5,31.3,1.46,0.46,0.06,0.20,22.4,183,272,67.3,2816,769,101,129,78.3,56,79,70.9,17,36,47.2,7,11,5,5,18,259,12,1,1,2,34,5,5,1,14,1.28,14,1.28,10,1,0,2,1,0,1,0.09,1,0,0,0,0,0,10,9,5,5,0,2,4,50.0,2,4,0,4,5,15,4,0,11.0,363,6,55,152,159,14,363,15,5,33.3,10,66.7,231,1494,686,25,20,1,18,10,256,57,9288,483000
Isaac Success,"FW,MF",Watford,22,30,9,1052.0,11.7,1,1,2,1,0,0,4,0,3.5,3.5,2.8,6.2,0.09,0.09,0.17,0.09,0.30,0.24,0.30,0.53,0.0,0.0,0.0,0.0,0.0,0.0,0.0,0.0,0.0,0.0,0.0,0.0,0.0,0.0,0.0,0.0,0.0,0.0,0.0,0.0,0.0,0.0,0.0,0.0,29,10,34.5,2.48,0.86,0.03,0.10,17.0,253,366,69.1,3457,704,143,183,78.1,81,112,72.3,10,20,50.0,20,18,18,1,39,356,9,1,2,3,13,3,0,1,41,3.51,41,3.51,28,0,2,1,8,2,1,0.09,1,0,0,0,0,0,15,12,4,8,3,2,5,40.0,3,6,0,6,2,17,11,0,11.7,532,12,45,227,271,53,532,25,14,56.0,11,44.0,402,2221,994,35,32,18,46,25,441,107,30000,1560000
Issa Diop,DF,West Ham,21,33,33,2970.0,33.0,1,0,1,1,0,0,4,0,1.2,1.2,0.2,1.3,0.03,0.00,0.03,0.03,0.04,0.01,0.04,0.04,0.0,0.0,0.0,0.0,0.0,0.0,0.0,0.0,0.0,0.0,0.0,0.0,0.0,0.0,0.0,0.0,0.0,0.0,0.0,0.0,0.0,0.0,0.0,0.0,12,4,33.3,0.36,0.12,0.08,0.25,10.1,979,1141,85.8,17816,6311,393,447,87.9,478,526,90.9,93,131,71.0,4,25,0,0,73,1112,26,22,0,7,0,4,0,3,7,0.21,7,0.21,5,0,2,0,0,0,2,0.06,2,0,0,0,0,0,68,38,47,21,0,37,57,64.9,20,58,36,22,64,132,161,4,33.0,1540,210,764,766,22,17,1540,9,6,66.7,3,33.3,679,3927,2369,9,5,0,13,1,796,2,67000,3484000
Ivan Cavaleiro,"FW,MF",Wolves,24,23,6,693.0,7.7,3,1,4,3,0,0,1,0,2.2,2.2,1.5,3.7,0.39,0.13,0.52,0.39,0.29,0.20,0.29,0.48,0.0,0.0,0.0,0.0,0.0,0.0,0.0,0.0,0.0,0.0,0.0,0.0,0.0,0.0,0.0,0.0,0.0,0.0,0.0,0.0,0.0,0.0,0.0,0.0,13,4,30.8,1.69,0.52,0.23,0.75,16.1,246,357,68.9,3400,811,142,173,82.1,53,89,59.6,22,40,55.0,19,16,14,9,25,329,26,1,1,0,54,7,17,2,33,4.28,33,4.28,28,3,2,0,0,0,3,0.39,3,0,0,0,0,0,5,4,3,1,1,1,14,7.1,13,12,0,12,4,9,5,0,7.7,456,3,36,163,263,34,456,26,15,57.7,11,42.3,271,1883,879,42,18,9,26,19,349,101,28000,1456000
Jack Cork,MF,Burnley,29,37,37,3312.0,36.8,1,2,3,1,0,0,6,0,1.4,1.4,2.2,3.6,0.03,0.05,0.08,0.03,0.04,0.06,0.04,0.10,0.0,0.0,0.0,0.0,0.0,0.0,0.0,0.0,0.0,0.0,0.0,0.0,0.0,0.0,0.0,0.0,0.0,0.0,0.0,0.0,0.0,0.0,0.0,0.0,17,2,11.8,0.46,0.05,0.06,0.50,16.6,1083,1348,80.3,17655,3998,537,619,86.8,378,458,82.5,104,169,61.5,18,105,18,3,99,1335,9,4,3,20,14,1,1,4,50,1.36,50,1.36,40,1,1,3,4,1,3,0.08,2,0,0,1,0,0,51,27,12,34,5,18,46,39.1,28,39,16,23,29,80,82,2,36.8,1686,96,321,1110,276,35,1686,38,28,73.7,10,26.3,778,3551,1282,21,25,1,45,36,981,56,38000,1976000
Jack Simpson,DF,Bournemouth,21,6,4,403.0,4.5,0,0,0,0,0,0,0,0,0.1,0.1,0.0,0.1,0.00,0.00,0.00,0.00,0.03,0.00,0.03,0.03,0.0,0.0,0.0,0.0,0.0,0.0,0.0,0.0,0.0,0.0,0.0,0.0,0.0,0.0,0.0,0.0,0.0,0.0,0.0,0.0,0.0,0.0,0.0,0.0,2,1,50.0,0.45,0.22,0.00,0.00,9.1,198,242,81.8,3718,1446,71,81,87.7,105,122,86.1,19,34,55.9,0,12,0,0,16,231,11,5,0,0,0,6,0,0,1,0.22,1,0.22,1,0,0,0,0,0,0,0.00,0,0,0,0,0,0,9,5,8,1,0,6,9,66.7,3,5,4,1,9,18,25,2,4.5,305,42,173,131,2,2,305,0,0,,0,,175,901,531,5,1,0,1,2,168,0,3000,156000
Jack Stephens,DF,Southampton,24,24,19,1700.0,18.9,1,0,1,1,0,0,4,0,1.0,1.0,0.2,1.2,0.05,0.00,0.05,0.05,0.05,0.01,0.05,0.06,0.0,0.0,0.0,0.0,0.0,0.0,0.0,0.0,0.0,0.0,0.0,0.0,0.0,0.0,0.0,0.0,0.0,0.0,0.0,0.0,0.0,0.0,0.0,0.0,7,5,71.4,0.37,0.26,0.14,0.20,9.9,601,810,74.2,11339,5099,261,308,84.7,252,320,78.8,82,165,49.7,5,52,6,0,54,746,62,23,0,3,2,39,0,2,15,0.79,15,0.79,14,0,0,1,0,0,0,0.00,0,0,0,0,0,0,25,13,17,7,1,16,28,57.1,12,25,13,12,37,62,96,2,18.9,1017,118,445,529,53,16,1017,7,5,71.4,2,28.6,433,2610,1553,11,8,1,9,5,486,6,48000,2496000
Jack Wilshere,MF,West Ham,26,8,4,392.0,4.4,0,1,1,0,0,0,2,0,0.2,0.2,0.6,0.8,0.00,0.23,0.23,0.00,0.04,0.14,0.04,0.17,0.0,0.0,0.0,0.0,0.0,0.0,0.0,0.0,0.0,0.0,0.0,0.0,0.0,0.0,0.0,0.0,0.0,0.0,0.0,0.0,0.0,0.0,0.0,0.0,2,1,50.0,0.46,0.23,0.00,0.00,16.6,194,219,88.6,2948,583,111,113,98.2,50,53,94.3,22,28,78.6,5,17,2,0,20,212,7,5,1,5,2,0,2,0,10,2.30,10,2.30,8,0,0,0,1,1,1,0.23,1,0,0,0,0,0,7,4,1,4,2,2,6,33.3,4,3,1,2,7,14,0,0,4.4,252,7,30,170,55,4,252,16,15,93.8,1,6.3,157,899,486,8,6,0,3,7,198,10,100000,5200000
Jacob Murphy,"MF,DF",Newcastle Utd,23,9,3,302.0,3.4,0,1,1,0,0,0,0,0,0.1,0.1,0.6,0.7,0.00,0.30,0.30,0.00,0.02,0.18,0.02,0.20,0.0,0.0,0.0,0.0,0.0,0.0,0.0,0.0,0.0,0.0,0.0,0.0,0.0,0.0,0.0,0.0,0.0,0.0,0.0,0.0,0.0,0.0,0.0,0.0,2,1,50.0,0.60,0.30,0.00,0.00,30.7,36,67,53.7,733,271,13,22,59.1,16,24,66.7,7,16,43.8,1,4,2,2,7,59,8,1,1,2,16,7,0,0,2,0.59,2,0.59,2,0,0,0,0,0,1,0.30,1,0,0,0,0,0,6,2,4,2,0,2,4,50.0,2,5,2,3,1,7,7,0,3.4,112,7,34,36,47,7,112,8,3,37.5,5,62.5,52,502,247,8,8,1,10,3,52,17,25000,1300000
Jamaal Lascelles,DF,Newcastle Utd,24,32,32,2745.0,30.5,0,1,1,0,0,0,4,0,0.6,0.6,0.9,1.5,0.00,0.03,0.03,0.00,0.02,0.03,0.02,0.05,0.0,0.0,0.0,0.0,0.0,0.0,0.0,0.0,0.0,0.0,0.0,0.0,0.0,0.0,0.0,0.0,0.0,0.0,0.0,0.0,0.0,0.0,0.0,0.0,11,1,9.1,0.36,0.03,0.00,0.00,11.2,848,1111,76.3,16809,5919,275,333,82.6,440,533,82.6,114,189,60.3,3,33,0,0,53,1086,23,19,2,5,2,4,0,2,12,0.39,12,0.39,9,2,0,1,0,0,1,0.03,0,0,0,1,0,0,32,21,25,5,2,11,14,78.6,3,43,28,15,39,71,218,3,30.5,1497,272,901,546,58,32,1497,1,1,100.0,0,0.0,544,2567,967,5,5,2,9,5,702,9,40000,2080000
James Garner,MF,Manchester Utd,17,1,0,1.0,0.0,0,0,0,0,0,0,0,0,0.0,0.0,0.0,0.0,0.00,0.00,0.00,0.00,0.00,0.00,0.00,0.00,0.0,0.0,0.0,0.0,0.0,0.0,0.0,0.0,0.0,0.0,0.0,0.0,0.0,0.0,0.0,0.0,0.0,0.0,0.0,0.0,0.0,0.0,0.0,0.0,0,0,,0.00,0.00,,,,0,1,0.0,0,0,0,0,,0,1,0.0,0,0,,0,0,0,0,0,1,0,0,0,0,0,0,0,0,0,0.00,0,0.00,0,0,0,0,0,0,0,0.00,0,0,0,0,0,0,0,0,0,0,0,0,0,,0,0,0,0,0,0,0,0,0.0,1,0,1,0,0,0,1,0,0,,0,,1,3,2,0,0,0,0,0,0,0,5000,260000
James Maddison,"MF,FW",Leicester City,21,36,35,2831.0,31.5,7,7,14,6,1,2,5,2,7.4,5.9,8.2,14.0,0.22,0.22,0.45,0.19,0.24,0.26,0.19,0.45,0.0,0.0,0.0,0.0,0.0,0.0,0.0,0.0,0.0,0.0,0.0,0.0,0.0,0.0,0.0,0.0,0.0,0.0,0.0,0.0,0.0,0.0,0.0,0.0,81,26,32.1,2.58,0.83,0.07,0.23,22.4,1244,1623,76.6,21360,6667,613,695,88.2,404,497,81.3,170,314,54.1,99,144,49,6,198,1356,254,70,22,12,205,1,163,13,190,6.04,190,6.04,87,54,13,10,25,1,13,0.41,9,2,1,0,1,0,48,32,20,25,3,14,58,24.1,44,20,4,16,12,60,10,1,31.5,1920,9,135,926,878,77,1918,73,50,68.5,23,31.5,1248,5758,2782,63,75,16,47,39,1368,148,55000,2860000
James McArthur,MF,Crystal Palace,30,38,36,3058.0,34.0,3,6,9,3,0,0,7,0,4.1,4.1,3.3,7.4,0.09,0.18,0.26,0.09,0.12,0.10,0.12,0.22,0.0,0.0,0.0,0.0,0.0,0.0,0.0,0.0,0.0,0.0,0.0,0.0,0.0,0.0,0.0,0.0,0.0,0.0,0.0,0.0,0.0,0.0,0.0,0.0,34,8,23.5,1.00,0.24,0.09,0.38,15.0,1135,1445,78.5,18691,4949,559,646,86.5,436,528,82.6,98,171,57.3,31,103,12,1,142,1392,45,12,4,10,15,22,1,8,73,2.15,73,2.15,62,2,1,4,4,0,11,0.32,7,1,0,1,2,0,84,51,38,32,14,30,78,38.5,48,64,22,42,39,123,55,0,34.0,1874,78,442,1012,436,85,1874,31,20,64.5,11,35.5,933,4869,2156,42,27,17,54,36,1146,137,55000,2860000
James McCarthy,MF,Everton,27,1,0,15.0,0.2,0,0,0,0,0,0,0,0,0.0,0.0,0.0,0.0,0.00,0.00,0.00,0.00,0.00,0.00,0.00,0.00,0.0,0.0,0.0,0.0,0.0,0.0,0.0,0.0,0.0,0.0,0.0,0.0,0.0,0.0,0.0,0.0,0.0,0.0,0.0,0.0,0.0,0.0,0.0,0.0,0,0,,0.00,0.00,,,,7,7,100.0,114,7,4,4,100.0,3,3,100.0,0,0,,0,0,0,0,0,5,2,1,0,0,0,1,0,0,0,0.00,0,0.00,0,0,0,0,0,0,0,0.00,0,0,0,0,0,0,2,1,1,1,0,0,0,,0,0,0,0,1,3,0,0,0.2,10,0,2,7,1,0,10,0,0,,0,,4,19,8,0,0,0,0,0,4,0,50000,2600000
James Milner,"MF,DF",Liverpool,32,31,19,1789.0,19.9,5,4,9,2,3,3,7,2,3.4,1.1,5.3,6.4,0.25,0.20,0.45,0.10,0.17,0.27,0.05,0.32,0.0,0.0,0.0,0.0,0.0,0.0,0.0,0.0,0.0,0.0,0.0,0.0,0.0,0.0,0.0,0.0,0.0,0.0,0.0,0.0,0.0,0.0,0.0,0.0,21,4,19.0,1.06,0.20,0.10,0.50,22.7,1313,1636,80.3,22432,7644,662,727,91.1,463,539,85.9,151,260,58.1,44,131,37,9,164,1388,241,43,6,15,134,94,92,7,85,4.28,85,4.28,44,29,5,4,2,1,7,0.35,6,1,0,0,0,0,43,23,14,24,5,15,41,36.6,26,40,5,35,18,61,30,0,19.9,1850,33,314,973,575,47,1847,20,15,75.0,5,25.0,1153,4421,2370,38,43,5,30,10,1252,139,140000,7280000
James Tarkowski,DF,Burnley,25,35,35,3086.0,34.3,3,1,4,3,0,0,8,0,3.3,3.3,0.3,3.6,0.09,0.03,0.12,0.09,0.10,0.01,0.10,0.11,0.0,0.0,0.0,0.0,0.0,0.0,0.0,0.0,0.0,0.0,0.0,0.0,0.0,0.0,0.0,0.0,0.0,0.0,0.0,0.0,0.0,0.0,0.0,0.0,22,9,40.9,0.64,0.26,0.14,0.33,7.2,792,1150,68.9,17800,7579,225,280,80.4,408,513,79.5,151,321,47.0,6,87,14,1,105,1125,17,14,0,23,5,3,0,8,27,0.79,27,0.79,20,0,0,6,1,0,3,0.09,2,0,0,1,0,0,71,36,52,18,1,29,50,58.0,21,72,56,16,42,113,240,2,34.3,1672,306,826,780,76,46,1672,9,7,77.8,2,22.2,565,3029,1706,4,4,1,26,10,723,6,50000,2600000
James Tomkins,DF,Crystal Palace,29,29,29,2560.0,28.4,1,1,2,1,0,0,5,0,1.4,1.4,0.9,2.4,0.04,0.04,0.07,0.04,0.05,0.03,0.05,0.08,0.0,0.0,0.0,0.0,0.0,0.0,0.0,0.0,0.0,0.0,0.0,0.0,0.0,0.0,0.0,0.0,0.0,0.0,0.0,0.0,0.0,0.0,0.0,0.0,22,7,31.8,0.77,0.25,0.05,0.14,12.9,924,1119,82.6,20881,7126,237,266,89.1,486,541,89.8,192,288,66.7,7,52,1,0,50,1069,45,43,0,13,1,2,0,5,16,0.56,16,0.56,14,1,0,1,0,0,2,0.07,2,0,0,0,0,0,34,20,27,7,0,15,28,53.6,13,23,10,13,34,68,184,3,28.4,1446,204,802,579,69,51,1446,4,2,50.0,2,50.0,576,2688,1617,4,6,1,8,3,809,4,50000,2600000
James Ward-Prowse,"MF,DF",Southampton,23,26,21,1945.0,21.6,7,0,7,6,1,1,4,0,3.4,2.7,3.2,5.9,0.32,0.00,0.32,0.28,0.16,0.15,0.12,0.27,0.0,0.0,0.0,0.0,0.0,0.0,0.0,0.0,0.0,0.0,0.0,0.0,0.0,0.0,0.0,0.0,0.0,0.0,0.0,0.0,0.0,0.0,0.0,0.0,30,15,50.0,1.39,0.69,0.20,0.40,20.9,613,892,68.7,9931,3270,328,388,84.5,210,280,75.0,57,180,31.7,46,56,11,4,61,717,170,43,0,5,145,22,92,5,72,3.33,72,3.33,32,30,0,2,3,5,3,0.14,2,0,0,0,0,1,36,17,19,13,4,14,43,32.6,29,30,6,24,27,63,59,0,21.6,1139,67,219,492,440,34,1138,11,5,45.5,6,54.5,472,2066,819,15,19,3,25,16,579,86,45000,2340000
Jamie Vardy,FW,Leicester City,31,34,30,2726.0,30.3,18,4,22,14,4,5,3,1,18.3,14.4,5.1,19.5,0.59,0.13,0.73,0.46,0.60,0.17,0.47,0.64,0.0,0.0,0.0,0.0,0.0,0.0,0.0,0.0,0.0,0.0,0.0,0.0,0.0,0.0,0.0,0.0,0.0,0.0,0.0,0.0,0.0,0.0,0.0,0.0,74,33,44.6,2.44,1.09,0.19,0.42,13.3,280,445,62.9,3841,852,161,234,68.8,82,125,65.6,13,23,56.5,32,17,19,4,39,415,30,0,3,4,28,1,0,0,59,1.95,59,1.95,41,1,4,7,6,0,9,0.30,4,0,1,1,3,0,14,8,3,6,5,4,17,23.5,13,16,1,15,6,20,28,0,30.3,711,31,60,263,396,145,706,32,12,37.5,20,62.5,366,2057,969,45,21,26,51,19,476,186,140000,7280000
Jan Bednarek,DF,Southampton,22,25,24,2151.0,23.9,0,1,1,0,0,0,7,0,0.8,0.8,0.7,1.5,0.00,0.04,0.04,0.00,0.03,0.03,0.03,0.06,0.0,0.0,0.0,0.0,0.0,0.0,0.0,0.0,0.0,0.0,0.0,0.0,0.0,0.0,0.0,0.0,0.0,0.0,0.0,0.0,0.0,0.0,0.0,0.0,5,1,20.0,0.21,0.04,0.00,0.00,7.5,607,888,68.4,10728,5283,269,319,84.3,285,409,69.7,43,133,32.3,9,43,1,0,68,801,84,21,3,5,1,63,0,3,18,0.75,18,0.75,13,2,0,3,0,0,2,0.08,2,0,0,0,0,0,41,25,25,16,0,21,37,56.8,16,44,27,17,71,112,171,0,23.9,1237,179,583,627,35,12,1237,3,1,33.3,2,66.7,450,2057,1134,7,4,2,4,5,473,2,20000,1040000
Jan Vertonghen,DF,Tottenham,31,22,22,1911.0,21.2,1,0,1,1,0,0,5,2,1.0,1.0,0.2,1.3,0.05,0.00,0.05,0.05,0.05,0.01,0.05,0.06,0.0,0.0,0.0,0.0,0.0,0.0,0.0,0.0,0.0,0.0,0.0,0.0,0.0,0.0,0.0,0.0,0.0,0.0,0.0,0.0,0.0,0.0,0.0,0.0,15,2,13.3,0.71,0.09,0.07,0.50,19.3,1367,1586,86.2,24717,7676,543,583,93.1,678,753,90.0,121,194,62.4,4,85,8,4,121,1525,60,34,0,13,28,26,0,1,16,0.75,16,0.75,15,0,0,0,0,1,1,0.05,1,0,0,0,0,0,39,24,17,20,2,14,24,58.3,10,18,11,7,32,71,81,0,21.2,1795,119,625,1002,181,18,1795,14,9,64.3,5,35.7,1180,5554,3403,27,31,0,11,2,1245,24,89769,4668000
Jannik Vestergaard,DF,Southampton,25,23,23,2027.0,22.5,0,0,0,0,0,0,2,0,0.7,0.7,0.6,1.3,0.00,0.00,0.00,0.00,0.03,0.03,0.03,0.06,0.0,0.0,0.0,0.0,0.0,0.0,0.0,0.0,0.0,0.0,0.0,0.0,0.0,0.0,0.0,0.0,0.0,0.0,0.0,0.0,0.0,0.0,0.0,0.0,14,1,7.1,0.62,0.04,0.00,0.00,15.8,661,873,75.7,11802,4765,316,353,89.5,265,339,78.2,72,156,46.2,5,52,3,0,62,815,57,31,3,19,1,26,0,1,14,0.62,14,0.62,11,0,1,1,1,0,0,0.00,0,0,0,0,0,0,53,33,37,13,3,28,45,62.2,17,35,20,15,35,88,174,1,22.5,1220,183,567,607,57,17,1220,13,10,76.9,3,23.1,497,2692,1602,14,10,0,10,4,550,4,60000,3120000
Jason Puncheon,MF,Huddersfield,32,6,5,382.0,4.2,0,0,0,0,0,0,1,0,0.3,0.3,0.5,0.8,0.00,0.00,0.00,0.00,0.06,0.12,0.06,0.19,0.0,0.0,0.0,0.0,0.0,0.0,0.0,0.0,0.0,0.0,0.0,0.0,0.0,0.0,0.0,0.0,0.0,0.0,0.0,0.0,0.0,0.0,0.0,0.0,0,0,,0.00,0.00,,,,9,12,75.0,104,31,7,7,100.0,2,4,50.0,0,0,,0,0,0,0,0,12,0,0,0,0,0,0,0,0,0,0.00,0,0.00,0,0,0,0,0,0,0,0.00,0,0,0,0,0,0,1,1,1,0,0,0,0,,0,0,0,0,0,1,0,0,0.1,14,0,3,8,3,0,14,0,0,,0,,5,33,10,0,0,0,0,1,7,1,35000,1820000
Jason Puncheon,MF,Crystal Palace,32,5,0,13.0,0.1,0,0,0,0,0,0,0,0,0.0,0.0,0.0,0.0,0.00,0.00,0.00,0.00,0.00,0.00,0.00,0.00,0.0,0.0,0.0,0.0,0.0,0.0,0.0,0.0,0.0,0.0,0.0,0.0,0.0,0.0,0.0,0.0,0.0,0.0,0.0,0.0,0.0,0.0,0.0,0.0,0,0,,0.00,0.00,,,,9,12,75.0,104,31,7,7,100.0,2,4,50.0,0,0,,0,0,0,0,0,12,0,0,0,0,0,0,0,0,0,0.00,0,0.00,0,0,0,0,0,0,0,0.00,0,0,0,0,0,0,1,1,1,0,0,0,0,,0,0,0,0,0,1,0,0,0.1,14,0,3,8,3,0,14,0,0,,0,,5,33,10,0,0,0,0,1,7,1,35000,1820000
Javier Hernández,FW,West Ham,30,25,14,1334.0,14.8,7,1,8,7,0,0,2,0,6.6,6.6,1.4,8.1,0.47,0.07,0.54,0.47,0.45,0.10,0.45,0.54,0.0,0.0,0.0,0.0,0.0,0.0,0.0,0.0,0.0,0.0,0.0,0.0,0.0,0.0,0.0,0.0,0.0,0.0,0.0,0.0,0.0,0.0,0.0,0.0,37,17,45.9,2.50,1.15,0.19,0.41,12.8,229,334,68.6,3335,759,115,154,74.7,71,95,74.7,16,28,57.1,5,17,6,0,31,301,30,2,7,2,9,0,0,3,19,1.28,19,1.28,12,0,2,2,3,0,3,0.20,1,0,0,0,2,0,3,0,0,3,0,0,6,0.0,6,8,1,7,1,4,8,0,14.8,453,9,24,239,191,52,453,23,13,56.5,10,43.5,273,1048,428,10,6,3,29,10,374,83,140000,7280000
Javier Manquillo,DF,Newcastle Utd,24,18,12,1101.0,12.2,0,3,3,0,0,0,2,0,0.1,0.1,0.7,0.7,0.00,0.25,0.25,0.00,0.00,0.05,0.00,0.06,0.0,0.0,0.0,0.0,0.0,0.0,0.0,0.0,0.0,0.0,0.0,0.0,0.0,0.0,0.0,0.0,0.0,0.0,0.0,0.0,0.0,0.0,0.0,0.0,2,1,50.0,0.16,0.08,0.00,0.00,19.0,340,506,67.2,4844,2114,187,235,79.6,97,159,61.0,24,59,40.7,9,25,12,3,29,379,126,1,1,0,28,125,0,1,28,2.29,28,2.29,22,3,0,0,3,0,3,0.25,3,0,0,0,0,0,27,19,14,11,2,9,14,64.3,5,9,1,8,17,44,58,0,12.2,673,47,229,263,190,6,673,11,5,45.5,6,54.5,252,1714,738,26,29,0,21,9,297,39,35000,1820000
Jazz Richards,"DF,MF",Cardiff City,27,4,0,132.0,1.5,0,0,0,0,0,0,0,0,0.0,0.0,0.0,0.0,0.00,0.00,0.00,0.00,0.00,0.00,0.00,0.00,0.0,0.0,0.0,0.0,0.0,0.0,0.0,0.0,0.0,0.0,0.0,0.0,0.0,0.0,0.0,0.0,0.0,0.0,0.0,0.0,0.0,0.0,0.0,0.0,0,0,,0.00,0.00,,,,24,38,63.2,369,169,10,15,66.7,12,17,70.6,1,5,20.0,0,1,0,0,3,25,13,1,0,0,0,12,0,0,0,0.00,0,0.00,0,0,0,0,0,0,0,0.00,0,0,0,0,0,0,0,0,0,0,0,0,1,0.0,1,2,1,1,2,2,5,0,1.5,49,5,14,25,11,0,49,0,0,,0,,16,33,13,0,1,0,2,0,13,2,13000,676000
Jean Seri,MF,Fulham,27,32,27,2244.0,24.9,1,2,3,1,0,0,6,0,0.9,0.9,4.8,5.6,0.04,0.08,0.12,0.04,0.04,0.19,0.04,0.23,0.0,0.0,0.0,0.0,0.0,0.0,0.0,0.0,0.0,0.0,0.0,0.0,0.0,0.0,0.0,0.0,0.0,0.0,0.0,0.0,0.0,0.0,0.0,0.0,19,6,31.6,0.76,0.24,0.05,0.17,25.7,1427,1707,83.6,25102,7012,646,705,91.6,557,641,86.9,171,264,64.8,57,125,28,9,164,1542,161,62,2,25,108,3,93,4,104,4.17,104,4.17,64,34,2,3,1,0,7,0.28,4,2,1,0,0,0,41,28,20,20,1,13,45,28.9,32,40,9,31,32,73,17,4,24.9,1919,60,323,1183,431,11,1919,21,16,76.2,5,23.8,783,4049,2074,26,21,0,31,25,1333,40,65000,3380000
Jeff Hendrick,"MF,FW",Burnley,26,32,25,2063.0,22.9,3,0,3,3,0,0,4,0,1.8,1.8,0.8,2.7,0.13,0.00,0.13,0.13,0.08,0.04,0.08,0.12,0.0,0.0,0.0,0.0,0.0,0.0,0.0,0.0,0.0,0.0,0.0,0.0,0.0,0.0,0.0,0.0,0.0,0.0,0.0,0.0,0.0,0.0,0.0,0.0,19,6,31.6,0.83,0.26,0.16,0.50,16.8,503,690,72.9,7475,1984,279,337,82.8,172,218,78.9,31,67,46.3,12,33,16,3,63,652,35,2,4,2,24,4,2,3,39,1.70,39,1.70,30,0,1,5,2,1,1,0.04,0,0,0,1,0,0,24,12,13,7,4,9,32,28.1,23,20,5,15,12,36,31,0,22.9,891,40,169,437,292,43,891,28,12,42.9,16,57.1,417,2013,930,18,20,3,31,28,536,78,35000,1820000
Jefferson Lerma,MF,Bournemouth,23,30,29,2506.0,27.8,2,0,2,2,0,0,12,0,1.3,1.3,1.1,2.3,0.07,0.00,0.07,0.07,0.05,0.04,0.05,0.08,0.0,0.0,0.0,0.0,0.0,0.0,0.0,0.0,0.0,0.0,0.0,0.0,0.0,0.0,0.0,0.0,0.0,0.0,0.0,0.0,0.0,0.0,0.0,0.0,31,8,25.8,1.11,0.29,0.06,0.25,25.8,1301,1568,83.0,21652,6479,655,749,87.4,504,578,87.2,104,160,65.0,15,134,10,1,133,1538,27,27,3,14,4,0,0,3,43,1.54,43,1.54,30,1,3,2,2,5,1,0.04,0,0,0,0,1,0,45,31,20,20,5,14,54,25.9,40,35,19,16,54,99,88,1,27.8,1900,137,552,1102,260,15,1900,29,20,69.0,9,31.0,1172,4977,2170,17,30,2,25,20,1166,17,50000,2600000
Jeffrey Schlupp,"MF,FW",Crystal Palace,25,30,18,1670.0,18.6,4,1,5,4,0,0,1,0,3.2,3.2,1.2,4.4,0.22,0.05,0.27,0.22,0.17,0.06,0.17,0.24,0.0,0.0,0.0,0.0,0.0,0.0,0.0,0.0,0.0,0.0,0.0,0.0,0.0,0.0,0.0,0.0,0.0,0.0,0.0,0.0,0.0,0.0,0.0,0.0,28,8,28.6,1.51,0.43,0.14,0.50,14.8,489,658,74.3,7239,2378,286,332,86.1,166,216,76.9,19,48,39.6,16,55,13,3,77,642,13,3,3,3,17,8,0,3,26,1.40,26,1.40,22,0,1,1,2,0,3,0.16,1,0,1,0,1,0,41,20,18,18,5,10,27,37.0,17,30,8,22,19,60,27,1,18.6,897,34,201,486,229,57,897,40,22,55.0,18,45.0,474,2637,1192,35,17,9,30,24,583,95,56000,2912000
Jermain Defoe,FW,Bournemouth,35,4,0,25.0,0.3,0,0,0,0,0,0,0,0,0.1,0.1,0.0,0.1,0.00,0.00,0.00,0.00,0.42,0.00,0.42,0.42,0.0,0.0,0.0,0.0,0.0,0.0,0.0,0.0,0.0,0.0,0.0,0.0,0.0,0.0,0.0,0.0,0.0,0.0,0.0,0.0,0.0,0.0,0.0,0.0,1,1,100.0,3.60,3.60,0.00,0.00,8.8,1,3,33.3,25,0,0,2,0.0,1,1,100.0,0,0,,0,0,0,0,0,2,1,0,0,0,0,0,0,0,0,0.00,0,0.00,0,0,0,0,0,0,0,0.00,0,0,0,0,0,0,0,0,0,0,0,0,0,,0,0,0,0,0,0,0,0,0.3,5,0,0,1,4,4,5,0,0,,0,,0,0,0,0,0,0,1,0,0,0,65000,3380000
Jesse Lingard,"FW,MF",Manchester Utd,25,27,19,1663.0,18.5,4,2,6,3,1,1,3,0,4.7,3.9,2.7,6.6,0.22,0.11,0.32,0.16,0.25,0.15,0.21,0.36,0.0,0.0,0.0,0.0,0.0,0.0,0.0,0.0,0.0,0.0,0.0,0.0,0.0,0.0,0.0,0.0,0.0,0.0,0.0,0.0,0.0,0.0,0.0,0.0,31,13,41.9,1.68,0.70,0.10,0.23,17.6,664,795,83.5,8567,1532,379,423,89.6,199,233,85.4,20,36,55.6,17,53,14,2,55,752,38,3,3,4,18,11,2,5,59,3.19,59,3.19,46,2,4,3,3,1,12,0.65,6,1,2,1,2,0,29,18,8,11,10,7,28,25.0,21,18,2,16,10,39,9,1,18.5,979,11,72,503,415,49,978,29,13,44.8,16,55.2,542,2997,1414,41,51,5,42,20,758,109,75000,3900000
Joe Bennett,DF,Cardiff City,28,30,30,2639.0,29.3,0,1,1,0,0,0,5,0,0.5,0.5,0.9,1.4,0.00,0.03,0.03,0.00,0.02,0.03,0.02,0.05,0.0,0.0,0.0,0.0,0.0,0.0,0.0,0.0,0.0,0.0,0.0,0.0,0.0,0.0,0.0,0.0,0.0,0.0,0.0,0.0,0.0,0.0,0.0,0.0,10,3,30.0,0.34,0.10,0.00,0.00,23.8,639,931,68.6,10057,5110,335,398,84.2,216,320,67.5,57,135,42.2,14,67,12,9,86,699,229,37,2,5,43,191,1,3,34,1.16,34,1.16,29,1,0,1,3,0,2,0.07,1,0,0,0,1,0,50,29,34,16,0,22,38,57.9,16,30,8,22,60,110,93,0,29.3,1227,117,373,570,294,13,1227,34,24,70.6,10,29.4,384,1979,1050,28,19,4,10,11,432,41,19500,1014000
Joe Bryan,"DF,MF",Fulham,24,28,27,2345.0,26.1,0,1,1,0,0,0,5,0,0.7,0.7,3.5,4.2,0.00,0.04,0.04,0.00,0.03,0.14,0.03,0.16,0.0,0.0,0.0,0.0,0.0,0.0,0.0,0.0,0.0,0.0,0.0,0.0,0.0,0.0,0.0,0.0,0.0,0.0,0.0,0.0,0.0,0.0,0.0,0.0,21,7,33.3,0.81,0.27,0.00,0.00,23.4,915,1293,70.8,15199,6931,442,512,86.3,388,517,75.0,70,190,36.8,24,79,22,15,118,1024,264,27,1,3,115,222,15,5,52,2.00,52,2.00,33,9,2,5,2,1,2,0.08,2,0,0,0,0,0,61,41,35,21,5,24,42,57.1,18,34,12,22,31,92,82,1,26.1,1591,101,441,753,407,32,1591,26,13,50.0,13,50.0,597,3854,1985,73,36,15,21,18,846,95,30000,1560000
Joe Gomez,DF,Liverpool,21,16,12,1063.0,11.8,0,0,0,0,0,0,2,0,0.3,0.3,0.4,0.7,0.00,0.00,0.00,0.00,0.03,0.03,0.03,0.06,0.0,0.0,0.0,0.0,0.0,0.0,0.0,0.0,0.0,0.0,0.0,0.0,0.0,0.0,0.0,0.0,0.0,0.0,0.0,0.0,0.0,0.0,0.0,0.0,5,1,20.0,0.42,0.08,0.00,0.00,16.2,717,839,85.5,13559,4488,237,260,91.2,406,447,90.8,64,108,59.3,7,34,3,1,38,775,61,18,0,3,7,43,0,3,11,0.93,11,0.93,11,0,0,0,0,0,1,0.08,1,0,0,0,0,0,18,11,10,7,1,9,15,60.0,6,10,5,5,14,32,42,0,11.8,940,55,337,561,49,8,940,5,4,80.0,1,20.0,608,2662,1410,6,2,0,10,2,637,13,28000,1456000
Joe Hart,GK,Burnley,31,19,19,1710.0,19.0,0,0,0,0,0,0,0,0,0.0,0.0,0.1,0.1,0.00,0.00,0.00,0.00,0.00,0.00,0.00,0.00,2.16,116,75,65.5,4,21.1,36.0,0.30,202,500,40.4,434,50,75.8,49.2,181,94.5,65.2,310,6,1.9,14,0.74,13.3,0,0,,0.00,0.00,,,,302,622,48.6,14383,13308,14,14,100.0,64,67,95.5,224,533,42.0,1,24,1,0,2,331,284,103,0,1,0,0,0,7,3,0.16,3,0.16,1,2,0,0,0,0,0,0.00,0,0,0,0,0,0,0,0,0,0,0,0,1,0.0,1,0,0,0,0,0,11,3,19.0,685,549,648,38,0,0,685,0,0,,0,,218,2005,1597,1,0,0,1,0,185,0,45000,2340000
Joe Ralls,MF,Cardiff City,24,28,22,1959.0,21.8,0,0,0,0,0,1,4,1,1.6,0.8,3.2,4.1,0.00,0.00,0.00,0.00,0.07,0.15,0.04,0.19,0.0,0.0,0.0,0.0,0.0,0.0,0.0,0.0,0.0,0.0,0.0,0.0,0.0,0.0,0.0,0.0,0.0,0.0,0.0,0.0,0.0,0.0,0.0,0.0,22,2,9.1,1.01,0.09,0.00,0.00,24.1,563,864,65.2,11256,4265,224,283,79.2,214,271,79.0,107,247,43.3,33,106,11,4,111,749,107,57,1,6,77,1,49,8,61,2.80,61,2.80,28,26,1,4,1,1,2,0.09,0,2,0,0,0,0,45,23,21,21,3,10,33,30.3,23,21,6,15,29,74,30,0,21.8,1055,35,202,583,279,18,1054,6,5,83.3,1,16.7,417,1968,1027,20,16,3,19,14,491,18,24500,1274000
Joe Willock,"MF,FW",Arsenal,18,2,1,64.0,0.7,0,0,0,0,0,0,0,0,0.1,0.1,0.0,0.1,0.00,0.00,0.00,0.00,0.16,0.00,0.16,0.16,0.0,0.0,0.0,0.0,0.0,0.0,0.0,0.0,0.0,0.0,0.0,0.0,0.0,0.0,0.0,0.0,0.0,0.0,0.0,0.0,0.0,0.0,0.0,0.0,2,0,0.0,2.81,0.00,0.00,,17.4,12,15,80.0,191,28,7,7,100.0,2,3,66.7,2,2,100.0,0,2,0,0,1,15,0,0,0,1,0,0,0,0,0,0.00,0,0.00,0,0,0,0,0,0,0,0.00,0,0,0,0,0,0,1,0,0,1,0,0,0,,0,1,0,1,1,2,0,0,0.7,27,0,3,13,11,3,27,2,0,0.0,2,100.0,21,100,21,0,0,0,3,2,23,7,5000,260000
Joel Coleman,GK,Huddersfield,22,1,1,90.0,1.0,0,0,0,0,0,0,0,0,0.0,0.0,0.0,0.0,0.00,0.00,0.00,0.00,0.00,0.00,0.00,0.00,1.00,3,2,66.7,0,0.0,0.5,0.18,7,29,24.1,31,0,74.2,48.3,6,100.0,65.7,12,1,8.3,1,1.00,15.8,0,0,,0.00,0.00,,,,14,37,37.8,546,451,2,2,100.0,3,3,100.0,8,31,25.8,0,1,0,0,0,28,9,3,0,0,0,0,0,0,0,0.00,0,0.00,0,0,0,0,0,0,0,0.00,0,0,0,0,0,0,0,0,0,0,0,0,0,,0,0,0,0,0,0,0,0,1.0,38,33,38,0,0,0,38,0,0,,0,,17,96,67,0,0,0,0,0,16,0,3000,156000
Joel Ward,DF,Crystal Palace,28,7,6,552.0,6.1,1,0,1,1,0,0,1,0,0.6,0.6,0.1,0.7,0.16,0.00,0.16,0.16,0.09,0.02,0.09,0.11,0.0,0.0,0.0,0.0,0.0,0.0,0.0,0.0,0.0,0.0,0.0,0.0,0.0,0.0,0.0,0.0,0.0,0.0,0.0,0.0,0.0,0.0,0.0,0.0,2,1,50.0,0.33,0.16,0.50,1.00,7.0,183,255,71.8,2599,1446,109,129,84.5,56,84,66.7,9,27,33.3,2,17,4,0,18,195,59,2,0,0,7,57,0,1,8,1.30,8,1.30,7,1,0,0,0,0,0,0.00,0,0,0,0,0,0,12,7,7,4,1,3,10,30.0,7,2,0,2,10,22,35,0,6.1,330,33,131,137,65,5,330,2,1,50.0,1,50.0,104,569,263,6,4,0,5,4,134,18,35000,1820000
John Ruddy,GK,Wolves,31,1,1,90.0,1.0,0,0,0,0,0,0,0,0,0.0,0.0,0.0,0.0,0.00,0.00,0.00,0.00,0.00,0.00,0.00,0.00,0.00,3,3,100.0,1,100.0,0.1,0.05,5,11,45.5,14,2,35.7,37.9,7,85.7,49.7,15,1,6.7,0,0.00,11.0,0,0,,0.00,0.00,,,,15,21,71.4,539,456,1,1,100.0,3,3,100.0,11,17,64.7,0,0,0,0,0,12,9,2,0,0,0,0,0,0,0,0.00,0,0.00,0,0,0,0,0,0,0,0.00,0,0,0,0,0,0,0,0,0,0,0,0,0,,0,0,0,0,0,0,0,0,1.0,21,20,21,0,0,0,21,0,0,,0,,7,37,26,0,0,0,0,0,7,0,35000,1820000
John Stones,DF,Manchester City,24,24,20,1764.0,19.6,0,0,0,0,0,0,1,0,0.3,0.3,0.2,0.6,0.00,0.00,0.00,0.00,0.02,0.01,0.02,0.03,0.0,0.0,0.0,0.0,0.0,0.0,0.0,0.0,0.0,0.0,0.0,0.0,0.0,0.0,0.0,0.0,0.0,0.0,0.0,0.0,0.0,0.0,0.0,0.0,5,1,20.0,0.26,0.05,0.00,0.00,10.6,1663,1766,94.2,30308,9391,652,683,95.5,792,826,95.9,169,199,84.9,5,107,4,1,118,1738,28,15,0,23,2,13,0,0,18,0.92,18,0.92,17,1,0,0,0,0,0,0.00,0,0,0,0,0,0,16,11,9,5,2,4,9,44.4,5,15,9,6,14,30,64,1,19.6,1892,123,642,1172,91,12,1892,8,6,75.0,2,25.0,1365,8755,5272,44,18,0,1,3,1519,5,100000,5200000
Jon Gorenc Stanković,"MF,DF",Huddersfield,22,11,9,715.0,7.9,1,0,1,1,0,0,2,0,1.0,1.0,0.1,1.1,0.13,0.00,0.13,0.13,0.13,0.01,0.13,0.14,0.0,0.0,0.0,0.0,0.0,0.0,0.0,0.0,0.0,0.0,0.0,0.0,0.0,0.0,0.0,0.0,0.0,0.0,0.0,0.0,0.0,0.0,0.0,0.0,9,2,22.2,1.13,0.25,0.11,0.50,16.2,224,297,75.4,4080,1375,87,100,87.0,106,130,81.5,25,48,52.1,2,18,3,0,17,285,11,9,0,0,0,2,0,1,8,1.01,8,1.01,7,0,0,0,0,1,0,0.00,0,0,0,0,0,0,26,18,18,7,1,14,26,53.8,12,16,9,7,9,35,20,1,7.9,394,38,177,193,29,8,394,2,1,50.0,1,50.0,186,804,423,5,1,0,7,1,208,4,15000,780000
Jonas Lössl,GK,Huddersfield,29,31,30,2778.0,30.9,0,1,1,0,0,0,1,0,0.0,0.0,0.5,0.5,0.00,0.03,0.03,0.00,0.00,0.02,0.00,0.02,1.75,141,86,64.5,5,16.7,42.1,0.27,275,631,43.6,880,97,52.3,40.7,223,76.7,55.6,345,24,7.0,29,0.94,13.3,0,0,,0.00,0.00,,,,711,1105,64.3,26054,21655,46,46,100.0,281,289,97.2,383,767,49.9,4,22,0,0,0,782,321,98,0,4,0,0,0,2,8,0.26,8,0.26,5,3,0,0,0,0,1,0.03,1,0,0,0,0,0,0,0,0,0,0,0,1,0.0,1,1,0,1,2,2,12,2,30.9,1168,974,1158,8,3,2,1168,1,1,100.0,0,0.0,555,3161,2080,0,2,1,1,1,520,0,28000,1456000
Jonathan Hogg,MF,Huddersfield,29,29,29,2367.0,26.3,0,1,1,0,0,0,8,1,0.3,0.3,0.8,1.1,0.00,0.04,0.04,0.00,0.01,0.03,0.01,0.04,0.0,0.0,0.0,0.0,0.0,0.0,0.0,0.0,0.0,0.0,0.0,0.0,0.0,0.0,0.0,0.0,0.0,0.0,0.0,0.0,0.0,0.0,0.0,0.0,8,1,12.5,0.30,0.04,0.00,0.00,20.7,1289,1556,82.8,22062,5783,602,682,88.3,523,601,87.0,127,197,64.5,16,127,14,1,147,1531,21,21,6,15,6,0,0,4,34,1.29,34,1.29,28,0,0,1,3,2,1,0.04,1,0,0,0,0,0,78,41,18,51,9,27,69,39.1,42,46,7,39,73,151,19,1,26.3,1835,46,365,1202,287,12,1835,11,9,81.8,2,18.2,905,3834,1489,10,21,1,32,19,1088,34,22500,1170000
Jonjo Shelvey,MF,Newcastle Utd,26,16,10,948.0,10.5,1,1,2,1,0,0,1,0,0.9,0.9,1.7,2.6,0.09,0.09,0.19,0.09,0.09,0.16,0.09,0.25,0.0,0.0,0.0,0.0,0.0,0.0,0.0,0.0,0.0,0.0,0.0,0.0,0.0,0.0,0.0,0.0,0.0,0.0,0.0,0.0,0.0,0.0,0.0,0.0,23,8,34.8,2.18,0.76,0.04,0.13,28.9,463,685,67.6,10154,4250,155,183,84.7,183,245,74.7,109,218,50.0,25,74,24,4,74,592,89,54,4,18,50,3,31,4,51,4.84,51,4.84,32,10,4,3,0,2,1,0.09,1,0,0,0,0,0,22,12,10,9,3,8,17,47.1,9,10,3,7,7,29,15,0,10.5,778,17,151,459,175,8,778,12,10,83.3,2,16.7,348,1694,941,13,19,1,8,4,461,15,70000,3640000
Jonjoe Kenny,DF,Everton,21,10,8,791.0,8.8,0,1,1,0,0,0,1,0,0.1,0.1,0.6,0.7,0.00,0.11,0.11,0.00,0.01,0.07,0.01,0.08,0.0,0.0,0.0,0.0,0.0,0.0,0.0,0.0,0.0,0.0,0.0,0.0,0.0,0.0,0.0,0.0,0.0,0.0,0.0,0.0,0.0,0.0,0.0,0.0,3,0,0.0,0.34,0.00,0.00,,22.8,423,573,73.8,6392,3055,228,262,87.0,154,202,76.2,25,65,38.5,6,42,12,4,51,442,129,3,0,1,17,126,0,2,16,1.82,16,1.82,16,0,0,0,0,0,2,0.23,2,0,0,0,0,0,21,16,16,4,1,10,18,55.6,8,13,2,11,17,38,36,1,8.8,692,37,188,322,186,4,692,10,5,50.0,5,50.0,312,1231,645,16,13,1,7,9,331,35,15000,780000
Jonny Castro,"DF,MF",Wolves,24,33,32,2771.0,30.8,1,1,2,1,0,0,6,0,2.0,2.0,1.6,3.6,0.03,0.03,0.06,0.03,0.06,0.05,0.06,0.12,0.0,0.0,0.0,0.0,0.0,0.0,0.0,0.0,0.0,0.0,0.0,0.0,0.0,0.0,0.0,0.0,0.0,0.0,0.0,0.0,0.0,0.0,0.0,0.0,25,7,28.0,0.81,0.23,0.04,0.14,20.0,1099,1405,78.2,14776,4550,692,777,89.1,308,398,77.4,43,92,46.7,31,36,22,7,75,1114,286,7,1,4,46,279,0,5,70,2.27,70,2.27,49,1,9,3,5,3,7,0.23,2,0,1,1,3,0,79,43,42,33,4,31,60,51.7,29,45,8,37,60,139,64,2,30.8,1787,88,474,742,587,51,1787,60,30,50.0,30,50.0,765,4861,2734,85,55,12,40,40,943,161,36692,1908000
Jonny Evans,DF,Leicester City,30,24,21,1996.0,22.2,1,0,1,1,0,0,2,0,0.9,0.9,0.3,1.1,0.05,0.00,0.05,0.05,0.04,0.01,0.04,0.05,0.0,0.0,0.0,0.0,0.0,0.0,0.0,0.0,0.0,0.0,0.0,0.0,0.0,0.0,0.0,0.0,0.0,0.0,0.0,0.0,0.0,0.0,0.0,0.0,11,3,27.3,0.50,0.14,0.09,0.33,9.9,873,1031,84.7,17429,5841,280,311,90.0,483,529,91.3,102,175,58.3,5,41,1,1,33,995,35,35,0,18,1,0,0,1,12,0.54,12,0.54,10,0,0,2,0,0,1,0.05,0,0,0,1,0,0,24,13,20,4,0,13,18,72.2,5,28,10,18,33,57,152,3,22.2,1316,182,756,522,43,26,1316,0,0,,0,,703,3036,1566,4,5,1,8,4,737,3,80000,4160000
Jordan Ayew,FW,Crystal Palace,26,20,14,1181.0,13.1,1,2,3,1,0,0,3,0,2.9,2.9,1.2,4.0,0.08,0.15,0.23,0.08,0.22,0.09,0.22,0.31,0.0,0.0,0.0,0.0,0.0,0.0,0.0,0.0,0.0,0.0,0.0,0.0,0.0,0.0,0.0,0.0,0.0,0.0,0.0,0.0,0.0,0.0,0.0,0.0,27,3,11.1,2.06,0.23,0.04,0.33,14.6,207,283,73.1,2618,485,133,156,85.3,46,65,70.8,7,15,46.7,16,11,5,0,19,263,18,0,2,1,15,1,0,2,33,2.51,33,2.51,21,0,1,5,4,2,5,0.38,3,0,0,1,0,1,38,23,12,19,7,6,20,30.0,14,16,0,16,7,45,6,0,13.1,485,7,50,231,216,56,485,26,11,42.3,15,57.7,273,1734,667,31,9,9,47,32,325,90,32500,1690000
Jordan Henderson,MF,Liverpool,28,32,21,1987.0,22.1,1,3,4,1,0,0,3,2,1.5,1.5,1.8,3.2,0.05,0.14,0.18,0.05,0.07,0.08,0.07,0.15,0.0,0.0,0.0,0.0,0.0,0.0,0.0,0.0,0.0,0.0,0.0,0.0,0.0,0.0,0.0,0.0,0.0,0.0,0.0,0.0,0.0,0.0,0.0,0.0,16,1,6.3,0.72,0.05,0.06,1.00,18.8,1553,1815,85.6,27538,6348,681,741,91.9,620,695,89.2,196,277,70.8,15,158,23,5,160,1741,69,32,7,15,38,32,0,5,39,1.77,39,1.77,36,1,0,1,0,1,6,0.27,6,0,0,0,0,0,46,36,20,22,4,16,39,41.0,23,27,3,24,30,76,17,0,22.1,2002,35,279,1364,370,32,2002,14,7,50.0,7,50.0,1358,5566,2505,36,28,2,21,8,1486,59,140000,7280000
Jordan Pickford,GK,Everton,24,38,38,3420.0,38.0,0,0,0,0,0,0,1,0,0.0,0.0,0.0,0.0,0.00,0.00,0.00,0.00,0.00,0.00,0.00,0.00,1.21,136,89,67.6,14,36.8,45.3,0.30,253,724,34.9,979,152,54.0,42.3,291,67.0,53.7,431,14,3.2,40,1.05,17.3,0,0,,0.00,0.00,,,,772,1275,60.5,26263,19906,77,77,100.0,362,373,97.1,332,819,40.5,1,33,0,0,0,832,438,147,0,11,0,0,0,5,6,0.16,6,0.16,4,2,0,0,0,0,0,0.00,0,0,0,0,0,0,0,0,0,0,0,0,0,,0,0,0,0,0,0,20,8,38.0,1355,1116,1339,17,0,0,1355,0,0,,0,,665,4209,2880,0,0,0,2,0,561,0,100000,5200000
Jordon Ibe,"MF,DF",Bournemouth,22,19,9,797.0,8.9,1,1,2,1,0,0,1,0,0.8,0.8,0.6,1.4,0.11,0.11,0.23,0.11,0.09,0.07,0.09,0.16,0.0,0.0,0.0,0.0,0.0,0.0,0.0,0.0,0.0,0.0,0.0,0.0,0.0,0.0,0.0,0.0,0.0,0.0,0.0,0.0,0.0,0.0,0.0,0.0,9,3,33.3,1.02,0.34,0.11,0.33,16.9,213,288,74.0,3124,958,127,147,86.4,69,85,81.2,14,27,51.9,10,10,17,3,28,270,16,1,2,1,27,9,6,2,20,2.26,20,2.26,13,5,2,0,0,0,1,0.11,1,0,0,0,0,0,6,5,0,5,1,2,7,28.6,5,2,0,2,4,10,4,0,8.9,387,9,50,136,211,27,387,52,26,50.0,26,50.0,294,2494,1362,56,35,14,22,17,285,47,37500,1950000
Jorginho,MF,Chelsea,26,37,37,3156.0,35.1,2,0,2,1,1,1,8,0,1.4,0.6,3.2,3.8,0.06,0.00,0.06,0.03,0.04,0.09,0.02,0.11,0.0,0.0,0.0,0.0,0.0,0.0,0.0,0.0,0.0,0.0,0.0,0.0,0.0,0.0,0.0,0.0,0.0,0.0,0.0,0.0,0.0,0.0,0.0,0.0,18,6,33.3,0.51,0.17,0.06,0.17,26.2,2785,3133,88.9,40201,13193,1611,1729,93.2,898,1005,89.4,153,204,75.0,29,336,44,1,323,3071,50,49,34,11,2,1,0,12,73,2.08,73,2.08,70,0,0,0,1,2,5,0.14,5,0,0,0,0,0,76,38,27,41,8,45,96,46.9,51,46,7,39,64,140,38,1,35.1,3451,106,724,2109,636,4,3450,27,15,55.6,12,44.4,1921,7795,4278,30,72,0,32,31,2697,46,110000,5720000
Joselu,FW,Newcastle Utd,28,16,5,596.0,6.6,2,0,2,2,0,0,1,0,1.6,1.6,0.0,1.6,0.30,0.00,0.30,0.30,0.24,0.00,0.24,0.25,0.0,0.0,0.0,0.0,0.0,0.0,0.0,0.0,0.0,0.0,0.0,0.0,0.0,0.0,0.0,0.0,0.0,0.0,0.0,0.0,0.0,0.0,0.0,0.0,17,5,29.4,2.57,0.76,0.12,0.40,13.8,130,212,61.3,1653,254,81,126,64.3,24,38,63.2,11,17,64.7,1,5,2,0,8,202,10,0,1,3,3,2,0,0,6,0.91,6,0.91,5,0,0,0,1,0,0,0.00,0,0,0,0,0,0,14,8,4,5,5,4,9,44.4,5,5,0,5,3,17,15,0,6.6,295,15,29,169,97,26,295,5,1,20.0,4,80.0,108,341,87,4,3,3,17,16,217,28,40000,2080000
Josh Murphy,"MF,FW",Cardiff City,23,29,22,1817.0,20.2,3,2,5,3,0,0,2,0,4.1,4.1,3.9,8.0,0.15,0.10,0.25,0.15,0.20,0.19,0.20,0.40,0.0,0.0,0.0,0.0,0.0,0.0,0.0,0.0,0.0,0.0,0.0,0.0,0.0,0.0,0.0,0.0,0.0,0.0,0.0,0.0,0.0,0.0,0.0,0.0,46,15,32.6,2.28,0.74,0.07,0.20,19.2,203,391,51.9,3220,1224,108,142,76.1,60,112,53.6,22,74,29.7,16,16,15,7,23,363,25,6,4,2,74,6,12,3,55,2.72,55,2.72,28,4,4,8,11,0,2,0.10,2,0,0,0,0,0,26,17,15,7,4,9,29,31.0,20,30,0,30,11,37,17,0,20.2,683,11,121,201,381,73,683,90,37,41.1,52,57.8,423,3872,1918,81,44,32,44,38,433,126,25000,1300000
Josh Sims,MF,Southampton,21,7,2,212.0,2.4,0,1,1,0,0,0,0,0,0.6,0.6,0.7,1.3,0.00,0.42,0.42,0.00,0.27,0.29,0.27,0.56,0.0,0.0,0.0,0.0,0.0,0.0,0.0,0.0,0.0,0.0,0.0,0.0,0.0,0.0,0.0,0.0,0.0,0.0,0.0,0.0,0.0,0.0,0.0,0.0,5,1,20.0,2.12,0.42,0.00,0.00,17.8,32,45,71.1,424,109,18,21,85.7,9,12,75.0,1,3,33.3,1,2,0,0,0,44,1,0,0,0,1,0,0,0,5,2.12,5,2.12,3,0,1,0,1,0,3,1.27,3,0,0,0,0,0,1,0,1,0,0,1,3,33.3,2,2,0,2,1,2,1,0,2.4,70,3,17,33,21,7,70,5,4,80.0,1,20.0,47,408,102,3,3,2,4,7,44,12,18000,936000
Joshua King,"FW,MF",Bournemouth,26,35,34,2961.0,32.9,12,3,15,7,5,6,3,0,13.5,8.7,3.8,12.5,0.36,0.09,0.46,0.21,0.41,0.12,0.27,0.38,0.0,0.0,0.0,0.0,0.0,0.0,0.0,0.0,0.0,0.0,0.0,0.0,0.0,0.0,0.0,0.0,0.0,0.0,0.0,0.0,0.0,0.0,0.0,0.0,66,18,27.3,2.01,0.55,0.11,0.39,16.3,588,858,68.5,7953,1845,363,469,77.4,168,249,67.5,22,45,48.9,34,41,36,6,85,830,21,0,11,2,43,5,1,7,83,2.52,83,2.52,61,0,10,3,9,0,12,0.36,9,0,0,0,3,0,30,19,7,19,4,8,29,27.6,21,28,4,24,7,37,14,0,32.9,1289,26,142,563,626,160,1283,126,65,51.6,61,48.4,926,7079,3563,131,87,46,113,96,983,248,45000,2340000
José Holebas,DF,Watford,34,28,27,2393.0,26.6,3,6,9,3,0,0,12,1,1.0,1.0,4.1,5.1,0.11,0.23,0.34,0.11,0.04,0.15,0.04,0.19,0.0,0.0,0.0,0.0,0.0,0.0,0.0,0.0,0.0,0.0,0.0,0.0,0.0,0.0,0.0,0.0,0.0,0.0,0.0,0.0,0.0,0.0,0.0,0.0,17,5,29.4,0.64,0.19,0.18,0.60,23.4,810,1335,60.7,13915,6383,404,480,84.2,275,451,61.0,101,313,32.3,38,47,15,9,77,850,477,77,0,8,209,285,115,8,61,2.29,61,2.29,23,35,2,0,0,1,9,0.34,3,3,2,0,0,1,68,40,44,20,4,28,53,52.8,25,27,8,19,21,89,97,0,26.6,1654,106,482,650,541,23,1654,45,22,48.9,23,51.1,574,3068,1502,44,30,12,28,24,600,58,30000,1560000
José Izquierdo,"MF,FW",Brighton,26,15,9,795.0,8.8,0,1,1,0,0,0,1,0,0.6,0.6,0.4,1.0,0.00,0.11,0.11,0.00,0.06,0.05,0.06,0.11,0.0,0.0,0.0,0.0,0.0,0.0,0.0,0.0,0.0,0.0,0.0,0.0,0.0,0.0,0.0,0.0,0.0,0.0,0.0,0.0,0.0,0.0,0.0,0.0,15,3,20.0,1.70,0.34,0.00,0.00,21.2,156,216,72.2,2091,641,97,119,81.5,48,61,78.7,5,16,31.3,5,9,4,0,19,211,3,0,0,0,6,3,0,2,15,1.70,15,1.70,12,0,1,1,1,0,3,0.34,1,0,0,1,1,0,15,9,9,4,2,10,20,50.0,10,7,1,6,5,20,7,0,8.8,313,11,71,114,135,24,313,24,13,54.2,11,45.8,205,1385,615,20,17,12,18,12,192,58,45000,2340000
João Moutinho,MF,Wolves,31,38,35,3032.0,33.7,1,8,9,1,0,0,4,0,0.7,0.7,6.5,7.2,0.03,0.24,0.27,0.03,0.02,0.19,0.02,0.21,0.0,0.0,0.0,0.0,0.0,0.0,0.0,0.0,0.0,0.0,0.0,0.0,0.0,0.0,0.0,0.0,0.0,0.0,0.0,0.0,0.0,0.0,0.0,0.0,18,3,16.7,0.53,0.09,0.06,0.33,26.2,1649,2072,79.6,30933,9045,648,724,89.5,710,825,86.1,234,413,56.7,84,161,41,15,220,1796,269,102,4,28,196,6,159,7,141,4.18,141,4.18,90,46,0,1,1,3,15,0.45,9,6,0,0,0,0,113,58,50,56,7,44,126,34.9,82,56,11,45,40,153,50,0,33.7,2394,65,391,1404,617,10,2394,23,13,56.5,10,43.5,1117,5299,2908,34,37,0,17,27,1447,48,100000,5200000
Joël Matip,DF,Liverpool,26,22,17,1537.0,17.1,1,0,1,1,0,0,3,0,0.7,0.7,0.2,0.9,0.06,0.00,0.06,0.06,0.04,0.01,0.04,0.05,0.0,0.0,0.0,0.0,0.0,0.0,0.0,0.0,0.0,0.0,0.0,0.0,0.0,0.0,0.0,0.0,0.0,0.0,0.0,0.0,0.0,0.0,0.0,0.0,8,2,25.0,0.47,0.12,0.13,0.50,8.5,1176,1356,86.7,22137,7102,377,424,88.9,703,742,94.7,84,161,52.2,2,64,6,0,66,1312,40,29,4,3,0,11,0,4,12,0.70,12,0.70,9,0,1,0,1,1,2,0.12,1,0,0,0,0,1,39,26,23,12,4,13,24,54.2,11,12,7,5,32,71,78,0,17.1,1545,90,595,893,64,19,1545,8,6,75.0,2,25.0,993,4858,3424,27,24,1,7,1,1080,2,100000,5200000
Juan Foyth,DF,Tottenham,20,12,10,888.0,9.9,1,0,1,1,0,0,3,1,0.7,0.7,0.8,1.5,0.10,0.00,0.10,0.10,0.07,0.08,0.07,0.15,0.0,0.0,0.0,0.0,0.0,0.0,0.0,0.0,0.0,0.0,0.0,0.0,0.0,0.0,0.0,0.0,0.0,0.0,0.0,0.0,0.0,0.0,0.0,0.0,4,1,25.0,0.41,0.10,0.25,1.00,11.1,512,605,84.6,8733,2643,246,272,90.4,212,243,87.2,45,65,69.2,4,25,3,0,26,574,29,14,1,7,2,15,0,2,10,1.01,10,1.01,7,0,1,0,1,1,1,0.10,1,0,0,0,0,0,31,17,20,11,0,14,19,73.7,5,12,5,7,10,41,50,1,9.9,738,79,309,394,44,7,738,22,19,86.4,3,13.6,478,2375,1404,8,6,1,11,9,482,3,21596,1123000
Juan Mata,"FW,MF",Manchester Utd,30,22,16,1289.0,14.3,3,2,5,3,0,0,3,0,1.6,1.6,2.9,4.5,0.21,0.14,0.35,0.21,0.11,0.20,0.11,0.31,0.0,0.0,0.0,0.0,0.0,0.0,0.0,0.0,0.0,0.0,0.0,0.0,0.0,0.0,0.0,0.0,0.0,0.0,0.0,0.0,0.0,0.0,0.0,0.0,19,6,31.6,1.33,0.42,0.16,0.50,19.1,620,775,80.0,9712,2227,322,354,91.0,174,219,79.5,72,128,56.3,30,64,21,3,75,704,69,16,6,13,67,6,35,2,66,4.60,66,4.60,51,7,2,2,4,0,7,0.49,5,0,0,0,2,0,9,4,7,1,1,6,21,28.6,15,8,1,7,6,15,6,0,14.3,862,8,88,425,354,45,862,17,10,58.8,7,41.2,498,2254,1010,24,19,4,14,19,658,96,160000,8320000
Julián Speroni,GK,Crystal Palace,39,1,1,90.0,1.0,0,0,0,0,0,0,0,0,0.0,0.0,0.0,0.0,0.00,0.00,0.00,0.00,0.00,0.00,0.00,0.00,4.00,9,5,55.6,0,0.0,3.6,0.40,11,31,35.5,22,3,90.9,53.1,13,84.6,54.9,18,1,5.6,0,0.00,3.8,0,0,,0.00,0.00,,,,15,35,42.9,698,629,0,0,,2,2,100.0,13,33,39.4,0,1,0,0,0,19,16,3,0,0,0,0,0,0,0,0.00,0,0.00,0,0,0,0,0,0,0,0.00,0,0,0,0,0,0,0,0,0,0,0,0,0,,0,0,0,0,0,0,1,2,1.0,41,41,41,0,0,0,41,0,0,,0,,15,146,93,0,0,0,2,0,8,0,25000,1300000
Juninho Bacuna,"MF,DF",Huddersfield,20,21,16,1412.0,15.7,1,0,1,1,0,0,4,0,0.7,0.7,1.4,2.1,0.06,0.00,0.06,0.06,0.04,0.09,0.04,0.14,0.0,0.0,0.0,0.0,0.0,0.0,0.0,0.0,0.0,0.0,0.0,0.0,0.0,0.0,0.0,0.0,0.0,0.0,0.0,0.0,0.0,0.0,0.0,0.0,19,8,42.1,1.21,0.51,0.05,0.13,27.0,565,770,73.4,10416,3609,267,314,85.0,192,242,79.3,91,167,54.5,18,92,13,1,95,699,69,28,6,13,34,19,16,2,41,2.61,41,2.61,30,6,2,0,3,0,0,0.00,0,0,0,0,0,0,46,29,22,19,5,22,54,40.7,32,21,1,20,24,70,12,1,15.7,990,17,181,613,214,10,990,50,26,52.0,24,48.0,539,2602,1215,24,24,3,39,17,605,30,17000,884000
Junior Hoilett,"MF,FW",Cardiff City,28,32,23,2141.0,23.8,3,1,4,3,0,0,4,0,3.4,3.4,1.5,4.9,0.13,0.04,0.17,0.13,0.14,0.06,0.14,0.21,0.0,0.0,0.0,0.0,0.0,0.0,0.0,0.0,0.0,0.0,0.0,0.0,0.0,0.0,0.0,0.0,0.0,0.0,0.0,0.0,0.0,0.0,0.0,0.0,40,9,22.5,1.68,0.38,0.08,0.33,19.3,338,537,62.9,4941,1706,202,242,83.5,80,132,60.6,31,93,33.3,24,14,11,2,39,490,41,12,2,2,85,3,26,6,56,2.35,56,2.35,31,9,4,4,7,1,2,0.08,2,0,0,0,0,0,40,27,26,11,3,15,53,28.3,38,34,0,34,32,72,30,0,23.8,852,34,207,254,406,57,852,62,23,37.1,39,62.9,482,3836,1697,54,34,18,51,39,475,125,28000,1456000
Junior Stanislas,"MF,FW",Bournemouth,28,23,11,1031.0,11.5,2,3,5,1,1,1,1,0,3.1,2.3,2.0,4.2,0.17,0.26,0.44,0.09,0.27,0.17,0.20,0.37,0.0,0.0,0.0,0.0,0.0,0.0,0.0,0.0,0.0,0.0,0.0,0.0,0.0,0.0,0.0,0.0,0.0,0.0,0.0,0.0,0.0,0.0,0.0,0.0,33,9,27.3,2.88,0.79,0.03,0.11,21.0,405,548,73.9,5789,1986,247,288,85.8,122,155,78.7,22,49,44.9,15,28,22,1,58,491,57,11,4,2,37,15,26,0,39,3.40,39,3.40,29,4,2,2,1,1,4,0.35,4,0,0,0,0,0,12,6,5,4,3,3,7,42.9,4,8,1,7,2,14,15,0,11.5,677,17,116,257,309,38,676,26,12,46.2,14,53.8,427,2376,1196,35,24,6,21,10,460,81,35000,1820000
Jóhann Berg Guðmundsson,MF,Burnley,27,29,19,1752.0,19.5,3,6,9,3,0,0,2,0,2.8,2.8,4.3,7.1,0.15,0.31,0.46,0.15,0.15,0.22,0.15,0.37,0.0,0.0,0.0,0.0,0.0,0.0,0.0,0.0,0.0,0.0,0.0,0.0,0.0,0.0,0.0,0.0,0.0,0.0,0.0,0.0,0.0,0.0,0.0,0.0,33,9,27.3,1.70,0.46,0.09,0.33,20.0,397,620,64.0,6549,2207,217,267,81.3,110,168,65.5,53,128,41.4,37,24,20,12,39,534,81,30,1,7,119,5,46,5,71,3.65,71,3.65,40,17,1,8,5,0,9,0.46,6,1,0,2,0,0,27,11,14,10,3,16,34,47.1,18,25,4,21,33,60,34,0,19.5,868,43,152,294,438,49,868,40,16,40.0,24,60.0,454,3073,1494,55,37,5,41,28,476,108,30000,1560000
Jürgen Locadia,"FW,MF",Brighton,24,26,12,1236.0,13.7,2,0,2,2,0,0,1,0,2.7,2.7,1.0,3.7,0.15,0.00,0.15,0.15,0.20,0.07,0.20,0.27,0.0,0.0,0.0,0.0,0.0,0.0,0.0,0.0,0.0,0.0,0.0,0.0,0.0,0.0,0.0,0.0,0.0,0.0,0.0,0.0,0.0,0.0,0.0,0.0,27,9,33.3,1.97,0.66,0.07,0.22,17.8,249,348,71.6,3807,749,148,194,76.3,66,94,70.2,23,33,69.7,13,12,10,2,15,340,7,0,0,10,12,4,0,1,31,2.26,31,2.26,22,0,3,4,1,1,2,0.15,1,0,1,0,0,0,15,10,5,8,2,3,7,42.9,4,8,0,8,9,24,13,0,13.7,487,14,79,203,212,45,487,8,5,62.5,3,37.5,275,1334,508,17,11,8,42,16,343,104,45000,2340000
Kadeem Harris,MF,Cardiff City,25,13,3,375.0,4.2,1,0,1,1,0,0,1,0,0.5,0.5,0.4,1.0,0.24,0.00,0.24,0.24,0.13,0.11,0.13,0.23,0.0,0.0,0.0,0.0,0.0,0.0,0.0,0.0,0.0,0.0,0.0,0.0,0.0,0.0,0.0,0.0,0.0,0.0,0.0,0.0,0.0,0.0,0.0,0.0,5,3,60.0,1.20,0.72,0.20,0.33,16.4,66,104,63.5,954,204,41,58,70.7,19,26,73.1,4,9,44.4,6,1,6,3,5,103,0,0,0,0,15,0,0,1,12,2.88,12,2.88,9,0,1,1,1,0,0,0.00,0,0,0,0,0,0,12,5,6,4,2,7,8,87.5,1,3,0,3,3,15,5,0,4.2,169,3,18,49,102,12,169,16,7,43.8,9,56.3,103,852,427,15,8,5,13,7,113,34,12000,624000
Karlan Grant,FW,Huddersfield,20,13,9,877.0,9.7,4,0,4,4,0,0,0,0,3.6,3.6,0.3,3.9,0.41,0.00,0.41,0.41,0.37,0.03,0.37,0.40,0.0,0.0,0.0,0.0,0.0,0.0,0.0,0.0,0.0,0.0,0.0,0.0,0.0,0.0,0.0,0.0,0.0,0.0,0.0,0.0,0.0,0.0,0.0,0.0,21,11,52.4,2.16,1.13,0.19,0.36,15.8,149,223,66.8,1841,463,91,131,69.5,40,53,75.5,4,9,44.4,8,4,3,0,14,203,20,0,0,0,9,2,0,0,22,2.26,22,2.26,13,0,5,3,1,0,2,0.21,0,0,0,1,1,0,5,2,1,2,2,1,3,33.3,2,8,0,8,2,7,1,1,9.7,320,4,21,137,170,33,320,26,12,46.2,14,53.8,194,1521,643,22,20,11,28,24,231,51,12192,634000
Kasper Schmeichel,GK,Leicester City,31,38,38,3420.0,38.0,0,0,0,0,0,0,3,0,0.1,0.1,0.4,0.5,0.00,0.00,0.00,0.00,0.00,0.01,0.00,0.01,1.26,138,90,68.8,10,26.3,40.0,0.26,282,639,44.1,935,127,44.3,37.7,310,72.6,52.3,534,12,2.2,25,0.66,12.5,1,0,0.0,0.03,0.00,0.00,,9.6,857,1248,68.7,29412,21904,60,61,98.4,352,359,98.1,443,822,53.9,1,12,0,0,2,786,459,149,1,16,0,0,0,3,2,0.05,2,0.05,1,1,0,0,0,0,0,0.00,0,0,0,0,0,0,1,1,1,0,0,1,1,100.0,0,0,0,0,3,4,14,3,38.0,1319,1056,1294,24,1,1,1319,1,1,100.0,0,0.0,655,3565,2438,0,1,1,0,0,529,0,130000,6760000
Kayne Ramsey,DF,Southampton,17,1,1,90.0,1.0,0,0,0,0,0,0,0,0,0.0,0.0,0.0,0.0,0.00,0.00,0.00,0.00,0.00,0.00,0.00,0.00,0.0,0.0,0.0,0.0,0.0,0.0,0.0,0.0,0.0,0.0,0.0,0.0,0.0,0.0,0.0,0.0,0.0,0.0,0.0,0.0,0.0,0.0,0.0,0.0,0,0,,0.00,0.00,,,,14,18,77.8,237,66,5,7,71.4,9,9,100.0,0,2,0.0,0,0,0,0,0,14,4,0,0,0,0,4,0,0,0,0.00,0,0.00,0,0,0,0,0,0,0,0.00,0,0,0,0,0,0,0,0,0,0,0,0,0,,0,0,0,0,0,0,7,0,1.0,29,6,20,9,0,0,29,0,0,,0,,4,7,1,0,0,0,0,0,8,0,500,26000
Kelechi Iheanacho,"FW,MF",Leicester City,21,30,9,941.0,10.5,1,3,4,1,0,0,2,0,2.1,2.1,1.6,3.6,0.10,0.29,0.38,0.10,0.20,0.15,0.20,0.35,0.0,0.0,0.0,0.0,0.0,0.0,0.0,0.0,0.0,0.0,0.0,0.0,0.0,0.0,0.0,0.0,0.0,0.0,0.0,0.0,0.0,0.0,0.0,0.0,18,6,33.3,1.72,0.57,0.06,0.17,18.0,216,287,75.3,2687,600,133,163,81.6,45,65,69.2,10,16,62.5,13,11,6,1,23,276,9,2,7,0,6,4,0,2,23,2.20,23,2.20,21,0,0,0,2,0,7,0.67,6,0,0,0,1,0,6,5,4,1,1,1,5,20.0,4,5,0,5,2,8,3,0,10.5,378,2,30,173,188,34,378,17,9,52.9,8,47.1,241,1135,479,13,11,8,29,20,299,63,60000,3120000
Ken Sema,"MF,FW",Watford,24,17,9,754.0,8.4,1,2,3,1,0,0,1,0,0.8,0.8,0.6,1.4,0.12,0.24,0.36,0.12,0.10,0.07,0.10,0.17,0.0,0.0,0.0,0.0,0.0,0.0,0.0,0.0,0.0,0.0,0.0,0.0,0.0,0.0,0.0,0.0,0.0,0.0,0.0,0.0,0.0,0.0,0.0,0.0,12,3,25.0,1.43,0.36,0.08,0.33,17.3,173,248,69.8,2131,474,119,147,81.0,46,58,79.3,1,12,8.3,8,13,3,0,17,241,6,0,0,0,10,1,5,1,22,2.63,22,2.63,15,0,4,3,0,0,2,0.24,2,0,0,0,0,0,15,7,7,5,3,9,21,42.9,12,7,0,7,8,23,5,0,8.4,366,4,43,176,152,31,366,34,19,55.9,15,44.1,232,1592,598,30,15,11,22,28,249,60,15000,780000
Kenedy,"MF,DF",Newcastle Utd,22,25,14,1348.0,15.0,1,1,2,1,0,1,1,0,2.2,1.4,0.7,2.1,0.07,0.07,0.13,0.07,0.15,0.04,0.10,0.14,0.0,0.0,0.0,0.0,0.0,0.0,0.0,0.0,0.0,0.0,0.0,0.0,0.0,0.0,0.0,0.0,0.0,0.0,0.0,0.0,0.0,0.0,0.0,0.0,30,5,16.7,2.00,0.33,0.03,0.20,22.8,374,533,70.2,5558,1760,213,250,85.2,105,152,69.1,31,62,50.0,11,32,13,7,41,482,49,3,1,7,28,41,5,2,50,3.34,50,3.34,34,2,4,2,5,3,2,0.13,2,0,0,0,0,0,30,22,11,16,3,12,29,41.4,17,10,0,10,32,62,24,1,15.0,761,20,164,355,251,25,760,55,30,54.5,25,45.5,424,2762,1152,30,23,8,42,40,419,66,25000,1300000
Kenneth Zohore,FW,Cardiff City,24,19,7,753.0,8.4,1,1,2,1,0,0,1,0,1.7,1.7,1.1,2.8,0.12,0.12,0.24,0.12,0.20,0.13,0.20,0.33,0.0,0.0,0.0,0.0,0.0,0.0,0.0,0.0,0.0,0.0,0.0,0.0,0.0,0.0,0.0,0.0,0.0,0.0,0.0,0.0,0.0,0.0,0.0,0.0,17,7,41.2,2.03,0.84,0.06,0.14,13.8,87,145,60.0,1073,204,52,74,70.3,20,32,62.5,4,5,80.0,12,5,4,2,5,140,3,0,1,0,7,0,0,2,22,2.63,22,2.63,18,0,1,1,2,0,1,0.12,1,0,0,0,0,0,3,2,0,3,0,1,3,33.3,2,4,2,2,2,5,5,0,8.4,231,7,9,75,149,37,231,8,5,62.5,3,37.5,119,615,195,10,2,6,23,14,182,57,16500,858000
Kepa Arrizabalaga,GK,Chelsea,23,36,36,3240.0,36.0,0,0,0,0,0,0,2,0,0.0,0.0,0.0,0.0,0.00,0.00,0.00,0.00,0.00,0.00,0.00,0.00,1.08,121,81,68.6,14,38.9,36.5,0.29,114,230,49.6,903,156,15.7,25.9,256,34.4,36.5,369,14,3.8,35,0.97,18.1,0,0,,0.00,0.00,,,,1011,1161,87.1,25587,17018,185,186,99.5,543,550,98.7,281,419,67.1,0,2,0,0,0,863,296,40,0,2,0,0,0,2,1,0.03,1,0.03,1,0,0,0,0,0,0,0.00,0,0,0,0,0,0,1,1,1,0,0,1,2,50.0,1,1,0,1,0,1,4,2,36.0,1207,1059,1198,9,0,0,1207,1,1,100.0,0,0.0,662,3034,1787,0,0,0,1,1,622,0,152615,7936000
Kevin De Bruyne,MF,Manchester City,27,19,11,975.0,10.8,2,2,4,2,0,0,2,0,1.4,1.4,5.7,7.0,0.18,0.18,0.37,0.18,0.13,0.52,0.13,0.65,0.0,0.0,0.0,0.0,0.0,0.0,0.0,0.0,0.0,0.0,0.0,0.0,0.0,0.0,0.0,0.0,0.0,0.0,0.0,0.0,0.0,0.0,0.0,0.0,31,12,38.7,2.86,1.11,0.06,0.17,23.9,635,834,76.1,10980,3097,297,334,88.9,240,294,81.6,73,135,54.1,36,67,44,7,109,744,79,20,10,9,91,7,51,11,75,6.92,75,6.92,52,12,6,2,3,0,6,0.55,4,1,0,0,1,0,22,15,6,12,4,7,21,33.3,14,13,1,12,3,25,2,1,10.8,963,7,62,421,490,41,963,27,19,70.4,8,29.6,652,3319,2002,50,41,9,23,13,727,88,230135,11967000
Kevin Long,DF,Burnley,27,6,5,514.0,5.7,0,1,1,0,0,0,0,0,0.1,0.1,0.5,0.5,0.00,0.18,0.18,0.00,0.01,0.08,0.01,0.09,0.0,0.0,0.0,0.0,0.0,0.0,0.0,0.0,0.0,0.0,0.0,0.0,0.0,0.0,0.0,0.0,0.0,0.0,0.0,0.0,0.0,0.0,0.0,0.0,1,0,0.0,0.18,0.00,0.00,,10.1,138,170,81.2,3100,1193,34,38,89.5,74,84,88.1,28,43,65.1,1,8,0,0,10,164,6,4,0,2,0,2,0,0,2,0.35,2,0.35,2,0,0,0,0,0,1,0.18,1,0,0,0,0,0,18,10,13,5,0,7,17,41.2,10,7,5,2,7,25,35,1,5.7,244,44,123,116,6,3,244,1,1,100.0,0,0.0,88,465,212,1,3,2,0,1,113,0,23000,1196000
Kevin McDonald,MF,Fulham,29,15,10,841.0,9.3,0,0,0,0,0,0,5,1,0.1,0.1,0.1,0.2,0.00,0.00,0.00,0.00,0.01,0.01,0.01,0.03,0.0,0.0,0.0,0.0,0.0,0.0,0.0,0.0,0.0,0.0,0.0,0.0,0.0,0.0,0.0,0.0,0.0,0.0,0.0,0.0,0.0,0.0,0.0,0.0,4,0,0.0,0.43,0.00,0.00,,28.3,494,583,84.7,8643,2412,232,257,90.3,190,208,91.3,58,90,64.4,4,39,0,0,41,554,26,25,2,7,1,1,0,3,12,1.28,12,1.28,10,2,0,0,0,0,0,0.00,0,0,0,0,0,0,15,11,6,8,1,5,13,38.5,8,8,2,6,9,24,22,0,9.3,650,30,177,427,50,2,650,0,0,,0,,272,1324,620,2,3,0,3,5,455,2,22000,1144000
Ki Sung-yueng,MF,Newcastle Utd,29,18,14,1302.0,14.5,0,1,1,0,0,0,2,0,0.3,0.3,1.0,1.2,0.00,0.07,0.07,0.00,0.02,0.07,0.02,0.09,0.0,0.0,0.0,0.0,0.0,0.0,0.0,0.0,0.0,0.0,0.0,0.0,0.0,0.0,0.0,0.0,0.0,0.0,0.0,0.0,0.0,0.0,0.0,0.0,9,2,22.2,0.62,0.14,0.00,0.00,28.6,523,654,80.0,9874,2694,223,251,88.8,182,208,87.5,92,150,61.3,16,48,8,0,66,567,85,46,2,16,54,1,38,2,39,2.70,39,2.70,22,14,0,1,2,0,3,0.21,2,0,0,1,0,0,14,10,5,8,1,3,12,25.0,9,11,1,10,19,33,20,0,14.5,763,25,156,445,173,6,763,9,5,55.6,4,44.4,334,1763,851,12,21,1,12,10,434,12,40000,2080000
Kieran Trippier,DF,Tottenham,27,27,26,2276.0,25.3,1,3,4,1,0,0,2,0,0.5,0.5,4.1,4.6,0.04,0.12,0.16,0.04,0.02,0.16,0.02,0.18,0.0,0.0,0.0,0.0,0.0,0.0,0.0,0.0,0.0,0.0,0.0,0.0,0.0,0.0,0.0,0.0,0.0,0.0,0.0,0.0,0.0,0.0,0.0,0.0,8,3,37.5,0.32,0.12,0.13,0.33,22.1,1526,2025,75.4,25954,9735,747,826,90.4,606,777,78.0,141,315,44.8,49,90,69,29,179,1607,404,48,3,3,185,283,73,14,92,3.64,92,3.64,61,23,1,4,2,1,14,0.55,9,3,0,2,0,0,67,37,43,16,8,37,62,59.7,25,38,5,33,23,90,77,2,25.3,2267,83,576,962,748,25,2267,15,7,46.7,8,53.3,1168,3518,1832,40,35,2,20,14,1337,200,65000,3380000
Kiko Femenía,DF,Watford,27,29,22,2049.0,22.8,1,1,2,1,0,0,1,0,0.4,0.4,1.6,2.0,0.04,0.04,0.09,0.04,0.02,0.07,0.02,0.09,0.0,0.0,0.0,0.0,0.0,0.0,0.0,0.0,0.0,0.0,0.0,0.0,0.0,0.0,0.0,0.0,0.0,0.0,0.0,0.0,0.0,0.0,0.0,0.0,6,2,33.3,0.26,0.09,0.17,0.50,24.2,945,1178,80.2,13597,5195,569,634,89.7,292,378,77.2,51,102,50.0,13,52,26,12,106,966,209,16,0,3,64,186,7,3,35,1.54,35,1.54,28,4,1,0,2,0,4,0.18,4,0,0,0,0,0,48,30,34,12,2,24,51,47.1,27,24,6,18,36,84,68,0,22.8,1404,89,388,634,398,19,1404,22,13,59.1,9,40.9,769,3394,1737,41,32,1,20,11,774,84,20000,1040000
Konstantinos Mavropanos,DF,Arsenal,20,4,3,148.0,1.6,0,0,0,0,0,0,1,0,0.1,0.1,0.3,0.4,0.00,0.00,0.00,0.00,0.07,0.17,0.07,0.25,0.0,0.0,0.0,0.0,0.0,0.0,0.0,0.0,0.0,0.0,0.0,0.0,0.0,0.0,0.0,0.0,0.0,0.0,0.0,0.0,0.0,0.0,0.0,0.0,2,0,0.0,1.22,0.00,0.00,,15.1,127,137,92.7,2442,576,44,47,93.6,61,65,93.8,16,17,94.1,1,12,0,0,9,135,2,2,0,6,0,0,0,0,2,1.22,2,1.22,0,0,1,1,0,0,0,0.00,0,0,0,0,0,0,1,0,0,1,0,1,1,100.0,0,1,1,0,7,8,5,0,1.6,155,7,43,106,6,2,155,2,2,100.0,0,0.0,96,558,316,3,2,0,0,0,114,0,7000,364000
Kurt Zouma,DF,Everton,23,32,29,2612.0,29.0,2,2,4,2,0,0,5,2,1.5,1.5,0.4,1.8,0.07,0.07,0.14,0.07,0.05,0.01,0.05,0.06,0.0,0.0,0.0,0.0,0.0,0.0,0.0,0.0,0.0,0.0,0.0,0.0,0.0,0.0,0.0,0.0,0.0,0.0,0.0,0.0,0.0,0.0,0.0,0.0,19,3,15.8,0.65,0.10,0.11,0.67,13.5,1221,1467,83.2,23406,7869,476,537,88.6,545,626,87.1,171,252,67.9,6,65,4,0,105,1407,58,37,0,26,2,21,0,2,18,0.62,18,0.62,15,0,1,2,0,0,3,0.10,3,0,0,0,0,0,32,21,16,14,2,4,11,36.4,7,27,12,15,54,86,126,2,29.0,1780,147,787,919,84,37,1780,8,7,87.5,1,12.5,974,5166,3027,23,17,0,17,13,1045,4,46000,2392000
Kyle Walker,DF,Manchester City,28,33,30,2779.0,30.9,1,1,2,1,0,0,3,0,0.8,0.8,1.9,2.7,0.03,0.03,0.06,0.03,0.03,0.06,0.03,0.09,0.0,0.0,0.0,0.0,0.0,0.0,0.0,0.0,0.0,0.0,0.0,0.0,0.0,0.0,0.0,0.0,0.0,0.0,0.0,0.0,0.0,0.0,0.0,0.0,21,4,19.0,0.68,0.13,0.05,0.25,27.3,2327,2648,87.9,38611,9479,1179,1242,94.9,862,968,89.0,221,315,70.2,24,232,21,4,220,2419,222,28,4,46,59,193,1,7,65,2.11,65,2.11,60,0,1,2,1,1,5,0.16,5,0,0,0,0,0,40,26,20,20,0,24,38,63.2,14,19,5,14,36,76,58,2,30.9,2886,82,518,1750,642,32,2886,34,18,52.9,16,47.1,1837,8827,4460,83,79,17,25,12,2110,92,110000,5720000
Kyle Walker-Peters,DF,Tottenham,21,6,4,376.0,4.2,0,3,3,0,0,0,1,0,0.3,0.3,0.5,0.8,0.00,0.72,0.72,0.00,0.08,0.11,0.08,0.19,0.0,0.0,0.0,0.0,0.0,0.0,0.0,0.0,0.0,0.0,0.0,0.0,0.0,0.0,0.0,0.0,0.0,0.0,0.0,0.0,0.0,0.0,0.0,0.0,2,0,0.0,0.48,0.00,0.00,,14.1,185,226,81.9,2559,783,119,129,92.2,53,66,80.3,7,13,53.8,7,6,5,2,13,193,32,2,0,0,7,30,0,1,11,2.63,11,2.63,10,1,0,0,0,0,4,0.96,4,0,0,0,0,0,7,4,4,2,1,3,4,75.0,1,5,1,4,4,11,6,0,4.2,267,9,59,127,84,7,267,11,9,81.8,2,18.2,163,927,540,15,12,2,3,3,162,17,20000,1040000
Laurent Depoitre,FW,Huddersfield,29,23,10,1068.0,11.9,0,1,1,0,0,0,1,0,2.5,2.5,0.7,3.2,0.00,0.08,0.08,0.00,0.21,0.06,0.21,0.27,0.0,0.0,0.0,0.0,0.0,0.0,0.0,0.0,0.0,0.0,0.0,0.0,0.0,0.0,0.0,0.0,0.0,0.0,0.0,0.0,0.0,0.0,0.0,0.0,30,6,20.0,2.53,0.51,0.00,0.00,12.9,164,278,59.0,1924,384,116,177,65.5,29,60,48.3,5,7,71.4,9,14,2,0,20,268,10,0,0,0,4,0,0,0,21,1.77,21,1.77,18,0,0,1,2,0,1,0.08,1,0,0,0,0,0,6,4,2,3,1,0,3,0.0,3,9,0,9,2,8,8,0,11.9,428,13,23,190,219,66,428,15,5,33.3,10,66.7,196,872,296,10,5,5,41,31,328,72,35000,1820000
Laurent Koscielny,DF,Arsenal,32,17,13,1331.0,14.8,3,0,3,3,0,0,1,0,1.4,1.4,0.2,1.5,0.20,0.00,0.20,0.20,0.09,0.01,0.09,0.10,0.0,0.0,0.0,0.0,0.0,0.0,0.0,0.0,0.0,0.0,0.0,0.0,0.0,0.0,0.0,0.0,0.0,0.0,0.0,0.0,0.0,0.0,0.0,0.0,5,4,80.0,0.34,0.27,0.60,0.75,6.9,820,895,91.6,17010,5462,221,236,93.6,486,509,95.5,105,128,82.0,2,28,0,0,37,860,32,31,0,11,0,1,0,3,9,0.61,9,0.61,8,1,0,0,0,0,0,0.00,0,0,0,0,0,0,19,11,9,9,1,10,16,62.5,6,20,15,5,30,49,72,0,14.8,1056,130,548,494,23,12,1056,1,1,100.0,0,0.0,569,3249,1690,8,2,0,4,3,698,3,90000,4680000
Lazar Marković,MF,Fulham,24,1,0,45.0,0.5,0,0,0,0,0,0,0,0,0.0,0.0,0.0,0.0,0.00,0.00,0.00,0.00,0.00,0.05,0.00,0.05,0.0,0.0,0.0,0.0,0.0,0.0,0.0,0.0,0.0,0.0,0.0,0.0,0.0,0.0,0.0,0.0,0.0,0.0,0.0,0.0,0.0,0.0,0.0,0.0,0,0,,0.00,0.00,,,,28,29,96.6,333,77,16,17,94.1,7,7,100.0,2,2,100.0,1,1,1,0,3,29,0,0,0,0,0,0,0,0,1,2.00,1,2.00,1,0,0,0,0,0,0,0.00,0,0,0,0,0,0,0,0,0,0,0,0,0,,0,0,0,0,0,0,2,0,0.5,37,1,4,22,11,1,37,1,1,100.0,0,0.0,17,108,30,1,2,0,2,2,32,7,75000,3900000
Leander Dendoncker,MF,Wolves,23,19,17,1467.0,16.3,2,0,2,2,0,0,1,0,3.4,3.4,1.2,4.7,0.12,0.00,0.12,0.12,0.21,0.07,0.21,0.29,0.0,0.0,0.0,0.0,0.0,0.0,0.0,0.0,0.0,0.0,0.0,0.0,0.0,0.0,0.0,0.0,0.0,0.0,0.0,0.0,0.0,0.0,0.0,0.0,17,10,58.8,1.04,0.61,0.12,0.20,14.1,484,615,78.7,6802,1544,266,306,86.9,155,192,80.7,24,34,70.6,7,26,4,1,44,614,1,0,0,3,7,1,0,0,27,1.66,27,1.66,22,0,1,3,1,0,1,0.06,1,0,0,0,0,0,53,26,25,25,3,16,47,34.0,31,35,6,29,23,76,34,1,16.3,816,45,201,433,186,33,816,12,12,100.0,0,0.0,314,1366,550,15,10,5,17,7,477,31,37923,1972000
Leandro Bacuna,MF,Cardiff City,26,11,4,561.0,6.2,0,0,0,0,0,0,2,0,0.1,0.1,0.1,0.2,0.00,0.00,0.00,0.00,0.02,0.01,0.02,0.03,0.0,0.0,0.0,0.0,0.0,0.0,0.0,0.0,0.0,0.0,0.0,0.0,0.0,0.0,0.0,0.0,0.0,0.0,0.0,0.0,0.0,0.0,0.0,0.0,5,1,20.0,0.80,0.16,0.00,0.00,27.9,105,163,64.4,1847,753,57,71,80.3,33,52,63.5,12,27,44.4,1,14,2,1,16,145,16,6,1,3,7,9,1,2,7,1.12,7,1.12,5,1,0,1,0,0,0,0.00,0,0,0,0,0,0,15,10,5,7,3,8,22,36.4,14,5,2,3,15,30,9,0,6.2,237,15,72,128,45,2,237,7,5,71.4,2,28.6,72,687,421,11,7,1,11,5,71,5,20019,1041000
Lee Peltier,DF,Cardiff City,31,20,17,1544.0,17.2,0,0,0,0,0,0,4,0,0.0,0.0,0.1,0.1,0.00,0.00,0.00,0.00,0.00,0.01,0.00,0.01,0.0,0.0,0.0,0.0,0.0,0.0,0.0,0.0,0.0,0.0,0.0,0.0,0.0,0.0,0.0,0.0,0.0,0.0,0.0,0.0,0.0,0.0,0.0,0.0,1,1,100.0,0.06,0.06,0.00,0.00,23.5,274,443,61.9,4726,2187,117,163,71.8,113,171,66.1,27,65,41.5,2,24,3,0,33,341,98,7,0,1,6,91,0,4,12,0.70,12,0.70,9,2,0,0,1,0,1,0.06,0,1,0,0,0,0,39,25,27,11,1,15,27,55.6,12,18,12,6,18,57,60,0,17.2,604,75,206,268,132,4,604,3,3,100.0,0,0.0,138,395,132,1,2,1,8,3,197,11,19000,988000
Leighton Baines,DF,Everton,33,6,5,375.0,4.2,0,0,0,0,0,0,0,0,0.1,0.1,0.2,0.3,0.00,0.00,0.00,0.00,0.02,0.05,0.02,0.07,0.0,0.0,0.0,0.0,0.0,0.0,0.0,0.0,0.0,0.0,0.0,0.0,0.0,0.0,0.0,0.0,0.0,0.0,0.0,0.0,0.0,0.0,0.0,0.0,2,1,50.0,0.48,0.24,0.00,0.00,25.5,208,262,79.4,3030,1222,124,139,89.2,64,85,75.3,13,24,54.2,4,14,2,1,17,188,74,13,0,2,18,53,8,0,10,2.40,10,2.40,3,6,0,1,0,0,2,0.48,1,1,0,0,0,0,8,6,4,3,1,4,6,66.7,2,2,0,2,2,10,8,0,4.2,291,11,52,165,75,0,291,1,0,0.0,1,100.0,127,476,301,6,6,0,1,1,155,13,65000,3380000
Leon Balogun,DF,Brighton,30,8,5,594.0,6.6,1,0,1,1,0,0,2,0,0.1,0.1,0.0,0.1,0.15,0.00,0.15,0.15,0.01,0.00,0.01,0.01,0.0,0.0,0.0,0.0,0.0,0.0,0.0,0.0,0.0,0.0,0.0,0.0,0.0,0.0,0.0,0.0,0.0,0.0,0.0,0.0,0.0,0.0,0.0,0.0,1,1,100.0,0.15,0.15,1.00,1.00,13.3,168,222,75.7,3430,835,38,50,76.0,99,112,88.4,24,44,54.5,0,1,0,0,6,212,8,4,0,0,0,4,0,2,0,0.00,0,0.00,0,0,0,0,0,0,0,0.00,0,0,0,0,0,0,12,6,11,1,0,8,9,88.9,1,5,3,2,17,29,32,1,6.6,300,35,183,113,6,6,300,1,0,0.0,1,100.0,117,483,141,1,0,0,9,2,148,1,18096,941000
Leroy Sané,FW,Manchester City,22,31,21,1867.0,20.7,10,10,20,10,0,0,1,0,6.7,6.7,7.4,14.1,0.48,0.48,0.96,0.48,0.32,0.36,0.32,0.68,0.0,0.0,0.0,0.0,0.0,0.0,0.0,0.0,0.0,0.0,0.0,0.0,0.0,0.0,0.0,0.0,0.0,0.0,0.0,0.0,0.0,0.0,0.0,0.0,56,24,42.9,2.70,1.16,0.18,0.42,16.9,735,955,77.0,8493,1865,479,547,87.6,150,202,74.3,18,57,31.6,40,15,32,2,67,892,58,3,7,2,98,5,50,5,87,4.20,87,4.20,53,9,14,6,4,1,15,0.72,13,0,2,0,0,0,24,15,8,7,9,2,23,8.7,21,21,2,19,8,32,2,0,20.7,1228,7,62,309,878,176,1228,102,55,53.9,47,46.1,925,5221,2525,84,45,45,70,44,968,341,95000,4940000
Lewis Cook,MF,Bournemouth,21,13,8,723.0,8.0,0,0,0,0,0,0,2,0,0.1,0.1,0.1,0.2,0.00,0.00,0.00,0.00,0.02,0.01,0.02,0.02,0.0,0.0,0.0,0.0,0.0,0.0,0.0,0.0,0.0,0.0,0.0,0.0,0.0,0.0,0.0,0.0,0.0,0.0,0.0,0.0,0.0,0.0,0.0,0.0,4,0,0.0,0.50,0.00,0.00,,25.3,329,407,80.8,5864,1568,146,166,88.0,144,168,85.7,33,52,63.5,2,27,6,0,48,397,8,5,1,6,10,3,0,2,16,1.99,16,1.99,14,0,0,1,1,0,3,0.37,3,0,0,0,0,0,13,6,6,7,0,8,19,42.1,11,8,2,6,8,21,7,1,8.0,480,16,105,291,91,5,480,16,10,62.5,6,37.5,328,1370,675,11,9,3,12,9,317,8,35000,1820000
Lewis Dunk,DF,Brighton,26,36,36,3151.0,35.0,2,1,3,2,0,0,7,2,1.8,1.8,0.8,2.6,0.06,0.03,0.09,0.06,0.05,0.02,0.05,0.07,0.0,0.0,0.0,0.0,0.0,0.0,0.0,0.0,0.0,0.0,0.0,0.0,0.0,0.0,0.0,0.0,0.0,0.0,0.0,0.0,0.0,0.0,0.0,0.0,20,4,20.0,0.57,0.11,0.10,0.50,14.1,1246,1510,82.5,26946,8559,380,425,89.4,604,655,92.2,239,380,62.9,11,75,2,0,63,1456,49,36,2,49,2,13,0,5,21,0.60,21,0.60,20,0,0,0,1,0,2,0.06,2,0,0,0,0,0,42,26,31,10,1,17,39,43.6,22,49,38,11,46,88,196,5,35.0,1927,295,1034,839,74,44,1927,4,0,0.0,4,100.0,892,4521,2321,16,11,0,16,3,1056,6,45000,2340000
Loïc Damour,MF,Cardiff City,27,2,0,23.0,0.3,0,0,0,0,0,0,0,0,0.0,0.0,0.0,0.0,0.00,0.00,0.00,0.00,0.12,0.00,0.12,0.12,0.0,0.0,0.0,0.0,0.0,0.0,0.0,0.0,0.0,0.0,0.0,0.0,0.0,0.0,0.0,0.0,0.0,0.0,0.0,0.0,0.0,0.0,0.0,0.0,1,0,0.0,3.91,0.00,0.00,,27.4,8,12,66.7,220,22,2,2,100.0,3,5,60.0,3,3,100.0,0,1,0,0,1,11,0,0,0,1,0,0,0,1,2,7.83,2,7.83,1,0,0,1,0,0,1,3.91,0,0,0,1,0,0,0,0,0,0,0,0,1,0.0,1,0,0,0,0,0,0,0,0.3,15,0,0,9,6,0,15,0,0,,0,,7,46,3,0,0,0,1,0,12,0,9500,494000
Lucas Digne,DF,Everton,25,35,33,2965.0,32.9,4,4,8,4,0,0,5,1,1.3,1.3,7.1,8.4,0.12,0.12,0.24,0.12,0.04,0.21,0.04,0.25,0.0,0.0,0.0,0.0,0.0,0.0,0.0,0.0,0.0,0.0,0.0,0.0,0.0,0.0,0.0,0.0,0.0,0.0,0.0,0.0,0.0,0.0,0.0,0.0,34,10,29.4,1.03,0.30,0.12,0.40,25.0,1478,2119,69.7,23389,10150,793,934,84.9,501,716,70.0,125,301,41.5,71,99,52,34,167,1558,554,90,0,4,280,375,89,7,111,3.37,111,3.37,63,40,2,4,0,2,9,0.27,6,2,0,1,0,0,71,46,45,18,8,28,45,62.2,17,43,9,34,60,131,116,0,32.9,2503,119,649,1020,858,32,2503,30,14,46.7,16,53.3,1093,5214,2699,82,59,5,31,30,1200,221,90000,4680000
Lucas Moura,"FW,MF",Tottenham,25,32,25,2121.0,23.6,10,0,10,10,0,0,3,0,6.3,6.3,1.5,7.8,0.42,0.00,0.42,0.42,0.27,0.06,0.27,0.33,0.0,0.0,0.0,0.0,0.0,0.0,0.0,0.0,0.0,0.0,0.0,0.0,0.0,0.0,0.0,0.0,0.0,0.0,0.0,0.0,0.0,0.0,0.0,0.0,45,19,42.2,1.91,0.81,0.22,0.53,17.4,557,752,74.1,7438,1768,328,388,84.5,167,239,69.9,20,42,47.6,27,41,16,1,63,738,10,1,5,0,19,6,0,4,72,3.06,72,3.06,51,1,7,3,8,2,7,0.30,4,0,1,2,0,0,35,18,8,20,7,9,27,33.3,18,15,1,14,24,59,24,0,23.6,1068,29,92,500,488,108,1068,96,46,47.9,50,52.1,697,4450,2108,79,51,35,67,34,790,193,80000,4160000
Lucas Pérez,"FW,MF",West Ham,29,15,4,475.0,5.3,3,0,3,3,0,0,0,0,1.3,1.3,0.8,2.1,0.57,0.00,0.57,0.57,0.24,0.16,0.24,0.39,0.0,0.0,0.0,0.0,0.0,0.0,0.0,0.0,0.0,0.0,0.0,0.0,0.0,0.0,0.0,0.0,0.0,0.0,0.0,0.0,0.0,0.0,0.0,0.0,9,3,33.3,1.71,0.57,0.33,1.00,13.8,102,147,69.4,1236,146,70,80,87.5,22,37,59.5,2,6,33.3,8,3,3,0,7,139,6,0,1,0,2,0,0,2,15,2.84,15,2.84,13,0,0,0,1,1,0,0.00,0,0,0,0,0,0,6,4,3,2,1,1,3,33.3,2,2,1,1,2,8,2,0,5.3,188,3,15,77,97,20,188,8,5,62.5,3,37.5,110,414,123,2,5,0,15,7,132,34,70000,3640000
Lucas Torreira,MF,Arsenal,22,34,24,2382.0,26.5,2,2,4,2,0,0,7,1,1.5,1.5,1.2,2.7,0.08,0.08,0.15,0.08,0.06,0.04,0.06,0.10,0.0,0.0,0.0,0.0,0.0,0.0,0.0,0.0,0.0,0.0,0.0,0.0,0.0,0.0,0.0,0.0,0.0,0.0,0.0,0.0,0.0,0.0,0.0,0.0,25,6,24.0,0.94,0.23,0.08,0.33,23.1,1405,1632,86.1,23340,6020,632,705,89.6,610,664,91.9,101,153,66.0,16,93,17,1,140,1557,68,38,2,10,28,7,23,7,49,1.85,49,1.85,31,7,2,1,7,1,9,0.34,5,2,0,0,2,0,65,39,24,32,9,25,57,43.9,32,34,7,27,41,106,33,2,26.5,1914,76,389,1206,340,23,1914,21,13,61.9,8,38.1,1089,5115,2387,28,25,5,32,28,1276,35,75000,3900000
Luciano Vietto,"FW,MF",Fulham,24,20,10,986.0,11.0,1,4,5,1,0,0,1,0,2.9,2.9,2.1,5.0,0.09,0.37,0.46,0.09,0.27,0.20,0.27,0.46,0.0,0.0,0.0,0.0,0.0,0.0,0.0,0.0,0.0,0.0,0.0,0.0,0.0,0.0,0.0,0.0,0.0,0.0,0.0,0.0,0.0,0.0,0.0,0.0,24,7,29.2,2.19,0.64,0.04,0.14,16.1,316,411,76.9,4350,1046,199,232,85.8,87,110,79.1,11,28,39.3,22,21,13,5,35,402,7,1,1,1,19,4,0,2,52,4.75,52,4.75,42,0,4,4,2,0,6,0.55,5,0,0,1,0,0,15,11,5,5,5,4,19,21.1,15,9,0,9,6,21,5,0,11.0,529,9,66,230,242,39,529,27,16,59.3,11,40.7,322,2268,995,33,30,7,26,26,402,107,55365,2879000
Luka Milivojević,MF,Crystal Palace,27,38,38,3420.0,38.0,12,2,14,2,10,11,10,0,10.9,2.2,3.0,5.2,0.32,0.05,0.37,0.05,0.29,0.08,0.06,0.14,0.0,0.0,0.0,0.0,0.0,0.0,0.0,0.0,0.0,0.0,0.0,0.0,0.0,0.0,0.0,0.0,0.0,0.0,0.0,0.0,0.0,0.0,0.0,0.0,46,13,28.3,1.21,0.34,0.04,0.15,30.0,1649,2189,75.3,31073,10185,675,770,87.7,700,845,82.8,230,463,49.7,59,181,23,7,219,1912,267,114,2,28,185,8,143,10,115,3.03,115,3.03,62,39,0,6,3,5,7,0.18,5,2,0,0,0,0,90,69,36,47,7,39,91,42.9,52,47,15,32,72,162,68,3,38.0,2608,114,592,1567,471,23,2597,21,13,61.9,8,38.1,1113,5322,2581,32,16,2,27,19,1496,15,55000,2860000
Luke Amos,MF,Tottenham,21,1,0,3.0,0.0,0,0,0,0,0,0,0,0,0.0,0.0,0.0,0.0,0.00,0.00,0.00,0.00,0.00,0.00,0.00,0.00,0.0,0.0,0.0,0.0,0.0,0.0,0.0,0.0,0.0,0.0,0.0,0.0,0.0,0.0,0.0,0.0,0.0,0.0,0.0,0.0,0.0,0.0,0.0,0.0,0,0,,0.00,0.00,,,,1,3,33.3,9,6,1,2,50.0,0,0,,0,0,,0,0,0,0,0,3,0,0,0,0,0,0,0,0,0,0.00,0,0.00,0,0,0,0,0,0,0,0.00,0,0,0,0,0,0,1,0,0,1,0,0,0,,0,0,0,0,0,1,0,0,0.0,4,0,1,3,0,0,4,0,0,,0,,0,0,0,0,0,0,0,0,0,0,5000,260000
Luke Dreher,FW,Crystal Palace,19,1,0,1.0,0.0,0,0,0,0,0,0,0,0,0.0,0.0,0.0,0.0,0.00,0.00,0.00,0.00,0.00,0.00,0.00,0.00,0.0,0.0,0.0,0.0,0.0,0.0,0.0,0.0,0.0,0.0,0.0,0.0,0.0,0.0,0.0,0.0,0.0,0.0,0.0,0.0,0.0,0.0,0.0,0.0,0,0,,0.00,0.00,,,,3,3,100.0,27,0,3,3,100.0,0,0,,0,0,,0,0,0,0,0,3,0,0,0,0,0,0,0,0,0,0.00,0,0.00,0,0,0,0,0,0,0,0.00,0,0,0,0,0,0,0,0,0,0,0,0,0,,0,0,0,0,0,0,0,0,0.0,3,0,0,1,2,0,3,0,0,,0,,2,17,15,0,0,0,0,0,3,0,808,42000
Luke Shaw,DF,Manchester Utd,23,29,29,2591.0,28.8,1,4,5,1,0,0,11,0,1.4,1.4,3.9,5.3,0.03,0.14,0.17,0.03,0.05,0.13,0.05,0.18,0.0,0.0,0.0,0.0,0.0,0.0,0.0,0.0,0.0,0.0,0.0,0.0,0.0,0.0,0.0,0.0,0.0,0.0,0.0,0.0,0.0,0.0,0.0,0.0,21,7,33.3,0.73,0.24,0.05,0.14,19.8,1661,2006,82.8,22676,8864,987,1083,91.1,504,600,84.0,69,130,53.1,33,124,33,7,158,1672,328,23,2,7,52,290,15,6,75,2.61,75,2.61,57,6,6,4,1,1,11,0.38,6,1,2,1,0,1,55,29,17,31,7,28,47,59.6,19,42,12,30,21,76,93,2,28.8,2317,110,535,1222,578,44,2317,38,27,71.1,11,28.9,1044,5204,3286,90,77,12,30,14,1381,121,150000,7800000
Lys Mousset,FW,Bournemouth,22,24,1,368.0,4.1,1,0,1,1,0,0,1,0,1.4,1.4,0.3,1.6,0.24,0.00,0.24,0.24,0.34,0.06,0.34,0.40,0.0,0.0,0.0,0.0,0.0,0.0,0.0,0.0,0.0,0.0,0.0,0.0,0.0,0.0,0.0,0.0,0.0,0.0,0.0,0.0,0.0,0.0,0.0,0.0,12,7,58.3,2.93,1.71,0.08,0.14,14.8,87,124,70.2,1053,222,59,77,76.6,22,32,68.8,1,1,100.0,4,9,4,0,12,112,12,0,2,0,3,0,0,0,10,2.45,10,2.45,7,0,2,1,0,0,0,0.00,0,0,0,0,0,0,3,1,1,1,1,1,4,25.0,3,3,0,3,1,4,3,0,4.1,194,2,13,89,95,28,194,19,10,52.6,9,47.4,122,686,196,5,3,3,20,5,142,41,25000,1300000
Léo Bonatini,FW,Wolves,24,7,0,135.0,1.5,0,1,1,0,0,0,0,0,1.3,1.3,0.1,1.4,0.00,0.67,0.67,0.00,0.85,0.09,0.85,0.94,0.0,0.0,0.0,0.0,0.0,0.0,0.0,0.0,0.0,0.0,0.0,0.0,0.0,0.0,0.0,0.0,0.0,0.0,0.0,0.0,0.0,0.0,0.0,0.0,9,1,11.1,6.00,0.67,0.00,0.00,13.8,45,61,73.8,665,140,25,27,92.6,12,16,75.0,5,7,71.4,2,4,2,0,8,60,1,0,0,1,4,0,0,0,8,5.33,8,5.33,7,0,0,1,0,0,3,2.00,3,0,0,0,0,0,1,1,0,0,1,1,5,20.0,4,1,0,1,0,1,0,0,1.5,78,1,3,38,38,13,78,3,1,33.3,2,66.7,58,213,67,1,1,1,4,4,64,15,35000,1820000
Mamadou Sakho,DF,Crystal Palace,28,27,27,2416.0,26.8,0,0,0,0,0,0,2,0,0.4,0.4,0.2,0.6,0.00,0.00,0.00,0.00,0.02,0.01,0.02,0.02,0.0,0.0,0.0,0.0,0.0,0.0,0.0,0.0,0.0,0.0,0.0,0.0,0.0,0.0,0.0,0.0,0.0,0.0,0.0,0.0,0.0,0.0,0.0,0.0,4,0,0.0,0.15,0.00,0.00,,7.6,1177,1329,88.6,21762,9860,470,503,93.4,570,630,90.5,118,169,69.8,6,75,3,0,91,1286,41,35,0,6,0,6,0,2,18,0.67,18,0.67,15,2,1,0,0,0,1,0.04,1,0,0,0,0,0,25,16,22,3,0,11,18,61.1,7,26,16,10,41,66,136,2,26.8,1587,203,806,767,22,11,1587,11,9,81.8,2,18.2,832,3863,2403,8,3,0,12,5,948,3,100000,5200000
Manolo Gabbiadini,"FW,MF",Southampton,26,12,4,476.0,5.3,1,0,1,1,0,0,0,0,1.2,1.2,0.4,1.6,0.19,0.00,0.19,0.19,0.24,0.07,0.24,0.30,0.0,0.0,0.0,0.0,0.0,0.0,0.0,0.0,0.0,0.0,0.0,0.0,0.0,0.0,0.0,0.0,0.0,0.0,0.0,0.0,0.0,0.0,0.0,0.0,20,8,40.0,3.78,1.51,0.05,0.13,23.7,83,127,65.4,1024,172,56,69,81.2,21,37,56.8,3,7,42.9,5,8,2,0,5,124,1,0,1,0,4,0,0,2,10,1.89,10,1.89,7,0,1,0,2,0,1,0.19,1,0,0,0,0,0,6,2,1,4,1,1,2,50.0,1,5,0,5,3,9,6,0,5.3,191,5,24,84,85,17,191,8,2,25.0,6,75.0,89,396,147,5,7,0,5,3,127,25,80000,4160000
Manuel Lanzini,MF,West Ham,25,10,8,686.0,7.6,1,1,2,1,0,0,2,0,1.1,1.1,0.8,2.0,0.13,0.13,0.26,0.13,0.15,0.11,0.15,0.26,0.0,0.0,0.0,0.0,0.0,0.0,0.0,0.0,0.0,0.0,0.0,0.0,0.0,0.0,0.0,0.0,0.0,0.0,0.0,0.0,0.0,0.0,0.0,0.0,11,4,36.4,1.44,0.52,0.09,0.25,20.0,409,472,86.7,5044,1522,262,280,93.6,99,117,84.6,12,25,48.0,5,31,5,0,39,455,15,7,4,0,16,2,6,2,18,2.36,18,2.36,11,0,2,3,2,0,3,0.39,1,0,0,1,1,0,12,7,5,6,1,5,18,27.8,13,3,1,2,9,21,7,1,7.6,538,6,46,345,156,18,538,18,13,72.2,5,27.8,350,1998,1012,22,25,5,15,12,435,28,70000,3640000
Marc Albrighton,"FW,MF",Leicester City,28,27,18,1625.0,18.1,2,2,4,2,0,0,3,0,1.2,1.2,2.9,4.1,0.11,0.11,0.22,0.11,0.07,0.16,0.07,0.23,0.0,0.0,0.0,0.0,0.0,0.0,0.0,0.0,0.0,0.0,0.0,0.0,0.0,0.0,0.0,0.0,0.0,0.0,0.0,0.0,0.0,0.0,0.0,0.0,19,7,36.8,1.05,0.39,0.11,0.29,21.4,448,776,57.7,7849,2947,236,301,78.4,129,217,59.4,61,160,38.1,28,53,29,14,64,732,33,5,9,9,125,19,8,11,47,2.60,47,2.60,37,4,3,3,0,0,4,0.22,4,0,0,0,0,0,35,22,18,14,3,13,31,41.9,18,26,3,23,23,58,30,0,18.1,1005,39,203,416,402,27,1005,55,20,36.4,35,63.6,633,3260,1410,54,30,3,35,23,656,172,45000,2340000
Marc Navarro,DF,Watford,23,2,1,84.0,0.9,0,0,0,0,0,0,0,0,0.0,0.0,0.0,0.0,0.00,0.00,0.00,0.00,0.00,0.00,0.00,0.00,0.0,0.0,0.0,0.0,0.0,0.0,0.0,0.0,0.0,0.0,0.0,0.0,0.0,0.0,0.0,0.0,0.0,0.0,0.0,0.0,0.0,0.0,0.0,0.0,0,0,,0.00,0.00,,,,24,34,70.6,444,112,10,12,83.3,10,16,62.5,3,5,60.0,0,0,0,0,0,28,6,0,0,0,5,6,0,0,0,0.00,0,0.00,0,0,0,0,0,0,0,0.00,0,0,0,0,0,0,4,2,3,1,0,3,4,75.0,1,0,0,0,0,4,4,0,0.9,43,4,15,18,10,1,43,1,1,100.0,0,0.0,15,60,27,1,0,0,0,0,19,4,23000,1196000
Marcos Alonso,DF,Chelsea,27,31,31,2759.0,30.7,2,4,6,2,0,0,6,0,3.4,3.4,3.4,6.8,0.07,0.13,0.20,0.07,0.11,0.11,0.11,0.22,0.0,0.0,0.0,0.0,0.0,0.0,0.0,0.0,0.0,0.0,0.0,0.0,0.0,0.0,0.0,0.0,0.0,0.0,0.0,0.0,0.0,0.0,0.0,0.0,45,7,15.6,1.47,0.23,0.04,0.29,19.2,1862,2255,82.6,24620,7841,1227,1340,91.6,486,611,79.5,66,146,45.2,33,102,21,7,146,1950,302,30,2,17,98,272,0,3,66,2.15,66,2.15,55,1,0,5,4,1,10,0.33,6,0,0,2,2,0,73,46,44,22,7,33,58,56.9,25,25,2,23,39,112,101,0,30.7,2631,109,668,1137,843,70,2631,33,17,51.5,15,45.5,1446,7514,4482,102,81,7,32,28,1681,230,100000,5200000
Marcos Rojo,DF,Manchester Utd,28,5,2,212.0,2.4,0,0,0,0,0,0,2,0,0.2,0.2,0.0,0.2,0.00,0.00,0.00,0.00,0.10,0.00,0.10,0.10,0.0,0.0,0.0,0.0,0.0,0.0,0.0,0.0,0.0,0.0,0.0,0.0,0.0,0.0,0.0,0.0,0.0,0.0,0.0,0.0,0.0,0.0,0.0,0.0,6,3,50.0,2.55,1.27,0.00,0.00,26.3,98,137,71.5,1652,680,50,54,92.6,36,47,76.6,8,23,34.8,0,12,2,0,8,124,11,3,0,1,3,8,0,2,3,1.27,3,1.27,2,0,0,1,0,0,1,0.42,0,0,0,1,0,0,5,3,3,2,0,1,6,16.7,5,3,2,1,6,11,9,1,2.4,170,15,54,100,17,2,170,1,1,100.0,0,0.0,84,344,204,1,1,0,1,0,112,3,110000,5720000
Marcus Bettinelli,GK,Fulham,26,7,7,630.0,7.0,0,0,0,0,0,0,1,0,0.0,0.0,0.0,0.0,0.00,0.00,0.00,0.00,0.00,0.00,0.00,0.00,2.86,40,19,52.5,0,0.0,17.5,0.39,64,143,44.8,176,32,49.4,37.3,67,83.6,53.9,129,1,0.8,11,1.57,16.0,0,0,,0.00,0.00,,,,160,246,65.0,5388,4615,24,24,100.0,62,63,98.4,74,156,47.4,0,4,0,0,0,158,85,18,0,1,0,0,0,3,3,0.43,3,0.43,1,2,0,0,0,0,0,0.00,0,0,0,0,0,0,0,0,0,0,0,0,0,,0,0,0,0,0,0,5,0,7.0,267,230,267,0,0,0,267,0,0,,0,,94,510,353,0,0,0,1,0,107,0,35000,1820000
Marcus Rashford,FW,Manchester Utd,20,33,26,2334.0,25.9,10,6,16,10,0,0,3,1,10.7,10.7,5.0,15.7,0.39,0.23,0.62,0.39,0.41,0.19,0.41,0.60,0.0,0.0,0.0,0.0,0.0,0.0,0.0,0.0,0.0,0.0,0.0,0.0,0.0,0.0,0.0,0.0,0.0,0.0,0.0,0.0,0.0,0.0,0.0,0.0,84,39,46.4,3.24,1.50,0.12,0.26,19.2,533,729,73.1,7026,1648,323,387,83.5,131,180,72.8,28,66,42.4,38,31,22,3,65,671,55,8,3,8,55,5,23,3,81,3.12,81,3.12,55,4,8,6,7,1,13,0.50,8,0,4,1,0,0,24,12,4,12,8,7,29,24.1,22,27,0,27,3,27,24,0,25.9,1094,22,80,412,617,139,1094,87,42,48.3,44,50.6,626,3933,1887,74,57,40,81,46,836,225,20000,1040000
Mario Lemina,MF,Southampton,24,21,18,1613.0,17.9,1,1,2,1,0,0,5,0,1.1,1.1,1.1,2.2,0.06,0.06,0.11,0.06,0.06,0.06,0.06,0.12,0.0,0.0,0.0,0.0,0.0,0.0,0.0,0.0,0.0,0.0,0.0,0.0,0.0,0.0,0.0,0.0,0.0,0.0,0.0,0.0,0.0,0.0,0.0,0.0,25,5,20.0,1.39,0.28,0.04,0.20,22.2,704,826,85.2,12024,3166,339,369,91.9,280,322,87.0,67,98,68.4,13,75,13,1,92,809,14,5,2,10,9,4,0,3,48,2.68,48,2.68,38,0,5,2,3,0,4,0.22,1,0,0,2,1,0,49,32,23,23,3,15,34,44.1,19,27,3,24,43,92,31,1,17.9,1069,51,214,652,212,22,1069,35,23,65.7,12,34.3,557,3664,1937,41,41,3,26,31,685,29,65000,3380000
Mark Noble,MF,West Ham,31,31,29,2291.0,25.5,5,5,10,1,4,4,6,1,3.7,0.5,1.9,2.4,0.20,0.20,0.39,0.04,0.14,0.07,0.02,0.09,0.0,0.0,0.0,0.0,0.0,0.0,0.0,0.0,0.0,0.0,0.0,0.0,0.0,0.0,0.0,0.0,0.0,0.0,0.0,0.0,0.0,0.0,0.0,0.0,13,4,30.8,0.51,0.16,0.08,0.25,28.8,1305,1549,84.2,23997,7095,554,622,89.1,512,582,88.0,187,253,73.9,21,139,23,4,197,1456,88,69,10,29,23,14,1,5,64,2.51,64,2.51,55,2,1,1,3,2,12,0.47,10,0,1,0,0,1,47,26,19,24,4,17,52,32.7,35,17,2,15,21,68,13,0,25.5,1748,30,275,1182,311,21,1744,26,14,53.8,12,46.2,1012,4691,1995,23,24,4,27,35,1278,47,50000,2600000
Mark Travers,GK,Bournemouth,19,2,2,180.0,2.0,0,0,0,0,0,0,0,0,0.0,0.0,0.0,0.0,0.00,0.00,0.00,0.00,0.00,0.00,0.00,0.00,2.50,13,9,61.5,1,50.0,4.7,0.37,5,17,29.4,42,13,28.6,30.0,14,35.7,38.0,18,0,0.0,5,2.50,29.8,0,0,,0.00,0.00,,,,41,56,73.2,1042,693,7,7,100.0,24,24,100.0,10,24,41.7,0,0,0,0,1,38,18,4,0,0,0,0,0,0,1,0.50,1,0.50,1,0,0,0,0,0,0,0.00,0,0,0,0,0,0,0,0,0,0,0,0,0,,0,0,0,0,0,0,2,0,2.0,65,61,64,1,0,0,65,0,0,,0,,35,166,103,0,0,0,0,0,21,0,500,26000
Marko Arnautović,FW,West Ham,29,28,24,1990.0,22.1,10,4,14,9,1,1,3,0,8.9,8.1,4.4,12.5,0.45,0.18,0.63,0.41,0.40,0.20,0.37,0.56,0.0,0.0,0.0,0.0,0.0,0.0,0.0,0.0,0.0,0.0,0.0,0.0,0.0,0.0,0.0,0.0,0.0,0.0,0.0,0.0,0.0,0.0,0.0,0.0,61,31,50.8,2.76,1.40,0.15,0.29,17.5,490,667,73.5,6585,1149,287,366,78.4,128,176,72.7,26,32,81.3,36,26,15,2,43,617,48,1,6,1,18,7,0,2,66,2.99,66,2.99,52,0,5,7,2,0,8,0.36,7,0,0,1,0,0,9,5,4,3,2,1,7,14.3,6,4,2,2,3,12,6,0,22.1,848,6,45,333,479,126,847,36,20,55.6,16,44.4,498,2611,926,38,25,24,47,32,681,195,100000,5200000
Marouane Fellaini,MF,Manchester Utd,30,14,6,752.0,8.4,0,1,1,0,0,0,1,0,0.4,0.4,0.4,0.9,0.00,0.12,0.12,0.00,0.05,0.05,0.05,0.11,0.0,0.0,0.0,0.0,0.0,0.0,0.0,0.0,0.0,0.0,0.0,0.0,0.0,0.0,0.0,0.0,0.0,0.0,0.0,0.0,0.0,0.0,0.0,0.0,7,3,42.9,0.84,0.36,0.00,0.00,15.8,347,434,80.0,5074,1496,186,220,84.5,118,135,87.4,16,26,61.5,3,30,3,1,36,430,2,1,0,2,6,1,0,2,13,1.56,13,1.56,9,1,0,0,3,0,2,0.24,1,0,0,0,1,0,21,13,11,9,1,9,17,52.9,8,9,5,4,4,25,34,1,8.4,548,40,122,328,100,27,548,4,1,25.0,3,75.0,236,646,238,1,6,0,10,8,376,29,100000,5200000
Martin Dúbravka,GK,Newcastle Utd,29,38,38,3420.0,38.0,0,0,0,0,0,0,1,0,0.0,0.0,0.0,0.0,0.00,0.00,0.00,0.00,0.00,0.00,0.00,0.00,1.26,140,93,70.0,11,28.9,42.3,0.27,250,708,35.3,850,140,51.1,38.9,323,84.8,57.9,651,43,6.6,33,0.87,12.0,0,0,,0.00,0.00,,,,691,1175,58.8,24354,18976,73,73,100.0,274,279,98.2,342,817,41.9,0,12,0,0,0,749,424,101,0,2,0,0,0,2,5,0.13,5,0.13,4,1,0,0,0,0,1,0.03,1,0,0,0,0,0,2,0,2,0,0,1,3,33.3,2,0,0,0,0,2,20,5,38.0,1254,1046,1245,9,0,0,1254,1,1,100.0,0,0.0,618,4513,2991,0,1,0,0,0,436,0,38000,1976000
Martin Kelly,DF,Crystal Palace,28,13,12,1111.0,12.3,0,0,0,0,0,0,2,0,0.4,0.4,0.0,0.5,0.00,0.00,0.00,0.00,0.03,0.00,0.03,0.04,0.0,0.0,0.0,0.0,0.0,0.0,0.0,0.0,0.0,0.0,0.0,0.0,0.0,0.0,0.0,0.0,0.0,0.0,0.0,0.0,0.0,0.0,0.0,0.0,3,1,33.3,0.24,0.08,0.00,0.00,8.7,270,359,75.2,5659,2662,98,113,86.7,117,141,83.0,53,98,54.1,1,15,3,1,22,349,10,10,0,5,2,0,0,0,7,0.57,7,0.57,4,2,0,0,0,1,1,0.08,0,1,0,0,0,0,21,13,18,2,1,14,19,73.7,5,18,12,6,11,32,88,1,12.3,513,104,308,196,13,6,513,1,0,0.0,1,100.0,207,1179,785,4,2,0,5,1,248,1,25000,1300000
Martín Montoya,DF,Brighton,27,25,24,2167.0,24.1,0,1,1,0,0,0,4,0,0.2,0.2,1.2,1.4,0.00,0.04,0.04,0.00,0.01,0.05,0.01,0.06,0.0,0.0,0.0,0.0,0.0,0.0,0.0,0.0,0.0,0.0,0.0,0.0,0.0,0.0,0.0,0.0,0.0,0.0,0.0,0.0,0.0,0.0,0.0,0.0,8,1,12.5,0.33,0.04,0.00,0.00,26.1,900,1152,78.1,13885,6073,497,564,88.1,327,423,77.3,53,100,53.0,18,59,26,15,88,887,264,7,1,3,36,257,0,1,40,1.66,40,1.66,33,3,0,0,3,1,2,0.08,1,0,0,0,1,0,58,35,29,21,8,32,55,58.2,23,30,10,20,48,106,76,1,24.1,1432,100,479,673,286,11,1432,23,12,52.2,11,47.8,635,3113,1661,35,27,3,21,9,705,36,50000,2600000
Mason Greenwood,FW,Manchester Utd,16,3,1,117.0,1.3,0,0,0,0,0,0,0,0,0.7,0.7,0.1,0.8,0.00,0.00,0.00,0.00,0.51,0.07,0.51,0.58,0.0,0.0,0.0,0.0,0.0,0.0,0.0,0.0,0.0,0.0,0.0,0.0,0.0,0.0,0.0,0.0,0.0,0.0,0.0,0.0,0.0,0.0,0.0,0.0,7,4,57.1,5.38,3.08,0.00,0.00,13.4,51,61,83.6,581,108,34,35,97.1,12,17,70.6,0,1,0.0,3,2,2,0,3,59,2,0,1,0,1,0,2,0,8,6.15,8,6.15,5,0,3,0,0,0,0,0.00,0,0,0,0,0,0,3,3,2,0,1,2,3,66.7,1,2,0,2,0,3,1,0,1.3,84,2,7,28,50,14,84,6,3,50.0,3,50.0,52,404,239,8,5,6,3,3,65,18,96,5000
Mason Holgate,DF,Everton,21,5,4,408.0,4.5,0,0,0,0,0,0,1,0,0.0,0.0,0.0,0.0,0.00,0.00,0.00,0.00,0.00,0.00,0.00,0.00,0.0,0.0,0.0,0.0,0.0,0.0,0.0,0.0,0.0,0.0,0.0,0.0,0.0,0.0,0.0,0.0,0.0,0.0,0.0,0.0,0.0,0.0,0.0,0.0,0,0,,0.00,0.00,,,,197,256,77.0,4174,1491,59,70,84.3,100,117,85.5,35,62,56.5,0,25,2,0,34,242,14,11,0,4,0,3,0,0,4,0.88,4,0.88,3,0,0,0,1,0,0,0.00,0,0,0,0,0,0,5,4,4,1,0,1,1,100.0,0,3,2,1,3,8,32,0,4.5,298,28,107,189,4,1,298,2,2,100.0,0,0.0,184,1182,826,2,2,0,1,2,187,0,25000,1300000
Mateo Kovačić,MF,Chelsea,24,32,21,1735.0,19.3,0,2,2,0,0,0,3,0,2.2,2.2,1.7,3.9,0.00,0.10,0.10,0.00,0.11,0.09,0.11,0.20,0.0,0.0,0.0,0.0,0.0,0.0,0.0,0.0,0.0,0.0,0.0,0.0,0.0,0.0,0.0,0.0,0.0,0.0,0.0,0.0,0.0,0.0,0.0,0.0,28,4,14.3,1.45,0.21,0.00,0.00,21.2,1359,1484,91.6,18642,4312,818,862,94.9,411,444,92.6,50,65,76.9,25,124,17,1,140,1439,44,13,8,10,8,7,1,1,64,3.32,64,3.32,50,1,5,3,4,1,4,0.21,4,0,0,0,0,0,45,29,23,19,3,20,46,43.5,26,19,2,17,8,53,18,1,19.3,1699,25,196,977,546,29,1699,55,42,76.4,13,23.6,1110,6040,3061,59,71,5,26,38,1405,66,106673,5547000
Mathew Ryan,GK,Brighton,26,34,34,3060.0,34.0,0,0,0,0,0,0,2,0,0.0,0.0,0.0,0.0,0.00,0.00,0.00,0.00,0.00,0.00,0.00,0.00,1.62,152,96,69.1,6,17.6,51.2,0.29,302,735,41.1,702,100,61.7,42.7,324,93.2,58.8,506,17,3.4,11,0.32,11.6,0,0,,0.00,0.00,,,,564,1032,54.7,23324,20299,42,43,97.7,149,156,95.5,373,825,45.2,0,34,0,0,0,623,403,79,0,1,0,0,0,6,3,0.09,3,0.09,3,0,0,0,0,0,0,0.00,0,0,0,0,0,0,1,0,1,0,0,1,2,50.0,1,0,0,0,0,1,13,1,34.0,1099,932,1090,9,0,0,1099,0,0,,0,,516,3832,2935,0,0,0,0,0,387,0,35000,1820000
Mathias Jørgensen,DF,Huddersfield,28,24,24,2147.0,23.9,3,1,4,3,0,0,6,0,1.4,1.4,0.3,1.7,0.13,0.04,0.17,0.13,0.06,0.01,0.06,0.07,0.0,0.0,0.0,0.0,0.0,0.0,0.0,0.0,0.0,0.0,0.0,0.0,0.0,0.0,0.0,0.0,0.0,0.0,0.0,0.0,0.0,0.0,0.0,0.0,8,4,50.0,0.34,0.17,0.38,0.75,13.6,974,1191,81.8,17693,7632,402,459,87.6,439,500,87.8,104,181,57.5,8,76,3,1,93,1135,54,42,0,3,4,12,0,2,24,1.01,24,1.01,20,1,0,0,1,2,1,0.04,1,0,0,0,0,0,49,31,27,21,1,27,46,58.7,19,29,14,15,69,118,83,0,23.9,1445,104,666,735,51,23,1445,4,3,75.0,1,25.0,722,3283,2022,21,7,1,7,6,802,6,33000,1716000
Matt Doherty,"DF,MF",Wolves,26,38,35,3144.0,34.9,4,5,9,4,0,0,5,0,4.4,4.4,5.1,9.5,0.11,0.14,0.26,0.11,0.13,0.15,0.13,0.27,0.0,0.0,0.0,0.0,0.0,0.0,0.0,0.0,0.0,0.0,0.0,0.0,0.0,0.0,0.0,0.0,0.0,0.0,0.0,0.0,0.0,0.0,0.0,0.0,46,17,37.0,1.32,0.49,0.09,0.24,12.9,1324,1838,72.0,20796,8973,690,826,83.5,476,649,73.3,90,191,47.1,37,85,30,8,129,1457,371,4,3,17,62,367,0,10,95,2.72,95,2.72,70,6,3,8,6,2,10,0.29,7,0,1,0,2,0,67,42,48,15,4,35,58,60.3,23,49,7,42,60,127,107,2,34.9,2288,116,544,984,774,103,2288,49,20,40.8,29,59.2,904,4601,2688,80,45,19,44,23,1264,221,10000,520000
Matt Ritchie,"DF,MF",Newcastle Utd,28,36,35,2928.0,32.5,2,8,10,1,1,2,9,0,5.1,3.6,5.3,8.9,0.06,0.25,0.31,0.03,0.16,0.16,0.11,0.27,0.0,0.0,0.0,0.0,0.0,0.0,0.0,0.0,0.0,0.0,0.0,0.0,0.0,0.0,0.0,0.0,0.0,0.0,0.0,0.0,0.0,0.0,0.0,0.0,39,8,20.5,1.20,0.25,0.03,0.13,19.2,1034,1586,65.2,17181,6715,549,639,85.9,293,442,66.3,133,337,39.5,60,57,43,32,83,1202,376,53,5,23,259,221,102,8,109,3.35,109,3.35,61,33,5,5,4,1,12,0.37,6,3,2,1,0,0,70,44,35,27,8,19,47,40.4,28,34,11,23,51,121,76,1,32.5,1948,76,450,787,729,50,1946,32,15,46.9,17,53.1,817,4137,2068,56,53,3,45,19,994,131,45000,2340000
Matt Targett,DF,Southampton,22,16,13,1186.0,13.2,1,3,4,1,0,0,2,0,0.5,0.5,2.3,2.8,0.08,0.23,0.30,0.08,0.04,0.17,0.04,0.21,0.0,0.0,0.0,0.0,0.0,0.0,0.0,0.0,0.0,0.0,0.0,0.0,0.0,0.0,0.0,0.0,0.0,0.0,0.0,0.0,0.0,0.0,0.0,0.0,11,3,27.3,0.83,0.23,0.09,0.33,17.7,443,665,66.6,7183,3527,245,297,82.5,150,230,65.2,40,93,43.0,23,35,17,8,53,483,179,16,2,1,77,143,20,3,41,3.11,41,3.11,23,13,0,2,2,1,4,0.30,3,1,0,0,0,0,27,19,15,7,5,12,26,46.2,14,19,3,16,27,54,42,0,13.2,807,41,180,332,305,28,807,5,1,20.0,4,80.0,307,1157,607,24,14,6,7,6,405,89,35000,1820000
Matteo Darmian,DF,Manchester Utd,28,6,5,443.0,4.9,0,0,0,0,0,0,0,0,0.0,0.0,0.1,0.1,0.00,0.00,0.00,0.00,0.01,0.02,0.01,0.02,0.0,0.0,0.0,0.0,0.0,0.0,0.0,0.0,0.0,0.0,0.0,0.0,0.0,0.0,0.0,0.0,0.0,0.0,0.0,0.0,0.0,0.0,0.0,0.0,1,1,100.0,0.20,0.20,0.00,0.00,25.1,180,212,84.9,2661,1189,107,110,97.3,57,68,83.8,9,20,45.0,2,15,2,1,20,178,32,0,0,1,3,32,0,2,2,0.41,2,0.41,2,0,0,0,0,0,0,0.00,0,0,0,0,0,0,14,8,10,4,0,4,11,36.4,7,9,0,9,7,21,20,0,4.9,269,31,92,115,62,0,269,3,1,33.3,2,66.7,117,496,299,7,7,0,3,2,151,18,45000,2340000
Matthew Lowton,DF,Burnley,29,21,19,1750.0,19.4,0,0,0,0,0,0,7,0,0.6,0.6,0.7,1.3,0.00,0.00,0.00,0.00,0.03,0.03,0.03,0.07,0.0,0.0,0.0,0.0,0.0,0.0,0.0,0.0,0.0,0.0,0.0,0.0,0.0,0.0,0.0,0.0,0.0,0.0,0.0,0.0,0.0,0.0,0.0,0.0,4,0,0.0,0.21,0.00,0.00,,23.5,626,914,68.5,11693,5445,292,337,86.6,228,335,68.1,95,198,48.0,8,66,20,7,74,690,219,6,3,4,58,213,0,5,22,1.13,22,1.13,18,2,1,1,0,0,1,0.05,1,0,0,0,0,0,56,35,21,31,4,32,60,53.3,28,29,7,22,30,86,80,1,19.4,1148,103,349,545,267,6,1148,21,12,57.1,9,42.9,371,1641,987,18,26,1,6,11,459,38,25000,1300000
Matty Daly,MF,Huddersfield,17,2,0,75.0,0.8,0,0,0,0,0,0,0,0,0.0,0.0,0.0,0.0,0.00,0.00,0.00,0.00,0.00,0.00,0.00,0.00,0.0,0.0,0.0,0.0,0.0,0.0,0.0,0.0,0.0,0.0,0.0,0.0,0.0,0.0,0.0,0.0,0.0,0.0,0.0,0.0,0.0,0.0,0.0,0.0,0,0,,0.00,0.00,,,,7,13,53.8,57,11,6,8,75.0,0,2,0.0,0,0,,0,0,0,0,1,12,0,0,0,0,0,0,0,1,0,0.00,0,0.00,0,0,0,0,0,0,0,0.00,0,0,0,0,0,0,0,0,0,0,0,0,0,,0,0,0,0,0,0,0,0,0.8,15,2,3,7,5,1,15,1,0,0.0,1,100.0,10,50,17,1,3,0,1,0,11,2,1000,52000
Mattéo Guendouzi,MF,Arsenal,19,33,23,2149.0,23.9,0,0,0,0,0,0,9,0,0.6,0.6,1.8,2.4,0.00,0.00,0.00,0.00,0.02,0.07,0.02,0.10,0.0,0.0,0.0,0.0,0.0,0.0,0.0,0.0,0.0,0.0,0.0,0.0,0.0,0.0,0.0,0.0,0.0,0.0,0.0,0.0,0.0,0.0,0.0,0.0,16,4,25.0,0.67,0.17,0.00,0.00,24.4,1409,1625,86.7,24166,6699,647,707,91.5,590,648,91.0,129,170,75.9,17,142,23,1,200,1578,41,33,9,12,15,6,2,6,60,2.51,60,2.51,52,0,5,1,0,2,1,0.04,1,0,0,0,0,0,44,26,18,23,3,17,47,36.2,30,28,5,23,30,74,24,3,23.9,1836,42,337,1152,362,14,1836,32,23,71.9,9,28.1,1223,8161,4177,71,49,5,30,31,1389,50,40000,2080000
Matěj Vydra,FW,Burnley,26,13,3,318.0,3.5,1,1,2,1,0,0,1,0,1.8,1.8,0.5,2.3,0.28,0.28,0.57,0.28,0.52,0.13,0.52,0.65,0.0,0.0,0.0,0.0,0.0,0.0,0.0,0.0,0.0,0.0,0.0,0.0,0.0,0.0,0.0,0.0,0.0,0.0,0.0,0.0,0.0,0.0,0.0,0.0,6,3,50.0,1.70,0.85,0.17,0.33,10.5,48,75,64.0,562,96,32,44,72.7,9,14,64.3,2,5,40.0,2,1,3,0,3,69,6,0,1,1,1,1,1,0,8,2.26,8,2.26,6,0,0,2,0,0,3,0.85,3,0,0,0,0,0,2,1,0,1,1,0,3,0.0,3,4,1,3,1,3,6,0,3.5,122,5,16,49,59,15,122,7,3,42.9,4,57.1,67,356,93,3,6,1,18,8,80,15,35000,1820000
Max Kilman,DF,Wolves,21,1,0,1.0,0.0,0,0,0,0,0,0,0,0,0.0,0.0,0.0,0.0,0.00,0.00,0.00,0.00,0.00,0.00,0.00,0.00,0.0,0.0,0.0,0.0,0.0,0.0,0.0,0.0,0.0,0.0,0.0,0.0,0.0,0.0,0.0,0.0,0.0,0.0,0.0,0.0,0.0,0.0,0.0,0.0,0,0,,0.00,0.00,,,,0,0,,0,0,0,0,,0,0,,0,0,,0,0,0,0,0,0,0,0,0,0,0,0,0,0,0,0.00,0,0.00,0,0,0,0,0,0,0,0.00,0,0,0,0,0,0,0,0,0,0,0,0,0,,0,0,0,0,0,0,0,0,0.0,0,0,0,0,0,0,0,0,0,,0,,0,0,0,0,0,0,0,0,0,0,1000,52000
Max Meyer,MF,Crystal Palace,22,29,15,1416.0,15.7,1,2,3,1,0,0,3,0,1.8,1.8,1.2,2.9,0.06,0.13,0.19,0.06,0.11,0.07,0.11,0.18,0.0,0.0,0.0,0.0,0.0,0.0,0.0,0.0,0.0,0.0,0.0,0.0,0.0,0.0,0.0,0.0,0.0,0.0,0.0,0.0,0.0,0.0,0.0,0.0,38,8,21.1,2.42,0.51,0.03,0.13,19.1,562,697,80.6,8002,2022,339,391,86.7,178,210,84.8,24,45,53.3,22,51,16,2,73,666,23,2,0,1,24,2,19,8,50,3.18,50,3.18,39,1,2,4,4,0,3,0.19,2,0,0,0,1,0,33,18,14,18,1,11,20,55.0,9,6,0,6,15,48,19,0,15.7,880,21,167,424,303,55,880,21,13,61.9,8,38.1,517,3096,1544,47,32,12,28,20,634,80,125000,6500000
Maxime Le Marchand,DF,Fulham,28,26,25,2250.0,25.0,0,1,1,0,0,0,5,0,0.3,0.3,0.7,1.0,0.00,0.04,0.04,0.00,0.01,0.03,0.01,0.04,0.0,0.0,0.0,0.0,0.0,0.0,0.0,0.0,0.0,0.0,0.0,0.0,0.0,0.0,0.0,0.0,0.0,0.0,0.0,0.0,0.0,0.0,0.0,0.0,5,0,0.0,0.20,0.00,0.00,,13.2,1216,1488,81.7,22576,9761,477,511,93.3,598,691,86.5,117,217,53.9,9,61,6,3,77,1368,107,35,1,16,17,72,0,13,24,0.96,24,0.96,21,0,0,2,1,0,3,0.12,3,0,0,0,0,0,56,36,45,11,0,23,47,48.9,24,30,16,14,54,110,129,2,25.0,1794,195,879,813,109,18,1794,15,10,66.7,5,33.3,740,3671,2128,16,16,1,11,6,1059,15,25000,1300000
Maya Yoshida,DF,Southampton,29,17,17,1518.0,16.9,0,1,1,0,0,0,0,0,1.9,1.9,0.5,2.4,0.00,0.06,0.06,0.00,0.11,0.03,0.11,0.14,0.0,0.0,0.0,0.0,0.0,0.0,0.0,0.0,0.0,0.0,0.0,0.0,0.0,0.0,0.0,0.0,0.0,0.0,0.0,0.0,0.0,0.0,0.0,0.0,13,3,23.1,0.77,0.18,0.00,0.00,9.7,421,557,75.6,7766,3151,179,215,83.3,183,212,86.3,52,109,47.7,5,32,2,0,34,546,10,10,0,5,0,0,0,1,13,0.77,13,0.77,7,0,0,5,1,0,3,0.18,2,0,0,1,0,0,16,12,5,10,1,4,13,30.8,9,24,20,4,42,58,103,1,16.9,778,126,360,393,31,21,778,3,2,66.7,1,33.3,306,1248,566,1,2,0,7,0,351,4,50000,2600000
Mesut Özil,"MF,FW",Arsenal,29,24,20,1735.0,19.3,5,2,7,5,0,0,2,0,1.7,1.7,4.1,5.8,0.26,0.10,0.36,0.26,0.09,0.21,0.09,0.30,0.0,0.0,0.0,0.0,0.0,0.0,0.0,0.0,0.0,0.0,0.0,0.0,0.0,0.0,0.0,0.0,0.0,0.0,0.0,0.0,0.0,0.0,0.0,0.0,11,6,54.5,0.57,0.31,0.45,0.83,13.7,1016,1177,86.3,14421,3797,593,656,90.4,293,328,89.3,60,87,69.0,45,104,47,8,146,1092,75,28,7,2,42,7,38,10,84,4.36,84,4.36,68,13,2,1,0,0,9,0.47,8,0,0,1,0,0,12,5,6,3,3,3,21,14.3,18,10,2,8,4,16,5,0,19.3,1306,7,91,609,616,60,1306,33,21,63.6,12,36.4,920,5516,2653,75,63,13,49,34,1093,174,350000,18200000
Michael Keane,DF,Everton,25,33,33,2969.0,33.0,1,2,3,1,0,0,2,0,2.3,2.3,1.4,3.8,0.03,0.06,0.09,0.03,0.07,0.04,0.07,0.11,0.0,0.0,0.0,0.0,0.0,0.0,0.0,0.0,0.0,0.0,0.0,0.0,0.0,0.0,0.0,0.0,0.0,0.0,0.0,0.0,0.0,0.0,0.0,0.0,31,9,29.0,0.94,0.27,0.03,0.11,10.6,1292,1606,80.4,25407,10067,433,511,84.7,682,767,88.9,155,269,57.6,9,89,5,1,113,1560,41,38,0,15,4,3,0,5,21,0.64,21,0.64,17,0,0,3,0,1,1,0.03,1,0,0,0,0,0,41,25,22,16,3,19,32,59.4,13,30,22,8,43,84,185,4,33.0,1974,243,1029,876,77,47,1974,7,6,85.7,1,14.3,994,5048,3003,11,6,0,10,4,1130,2,60000,3120000
Michael Obafemi,FW,Southampton,18,6,1,137.0,1.5,1,1,2,1,0,0,1,0,1.7,1.7,0.4,2.1,0.66,0.66,1.31,0.66,1.12,0.23,1.12,1.35,0.0,0.0,0.0,0.0,0.0,0.0,0.0,0.0,0.0,0.0,0.0,0.0,0.0,0.0,0.0,0.0,0.0,0.0,0.0,0.0,0.0,0.0,0.0,0.0,7,3,42.9,4.60,1.97,0.14,0.33,12.3,14,20,70.0,179,31,8,11,72.7,5,8,62.5,0,0,,2,0,2,1,2,19,1,0,0,0,1,1,0,0,7,4.60,7,4.60,4,0,1,1,1,0,1,0.66,1,0,0,0,0,0,1,1,0,0,1,0,0,,0,1,1,0,1,2,0,0,1.5,43,1,3,14,28,14,43,4,3,75.0,1,25.0,28,147,94,5,3,4,5,2,30,12,596,31000
Michail Antonio,"MF,FW",West Ham,28,33,22,2103.0,23.4,6,4,10,6,0,0,3,0,7.1,7.1,4.4,11.5,0.26,0.17,0.43,0.26,0.30,0.19,0.30,0.49,0.0,0.0,0.0,0.0,0.0,0.0,0.0,0.0,0.0,0.0,0.0,0.0,0.0,0.0,0.0,0.0,0.0,0.0,0.0,0.0,0.0,0.0,0.0,0.0,65,25,38.5,2.78,1.07,0.09,0.24,16.2,496,773,64.2,7214,2025,302,381,79.3,127,222,57.2,40,82,48.8,23,36,21,5,69,713,58,2,5,7,50,53,0,2,64,2.74,64,2.74,40,0,9,8,5,2,10,0.43,5,0,1,2,2,0,23,14,12,6,5,6,12,50.0,6,38,3,35,18,41,26,1,23.4,1170,38,152,531,511,93,1170,104,58,55.8,46,44.2,683,4981,2349,87,54,29,83,68,823,204,70000,3640000
Michel Vorm,GK,Tottenham,34,2,2,180.0,2.0,0,0,0,0,0,0,0,0,0.0,0.0,0.0,0.0,0.00,0.00,0.00,0.00,0.00,0.00,0.00,0.00,2.00,13,9,69.2,0,0.0,4.2,0.32,4,12,33.3,51,17,15.7,24.7,10,40.0,35.6,18,1,5.6,2,1.00,15.4,0,0,,0.00,0.00,,,,51,61,83.6,1125,691,12,12,100.0,31,32,96.9,8,17,47.1,0,0,0,0,0,50,11,1,0,0,0,0,0,0,0,0.00,0,0.00,0,0,0,0,0,0,0,0.00,0,0,0,0,0,0,0,0,0,0,0,0,0,,0,0,0,0,0,0,1,0,2.0,67,62,67,0,0,0,67,0,0,,0,,42,219,196,0,0,0,1,0,33,0,40000,2080000
Michy Batshuayi,FW,Crystal Palace,24,11,9,750.0,8.3,5,0,5,5,0,0,0,0,4.0,4.0,0.1,4.1,0.60,0.00,0.60,0.60,0.48,0.01,0.48,0.49,0.0,0.0,0.0,0.0,0.0,0.0,0.0,0.0,0.0,0.0,0.0,0.0,0.0,0.0,0.0,0.0,0.0,0.0,0.0,0.0,0.0,0.0,0.0,0.0,27,10,37.0,3.24,1.20,0.19,0.50,16.7,106,165,64.2,1428,285,63,82,76.8,24,40,60.0,8,14,57.1,2,4,3,0,9,156,8,0,1,2,1,0,0,1,21,2.52,21,2.52,10,0,4,6,1,0,3,0.36,1,0,0,2,0,0,2,1,1,1,0,1,2,50.0,1,8,3,5,3,5,0,0,8.3,250,4,28,121,106,40,250,16,9,56.3,7,43.8,135,756,285,13,8,6,16,12,166,44,35000,1820000
Miguel Almirón,MF,Newcastle Utd,24,10,9,759.0,8.4,0,0,0,0,0,0,0,0,1.5,1.5,0.6,2.1,0.00,0.00,0.00,0.00,0.18,0.07,0.17,0.24,0.0,0.0,0.0,0.0,0.0,0.0,0.0,0.0,0.0,0.0,0.0,0.0,0.0,0.0,0.0,0.0,0.0,0.0,0.0,0.0,0.0,0.0,0.0,0.0,19,8,42.1,2.25,0.95,0.00,0.00,20.1,188,263,71.5,2883,752,98,125,78.4,54,74,73.0,21,28,75.0,13,21,12,7,25,261,2,0,1,2,21,1,1,0,36,4.27,36,4.27,27,0,1,3,3,2,3,0.36,1,0,0,1,1,0,20,12,7,10,3,4,10,40.0,6,14,1,13,8,28,5,0,8.4,380,7,56,157,175,25,380,14,7,50.0,7,50.0,215,1714,1037,31,16,6,22,6,240,45,42327,2201000
Miguel Britos,DF,Watford,33,3,2,185.0,2.1,0,0,0,0,0,0,0,0,0.0,0.0,0.0,0.0,0.00,0.00,0.00,0.00,0.00,0.00,0.00,0.00,0.0,0.0,0.0,0.0,0.0,0.0,0.0,0.0,0.0,0.0,0.0,0.0,0.0,0.0,0.0,0.0,0.0,0.0,0.0,0.0,0.0,0.0,0.0,0.0,0,0,,0.00,0.00,,,,47,60,78.3,899,385,19,22,86.4,22,28,78.6,6,10,60.0,0,4,0,0,4,59,1,1,0,1,1,0,0,0,0,0.00,0,0.00,0,0,0,0,0,0,0,0.00,0,0,0,0,0,0,4,2,4,0,0,2,4,50.0,2,1,1,0,3,7,11,1,2.1,84,14,52,28,4,0,84,3,1,33.3,2,66.7,38,148,51,0,0,0,1,0,38,0,25000,1300000
Mohamed Diamé,MF,Newcastle Utd,31,29,24,2166.0,24.1,0,0,0,0,0,0,3,0,1.0,1.0,0.1,1.2,0.00,0.00,0.00,0.00,0.04,0.01,0.04,0.05,0.0,0.0,0.0,0.0,0.0,0.0,0.0,0.0,0.0,0.0,0.0,0.0,0.0,0.0,0.0,0.0,0.0,0.0,0.0,0.0,0.0,0.0,0.0,0.0,20,3,15.0,0.83,0.12,0.00,0.00,23.5,569,749,76.0,9103,2289,288,347,83.0,180,219,82.2,60,111,54.1,2,44,8,1,58,737,10,1,5,13,12,1,0,2,33,1.37,33,1.37,20,0,4,3,5,1,0,0.00,0,0,0,0,0,0,76,46,35,36,5,16,54,29.6,38,42,9,33,30,106,39,1,24.1,1050,47,276,614,169,16,1050,29,16,55.2,13,44.8,449,1924,950,17,16,3,31,38,562,15,45000,2340000
Mohamed Elneny,MF,Arsenal,26,8,5,380.0,4.2,0,0,0,0,0,0,0,0,0.4,0.4,0.2,0.6,0.00,0.00,0.00,0.00,0.11,0.05,0.11,0.15,0.0,0.0,0.0,0.0,0.0,0.0,0.0,0.0,0.0,0.0,0.0,0.0,0.0,0.0,0.0,0.0,0.0,0.0,0.0,0.0,0.0,0.0,0.0,0.0,7,0,0.0,1.66,0.00,0.00,,17.6,256,286,89.5,4582,1268,116,127,91.3,105,113,92.9,31,35,88.6,5,15,5,0,31,276,8,5,2,1,3,3,0,2,9,2.13,9,2.13,8,0,0,1,0,0,0,0.00,0,0,0,0,0,0,13,4,9,1,3,1,2,50.0,1,7,4,3,2,15,8,0,4.2,335,14,93,186,57,5,335,3,1,33.3,2,66.7,192,979,512,4,5,0,6,3,254,4,50000,2600000
Mohamed Elyounoussi,MF,Southampton,23,16,8,793.0,8.8,0,0,0,0,0,0,0,0,2.1,2.1,1.1,3.2,0.00,0.00,0.00,0.00,0.23,0.13,0.23,0.36,0.0,0.0,0.0,0.0,0.0,0.0,0.0,0.0,0.0,0.0,0.0,0.0,0.0,0.0,0.0,0.0,0.0,0.0,0.0,0.0,0.0,0.0,0.0,0.0,20,6,30.0,2.27,0.68,0.00,0.00,18.0,178,273,65.2,2658,764,105,128,82.0,43,71,60.6,17,38,44.7,14,14,7,2,20,239,33,5,2,1,48,2,24,1,34,3.86,34,3.86,16,7,4,3,3,1,1,0.11,1,0,0,0,0,0,16,12,7,6,3,6,19,31.6,13,11,1,10,6,22,5,0,8.8,379,3,49,156,182,26,379,20,11,55.0,9,45.0,194,1449,696,20,23,4,15,8,230,54,60000,3120000
Mohamed Salah,FW,Liverpool,26,38,37,3250.0,36.1,22,8,30,19,3,3,1,0,20.2,17.9,9.4,27.2,0.61,0.22,0.83,0.53,0.56,0.26,0.49,0.75,0.0,0.0,0.0,0.0,0.0,0.0,0.0,0.0,0.0,0.0,0.0,0.0,0.0,0.0,0.0,0.0,0.0,0.0,0.0,0.0,0.0,0.0,0.0,0.0,134,60,44.8,3.71,1.66,0.14,0.32,16.9,846,1152,73.4,10807,3092,534,647,82.5,199,273,72.9,39,78,50.0,68,55,71,3,127,1064,85,12,19,4,57,13,35,3,160,4.43,160,4.43,104,4,26,12,14,0,21,0.58,8,1,4,3,5,0,21,9,3,11,7,5,16,31.3,11,9,0,9,5,26,6,0,36.1,1590,5,55,465,1087,272,1587,151,80,53.0,71,47.0,1216,7481,3747,131,91,96,109,119,1272,429,200000,10400000
Morgan Gibbs-White,"MF,FW",Wolves,18,26,5,663.0,7.4,0,1,1,0,0,0,1,0,1.1,1.1,1.3,2.4,0.00,0.14,0.14,0.00,0.15,0.17,0.15,0.32,0.0,0.0,0.0,0.0,0.0,0.0,0.0,0.0,0.0,0.0,0.0,0.0,0.0,0.0,0.0,0.0,0.0,0.0,0.0,0.0,0.0,0.0,0.0,0.0,8,1,12.5,1.09,0.14,0.00,0.00,18.4,272,336,81.0,4750,970,119,140,85.0,105,122,86.1,35,46,76.1,11,28,8,1,28,315,19,4,4,4,17,0,9,2,18,2.45,18,2.45,14,3,1,0,0,0,3,0.41,2,0,1,0,0,0,6,3,2,4,0,1,4,25.0,3,6,0,6,1,7,0,0,7.4,411,2,58,232,125,14,411,19,12,63.2,7,36.8,235,1248,565,13,8,1,24,16,306,47,1500,78000
Morgan Schneiderlin,MF,Everton,28,14,10,834.0,9.3,0,1,1,0,0,0,2,0,0.1,0.1,0.4,0.6,0.00,0.11,0.11,0.00,0.02,0.05,0.02,0.06,0.0,0.0,0.0,0.0,0.0,0.0,0.0,0.0,0.0,0.0,0.0,0.0,0.0,0.0,0.0,0.0,0.0,0.0,0.0,0.0,0.0,0.0,0.0,0.0,3,0,0.0,0.32,0.00,0.00,,17.0,484,548,88.3,7784,2030,255,274,93.1,154,174,88.5,51,65,78.5,8,43,4,0,47,542,5,4,2,6,2,0,0,1,15,1.62,15,1.62,15,0,0,0,0,0,2,0.22,2,0,0,0,0,0,24,16,11,11,2,6,14,42.9,8,16,3,13,15,39,16,0,9.3,651,24,155,418,81,3,651,5,2,40.0,3,60.0,399,1361,525,6,5,1,13,7,422,5,100000,5200000
Mousa Dembélé,MF,Tottenham,31,10,7,515.0,5.7,0,0,0,0,0,0,1,0,0.0,0.0,0.0,0.0,0.00,0.00,0.00,0.00,0.01,0.00,0.01,0.01,0.0,0.0,0.0,0.0,0.0,0.0,0.0,0.0,0.0,0.0,0.0,0.0,0.0,0.0,0.0,0.0,0.0,0.0,0.0,0.0,0.0,0.0,0.0,0.0,1,0,0.0,0.17,0.00,0.00,,27.5,277,309,89.6,4098,936,150,165,90.9,108,119,90.8,11,12,91.7,0,16,1,0,16,301,8,4,0,0,0,1,0,0,7,1.22,7,1.22,7,0,0,0,0,0,0,0.00,0,0,0,0,0,0,13,9,6,6,1,4,7,57.1,3,4,1,3,7,20,5,2,5.7,357,13,67,267,26,0,357,8,7,87.5,1,12.5,222,1159,502,7,5,0,9,7,241,9,55000,2860000
Moussa Sissoko,"MF,FW",Tottenham,28,29,27,2330.0,25.9,0,3,3,0,0,0,2,0,0.9,0.9,2.5,3.4,0.00,0.12,0.12,0.00,0.04,0.09,0.04,0.13,0.0,0.0,0.0,0.0,0.0,0.0,0.0,0.0,0.0,0.0,0.0,0.0,0.0,0.0,0.0,0.0,0.0,0.0,0.0,0.0,0.0,0.0,0.0,0.0,15,3,20.0,0.58,0.12,0.00,0.00,24.7,1197,1404,85.3,17621,4136,677,752,90.0,386,439,87.9,81,111,73.0,25,91,13,3,97,1365,34,9,0,5,27,24,0,5,50,1.93,50,1.93,43,0,1,1,3,2,7,0.27,7,0,0,0,0,0,36,25,18,14,4,15,29,51.7,14,31,4,27,16,52,25,2,25.9,1655,49,300,1036,347,37,1655,62,36,58.1,26,41.9,1061,6301,3188,79,58,8,40,28,1169,96,80000,4160000
N'Golo Kanté,MF,Chelsea,27,36,36,3092.0,34.4,4,4,8,4,0,0,3,0,2.9,2.9,3.5,6.4,0.12,0.12,0.23,0.12,0.09,0.10,0.09,0.19,0.0,0.0,0.0,0.0,0.0,0.0,0.0,0.0,0.0,0.0,0.0,0.0,0.0,0.0,0.0,0.0,0.0,0.0,0.0,0.0,0.0,0.0,0.0,0.0,29,6,20.7,0.84,0.17,0.14,0.67,18.3,1789,2056,87.0,23900,5492,1100,1196,92.0,507,562,90.2,70,91,76.9,46,144,33,6,178,2032,15,9,4,7,19,6,0,9,94,2.74,94,2.74,89,1,0,1,1,2,5,0.15,5,0,0,0,0,0,75,41,21,41,13,23,67,34.3,44,63,6,57,44,119,32,1,34.4,2431,44,372,1214,865,68,2431,57,32,56.1,25,43.9,1317,7203,3759,82,92,9,56,54,1769,159,150000,7800000
Naby Keïta,"MF,FW",Liverpool,23,25,16,1390.0,15.4,2,1,3,2,0,0,0,0,2.0,2.0,1.0,3.0,0.13,0.06,0.19,0.13,0.13,0.06,0.13,0.19,0.0,0.0,0.0,0.0,0.0,0.0,0.0,0.0,0.0,0.0,0.0,0.0,0.0,0.0,0.0,0.0,0.0,0.0,0.0,0.0,0.0,0.0,0.0,0.0,27,9,33.3,1.75,0.58,0.07,0.22,18.1,889,1011,87.9,12345,2967,522,574,90.9,275,308,89.3,42,54,77.8,9,86,28,0,103,1003,7,4,7,0,5,0,2,1,41,2.65,41,2.65,34,0,2,4,1,0,5,0.32,5,0,0,0,0,0,37,15,13,19,5,14,42,33.3,28,29,4,25,12,49,16,1,15.4,1226,29,122,738,385,49,1226,43,24,55.8,19,44.2,847,5298,2959,68,78,10,35,29,951,79,120000,6240000
Nacho Monreal,DF,Arsenal,32,22,21,1861.0,20.7,1,3,4,1,0,0,5,0,1.3,1.3,1.7,3.1,0.05,0.15,0.19,0.05,0.06,0.08,0.06,0.15,0.0,0.0,0.0,0.0,0.0,0.0,0.0,0.0,0.0,0.0,0.0,0.0,0.0,0.0,0.0,0.0,0.0,0.0,0.0,0.0,0.0,0.0,0.0,0.0,7,4,57.1,0.34,0.19,0.14,0.25,15.2,1146,1337,85.7,16557,5605,646,694,93.1,386,452,85.4,53,92,57.6,11,50,15,3,87,1175,162,21,0,3,28,141,0,0,36,1.74,36,1.74,29,3,0,1,2,1,8,0.39,6,0,0,0,1,1,35,17,21,9,5,15,25,60.0,10,28,10,18,31,66,62,0,20.7,1530,76,497,723,319,36,1530,13,7,53.8,6,46.2,743,3253,1768,32,25,2,10,3,996,95,70000,3640000
Nampalys Mendy,MF,Leicester City,26,31,23,2092.0,23.2,0,0,0,0,0,0,5,0,0.1,0.1,0.2,0.3,0.00,0.00,0.00,0.00,0.00,0.01,0.00,0.01,0.0,0.0,0.0,0.0,0.0,0.0,0.0,0.0,0.0,0.0,0.0,0.0,0.0,0.0,0.0,0.0,0.0,0.0,0.0,0.0,0.0,0.0,0.0,0.0,2,0,0.0,0.09,0.00,0.00,,22.5,971,1097,88.5,15025,3966,516,559,92.3,336,373,90.1,71,96,74.0,5,89,5,2,104,1077,17,1,2,13,3,1,0,3,21,0.90,21,0.90,19,0,0,0,2,0,2,0.09,0,0,0,0,2,0,33,18,16,16,1,6,22,27.3,16,24,8,16,26,59,26,2,23.2,1288,44,289,844,168,3,1288,24,16,66.7,8,33.3,819,3746,1817,16,21,0,30,15,871,19,50000,2600000
Nathan Aké,DF,Bournemouth,23,38,38,3411.0,37.9,4,0,4,4,0,0,3,0,3.4,3.4,1.0,4.4,0.11,0.00,0.11,0.11,0.09,0.03,0.09,0.11,0.0,0.0,0.0,0.0,0.0,0.0,0.0,0.0,0.0,0.0,0.0,0.0,0.0,0.0,0.0,0.0,0.0,0.0,0.0,0.0,0.0,0.0,0.0,0.0,25,8,32.0,0.66,0.21,0.16,0.50,9.4,1491,1733,86.0,26259,10116,654,718,91.1,703,781,90.0,119,197,60.4,7,74,6,3,98,1646,85,56,1,6,6,29,0,2,24,0.63,24,0.63,19,0,0,4,1,0,1,0.03,0,0,0,0,1,0,66,35,42,21,3,22,35,62.9,13,51,35,16,32,98,241,0,37.9,2205,305,1260,813,141,50,2205,5,3,60.0,2,40.0,1299,6617,3890,20,18,2,18,6,1307,25,40000,2080000
Nathan Redmond,"MF,FW",Southampton,24,38,36,3270.0,36.3,6,4,10,6,0,0,3,0,7.6,7.6,4.7,12.2,0.17,0.11,0.28,0.17,0.21,0.13,0.21,0.34,0.0,0.0,0.0,0.0,0.0,0.0,0.0,0.0,0.0,0.0,0.0,0.0,0.0,0.0,0.0,0.0,0.0,0.0,0.0,0.0,0.0,0.0,0.0,0.0,74,22,29.7,2.04,0.61,0.08,0.27,19.9,871,1205,72.3,13701,3495,477,583,81.8,283,364,77.7,72,143,50.3,52,75,62,16,129,1166,37,2,6,16,76,3,11,2,135,3.72,135,3.72,101,1,17,10,3,3,11,0.30,8,0,1,1,0,1,45,22,14,19,12,14,41,34.1,27,54,2,52,20,65,23,1,36.3,1687,21,173,648,904,137,1687,166,91,54.8,75,45.2,1046,8148,4271,174,99,68,85,81,1202,301,60000,3120000
Nathaniel Chalobah,MF,Watford,23,9,3,270.0,3.0,0,0,0,0,0,0,2,0,0.1,0.1,0.3,0.3,0.00,0.00,0.00,0.00,0.03,0.09,0.03,0.12,0.0,0.0,0.0,0.0,0.0,0.0,0.0,0.0,0.0,0.0,0.0,0.0,0.0,0.0,0.0,0.0,0.0,0.0,0.0,0.0,0.0,0.0,0.0,0.0,2,1,50.0,0.67,0.33,0.00,0.00,23.4,85,115,73.9,1251,460,47,56,83.9,30,37,81.1,4,9,44.4,1,7,1,1,8,113,0,0,0,0,1,0,0,2,6,2.00,6,2.00,6,0,0,0,0,0,0,0.00,0,0,0,0,0,0,3,2,1,2,0,2,7,28.6,5,2,1,1,5,8,7,0,3.0,148,12,35,83,32,3,148,2,0,0.0,2,100.0,74,213,74,0,2,0,8,3,80,8,35000,1820000
Nathaniel Clyne,DF,Bournemouth,27,14,13,1143.0,12.7,0,1,1,0,0,0,2,0,0.1,0.1,0.1,0.3,0.00,0.08,0.08,0.00,0.01,0.01,0.01,0.02,0.0,0.0,0.0,0.0,0.0,0.0,0.0,0.0,0.0,0.0,0.0,0.0,0.0,0.0,0.0,0.0,0.0,0.0,0.0,0.0,0.0,0.0,0.0,0.0,2,0,0.0,0.16,0.00,0.00,,11.5,451,595,75.8,6389,2723,286,324,88.3,133,180,73.9,20,53,37.7,4,22,9,3,39,472,121,5,2,1,18,116,0,2,12,0.94,12,0.94,10,2,0,0,0,0,3,0.24,3,0,0,0,0,0,33,18,16,14,3,11,23,47.8,12,13,3,10,16,49,33,1,12.7,719,35,225,300,198,16,719,9,4,44.4,5,55.6,355,1488,724,14,12,1,8,10,359,32,75000,3900000
Nathaniel Clyne,DF,Liverpool,27,4,1,111.0,1.2,0,0,0,0,0,0,0,0,0.1,0.1,0.0,0.1,0.00,0.00,0.00,0.00,0.06,0.00,0.06,0.06,0.0,0.0,0.0,0.0,0.0,0.0,0.0,0.0,0.0,0.0,0.0,0.0,0.0,0.0,0.0,0.0,0.0,0.0,0.0,0.0,0.0,0.0,0.0,0.0,2,0,0.0,0.16,0.00,0.00,,11.5,451,595,75.8,6389,2723,286,324,88.3,133,180,73.9,20,53,37.7,4,22,9,3,39,472,121,5,2,1,18,116,0,2,12,0.94,12,0.94,10,2,0,0,0,0,3,0.24,3,0,0,0,0,0,33,18,16,14,3,11,23,47.8,12,13,3,10,16,49,33,1,12.7,719,35,225,300,198,16,719,9,4,44.4,5,55.6,355,1488,724,14,12,1,8,10,359,32,75000,3900000
Nathaniel Mendez-Laing,"MF,FW",Cardiff City,26,20,11,985.0,10.9,4,1,5,3,1,1,0,0,2.3,1.5,1.5,2.9,0.37,0.09,0.46,0.27,0.21,0.13,0.13,0.27,0.0,0.0,0.0,0.0,0.0,0.0,0.0,0.0,0.0,0.0,0.0,0.0,0.0,0.0,0.0,0.0,0.0,0.0,0.0,0.0,0.0,0.0,0.0,0.0,19,8,42.1,1.74,0.73,0.16,0.38,15.6,169,287,58.9,2364,1016,92,129,71.3,44,70,62.9,14,27,51.9,19,14,10,8,19,280,5,0,1,0,27,3,2,2,40,3.65,40,3.65,25,1,10,2,1,1,5,0.46,2,0,2,0,1,0,34,25,18,12,4,12,26,46.2,14,17,1,16,13,47,20,0,10.9,456,21,100,172,196,48,455,42,29,69.0,13,31.0,243,2199,1100,46,28,21,25,20,269,69,18500,962000
Neeskens Kebano,"FW,MF",Fulham,26,7,0,108.0,1.2,0,0,0,0,0,0,0,0,0.1,0.1,0.0,0.1,0.00,0.00,0.00,0.00,0.05,0.00,0.05,0.05,0.0,0.0,0.0,0.0,0.0,0.0,0.0,0.0,0.0,0.0,0.0,0.0,0.0,0.0,0.0,0.0,0.0,0.0,0.0,0.0,0.0,0.0,0.0,0.0,1,0,0.0,0.83,0.00,0.00,,8.0,25,31,80.6,340,37,20,22,90.9,4,7,57.1,1,1,100.0,0,2,0,0,4,30,1,1,0,0,2,0,0,0,2,1.64,2,1.64,2,0,0,0,0,0,0,0.00,0,0,0,0,0,0,3,1,2,1,0,1,1,100.0,0,3,0,3,0,3,3,0,1.2,47,3,5,19,26,2,47,5,4,80.0,1,20.0,29,245,146,6,3,1,6,3,31,17,13462,700000
Neil Etheridge,GK,Cardiff City,28,38,38,3420.0,38.0,0,0,0,0,0,0,2,0,0.0,0.0,0.1,0.1,0.00,0.00,0.00,0.00,0.00,0.00,0.00,0.00,1.82,207,135,68.6,10,26.3,68.2,0.30,337,1076,31.3,876,51,86.6,53.9,319,99.4,65.6,536,15,2.8,46,1.21,15.4,0,0,,0.00,0.00,,,,415,1202,34.5,21789,20502,5,8,62.5,50,56,89.3,359,1130,31.8,2,65,0,0,0,711,484,165,0,0,0,0,0,7,11,0.29,11,0.29,7,4,0,0,0,0,0,0.00,0,0,0,0,0,0,1,1,1,0,0,1,2,50.0,1,0,0,0,7,8,19,1,38.0,1326,1021,1286,40,0,0,1326,0,0,,0,,505,4732,3412,0,0,0,1,0,398,0,19500,1014000
Nemanja Matić,MF,Manchester Utd,29,28,28,2436.0,27.1,1,0,1,1,0,0,8,2,1.3,1.3,0.5,1.8,0.04,0.00,0.04,0.04,0.05,0.02,0.05,0.07,0.0,0.0,0.0,0.0,0.0,0.0,0.0,0.0,0.0,0.0,0.0,0.0,0.0,0.0,0.0,0.0,0.0,0.0,0.0,0.0,0.0,0.0,0.0,0.0,12,3,25.0,0.44,0.11,0.08,0.33,17.4,1602,1858,86.2,27696,7386,708,787,90.0,650,719,90.4,161,216,74.5,13,154,19,2,165,1789,61,56,3,30,9,5,0,8,54,2.00,54,2.00,51,0,1,1,0,1,4,0.15,4,0,0,0,0,0,50,30,27,19,4,30,59,50.8,29,39,18,21,31,81,53,4,27.1,2111,101,496,1385,254,29,2111,19,18,94.7,1,5.3,1116,5801,3318,42,41,3,25,39,1426,13,120000,6240000
Nicolás Otamendi,DF,Manchester City,30,18,14,1236.0,13.7,0,0,0,0,0,0,1,0,1.3,1.3,0.2,1.5,0.00,0.00,0.00,0.00,0.10,0.01,0.10,0.11,0.0,0.0,0.0,0.0,0.0,0.0,0.0,0.0,0.0,0.0,0.0,0.0,0.0,0.0,0.0,0.0,0.0,0.0,0.0,0.0,0.0,0.0,0.0,0.0,15,3,20.0,1.09,0.22,0.00,0.00,12.3,1157,1252,92.4,21772,6057,380,394,96.4,667,708,94.2,90,115,78.3,2,71,2,0,92,1230,21,16,0,7,1,5,0,1,9,0.66,9,0.66,8,0,1,0,0,0,2,0.15,2,0,0,0,0,0,24,14,17,6,1,5,9,55.6,4,6,4,2,29,53,56,1,13.7,1392,88,394,950,52,17,1392,2,2,100.0,0,0.0,1018,6484,4066,27,17,0,2,0,1072,3,180000,9360000
Oleksandr Zinchenko,DF,Manchester City,21,14,14,1151.0,12.8,0,3,3,0,0,0,1,0,0.2,0.2,1.5,1.7,0.00,0.23,0.23,0.00,0.01,0.12,0.01,0.13,0.0,0.0,0.0,0.0,0.0,0.0,0.0,0.0,0.0,0.0,0.0,0.0,0.0,0.0,0.0,0.0,0.0,0.0,0.0,0.0,0.0,0.0,0.0,0.0,7,1,14.3,0.55,0.08,0.00,0.00,25.8,1215,1352,89.9,17591,4096,721,771,93.5,378,417,90.6,63,85,74.1,12,125,23,6,95,1212,139,11,2,7,39,128,0,1,30,2.35,30,2.35,27,2,1,0,0,0,5,0.39,5,0,0,0,0,0,34,20,13,15,6,14,33,42.4,19,14,3,11,20,54,19,1,12.8,1478,20,192,824,467,10,1478,13,5,38.5,8,61.5,942,3607,2039,47,59,1,7,5,1064,94,20000,1040000
Oliver Skipp,MF,Tottenham,17,8,2,220.0,2.4,0,0,0,0,0,0,0,0,0.1,0.1,0.0,0.1,0.00,0.00,0.00,0.00,0.03,0.01,0.03,0.04,0.0,0.0,0.0,0.0,0.0,0.0,0.0,0.0,0.0,0.0,0.0,0.0,0.0,0.0,0.0,0.0,0.0,0.0,0.0,0.0,0.0,0.0,0.0,0.0,2,0,0.0,0.82,0.00,0.00,,16.4,122,145,84.1,1960,441,63,75,84.0,46,48,95.8,9,11,81.8,1,10,0,0,8,140,5,3,0,0,0,2,0,0,2,0.82,2,0.82,2,0,0,0,0,0,0,0.00,0,0,0,0,0,0,7,3,4,3,0,4,6,66.7,2,2,1,1,1,8,7,0,2.4,173,9,43,105,25,1,173,2,2,100.0,0,0.0,99,400,163,2,0,0,2,2,119,3,1500,78000
Olivier Giroud,FW,Chelsea,31,27,7,847.0,9.4,2,4,6,2,0,0,1,0,4.6,4.6,2.2,6.8,0.21,0.43,0.64,0.21,0.49,0.23,0.49,0.72,0.0,0.0,0.0,0.0,0.0,0.0,0.0,0.0,0.0,0.0,0.0,0.0,0.0,0.0,0.0,0.0,0.0,0.0,0.0,0.0,0.0,0.0,0.0,0.0,32,10,31.3,3.40,1.06,0.06,0.20,11.4,178,263,67.7,1851,191,122,172,70.9,20,33,60.6,6,6,100.0,18,4,5,0,9,257,5,0,0,2,1,0,0,1,30,3.19,30,3.19,28,0,0,1,0,1,4,0.43,3,0,0,1,0,0,3,2,0,1,2,1,4,25.0,3,6,1,5,3,6,7,0,9.4,355,9,17,148,192,74,355,5,2,40.0,3,60.0,144,336,118,3,3,0,22,6,295,75,110000,5720000
Oriol Romeu,MF,Southampton,26,31,25,2136.0,23.7,1,0,1,1,0,0,11,0,0.9,0.9,1.0,1.9,0.04,0.00,0.04,0.04,0.04,0.04,0.04,0.08,0.0,0.0,0.0,0.0,0.0,0.0,0.0,0.0,0.0,0.0,0.0,0.0,0.0,0.0,0.0,0.0,0.0,0.0,0.0,0.0,0.0,0.0,0.0,0.0,10,4,40.0,0.42,0.17,0.10,0.25,21.7,878,1111,79.0,14496,4798,427,488,87.5,376,460,81.7,60,105,57.1,8,115,10,1,147,1096,12,7,1,7,3,3,0,3,31,1.31,31,1.31,25,0,0,6,0,0,3,0.13,2,0,0,1,0,0,81,46,39,38,4,32,77,41.6,45,43,17,26,52,133,44,1,23.7,1396,73,333,933,141,7,1396,23,17,73.9,6,26.1,636,3099,1554,19,18,0,19,15,732,10,65000,3380000
Oumar Niasse,FW,Everton,28,5,0,63.0,0.7,0,0,0,0,0,0,0,0,0.5,0.5,0.2,0.7,0.00,0.00,0.00,0.00,0.71,0.34,0.71,1.05,0.0,0.0,0.0,0.0,0.0,0.0,0.0,0.0,0.0,0.0,0.0,0.0,0.0,0.0,0.0,0.0,0.0,0.0,0.0,0.0,0.0,0.0,0.0,0.0,17,6,35.3,1.64,0.58,0.00,0.00,14.6,108,173,62.4,1401,297,65,86,75.6,25,38,65.8,5,8,62.5,5,7,2,0,16,168,3,0,0,1,4,0,0,2,21,2.03,21,2.03,12,0,5,2,2,0,0,0.00,0,0,0,0,0,0,12,3,1,5,6,4,8,50.0,4,7,0,7,2,14,7,0,10.3,346,8,23,164,166,36,346,36,20,55.6,16,44.4,209,1521,612,23,17,13,57,38,257,64,50000,2600000
Oumar Niasse,FW,Cardiff City,28,13,12,931.0,10.3,0,0,0,0,0,0,0,0,3.4,3.4,0.6,4.0,0.00,0.00,0.00,0.00,0.33,0.05,0.33,0.39,0.0,0.0,0.0,0.0,0.0,0.0,0.0,0.0,0.0,0.0,0.0,0.0,0.0,0.0,0.0,0.0,0.0,0.0,0.0,0.0,0.0,0.0,0.0,0.0,17,6,35.3,1.64,0.58,0.00,0.00,14.6,108,173,62.4,1401,297,65,86,75.6,25,38,65.8,5,8,62.5,5,7,2,0,16,168,3,0,0,1,4,0,0,2,21,2.03,21,2.03,12,0,5,2,2,0,0,0.00,0,0,0,0,0,0,12,3,1,5,6,4,8,50.0,4,7,0,7,2,14,7,0,10.3,346,8,23,164,166,36,346,36,20,55.6,16,44.4,209,1521,612,23,17,13,57,38,257,64,50000,2600000
Pablo Zabaleta,DF,West Ham,33,26,23,2092.0,23.2,0,1,1,0,0,0,4,0,0.2,0.2,1.0,1.2,0.00,0.04,0.04,0.00,0.01,0.04,0.01,0.05,0.0,0.0,0.0,0.0,0.0,0.0,0.0,0.0,0.0,0.0,0.0,0.0,0.0,0.0,0.0,0.0,0.0,0.0,0.0,0.0,0.0,0.0,0.0,0.0,7,1,14.3,0.30,0.04,0.00,0.00,24.0,852,1134,75.1,12421,4932,512,578,88.6,257,353,72.8,52,122,42.6,7,71,9,6,103,894,236,14,0,2,48,222,0,4,22,0.95,22,0.95,16,3,0,1,2,0,3,0.13,3,0,0,0,0,0,47,24,26,15,6,17,44,38.6,27,39,15,24,48,95,96,3,23.2,1426,116,392,677,369,32,1426,22,14,63.6,8,36.4,617,2506,1273,31,15,4,18,13,701,107,75000,3900000
Pape Souaré,DF,Crystal Palace,28,1,0,1.0,0.0,0,0,0,0,0,0,0,0,0.0,0.0,0.0,0.0,0.00,0.00,0.00,0.00,0.00,0.00,0.00,0.00,0.0,0.0,0.0,0.0,0.0,0.0,0.0,0.0,0.0,0.0,0.0,0.0,0.0,0.0,0.0,0.0,0.0,0.0,0.0,0.0,0.0,0.0,0.0,0.0,0,0,,0.00,0.00,,,,3,3,100.0,64,0,1,1,100.0,1,1,100.0,1,1,100.0,0,0,0,0,0,3,0,0,0,0,0,0,0,0,0,0.00,0,0.00,0,0,0,0,0,0,0,0.00,0,0,0,0,0,0,0,0,0,0,0,0,0,,0,0,0,0,1,1,0,0,0.0,4,0,0,4,0,0,4,0,0,,0,,3,13,2,0,0,0,0,0,3,0,30000,1560000
Pascal Groß,"MF,FW",Brighton,27,25,24,1864.0,20.7,3,3,6,2,1,2,1,0,4.4,2.8,5.5,8.4,0.14,0.14,0.29,0.10,0.21,0.27,0.14,0.40,0.0,0.0,0.0,0.0,0.0,0.0,0.0,0.0,0.0,0.0,0.0,0.0,0.0,0.0,0.0,0.0,0.0,0.0,0.0,0.0,0.0,0.0,0.0,0.0,22,7,31.8,1.06,0.34,0.09,0.29,18.0,661,965,68.5,12127,3940,323,379,85.2,206,292,70.5,105,225,46.7,54,87,28,15,110,821,134,50,2,25,142,3,61,10,85,4.10,85,4.10,46,30,3,3,3,0,6,0.29,1,2,0,2,1,0,27,12,12,12,3,11,36,30.6,25,20,8,12,13,40,23,0,20.7,1148,30,151,582,425,37,1147,7,4,57.1,3,42.9,600,2777,1311,26,29,4,34,21,738,106,50000,2600000
Patrick van Aanholt,DF,Crystal Palace,27,36,36,3195.0,35.5,3,2,5,3,0,0,3,0,2.6,2.6,4.4,7.0,0.08,0.06,0.14,0.08,0.07,0.12,0.07,0.20,0.0,0.0,0.0,0.0,0.0,0.0,0.0,0.0,0.0,0.0,0.0,0.0,0.0,0.0,0.0,0.0,0.0,0.0,0.0,0.0,0.0,0.0,0.0,0.0,45,11,24.4,1.27,0.31,0.07,0.27,20.7,1564,1971,79.4,24295,10061,874,995,87.8,551,687,80.2,101,194,52.1,35,117,52,4,212,1603,364,46,5,7,42,316,2,4,86,2.42,86,2.42,67,8,2,7,2,0,6,0.17,4,1,0,1,0,0,48,24,35,11,2,24,40,60.0,16,33,9,24,40,88,91,2,35.5,2300,123,666,1046,611,63,2300,42,22,52.4,20,47.6,1051,5415,3184,89,69,16,35,15,1335,106,55000,2860000
Paul Dummett,DF,Newcastle Utd,26,26,21,1990.0,22.1,0,0,0,0,0,0,1,0,0.3,0.3,0.7,1.0,0.00,0.00,0.00,0.00,0.01,0.03,0.01,0.04,0.0,0.0,0.0,0.0,0.0,0.0,0.0,0.0,0.0,0.0,0.0,0.0,0.0,0.0,0.0,0.0,0.0,0.0,0.0,0.0,0.0,0.0,0.0,0.0,9,1,11.1,0.41,0.05,0.00,0.00,22.1,625,903,69.2,10657,5191,302,363,83.2,234,333,70.3,64,157,40.8,4,53,14,6,68,773,128,15,0,4,32,112,1,2,26,1.18,26,1.18,21,3,0,2,0,0,1,0.05,1,0,0,0,0,0,34,22,24,9,1,19,32,59.4,13,25,11,14,37,71,133,0,22.1,1173,114,514,502,164,6,1173,3,2,66.7,1,33.3,404,1515,866,10,8,1,10,1,553,16,35000,1820000
Paul Pogba,MF,Manchester Utd,25,35,34,3006.0,33.4,13,9,22,6,7,10,6,0,15.0,7.1,4.7,11.8,0.39,0.27,0.66,0.18,0.45,0.14,0.21,0.35,0.0,0.0,0.0,0.0,0.0,0.0,0.0,0.0,0.0,0.0,0.0,0.0,0.0,0.0,0.0,0.0,0.0,0.0,0.0,0.0,0.0,0.0,0.0,0.0,95,39,41.1,2.84,1.17,0.06,0.15,22.9,1728,2129,81.2,29890,8747,811,899,90.2,598,725,82.5,214,308,69.5,54,212,59,2,295,2068,40,28,15,64,28,12,0,21,167,5.00,167,5.00,131,0,8,15,12,1,20,0.60,16,0,0,2,2,0,47,30,21,21,5,17,43,39.5,26,30,9,21,18,65,39,0,33.4,2535,48,307,1496,765,105,2525,92,60,65.2,32,34.8,1566,8359,4580,100,76,21,75,89,2087,205,290000,15080000
Paulo Gazzaniga,GK,Tottenham,26,3,3,270.0,3.0,0,0,0,0,0,0,0,0,0.0,0.0,0.0,0.0,0.00,0.00,0.00,0.00,0.00,0.00,0.00,0.00,0.67,13,11,84.6,1,33.3,4.3,0.33,15,44,34.1,82,13,29.3,29.3,26,76.9,54.7,42,2,4.8,2,0.67,13.1,0,0,,0.00,0.00,,,,74,108,68.5,1918,1278,18,20,90.0,35,35,100.0,21,53,39.6,0,0,0,0,0,77,31,5,0,0,0,0,0,0,0,0.00,0,0.00,0,0,0,0,0,0,0,0.00,0,0,0,0,0,0,0,0,0,0,0,0,0,,0,0,0,0,0,0,1,0,3.0,113,103,112,1,0,0,113,0,0,,0,,64,303,208,0,0,0,1,0,55,0,20000,1040000
Pedro,FW,Chelsea,31,31,21,1778.0,19.8,8,2,10,8,0,0,2,0,5.3,5.3,3.5,8.8,0.40,0.10,0.51,0.40,0.27,0.18,0.27,0.45,0.0,0.0,0.0,0.0,0.0,0.0,0.0,0.0,0.0,0.0,0.0,0.0,0.0,0.0,0.0,0.0,0.0,0.0,0.0,0.0,0.0,0.0,0.0,0.0,57,25,43.9,2.89,1.27,0.14,0.32,17.4,937,1138,82.3,12530,2392,586,650,90.2,235,295,79.7,48,81,59.3,28,47,31,8,94,1115,17,7,7,12,61,5,5,6,81,4.10,81,4.10,68,1,7,2,1,2,8,0.40,6,0,2,0,0,0,27,14,11,10,6,9,35,25.7,26,13,2,11,18,45,8,1,19.8,1328,21,152,511,675,101,1328,59,44,74.6,15,25.4,924,5465,2380,63,53,18,31,33,1139,202,99788,5189000
Pedro Obiang,MF,West Ham,26,24,12,1128.0,12.5,0,1,1,0,0,0,0,0,0.6,0.6,1.0,1.6,0.00,0.08,0.08,0.00,0.05,0.08,0.05,0.13,0.0,0.0,0.0,0.0,0.0,0.0,0.0,0.0,0.0,0.0,0.0,0.0,0.0,0.0,0.0,0.0,0.0,0.0,0.0,0.0,0.0,0.0,0.0,0.0,15,1,6.7,1.20,0.08,0.00,0.00,23.6,432,546,79.1,7320,2301,230,266,86.5,116,152,76.3,63,87,72.4,6,52,7,1,65,535,9,8,2,9,7,1,0,2,18,1.44,18,1.44,17,0,0,1,0,0,3,0.24,2,0,0,1,0,0,41,23,23,16,2,18,43,41.9,25,27,9,18,12,53,18,0,12.5,692,31,141,425,128,11,692,9,7,77.8,2,22.2,353,1393,524,11,9,3,13,5,445,22,55000,2860000
Peter Crouch,FW,Burnley,37,6,0,92.0,1.0,0,0,0,0,0,0,1,0,0.6,0.6,0.0,0.6,0.00,0.00,0.00,0.00,0.60,0.00,0.60,0.60,0.0,0.0,0.0,0.0,0.0,0.0,0.0,0.0,0.0,0.0,0.0,0.0,0.0,0.0,0.0,0.0,0.0,0.0,0.0,0.0,0.0,0.0,0.0,0.0,5,1,20.0,4.89,0.98,0.00,0.00,10.6,11,29,37.9,102,55,9,19,47.4,1,5,20.0,0,0,,0,1,2,0,4,28,0,0,0,0,0,0,0,1,3,2.93,3,2.93,2,0,0,1,0,0,0,0.00,0,0,0,0,0,0,1,1,0,1,0,1,1,100.0,0,0,0,0,0,1,2,0,1.0,42,2,3,12,27,18,42,0,0,,0,,10,11,4,0,0,0,3,0,34,12,15712,817000
Petr Čech,GK,Arsenal,36,7,7,584.0,6.5,0,0,0,0,0,0,0,0,0.0,0.0,0.0,0.0,0.00,0.00,0.00,0.00,0.00,0.00,0.00,0.00,1.38,37,28,75.7,1,14.3,9.2,0.26,32,93,34.4,217,46,28.6,31.7,53,58.5,46.5,104,6,5.8,8,1.23,12.9,0,0,,0.00,0.00,,,,198,270,73.3,5622,3871,22,23,95.7,117,120,97.5,59,127,46.5,0,0,0,0,0,193,77,24,0,1,0,0,0,0,0,0.00,0,0.00,0,0,0,0,0,0,0,0.00,0,0,0,0,0,0,1,1,1,0,0,1,1,100.0,0,0,0,0,0,1,5,2,6.5,294,257,293,1,0,0,294,0,0,,0,,146,786,529,0,0,0,0,0,132,0,110000,5720000
Phil Bardsley,DF,Burnley,33,19,19,1670.0,18.6,0,0,0,0,0,0,9,0,0.3,0.3,1.1,1.5,0.00,0.00,0.00,0.00,0.02,0.06,0.02,0.08,0.0,0.0,0.0,0.0,0.0,0.0,0.0,0.0,0.0,0.0,0.0,0.0,0.0,0.0,0.0,0.0,0.0,0.0,0.0,0.0,0.0,0.0,0.0,0.0,12,1,8.3,0.65,0.05,0.00,0.00,26.4,526,783,67.2,9000,4162,257,297,86.5,217,303,71.6,44,148,29.7,7,62,18,9,68,583,195,9,0,3,37,186,0,5,20,1.08,20,1.08,16,2,1,0,1,0,0,0.00,0,0,0,0,0,0,32,19,15,14,3,12,21,57.1,9,25,12,13,31,63,68,1,18.6,990,80,278,518,202,5,990,8,4,50.0,4,50.0,334,1842,885,19,21,2,9,6,405,23,25000,1300000
Phil Foden,MF,Manchester City,18,13,3,335.0,3.7,1,0,1,1,0,0,0,0,2.1,2.1,0.9,3.0,0.27,0.00,0.27,0.27,0.57,0.23,0.57,0.80,0.0,0.0,0.0,0.0,0.0,0.0,0.0,0.0,0.0,0.0,0.0,0.0,0.0,0.0,0.0,0.0,0.0,0.0,0.0,0.0,0.0,0.0,0.0,0.0,14,6,42.9,3.76,1.61,0.07,0.17,15.5,202,237,85.2,2403,413,113,127,89.0,52,58,89.7,7,9,77.8,8,14,7,1,18,232,4,0,3,1,4,1,3,1,16,4.29,16,4.29,11,0,3,0,2,0,1,0.27,1,0,0,0,0,0,7,6,1,3,3,2,9,22.2,7,1,0,1,4,11,1,0,3.7,279,1,16,134,132,27,279,11,8,72.7,3,27.3,208,1072,588,23,9,9,4,5,232,35,12000,624000
Phil Jagielka,DF,Everton,35,7,4,331.0,3.7,1,0,1,1,0,0,0,1,0.6,0.6,0.3,0.9,0.27,0.00,0.27,0.27,0.16,0.07,0.16,0.24,0.0,0.0,0.0,0.0,0.0,0.0,0.0,0.0,0.0,0.0,0.0,0.0,0.0,0.0,0.0,0.0,0.0,0.0,0.0,0.0,0.0,0.0,0.0,0.0,1,1,100.0,0.27,0.27,1.00,1.00,4.4,144,193,74.6,3066,918,35,49,71.4,87,97,89.7,18,42,42.9,2,4,0,0,6,182,11,10,0,1,0,1,0,0,1,0.27,1,0.27,1,0,0,0,0,0,0,0.00,0,0,0,0,0,0,7,5,3,4,0,1,4,25.0,3,1,0,1,2,9,14,0,3.7,225,23,114,104,7,6,225,0,0,,0,,99,430,198,0,0,0,2,0,124,0,50000,2600000
Phil Jones,DF,Manchester Utd,26,18,15,1263.0,14.0,0,1,1,0,0,0,1,0,0.4,0.4,0.5,1.0,0.00,0.07,0.07,0.00,0.03,0.04,0.03,0.07,0.0,0.0,0.0,0.0,0.0,0.0,0.0,0.0,0.0,0.0,0.0,0.0,0.0,0.0,0.0,0.0,0.0,0.0,0.0,0.0,0.0,0.0,0.0,0.0,5,2,40.0,0.36,0.14,0.00,0.00,17.2,702,760,92.4,13111,3972,238,255,93.3,366,390,93.8,80,91,87.9,3,19,2,0,35,741,19,14,0,2,1,5,0,0,4,0.29,4,0.29,3,0,0,1,0,0,0,0.00,0,0,0,0,0,0,19,13,12,7,0,8,13,61.5,5,16,11,5,23,42,67,3,14.0,913,92,481,407,27,6,913,3,3,100.0,0,0.0,469,2251,1243,11,8,1,9,2,570,2,75000,3900000
Philip Billing,MF,Huddersfield,22,27,25,2188.0,24.3,2,0,2,2,0,0,7,0,1.8,1.8,1.7,3.4,0.08,0.00,0.08,0.08,0.07,0.07,0.07,0.14,0.0,0.0,0.0,0.0,0.0,0.0,0.0,0.0,0.0,0.0,0.0,0.0,0.0,0.0,0.0,0.0,0.0,0.0,0.0,0.0,0.0,0.0,0.0,0.0,42,9,21.4,1.73,0.37,0.05,0.22,23.7,909,1261,72.1,16703,4691,408,489,83.4,330,455,72.5,136,236,57.6,22,69,16,9,101,1111,148,17,0,28,56,129,2,2,68,2.80,68,2.80,39,12,2,9,4,2,3,0.12,2,1,0,0,0,0,73,44,26,39,8,19,42,45.2,23,57,16,41,53,126,43,0,24.3,1633,64,362,791,505,32,1633,38,20,52.6,18,47.4,773,4685,2133,53,50,5,54,28,875,59,15000,780000
Pierre Højbjerg,MF,Southampton,22,31,31,2760.0,30.7,4,3,7,4,0,0,9,3,2.6,2.6,2.4,5.0,0.13,0.10,0.23,0.13,0.08,0.08,0.08,0.16,0.0,0.0,0.0,0.0,0.0,0.0,0.0,0.0,0.0,0.0,0.0,0.0,0.0,0.0,0.0,0.0,0.0,0.0,0.0,0.0,0.0,0.0,0.0,0.0,53,19,35.8,1.73,0.62,0.08,0.21,24.2,1503,1835,81.9,26339,6812,728,814,89.4,582,697,83.5,157,238,66.0,27,204,17,5,204,1760,73,40,7,28,29,11,2,2,80,2.61,80,2.61,61,1,3,5,6,4,8,0.26,7,0,1,0,0,0,71,49,20,44,7,24,73,32.9,49,51,8,43,60,131,30,1,30.7,2226,51,324,1504,432,41,2226,36,23,63.9,13,36.1,1179,6256,2797,43,44,12,56,46,1407,73,50000,2600000
Pierre-Emerick Aubameyang,FW,Arsenal,29,36,30,2726.0,30.3,22,5,27,18,4,5,0,0,22.5,18.5,4.2,22.7,0.73,0.17,0.89,0.59,0.74,0.14,0.61,0.75,0.0,0.0,0.0,0.0,0.0,0.0,0.0,0.0,0.0,0.0,0.0,0.0,0.0,0.0,0.0,0.0,0.0,0.0,0.0,0.0,0.0,0.0,0.0,0.0,89,34,38.2,2.94,1.12,0.20,0.53,14.2,524,744,70.4,5972,1550,353,430,82.1,94,153,61.4,13,27,48.1,33,30,33,4,70,701,37,0,3,1,43,3,0,6,60,1.98,60,1.98,42,0,7,5,5,1,11,0.36,6,0,1,2,2,0,21,17,6,9,6,8,28,28.6,20,26,0,26,8,29,22,0,30.3,1048,17,83,417,560,142,1043,55,29,52.7,26,47.3,609,3920,2078,82,45,30,61,33,816,228,180000,9360000
Rachid Ghezzal,"FW,MF",Leicester City,26,19,8,743.0,8.3,1,0,1,1,0,0,3,0,1.4,1.4,1.7,3.1,0.12,0.00,0.12,0.12,0.17,0.20,0.17,0.38,0.0,0.0,0.0,0.0,0.0,0.0,0.0,0.0,0.0,0.0,0.0,0.0,0.0,0.0,0.0,0.0,0.0,0.0,0.0,0.0,0.0,0.0,0.0,0.0,19,5,26.3,2.30,0.61,0.05,0.20,20.1,353,471,74.9,5333,1363,197,234,84.2,88,124,71.0,36,63,57.1,16,16,17,6,40,428,41,13,6,4,45,2,25,2,44,5.33,44,5.33,32,6,3,2,1,0,0,0.00,0,0,0,0,0,0,14,5,3,7,4,3,18,16.7,15,10,1,9,7,21,4,1,8.3,574,5,49,258,276,25,574,29,19,65.5,10,34.5,376,2209,1174,36,29,9,22,21,408,77,45000,2340000
Rafael Camacho,DF,Liverpool,18,1,0,1.0,0.0,0,0,0,0,0,0,0,0,0.0,0.0,0.0,0.0,0.00,0.00,0.00,0.00,0.00,0.00,0.00,0.00,0.0,0.0,0.0,0.0,0.0,0.0,0.0,0.0,0.0,0.0,0.0,0.0,0.0,0.0,0.0,0.0,0.0,0.0,0.0,0.0,0.0,0.0,0.0,0.0,0,0,,0.00,0.00,,,,0,0,,0,0,0,0,,0,0,,0,0,,0,0,0,0,0,0,0,0,0,0,0,0,0,0,0,0.00,0,0.00,0,0,0,0,0,0,0,0.00,0,0,0,0,0,0,1,0,1,0,0,1,1,100.0,0,0,0,0,0,1,0,0,0.0,1,1,1,0,0,0,1,0,0,,0,,0,0,0,0,0,0,0,0,0,0,769,40000
Raheem Sterling,FW,Manchester City,23,34,31,2771.0,30.8,17,9,26,17,0,0,3,0,13.7,13.7,9.6,23.3,0.55,0.29,0.84,0.55,0.44,0.31,0.44,0.76,0.0,0.0,0.0,0.0,0.0,0.0,0.0,0.0,0.0,0.0,0.0,0.0,0.0,0.0,0.0,0.0,0.0,0.0,0.0,0.0,0.0,0.0,0.0,0.0,77,38,49.4,2.50,1.23,0.22,0.45,13.9,1107,1355,81.7,12529,2624,751,826,90.9,211,284,74.3,22,56,39.3,66,27,54,5,87,1313,37,6,6,3,75,12,19,5,145,4.71,145,4.71,99,1,23,11,11,0,27,0.88,19,0,4,0,4,0,32,16,11,12,9,9,25,36.0,16,28,3,25,17,49,4,0,30.8,1748,7,77,554,1139,264,1748,152,82,53.9,70,46.1,1338,7800,4188,155,93,88,74,87,1438,436,150000,7800000
Rajiv van La Parra,"FW,MF",Huddersfield,27,5,5,405.0,4.5,0,0,0,0,0,0,0,0,0.2,0.2,0.1,0.3,0.00,0.00,0.00,0.00,0.05,0.02,0.05,0.07,0.0,0.0,0.0,0.0,0.0,0.0,0.0,0.0,0.0,0.0,0.0,0.0,0.0,0.0,0.0,0.0,0.0,0.0,0.0,0.0,0.0,0.0,0.0,0.0,5,0,0.0,1.11,0.00,0.00,,22.8,94,116,81.0,1402,203,55,61,90.2,28,34,82.4,8,11,72.7,4,6,1,0,7,109,6,2,1,0,6,4,0,1,8,1.78,8,1.78,6,1,0,0,1,0,0,0.00,0,0,0,0,0,0,8,5,1,7,0,1,6,16.7,5,0,0,0,4,12,3,1,4.5,176,4,19,88,74,9,176,17,7,41.2,10,58.8,124,1127,502,19,15,3,11,21,128,18,17500,910000
Ramadan Sobhi,"FW,MF",Huddersfield,21,4,0,79.0,0.9,0,0,0,0,0,0,0,0,0.0,0.0,0.2,0.2,0.00,0.00,0.00,0.00,0.00,0.22,0.00,0.22,0.0,0.0,0.0,0.0,0.0,0.0,0.0,0.0,0.0,0.0,0.0,0.0,0.0,0.0,0.0,0.0,0.0,0.0,0.0,0.0,0.0,0.0,0.0,0.0,0,0,,0.00,0.00,,,,39,50,78.0,423,131,28,31,90.3,6,11,54.5,0,2,0.0,3,0,3,1,6,46,4,0,1,0,3,4,0,0,5,5.70,5,5.70,5,0,0,0,0,0,0,0.00,0,0,0,0,0,0,1,1,0,1,0,0,0,,0,2,0,2,1,2,0,0,0.9,61,0,6,16,39,3,61,5,2,40.0,3,60.0,46,242,107,3,2,3,4,5,45,14,27000,1404000
Raúl Jiménez,FW,Wolves,27,38,36,3111.0,34.6,13,7,20,11,2,2,4,0,15.1,13.6,6.3,19.8,0.38,0.20,0.58,0.32,0.44,0.18,0.39,0.57,0.0,0.0,0.0,0.0,0.0,0.0,0.0,0.0,0.0,0.0,0.0,0.0,0.0,0.0,0.0,0.0,0.0,0.0,0.0,0.0,0.0,0.0,0.0,0.0,109,31,28.4,3.15,0.90,0.10,0.35,14.6,784,1097,71.5,10977,2009,429,536,80.0,213,293,72.7,54,90,60.0,42,48,30,5,82,1044,48,3,13,15,27,6,0,5,89,2.57,89,2.57,70,0,8,7,3,1,11,0.32,9,0,0,1,1,0,30,18,5,17,8,6,23,26.1,17,25,3,22,26,56,40,0,34.6,1528,44,158,772,618,171,1526,69,34,49.3,35,50.7,862,4728,1938,76,43,35,95,68,1118,236,41231,2144000
Rhys Healey,FW,Cardiff City,23,3,0,52.0,0.6,0,0,0,0,0,0,0,0,0.0,0.0,0.1,0.1,0.00,0.00,0.00,0.00,0.07,0.19,0.07,0.25,0.0,0.0,0.0,0.0,0.0,0.0,0.0,0.0,0.0,0.0,0.0,0.0,0.0,0.0,0.0,0.0,0.0,0.0,0.0,0.0,0.0,0.0,0.0,0.0,1,0,0.0,1.73,0.00,0.00,,20.4,4,14,28.6,83,58,2,5,40.0,1,4,25.0,1,3,33.3,1,0,0,0,0,10,4,0,0,0,3,4,0,0,4,6.92,4,6.92,2,2,0,0,0,0,0,0.00,0,0,0,0,0,0,1,0,0,1,0,0,1,0.0,1,0,0,0,0,1,0,0,0.6,21,0,3,2,16,2,21,2,1,50.0,1,50.0,11,77,15,2,0,1,3,2,12,7,3000,156000
Ricardo Pereira,"DF,FW",Leicester City,24,35,35,3123.0,34.7,2,6,8,2,0,0,7,0,1.2,1.2,5.2,6.4,0.06,0.17,0.23,0.06,0.04,0.15,0.04,0.18,0.0,0.0,0.0,0.0,0.0,0.0,0.0,0.0,0.0,0.0,0.0,0.0,0.0,0.0,0.0,0.0,0.0,0.0,0.0,0.0,0.0,0.0,0.0,0.0,25,9,36.0,0.72,0.26,0.08,0.22,20.2,1479,1953,75.7,22028,8123,840,970,86.6,515,703,73.3,75,149,50.3,33,106,32,11,170,1630,319,7,3,4,104,312,0,4,86,2.48,86,2.48,56,5,11,5,6,3,14,0.40,10,0,3,0,1,0,118,66,66,40,12,54,112,48.2,58,60,6,54,60,178,130,1,34.7,2494,104,648,1168,711,67,2494,110,68,61.8,42,38.2,1325,7058,4379,114,76,32,52,34,1395,150,70000,3640000
Richarlison,"FW,MF",Everton,21,35,32,2665.0,29.6,13,1,14,13,0,0,5,1,9.4,9.3,2.0,11.3,0.44,0.03,0.47,0.44,0.32,0.07,0.32,0.38,0.0,0.0,0.0,0.0,0.0,0.0,0.0,0.0,0.0,0.0,0.0,0.0,0.0,0.0,0.0,0.0,0.0,0.0,0.0,0.0,0.0,0.0,0.0,0.0,83,28,33.7,2.80,0.95,0.16,0.46,14.6,549,849,64.7,7504,1643,316,409,77.3,133,215,61.9,36,62,58.1,21,40,24,2,74,833,12,4,4,8,47,5,0,4,86,2.90,86,2.90,49,0,8,13,15,1,11,0.37,4,0,2,3,2,0,49,34,19,20,10,8,24,33.3,16,30,2,28,16,65,39,0,29.6,1307,37,157,492,680,147,1307,81,39,48.1,41,50.6,837,5310,2565,95,71,38,111,90,906,220,90000,4680000
Riyad Mahrez,"FW,MF",Manchester City,27,27,14,1343.0,14.9,7,4,11,7,0,1,0,0,5.5,4.7,4.6,9.3,0.47,0.27,0.74,0.47,0.37,0.31,0.32,0.62,0.0,0.0,0.0,0.0,0.0,0.0,0.0,0.0,0.0,0.0,0.0,0.0,0.0,0.0,0.0,0.0,0.0,0.0,0.0,0.0,0.0,0.0,0.0,0.0,53,25,47.2,3.55,1.68,0.13,0.28,17.4,700,884,79.2,11000,2183,371,414,89.6,230,288,79.9,58,101,57.4,24,28,44,9,73,815,67,11,11,10,73,11,44,2,57,3.82,57,3.82,34,6,6,7,3,1,9,0.60,6,1,1,1,0,0,14,7,3,7,4,6,18,33.3,12,18,1,17,9,23,3,1,14.9,1059,3,62,413,594,89,1058,40,25,62.5,15,37.5,819,5412,2505,87,48,47,28,27,811,191,200000,10400000
Rob Holding,DF,Arsenal,22,10,9,807.0,9.0,0,0,0,0,0,0,1,0,0.1,0.1,0.2,0.3,0.00,0.00,0.00,0.00,0.01,0.02,0.01,0.03,0.0,0.0,0.0,0.0,0.0,0.0,0.0,0.0,0.0,0.0,0.0,0.0,0.0,0.0,0.0,0.0,0.0,0.0,0.0,0.0,0.0,0.0,0.0,0.0,2,0,0.0,0.22,0.00,0.00,,20.1,540,618,87.4,9956,3547,220,244,90.2,256,281,91.1,53,77,68.8,2,18,2,0,29,603,15,12,0,12,1,3,0,0,3,0.33,3,0.33,3,0,0,0,0,0,0,0.00,0,0,0,0,0,0,11,7,9,2,0,2,8,25.0,6,9,7,2,12,23,40,0,9.0,710,73,365,327,20,4,710,5,3,60.0,2,40.0,453,2140,1188,4,5,0,4,2,512,2,25000,1300000
Robbie Brady,MF,Burnley,26,16,6,720.0,8.0,0,1,1,0,0,0,3,1,0.6,0.6,1.4,2.0,0.00,0.12,0.12,0.00,0.07,0.18,0.07,0.25,0.0,0.0,0.0,0.0,0.0,0.0,0.0,0.0,0.0,0.0,0.0,0.0,0.0,0.0,0.0,0.0,0.0,0.0,0.0,0.0,0.0,0.0,0.0,0.0,12,2,16.7,1.50,0.25,0.00,0.00,22.2,157,288,54.5,2587,972,88,113,77.9,43,76,56.6,19,68,27.9,13,19,10,4,19,240,43,16,1,3,53,7,20,5,25,3.12,25,3.12,15,6,1,0,2,1,1,0.12,0,1,0,0,0,0,15,7,5,5,5,6,17,35.3,11,7,1,6,7,22,18,1,8.0,378,18,73,157,154,11,378,13,7,53.8,6,46.2,158,1068,501,14,11,1,12,10,199,26,35000,1820000
Robert Snodgrass,MF,West Ham,30,33,25,2220.0,24.7,2,5,7,2,0,0,10,0,2.3,2.3,5.6,8.0,0.08,0.20,0.28,0.08,0.09,0.23,0.09,0.32,0.0,0.0,0.0,0.0,0.0,0.0,0.0,0.0,0.0,0.0,0.0,0.0,0.0,0.0,0.0,0.0,0.0,0.0,0.0,0.0,0.0,0.0,0.0,0.0,30,7,23.3,1.22,0.28,0.07,0.29,19.9,859,1150,74.7,13135,4021,415,475,87.4,270,353,76.5,83,174,47.7,59,67,30,7,117,985,160,38,9,4,170,6,115,5,103,4.18,103,4.18,50,42,2,6,3,0,12,0.49,9,3,0,0,0,0,44,27,18,24,2,13,46,28.3,33,24,4,20,11,55,23,0,24.7,1430,25,140,654,646,61,1430,61,33,54.1,28,45.9,782,4209,1821,72,41,18,60,44,973,148,40000,2080000
Roberto Firmino,"FW,MF",Liverpool,26,34,31,2607.0,29.0,12,6,18,11,1,1,0,0,13.6,12.8,5.5,18.3,0.41,0.21,0.62,0.38,0.47,0.19,0.44,0.63,0.0,0.0,0.0,0.0,0.0,0.0,0.0,0.0,0.0,0.0,0.0,0.0,0.0,0.0,0.0,0.0,0.0,0.0,0.0,0.0,0.0,0.0,0.0,0.0,74,32,43.2,2.55,1.10,0.15,0.34,15.3,1053,1314,80.1,13453,3698,625,742,84.2,292,352,83.0,29,46,63.0,43,92,51,1,148,1280,26,1,16,3,9,18,2,8,116,4.00,116,4.00,90,0,9,10,3,4,17,0.59,12,0,3,1,1,0,30,20,5,16,9,7,34,20.6,27,35,1,34,6,36,16,0,29.0,1629,19,89,788,764,149,1628,71,49,69.0,22,31.0,1079,5225,2391,62,54,13,78,62,1313,244,180000,9360000
Roberto Pereyra,MF,Watford,27,33,33,2815.0,31.3,6,1,7,6,0,0,3,0,5.4,5.4,3.2,8.6,0.19,0.03,0.22,0.19,0.17,0.10,0.17,0.28,0.0,0.0,0.0,0.0,0.0,0.0,0.0,0.0,0.0,0.0,0.0,0.0,0.0,0.0,0.0,0.0,0.0,0.0,0.0,0.0,0.0,0.0,0.0,0.0,57,21,36.8,1.82,0.67,0.11,0.29,17.5,962,1192,80.7,13806,3701,557,620,89.8,272,336,81.0,67,92,72.8,34,77,35,4,117,1098,85,24,3,9,40,22,17,9,84,2.69,84,2.69,62,5,7,3,7,0,8,0.26,4,1,2,0,1,0,21,12,10,10,1,7,24,29.2,17,26,0,26,24,45,27,2,31.3,1555,33,240,651,687,110,1555,88,41,46.6,47,53.4,1056,6320,3080,101,53,35,82,67,1066,188,45000,2340000
Romain Saïss,"MF,DF",Wolves,28,19,12,1149.0,12.8,2,0,2,2,0,0,7,0,1.4,1.4,0.6,2.0,0.16,0.00,0.16,0.16,0.11,0.05,0.11,0.16,0.0,0.0,0.0,0.0,0.0,0.0,0.0,0.0,0.0,0.0,0.0,0.0,0.0,0.0,0.0,0.0,0.0,0.0,0.0,0.0,0.0,0.0,0.0,0.0,11,5,45.5,0.86,0.39,0.18,0.40,18.5,578,760,76.1,10960,3717,209,253,82.6,272,335,81.2,73,120,60.8,4,51,3,2,66,726,31,20,0,11,9,11,0,3,13,1.02,13,1.02,12,0,0,0,1,0,0,0.00,0,0,0,0,0,0,39,26,23,14,2,20,37,54.1,17,25,12,13,26,65,61,0,12.8,940,83,335,547,65,11,940,7,5,71.4,2,28.6,384,1595,904,9,4,2,2,2,547,8,22000,1144000
Romelu Lukaku,FW,Manchester Utd,25,32,22,2136.0,23.7,12,0,12,12,0,0,4,0,10.5,10.5,2.2,12.7,0.51,0.00,0.51,0.51,0.44,0.09,0.44,0.54,0.0,0.0,0.0,0.0,0.0,0.0,0.0,0.0,0.0,0.0,0.0,0.0,0.0,0.0,0.0,0.0,0.0,0.0,0.0,0.0,0.0,0.0,0.0,0.0,55,32,58.2,2.32,1.35,0.22,0.38,11.3,359,581,61.8,4607,1012,203,285,71.2,82,153,53.6,20,44,45.5,21,30,23,3,55,549,31,0,5,5,46,0,0,1,56,2.36,56,2.36,47,0,3,5,1,0,7,0.29,6,0,0,0,1,0,8,4,0,6,2,2,10,20.0,8,12,1,11,2,10,19,0,23.7,780,24,43,329,410,116,780,40,21,52.5,19,47.5,432,2312,1029,44,19,22,51,46,627,200,180000,9360000
Ross Barkley,MF,Chelsea,24,27,13,1245.0,13.8,3,5,8,3,0,0,1,0,4.0,4.0,2.1,6.2,0.22,0.36,0.58,0.22,0.29,0.15,0.29,0.45,0.0,0.0,0.0,0.0,0.0,0.0,0.0,0.0,0.0,0.0,0.0,0.0,0.0,0.0,0.0,0.0,0.0,0.0,0.0,0.0,0.0,0.0,0.0,0.0,41,9,22.0,2.96,0.65,0.07,0.33,19.9,877,971,90.3,13357,2609,496,529,93.8,275,301,91.4,64,72,88.9,22,66,18,1,90,941,27,4,4,7,7,7,0,3,55,3.98,55,3.98,43,0,3,4,2,3,9,0.65,7,0,0,1,0,1,15,10,5,7,3,4,14,28.6,10,8,1,7,9,24,17,2,13.8,1121,24,135,657,339,38,1121,22,15,68.2,7,31.8,703,3329,1465,32,35,3,19,33,901,50,100000,5200000
Ruben Loftus-Cheek,"MF,FW",Chelsea,22,24,6,998.0,11.1,6,2,8,6,0,0,0,0,2.8,2.8,0.8,3.7,0.54,0.18,0.72,0.54,0.26,0.07,0.26,0.33,0.0,0.0,0.0,0.0,0.0,0.0,0.0,0.0,0.0,0.0,0.0,0.0,0.0,0.0,0.0,0.0,0.0,0.0,0.0,0.0,0.0,0.0,0.0,0.0,28,8,28.6,2.53,0.72,0.21,0.75,16.2,539,616,87.5,7014,1438,328,360,91.1,153,172,89.0,14,17,82.4,16,40,6,0,61,592,23,4,2,1,2,3,2,1,49,4.42,49,4.42,37,0,6,2,2,2,5,0.45,5,0,0,0,0,0,18,12,7,7,4,3,12,25.0,9,10,4,6,11,29,5,0,11.1,783,10,93,366,341,54,783,64,41,64.1,23,35.9,502,3122,1761,52,31,10,25,25,595,75,35000,1820000
Rui Patrício,GK,Wolves,30,37,37,3329.0,37.0,0,0,0,0,0,0,1,0,0.0,0.0,0.0,0.0,0.00,0.00,0.00,0.00,0.00,0.00,0.00,0.00,1.24,138,96,68.8,7,18.9,39.3,0.27,213,541,39.4,579,103,52.8,39.1,284,82.7,50.5,493,14,2.8,18,0.49,12.1,0,0,,0.00,0.00,,,,511,864,59.1,18307,15083,51,52,98.1,160,164,97.6,298,645,46.2,0,3,0,0,0,512,351,66,0,0,0,1,0,1,1,0.03,1,0.03,1,0,0,0,0,0,0,0.00,0,0,0,0,0,0,2,0,2,0,0,2,3,66.7,1,0,0,0,1,3,7,4,37.0,927,856,926,1,0,0,927,0,0,,0,,362,2421,1715,0,0,0,1,0,271,0,100000,5200000
Ryan Babel,"FW,MF",Fulham,31,16,15,1251.0,13.9,5,3,8,5,0,0,3,0,5.7,5.7,2.2,7.9,0.36,0.22,0.58,0.36,0.41,0.16,0.41,0.57,0.0,0.0,0.0,0.0,0.0,0.0,0.0,0.0,0.0,0.0,0.0,0.0,0.0,0.0,0.0,0.0,0.0,0.0,0.0,0.0,0.0,0.0,0.0,0.0,27,9,33.3,1.94,0.65,0.19,0.56,16.0,403,513,78.6,5974,1541,223,253,88.1,133,156,85.3,25,49,51.0,23,29,10,3,40,483,28,5,3,1,38,4,15,2,50,3.60,50,3.60,31,7,6,4,2,0,6,0.43,4,0,1,1,0,0,8,4,1,5,2,3,9,33.3,6,12,0,12,6,14,13,1,13.9,649,19,66,335,255,30,649,34,27,79.4,7,20.6,391,2802,1218,42,35,7,37,28,508,109,42827,2227000
Ryan Bennett,DF,Wolves,28,34,34,3060.0,34.0,1,0,1,1,0,0,12,0,1.3,1.3,1.0,2.2,0.03,0.00,0.03,0.03,0.04,0.03,0.04,0.07,0.0,0.0,0.0,0.0,0.0,0.0,0.0,0.0,0.0,0.0,0.0,0.0,0.0,0.0,0.0,0.0,0.0,0.0,0.0,0.0,0.0,0.0,0.0,0.0,15,4,26.7,0.44,0.12,0.07,0.25,12.5,1090,1405,77.6,20169,6041,418,479,87.3,511,603,84.7,129,264,48.9,9,100,2,0,92,1330,69,17,1,19,1,52,0,6,26,0.76,26,0.76,19,4,0,2,0,1,0,0.00,0,0,0,0,0,0,58,32,41,16,1,25,41,61.0,16,42,21,21,43,101,131,1,34.0,1733,177,704,916,122,24,1733,4,3,75.0,1,25.0,721,2960,1828,14,11,0,5,1,973,10,20000,1040000
Ryan Bertrand,DF,Southampton,28,24,24,2160.0,24.0,1,0,1,1,0,0,8,0,1.2,1.2,1.7,2.9,0.04,0.00,0.04,0.04,0.05,0.07,0.05,0.12,0.0,0.0,0.0,0.0,0.0,0.0,0.0,0.0,0.0,0.0,0.0,0.0,0.0,0.0,0.0,0.0,0.0,0.0,0.0,0.0,0.0,0.0,0.0,0.0,16,2,12.5,0.67,0.08,0.06,0.50,22.1,786,1087,72.3,11587,5107,476,544,87.5,249,343,72.6,42,122,34.4,22,68,26,9,94,814,267,23,2,4,93,214,30,6,53,2.21,53,2.21,36,11,0,1,4,1,6,0.25,4,2,0,0,0,0,46,27,22,20,4,16,31,51.6,15,27,5,22,28,74,51,0,24.0,1342,71,286,591,470,27,1342,20,6,30.0,14,70.0,517,2791,1445,49,34,8,30,7,661,102,70000,3640000
Ryan Fraser,"MF,FW",Bournemouth,24,38,35,3166.0,35.2,7,14,21,7,0,0,2,0,4.7,4.7,13.4,18.1,0.20,0.40,0.60,0.20,0.13,0.38,0.13,0.51,0.0,0.0,0.0,0.0,0.0,0.0,0.0,0.0,0.0,0.0,0.0,0.0,0.0,0.0,0.0,0.0,0.0,0.0,0.0,0.0,0.0,0.0,0.0,0.0,51,25,49.0,1.45,0.71,0.14,0.28,19.9,1013,1490,68.0,15976,5476,567,694,81.7,331,473,70.0,88,221,39.8,92,70,68,26,142,1268,215,57,6,8,271,17,116,7,149,4.24,149,4.24,90,43,8,4,4,0,21,0.60,11,8,2,0,0,0,19,11,9,8,2,10,32,31.3,22,23,6,17,22,41,33,0,35.2,1768,33,236,666,895,99,1768,53,24,45.3,29,54.7,1204,6539,3443,119,73,28,52,27,1243,279,30000,1560000
Ryan Fredericks,DF,West Ham,25,15,12,1086.0,12.1,1,0,1,1,0,0,5,0,0.5,0.5,0.5,1.0,0.08,0.00,0.08,0.08,0.04,0.04,0.04,0.09,0.0,0.0,0.0,0.0,0.0,0.0,0.0,0.0,0.0,0.0,0.0,0.0,0.0,0.0,0.0,0.0,0.0,0.0,0.0,0.0,0.0,0.0,0.0,0.0,5,2,40.0,0.41,0.17,0.20,0.50,19.2,391,558,70.1,5336,2238,251,296,84.8,99,159,62.3,21,56,37.5,3,19,7,5,31,451,106,5,0,1,20,101,0,1,14,1.16,14,1.16,8,2,2,1,1,0,1,0.08,0,0,1,0,0,0,38,23,33,5,0,21,32,65.6,11,15,5,10,13,51,49,1,12.1,704,68,234,314,158,15,704,21,12,57.1,9,42.9,281,1524,941,30,19,7,9,2,357,37,40000,2080000
Ryan Sessegnon,"FW,DF",Fulham,18,35,26,2300.0,25.6,2,6,8,2,0,0,0,0,4.0,4.0,3.8,7.8,0.08,0.23,0.31,0.08,0.16,0.15,0.16,0.31,0.0,0.0,0.0,0.0,0.0,0.0,0.0,0.0,0.0,0.0,0.0,0.0,0.0,0.0,0.0,0.0,0.0,0.0,0.0,0.0,0.0,0.0,0.0,0.0,28,11,39.3,1.10,0.43,0.07,0.18,14.9,567,820,69.1,8572,2961,312,379,82.3,205,290,70.7,28,79,35.4,33,31,12,1,57,716,101,8,5,1,66,64,27,3,73,2.86,73,2.86,46,11,9,3,3,1,8,0.31,6,1,1,0,0,0,22,14,8,8,6,6,22,27.3,16,25,2,23,19,41,49,1,25.6,1127,53,246,486,415,81,1127,68,32,47.1,36,52.9,541,3474,1849,57,34,18,69,51,671,193,8000,416000
Rúben Neves,MF,Wolves,21,35,34,3007.0,33.4,4,3,7,2,2,2,8,0,4.0,2.4,1.9,4.3,0.12,0.09,0.21,0.06,0.12,0.06,0.07,0.13,0.0,0.0,0.0,0.0,0.0,0.0,0.0,0.0,0.0,0.0,0.0,0.0,0.0,0.0,0.0,0.0,0.0,0.0,0.0,0.0,0.0,0.0,0.0,0.0,72,14,19.4,2.15,0.42,0.03,0.14,29.3,1583,1977,80.1,33441,9557,512,587,87.2,743,840,88.5,295,455,64.8,23,192,16,4,206,1893,75,71,11,61,26,2,2,9,67,2.01,67,2.01,59,1,1,6,0,0,9,0.27,9,0,0,0,0,0,75,32,33,36,6,27,83,32.5,56,57,18,39,73,148,46,3,33.4,2360,69,545,1534,299,3,2358,24,11,45.8,13,54.2,1235,4756,2551,15,27,0,27,28,1518,12,50000,2600000
Rúben Vinagre,"DF,MF",Wolves,19,17,7,710.0,7.9,0,0,0,0,0,0,1,0,0.5,0.5,0.8,1.2,0.00,0.00,0.00,0.00,0.06,0.10,0.06,0.16,0.0,0.0,0.0,0.0,0.0,0.0,0.0,0.0,0.0,0.0,0.0,0.0,0.0,0.0,0.0,0.0,0.0,0.0,0.0,0.0,0.0,0.0,0.0,0.0,4,3,75.0,0.51,0.38,0.00,0.00,20.9,296,420,70.5,4215,1552,182,214,85.0,89,133,66.9,14,34,41.2,6,19,9,6,22,336,81,0,1,0,52,79,2,3,21,2.66,21,2.66,14,2,1,1,3,0,1,0.13,1,0,0,0,0,0,14,9,7,7,0,2,5,40.0,3,10,2,8,14,28,16,1,7.9,516,18,124,228,170,11,516,20,13,65.0,6,30.0,247,2327,1311,45,22,8,18,12,293,63,30000,1560000
Sadio Mané,FW,Liverpool,26,36,35,3077.0,34.2,22,1,23,22,0,0,2,0,15.1,15.1,4.5,19.7,0.64,0.03,0.67,0.64,0.44,0.13,0.44,0.58,0.0,0.0,0.0,0.0,0.0,0.0,0.0,0.0,0.0,0.0,0.0,0.0,0.0,0.0,0.0,0.0,0.0,0.0,0.0,0.0,0.0,0.0,0.0,0.0,87,42,48.3,2.54,1.23,0.25,0.52,13.0,946,1243,76.1,13701,2984,546,644,84.8,276,358,77.1,60,94,63.8,45,79,49,6,129,1217,21,3,14,11,39,16,2,5,119,3.48,119,3.48,86,0,13,8,11,1,16,0.47,9,0,5,1,1,0,35,29,12,17,6,14,43,32.6,29,28,4,24,15,50,10,1,34.2,1641,17,130,664,869,190,1641,101,51,50.5,50,49.5,1231,7425,3515,121,87,48,104,48,1295,285,100000,5200000
Salomón Rondón,FW,Newcastle Utd,28,32,30,2603.0,28.9,11,7,18,11,0,0,1,0,10.4,10.4,3.0,13.4,0.38,0.24,0.62,0.38,0.36,0.10,0.36,0.46,0.0,0.0,0.0,0.0,0.0,0.0,0.0,0.0,0.0,0.0,0.0,0.0,0.0,0.0,0.0,0.0,0.0,0.0,0.0,0.0,0.0,0.0,0.0,0.0,89,27,30.3,3.08,0.93,0.12,0.41,15.8,521,756,68.9,6010,1323,334,441,75.7,99,155,63.9,16,28,57.1,32,40,17,3,46,736,16,0,4,3,14,3,0,4,73,2.52,73,2.52,61,0,2,7,2,1,11,0.38,7,0,0,4,0,0,8,3,2,4,2,4,24,16.7,20,14,3,11,5,13,39,0,28.9,1134,41,100,569,478,132,1134,46,18,39.1,27,58.7,539,2472,983,38,30,16,98,76,880,154,25000,1300000
Sam Gallagher,FW,Southampton,22,4,0,34.0,0.4,0,0,0,0,0,0,0,0,0.0,0.0,0.0,0.0,0.00,0.00,0.00,0.00,0.00,0.00,0.00,0.00,0.0,0.0,0.0,0.0,0.0,0.0,0.0,0.0,0.0,0.0,0.0,0.0,0.0,0.0,0.0,0.0,0.0,0.0,0.0,0.0,0.0,0.0,0.0,0.0,0,0,,0.00,0.00,,,,1,6,16.7,15,0,1,5,20.0,0,1,0.0,0,0,,0,0,0,0,0,6,0,0,0,0,0,0,0,0,0,0.00,0,0.00,0,0,0,0,0,0,0,0.00,0,0,0,0,0,0,0,0,0,0,0,0,0,,0,1,0,1,0,0,1,0,0.4,13,2,5,4,4,0,13,0,0,,0,,5,26,13,0,0,0,1,2,9,1,40000,2080000
Sam Surridge,"MF,FW",Bournemouth,20,2,0,13.0,0.1,0,0,0,0,0,0,0,0,0.3,0.3,0.0,0.4,0.00,0.00,0.00,0.00,2.40,0.29,2.40,2.69,0.0,0.0,0.0,0.0,0.0,0.0,0.0,0.0,0.0,0.0,0.0,0.0,0.0,0.0,0.0,0.0,0.0,0.0,0.0,0.0,0.0,0.0,0.0,0.0,2,1,50.0,13.85,6.92,0.00,0.00,13.3,3,5,60.0,36,0,1,2,50.0,1,1,100.0,0,0,,1,0,0,0,0,5,0,0,0,0,0,0,0,0,2,13.85,2,13.85,1,0,0,0,1,0,0,0.00,0,0,0,0,0,0,1,0,0,0,1,0,0,,0,0,0,0,0,1,0,0,0.1,8,0,0,1,7,3,8,0,0,,0,,7,23,7,0,0,0,0,0,7,3,1500,78000
Sam Vokes,FW,Burnley,28,20,10,915.0,10.2,3,0,3,3,0,0,0,0,2.4,2.4,1.3,3.6,0.30,0.00,0.30,0.30,0.23,0.12,0.23,0.36,0.0,0.0,0.0,0.0,0.0,0.0,0.0,0.0,0.0,0.0,0.0,0.0,0.0,0.0,0.0,0.0,0.0,0.0,0.0,0.0,0.0,0.0,0.0,0.0,22,7,31.8,2.16,0.69,0.14,0.43,11.8,136,271,50.2,1555,418,86,162,53.1,31,65,47.7,3,5,60.0,8,18,2,0,15,265,4,0,1,0,1,0,0,2,14,1.38,14,1.38,12,0,0,2,0,0,0,0.00,0,0,0,0,0,0,4,2,1,2,1,0,0,,0,2,1,1,0,4,17,0,10.2,375,23,29,185,162,40,375,3,3,100.0,0,0.0,127,509,94,3,3,2,28,13,314,55,25000,1300000
Samir Nasri,MF,West Ham,31,5,3,245.0,2.7,0,2,2,0,0,0,0,0,0.1,0.1,0.3,0.5,0.00,0.73,0.73,0.00,0.05,0.13,0.05,0.17,0.0,0.0,0.0,0.0,0.0,0.0,0.0,0.0,0.0,0.0,0.0,0.0,0.0,0.0,0.0,0.0,0.0,0.0,0.0,0.0,0.0,0.0,0.0,0.0,3,0,0.0,1.10,0.00,0.00,,21.0,140,160,87.5,1877,445,84,92,91.3,29,31,93.5,12,18,66.7,6,14,5,1,17,153,7,2,0,2,3,2,1,0,14,5.14,14,5.14,12,0,1,0,1,0,3,1.10,2,0,1,0,0,0,0,0,0,0,0,0,0,,0,1,0,1,1,1,1,0,2.7,175,1,10,90,76,8,175,4,2,50.0,2,50.0,119,678,321,9,5,2,0,0,142,10,36865,1917000
Scott Dann,DF,Crystal Palace,31,10,7,663.0,7.4,0,1,1,0,0,0,1,0,0.2,0.2,0.7,0.9,0.00,0.14,0.14,0.00,0.03,0.09,0.03,0.13,0.0,0.0,0.0,0.0,0.0,0.0,0.0,0.0,0.0,0.0,0.0,0.0,0.0,0.0,0.0,0.0,0.0,0.0,0.0,0.0,0.0,0.0,0.0,0.0,6,1,16.7,0.81,0.14,0.00,0.00,12.6,193,268,72.0,3640,1724,73,82,89.0,97,122,79.5,20,50,40.0,2,10,0,0,11,245,20,19,0,2,0,1,0,3,5,0.68,5,0.68,2,0,0,3,0,0,1,0.14,0,0,0,1,0,0,6,2,5,1,0,3,7,42.9,4,16,12,4,5,11,46,0,7.4,354,64,188,155,11,9,354,3,3,100.0,0,0.0,131,677,510,3,0,0,1,1,161,0,60000,3120000
Scott McTominay,"MF,DF",Manchester Utd,21,16,9,867.0,9.6,2,0,2,2,0,0,1,0,1.5,1.5,0.0,1.5,0.21,0.00,0.21,0.21,0.15,0.00,0.15,0.16,0.0,0.0,0.0,0.0,0.0,0.0,0.0,0.0,0.0,0.0,0.0,0.0,0.0,0.0,0.0,0.0,0.0,0.0,0.0,0.0,0.0,0.0,0.0,0.0,15,6,40.0,1.56,0.62,0.13,0.33,17.7,376,456,82.5,6182,1781,175,200,87.5,154,175,88.0,28,48,58.3,1,27,1,0,34,446,7,4,1,6,2,2,0,3,8,0.83,8,0.83,5,0,1,1,1,0,0,0.00,0,0,0,0,0,0,10,9,3,6,1,4,10,40.0,6,9,4,5,15,25,16,0,9.6,555,33,117,375,67,16,555,4,1,25.0,3,75.0,303,1821,906,8,3,2,14,7,385,12,10000,520000
Sead Kolašinac,"DF,MF",Arsenal,25,24,22,1887.0,21.0,0,5,5,0,0,0,5,0,0.4,0.4,6.0,6.3,0.00,0.24,0.24,0.00,0.02,0.28,0.02,0.30,0.0,0.0,0.0,0.0,0.0,0.0,0.0,0.0,0.0,0.0,0.0,0.0,0.0,0.0,0.0,0.0,0.0,0.0,0.0,0.0,0.0,0.0,0.0,0.0,9,2,22.2,0.43,0.10,0.00,0.00,17.5,951,1229,77.4,13166,4258,568,649,87.5,290,371,78.2,40,77,51.9,31,44,25,9,76,1008,216,11,3,4,51,202,3,5,49,2.34,49,2.34,42,1,4,0,1,1,10,0.48,9,0,0,0,1,0,34,21,21,7,6,20,34,58.8,14,12,3,9,20,54,28,3,21.0,1416,40,330,602,492,79,1416,24,13,54.2,11,45.8,658,3388,2102,74,38,24,31,17,862,179,100000,5200000
Sean Longstaff,MF,Newcastle Utd,20,9,8,687.0,7.6,1,0,1,1,0,0,2,0,0.7,0.7,0.5,1.2,0.13,0.00,0.13,0.13,0.09,0.07,0.09,0.16,0.0,0.0,0.0,0.0,0.0,0.0,0.0,0.0,0.0,0.0,0.0,0.0,0.0,0.0,0.0,0.0,0.0,0.0,0.0,0.0,0.0,0.0,0.0,0.0,8,2,25.0,1.05,0.26,0.13,0.50,23.6,239,297,80.5,4621,1139,104,123,84.6,92,100,92.0,37,59,62.7,5,33,6,2,28,293,3,2,0,9,3,0,0,1,13,1.70,13,1.70,10,0,2,0,1,0,2,0.26,1,0,0,0,1,0,17,13,6,11,0,9,24,37.5,15,19,4,15,10,27,7,0,7.6,375,12,73,257,46,3,375,6,5,83.3,1,16.7,158,776,270,2,2,0,4,6,197,6,692,36000
Sean Morrison,DF,Cardiff City,27,34,34,3039.0,33.8,1,3,4,1,0,0,6,0,5.0,5.0,3.7,8.7,0.03,0.09,0.12,0.03,0.15,0.11,0.15,0.26,0.0,0.0,0.0,0.0,0.0,0.0,0.0,0.0,0.0,0.0,0.0,0.0,0.0,0.0,0.0,0.0,0.0,0.0,0.0,0.0,0.0,0.0,0.0,0.0,34,8,23.5,1.01,0.24,0.03,0.13,9.7,528,911,58.0,10708,5515,167,261,64.0,262,364,72.0,83,239,34.7,22,37,7,0,49,735,174,7,0,6,5,167,0,2,34,1.01,34,1.01,26,4,0,4,0,0,4,0.12,3,0,0,1,0,0,35,17,29,4,2,15,28,53.6,13,47,30,17,52,87,204,5,33.8,1341,228,719,430,205,127,1341,8,8,100.0,0,0.0,276,1582,750,7,7,1,13,9,363,16,25000,1300000
Sebastian Prödl,DF,Watford,31,1,0,13.0,0.1,0,0,0,0,0,0,0,0,0.0,0.0,0.0,0.0,0.00,0.00,0.00,0.00,0.00,0.00,0.00,0.00,0.0,0.0,0.0,0.0,0.0,0.0,0.0,0.0,0.0,0.0,0.0,0.0,0.0,0.0,0.0,0.0,0.0,0.0,0.0,0.0,0.0,0.0,0.0,0.0,0,0,,0.00,0.00,,,,3,3,100.0,52,8,1,1,100.0,2,2,100.0,0,0,,0,0,0,0,0,3,0,0,0,0,0,0,0,0,0,0.00,0,0.00,0,0,0,0,0,0,0,0.00,0,0,0,0,0,0,0,0,0,0,0,0,0,,0,0,0,0,0,0,0,0,0.1,3,0,2,1,0,0,3,0,0,,0,,3,17,1,0,0,0,0,0,3,0,45000,2340000
Serge Aurier,DF,Tottenham,25,8,6,564.0,6.3,0,2,2,0,0,0,1,0,0.1,0.1,1.0,1.1,0.00,0.32,0.32,0.00,0.02,0.16,0.02,0.18,0.0,0.0,0.0,0.0,0.0,0.0,0.0,0.0,0.0,0.0,0.0,0.0,0.0,0.0,0.0,0.0,0.0,0.0,0.0,0.0,0.0,0.0,0.0,0.0,4,1,25.0,0.64,0.16,0.00,0.00,17.1,253,348,72.7,3681,1497,132,153,86.3,89,128,69.5,11,24,45.8,6,14,9,6,26,289,59,4,0,1,24,55,0,0,12,1.91,12,1.91,9,1,1,0,0,1,3,0.48,3,0,0,0,0,0,20,12,12,4,4,8,15,53.3,7,8,2,6,7,27,20,0,6.3,432,22,122,176,137,9,432,14,8,57.1,6,42.9,203,794,434,11,11,0,12,7,231,29,70000,3640000
Sergio Agüero,FW,Manchester City,30,33,31,2459.0,27.3,21,8,29,19,2,2,4,0,18.1,16.5,5.0,21.5,0.77,0.29,1.06,0.70,0.66,0.18,0.60,0.79,0.0,0.0,0.0,0.0,0.0,0.0,0.0,0.0,0.0,0.0,0.0,0.0,0.0,0.0,0.0,0.0,0.0,0.0,0.0,0.0,0.0,0.0,0.0,0.0,116,41,35.3,4.25,1.50,0.16,0.46,15.0,661,796,83.0,7735,1420,415,466,89.1,151,176,85.8,12,24,50.0,34,40,40,0,76,740,52,1,6,1,13,8,1,4,91,3.33,91,3.33,60,1,11,10,7,2,19,0.70,14,0,2,2,1,0,17,9,1,10,6,5,9,55.6,4,15,1,14,9,26,3,0,27.3,1119,4,22,384,724,200,1117,73,45,61.6,28,38.4,824,4572,1987,81,60,35,74,54,896,253,230135,11967000
Sergio Rico,GK,Fulham,24,29,29,2610.0,29.0,0,0,0,0,0,0,1,0,0.0,0.0,0.1,0.1,0.00,0.00,0.00,0.00,0.00,0.00,0.00,0.00,1.93,165,111,68.5,5,17.2,50.6,0.29,252,606,41.6,611,91,61.4,41.9,275,84.0,55.6,471,6,1.3,28,0.97,14.3,0,0,,0.00,0.00,,,,517,889,58.2,19857,17992,53,54,98.1,179,182,98.4,284,649,43.8,2,12,1,0,0,549,337,62,0,0,0,0,0,3,6,0.21,6,0.21,4,2,0,0,0,0,0,0.00,0,0,0,0,0,0,1,1,1,0,0,1,1,100.0,0,0,0,0,1,2,13,5,29.0,980,869,979,1,0,0,980,0,0,,0,,385,2425,1533,0,0,0,1,0,350,0,44885,2334000
Shane Duffy,DF,Brighton,26,35,35,3087.0,34.3,5,1,6,5,0,0,4,1,3.1,3.1,0.3,3.4,0.15,0.03,0.17,0.15,0.09,0.01,0.09,0.10,0.0,0.0,0.0,0.0,0.0,0.0,0.0,0.0,0.0,0.0,0.0,0.0,0.0,0.0,0.0,0.0,0.0,0.0,0.0,0.0,0.0,0.0,0.0,0.0,37,14,37.8,1.08,0.41,0.14,0.36,10.6,987,1318,74.9,21295,7903,280,341,82.1,509,606,84.0,172,316,54.4,7,41,3,1,35,1281,31,26,0,18,2,5,0,6,24,0.70,24,0.70,18,1,0,2,2,1,3,0.09,2,0,0,0,1,0,35,20,23,7,5,14,25,56.0,11,57,47,10,36,71,244,3,34.3,1775,359,1039,635,110,74,1775,5,5,100.0,0,0.0,734,3061,1423,1,4,0,17,2,919,11,40000,2080000
Shane Long,"FW,MF",Southampton,31,26,12,1272.0,14.1,5,1,6,5,0,0,3,0,4.6,4.6,1.6,6.2,0.35,0.07,0.42,0.35,0.33,0.11,0.33,0.44,0.0,0.0,0.0,0.0,0.0,0.0,0.0,0.0,0.0,0.0,0.0,0.0,0.0,0.0,0.0,0.0,0.0,0.0,0.0,0.0,0.0,0.0,0.0,0.0,30,10,33.3,2.12,0.71,0.17,0.50,14.5,198,321,61.7,2491,510,133,192,69.3,51,86,59.3,5,18,27.8,12,14,5,1,18,311,8,0,0,1,14,0,0,2,30,2.12,30,2.12,20,0,1,4,3,2,3,0.21,1,0,0,0,1,1,15,8,4,5,6,3,16,18.8,13,10,1,9,7,22,18,0,14.1,509,19,36,214,262,60,509,12,4,33.3,8,66.7,241,970,376,13,10,7,51,23,397,98,60000,3120000
Shinji Okazaki,"MF,FW",Leicester City,32,21,1,288.0,3.2,0,1,1,0,0,0,0,0,0.6,0.6,0.1,0.7,0.00,0.31,0.31,0.00,0.17,0.03,0.17,0.20,0.0,0.0,0.0,0.0,0.0,0.0,0.0,0.0,0.0,0.0,0.0,0.0,0.0,0.0,0.0,0.0,0.0,0.0,0.0,0.0,0.0,0.0,0.0,0.0,5,4,80.0,1.56,1.25,0.00,0.00,16.0,70,96,72.9,750,170,48,58,82.8,8,14,57.1,3,6,50.0,1,2,1,0,7,94,0,0,1,0,0,0,0,2,11,3.44,11,3.44,10,0,0,1,0,0,1,0.31,1,0,0,0,0,0,5,5,2,3,0,0,1,0.0,1,7,1,6,2,7,1,0,3.2,156,0,12,73,71,18,156,11,2,18.2,9,81.8,95,279,49,0,2,0,18,7,115,26,35000,1820000
Shkodran Mustafi,DF,Arsenal,26,31,31,2611.0,29.0,2,0,2,2,0,0,9,0,1.5,1.5,0.6,2.1,0.07,0.00,0.07,0.07,0.05,0.02,0.05,0.07,0.0,0.0,0.0,0.0,0.0,0.0,0.0,0.0,0.0,0.0,0.0,0.0,0.0,0.0,0.0,0.0,0.0,0.0,0.0,0.0,0.0,0.0,0.0,0.0,18,8,44.4,0.62,0.28,0.11,0.25,10.3,1465,1810,80.9,28736,9830,498,563,88.5,773,891,86.8,176,302,58.3,6,113,9,1,118,1724,81,52,4,12,11,29,0,5,12,0.41,12,0.41,10,0,0,2,0,0,1,0.03,1,0,0,0,0,0,62,45,42,17,3,31,40,77.5,9,34,17,17,58,120,168,1,29.0,2167,221,1036,1034,108,39,2167,13,8,61.5,5,38.5,1165,6428,3860,26,22,3,13,6,1379,12,90000,4680000
Simon Francis,DF,Bournemouth,33,17,13,1229.0,13.7,0,2,2,0,0,0,1,0,0.1,0.1,0.6,0.8,0.00,0.15,0.15,0.00,0.01,0.05,0.01,0.06,0.0,0.0,0.0,0.0,0.0,0.0,0.0,0.0,0.0,0.0,0.0,0.0,0.0,0.0,0.0,0.0,0.0,0.0,0.0,0.0,0.0,0.0,0.0,0.0,3,1,33.3,0.22,0.07,0.00,0.00,27.2,590,812,72.7,9688,4606,314,371,84.6,211,280,75.4,53,114,46.5,10,53,14,8,69,673,136,12,0,3,32,123,1,3,26,1.90,26,1.90,24,1,1,0,0,0,4,0.29,3,0,1,0,0,0,25,14,19,5,1,12,24,50.0,12,15,7,8,19,44,73,1,13.7,977,88,356,437,191,11,977,9,5,55.6,4,44.4,507,2187,1077,18,14,0,14,7,540,35,30000,1560000
Sokratis Papastathopoulos,DF,Arsenal,30,25,25,2198.0,24.4,1,2,3,1,0,0,12,0,0.8,0.8,0.7,1.5,0.04,0.08,0.12,0.04,0.03,0.03,0.03,0.06,0.0,0.0,0.0,0.0,0.0,0.0,0.0,0.0,0.0,0.0,0.0,0.0,0.0,0.0,0.0,0.0,0.0,0.0,0.0,0.0,0.0,0.0,0.0,0.0,11,1,9.1,0.45,0.04,0.09,1.00,11.0,1244,1395,89.2,24420,8125,444,467,95.1,615,666,92.3,170,234,72.6,5,32,3,0,43,1343,48,44,1,13,0,4,0,4,13,0.53,13,0.53,11,0,1,0,1,0,2,0.08,2,0,0,0,0,0,42,25,30,11,1,15,28,53.6,13,34,17,17,26,68,112,1,24.4,1649,170,897,729,34,14,1649,6,6,100.0,0,0.0,893,4488,2428,14,8,2,8,5,1152,3,100000,5200000
Sol Bamba,DF,Cardiff City,33,28,28,2474.0,27.5,4,1,5,4,0,0,7,0,4.0,4.0,0.2,4.1,0.15,0.04,0.18,0.15,0.14,0.01,0.14,0.15,0.0,0.0,0.0,0.0,0.0,0.0,0.0,0.0,0.0,0.0,0.0,0.0,0.0,0.0,0.0,0.0,0.0,0.0,0.0,0.0,0.0,0.0,0.0,0.0,22,7,31.8,0.80,0.25,0.18,0.57,9.7,385,559,68.9,7809,3222,120,160,75.0,193,244,79.1,64,115,55.7,4,44,2,0,48,541,15,10,1,1,1,5,0,3,18,0.65,18,0.65,10,1,1,5,1,0,2,0.07,2,0,0,0,0,0,74,42,44,30,0,31,55,56.4,24,72,32,40,82,156,181,3,27.5,1016,195,567,418,49,28,1016,20,14,70.0,6,30.0,289,1565,702,6,5,0,20,11,245,2,14000,728000
Solly March,"FW,MF",Brighton,24,35,30,2463.0,27.4,1,5,6,1,0,0,1,0,2.5,2.5,4.3,6.8,0.04,0.18,0.22,0.04,0.09,0.16,0.09,0.25,0.0,0.0,0.0,0.0,0.0,0.0,0.0,0.0,0.0,0.0,0.0,0.0,0.0,0.0,0.0,0.0,0.0,0.0,0.0,0.0,0.0,0.0,0.0,0.0,43,9,20.9,1.57,0.33,0.02,0.11,21.4,598,938,63.8,10248,2627,323,395,81.8,184,279,65.9,72,154,46.8,41,35,38,19,60,845,84,24,1,12,152,21,38,9,85,3.10,85,3.10,46,11,15,6,6,1,8,0.29,5,1,0,0,2,0,56,24,27,16,13,19,45,42.2,26,34,4,30,27,83,44,0,27.4,1281,42,241,444,611,47,1281,84,49,58.3,35,41.7,742,4583,2040,65,34,18,46,41,794,208,30000,1560000
Son Heung-min,"FW,MF",Tottenham,26,31,23,2039.0,22.7,12,6,18,12,0,0,2,1,7.5,7.5,3.6,11.1,0.53,0.26,0.79,0.53,0.33,0.16,0.33,0.49,0.0,0.0,0.0,0.0,0.0,0.0,0.0,0.0,0.0,0.0,0.0,0.0,0.0,0.0,0.0,0.0,0.0,0.0,0.0,0.0,0.0,0.0,0.0,0.0,74,29,39.2,3.27,1.28,0.16,0.41,19.3,655,785,83.4,8455,1570,446,494,90.3,158,186,84.9,19,28,67.9,33,30,30,3,81,759,22,6,5,5,25,4,5,4,92,4.06,92,4.06,66,3,15,4,4,0,12,0.53,7,0,2,1,2,0,23,12,7,12,4,10,34,29.4,24,26,2,24,8,31,4,1,22.7,1076,7,74,405,611,118,1076,84,48,57.1,36,42.9,770,5278,2549,105,64,59,60,43,841,201,95000,4940000
Stefan Johansen,MF,Fulham,27,12,4,417.0,4.6,0,0,0,0,0,0,4,0,0.1,0.1,0.1,0.1,0.00,0.00,0.00,0.00,0.01,0.01,0.01,0.02,0.0,0.0,0.0,0.0,0.0,0.0,0.0,0.0,0.0,0.0,0.0,0.0,0.0,0.0,0.0,0.0,0.0,0.0,0.0,0.0,0.0,0.0,0.0,0.0,1,0,0.0,0.22,0.00,0.00,,33.2,202,261,77.4,3240,1190,116,134,86.6,59,74,79.7,20,34,58.8,1,25,3,1,36,246,14,10,0,2,9,1,2,1,4,0.86,4,0.86,4,0,0,0,0,0,1,0.22,1,0,0,0,0,0,11,3,4,7,0,5,8,62.5,3,5,0,5,3,14,6,0,4.6,299,11,54,189,58,3,299,3,2,66.7,1,33.3,135,758,272,3,3,0,7,2,196,15,10000,520000
Stefano Okaka,"FW,MF",Watford,28,2,0,24.0,0.3,0,0,0,0,0,0,1,0,0.5,0.5,0.1,0.6,0.00,0.00,0.00,0.00,2.01,0.41,2.01,2.42,0.0,0.0,0.0,0.0,0.0,0.0,0.0,0.0,0.0,0.0,0.0,0.0,0.0,0.0,0.0,0.0,0.0,0.0,0.0,0.0,0.0,0.0,0.0,0.0,2,0,0.0,7.50,0.00,0.00,,12.7,10,14,71.4,124,20,6,6,100.0,3,6,50.0,0,1,0.0,2,1,1,0,1,12,2,0,0,0,0,0,0,0,2,7.50,2,7.50,2,0,0,0,0,0,0,0.00,0,0,0,0,0,0,0,0,0,0,0,0,0,,0,1,0,1,0,0,0,0,0.3,20,0,0,7,13,4,20,2,1,50.0,1,50.0,14,50,14,1,0,0,1,1,15,7,35000,1820000
Stephan Lichtsteiner,DF,Arsenal,34,14,10,938.0,10.4,0,0,0,0,0,0,3,0,0.0,0.0,0.1,0.1,0.00,0.00,0.00,0.00,0.00,0.01,0.00,0.01,0.0,0.0,0.0,0.0,0.0,0.0,0.0,0.0,0.0,0.0,0.0,0.0,0.0,0.0,0.0,0.0,0.0,0.0,0.0,0.0,0.0,0.0,0.0,0.0,1,0,0.0,0.10,0.00,0.00,,29.8,451,596,75.7,6967,2141,232,259,89.6,182,230,79.1,25,57,43.9,3,25,6,1,32,503,92,7,0,1,30,85,0,1,7,0.67,7,0.67,4,1,0,0,1,1,1,0.10,1,0,0,0,0,0,15,9,5,4,6,9,16,56.3,7,11,4,7,9,24,25,1,10.4,687,28,208,313,169,11,687,7,4,57.1,3,42.9,326,1770,978,24,20,1,13,13,435,48,75000,3900000
Stephen Ward,DF,Burnley,32,3,3,228.0,2.5,0,0,0,0,0,0,1,0,0.1,0.1,0.0,0.1,0.00,0.00,0.00,0.00,0.02,0.02,0.02,0.04,0.0,0.0,0.0,0.0,0.0,0.0,0.0,0.0,0.0,0.0,0.0,0.0,0.0,0.0,0.0,0.0,0.0,0.0,0.0,0.0,0.0,0.0,0.0,0.0,1,1,100.0,0.39,0.39,0.00,0.00,14.7,105,146,71.9,1641,682,58,65,89.2,37,49,75.5,8,24,33.3,1,6,2,0,10,120,26,1,0,0,8,25,0,0,3,1.18,3,1.18,3,0,0,0,0,0,0,0.00,0,0,0,0,0,0,4,2,1,2,1,1,4,25.0,3,3,1,2,4,8,14,0,2.5,170,12,49,80,42,2,170,3,2,66.7,1,33.3,70,386,234,8,5,1,0,0,94,5,28000,1456000
Steve Cook,DF,Bournemouth,27,31,31,2786.0,31.0,1,1,2,1,0,0,3,0,1.3,1.3,0.9,2.2,0.03,0.03,0.06,0.03,0.04,0.03,0.04,0.07,0.0,0.0,0.0,0.0,0.0,0.0,0.0,0.0,0.0,0.0,0.0,0.0,0.0,0.0,0.0,0.0,0.0,0.0,0.0,0.0,0.0,0.0,0.0,0.0,21,9,42.9,0.68,0.29,0.05,0.11,16.5,1243,1610,77.2,25493,10420,359,416,86.3,712,846,84.2,163,317,51.4,11,85,7,2,106,1447,157,64,0,15,11,93,0,6,29,0.94,29,0.94,18,6,1,2,1,1,2,0.06,1,0,0,1,0,0,36,19,31,5,0,20,27,74.1,7,36,21,15,50,86,202,1,31.0,1985,242,984,865,148,33,1985,7,5,71.4,2,28.6,1068,5606,3433,25,19,2,5,0,1089,10,45000,2340000
Steve Mounié,FW,Huddersfield,23,31,19,1778.0,19.8,2,3,5,2,0,0,1,1,5.8,5.8,1.9,7.7,0.10,0.15,0.25,0.10,0.30,0.09,0.30,0.39,0.0,0.0,0.0,0.0,0.0,0.0,0.0,0.0,0.0,0.0,0.0,0.0,0.0,0.0,0.0,0.0,0.0,0.0,0.0,0.0,0.0,0.0,0.0,0.0,61,23,37.7,3.09,1.16,0.03,0.09,14.8,361,571,63.2,4655,836,234,341,68.6,103,154,66.9,8,18,44.4,18,32,3,0,34,538,30,1,0,0,9,1,0,3,33,1.67,33,1.67,27,0,0,5,1,0,4,0.20,3,0,0,0,1,0,9,6,3,4,2,2,12,16.7,10,10,1,9,5,14,15,0,19.8,798,16,53,425,326,114,798,20,13,65.0,7,35.0,360,2041,685,22,22,9,61,36,624,94,35000,1820000
Steven Davis,MF,Southampton,33,3,1,98.0,1.1,0,1,1,0,0,0,0,0,0.0,0.0,0.5,0.5,0.00,0.92,0.92,0.00,0.00,0.44,0.00,0.44,0.0,0.0,0.0,0.0,0.0,0.0,0.0,0.0,0.0,0.0,0.0,0.0,0.0,0.0,0.0,0.0,0.0,0.0,0.0,0.0,0.0,0.0,0.0,0.0,0,0,,0.00,0.00,,,,65,69,94.2,1214,435,30,32,93.8,25,26,96.2,9,10,90.0,3,11,3,1,7,69,0,0,1,0,1,0,0,0,8,7.35,8,7.35,8,0,0,0,0,0,1,0.92,1,0,0,0,0,0,2,2,0,2,0,0,0,,0,2,0,2,1,3,5,0,1.1,81,3,16,57,8,1,81,0,0,,0,,45,227,90,1,1,0,1,0,52,1,60000,3120000
Steven Defour,MF,Burnley,30,6,6,448.0,5.0,0,0,0,0,0,0,0,0,0.0,0.0,0.1,0.1,0.00,0.00,0.00,0.00,0.00,0.01,0.00,0.01,0.0,0.0,0.0,0.0,0.0,0.0,0.0,0.0,0.0,0.0,0.0,0.0,0.0,0.0,0.0,0.0,0.0,0.0,0.0,0.0,0.0,0.0,0.0,0.0,0,0,,0.00,0.00,,,,203,255,79.6,3685,989,79,89,88.8,88,102,86.3,26,46,56.5,2,21,3,0,23,245,8,8,1,0,4,0,0,2,6,1.20,6,1.20,6,0,0,0,0,0,0,0.00,0,0,0,0,0,0,8,4,2,4,2,3,14,21.4,11,11,3,8,8,16,7,0,5.0,291,8,52,212,30,0,291,3,1,33.3,2,66.7,130,759,389,6,5,0,1,1,190,3,45000,2340000
Stuart Armstrong,MF,Southampton,26,29,16,1432.0,15.9,3,2,5,3,0,0,2,0,2.0,2.0,1.5,3.4,0.19,0.13,0.31,0.19,0.12,0.09,0.12,0.22,0.0,0.0,0.0,0.0,0.0,0.0,0.0,0.0,0.0,0.0,0.0,0.0,0.0,0.0,0.0,0.0,0.0,0.0,0.0,0.0,0.0,0.0,0.0,0.0,32,12,37.5,2.01,0.75,0.09,0.25,21.8,492,648,75.9,7511,1972,256,315,81.3,175,200,87.5,36,58,62.1,29,61,22,1,86,607,37,4,0,6,25,6,13,4,61,3.83,61,3.83,43,2,3,5,7,1,8,0.50,6,0,0,0,2,0,28,20,14,6,8,8,42,19.0,34,14,0,14,12,40,12,0,15.9,837,14,92,379,371,39,837,30,19,63.3,11,36.7,456,2678,1111,40,36,7,40,25,574,90,50000,2600000
Séamus Coleman,DF,Everton,29,29,29,2558.0,28.4,2,2,4,2,0,0,1,0,1.6,1.6,3.6,5.2,0.07,0.07,0.14,0.07,0.06,0.13,0.06,0.18,0.0,0.0,0.0,0.0,0.0,0.0,0.0,0.0,0.0,0.0,0.0,0.0,0.0,0.0,0.0,0.0,0.0,0.0,0.0,0.0,0.0,0.0,0.0,0.0,15,7,46.7,0.53,0.25,0.13,0.29,16.6,1228,1611,76.2,17626,7326,740,831,89.0,374,511,73.2,58,153,37.9,23,80,23,14,125,1267,341,8,0,4,81,333,0,3,49,1.72,49,1.72,41,2,3,1,1,1,3,0.11,3,0,0,0,0,0,44,25,23,18,3,19,30,63.3,11,14,5,9,26,70,86,0,28.4,1920,94,540,848,555,52,1920,44,21,47.7,23,52.3,959,4653,2309,71,48,14,43,23,1015,190,70000,3640000
Tahith Chong,FW,Manchester Utd,18,2,0,38.0,0.4,0,0,0,0,0,0,0,0,0.4,0.4,0.0,0.4,0.00,0.00,0.00,0.00,0.84,0.00,0.84,0.84,0.0,0.0,0.0,0.0,0.0,0.0,0.0,0.0,0.0,0.0,0.0,0.0,0.0,0.0,0.0,0.0,0.0,0.0,0.0,0.0,0.0,0.0,0.0,0.0,2,1,50.0,4.74,2.37,0.00,0.00,13.9,12,15,80.0,228,54,5,5,100.0,6,8,75.0,1,1,100.0,0,1,2,0,5,15,0,0,0,0,0,0,0,0,2,4.74,2,4.74,1,0,0,0,1,0,0,0.00,0,0,0,0,0,0,0,0,0,0,0,0,0,,0,1,0,1,0,0,1,0,0.4,23,1,2,6,15,4,23,1,1,100.0,0,0.0,18,129,64,2,2,1,1,1,19,7,10000,520000
Terence Kongolo,DF,Huddersfield,24,32,32,2716.0,30.2,1,1,2,1,0,0,4,0,1.3,1.3,1.1,2.3,0.03,0.03,0.07,0.03,0.04,0.04,0.04,0.08,0.0,0.0,0.0,0.0,0.0,0.0,0.0,0.0,0.0,0.0,0.0,0.0,0.0,0.0,0.0,0.0,0.0,0.0,0.0,0.0,0.0,0.0,0.0,0.0,14,4,28.6,0.46,0.13,0.07,0.25,14.9,978,1275,76.7,17265,7866,444,513,86.5,427,530,80.6,99,193,51.3,9,69,10,4,90,1145,125,32,1,0,28,93,0,5,24,0.80,24,0.80,18,1,0,2,1,2,2,0.07,2,0,0,0,0,0,74,46,44,26,4,27,47,57.4,20,42,16,26,65,139,106,1,30.2,1634,138,748,724,175,30,1634,18,10,55.6,8,44.4,762,3209,1869,25,23,4,17,4,919,42,35000,1820000
Theo Walcott,"FW,MF",Everton,29,37,24,2119.0,23.5,5,2,7,5,0,0,1,0,5.7,5.7,2.7,8.4,0.21,0.08,0.30,0.21,0.24,0.12,0.24,0.36,0.0,0.0,0.0,0.0,0.0,0.0,0.0,0.0,0.0,0.0,0.0,0.0,0.0,0.0,0.0,0.0,0.0,0.0,0.0,0.0,0.0,0.0,0.0,0.0,43,21,48.8,1.83,0.89,0.12,0.24,15.1,433,633,68.4,5521,1548,262,335,78.2,105,159,66.0,19,46,41.3,21,36,13,9,52,625,7,2,1,1,53,3,2,1,57,2.42,57,2.42,38,1,1,7,10,0,6,0.25,4,1,0,1,0,0,27,17,11,9,7,10,22,45.5,12,17,1,16,22,49,8,0,23.5,888,13,127,350,430,111,888,59,31,52.5,28,47.5,613,3368,1652,50,33,24,77,37,661,167,100000,5200000
Tim Ream,DF,Fulham,30,26,25,2047.0,22.7,0,0,0,0,0,0,1,0,0.0,0.0,0.1,0.2,0.00,0.00,0.00,0.00,0.00,0.01,0.00,0.01,0.0,0.0,0.0,0.0,0.0,0.0,0.0,0.0,0.0,0.0,0.0,0.0,0.0,0.0,0.0,0.0,0.0,0.0,0.0,0.0,0.0,0.0,0.0,0.0,1,0,0.0,0.04,0.00,0.00,,23.2,928,1064,87.2,16650,6230,344,367,93.7,507,560,90.5,63,102,61.8,3,47,3,0,68,1035,23,19,0,4,1,4,0,6,11,0.48,11,0.48,8,1,0,1,1,0,0,0.00,0,0,0,0,0,0,23,14,16,7,0,14,28,50.0,14,19,10,9,25,48,80,2,22.7,1235,119,527,694,19,1,1235,6,6,100.0,0,0.0,498,2580,1632,13,1,0,5,5,762,1,27000,1404000
Timothy Fosu-Mensah,DF,Fulham,20,12,10,793.0,8.8,0,0,0,0,0,0,3,0,0.1,0.1,0.4,0.5,0.00,0.00,0.00,0.00,0.01,0.04,0.01,0.05,0.0,0.0,0.0,0.0,0.0,0.0,0.0,0.0,0.0,0.0,0.0,0.0,0.0,0.0,0.0,0.0,0.0,0.0,0.0,0.0,0.0,0.0,0.0,0.0,4,1,25.0,0.45,0.11,0.00,0.00,27.3,375,479,78.3,6600,2359,164,181,90.6,176,217,81.1,30,59,50.8,6,24,5,2,39,417,60,3,1,3,15,57,0,2,11,1.25,11,1.25,10,0,0,0,0,1,0,0.00,0,0,0,0,0,0,18,7,12,6,0,8,13,61.5,5,11,5,6,12,30,30,1,8.8,563,39,176,280,111,8,563,12,8,66.7,4,33.3,241,1477,909,22,24,4,5,4,363,43,25000,1300000
Toby Alderweireld,DF,Tottenham,29,34,33,2922.0,32.5,0,0,0,0,0,0,3,0,1.1,1.1,0.6,1.8,0.00,0.00,0.00,0.00,0.03,0.02,0.03,0.05,0.0,0.0,0.0,0.0,0.0,0.0,0.0,0.0,0.0,0.0,0.0,0.0,0.0,0.0,0.0,0.0,0.0,0.0,0.0,0.0,0.0,0.0,0.0,0.0,19,5,26.3,0.59,0.15,0.00,0.00,14.1,2097,2382,88.0,45013,14391,609,645,94.4,1118,1194,93.6,352,500,70.4,7,161,24,1,161,2289,83,75,6,32,6,8,0,10,34,1.05,34,1.05,29,0,1,4,0,0,2,0.06,2,0,0,0,0,0,37,23,25,10,2,12,22,54.5,10,41,22,19,24,61,175,0,32.5,2690,270,1244,1360,107,18,2690,2,1,50.0,1,50.0,1848,8658,4863,25,25,0,6,0,1922,5,50000,2600000
Tom Cairney,"MF,FW",Fulham,27,31,24,2194.0,24.4,1,1,2,1,0,0,0,0,1.1,1.1,2.6,3.7,0.04,0.04,0.08,0.04,0.05,0.11,0.05,0.15,0.0,0.0,0.0,0.0,0.0,0.0,0.0,0.0,0.0,0.0,0.0,0.0,0.0,0.0,0.0,0.0,0.0,0.0,0.0,0.0,0.0,0.0,0.0,0.0,24,5,20.8,0.98,0.21,0.04,0.20,23.8,1244,1408,88.4,19804,3901,645,693,93.1,449,496,90.5,94,137,68.6,40,120,30,4,169,1371,29,16,7,11,27,0,5,8,80,3.28,80,3.28,68,0,2,5,4,1,5,0.21,5,0,0,0,0,0,37,21,9,22,6,12,16,75.0,4,21,5,16,10,47,13,1,24.4,1623,21,174,1043,420,25,1623,62,43,69.4,19,30.6,892,5385,2315,60,55,7,35,49,1308,106,40000,2080000
Tom Cleverley,MF,Watford,28,13,4,478.0,5.3,1,0,1,1,0,0,2,0,0.2,0.2,0.1,0.3,0.19,0.00,0.19,0.19,0.04,0.02,0.04,0.06,0.0,0.0,0.0,0.0,0.0,0.0,0.0,0.0,0.0,0.0,0.0,0.0,0.0,0.0,0.0,0.0,0.0,0.0,0.0,0.0,0.0,0.0,0.0,0.0,4,2,50.0,0.75,0.38,0.25,0.50,22.4,175,225,77.8,2550,719,92,111,82.9,53,65,81.5,15,24,62.5,1,18,4,1,17,216,9,6,0,0,4,0,2,0,7,1.32,7,1.32,5,0,0,1,1,0,0,0.00,0,0,0,0,0,0,17,9,11,4,2,6,22,27.3,16,4,0,4,5,22,11,0,5.3,290,14,65,162,63,7,290,3,1,33.3,2,66.7,144,513,249,6,6,1,5,4,160,6,50000,2600000
Tom Davies,MF,Everton,20,16,10,980.0,10.9,0,0,0,0,0,0,3,0,0.3,0.3,0.5,0.8,0.00,0.00,0.00,0.00,0.03,0.05,0.03,0.07,0.0,0.0,0.0,0.0,0.0,0.0,0.0,0.0,0.0,0.0,0.0,0.0,0.0,0.0,0.0,0.0,0.0,0.0,0.0,0.0,0.0,0.0,0.0,0.0,7,2,28.6,0.64,0.18,0.00,0.00,18.9,406,515,78.8,6619,1661,210,243,86.4,133,165,80.6,42,63,66.7,5,47,9,0,55,490,23,4,1,2,6,3,0,2,12,1.10,12,1.10,10,0,1,0,1,0,1,0.09,1,0,0,0,0,0,27,17,9,17,1,7,23,30.4,16,15,1,14,16,43,9,1,10.9,646,11,99,394,157,12,646,17,13,76.5,4,23.5,395,1727,781,11,13,5,27,8,419,20,25000,1300000
Tom Heaton,GK,Burnley,32,19,19,1710.0,19.0,0,0,0,0,0,0,3,0,0.0,0.0,0.1,0.1,0.00,0.00,0.00,0.00,0.00,0.00,0.00,0.01,1.42,83,59,68.7,4,21.1,22.0,0.26,179,457,39.2,414,45,73.4,48.2,172,89.0,60.7,333,8,2.4,29,1.53,16.4,1,0,0.0,0.05,0.00,0.00,,11.8,294,592,49.7,13175,12128,15,16,93.8,80,81,98.8,198,488,40.6,2,21,0,0,0,329,257,85,0,0,0,0,0,6,12,0.63,12,0.63,6,5,0,1,0,0,0,0.00,0,0,0,0,0,0,0,0,0,0,0,0,2,0.0,2,0,0,0,0,0,8,2,19.0,636,495,602,34,1,1,636,1,1,100.0,0,0.0,254,1956,1509,0,0,0,0,0,180,0,42000,2184000
Tommy Smith,DF,Huddersfield,26,15,13,1141.0,12.7,0,0,0,0,0,0,2,1,0.1,0.1,0.4,0.5,0.00,0.00,0.00,0.00,0.01,0.03,0.01,0.04,0.0,0.0,0.0,0.0,0.0,0.0,0.0,0.0,0.0,0.0,0.0,0.0,0.0,0.0,0.0,0.0,0.0,0.0,0.0,0.0,0.0,0.0,0.0,0.0,3,0,0.0,0.24,0.00,0.00,,24.5,468,629,74.4,7678,2648,254,289,87.9,148,203,72.9,50,98,51.0,7,32,5,3,35,506,121,6,0,1,24,115,0,2,15,1.18,15,1.18,13,0,0,1,1,0,1,0.08,0,0,0,1,0,0,26,13,14,11,1,10,25,40.0,15,12,4,8,18,44,25,0,12.7,725,38,246,340,142,8,725,5,3,60.0,2,40.0,309,1326,630,19,11,1,5,3,386,38,20000,1040000
Trent Alexander-Arnold,DF,Liverpool,19,29,27,2462.0,27.4,1,12,13,1,0,0,3,0,1.6,1.6,6.3,7.9,0.04,0.44,0.48,0.04,0.06,0.23,0.06,0.29,0.0,0.0,0.0,0.0,0.0,0.0,0.0,0.0,0.0,0.0,0.0,0.0,0.0,0.0,0.0,0.0,0.0,0.0,0.0,0.0,0.0,0.0,0.0,0.0,29,9,31.0,1.06,0.33,0.03,0.11,25.1,1644,2236,73.5,30562,10915,692,794,87.2,712,902,78.9,208,422,49.3,48,123,55,25,157,1774,449,51,3,40,201,324,74,13,96,3.51,96,3.51,62,24,6,2,1,1,18,0.66,13,5,0,0,0,0,61,39,31,22,8,36,68,52.9,32,19,3,16,35,96,68,0,27.4,2514,70,528,1210,798,39,2514,27,14,51.9,13,48.1,1416,5548,3296,70,64,7,41,14,1538,174,40000,2080000
Troy Deeney,FW,Watford,30,32,28,2545.0,28.3,9,5,14,8,1,1,4,1,9.5,8.7,4.6,13.4,0.32,0.18,0.50,0.28,0.34,0.16,0.31,0.47,0.0,0.0,0.0,0.0,0.0,0.0,0.0,0.0,0.0,0.0,0.0,0.0,0.0,0.0,0.0,0.0,0.0,0.0,0.0,0.0,0.0,0.0,0.0,0.0,63,29,46.0,2.23,1.03,0.13,0.28,14.8,508,858,59.2,6179,2233,313,456,68.6,116,211,55.0,19,52,36.5,43,56,37,2,87,823,26,0,6,4,16,6,1,9,76,2.69,76,2.69,60,0,1,8,6,1,7,0.25,6,0,0,1,0,0,24,14,8,10,6,7,32,21.9,25,22,4,18,7,31,29,0,28.3,1165,34,108,561,502,133,1164,20,6,30.0,14,70.0,544,1821,760,23,19,12,61,35,850,161,65000,3380000
Tyreke Johnson,MF,Southampton,19,1,0,1.0,0.0,0,0,0,0,0,0,0,0,0.0,0.0,0.0,0.0,0.00,0.00,0.00,0.00,0.00,0.00,0.00,0.00,0.0,0.0,0.0,0.0,0.0,0.0,0.0,0.0,0.0,0.0,0.0,0.0,0.0,0.0,0.0,0.0,0.0,0.0,0.0,0.0,0.0,0.0,0.0,0.0,0,0,,0.00,0.00,,,,0,0,,0,0,0,0,,0,0,,0,0,,0,0,0,0,0,0,0,0,0,0,0,0,0,0,0,0.00,0,0.00,0,0,0,0,0,0,0,0.00,0,0,0,0,0,0,0,0,0,0,0,0,0,,0,0,0,0,0,0,0,0,0.0,0,0,0,0,0,0,0,0,0,,0,,0,0,0,0,0,0,0,0,0,0,808,42000
Tyrone Mings,DF,Bournemouth,25,5,2,143.0,1.6,0,0,0,0,0,0,0,0,0.0,0.0,0.1,0.1,0.00,0.00,0.00,0.00,0.00,0.04,0.00,0.04,0.0,0.0,0.0,0.0,0.0,0.0,0.0,0.0,0.0,0.0,0.0,0.0,0.0,0.0,0.0,0.0,0.0,0.0,0.0,0.0,0.0,0.0,0.0,0.0,0,0,,0.00,0.00,,,,79,96,82.3,1292,456,36,40,90.0,40,45,88.9,3,8,37.5,1,8,1,1,6,87,9,1,0,0,1,8,0,0,1,0.63,1,0.63,1,0,0,0,0,0,0,0.00,0,0,0,0,0,0,4,3,3,1,0,2,3,66.7,1,5,2,3,6,10,8,0,1.6,120,13,56,58,8,1,120,2,2,100.0,0,0.0,72,289,119,2,3,0,2,1,67,1,25000,1300000
Vicente Guaita,GK,Crystal Palace,31,20,20,1754.0,19.5,0,0,0,0,0,0,2,0,0.0,0.0,0.0,0.0,0.00,0.00,0.00,0.00,0.00,0.00,0.00,0.00,1.18,85,63,74.1,7,35.0,20.3,0.23,123,396,31.1,398,90,56.5,41.4,191,89.5,58.7,317,13,4.1,10,0.51,12.5,0,0,,0.00,0.00,,,,299,597,50.1,10887,9419,42,42,100.0,113,117,96.6,143,428,33.4,0,6,0,0,0,345,244,53,0,0,0,0,0,8,2,0.10,2,0.10,0,2,0,0,0,0,0,0.00,0,0,0,0,0,0,0,0,0,0,0,0,0,,0,0,0,0,0,0,5,2,19.5,631,548,627,4,0,0,631,0,0,,0,,278,1911,1581,0,0,0,0,0,175,0,60000,3120000
Vicente Iborra,MF,Leicester City,30,8,3,229.0,2.5,0,0,0,0,0,0,0,0,0.1,0.1,0.1,0.2,0.00,0.00,0.00,0.00,0.06,0.02,0.06,0.08,0.0,0.0,0.0,0.0,0.0,0.0,0.0,0.0,0.0,0.0,0.0,0.0,0.0,0.0,0.0,0.0,0.0,0.0,0.0,0.0,0.0,0.0,0.0,0.0,2,1,50.0,0.79,0.39,0.00,0.00,10.6,127,147,86.4,2433,649,55,63,87.3,42,45,93.3,26,30,86.7,1,18,1,0,16,144,3,2,2,4,0,0,0,0,2,0.79,2,0.79,2,0,0,0,0,0,0,0.00,0,0,0,0,0,0,4,1,1,3,0,0,7,0.0,7,1,0,1,8,12,4,1,2.5,165,4,37,100,29,3,165,0,0,,0,,99,378,163,1,1,0,0,4,114,2,55000,2860000
Victor Lindelöf,DF,Manchester Utd,24,30,29,2601.0,28.9,1,1,2,1,0,0,1,0,0.7,0.7,1.2,1.9,0.03,0.03,0.07,0.03,0.02,0.04,0.02,0.06,0.0,0.0,0.0,0.0,0.0,0.0,0.0,0.0,0.0,0.0,0.0,0.0,0.0,0.0,0.0,0.0,0.0,0.0,0.0,0.0,0.0,0.0,0.0,0.0,8,1,12.5,0.28,0.03,0.13,1.00,9.3,1339,1504,89.0,23509,8412,559,593,94.3,644,685,94.0,102,163,62.6,5,44,7,0,83,1460,42,31,1,7,1,11,0,2,13,0.45,13,0.45,10,0,1,1,0,1,1,0.03,1,0,0,0,0,0,40,27,28,12,0,13,23,56.5,10,21,12,9,24,64,121,3,28.9,1762,179,840,893,38,14,1762,8,8,100.0,0,0.0,1009,5455,3181,14,9,0,11,3,1146,2,120000,6240000
Victor Moses,FW,Chelsea,27,2,0,28.0,0.3,0,0,0,0,0,0,0,0,0.0,0.0,0.1,0.1,0.00,0.00,0.00,0.00,0.00,0.20,0.00,0.20,0.0,0.0,0.0,0.0,0.0,0.0,0.0,0.0,0.0,0.0,0.0,0.0,0.0,0.0,0.0,0.0,0.0,0.0,0.0,0.0,0.0,0.0,0.0,0.0,0,0,,0.00,0.00,,,,10,13,76.9,103,6,8,9,88.9,1,1,100.0,0,0,,1,0,0,0,0,13,0,0,0,0,0,0,0,0,2,6.43,2,6.43,1,0,0,0,1,0,0,0.00,0,0,0,0,0,0,0,0,0,0,0,0,0,,0,1,0,1,0,0,0,0,0.3,18,0,1,7,10,2,18,1,0,0.0,1,100.0,8,89,37,1,1,1,1,2,16,1,75000,3900000
Victor Wanyama,MF,Tottenham,27,13,4,516.0,5.7,1,0,1,1,0,0,2,0,1.0,1.0,0.1,1.0,0.17,0.00,0.17,0.17,0.17,0.01,0.17,0.18,0.0,0.0,0.0,0.0,0.0,0.0,0.0,0.0,0.0,0.0,0.0,0.0,0.0,0.0,0.0,0.0,0.0,0.0,0.0,0.0,0.0,0.0,0.0,0.0,7,2,28.6,1.22,0.35,0.14,0.50,20.2,265,329,80.5,3988,965,141,165,85.5,108,131,82.4,8,13,61.5,2,19,0,0,28,325,4,4,0,0,3,0,0,0,8,1.40,8,1.40,4,0,2,0,2,0,2,0.35,0,0,2,0,0,0,13,13,8,5,0,6,12,50.0,6,9,3,6,7,20,11,0,5.7,392,24,85,249,59,5,392,9,6,66.7,3,33.3,237,1230,634,13,7,1,8,4,255,6,65000,3380000
Vincent Janssen,FW,Tottenham,24,3,0,39.0,0.4,0,0,0,0,0,0,0,0,0.4,0.4,0.0,0.4,0.00,0.00,0.00,0.00,0.86,0.00,0.86,0.86,0.0,0.0,0.0,0.0,0.0,0.0,0.0,0.0,0.0,0.0,0.0,0.0,0.0,0.0,0.0,0.0,0.0,0.0,0.0,0.0,0.0,0.0,0.0,0.0,3,1,33.3,6.92,2.31,0.00,0.00,11.3,8,11,72.7,79,16,6,7,85.7,1,2,50.0,0,0,,0,0,0,0,0,10,1,0,0,0,1,1,0,0,0,0.00,0,0.00,0,0,0,0,0,0,0,0.00,0,0,0,0,0,0,2,1,0,2,0,0,0,,0,0,0,0,0,2,1,0,0.4,19,1,1,7,11,4,19,1,1,100.0,0,0.0,8,34,4,1,0,0,0,1,14,6,34000,1768000
Vincent Kompany,DF,Manchester City,32,17,13,1224.0,13.6,1,0,1,1,0,0,6,0,0.3,0.3,0.0,0.3,0.07,0.00,0.07,0.07,0.02,0.00,0.02,0.02,0.0,0.0,0.0,0.0,0.0,0.0,0.0,0.0,0.0,0.0,0.0,0.0,0.0,0.0,0.0,0.0,0.0,0.0,0.0,0.0,0.0,0.0,0.0,0.0,5,1,20.0,0.37,0.07,0.20,1.00,18.4,1142,1229,92.9,21525,7653,407,436,93.3,594,619,96.0,125,149,83.9,1,86,1,0,83,1223,4,4,0,1,0,0,0,2,12,0.88,12,0.88,11,0,0,0,0,1,1,0.07,1,0,0,0,0,0,16,10,11,3,2,8,9,88.9,1,11,8,3,16,32,55,0,13.6,1349,88,462,848,42,10,1349,4,3,75.0,1,25.0,905,4951,2821,17,15,0,5,0,1069,3,150000,7800000
Virgil van Dijk,DF,Liverpool,27,38,38,3384.0,37.6,4,2,6,4,0,0,1,0,3.1,3.1,1.4,4.6,0.11,0.05,0.16,0.11,0.08,0.04,0.08,0.12,0.0,0.0,0.0,0.0,0.0,0.0,0.0,0.0,0.0,0.0,0.0,0.0,0.0,0.0,0.0,0.0,0.0,0.0,0.0,0.0,0.0,0.0,0.0,0.0,31,8,25.8,0.82,0.21,0.13,0.50,12.9,2730,3049,89.5,54836,17641,895,960,93.2,1477,1578,93.6,336,456,73.7,6,144,4,0,174,2976,67,61,0,26,0,6,0,6,31,0.82,31,0.82,26,0,1,3,0,1,7,0.19,5,0,0,2,0,0,38,28,26,11,1,14,14,100.0,0,29,18,11,40,78,201,1,37.6,3418,240,1291,2005,130,66,3418,12,9,75.0,3,25.0,2252,9579,5046,20,21,2,7,1,2421,20,180000,9360000
Víctor Camarasa,MF,Cardiff City,24,32,31,2569.0,28.5,5,4,9,4,1,1,6,0,4.0,3.2,3.8,6.9,0.18,0.14,0.32,0.14,0.14,0.13,0.11,0.24,0.0,0.0,0.0,0.0,0.0,0.0,0.0,0.0,0.0,0.0,0.0,0.0,0.0,0.0,0.0,0.0,0.0,0.0,0.0,0.0,0.0,0.0,0.0,0.0,40,11,27.5,1.40,0.39,0.10,0.36,23.6,710,1017,69.8,12178,3357,343,419,81.9,227,300,75.7,100,197,50.8,50,63,21,6,77,868,142,51,13,7,121,4,77,7,91,3.19,91,3.19,57,27,1,5,1,0,7,0.25,5,1,0,1,0,0,28,15,8,15,5,6,31,19.4,25,17,2,15,33,61,28,1,28.5,1298,32,169,591,569,34,1297,62,34,54.8,28,45.2,703,4539,1979,50,46,10,61,49,742,92,16115,838000
Wayne Hennessey,GK,Crystal Palace,31,18,17,1576.0,17.5,0,0,0,0,0,0,0,0,0.0,0.0,0.0,0.0,0.00,0.00,0.00,0.00,0.00,0.00,0.00,0.00,1.49,69,42,66.7,5,29.4,22.8,0.28,111,342,32.5,373,66,59.0,43.6,143,85.3,63.1,300,13,4.3,15,0.86,13.6,0,0,,0.00,0.00,,,,275,519,53.0,10278,8795,20,20,100.0,118,120,98.3,136,375,36.3,0,8,0,0,1,303,213,70,0,1,0,0,0,3,5,0.29,5,0.29,3,2,0,0,0,0,0,0.00,0,0,0,0,0,0,0,0,0,0,0,0,2,0.0,2,0,0,0,0,0,5,1,17.5,558,466,537,21,0,0,558,0,0,,0,,228,1439,1051,0,0,0,1,0,167,0,40000,2080000
Wes Morgan,DF,Leicester City,34,22,21,1925.0,21.4,3,0,3,3,0,0,3,2,1.8,1.8,0.2,2.0,0.14,0.00,0.14,0.14,0.08,0.01,0.08,0.09,0.0,0.0,0.0,0.0,0.0,0.0,0.0,0.0,0.0,0.0,0.0,0.0,0.0,0.0,0.0,0.0,0.0,0.0,0.0,0.0,0.0,0.0,0.0,0.0,14,4,28.6,0.65,0.19,0.21,0.75,8.6,725,897,80.8,13253,4460,269,315,85.4,367,434,84.6,71,115,61.7,3,27,0,0,43,873,23,19,0,6,0,4,0,1,14,0.65,14,0.65,10,0,0,3,0,1,1,0.05,0,0,0,1,0,0,27,15,14,12,1,6,7,85.7,1,24,10,14,32,59,109,1,21.4,1152,123,569,545,43,31,1152,2,2,100.0,0,0.0,596,2762,1367,6,6,1,13,1,636,9,60000,3120000
Wesley Hoedt,DF,Southampton,24,13,13,1170.0,13.0,0,0,0,0,0,0,2,0,0.4,0.4,0.0,0.4,0.00,0.00,0.00,0.00,0.03,0.00,0.03,0.03,0.0,0.0,0.0,0.0,0.0,0.0,0.0,0.0,0.0,0.0,0.0,0.0,0.0,0.0,0.0,0.0,0.0,0.0,0.0,0.0,0.0,0.0,0.0,0.0,6,1,16.7,0.46,0.08,0.00,0.00,15.8,492,631,78.0,10920,4088,126,145,86.9,276,315,87.6,85,158,53.8,1,37,1,0,46,598,31,26,0,18,2,5,0,2,6,0.46,6,0.46,6,0,0,0,0,0,1,0.08,1,0,0,0,0,0,28,12,23,5,0,17,26,65.4,9,20,13,7,23,51,79,2,13.0,800,87,366,420,19,7,800,7,6,85.7,1,14.3,345,1823,1107,6,3,0,2,5,449,0,60000,3120000
Wilfred Ndidi,MF,Leicester City,21,38,37,3296.0,36.6,2,0,2,2,0,0,8,0,3.7,3.7,1.8,5.5,0.05,0.00,0.05,0.05,0.10,0.05,0.10,0.15,0.0,0.0,0.0,0.0,0.0,0.0,0.0,0.0,0.0,0.0,0.0,0.0,0.0,0.0,0.0,0.0,0.0,0.0,0.0,0.0,0.0,0.0,0.0,0.0,55,9,16.4,1.50,0.25,0.04,0.22,20.9,1591,2008,79.2,26201,7192,769,912,84.3,615,738,83.3,130,203,64.0,22,167,11,0,201,1988,14,9,6,16,12,5,0,6,64,1.75,64,1.75,59,0,1,2,0,2,5,0.14,4,0,0,1,0,0,142,98,66,67,9,46,95,48.4,49,64,9,55,83,225,85,2,36.6,2551,123,625,1606,352,43,2551,50,35,70.0,15,30.0,1384,5710,2326,26,39,2,57,36,1488,35,75000,3900000
Wilfried Zaha,FW,Crystal Palace,25,34,34,3036.0,33.7,10,5,15,10,0,0,10,2,5.7,5.7,4.8,10.6,0.30,0.15,0.44,0.30,0.17,0.14,0.17,0.31,0.0,0.0,0.0,0.0,0.0,0.0,0.0,0.0,0.0,0.0,0.0,0.0,0.0,0.0,0.0,0.0,0.0,0.0,0.0,0.0,0.0,0.0,0.0,0.0,73,27,37.0,2.16,0.80,0.14,0.37,16.7,818,1081,75.7,11429,3051,507,603,84.1,227,277,81.9,43,69,62.3,54,59,64,8,141,1025,47,6,6,11,37,29,2,9,143,4.24,143,4.24,93,0,20,12,17,1,20,0.59,9,0,5,0,6,0,39,20,11,23,5,12,34,35.3,22,19,0,19,10,49,4,0,33.7,1600,5,122,692,819,204,1600,225,114,50.7,111,49.3,1158,8764,4361,182,109,100,121,143,1290,355,130000,6760000
Will Hughes,MF,Watford,23,32,31,2418.0,26.9,2,4,6,2,0,0,5,0,2.5,2.5,2.6,5.1,0.07,0.15,0.22,0.07,0.09,0.10,0.09,0.19,0.0,0.0,0.0,0.0,0.0,0.0,0.0,0.0,0.0,0.0,0.0,0.0,0.0,0.0,0.0,0.0,0.0,0.0,0.0,0.0,0.0,0.0,0.0,0.0,31,7,22.6,1.15,0.26,0.06,0.29,17.2,736,991,74.3,8975,3068,466,555,84.0,158,227,69.6,27,50,54.0,28,70,24,2,102,969,12,3,2,2,21,0,3,10,67,2.49,67,2.49,47,1,1,5,11,2,7,0.26,5,0,0,0,2,0,74,43,27,35,12,25,59,42.4,34,55,6,49,25,99,30,0,26.9,1377,44,230,652,509,79,1377,42,27,64.3,15,35.7,837,3627,1788,50,44,11,59,52,892,134,30000,1560000
Will Norris,GK,Wolves,24,1,0,1.0,0.0,0,0,0,0,0,0,0,0,0.0,0.0,0.0,0.0,0.00,0.00,0.00,0.00,0.00,0.00,0.00,0.00,,0,0,,1,,0.0,,0,0,,0,0,,,0,,,0,0,,0,0.00,,0,0,,0.00,0.00,,,,0,0,,0,0,0,0,,0,0,,0,0,,0,0,0,0,0,0,0,0,0,0,0,0,0,0,0,0.00,0,0.00,0,0,0,0,0,0,0,0.00,0,0,0,0,0,0,0,0,0,0,0,0,0,,0,0,0,0,0,0,0,0,0.0,0,0,0,0,0,0,0,0,0,,0,,0,0,0,0,0,0,0,0,0,0,3000,156000
Willian,FW,Chelsea,29,32,26,2097.0,23.3,3,6,9,3,0,0,2,0,4.2,4.2,5.4,9.6,0.13,0.26,0.39,0.13,0.18,0.23,0.18,0.41,0.0,0.0,0.0,0.0,0.0,0.0,0.0,0.0,0.0,0.0,0.0,0.0,0.0,0.0,0.0,0.0,0.0,0.0,0.0,0.0,0.0,0.0,0.0,0.0,62,22,35.5,2.66,0.94,0.05,0.14,19.9,1097,1413,77.6,15998,4037,653,739,88.4,299,377,79.3,83,168,49.4,78,55,48,7,141,1249,156,39,8,13,169,6,111,8,144,6.18,144,6.18,88,35,6,5,8,2,8,0.34,5,2,0,0,1,0,35,21,11,15,9,9,25,36.0,16,16,1,15,14,49,12,2,23.3,1671,13,137,607,954,96,1671,61,39,63.9,22,36.1,1026,7531,4127,143,86,45,52,39,1284,283,120000,6240000
Willy Boly,DF,Wolves,27,36,36,3167.0,35.2,4,0,4,4,0,0,2,1,3.6,3.6,2.1,5.6,0.11,0.00,0.11,0.11,0.10,0.06,0.10,0.16,0.0,0.0,0.0,0.0,0.0,0.0,0.0,0.0,0.0,0.0,0.0,0.0,0.0,0.0,0.0,0.0,0.0,0.0,0.0,0.0,0.0,0.0,0.0,0.0,24,6,25.0,0.68,0.17,0.17,0.67,11.0,1392,1725,80.7,23974,9658,645,713,90.5,589,679,86.7,127,257,49.4,11,107,5,0,136,1686,32,29,2,12,0,3,0,7,29,0.82,29,0.82,25,0,0,3,0,1,0,0.00,0,0,0,0,0,0,85,52,49,34,2,34,56,60.7,22,55,32,23,72,157,177,6,35.2,2168,212,912,1206,67,33,2168,16,13,81.3,3,18.8,1090,5841,3475,29,18,2,11,15,1269,12,40000,2080000
Willy Caballero,GK,Chelsea,36,2,2,180.0,2.0,0,0,0,0,0,0,0,0,0.0,0.0,0.0,0.0,0.00,0.00,0.00,0.00,0.00,0.00,0.00,0.00,0.00,3,3,100.0,2,100.0,0.3,0.11,9,20,45.0,47,9,19.1,29.5,16,68.8,46.6,26,2,7.7,0,0.00,5.8,0,0,,0.00,0.00,,,,51,63,81.0,1450,966,6,6,100.0,26,26,100.0,19,31,61.3,0,0,0,0,0,41,22,6,0,0,0,0,0,0,0,0.00,0,0.00,0,0,0,0,0,0,0,0.00,0,0,0,0,0,0,0,0,0,0,0,0,0,,0,0,0,0,0,0,1,0,2.0,64,56,64,0,0,0,64,0,0,,0,,28,185,126,0,0,0,0,0,29,0,30000,1560000
Xande Silva,FW,West Ham,21,1,0,18.0,0.2,0,0,0,0,0,0,0,0,0.1,0.1,0.0,0.1,0.00,0.00,0.00,0.00,0.43,0.13,0.43,0.55,0.0,0.0,0.0,0.0,0.0,0.0,0.0,0.0,0.0,0.0,0.0,0.0,0.0,0.0,0.0,0.0,0.0,0.0,0.0,0.0,0.0,0.0,0.0,0.0,2,0,0.0,10.00,0.00,0.00,,15.0,3,4,75.0,32,7,3,4,75.0,0,0,,0,0,,1,0,0,0,0,4,0,0,0,0,0,0,0,0,2,10.00,2,10.00,1,0,0,1,0,0,0,0.00,0,0,0,0,0,0,0,0,0,0,0,0,0,,0,1,0,1,0,0,0,0,0.2,8,0,1,4,3,2,8,0,0,,0,,4,18,5,0,0,0,0,1,6,2,0.0,0.0
Xherdan Shaqiri,"FW,MF",Liverpool,26,24,11,1064.0,11.8,6,3,9,6,0,0,2,0,3.9,3.9,1.6,5.5,0.51,0.25,0.76,0.51,0.33,0.14,0.33,0.46,0.0,0.0,0.0,0.0,0.0,0.0,0.0,0.0,0.0,0.0,0.0,0.0,0.0,0.0,0.0,0.0,0.0,0.0,0.0,0.0,0.0,0.0,0.0,0.0,26,10,38.5,2.20,0.85,0.23,0.60,19.8,542,701,77.3,8630,2197,297,340,87.4,157,200,78.5,62,109,56.9,19,45,33,5,85,646,52,12,9,9,47,12,27,3,39,3.30,39,3.30,28,6,1,3,1,0,10,0.85,5,2,1,2,0,0,14,4,3,9,2,9,19,47.4,10,6,1,5,6,20,6,0,11.8,811,7,67,398,354,27,811,16,6,37.5,10,62.5,565,2770,1047,28,31,7,24,18,617,75,80000,4160000
Yan Valery,DF,Southampton,19,23,20,1712.0,19.0,2,1,3,2,0,0,4,1,0.7,0.7,0.2,0.9,0.11,0.05,0.16,0.11,0.04,0.01,0.04,0.05,0.0,0.0,0.0,0.0,0.0,0.0,0.0,0.0,0.0,0.0,0.0,0.0,0.0,0.0,0.0,0.0,0.0,0.0,0.0,0.0,0.0,0.0,0.0,0.0,6,5,83.3,0.32,0.26,0.33,0.40,13.0,357,590,60.5,5552,2401,205,245,83.7,118,216,54.6,24,78,30.8,6,30,8,4,33,450,135,4,0,1,55,131,0,5,15,0.79,15,0.79,10,1,2,1,1,0,2,0.11,2,0,0,0,0,0,42,36,26,10,6,16,29,55.2,13,24,3,21,22,64,72,1,19.0,859,50,210,375,288,26,859,41,24,58.5,17,41.5,374,2774,1412,54,27,14,33,29,376,77,2000,104000
Yerry Mina,DF,Everton,23,13,10,892.0,9.9,1,0,1,1,0,0,3,0,0.3,0.3,0.1,0.4,0.10,0.00,0.10,0.10,0.03,0.01,0.03,0.05,0.0,0.0,0.0,0.0,0.0,0.0,0.0,0.0,0.0,0.0,0.0,0.0,0.0,0.0,0.0,0.0,0.0,0.0,0.0,0.0,0.0,0.0,0.0,0.0,4,1,25.0,0.40,0.10,0.25,1.00,10.8,425,507,83.8,8416,2939,135,158,85.4,225,248,90.7,58,83,69.9,3,26,3,0,39,488,17,16,0,3,0,1,0,2,6,0.61,6,0.61,5,0,0,0,1,0,1,0.10,1,0,0,0,0,0,14,7,8,6,0,6,9,66.7,3,11,5,6,8,22,54,3,9.9,607,77,323,265,21,12,607,0,0,,0,,356,1910,1189,7,1,0,6,2,379,3,120000,6240000
Yoshinori Mutō,"FW,MF",Newcastle Utd,26,17,5,524.0,5.8,1,0,1,1,0,0,1,0,0.9,0.9,0.8,1.7,0.17,0.00,0.17,0.17,0.16,0.14,0.16,0.30,0.0,0.0,0.0,0.0,0.0,0.0,0.0,0.0,0.0,0.0,0.0,0.0,0.0,0.0,0.0,0.0,0.0,0.0,0.0,0.0,0.0,0.0,0.0,0.0,6,3,50.0,1.03,0.52,0.17,0.33,10.8,81,118,68.6,963,224,47,59,79.7,20,28,71.4,2,3,66.7,5,5,1,0,6,116,2,0,1,0,4,1,0,0,11,1.89,11,1.89,10,0,0,0,1,0,0,0.00,0,0,0,0,0,0,8,4,3,5,0,2,7,28.6,5,9,0,9,5,13,3,1,5.8,198,4,25,90,90,21,198,18,9,50.0,9,50.0,100,777,253,9,7,1,16,12,117,28,54000,2808000
Youri Tielemans,MF,Leicester City,21,13,13,1086.0,12.1,3,4,7,3,0,0,2,0,1.8,1.8,2.5,4.3,0.25,0.33,0.58,0.25,0.15,0.21,0.15,0.36,0.0,0.0,0.0,0.0,0.0,0.0,0.0,0.0,0.0,0.0,0.0,0.0,0.0,0.0,0.0,0.0,0.0,0.0,0.0,0.0,0.0,0.0,0.0,0.0,31,12,38.7,2.57,0.99,0.10,0.25,24.7,551,663,83.1,9505,2322,243,276,88.0,208,233,89.3,68,90,75.6,16,69,12,2,85,637,24,12,11,15,16,4,1,2,39,3.23,39,3.23,36,0,0,2,1,0,6,0.50,6,0,0,0,0,0,17,8,5,9,3,5,17,29.4,12,13,2,11,5,22,13,1,12.1,787,20,109,441,243,18,787,18,12,66.7,6,33.3,517,2028,1159,24,15,3,18,15,594,53,33038,1718000
Yves Bissouma,MF,Brighton,21,28,17,1774.0,19.7,0,0,0,0,0,0,5,0,1.8,1.8,1.0,2.8,0.00,0.00,0.00,0.00,0.09,0.05,0.09,0.14,0.0,0.0,0.0,0.0,0.0,0.0,0.0,0.0,0.0,0.0,0.0,0.0,0.0,0.0,0.0,0.0,0.0,0.0,0.0,0.0,0.0,0.0,0.0,0.0,31,3,9.7,1.57,0.15,0.00,0.00,26.1,588,730,80.5,8848,2018,338,384,88.0,194,234,82.9,38,66,57.6,13,50,11,0,83,694,30,2,3,5,8,1,3,6,54,2.74,54,2.74,35,1,10,2,6,0,2,0.10,1,0,0,0,1,0,62,30,33,27,2,20,38,52.6,18,21,5,16,33,95,29,2,19.7,1023,45,205,591,251,29,1023,71,47,66.2,24,33.8,577,4194,2080,53,42,11,43,31,620,39,25000,1300000
Álvaro Morata,FW,Chelsea,25,16,11,941.0,10.5,5,0,5,5,0,0,3,0,6.1,6.1,0.2,6.4,0.48,0.00,0.48,0.48,0.59,0.02,0.59,0.61,0.0,0.0,0.0,0.0,0.0,0.0,0.0,0.0,0.0,0.0,0.0,0.0,0.0,0.0,0.0,0.0,0.0,0.0,0.0,0.0,0.0,0.0,0.0,0.0,35,16,45.7,3.35,1.53,0.14,0.31,13.7,176,233,75.5,2172,194,100,121,82.6,42,57,73.7,8,12,66.7,7,13,0,0,13,226,6,0,1,3,3,0,0,1,29,2.77,29,2.77,23,0,2,1,3,0,1,0.10,1,0,0,0,0,0,8,5,0,5,3,1,7,14.3,6,6,1,5,0,8,6,0,10.5,339,7,18,150,175,54,339,13,6,46.2,7,53.8,202,951,351,12,9,10,28,22,294,82,170000,8840000
Çağlar Söyüncü,DF,Leicester City,22,6,4,372.0,4.1,0,0,0,0,0,0,1,0,0.1,0.1,0.0,0.1,0.00,0.00,0.00,0.00,0.02,0.00,0.02,0.02,0.0,0.0,0.0,0.0,0.0,0.0,0.0,0.0,0.0,0.0,0.0,0.0,0.0,0.0,0.0,0.0,0.0,0.0,0.0,0.0,0.0,0.0,0.0,0.0,2,0,0.0,0.48,0.00,0.00,,12.1,187,225,83.1,3116,1195,93,97,95.9,78,91,85.7,12,29,41.4,0,8,2,1,10,216,8,6,0,3,2,2,0,1,1,0.24,1,0.24,0,0,0,1,0,0,0,0.00,0,0,0,0,0,0,5,2,4,1,0,3,6,50.0,3,8,5,3,7,12,22,3,4.1,272,30,147,118,9,2,272,3,2,66.7,1,33.3,166,907,616,2,2,0,2,1,160,0,45000,2340000
Érik Lamela,"MF,FW",Tottenham,26,19,9,974.0,10.8,4,2,6,4,0,0,2,0,3.3,3.3,1.8,5.2,0.37,0.18,0.55,0.37,0.31,0.17,0.31,0.48,0.0,0.0,0.0,0.0,0.0,0.0,0.0,0.0,0.0,0.0,0.0,0.0,0.0,0.0,0.0,0.0,0.0,0.0,0.0,0.0,0.0,0.0,0.0,0.0,29,11,37.9,2.68,1.02,0.14,0.36,16.9,362,454,79.7,4823,1022,230,257,89.5,84,105,80.0,19,31,61.3,22,28,13,2,34,422,29,5,6,0,28,1,20,3,51,4.71,51,4.71,30,9,6,4,2,0,5,0.46,3,1,0,0,1,0,17,13,6,7,4,5,14,35.7,9,14,0,14,7,24,1,0,10.8,586,4,51,248,297,56,586,34,20,58.8,14,41.2,396,2303,1023,34,29,15,29,20,427,95,80000,4160000
Étienne Capoue,MF,Watford,30,33,33,2944.0,32.7,1,3,4,1,0,0,14,1,1.4,1.4,1.0,2.4,0.03,0.09,0.12,0.03,0.04,0.03,0.04,0.07,0.0,0.0,0.0,0.0,0.0,0.0,0.0,0.0,0.0,0.0,0.0,0.0,0.0,0.0,0.0,0.0,0.0,0.0,0.0,0.0,0.0,0.0,0.0,0.0,18,4,22.2,0.55,0.12,0.06,0.25,26.7,1480,1764,83.9,25515,7490,719,804,89.4,552,645,85.6,163,238,68.5,10,133,14,1,170,1702,57,46,5,37,5,5,1,5,42,1.28,42,1.28,32,0,2,2,4,2,7,0.21,5,0,1,0,0,1,91,56,36,48,7,33,87,37.9,54,50,13,37,85,176,96,1,32.7,2155,129,515,1446,216,16,2155,42,32,76.2,10,23.8,1178,4558,2184,17,27,1,18,20,1259,11,40000,2080000
İlkay Gündoğan,MF,Manchester City,27,31,23,2137.0,23.7,6,3,9,6,0,0,3,0,4.1,4.1,4.3,8.4,0.25,0.13,0.38,0.25,0.17,0.18,0.17,0.35,0.0,0.0,0.0,0.0,0.0,0.0,0.0,0.0,0.0,0.0,0.0,0.0,0.0,0.0,0.0,0.0,0.0,0.0,0.0,0.0,0.0,0.0,0.0,0.0,43,11,25.6,1.81,0.46,0.14,0.55,19.5,1845,2108,87.5,28190,6355,970,1030,94.2,628,701,89.6,140,218,64.2,43,184,46,5,205,1974,123,37,17,9,98,5,81,11,102,4.30,102,4.30,75,19,2,4,2,0,13,0.55,12,1,0,0,0,0,19,12,4,12,3,6,31,19.4,25,12,3,9,28,47,19,1,23.7,2295,38,217,1362,736,46,2295,24,19,79.2,5,20.8,1529,7777,4408,82,82,5,28,15,1815,91,140000,7280000
Łukasz Fabiański,GK,West Ham,33,38,38,3420.0,38.0,0,0,0,0,0,0,0,0,0.0,0.0,0.1,0.1,0.00,0.00,0.00,0.00,0.00,0.00,0.00,0.00,1.45,198,143,74.2,7,18.4,62.7,0.31,306,825,37.1,917,155,59.0,43.0,309,91.9,61.3,554,29,5.2,16,0.42,12.1,0,0,,0.00,0.00,,,,681,1238,55.0,26239,22085,55,56,98.2,223,225,99.1,402,943,42.6,2,17,0,0,0,761,465,156,0,1,0,0,0,12,5,0.13,5,0.13,4,1,0,0,0,0,0,0.00,0,0,0,0,0,0,1,0,1,0,0,1,3,33.3,2,0,0,0,1,2,10,1,38.0,1336,1175,1334,2,0,0,1336,2,2,100.0,0,0.0,617,4750,3364,0,1,0,0,0,409,0,65000,3380000
