Player,Pos,Squad,Age,MP,Starts,Min,90s_x,Gls,Ast,G+A,G-PK,PK,PKatt,CrdY,CrdR,xG,npxG,xAG,npxG+xAG,Gls/90,Ast/90,G+A/90,G-PK/90,xG/90,xAG/90,npxG/90,npxG+xAG/90,Gls Against 90,SoTA,Saves,Save%,CS,CS%,PSxG,PSxG/SoT,GK Cmp 40y,GK 40y Att,GK Cmp 40y%,Pass Att (GK),Thr Att (GK),Launch%,AvgLen_Pass (GK),GoalKick Att,GoalKick Launch%,AvgLen_GoalKick,Opp Crosses,Crosses Stp,Crosses Stp%,#OPA,#OPA/90,AvgDist,Sh,SoT,SoT%,Sh/90,SoT/90,G/Sh,G/SoT,Dist,Cmp_tot,Att_tot,Cmp%_tot,TotDist_Passed,PrgDist_Passed,Cmp_short,Att_short,Cmp%_short,Cmp_medium,Att_medium,Cmp%_medium,Cmp_long,Att_long,Cmp%_long,KP,1/3,PPA,CrsPA,PrgP,Live_Passes,Dead,FK,TB,Sw,Crs,TI,CK,Off,SCA,SCA90,SCA,SCA90,PassLive_SCA,PassDead_SCA,TO_SCA,Sh_SCA,Fld_SCA,Def_SCA,GCA,GCA90,PassLive_GCA,PassDead_GCA,TO_GCA,Sh_GCA,Fld_GCA,Def_GCA,Tkl,TklW,Def 3rd Tackles,Mid 3rd Tackles,Att 3rd Tackles,Tkl_Challenge,Att_Challenge,Tkl%_Challenge,Lost_Challenge,Blocks,Sh_block,Pass_block,Int,Tkl+Int,Clr,Err,90s_y,Touches,Def Pen Touches,Def 3rd Touches,Mid 3rd Touches,Att 3rd Touches,Att Pen Touches,Live_Touches,Att_takeon,Succ_takeon,Succ%_takeon,Tkld_takeon,Tkld%_takeon,Carries,TotDist_Carried,PrgDist_Carried,PrgC,1/3_carries,CPA,Mis,Dis,Rec,PrgR,Weekly Wages,Annual Wages
Aaron Connolly,FW,Brighton,19,24,14,1258.0,14.0,3,1,4,3,0,0,0,0,4.0,4.0,0.5,4.5,0.21,0.07,0.29,0.21,0.28,0.04,0.28,0.32,0.0,0.0,0.0,0.0,0.0,0.0,0.0,0.0,0.0,0.0,0.0,0.0,0.0,0.0,0.0,0.0,0.0,0.0,0.0,0.0,0.0,0.0,0.0,0.0,38,13,34.2,2.72,0.93,0.08,0.23,16.2,113,155,72.9,1387,183,66,83,79.5,30,40,75.0,2,2,100.0,6,9,2,0,10,141,14,0,1,0,9,0,0,0,27,1.93,27,1.93,10,0,2,4,11,0,5,0.36,1,0,1,1,2,0,7,6,1,4,2,3,10,30.0,7,11,0,11,0,7,3,0,14.0,318,1,17,131,173,55,318,20,6,30.0,14,70.0,198,1150,417,21,7,12,53,20,225,86,7500,390000
Aaron Cresswell,DF,West Ham,29,31,31,2727.0,30.3,3,0,3,3,0,0,7,0,1.4,1.4,3.2,4.5,0.10,0.00,0.10,0.10,0.05,0.11,0.05,0.15,0.0,0.0,0.0,0.0,0.0,0.0,0.0,0.0,0.0,0.0,0.0,0.0,0.0,0.0,0.0,0.0,0.0,0.0,0.0,0.0,0.0,0.0,0.0,0.0,17,5,29.4,0.56,0.17,0.18,0.60,21.7,1232,1705,72.3,20084,9913,676,753,89.8,425,597,71.2,110,256,43.0,26,135,21,17,166,1314,384,45,0,5,127,320,19,7,51,1.68,51,1.68,37,8,1,1,4,0,1,0.03,1,0,0,0,0,0,43,26,21,18,4,23,46,50.0,23,33,10,23,35,78,75,2,30.3,1975,100,542,922,520,24,1975,34,11,32.4,23,67.6,934,3750,1808,43,33,2,18,10,1043,97,50000,2600000
Aaron Lennon,MF,Burnley,32,16,4,496.0,5.5,0,0,0,0,0,0,4,0,0.0,0.0,0.1,0.2,0.00,0.00,0.00,0.00,0.01,0.03,0.01,0.03,0.0,0.0,0.0,0.0,0.0,0.0,0.0,0.0,0.0,0.0,0.0,0.0,0.0,0.0,0.0,0.0,0.0,0.0,0.0,0.0,0.0,0.0,0.0,0.0,1,0,0.0,0.18,0.00,0.00,,14.7,84,127,66.1,1046,270,55,66,83.3,23,30,76.7,2,11,18.2,2,5,2,1,7,126,1,0,0,0,8,1,0,0,7,1.27,7,1.27,6,0,0,0,1,0,1,0.18,1,0,0,0,0,0,14,8,7,4,3,7,10,70.0,3,6,1,5,8,22,3,0,5.5,182,12,32,77,73,5,182,8,3,37.5,5,62.5,97,599,286,11,8,4,7,4,102,18,35000,1820000
Aaron Mooy,"MF,FW",Brighton,28,31,25,2085.0,23.2,2,2,4,2,0,0,3,1,2.3,2.3,4.5,6.8,0.09,0.09,0.17,0.09,0.10,0.19,0.10,0.29,0.0,0.0,0.0,0.0,0.0,0.0,0.0,0.0,0.0,0.0,0.0,0.0,0.0,0.0,0.0,0.0,0.0,0.0,0.0,0.0,0.0,0.0,0.0,0.0,33,8,24.2,1.42,0.35,0.06,0.25,20.9,818,1092,74.9,12922,3701,459,513,89.5,245,311,78.8,81,169,47.9,39,87,26,5,158,1003,81,23,4,12,109,5,53,8,78,3.37,78,3.37,56,13,4,3,2,0,7,0.30,4,1,2,0,0,0,37,24,9,18,10,6,40,15.0,34,36,7,29,23,60,32,1,23.2,1362,42,170,624,583,38,1362,56,38,67.9,18,32.1,765,4655,2277,71,50,12,44,42,929,135,32500,1690000
Aaron Ramsdale,GK,Bournemouth,21,37,37,3330.0,37.0,0,1,1,0,0,0,0,0,0.0,0.0,0.7,0.7,0.00,0.03,0.03,0.00,0.00,0.02,0.00,0.02,1.68,187,124,69.5,5,13.5,60.7,0.30,183,607,30.1,843,185,48.2,39.2,288,69.8,53.5,591,20,3.4,25,0.68,11.6,0,0,,0.00,0.00,,,,675,1136,59.4,20764,15997,124,128,96.9,308,310,99.4,242,689,35.1,2,20,1,1,0,707,424,136,0,2,1,0,0,5,3,0.08,3,0.08,2,1,0,0,0,0,1,0.03,1,0,0,0,0,0,4,3,4,0,0,3,3,100.0,0,0,0,0,0,4,25,1,37.0,1246,1088,1232,13,1,0,1246,0,0,,0,,662,4021,2641,0,0,0,0,0,403,0,6923,360000
Aaron Wan-Bissaka,DF,Manchester Utd,21,35,34,3070.0,34.1,0,4,4,0,0,0,8,0,0.7,0.7,3.0,3.7,0.00,0.12,0.12,0.00,0.02,0.09,0.02,0.11,0.0,0.0,0.0,0.0,0.0,0.0,0.0,0.0,0.0,0.0,0.0,0.0,0.0,0.0,0.0,0.0,0.0,0.0,0.0,0.0,0.0,0.0,0.0,0.0,7,1,14.3,0.21,0.03,0.00,0.00,15.5,1673,2128,78.6,22117,8018,1083,1214,89.2,473,620,76.3,43,107,40.2,25,102,21,9,134,1746,375,8,2,2,103,367,0,7,51,1.50,51,1.50,45,1,4,1,0,0,8,0.23,7,0,1,0,0,0,129,80,71,50,8,64,86,74.4,22,46,13,33,66,195,83,0,34.1,2571,101,737,1113,745,41,2571,82,54,65.9,28,34.1,1245,6447,3535,100,67,21,34,44,1466,175,90000,4680000
Abdoulaye Doucouré,MF,Watford,26,37,36,3156.0,35.1,4,2,6,4,0,0,9,0,5.2,5.2,3.9,9.0,0.11,0.06,0.17,0.11,0.15,0.11,0.15,0.26,0.0,0.0,0.0,0.0,0.0,0.0,0.0,0.0,0.0,0.0,0.0,0.0,0.0,0.0,0.0,0.0,0.0,0.0,0.0,0.0,0.0,0.0,0.0,0.0,61,12,19.7,1.74,0.34,0.07,0.33,18.3,1320,1712,77.1,19007,4672,714,862,82.8,456,548,83.2,61,101,60.4,38,120,27,2,161,1693,14,8,0,4,29,0,2,5,95,2.71,95,2.71,69,1,11,9,2,3,8,0.23,6,0,0,2,0,0,64,30,29,29,6,16,57,28.1,41,46,8,38,31,95,32,0,35.1,2090,68,387,1100,646,100,2090,67,40,59.7,27,40.3,1241,5965,3130,69,68,16,58,31,1353,96,70000,3640000
Adam Idah,"FW,MF",Norwich City,18,12,1,228.0,2.5,0,0,0,0,0,0,0,0,1.0,1.0,0.0,1.1,0.00,0.00,0.00,0.00,0.40,0.02,0.40,0.41,0.0,0.0,0.0,0.0,0.0,0.0,0.0,0.0,0.0,0.0,0.0,0.0,0.0,0.0,0.0,0.0,0.0,0.0,0.0,0.0,0.0,0.0,0.0,0.0,6,2,33.3,2.37,0.79,0.00,0.00,17.5,36,49,73.5,385,61,27,30,90.0,5,7,71.4,1,2,50.0,1,2,0,0,2,44,5,0,0,0,0,1,0,0,2,0.79,2,0.79,1,0,0,1,0,0,0,0.00,0,0,0,0,0,0,2,2,1,0,1,2,3,66.7,1,4,0,4,0,2,1,0,2.5,83,1,10,38,35,8,83,4,0,0.0,4,100.0,48,230,64,5,1,1,10,5,53,11,0.0,0.0
Adam Lallana,"MF,FW",Liverpool,31,15,3,382.0,4.2,1,1,2,1,0,0,1,0,0.8,0.8,0.6,1.3,0.24,0.24,0.47,0.24,0.18,0.14,0.18,0.31,0.0,0.0,0.0,0.0,0.0,0.0,0.0,0.0,0.0,0.0,0.0,0.0,0.0,0.0,0.0,0.0,0.0,0.0,0.0,0.0,0.0,0.0,0.0,0.0,5,1,20.0,1.18,0.24,0.20,1.00,16.3,229,272,84.2,2865,728,152,166,91.6,57,66,86.4,6,13,46.2,4,24,3,0,23,267,3,1,1,2,3,1,0,2,8,1.88,8,1.88,7,0,0,0,1,0,1,0.24,1,0,0,0,0,0,19,9,7,9,3,6,21,28.6,15,7,0,7,5,24,3,0,4.2,340,7,49,179,116,13,340,5,2,40.0,3,60.0,219,820,392,9,11,1,13,5,234,17,110000,5720000
Adam Masina,DF,Watford,25,26,20,1821.0,20.2,1,0,1,1,0,0,3,0,0.9,0.9,0.6,1.5,0.05,0.00,0.05,0.05,0.05,0.03,0.05,0.07,0.0,0.0,0.0,0.0,0.0,0.0,0.0,0.0,0.0,0.0,0.0,0.0,0.0,0.0,0.0,0.0,0.0,0.0,0.0,0.0,0.0,0.0,0.0,0.0,15,3,20.0,0.74,0.15,0.07,0.33,21.1,574,962,59.7,10202,5055,276,342,80.7,223,367,60.8,65,198,32.8,11,53,13,11,73,743,213,15,1,13,69,190,8,6,24,1.19,24,1.19,21,2,0,1,0,0,1,0.05,0,1,0,0,0,0,38,22,24,11,3,14,37,37.8,23,26,12,14,28,66,66,0,20.2,1197,88,394,553,259,19,1197,16,9,56.3,7,43.8,468,2177,1037,18,15,2,16,12,516,32,28077,1460000
Adam Smith,DF,Bournemouth,28,24,24,2055.0,22.8,0,1,1,0,0,0,7,0,0.8,0.8,1.1,1.8,0.00,0.04,0.04,0.00,0.03,0.05,0.03,0.08,0.0,0.0,0.0,0.0,0.0,0.0,0.0,0.0,0.0,0.0,0.0,0.0,0.0,0.0,0.0,0.0,0.0,0.0,0.0,0.0,0.0,0.0,0.0,0.0,4,1,25.0,0.18,0.04,0.00,0.00,19.5,827,1044,79.2,11632,4435,522,574,90.9,247,310,79.7,36,93,38.7,10,60,7,3,93,847,195,21,0,2,28,173,1,2,31,1.36,31,1.36,28,0,1,0,2,0,1,0.04,1,0,0,0,0,0,47,32,29,16,2,23,50,46.0,27,27,6,21,25,72,64,1,22.8,1321,69,395,610,329,23,1321,51,24,47.1,27,52.9,732,4669,2653,75,52,6,27,14,728,69,35000,1820000
Adam Webster,DF,Brighton,24,31,31,2668.0,29.6,3,1,4,3,0,0,4,0,1.3,1.3,1.3,2.6,0.10,0.03,0.13,0.10,0.05,0.04,0.05,0.09,0.0,0.0,0.0,0.0,0.0,0.0,0.0,0.0,0.0,0.0,0.0,0.0,0.0,0.0,0.0,0.0,0.0,0.0,0.0,0.0,0.0,0.0,0.0,0.0,16,7,43.8,0.54,0.24,0.19,0.43,13.6,1587,1923,82.5,31102,12129,540,628,86.0,862,969,89.0,175,283,61.8,11,85,5,0,119,1837,80,49,1,20,6,31,0,6,30,1.01,30,1.01,23,3,1,1,1,1,1,0.03,1,0,0,0,0,0,30,17,21,8,1,14,32,43.8,18,43,26,17,45,75,110,2,29.6,2223,284,1166,973,97,29,2223,18,14,77.8,4,22.2,1264,7893,5013,29,23,3,19,5,1444,4,35000,1820000
Adama Traoré,"FW,DF",Wolves,23,37,27,2605.0,28.9,4,9,13,4,0,0,1,0,3.8,3.8,6.6,10.4,0.14,0.31,0.45,0.14,0.13,0.23,0.13,0.36,0.0,0.0,0.0,0.0,0.0,0.0,0.0,0.0,0.0,0.0,0.0,0.0,0.0,0.0,0.0,0.0,0.0,0.0,0.0,0.0,0.0,0.0,0.0,0.0,43,12,27.9,1.49,0.41,0.09,0.33,19.8,614,952,64.5,9406,2530,335,425,78.8,202,311,65.0,41,97,42.3,48,55,41,28,88,895,56,0,9,3,183,55,0,1,111,3.83,111,3.83,67,0,31,1,10,2,15,0.52,11,0,3,0,1,0,33,21,6,14,13,8,23,34.8,15,19,3,16,13,46,14,2,28.9,1335,23,133,552,694,106,1335,246,183,74.4,63,25.6,946,10181,5631,252,111,71,88,65,1011,246,43077,2240000
Adrian Mariappa,DF,Watford,32,20,15,1513.0,16.8,0,0,0,0,0,0,6,1,0.2,0.2,0.2,0.5,0.00,0.00,0.00,0.00,0.01,0.01,0.01,0.03,0.0,0.0,0.0,0.0,0.0,0.0,0.0,0.0,0.0,0.0,0.0,0.0,0.0,0.0,0.0,0.0,0.0,0.0,0.0,0.0,0.0,0.0,0.0,0.0,3,0,0.0,0.18,0.00,0.00,,11.1,426,615,69.3,7151,3376,206,241,85.5,173,256,67.6,34,83,41.0,4,35,3,3,38,479,133,5,0,2,22,128,0,3,12,0.71,12,0.71,10,2,0,0,0,0,1,0.06,1,0,0,0,0,0,20,14,15,4,1,11,30,36.7,19,22,7,15,11,31,73,0,16.8,780,89,326,350,106,6,780,1,1,100.0,0,0.0,284,881,356,2,4,0,9,3,331,9,15000,780000
Adrián,GK,Liverpool,32,11,9,875.0,9.7,0,0,0,0,0,0,1,0,0.0,0.0,0.0,0.0,0.00,0.00,0.00,0.00,0.00,0.00,0.00,0.00,1.03,27,17,63.0,2,22.2,7.5,0.28,36,99,36.4,241,51,33.2,33.0,70,27.1,29.2,127,7,5.5,14,1.44,15.3,0,0,,0.00,0.00,,,,238,311,76.5,6251,4149,48,48,100.0,112,113,99.1,78,148,52.7,0,3,0,0,0,217,94,24,0,1,0,0,0,0,2,0.21,2,0.21,2,0,0,0,0,0,0,0.00,0,0,0,0,0,0,1,1,1,0,0,1,1,100.0,0,0,0,0,0,1,8,3,9.7,331,298,331,0,0,0,331,0,0,,0,,193,925,528,0,1,1,0,0,152,0,55000,2860000
Ahmed Elmohamady,DF,Aston Villa,31,18,11,1031.0,11.5,1,1,2,1,0,0,1,0,0.2,0.2,2.8,3.0,0.09,0.09,0.17,0.09,0.02,0.24,0.02,0.26,0.0,0.0,0.0,0.0,0.0,0.0,0.0,0.0,0.0,0.0,0.0,0.0,0.0,0.0,0.0,0.0,0.0,0.0,0.0,0.0,0.0,0.0,0.0,0.0,5,1,20.0,0.44,0.09,0.20,1.00,11.1,496,657,75.5,8552,3169,246,268,91.8,182,251,72.5,57,104,54.8,22,44,25,18,47,550,104,6,0,2,58,98,0,3,36,3.14,36,3.14,33,3,0,0,0,0,1,0.09,1,0,0,0,0,0,19,9,10,7,2,10,21,47.6,11,11,5,6,13,32,25,1,11.5,753,49,211,331,216,14,753,11,7,63.6,4,36.4,386,1970,1263,39,30,4,9,2,438,37,25000,1300000
Ainsley Maitland-Niles,DF,Arsenal,21,20,15,1386.0,15.4,0,2,2,0,0,0,6,1,0.4,0.4,1.5,2.0,0.00,0.13,0.13,0.00,0.03,0.10,0.03,0.13,0.0,0.0,0.0,0.0,0.0,0.0,0.0,0.0,0.0,0.0,0.0,0.0,0.0,0.0,0.0,0.0,0.0,0.0,0.0,0.0,0.0,0.0,0.0,0.0,4,1,25.0,0.26,0.06,0.00,0.00,18.0,841,1025,82.0,12850,4193,446,502,88.8,311,370,84.1,53,95,55.8,11,44,13,5,61,839,185,19,2,4,18,166,0,1,21,1.36,21,1.36,17,1,1,0,0,2,3,0.19,2,0,0,0,0,1,41,23,34,5,2,22,43,51.2,21,12,3,9,28,69,38,0,15.4,1203,71,442,536,233,15,1203,34,19,55.9,15,44.1,596,3219,1917,38,23,9,17,18,744,34,35000,1820000
Akin Famewo,MF,Norwich City,20,1,0,1.0,0.0,0,0,0,0,0,0,0,0,0.0,0.0,0.0,0.0,0.00,0.00,0.00,0.00,0.00,0.00,0.00,0.00,0.0,0.0,0.0,0.0,0.0,0.0,0.0,0.0,0.0,0.0,0.0,0.0,0.0,0.0,0.0,0.0,0.0,0.0,0.0,0.0,0.0,0.0,0.0,0.0,0,0,,0.00,0.00,,,,0,0,,0,0,0,0,,0,0,,0,0,,0,0,0,0,0,0,0,0,0,0,0,0,0,0,0,0.00,0,0.00,0,0,0,0,0,0,0,0.00,0,0,0,0,0,0,0,0,0,0,0,0,0,,0,0,0,0,0,0,0,0,0.0,0,0,0,0,0,0,0,0,0,,0,,0,0,0,0,0,0,0,0,0,0,0.0,0.0
Albian Ajeti,FW,West Ham,22,9,0,139.0,1.5,0,0,0,0,0,0,0,0,0.2,0.2,0.1,0.2,0.00,0.00,0.00,0.00,0.11,0.05,0.11,0.16,0.0,0.0,0.0,0.0,0.0,0.0,0.0,0.0,0.0,0.0,0.0,0.0,0.0,0.0,0.0,0.0,0.0,0.0,0.0,0.0,0.0,0.0,0.0,0.0,3,0,0.0,1.94,0.00,0.00,,15.7,12,15,80.0,117,6,9,12,75.0,1,1,100.0,0,0,,2,1,0,0,0,13,2,0,0,0,0,0,0,0,2,1.29,2,1.29,2,0,0,0,0,0,0,0.00,0,0,0,0,0,0,1,0,0,0,1,0,0,,0,0,0,0,0,1,0,0,1.5,28,0,1,8,19,7,28,2,0,0.0,2,100.0,17,61,8,0,0,1,4,2,22,10,50000,2600000
Alex Iwobi,"MF,FW",Everton,23,25,19,1596.0,17.7,1,0,1,1,0,0,0,0,2.5,2.5,1.9,4.4,0.06,0.00,0.06,0.06,0.14,0.11,0.14,0.25,0.0,0.0,0.0,0.0,0.0,0.0,0.0,0.0,0.0,0.0,0.0,0.0,0.0,0.0,0.0,0.0,0.0,0.0,0.0,0.0,0.0,0.0,0.0,0.0,23,10,43.5,1.30,0.56,0.04,0.10,17.3,457,610,74.9,7868,2410,217,258,84.1,175,224,78.1,46,75,61.3,24,50,28,9,106,597,10,1,9,9,48,2,1,3,54,3.05,54,3.05,50,0,1,3,0,0,2,0.11,2,0,0,0,0,0,25,17,8,15,2,12,33,36.4,21,18,2,16,14,39,10,1,17.7,794,16,116,351,341,47,794,52,32,61.5,20,38.5,534,3317,1800,60,55,12,35,17,542,84,50000,2600000
Alex McCarthy,GK,Southampton,29,28,28,2520.0,28.0,0,0,0,0,0,0,0,0,0.0,0.0,0.0,0.0,0.00,0.00,0.00,0.00,0.00,0.00,0.00,0.00,1.25,113,78,69.9,7,25.0,37.2,0.32,191,528,36.2,643,76,59.1,41.6,178,83.1,56.6,439,25,5.7,27,0.96,12.8,0,0,,0.00,0.00,,,,459,826,55.6,16346,13880,66,67,98.5,154,160,96.3,238,590,40.3,1,22,1,0,1,541,280,102,0,0,0,0,0,5,6,0.21,6,0.21,4,2,0,0,0,0,0,0.00,0,0,0,0,0,0,1,1,1,0,0,1,1,100.0,0,1,0,1,0,1,11,3,28.0,888,678,882,6,0,0,888,2,2,100.0,0,0.0,431,2517,1716,0,0,0,0,0,351,0,50000,2600000
Alex Oxlade-Chamberlain,"MF,FW",Liverpool,25,30,17,1485.0,16.5,4,1,5,4,0,0,1,0,2.8,2.8,1.1,3.9,0.24,0.06,0.30,0.24,0.17,0.06,0.17,0.24,0.0,0.0,0.0,0.0,0.0,0.0,0.0,0.0,0.0,0.0,0.0,0.0,0.0,0.0,0.0,0.0,0.0,0.0,0.0,0.0,0.0,0.0,0.0,0.0,40,10,25.0,2.42,0.61,0.10,0.40,22.5,596,758,78.6,10257,2209,289,332,87.0,220,271,81.2,66,99,66.7,17,77,26,7,97,740,14,1,4,17,46,7,0,4,51,3.09,51,3.09,38,0,5,4,4,0,6,0.36,3,0,2,0,1,0,18,9,4,6,8,5,21,23.8,16,26,1,25,22,40,10,0,16.5,980,15,86,485,419,40,980,49,29,59.2,20,40.8,667,3479,1598,48,39,7,44,23,729,95,120000,6240000
Alexander Tettey,"MF,DF",Norwich City,33,30,28,2338.0,26.0,1,1,2,1,0,0,5,0,0.8,0.8,0.5,1.4,0.04,0.04,0.08,0.04,0.03,0.02,0.03,0.05,0.0,0.0,0.0,0.0,0.0,0.0,0.0,0.0,0.0,0.0,0.0,0.0,0.0,0.0,0.0,0.0,0.0,0.0,0.0,0.0,0.0,0.0,0.0,0.0,23,3,13.0,0.89,0.12,0.04,0.33,24.7,1142,1299,87.9,17374,4412,603,658,91.6,439,476,92.2,58,94,61.7,5,63,4,1,54,1280,19,16,1,0,4,2,1,0,24,0.92,24,0.92,20,0,1,2,0,1,1,0.04,1,0,0,0,0,0,23,18,7,16,0,11,39,28.2,28,20,9,11,43,66,72,1,26.0,1537,119,534,871,142,11,1537,20,15,75.0,5,25.0,924,4306,1928,19,17,1,18,8,957,12,13077,680000
Alexandre Lacazette,FW,Arsenal,28,30,22,1874.0,20.8,10,4,14,10,0,0,8,0,8.1,8.1,2.9,11.1,0.48,0.19,0.67,0.48,0.39,0.14,0.39,0.53,0.0,0.0,0.0,0.0,0.0,0.0,0.0,0.0,0.0,0.0,0.0,0.0,0.0,0.0,0.0,0.0,0.0,0.0,0.0,0.0,0.0,0.0,0.0,0.0,52,26,50.0,2.50,1.25,0.19,0.38,12.6,391,521,75.0,5362,1084,225,262,85.9,105,140,75.0,22,41,53.7,24,25,23,4,49,475,45,0,3,6,15,0,0,1,68,3.27,68,3.27,43,0,7,11,6,1,12,0.58,4,0,3,4,1,0,31,16,8,21,2,9,24,37.5,15,14,0,14,7,38,15,0,20.8,761,21,91,332,347,101,761,47,24,51.1,23,48.9,433,2029,826,21,9,5,54,37,545,137,182115,9470000
Alexis Mac Allister,"MF,FW",Brighton,20,9,4,352.0,3.9,0,0,0,0,0,0,0,0,0.5,0.5,0.3,0.7,0.00,0.00,0.00,0.00,0.12,0.07,0.12,0.19,0.0,0.0,0.0,0.0,0.0,0.0,0.0,0.0,0.0,0.0,0.0,0.0,0.0,0.0,0.0,0.0,0.0,0.0,0.0,0.0,0.0,0.0,0.0,0.0,7,1,14.3,1.79,0.26,0.00,0.00,22.5,77,121,63.6,1144,294,41,51,80.4,25,35,71.4,5,23,21.7,5,6,1,1,6,97,24,9,0,0,23,0,15,0,11,2.81,11,2.81,6,2,1,2,0,0,1,0.26,1,0,0,0,0,0,9,5,4,3,2,5,9,55.6,4,12,0,12,1,10,2,0,3.9,169,1,26,68,79,7,169,4,2,50.0,2,50.0,73,278,115,2,3,1,7,7,85,13,10000,520000
Alireza Jahanbakhsh,"FW,MF",Brighton,25,10,3,311.0,3.5,2,0,2,2,0,0,0,0,0.6,0.6,0.6,1.2,0.58,0.00,0.58,0.58,0.17,0.18,0.17,0.35,0.0,0.0,0.0,0.0,0.0,0.0,0.0,0.0,0.0,0.0,0.0,0.0,0.0,0.0,0.0,0.0,0.0,0.0,0.0,0.0,0.0,0.0,0.0,0.0,12,2,16.7,3.47,0.58,0.17,1.00,19.2,86,138,62.3,1113,338,55,67,82.1,25,46,54.3,2,12,16.7,4,5,3,0,12,135,3,0,1,0,24,2,1,0,12,3.47,12,3.47,8,0,1,1,2,0,0,0.00,0,0,0,0,0,0,8,4,3,2,3,0,2,0.0,2,5,0,5,3,11,2,0,3.5,193,3,21,60,115,10,193,15,8,53.3,7,46.7,118,560,252,8,5,1,8,6,137,51,50000,2600000
Alisson,GK,Liverpool,26,29,29,2543.0,28.3,0,1,1,0,0,0,0,1,0.0,0.0,0.3,0.3,0.00,0.04,0.04,0.00,0.00,0.01,0.00,0.01,0.81,80,58,72.5,13,44.8,19.7,0.24,85,189,45.0,778,140,18.4,27.4,167,27.5,30.9,299,10,3.3,63,2.23,19.2,0,0,,0.00,0.00,,,,820,947,86.6,19608,12630,204,204,100.0,414,424,97.6,199,314,63.4,1,7,0,0,1,723,222,55,0,3,0,0,0,2,5,0.18,5,0.18,5,0,0,0,0,0,2,0.07,2,0,0,0,0,0,0,0,0,0,0,0,2,0.0,2,0,0,0,1,1,13,3,28.3,992,792,983,10,0,0,992,0,0,,0,,600,2483,1531,0,1,1,0,0,495,0,90000,4680000
Allan Saint-Maximin,"MF,FW",Newcastle Utd,22,26,23,1863.0,20.7,3,4,7,3,0,0,0,0,3.3,3.3,3.3,6.6,0.14,0.19,0.34,0.14,0.16,0.16,0.16,0.32,0.0,0.0,0.0,0.0,0.0,0.0,0.0,0.0,0.0,0.0,0.0,0.0,0.0,0.0,0.0,0.0,0.0,0.0,0.0,0.0,0.0,0.0,0.0,0.0,46,21,45.7,2.22,1.01,0.07,0.14,22.5,353,485,72.8,5433,1190,209,246,85.0,87,123,70.7,34,56,60.7,33,22,14,3,49,473,9,1,2,6,45,6,0,3,88,4.25,88,4.25,53,0,22,6,7,0,9,0.44,6,0,1,1,1,0,13,8,7,4,2,4,18,22.2,14,5,2,3,9,22,6,0,20.7,766,12,115,310,388,78,766,180,121,67.2,59,32.8,616,6374,3852,125,74,46,73,51,561,92,60000,3120000
Andre Gray,FW,Watford,28,23,7,755.0,8.4,2,0,2,2,0,0,1,0,2.4,2.4,1.8,4.2,0.24,0.00,0.24,0.24,0.29,0.21,0.29,0.50,0.0,0.0,0.0,0.0,0.0,0.0,0.0,0.0,0.0,0.0,0.0,0.0,0.0,0.0,0.0,0.0,0.0,0.0,0.0,0.0,0.0,0.0,0.0,0.0,19,6,31.6,2.26,0.72,0.11,0.33,12.7,98,155,63.2,1184,282,64,86,74.4,16,28,57.1,5,9,55.6,10,7,8,0,15,150,5,0,0,1,5,0,0,0,17,2.03,17,2.03,13,0,1,2,0,1,1,0.12,0,0,0,1,0,0,4,3,0,2,2,1,3,33.3,2,4,1,3,1,5,2,0,8.4,235,4,10,83,145,39,235,11,6,54.5,5,45.5,147,581,190,6,6,3,31,14,173,64,70000,3640000
Andreas Christensen,DF,Chelsea,23,21,21,1751.0,19.5,0,0,0,0,0,0,5,0,0.5,0.5,0.9,1.4,0.00,0.00,0.00,0.00,0.03,0.05,0.03,0.07,0.0,0.0,0.0,0.0,0.0,0.0,0.0,0.0,0.0,0.0,0.0,0.0,0.0,0.0,0.0,0.0,0.0,0.0,0.0,0.0,0.0,0.0,0.0,0.0,7,2,28.6,0.36,0.10,0.00,0.00,12.7,1199,1314,91.2,23631,7215,351,380,92.4,741,771,96.1,96,137,70.1,4,78,1,0,75,1274,38,33,2,10,0,5,0,2,14,0.72,14,0.72,13,0,0,1,0,0,2,0.10,2,0,0,0,0,0,38,21,25,12,1,15,21,71.4,6,12,8,4,29,67,56,0,19.5,1484,137,690,758,43,12,1484,4,4,100.0,0,0.0,983,5524,3175,17,12,0,4,1,1066,1,80000,4160000
Andreas Pereira,"MF,FW",Manchester Utd,23,25,18,1484.0,16.5,1,3,4,1,0,0,3,0,2.3,2.3,4.0,6.2,0.06,0.18,0.24,0.06,0.14,0.24,0.14,0.38,0.0,0.0,0.0,0.0,0.0,0.0,0.0,0.0,0.0,0.0,0.0,0.0,0.0,0.0,0.0,0.0,0.0,0.0,0.0,0.0,0.0,0.0,0.0,0.0,37,14,37.8,2.24,0.85,0.03,0.07,22.9,569,780,72.9,8948,2634,298,347,85.9,202,259,78.0,47,108,43.5,32,61,15,4,89,692,84,27,2,9,65,8,38,4,63,3.82,63,3.82,50,5,5,2,1,0,8,0.49,7,1,0,0,0,0,24,13,8,9,7,10,39,25.6,29,13,0,13,7,31,7,0,16.5,973,12,89,451,442,48,973,33,20,60.6,13,39.4,554,3151,1596,49,35,13,44,41,715,102,30000,1560000
Andrew Robertson,DF,Liverpool,25,36,34,3111.0,34.6,2,12,14,2,0,0,2,0,1.8,1.8,7.5,9.3,0.06,0.35,0.41,0.06,0.05,0.22,0.05,0.27,0.0,0.0,0.0,0.0,0.0,0.0,0.0,0.0,0.0,0.0,0.0,0.0,0.0,0.0,0.0,0.0,0.0,0.0,0.0,0.0,0.0,0.0,0.0,0.0,22,6,27.3,0.64,0.17,0.09,0.33,18.6,2391,2996,79.8,37653,11408,1298,1441,90.1,874,1072,81.5,153,313,48.9,60,166,56,23,219,2606,386,54,2,28,210,290,42,4,130,3.76,130,3.76,106,15,4,3,0,2,22,0.64,18,2,2,0,0,0,54,31,17,25,12,27,61,44.3,34,29,7,22,38,92,72,1,34.6,3296,89,622,1575,1129,83,3296,44,22,50.0,22,50.0,2152,10659,6603,149,115,20,50,9,2317,277,50000,2600000
Andrew Surman,MF,Bournemouth,32,5,2,235.0,2.6,0,0,0,0,0,0,1,0,0.0,0.0,0.0,0.1,0.00,0.00,0.00,0.00,0.01,0.02,0.01,0.02,0.0,0.0,0.0,0.0,0.0,0.0,0.0,0.0,0.0,0.0,0.0,0.0,0.0,0.0,0.0,0.0,0.0,0.0,0.0,0.0,0.0,0.0,0.0,0.0,1,0,0.0,0.38,0.00,0.00,,26.6,105,130,80.8,1812,472,49,60,81.7,40,48,83.3,11,16,68.8,1,6,1,0,5,120,10,8,0,2,3,0,2,0,1,0.38,1,0.38,1,0,0,0,0,0,0,0.00,0,0,0,0,0,0,4,2,2,2,0,1,3,33.3,2,1,0,1,1,5,5,1,2.6,152,9,52,82,20,0,152,0,0,,0,,87,311,102,1,1,0,4,2,85,1,35000,1820000
Andriy Yarmolenko,"MF,FW",West Ham,29,23,10,991.0,11.0,5,1,6,5,0,0,2,0,2.4,2.4,3.5,5.9,0.45,0.09,0.54,0.45,0.22,0.32,0.22,0.54,0.0,0.0,0.0,0.0,0.0,0.0,0.0,0.0,0.0,0.0,0.0,0.0,0.0,0.0,0.0,0.0,0.0,0.0,0.0,0.0,0.0,0.0,0.0,0.0,26,13,50.0,2.36,1.18,0.19,0.38,17.8,331,425,77.9,5093,1146,193,218,88.5,95,125,76.0,30,53,56.6,19,17,11,2,41,419,6,3,2,11,20,2,1,0,36,3.27,36,3.27,31,0,2,2,1,0,5,0.45,4,0,1,0,0,0,13,8,5,6,2,5,20,25.0,15,3,1,2,6,19,4,0,11.0,523,9,75,196,255,49,523,16,10,62.5,6,37.5,362,2066,963,40,14,24,23,11,412,64,40000,2080000
Andros Townsend,"FW,MF",Crystal Palace,28,24,14,1294.0,14.4,1,1,2,1,0,0,0,0,0.4,0.4,1.9,2.3,0.07,0.07,0.14,0.07,0.03,0.13,0.03,0.16,0.0,0.0,0.0,0.0,0.0,0.0,0.0,0.0,0.0,0.0,0.0,0.0,0.0,0.0,0.0,0.0,0.0,0.0,0.0,0.0,0.0,0.0,0.0,0.0,12,5,41.7,0.83,0.35,0.08,0.20,26.1,328,473,69.3,4834,1596,193,217,88.9,99,137,72.3,19,70,27.1,13,23,24,12,44,435,36,9,1,3,67,11,9,2,32,2.23,32,2.23,24,1,3,3,1,0,2,0.14,2,0,0,0,0,0,34,21,12,17,5,15,37,40.5,22,18,0,18,15,49,10,1,14.4,642,16,110,264,288,17,642,53,38,71.7,15,28.3,405,3221,1405,56,46,9,32,35,407,77,55000,2860000
André Gomes,MF,Everton,26,19,17,1458.0,16.2,0,1,1,0,0,0,6,0,0.2,0.2,1.1,1.2,0.00,0.06,0.06,0.00,0.01,0.07,0.01,0.08,0.0,0.0,0.0,0.0,0.0,0.0,0.0,0.0,0.0,0.0,0.0,0.0,0.0,0.0,0.0,0.0,0.0,0.0,0.0,0.0,0.0,0.0,0.0,0.0,5,0,0.0,0.31,0.00,0.00,,23.5,726,867,83.7,14718,4049,271,306,88.6,319,351,90.9,120,172,69.8,11,86,12,2,105,839,26,14,3,33,12,2,1,2,31,1.91,31,1.91,27,1,2,0,1,0,2,0.12,1,0,0,0,1,0,22,15,7,11,4,8,62,12.9,54,20,3,17,7,29,7,0,16.2,984,31,217,631,148,11,984,35,25,71.4,10,28.6,620,2741,1159,10,17,1,20,23,700,16,112308,5840000
Andy Carroll,FW,Newcastle Utd,30,19,4,632.0,7.0,0,4,4,0,0,0,1,0,1.2,1.2,1.4,2.6,0.00,0.57,0.57,0.00,0.17,0.20,0.17,0.37,0.0,0.0,0.0,0.0,0.0,0.0,0.0,0.0,0.0,0.0,0.0,0.0,0.0,0.0,0.0,0.0,0.0,0.0,0.0,0.0,0.0,0.0,0.0,0.0,16,3,18.8,2.28,0.43,0.00,0.00,14.3,129,214,60.3,1824,420,75,104,72.1,34,61,55.7,10,17,58.8,12,9,8,2,17,209,4,0,0,3,5,0,0,1,19,2.71,19,2.71,18,0,0,0,1,0,5,0.71,5,0,0,0,0,0,5,3,3,2,0,2,8,25.0,6,2,1,1,2,7,24,1,7.0,316,27,39,156,122,30,316,11,6,54.5,5,45.5,133,478,109,4,5,0,24,11,236,34,20000,1040000
Angel Gomes,MF,Manchester Utd,18,2,0,21.0,0.2,0,0,0,0,0,0,0,0,0.0,0.0,0.1,0.1,0.00,0.00,0.00,0.00,0.00,0.59,0.00,0.59,0.0,0.0,0.0,0.0,0.0,0.0,0.0,0.0,0.0,0.0,0.0,0.0,0.0,0.0,0.0,0.0,0.0,0.0,0.0,0.0,0.0,0.0,0.0,0.0,0,0,,0.00,0.00,,,,11,13,84.6,214,85,4,5,80.0,4,5,80.0,2,2,100.0,2,3,3,0,4,13,0,0,1,1,0,0,0,0,2,8.57,2,8.57,2,0,0,0,0,0,0,0.00,0,0,0,0,0,0,0,0,0,0,0,0,0,,0,1,0,1,0,0,0,0,0.2,16,0,1,10,5,1,16,0,0,,0,,12,73,43,2,2,1,1,0,15,2,0.0,0.0
Angeliño,DF,Manchester City,22,6,4,423.0,4.7,0,0,0,0,0,0,1,0,0.2,0.2,1.5,1.7,0.00,0.00,0.00,0.00,0.05,0.32,0.05,0.36,0.0,0.0,0.0,0.0,0.0,0.0,0.0,0.0,0.0,0.0,0.0,0.0,0.0,0.0,0.0,0.0,0.0,0.0,0.0,0.0,0.0,0.0,0.0,0.0,5,0,0.0,1.06,0.00,0.00,,19.8,333,429,77.6,5053,1272,178,201,88.6,131,169,77.5,16,36,44.4,9,30,16,9,41,377,50,4,0,1,43,46,0,2,15,3.19,15,3.19,15,0,0,0,0,0,0,0.00,0,0,0,0,0,0,5,2,3,1,1,5,7,71.4,2,1,0,1,9,14,15,0,4.7,478,14,89,186,208,11,478,5,4,80.0,1,20.0,333,1405,797,21,28,1,6,3,338,70,60000,3120000
Angelo Ogbonna,DF,West Ham,31,31,31,2786.0,31.0,2,0,2,2,0,0,4,0,1.8,1.8,0.1,1.9,0.06,0.00,0.06,0.06,0.06,0.00,0.06,0.06,0.0,0.0,0.0,0.0,0.0,0.0,0.0,0.0,0.0,0.0,0.0,0.0,0.0,0.0,0.0,0.0,0.0,0.0,0.0,0.0,0.0,0.0,0.0,0.0,13,4,30.8,0.42,0.13,0.15,0.50,11.0,745,984,75.7,15016,6089,233,272,85.7,410,489,83.8,98,199,49.2,2,45,1,0,50,961,18,18,1,4,2,0,0,5,11,0.36,11,0.36,9,0,0,1,0,1,0,0.00,0,0,0,0,0,0,38,24,20,14,4,18,32,56.3,14,50,32,18,27,65,134,1,31.0,1301,211,674,582,49,29,1301,5,5,100.0,0,0.0,607,3429,1407,5,5,1,8,2,620,5,70000,3640000
Angus Gunn,GK,Southampton,23,10,10,900.0,10.0,0,0,0,0,0,0,0,0,0.0,0.0,0.0,0.0,0.00,0.00,0.00,0.00,0.00,0.00,0.00,0.00,2.50,55,30,58.2,2,20.0,17.5,0.28,38,178,21.3,181,27,62.4,42.3,77,84.4,55.5,139,4,2.9,12,1.20,17.0,0,0,,0.00,0.00,,,,114,258,44.2,3506,2767,32,32,100.0,36,38,94.7,46,188,24.5,0,5,1,0,0,147,111,34,0,0,0,0,0,0,1,0.10,1,0.10,0,1,0,0,0,0,0,0.00,0,0,0,0,0,0,1,1,1,0,0,1,3,33.3,2,0,0,0,0,1,1,0,10.0,277,221,276,1,0,0,277,0,0,,0,,121,966,703,0,0,0,0,0,83,0,40000,2080000
Anthony Gordon,"MF,FW",Everton,18,11,4,440.0,4.9,0,1,1,0,0,0,0,0,0.3,0.3,0.4,0.7,0.00,0.20,0.20,0.00,0.06,0.08,0.06,0.14,0.0,0.0,0.0,0.0,0.0,0.0,0.0,0.0,0.0,0.0,0.0,0.0,0.0,0.0,0.0,0.0,0.0,0.0,0.0,0.0,0.0,0.0,0.0,0.0,6,1,16.7,1.23,0.20,0.00,0.00,20.8,93,121,76.9,1465,374,52,58,89.7,29,38,76.3,9,15,60.0,6,9,1,1,9,110,10,5,3,0,7,0,0,1,8,1.64,8,1.64,5,2,0,0,1,0,0,0.00,0,0,0,0,0,0,11,7,5,6,0,5,15,33.3,10,6,2,4,8,19,4,0,4.9,191,2,35,91,69,7,191,16,11,68.8,5,31.3,117,814,382,13,13,2,11,8,126,26,0.0,0.0
Anthony Martial,FW,Manchester Utd,23,32,31,2624.0,29.2,17,6,23,17,0,1,1,0,12.1,11.3,4.4,15.7,0.58,0.21,0.79,0.58,0.41,0.15,0.39,0.54,0.0,0.0,0.0,0.0,0.0,0.0,0.0,0.0,0.0,0.0,0.0,0.0,0.0,0.0,0.0,0.0,0.0,0.0,0.0,0.0,0.0,0.0,0.0,0.0,79,38,48.1,2.71,1.30,0.22,0.45,16.5,580,731,79.3,7220,1694,349,395,88.4,160,196,81.6,16,22,72.7,30,37,37,2,82,694,34,4,5,0,11,5,0,3,100,3.43,100,3.43,77,0,11,6,6,0,20,0.69,14,0,2,2,2,0,15,12,1,4,10,1,16,6.3,15,18,1,17,5,20,17,0,29.2,1042,18,48,329,677,157,1041,97,50,51.5,47,48.5,705,4107,1911,76,54,45,74,61,886,275,250000,13000000
Antonio Rüdiger,DF,Chelsea,26,20,19,1710.0,19.0,2,0,2,2,0,0,3,0,0.9,0.9,0.6,1.5,0.11,0.00,0.11,0.11,0.05,0.03,0.05,0.08,0.0,0.0,0.0,0.0,0.0,0.0,0.0,0.0,0.0,0.0,0.0,0.0,0.0,0.0,0.0,0.0,0.0,0.0,0.0,0.0,0.0,0.0,0.0,0.0,12,3,25.0,0.63,0.16,0.17,0.67,13.6,1301,1511,86.1,26935,8793,353,387,91.2,776,834,93.0,159,255,62.4,5,112,6,1,99,1471,33,28,3,26,7,5,0,7,13,0.68,13,0.68,11,0,0,2,0,0,0,0.00,0,0,0,0,0,0,28,18,19,7,2,16,25,64.0,9,15,9,6,16,44,59,1,19.0,1667,152,738,872,68,16,1667,4,3,75.0,1,25.0,1145,6329,3816,11,23,0,5,3,1216,0,100000,5200000
Anwar El Ghazi,"FW,MF",Aston Villa,24,34,26,2051.0,22.8,4,4,8,3,1,1,3,0,6.2,5.4,2.7,8.2,0.18,0.18,0.35,0.13,0.27,0.12,0.24,0.36,0.0,0.0,0.0,0.0,0.0,0.0,0.0,0.0,0.0,0.0,0.0,0.0,0.0,0.0,0.0,0.0,0.0,0.0,0.0,0.0,0.0,0.0,0.0,0.0,51,19,37.3,2.24,0.83,0.06,0.16,18.9,390,607,64.3,5945,1595,234,294,79.6,93,160,58.1,39,80,48.8,30,20,21,14,47,564,39,3,1,9,107,17,18,4,58,2.55,58,2.55,38,7,5,5,3,0,6,0.26,4,0,2,0,0,0,20,11,12,5,3,8,26,30.8,18,10,1,9,13,33,16,1,22.8,840,21,111,276,466,64,839,52,29,55.8,23,44.2,501,3267,1633,65,57,8,54,35,604,155,30962,1610000
Armando Broja,FW,Chelsea,17,1,0,5.0,0.1,0,0,0,0,0,0,0,0,0.0,0.0,0.0,0.0,0.00,0.00,0.00,0.00,0.00,0.00,0.00,0.00,0.0,0.0,0.0,0.0,0.0,0.0,0.0,0.0,0.0,0.0,0.0,0.0,0.0,0.0,0.0,0.0,0.0,0.0,0.0,0.0,0.0,0.0,0.0,0.0,0,0,,0.00,0.00,,,,1,1,100.0,10,0,1,1,100.0,0,0,,0,0,,0,0,0,0,0,1,0,0,0,0,0,0,0,0,0,0.00,0,0.00,0,0,0,0,0,0,0,0.00,0,0,0,0,0,0,0,0,0,0,0,0,0,,0,0,0,0,0,0,0,0,0.1,2,0,0,0,2,0,2,0,0,,0,,4,7,0,0,0,0,0,1,4,2,0.0,0.0
Arnaut Danjuma,MF,Bournemouth,22,14,6,630.0,7.0,0,0,0,0,0,0,0,0,1.2,1.2,0.2,1.4,0.00,0.00,0.00,0.00,0.17,0.03,0.17,0.20,0.0,0.0,0.0,0.0,0.0,0.0,0.0,0.0,0.0,0.0,0.0,0.0,0.0,0.0,0.0,0.0,0.0,0.0,0.0,0.0,0.0,0.0,0.0,0.0,13,4,30.8,1.86,0.57,0.00,0.00,19.0,183,233,78.5,2768,574,99,118,83.9,66,79,83.5,12,19,63.2,5,11,4,1,21,225,7,3,0,1,9,2,2,1,12,1.72,12,1.72,9,1,1,0,1,0,1,0.14,0,0,1,0,0,0,4,2,3,1,0,1,4,25.0,3,2,0,2,8,12,4,1,7.0,306,3,59,136,119,22,306,38,21,55.3,17,44.7,227,1820,823,31,19,13,12,14,239,60,35000,1820000
Arthur Masuaku,DF,West Ham,25,17,10,937.0,10.4,0,1,1,0,0,0,6,1,0.1,0.1,1.2,1.3,0.00,0.10,0.10,0.00,0.01,0.11,0.01,0.13,0.0,0.0,0.0,0.0,0.0,0.0,0.0,0.0,0.0,0.0,0.0,0.0,0.0,0.0,0.0,0.0,0.0,0.0,0.0,0.0,0.0,0.0,0.0,0.0,5,2,40.0,0.48,0.19,0.00,0.00,27.7,476,609,78.2,6764,2668,303,348,87.1,137,167,82.0,23,53,43.4,7,32,5,3,40,519,88,9,2,7,25,79,0,2,10,0.96,10,0.96,10,0,0,0,0,0,1,0.10,1,0,0,0,0,0,41,23,24,13,4,23,39,59.0,16,19,5,14,14,55,23,0,10.4,767,45,243,365,166,12,767,44,27,61.4,17,38.6,392,2591,1511,41,30,8,15,19,430,37,40000,2080000
Ashley Barnes,FW,Burnley,29,19,17,1352.0,15.0,6,0,6,5,1,1,4,0,6.2,5.4,0.3,5.7,0.40,0.00,0.40,0.33,0.41,0.02,0.36,0.38,0.0,0.0,0.0,0.0,0.0,0.0,0.0,0.0,0.0,0.0,0.0,0.0,0.0,0.0,0.0,0.0,0.0,0.0,0.0,0.0,0.0,0.0,0.0,0.0,39,11,28.2,2.60,0.73,0.13,0.45,15.9,138,259,53.3,1684,364,83,120,69.2,37,74,50.0,4,18,22.2,5,5,8,0,18,255,2,0,3,0,5,1,0,2,24,1.60,24,1.60,16,0,1,2,5,0,3,0.20,2,0,0,0,1,0,10,5,3,5,2,3,9,33.3,6,7,2,5,6,16,9,0,15.0,418,11,36,191,193,50,417,14,6,42.9,8,57.1,270,900,341,10,6,5,38,19,335,61,40000,2080000
Ashley Westwood,MF,Burnley,29,35,35,3150.0,35.0,2,6,8,2,0,0,9,0,1.1,1.1,6.2,7.3,0.06,0.17,0.23,0.06,0.03,0.18,0.03,0.21,0.0,0.0,0.0,0.0,0.0,0.0,0.0,0.0,0.0,0.0,0.0,0.0,0.0,0.0,0.0,0.0,0.0,0.0,0.0,0.0,0.0,0.0,0.0,0.0,13,3,23.1,0.37,0.09,0.15,0.67,20.2,1413,1902,74.3,25746,8166,588,668,88.0,576,706,81.6,191,417,45.8,54,172,33,10,177,1666,224,65,4,10,146,3,93,12,106,3.03,106,3.03,70,30,0,3,2,1,8,0.23,3,5,0,0,0,0,54,33,15,32,7,17,48,35.4,31,23,11,12,32,86,32,3,35.0,2140,61,297,1368,489,22,2139,20,8,40.0,12,60.0,996,3766,1628,22,21,0,28,11,1278,33,30962,1610000
Ashley Young,DF,Manchester Utd,34,12,10,955.0,10.6,0,0,0,0,0,0,5,0,0.1,0.1,1.5,1.6,0.00,0.00,0.00,0.00,0.01,0.14,0.01,0.15,0.0,0.0,0.0,0.0,0.0,0.0,0.0,0.0,0.0,0.0,0.0,0.0,0.0,0.0,0.0,0.0,0.0,0.0,0.0,0.0,0.0,0.0,0.0,0.0,3,0,0.0,0.28,0.00,0.00,,21.3,573,752,76.2,9882,3842,294,325,90.5,208,265,78.5,60,129,46.5,19,57,10,2,72,571,177,26,0,3,62,115,36,4,30,2.83,30,2.83,14,14,0,0,1,1,0,0.00,0,0,0,0,0,0,14,7,7,4,3,5,17,29.4,12,8,2,6,11,25,29,0,10.6,851,35,185,444,229,7,851,14,7,50.0,7,50.0,380,1682,1035,25,17,3,9,7,488,35,120000,6240000
Axel Tuanzebe,DF,Manchester Utd,21,5,2,189.0,2.1,0,0,0,0,0,0,0,0,0.0,0.0,0.0,0.0,0.00,0.00,0.00,0.00,0.00,0.00,0.00,0.00,0.0,0.0,0.0,0.0,0.0,0.0,0.0,0.0,0.0,0.0,0.0,0.0,0.0,0.0,0.0,0.0,0.0,0.0,0.0,0.0,0.0,0.0,0.0,0.0,0,0,,0.00,0.00,,,,132,149,88.6,2097,517,72,79,91.1,44,47,93.6,12,16,75.0,0,6,0,0,8,136,13,1,0,1,1,12,0,0,2,0.95,2,0.95,1,0,0,0,1,0,0,0.00,0,0,0,0,0,0,2,2,0,2,0,1,2,50.0,1,1,0,1,5,7,5,1,2.1,176,8,51,102,24,0,176,3,0,0.0,3,100.0,88,536,277,1,3,0,1,2,114,2,35000,1820000
Aymeric Laporte,DF,Manchester City,25,15,14,1097.0,12.2,1,0,1,1,0,0,1,0,0.5,0.5,0.1,0.7,0.08,0.00,0.08,0.08,0.04,0.01,0.04,0.05,0.0,0.0,0.0,0.0,0.0,0.0,0.0,0.0,0.0,0.0,0.0,0.0,0.0,0.0,0.0,0.0,0.0,0.0,0.0,0.0,0.0,0.0,0.0,0.0,4,2,50.0,0.33,0.16,0.25,0.50,16.3,1067,1153,92.5,20092,6860,382,400,95.5,559,582,96.0,111,144,77.1,3,116,2,0,112,1139,14,9,0,14,0,5,0,0,12,0.98,12,0.98,11,0,0,1,0,0,1,0.08,1,0,0,0,0,0,13,6,6,7,0,4,9,44.4,5,6,5,1,20,33,26,1,12.2,1228,80,432,765,35,8,1228,3,2,66.7,1,33.3,946,5450,3802,23,18,0,1,1,978,3,120000,6240000
Ayoze Pérez,"MF,FW",Leicester City,26,33,26,2004.0,22.3,8,4,12,7,1,1,0,0,6.5,5.7,4.0,9.7,0.36,0.18,0.54,0.31,0.29,0.18,0.26,0.44,0.0,0.0,0.0,0.0,0.0,0.0,0.0,0.0,0.0,0.0,0.0,0.0,0.0,0.0,0.0,0.0,0.0,0.0,0.0,0.0,0.0,0.0,0.0,0.0,46,21,45.7,2.07,0.94,0.15,0.33,14.5,597,770,77.5,7574,1749,394,453,87.0,140,180,77.8,20,33,60.6,28,44,28,5,62,750,16,4,9,2,27,5,0,4,75,3.37,75,3.37,58,1,8,2,5,1,15,0.67,11,1,2,0,0,1,45,28,14,26,5,8,54,14.8,46,33,1,32,14,59,9,1,22.3,1086,13,126,472,497,115,1085,68,36,52.9,32,47.1,694,2975,1475,47,34,28,63,58,791,159,45000,2340000
Ben Chilwell,DF,Leicester City,22,27,27,2373.0,26.4,3,3,6,3,0,0,3,0,1.0,1.0,3.9,4.9,0.11,0.11,0.23,0.11,0.04,0.15,0.04,0.19,0.0,0.0,0.0,0.0,0.0,0.0,0.0,0.0,0.0,0.0,0.0,0.0,0.0,0.0,0.0,0.0,0.0,0.0,0.0,0.0,0.0,0.0,0.0,0.0,16,6,37.5,0.61,0.23,0.19,0.50,19.1,1544,2021,76.4,23939,7050,852,953,89.4,573,724,79.1,86,227,37.9,34,109,22,10,126,1715,302,34,3,12,103,260,8,4,72,2.73,72,2.73,58,7,2,2,2,1,8,0.30,8,0,0,0,0,0,43,26,28,13,2,23,52,44.2,29,30,6,24,28,71,68,2,26.4,2329,73,592,1076,683,48,2329,50,19,38.0,31,62.0,1427,8189,4644,109,77,16,50,22,1537,180,65000,3380000
Ben Davies,DF,Tottenham,26,18,16,1431.0,15.9,0,0,0,0,0,0,6,0,0.2,0.2,0.9,1.1,0.00,0.00,0.00,0.00,0.01,0.05,0.01,0.07,0.0,0.0,0.0,0.0,0.0,0.0,0.0,0.0,0.0,0.0,0.0,0.0,0.0,0.0,0.0,0.0,0.0,0.0,0.0,0.0,0.0,0.0,0.0,0.0,7,1,14.3,0.44,0.06,0.00,0.00,23.1,733,978,74.9,11305,4563,392,445,88.1,278,380,73.2,42,91,46.2,9,52,10,7,53,813,163,12,1,0,29,151,0,2,17,1.07,17,1.07,16,0,0,1,0,0,0,0.00,0,0,0,0,0,0,28,15,13,11,4,7,21,33.3,14,28,12,16,22,50,47,0,15.9,1144,55,354,590,201,18,1144,18,9,50.0,9,50.0,600,2447,1399,32,20,2,7,9,643,54,60000,3120000
Ben Foster,GK,Watford,36,38,38,3420.0,38.0,0,0,0,0,0,0,1,0,0.1,0.1,0.0,0.1,0.00,0.00,0.00,0.00,0.00,0.00,0.00,0.00,1.68,178,116,68.5,9,23.7,62.6,0.31,302,923,32.7,912,118,71.7,46.9,295,91.2,62.2,581,30,5.2,55,1.45,15.9,1,1,100.0,0.03,0.03,0.00,0.00,10.0,552,1221,45.2,22850,20464,44,46,95.7,147,152,96.7,361,1009,35.8,1,30,1,0,0,735,472,177,0,3,0,0,0,14,4,0.11,4,0.11,1,3,0,0,0,0,1,0.03,1,0,0,0,0,0,1,0,1,0,0,1,3,33.3,2,1,0,1,0,1,16,2,38.0,1320,998,1285,34,1,1,1320,2,2,100.0,0,0.0,623,4891,3465,0,0,0,0,0,386,0,30000,1560000
Ben Godfrey,DF,Norwich City,21,30,30,2644.0,29.4,0,0,0,0,0,0,3,1,0.7,0.7,0.1,0.8,0.00,0.00,0.00,0.00,0.02,0.00,0.02,0.03,0.0,0.0,0.0,0.0,0.0,0.0,0.0,0.0,0.0,0.0,0.0,0.0,0.0,0.0,0.0,0.0,0.0,0.0,0.0,0.0,0.0,0.0,0.0,0.0,15,6,40.0,0.51,0.20,0.00,0.00,18.2,1470,1675,87.8,27514,8885,577,614,94.0,726,786,92.4,151,234,64.5,3,64,2,0,76,1634,40,29,1,28,3,11,0,1,13,0.44,13,0.44,10,0,0,3,0,0,1,0.03,1,0,0,0,0,0,22,14,18,3,1,10,18,55.6,8,41,37,4,25,47,152,3,29.4,1974,365,1242,687,65,12,1974,12,8,66.7,4,33.3,1309,6661,3619,23,19,6,13,4,1362,2,5000,260000
Ben Johnson,DF,West Ham,19,3,3,270.0,3.0,0,0,0,0,0,0,0,0,0.0,0.0,0.1,0.1,0.00,0.00,0.00,0.00,0.00,0.02,0.00,0.02,0.0,0.0,0.0,0.0,0.0,0.0,0.0,0.0,0.0,0.0,0.0,0.0,0.0,0.0,0.0,0.0,0.0,0.0,0.0,0.0,0.0,0.0,0.0,0.0,1,0,0.0,0.33,0.00,0.00,,28.8,110,162,67.9,1741,877,62,71,87.3,36,52,69.2,8,24,33.3,1,15,3,2,19,132,29,0,0,5,11,29,0,1,4,1.33,4,1.33,3,1,0,0,0,0,2,0.67,2,0,0,0,0,0,8,4,7,1,0,7,10,70.0,3,5,2,3,3,11,11,0,3.0,195,14,71,82,42,0,195,1,1,100.0,0,0.0,99,418,160,7,2,0,3,1,106,8,0.0,0.0
Ben Mee,DF,Burnley,29,32,32,2880.0,32.0,1,1,2,1,0,0,7,0,1.7,1.7,1.6,3.2,0.03,0.03,0.06,0.03,0.05,0.05,0.05,0.10,0.0,0.0,0.0,0.0,0.0,0.0,0.0,0.0,0.0,0.0,0.0,0.0,0.0,0.0,0.0,0.0,0.0,0.0,0.0,0.0,0.0,0.0,0.0,0.0,17,6,35.3,0.53,0.19,0.06,0.17,9.0,906,1272,71.2,18544,7882,284,343,82.8,497,595,83.5,117,296,39.5,9,54,1,0,56,1215,52,45,0,9,3,7,0,5,28,0.87,28,0.87,17,1,2,7,1,0,2,0.06,1,0,0,1,0,0,41,22,25,16,0,17,29,58.6,12,42,31,11,42,83,165,2,32.0,1633,225,764,828,56,45,1633,7,6,85.7,1,14.3,717,3098,1390,5,0,0,14,3,789,5,55000,2860000
Ben Osborn,"MF,DF",Sheffield Utd,24,13,6,594.0,6.6,0,0,0,0,0,0,0,0,0.3,0.3,0.9,1.1,0.00,0.00,0.00,0.00,0.04,0.13,0.04,0.17,0.0,0.0,0.0,0.0,0.0,0.0,0.0,0.0,0.0,0.0,0.0,0.0,0.0,0.0,0.0,0.0,0.0,0.0,0.0,0.0,0.0,0.0,0.0,0.0,3,1,33.3,0.45,0.15,0.00,0.00,13.8,176,258,68.2,2571,661,105,125,84.0,47,69,68.1,13,36,36.1,7,10,4,2,25,243,13,1,0,2,16,9,3,2,14,2.12,14,2.12,12,0,0,1,1,0,4,0.61,3,0,0,1,0,0,15,10,11,3,1,3,16,18.8,13,6,1,5,6,21,7,0,6.6,322,16,63,132,130,16,322,8,4,50.0,4,50.0,172,682,293,7,6,0,5,0,198,23,4038,210000
Benjamin Mendy,DF,Manchester City,25,19,18,1492.0,16.6,0,2,2,0,0,0,3,0,0.4,0.4,1.4,1.8,0.00,0.12,0.12,0.00,0.02,0.09,0.02,0.11,0.0,0.0,0.0,0.0,0.0,0.0,0.0,0.0,0.0,0.0,0.0,0.0,0.0,0.0,0.0,0.0,0.0,0.0,0.0,0.0,0.0,0.0,0.0,0.0,10,1,10.0,0.60,0.06,0.00,0.00,22.5,1107,1309,84.6,16971,4228,595,648,91.8,403,465,86.7,68,109,62.4,20,53,32,13,87,1174,130,15,0,8,86,115,0,5,41,2.47,41,2.47,37,1,1,2,0,0,7,0.42,5,1,0,1,0,0,18,15,7,7,4,9,27,33.3,18,10,2,8,16,34,21,3,16.6,1434,32,220,688,539,10,1434,27,19,70.4,8,29.6,1010,4046,2269,60,58,5,13,17,1069,176,100000,5200000
Bernard,"MF,FW",Everton,26,27,15,1280.0,14.2,3,2,5,3,0,0,2,0,1.8,1.8,2.4,4.1,0.21,0.14,0.35,0.21,0.13,0.17,0.13,0.29,0.0,0.0,0.0,0.0,0.0,0.0,0.0,0.0,0.0,0.0,0.0,0.0,0.0,0.0,0.0,0.0,0.0,0.0,0.0,0.0,0.0,0.0,0.0,0.0,12,5,41.7,0.84,0.35,0.25,0.60,16.6,423,578,73.2,6033,1772,230,279,82.4,138,181,76.2,22,44,50.0,24,42,26,6,76,561,17,1,5,3,36,2,6,0,51,3.58,51,3.58,40,0,5,2,1,3,4,0.28,3,0,1,0,0,0,32,22,12,14,6,13,44,29.5,31,22,2,20,16,48,7,0,14.2,762,9,87,352,334,44,762,50,30,60.0,20,40.0,519,2835,1401,40,36,15,40,29,537,106,120000,6240000
Bernardo,"DF,MF",Brighton,24,14,7,679.0,7.5,0,0,0,0,0,0,1,0,0.5,0.5,1.1,1.6,0.00,0.00,0.00,0.00,0.06,0.15,0.06,0.21,0.0,0.0,0.0,0.0,0.0,0.0,0.0,0.0,0.0,0.0,0.0,0.0,0.0,0.0,0.0,0.0,0.0,0.0,0.0,0.0,0.0,0.0,0.0,0.0,7,2,28.6,0.93,0.27,0.00,0.00,17.6,286,395,72.4,4415,1827,147,181,81.2,118,158,74.7,12,34,35.3,4,22,8,1,56,346,49,1,0,0,17,48,0,0,10,1.33,10,1.33,9,1,0,0,0,0,0,0.00,0,0,0,0,0,0,27,16,12,9,6,13,17,76.5,4,7,3,4,6,33,24,0,7.5,495,30,152,223,123,13,495,12,8,66.7,4,33.3,238,1277,766,22,6,1,16,11,278,41,25000,1300000
Bernardo Silva,"FW,MF",Manchester City,24,34,23,2030.0,22.6,6,7,13,6,0,0,5,0,6.0,6.0,5.0,10.9,0.27,0.31,0.58,0.27,0.26,0.22,0.26,0.48,0.0,0.0,0.0,0.0,0.0,0.0,0.0,0.0,0.0,0.0,0.0,0.0,0.0,0.0,0.0,0.0,0.0,0.0,0.0,0.0,0.0,0.0,0.0,0.0,52,15,28.8,2.31,0.67,0.12,0.40,14.2,1284,1474,87.1,18560,3600,757,815,92.9,397,454,87.4,72,94,76.6,51,60,39,10,122,1409,64,11,1,7,72,27,22,1,110,4.87,110,4.87,86,3,7,11,2,1,14,0.62,11,0,1,2,0,0,36,18,8,21,7,13,44,29.5,31,25,1,24,24,60,13,0,22.6,1711,19,171,698,859,142,1711,55,40,72.7,15,27.3,1256,7043,3846,117,63,48,24,21,1323,259,150000,7800000
Bernd Leno,GK,Arsenal,27,30,30,2649.0,29.4,0,0,0,0,0,0,2,0,0.0,0.0,0.0,0.0,0.00,0.00,0.00,0.00,0.00,0.00,0.00,0.00,1.33,151,111,78.1,7,23.3,40.0,0.22,64,266,24.1,732,185,23.4,27.9,253,37.5,34.4,468,17,3.6,38,1.29,15.6,0,0,,0.00,0.00,,,,762,990,77.0,16550,10417,214,215,99.5,429,432,99.3,112,330,33.9,0,2,0,0,0,682,303,50,0,0,0,0,0,5,0,0.00,0,0.00,0,0,0,0,0,0,0,0.00,0,0,0,0,0,0,0,0,0,0,0,0,2,0.0,2,0,0,0,0,0,9,2,29.4,1061,950,1055,6,0,0,1061,1,1,100.0,0,0.0,543,3095,2134,0,0,0,1,0,437,0,100000,5200000
Billy Gilmour,MF,Chelsea,18,6,2,194.0,2.2,0,0,0,0,0,0,0,0,0.0,0.0,0.1,0.2,0.00,0.00,0.00,0.00,0.01,0.06,0.01,0.07,0.0,0.0,0.0,0.0,0.0,0.0,0.0,0.0,0.0,0.0,0.0,0.0,0.0,0.0,0.0,0.0,0.0,0.0,0.0,0.0,0.0,0.0,0.0,0.0,1,0,0.0,0.46,0.00,0.00,,26.2,155,173,89.6,2643,649,72,79,91.1,64,67,95.5,14,18,77.8,4,6,1,0,11,171,2,2,0,0,1,0,0,0,6,2.78,6,2.78,5,0,0,0,1,0,1,0.46,1,0,0,0,0,0,5,2,3,2,0,2,4,50.0,2,2,0,2,3,8,3,1,2.2,196,4,50,119,29,2,196,5,2,40.0,3,60.0,106,616,230,4,1,0,3,3,151,3,0.0,0.0
Billy Sharp,FW,Sheffield Utd,33,25,10,1051.0,11.7,3,2,5,3,0,0,1,1,3.8,3.8,2.3,6.1,0.26,0.17,0.43,0.26,0.33,0.19,0.33,0.52,0.0,0.0,0.0,0.0,0.0,0.0,0.0,0.0,0.0,0.0,0.0,0.0,0.0,0.0,0.0,0.0,0.0,0.0,0.0,0.0,0.0,0.0,0.0,0.0,16,7,43.8,1.37,0.60,0.19,0.43,9.6,158,224,70.5,2078,383,101,125,80.8,50,68,73.5,3,6,50.0,14,3,9,1,22,210,13,0,0,1,11,0,0,1,31,2.65,31,2.65,22,0,5,1,3,0,2,0.17,2,0,0,0,0,0,6,5,2,1,3,1,6,16.7,5,2,0,2,1,7,2,0,11.7,320,2,25,103,198,55,320,22,16,72.7,6,27.3,219,1166,470,18,9,7,35,31,254,106,11923,620000
Björn Engels,DF,Aston Villa,24,17,15,1447.0,16.1,1,0,1,1,0,0,1,0,1.0,0.9,0.3,1.2,0.06,0.00,0.06,0.06,0.06,0.02,0.06,0.07,0.0,0.0,0.0,0.0,0.0,0.0,0.0,0.0,0.0,0.0,0.0,0.0,0.0,0.0,0.0,0.0,0.0,0.0,0.0,0.0,0.0,0.0,0.0,0.0,8,1,12.5,0.50,0.06,0.13,1.00,7.8,548,653,83.9,11293,4152,170,191,89.0,301,334,90.1,74,118,62.7,2,46,1,1,43,627,24,22,0,6,2,2,0,2,11,0.68,11,0.68,10,0,0,1,0,0,1,0.06,1,0,0,0,0,0,11,6,8,2,1,8,13,61.5,5,18,17,1,28,39,86,3,16.1,819,151,473,317,30,14,819,1,1,100.0,0,0.0,426,2458,1586,5,4,1,7,2,482,2,35000,1820000
Borja Bastón,"MF,FW",Aston Villa,26,2,0,18.0,0.2,0,0,0,0,0,0,0,0,0.0,0.0,0.0,0.0,0.00,0.00,0.00,0.00,0.00,0.00,0.00,0.00,0.0,0.0,0.0,0.0,0.0,0.0,0.0,0.0,0.0,0.0,0.0,0.0,0.0,0.0,0.0,0.0,0.0,0.0,0.0,0.0,0.0,0.0,0.0,0.0,0,0,,0.00,0.00,,,,4,6,66.7,75,25,2,3,66.7,2,2,100.0,0,0,,0,1,0,0,1,6,0,0,0,0,0,0,0,0,0,0.00,0,0.00,0,0,0,0,0,0,0,0.00,0,0,0,0,0,0,1,0,0,1,0,0,2,0.0,2,1,0,1,0,1,0,1,0.2,8,1,1,5,3,1,8,0,0,,0,,1,9,9,0,1,0,1,0,4,0,45000,2340000
Brandon Pierrick,"MF,FW",Crystal Palace,17,2,0,15.0,0.2,0,0,0,0,0,0,0,0,0.0,0.0,0.1,0.1,0.00,0.00,0.00,0.00,0.00,0.53,0.00,0.53,0.0,0.0,0.0,0.0,0.0,0.0,0.0,0.0,0.0,0.0,0.0,0.0,0.0,0.0,0.0,0.0,0.0,0.0,0.0,0.0,0.0,0.0,0.0,0.0,0,0,,0.00,0.00,,,,5,9,55.6,52,9,2,2,100.0,1,2,50.0,0,0,,2,0,1,0,2,9,0,0,0,0,2,0,0,0,1,6.00,1,6.00,1,0,0,0,0,0,0,0.00,0,0,0,0,0,0,0,0,0,0,0,0,0,,0,0,0,0,0,0,1,0,0.2,13,1,1,3,9,1,13,0,0,,0,,4,37,19,1,0,0,2,1,5,1,0.0,0.0
Brandon Williams,DF,Manchester Utd,18,17,11,1006.0,11.2,1,0,1,1,0,0,6,0,1.0,1.0,0.6,1.6,0.09,0.00,0.09,0.09,0.09,0.05,0.09,0.14,0.0,0.0,0.0,0.0,0.0,0.0,0.0,0.0,0.0,0.0,0.0,0.0,0.0,0.0,0.0,0.0,0.0,0.0,0.0,0.0,0.0,0.0,0.0,0.0,6,2,33.3,0.54,0.18,0.17,0.50,13.1,530,638,83.1,7642,2259,330,367,89.9,159,189,84.1,30,55,54.5,13,30,16,3,44,555,80,7,1,0,12,72,1,3,25,2.24,25,2.24,22,1,1,0,1,0,1,0.09,0,0,0,0,1,0,21,15,11,6,4,9,29,31.0,20,9,4,5,16,37,27,0,11.2,767,31,218,336,219,20,767,22,16,72.7,6,27.3,416,2445,1426,40,23,8,22,7,499,70,65000,3380000
Bruno Fernandes,MF,Manchester Utd,24,14,14,1186.0,13.2,8,7,15,4,4,4,2,0,6.2,3.0,2.5,5.5,0.61,0.53,1.14,0.30,0.47,0.19,0.23,0.42,0.0,0.0,0.0,0.0,0.0,0.0,0.0,0.0,0.0,0.0,0.0,0.0,0.0,0.0,0.0,0.0,0.0,0.0,0.0,0.0,0.0,0.0,0.0,0.0,40,14,35.0,3.04,1.06,0.10,0.29,24.6,607,861,70.5,10342,2939,319,369,86.4,199,276,72.1,71,152,46.7,30,66,25,2,110,758,99,24,8,14,75,5,56,4,53,4.02,53,4.02,36,10,1,3,3,0,12,0.91,6,3,0,0,3,0,22,12,9,9,4,5,38,13.2,33,6,0,6,11,33,16,0,13.2,1006,18,98,438,479,39,1002,21,15,71.4,6,28.6,554,2610,1487,34,32,7,29,13,737,92,180000,9360000
Bruno Jordão,FW,Wolves,20,1,0,7.0,0.1,0,0,0,0,0,0,0,0,0.0,0.0,0.1,0.1,0.00,0.00,0.00,0.00,0.00,0.82,0.00,0.82,0.0,0.0,0.0,0.0,0.0,0.0,0.0,0.0,0.0,0.0,0.0,0.0,0.0,0.0,0.0,0.0,0.0,0.0,0.0,0.0,0.0,0.0,0.0,0.0,0,0,,0.00,0.00,,,,4,6,66.7,77,34,1,2,50.0,3,3,100.0,0,0,,1,0,1,0,1,6,0,0,0,0,0,0,0,0,1,12.86,1,12.86,1,0,0,0,0,0,0,0.00,0,0,0,0,0,0,0,0,0,0,0,0,0,,0,1,0,1,0,0,0,0,0.1,7,0,0,5,2,0,7,0,0,,0,,4,39,17,0,0,0,0,0,4,0,15000,780000
Bukayo Saka,"DF,FW",Arsenal,17,26,19,1753.0,19.5,1,5,6,1,0,0,6,0,1.0,1.0,3.3,4.3,0.05,0.26,0.31,0.05,0.05,0.17,0.05,0.22,0.0,0.0,0.0,0.0,0.0,0.0,0.0,0.0,0.0,0.0,0.0,0.0,0.0,0.0,0.0,0.0,0.0,0.0,0.0,0.0,0.0,0.0,0.0,0.0,13,4,30.8,0.67,0.21,0.08,0.25,17.9,646,845,76.4,9418,2699,375,425,88.2,227,293,77.5,22,52,42.3,21,37,19,5,67,723,117,10,5,2,67,98,9,5,48,2.46,48,2.46,34,1,8,2,2,1,7,0.36,6,0,1,0,0,0,36,21,21,8,7,19,37,51.4,18,12,3,9,12,48,19,0,19.5,1048,35,250,409,395,59,1048,55,32,58.2,23,41.8,602,3892,2172,67,41,24,42,22,692,143,10000,520000
Callum Hudson-Odoi,"FW,MF",Chelsea,18,22,7,863.0,9.6,1,5,6,1,0,0,1,0,1.9,1.9,2.0,4.0,0.10,0.52,0.63,0.10,0.20,0.21,0.20,0.41,0.0,0.0,0.0,0.0,0.0,0.0,0.0,0.0,0.0,0.0,0.0,0.0,0.0,0.0,0.0,0.0,0.0,0.0,0.0,0.0,0.0,0.0,0.0,0.0,21,4,19.0,2.19,0.42,0.05,0.25,18.3,380,486,78.2,6339,1158,196,231,84.8,105,129,81.4,52,75,69.3,20,15,26,9,43,456,28,2,0,14,63,9,17,2,46,4.80,46,4.80,38,2,1,3,2,0,6,0.63,6,0,0,0,0,0,10,4,4,5,1,1,7,14.3,6,9,0,9,5,15,4,1,9.6,611,3,47,190,381,49,611,48,27,56.3,21,43.8,442,3068,1656,63,27,26,29,18,495,116,180000,9360000
Callum Robinson,"FW,MF",Sheffield Utd,24,16,9,676.0,7.5,1,1,2,1,0,0,1,0,1.6,1.6,0.4,2.0,0.13,0.13,0.27,0.13,0.21,0.05,0.21,0.26,0.0,0.0,0.0,0.0,0.0,0.0,0.0,0.0,0.0,0.0,0.0,0.0,0.0,0.0,0.0,0.0,0.0,0.0,0.0,0.0,0.0,0.0,0.0,0.0,12,4,33.3,1.60,0.53,0.08,0.25,14.9,120,154,77.9,1730,243,71,78,91.0,37,46,80.4,7,16,43.8,4,7,3,1,10,142,12,0,0,3,15,1,0,0,10,1.33,10,1.33,9,0,0,0,0,1,1,0.13,1,0,0,0,0,0,6,3,2,2,2,2,7,28.6,5,3,0,3,7,13,3,0,7.5,222,0,19,97,109,23,222,13,5,38.5,8,61.5,131,688,301,12,6,3,16,17,154,50,5000,260000
Callum Wilson,FW,Bournemouth,27,35,32,2908.0,32.3,8,1,9,8,0,0,10,0,9.9,9.9,2.8,12.8,0.25,0.03,0.28,0.25,0.31,0.09,0.31,0.39,0.0,0.0,0.0,0.0,0.0,0.0,0.0,0.0,0.0,0.0,0.0,0.0,0.0,0.0,0.0,0.0,0.0,0.0,0.0,0.0,0.0,0.0,0.0,0.0,55,21,38.2,1.70,0.65,0.15,0.38,12.4,334,542,61.6,4323,951,227,308,73.7,71,122,58.2,15,25,60.0,28,28,14,1,52,514,25,0,3,3,27,2,0,3,60,1.86,60,1.86,42,0,4,6,8,0,9,0.28,3,0,2,1,3,0,12,9,3,6,3,2,17,11.8,15,16,2,14,4,16,16,0,32.3,855,23,73,314,475,143,855,45,24,53.3,21,46.7,565,2473,1014,45,26,23,107,51,634,197,40000,2080000
Calum Chambers,DF,Arsenal,24,14,13,1102.0,12.2,1,1,2,1,0,0,5,0,0.8,0.8,1.6,2.4,0.08,0.08,0.16,0.08,0.06,0.13,0.06,0.20,0.0,0.0,0.0,0.0,0.0,0.0,0.0,0.0,0.0,0.0,0.0,0.0,0.0,0.0,0.0,0.0,0.0,0.0,0.0,0.0,0.0,0.0,0.0,0.0,12,2,16.7,0.98,0.16,0.08,0.50,12.0,732,915,80.0,13541,4397,286,322,88.8,354,413,85.7,79,132,59.8,7,46,6,2,45,818,95,12,0,6,34,83,0,2,17,1.39,17,1.39,10,2,0,4,0,1,2,0.16,0,0,0,1,0,1,26,10,12,8,6,11,16,68.8,5,13,7,6,16,42,43,1,12.2,1067,116,467,406,199,27,1067,17,11,64.7,6,35.3,563,2500,1438,16,10,0,15,10,697,67,50000,2600000
Carlos Sánchez,MF,West Ham,33,6,1,117.0,1.3,0,0,0,0,0,0,0,0,0.0,0.0,0.0,0.0,0.00,0.00,0.00,0.00,0.00,0.00,0.00,0.00,0.0,0.0,0.0,0.0,0.0,0.0,0.0,0.0,0.0,0.0,0.0,0.0,0.0,0.0,0.0,0.0,0.0,0.0,0.0,0.0,0.0,0.0,0.0,0.0,0,0,,0.00,0.00,,,,48,59,81.4,790,253,22,24,91.7,21,27,77.8,4,7,57.1,0,3,0,0,5,59,0,0,0,0,0,0,0,0,1,0.77,1,0.77,1,0,0,0,0,0,0,0.00,0,0,0,0,0,0,1,0,0,1,0,1,1,100.0,0,1,0,1,2,3,1,0,1.3,64,3,10,48,6,0,64,1,1,100.0,0,0.0,29,97,14,0,0,0,0,1,34,0,50000,2600000
Cenk Tosun,FW,Everton,28,5,2,291.0,3.2,1,0,1,1,0,0,0,0,1.0,1.0,0.2,1.1,0.31,0.00,0.31,0.31,0.29,0.05,0.29,0.35,0.0,0.0,0.0,0.0,0.0,0.0,0.0,0.0,0.0,0.0,0.0,0.0,0.0,0.0,0.0,0.0,0.0,0.0,0.0,0.0,0.0,0.0,0.0,0.0,4,2,50.0,2.03,1.02,0.25,0.50,12.4,28,44,63.6,395,135,15,21,71.4,8,13,61.5,3,4,75.0,1,2,3,0,7,42,0,0,0,0,2,0,0,2,3,1.53,3,1.53,2,0,0,1,0,0,0,0.00,0,0,0,0,0,0,2,2,2,0,0,0,2,0.0,2,0,0,0,0,2,1,0,2.0,66,2,10,30,27,7,66,6,6,100.0,0,0.0,41,257,100,5,1,3,3,5,54,11,60000,3120000
Cenk Tosun,FW,Crystal Palace,28,5,2,177.0,2.0,1,0,1,1,0,0,0,0,0.5,0.5,0.6,1.1,0.51,0.00,0.51,0.51,0.27,0.29,0.27,0.55,0.0,0.0,0.0,0.0,0.0,0.0,0.0,0.0,0.0,0.0,0.0,0.0,0.0,0.0,0.0,0.0,0.0,0.0,0.0,0.0,0.0,0.0,0.0,0.0,4,2,50.0,2.03,1.02,0.25,0.50,12.4,28,44,63.6,395,135,15,21,71.4,8,13,61.5,3,4,75.0,1,2,3,0,7,42,0,0,0,0,2,0,0,2,3,1.53,3,1.53,2,0,0,1,0,0,0,0.00,0,0,0,0,0,0,2,2,2,0,0,0,2,0.0,2,0,0,0,0,2,1,0,2.0,66,2,10,30,27,7,66,6,6,100.0,0,0.0,41,257,100,5,1,3,3,5,54,11,60000,3120000
Charlie Daniels,DF,Bournemouth,32,2,2,126.0,1.4,0,0,0,0,0,0,0,0,0.0,0.0,0.1,0.1,0.00,0.00,0.00,0.00,0.00,0.06,0.00,0.06,0.0,0.0,0.0,0.0,0.0,0.0,0.0,0.0,0.0,0.0,0.0,0.0,0.0,0.0,0.0,0.0,0.0,0.0,0.0,0.0,0.0,0.0,0.0,0.0,0,0,,0.00,0.00,,,,36,50,72.0,638,293,20,20,100.0,8,11,72.7,6,15,40.0,2,3,1,1,2,38,10,4,0,1,5,6,0,2,4,2.86,4,2.86,3,1,0,0,0,0,0,0.00,0,0,0,0,0,0,1,1,0,1,0,0,1,0.0,1,2,0,2,1,2,5,1,1.4,61,7,24,25,13,0,61,0,0,,0,,37,138,42,1,1,0,1,1,29,3,35000,1820000
Charlie Taylor,DF,Burnley,25,24,22,1945.0,21.6,0,1,1,0,0,0,3,0,0.0,0.0,0.9,1.0,0.00,0.05,0.05,0.00,0.00,0.04,0.00,0.04,0.0,0.0,0.0,0.0,0.0,0.0,0.0,0.0,0.0,0.0,0.0,0.0,0.0,0.0,0.0,0.0,0.0,0.0,0.0,0.0,0.0,0.0,0.0,0.0,1,0,0.0,0.05,0.00,0.00,,22.2,747,1075,69.5,12302,5230,388,445,87.2,289,380,76.1,60,188,31.9,12,43,21,17,54,792,278,9,0,3,88,269,0,5,27,1.25,27,1.25,23,2,0,0,2,0,2,0.09,1,1,0,0,0,0,39,24,26,9,4,19,39,48.7,20,29,9,20,29,68,78,1,21.6,1346,100,406,616,341,9,1346,40,19,47.5,21,52.5,529,4398,1938,61,34,5,22,11,615,46,25000,1300000
Che Adams,FW,Southampton,23,30,12,1111.0,12.3,4,2,6,4,0,0,0,0,5.3,5.3,1.7,7.0,0.32,0.16,0.49,0.32,0.43,0.14,0.43,0.57,0.0,0.0,0.0,0.0,0.0,0.0,0.0,0.0,0.0,0.0,0.0,0.0,0.0,0.0,0.0,0.0,0.0,0.0,0.0,0.0,0.0,0.0,0.0,0.0,36,9,25.0,2.92,0.73,0.11,0.44,15.2,162,263,61.6,2292,522,97,124,78.2,44,73,60.3,9,19,47.4,13,9,3,0,16,261,0,0,4,4,13,0,0,2,29,2.35,29,2.35,18,0,4,3,3,1,6,0.49,3,0,1,0,2,0,6,4,1,5,0,1,4,25.0,3,9,1,8,2,8,10,0,12.3,418,11,29,181,214,60,418,25,18,72.0,7,28.0,232,1282,464,20,16,10,40,21,298,87,40000,2080000
Cheikhou Kouyaté,"MF,DF",Crystal Palace,29,35,29,2528.0,28.1,1,1,2,1,0,0,4,0,2.7,2.7,0.9,3.6,0.04,0.04,0.07,0.04,0.10,0.03,0.10,0.13,0.0,0.0,0.0,0.0,0.0,0.0,0.0,0.0,0.0,0.0,0.0,0.0,0.0,0.0,0.0,0.0,0.0,0.0,0.0,0.0,0.0,0.0,0.0,0.0,24,4,16.7,0.85,0.14,0.04,0.25,12.0,636,876,72.6,9359,2974,352,429,82.1,213,291,73.2,37,70,52.9,10,41,7,1,64,861,12,6,1,1,17,5,0,3,28,1.00,28,1.00,23,0,1,2,2,0,2,0.07,2,0,0,0,0,0,67,32,43,20,4,26,48,54.2,22,35,11,24,43,110,58,1,28.1,1229,85,396,593,252,53,1229,31,17,54.8,14,45.2,533,2590,1120,12,19,1,44,25,677,55,65000,3380000
Chris Basham,DF,Sheffield Utd,31,38,38,3242.0,36.0,0,1,1,0,0,0,4,0,0.3,0.3,1.3,1.6,0.00,0.03,0.03,0.00,0.01,0.04,0.01,0.04,0.0,0.0,0.0,0.0,0.0,0.0,0.0,0.0,0.0,0.0,0.0,0.0,0.0,0.0,0.0,0.0,0.0,0.0,0.0,0.0,0.0,0.0,0.0,0.0,6,0,0.0,0.17,0.00,0.00,,13.5,1091,1546,70.6,18241,6389,531,614,86.5,434,638,68.0,91,198,46.0,12,83,8,4,82,1349,190,18,0,10,51,172,0,7,27,0.75,27,0.75,24,1,2,0,0,0,3,0.08,3,0,0,0,0,0,85,48,58,20,7,48,81,59.3,33,38,15,23,77,162,173,1,36.0,2030,243,818,882,352,41,2030,37,24,64.9,13,35.1,716,3683,2048,32,34,7,33,8,894,70,5577,290000
Chris Mepham,DF,Bournemouth,21,12,10,912.0,10.1,1,0,1,1,0,0,1,0,0.9,0.9,0.1,1.0,0.10,0.00,0.10,0.10,0.09,0.01,0.09,0.10,0.0,0.0,0.0,0.0,0.0,0.0,0.0,0.0,0.0,0.0,0.0,0.0,0.0,0.0,0.0,0.0,0.0,0.0,0.0,0.0,0.0,0.0,0.0,0.0,7,2,28.6,0.69,0.20,0.14,0.50,10.5,434,505,85.9,8003,2922,161,173,93.1,236,261,90.4,30,53,56.6,1,14,0,0,28,495,8,8,0,3,3,0,0,2,6,0.59,6,0.59,5,0,0,0,1,0,1,0.10,1,0,0,0,0,0,20,9,13,7,0,11,14,78.6,3,17,11,6,17,37,62,1,10.1,645,104,360,263,24,15,645,5,3,60.0,2,40.0,411,2159,1247,4,1,0,5,4,380,3,11731,610000
Chris Wood,FW,Burnley,27,32,29,2437.0,27.1,14,1,15,13,1,1,1,0,15.7,14.9,1.8,16.7,0.52,0.04,0.55,0.48,0.58,0.07,0.55,0.62,0.0,0.0,0.0,0.0,0.0,0.0,0.0,0.0,0.0,0.0,0.0,0.0,0.0,0.0,0.0,0.0,0.0,0.0,0.0,0.0,0.0,0.0,0.0,0.0,64,28,43.8,2.36,1.03,0.20,0.46,10.7,290,474,61.2,3085,405,212,313,67.7,43,90,47.8,4,7,57.1,22,9,2,0,16,468,2,0,1,2,8,2,0,4,53,1.96,53,1.96,37,0,3,4,9,0,4,0.15,4,0,0,0,0,0,7,4,2,4,1,5,15,33.3,10,15,2,13,4,11,18,0,27.1,726,24,55,293,383,105,725,14,6,42.9,8,57.1,387,1225,417,13,12,6,78,30,593,160,50000,2600000
Christian Atsu,"MF,FW",Newcastle Utd,27,19,6,749.0,8.3,0,3,3,0,0,0,2,0,0.2,0.2,1.3,1.5,0.00,0.36,0.36,0.00,0.03,0.15,0.03,0.18,0.0,0.0,0.0,0.0,0.0,0.0,0.0,0.0,0.0,0.0,0.0,0.0,0.0,0.0,0.0,0.0,0.0,0.0,0.0,0.0,0.0,0.0,0.0,0.0,5,1,20.0,0.60,0.12,0.00,0.00,19.1,167,218,76.6,2225,540,95,109,87.2,40,51,78.4,10,21,47.6,13,5,10,5,16,206,10,2,1,0,17,1,6,2,25,3.00,25,3.00,19,3,2,0,1,0,4,0.48,3,1,0,0,0,0,10,8,5,5,0,5,14,35.7,9,19,0,19,5,15,9,0,8.3,333,11,75,124,144,12,333,36,16,44.4,20,55.6,217,1717,957,29,23,6,20,17,209,22,30000,1560000
Christian Benteke,FW,Crystal Palace,28,24,13,1261.0,14.0,2,1,3,2,0,0,4,1,5.1,5.1,2.6,7.7,0.14,0.07,0.21,0.14,0.36,0.19,0.36,0.55,0.0,0.0,0.0,0.0,0.0,0.0,0.0,0.0,0.0,0.0,0.0,0.0,0.0,0.0,0.0,0.0,0.0,0.0,0.0,0.0,0.0,0.0,0.0,0.0,41,19,46.3,2.93,1.36,0.05,0.11,13.2,184,342,53.8,2448,634,113,191,59.2,50,97,51.5,7,11,63.6,19,15,12,0,28,330,12,0,2,2,5,0,0,0,42,3.00,42,3.00,30,0,3,4,3,2,6,0.43,6,0,0,0,0,0,9,5,1,6,2,0,10,0.0,10,11,4,7,4,13,28,1,14.0,530,38,53,224,262,81,530,23,19,82.6,4,17.4,232,1312,584,22,8,10,47,23,399,79,120000,6240000
Christian Eriksen,"MF,FW",Tottenham,27,20,10,1097.0,12.2,2,2,4,2,0,0,5,0,1.9,1.9,1.9,3.8,0.16,0.16,0.33,0.16,0.15,0.16,0.15,0.31,0.0,0.0,0.0,0.0,0.0,0.0,0.0,0.0,0.0,0.0,0.0,0.0,0.0,0.0,0.0,0.0,0.0,0.0,0.0,0.0,0.0,0.0,0.0,0.0,26,9,34.6,2.13,0.74,0.08,0.22,25.1,563,761,74.0,8861,2703,316,362,87.3,162,226,71.7,57,117,48.7,24,51,23,1,74,673,84,23,5,5,72,11,47,4,44,3.61,44,3.61,32,11,0,0,0,1,3,0.25,2,1,0,0,0,0,19,9,10,8,1,7,24,29.2,17,10,1,9,12,31,16,0,12.2,881,15,123,448,323,16,881,2,0,0.0,2,100.0,519,2229,1158,28,22,6,23,14,579,32,75000,3900000
Christian Fuchs,DF,Leicester City,33,11,8,772.0,8.6,0,0,0,0,0,0,0,0,0.2,0.2,0.1,0.3,0.00,0.00,0.00,0.00,0.03,0.01,0.03,0.04,0.0,0.0,0.0,0.0,0.0,0.0,0.0,0.0,0.0,0.0,0.0,0.0,0.0,0.0,0.0,0.0,0.0,0.0,0.0,0.0,0.0,0.0,0.0,0.0,5,1,20.0,0.58,0.12,0.00,0.00,25.8,517,657,78.7,9002,3308,244,268,91.0,213,256,83.2,51,107,47.7,2,42,6,1,46,567,88,12,0,2,16,76,0,2,11,1.28,11,1.28,10,1,0,0,0,0,3,0.35,3,0,0,0,0,0,14,9,8,6,0,8,19,42.1,11,8,3,5,17,31,33,1,8.6,753,29,275,375,106,1,753,5,2,40.0,3,60.0,391,1375,681,8,10,1,11,2,476,18,50000,2600000
Christian Kabasele,DF,Watford,28,27,26,2250.0,25.0,0,2,2,0,0,0,3,2,0.9,0.9,0.9,1.8,0.00,0.08,0.08,0.00,0.04,0.03,0.04,0.07,0.0,0.0,0.0,0.0,0.0,0.0,0.0,0.0,0.0,0.0,0.0,0.0,0.0,0.0,0.0,0.0,0.0,0.0,0.0,0.0,0.0,0.0,0.0,0.0,9,1,11.1,0.36,0.04,0.00,0.00,10.4,488,671,72.7,9649,4109,175,219,79.9,227,279,81.4,74,150,49.3,6,33,1,0,36,661,10,9,0,11,0,1,0,0,10,0.40,10,0.40,8,0,0,0,2,0,2,0.08,2,0,0,0,0,0,37,24,26,11,0,17,32,53.1,15,31,23,8,36,73,127,0,25.0,954,185,546,390,23,18,954,10,9,90.0,1,10.0,433,1896,776,1,1,0,12,5,437,0,30000,1560000
Christian Pulisic,FW,Chelsea,20,25,19,1722.0,19.1,9,4,13,9,0,0,0,0,9.0,9.0,3.6,12.6,0.47,0.21,0.68,0.47,0.47,0.19,0.47,0.66,0.0,0.0,0.0,0.0,0.0,0.0,0.0,0.0,0.0,0.0,0.0,0.0,0.0,0.0,0.0,0.0,0.0,0.0,0.0,0.0,0.0,0.0,0.0,0.0,63,25,39.7,3.29,1.31,0.14,0.36,13.4,539,706,76.3,7046,1330,333,394,84.5,134,174,77.0,25,49,51.0,30,25,25,2,73,697,7,2,4,1,35,1,4,2,87,4.55,87,4.55,55,0,19,6,7,0,16,0.84,8,0,4,1,3,0,23,11,13,4,6,7,24,29.2,17,15,0,15,6,29,11,0,19.1,1005,6,100,390,532,128,1005,108,55,50.9,53,49.1,744,5476,2966,107,80,47,53,63,830,188,150000,7800000
Christoph Zimmermann,DF,Norwich City,26,17,16,1430.0,15.9,0,1,1,0,0,0,3,0,0.4,0.4,0.1,0.5,0.00,0.06,0.06,0.00,0.02,0.01,0.02,0.03,0.0,0.0,0.0,0.0,0.0,0.0,0.0,0.0,0.0,0.0,0.0,0.0,0.0,0.0,0.0,0.0,0.0,0.0,0.0,0.0,0.0,0.0,0.0,0.0,6,1,16.7,0.38,0.06,0.00,0.00,16.8,525,664,79.1,10202,4094,187,204,91.7,263,297,88.6,66,137,48.2,2,25,1,0,33,642,22,19,0,4,0,3,0,0,7,0.44,7,0.44,6,0,0,0,0,1,0,0.00,0,0,0,0,0,0,32,21,26,6,0,21,30,70.0,9,22,18,4,19,51,87,2,15.9,850,164,534,306,15,8,850,7,5,71.4,2,28.6,462,2931,1825,8,2,0,6,4,479,0,15000,780000
Ciaran Clark,DF,Newcastle Utd,29,14,14,1186.0,13.2,2,0,2,2,0,0,3,0,1.3,1.3,0.0,1.3,0.15,0.00,0.15,0.15,0.10,0.00,0.10,0.10,0.0,0.0,0.0,0.0,0.0,0.0,0.0,0.0,0.0,0.0,0.0,0.0,0.0,0.0,0.0,0.0,0.0,0.0,0.0,0.0,0.0,0.0,0.0,0.0,6,4,66.7,0.46,0.30,0.33,0.50,8.3,260,337,77.2,4560,1877,100,116,86.2,116,146,79.5,29,55,52.7,1,14,2,0,16,311,26,11,0,2,0,15,0,0,4,0.30,4,0.30,3,1,0,0,0,0,0,0.00,0,0,0,0,0,0,20,12,18,2,0,9,15,60.0,6,18,14,4,11,31,82,0,13.2,496,103,273,205,23,8,496,7,6,85.7,1,14.3,207,865,312,2,2,0,3,1,214,2,35000,1820000
Claudio Bravo,GK,Manchester City,36,4,3,347.0,3.9,0,0,0,0,0,0,0,0,0.0,0.0,0.0,0.0,0.00,0.00,0.00,0.00,0.00,0.00,0.00,0.00,1.82,15,8,53.3,1,33.3,4.5,0.30,18,44,40.9,108,17,26.9,28.0,28,53.6,39.7,63,1,1.6,1,0.26,11.0,0,0,,0.00,0.00,,,,107,136,78.7,2579,1755,32,33,97.0,48,49,98.0,27,54,50.0,0,0,0,0,0,100,36,8,0,1,0,0,0,0,0,0.00,0,0.00,0,0,0,0,0,0,0,0.00,0,0,0,0,0,0,0,0,0,0,0,0,0,,0,0,0,0,0,0,1,1,3.9,139,113,137,2,0,0,139,1,1,100.0,0,0.0,87,434,277,0,0,0,0,0,78,0,115000,5980000
Connor Wickham,"FW,MF",Crystal Palace,26,6,0,96.0,1.1,1,1,2,1,0,0,0,0,1.4,1.4,0.6,1.9,0.94,0.94,1.87,0.94,1.28,0.52,1.28,1.80,0.0,0.0,0.0,0.0,0.0,0.0,0.0,0.0,0.0,0.0,0.0,0.0,0.0,0.0,0.0,0.0,0.0,0.0,0.0,0.0,0.0,0.0,0.0,0.0,3,2,66.7,2.81,1.87,0.33,0.50,11.2,28,47,59.6,398,75,18,27,66.7,7,14,50.0,2,3,66.7,3,3,1,0,6,45,2,0,0,2,0,1,0,0,3,2.81,3,2.81,3,0,0,0,0,0,0,0.00,0,0,0,0,0,0,1,1,1,0,0,0,0,,0,1,0,1,1,2,0,0,1.1,65,0,5,29,31,7,65,4,2,50.0,2,50.0,26,116,40,3,1,2,4,2,47,10,60000,3120000
Conor Coady,DF,Wolves,26,38,38,3420.0,38.0,0,0,0,0,0,0,5,0,0.0,0.0,0.5,0.5,0.00,0.00,0.00,0.00,0.00,0.01,0.00,0.01,0.0,0.0,0.0,0.0,0.0,0.0,0.0,0.0,0.0,0.0,0.0,0.0,0.0,0.0,0.0,0.0,0.0,0.0,0.0,0.0,0.0,0.0,0.0,0.0,0,0,,0.00,0.00,,,,1573,1853,84.9,38135,17274,329,357,92.2,848,912,93.0,383,552,69.4,5,112,7,0,64,1808,42,41,4,15,0,1,0,3,21,0.55,21,0.55,21,0,0,0,0,0,1,0.03,1,0,0,0,0,0,36,23,30,6,0,15,30,50.0,15,22,15,7,28,64,119,2,38.0,2082,305,1277,813,1,0,2082,5,4,80.0,1,20.0,1184,5442,2750,3,3,1,1,0,1371,0,15000,780000
Conor Hourihane,MF,Aston Villa,28,27,18,1534.0,17.0,3,5,8,3,0,0,4,0,1.7,1.7,6.0,7.7,0.18,0.29,0.47,0.18,0.10,0.35,0.10,0.45,0.0,0.0,0.0,0.0,0.0,0.0,0.0,0.0,0.0,0.0,0.0,0.0,0.0,0.0,0.0,0.0,0.0,0.0,0.0,0.0,0.0,0.0,0.0,0.0,29,10,34.5,1.70,0.59,0.10,0.30,21.4,547,739,74.0,9334,3163,240,282,85.1,238,287,82.9,47,115,40.9,38,52,16,4,75,572,166,76,1,2,112,14,55,1,62,3.64,62,3.64,29,27,0,3,3,0,7,0.41,3,4,0,0,0,0,16,10,4,8,4,10,25,40.0,15,19,4,15,9,25,31,0,17.0,863,40,125,403,341,27,863,7,4,57.1,3,42.9,365,1224,535,9,11,1,11,8,493,57,30000,1560000
Craig Cathcart,DF,Watford,30,29,28,2488.0,27.6,0,0,0,0,0,0,7,0,0.2,0.2,0.1,0.3,0.00,0.00,0.00,0.00,0.01,0.00,0.01,0.01,0.0,0.0,0.0,0.0,0.0,0.0,0.0,0.0,0.0,0.0,0.0,0.0,0.0,0.0,0.0,0.0,0.0,0.0,0.0,0.0,0.0,0.0,0.0,0.0,2,1,50.0,0.07,0.04,0.00,0.00,10.8,742,922,80.5,13808,4884,277,314,88.2,364,421,86.5,79,146,54.1,2,33,3,1,61,899,20,16,1,7,1,4,0,3,9,0.33,9,0.33,9,0,0,0,0,0,1,0.04,1,0,0,0,0,0,41,26,25,15,1,10,24,41.7,14,19,16,3,25,66,136,1,27.6,1194,156,601,572,23,12,1194,7,4,57.1,3,42.9,583,2439,1037,2,3,1,9,3,591,3,23077,1200000
Craig Dawson,DF,Watford,29,29,26,2361.0,26.2,2,0,2,2,0,0,6,0,3.0,3.0,0.5,3.5,0.08,0.00,0.08,0.08,0.11,0.02,0.11,0.13,0.0,0.0,0.0,0.0,0.0,0.0,0.0,0.0,0.0,0.0,0.0,0.0,0.0,0.0,0.0,0.0,0.0,0.0,0.0,0.0,0.0,0.0,0.0,0.0,26,7,26.9,0.99,0.27,0.08,0.29,10.6,741,962,77.0,15418,5835,235,276,85.1,376,433,86.8,118,216,54.6,5,51,2,0,63,928,29,13,1,22,4,16,0,5,13,0.50,13,0.50,8,1,0,4,0,0,0,0.00,0,0,0,0,0,0,29,18,16,13,0,17,31,54.8,14,41,32,9,34,63,116,0,26.2,1252,162,610,568,81,49,1252,4,3,75.0,1,25.0,622,2801,1289,4,0,0,15,3,665,7,40000,2080000
Curtis Jones,MF,Liverpool,18,6,1,126.0,1.4,1,0,1,1,0,0,0,0,0.4,0.4,0.0,0.4,0.71,0.00,0.71,0.71,0.32,0.00,0.32,0.32,0.0,0.0,0.0,0.0,0.0,0.0,0.0,0.0,0.0,0.0,0.0,0.0,0.0,0.0,0.0,0.0,0.0,0.0,0.0,0.0,0.0,0.0,0.0,0.0,6,2,33.3,4.29,1.43,0.17,0.50,17.4,107,123,87.0,1491,355,58,65,89.2,36,41,87.8,5,6,83.3,0,11,1,0,9,123,0,0,0,2,0,0,0,0,3,2.14,3,2.14,2,0,0,0,0,1,1,0.71,1,0,0,0,0,0,4,4,0,1,3,3,4,75.0,1,2,0,2,2,6,1,0,1.4,140,0,20,71,50,7,140,4,3,75.0,1,25.0,102,454,232,4,5,1,2,4,111,7,0.0,0.0
Cédric Soares,DF,Southampton,27,16,16,1306.0,14.5,0,1,1,0,0,0,1,0,0.6,0.6,0.7,1.3,0.00,0.07,0.07,0.00,0.04,0.05,0.04,0.09,0.0,0.0,0.0,0.0,0.0,0.0,0.0,0.0,0.0,0.0,0.0,0.0,0.0,0.0,0.0,0.0,0.0,0.0,0.0,0.0,0.0,0.0,0.0,0.0,1,1,100.0,0.36,0.36,1.00,1.00,26.4,96,135,71.1,1469,437,61,71,85.9,23,40,57.5,8,15,53.3,1,6,2,0,11,115,20,2,0,0,18,18,0,0,5,1.81,5,1.81,3,1,0,0,0,1,3,1.08,2,0,0,0,0,1,8,6,2,6,0,1,3,33.3,2,3,0,3,3,11,4,0,2.8,167,6,39,71,58,2,167,2,2,100.0,0,0.0,84,396,202,6,6,0,4,1,92,25,75000,3900000
Cédric Soares,"MF,DF",Arsenal,27,5,3,249.0,2.8,1,0,1,1,0,0,0,0,0.0,0.0,0.0,0.1,0.36,0.00,0.36,0.36,0.01,0.01,0.01,0.02,0.0,0.0,0.0,0.0,0.0,0.0,0.0,0.0,0.0,0.0,0.0,0.0,0.0,0.0,0.0,0.0,0.0,0.0,0.0,0.0,0.0,0.0,0.0,0.0,1,1,100.0,0.36,0.36,1.00,1.00,26.4,96,135,71.1,1469,437,61,71,85.9,23,40,57.5,8,15,53.3,1,6,2,0,11,115,20,2,0,0,18,18,0,0,5,1.81,5,1.81,3,1,0,0,0,1,3,1.08,2,0,0,0,0,1,8,6,2,6,0,1,3,33.3,2,3,0,3,3,11,4,0,2.8,167,6,39,71,58,2,167,2,2,100.0,0,0.0,84,396,202,6,6,0,4,1,92,25,75000,3900000
César Azpilicueta,DF,Chelsea,29,36,36,3229.0,35.9,2,6,8,2,0,0,1,0,2.4,2.4,6.0,8.5,0.06,0.17,0.22,0.06,0.07,0.17,0.07,0.24,0.0,0.0,0.0,0.0,0.0,0.0,0.0,0.0,0.0,0.0,0.0,0.0,0.0,0.0,0.0,0.0,0.0,0.0,0.0,0.0,0.0,0.0,0.0,0.0,29,6,20.7,0.81,0.17,0.07,0.33,13.8,2317,2943,78.7,34946,12825,1262,1406,89.8,857,1098,78.1,124,247,50.2,45,148,58,26,193,2527,407,29,0,12,121,378,0,9,87,2.42,87,2.42,78,2,2,3,1,1,7,0.20,5,1,0,1,0,0,86,56,40,32,14,35,69,50.7,34,56,21,35,67,153,94,0,35.9,3347,117,932,1619,806,93,3347,21,12,57.1,9,42.9,1738,6145,3481,59,39,7,27,13,2152,226,150000,7800000
Dale Stephens,MF,Brighton,30,33,28,2530.0,28.1,0,1,1,0,0,0,8,0,0.6,0.6,1.3,1.9,0.00,0.04,0.04,0.00,0.02,0.05,0.02,0.07,0.0,0.0,0.0,0.0,0.0,0.0,0.0,0.0,0.0,0.0,0.0,0.0,0.0,0.0,0.0,0.0,0.0,0.0,0.0,0.0,0.0,0.0,0.0,0.0,19,2,10.5,0.68,0.07,0.00,0.00,25.6,1440,1687,85.4,27512,7212,530,595,89.1,720,793,90.8,170,240,70.8,20,140,19,0,160,1672,11,7,3,25,4,4,0,4,50,1.78,50,1.78,46,0,0,2,0,2,3,0.11,3,0,0,0,0,0,73,44,30,37,6,25,75,33.3,50,31,11,20,58,131,42,2,28.1,1969,102,530,1199,250,7,1969,12,10,83.3,2,16.7,987,4706,1834,9,30,2,19,13,1336,14,30000,1560000
Dan Burn,DF,Brighton,27,34,33,2880.0,32.0,0,0,0,0,0,0,5,0,1.2,1.2,1.3,2.5,0.00,0.00,0.00,0.00,0.04,0.04,0.04,0.08,0.0,0.0,0.0,0.0,0.0,0.0,0.0,0.0,0.0,0.0,0.0,0.0,0.0,0.0,0.0,0.0,0.0,0.0,0.0,0.0,0.0,0.0,0.0,0.0,12,0,0.0,0.37,0.00,0.00,,13.4,1392,1884,73.9,22347,7699,736,873,84.3,562,709,79.3,78,214,36.4,19,114,18,7,135,1609,271,11,3,4,51,260,0,4,38,1.19,38,1.19,31,4,1,1,0,1,2,0.06,2,0,0,0,0,0,67,42,35,27,5,25,53,47.2,28,44,20,24,42,109,130,0,32.0,2290,165,718,1144,441,26,2290,40,19,47.5,21,52.5,1025,5257,2959,52,39,1,37,25,1342,93,15962,830000
Dan Gosling,MF,Bournemouth,29,24,14,1264.0,14.0,3,1,4,3,0,0,3,0,2.9,2.9,1.1,4.0,0.21,0.07,0.28,0.21,0.21,0.08,0.21,0.28,0.0,0.0,0.0,0.0,0.0,0.0,0.0,0.0,0.0,0.0,0.0,0.0,0.0,0.0,0.0,0.0,0.0,0.0,0.0,0.0,0.0,0.0,0.0,0.0,13,6,46.2,0.93,0.43,0.23,0.50,11.6,407,527,77.2,5848,1762,244,285,85.6,114,140,81.4,27,43,62.8,10,40,5,2,55,514,12,5,1,1,3,3,0,1,24,1.71,24,1.71,16,0,1,2,4,1,2,0.14,1,0,0,1,0,0,26,10,14,9,3,6,27,22.2,21,31,11,20,20,46,26,0,14.0,721,42,197,367,160,32,721,14,4,28.6,10,71.4,414,1633,615,10,10,4,30,21,442,36,35000,1820000
Dani Ceballos,MF,Arsenal,22,24,18,1692.0,18.8,0,2,2,0,0,0,1,0,0.6,0.6,1.8,2.3,0.00,0.11,0.11,0.00,0.03,0.09,0.03,0.12,0.0,0.0,0.0,0.0,0.0,0.0,0.0,0.0,0.0,0.0,0.0,0.0,0.0,0.0,0.0,0.0,0.0,0.0,0.0,0.0,0.0,0.0,0.0,0.0,13,3,23.1,0.69,0.16,0.00,0.00,22.8,1114,1329,83.8,19951,5446,482,523,92.2,479,531,90.2,121,202,59.9,28,120,29,2,174,1220,106,38,6,20,70,5,63,3,56,2.98,56,2.98,38,10,2,1,3,2,7,0.37,5,1,0,0,0,1,45,23,26,14,5,18,61,29.5,43,14,3,11,32,77,16,1,18.8,1510,50,320,807,403,21,1510,36,27,75.0,9,25.0,1012,6703,3681,60,52,8,25,30,1089,38,51923,2700000
Daniel James,FW,Manchester Utd,21,33,26,2287.0,25.4,3,6,9,3,0,0,4,0,3.1,3.1,3.9,7.0,0.12,0.24,0.35,0.12,0.12,0.15,0.12,0.28,0.0,0.0,0.0,0.0,0.0,0.0,0.0,0.0,0.0,0.0,0.0,0.0,0.0,0.0,0.0,0.0,0.0,0.0,0.0,0.0,0.0,0.0,0.0,0.0,42,20,47.6,1.65,0.79,0.07,0.15,17.3,568,802,70.8,7731,1669,358,425,84.2,149,210,71.0,24,52,46.2,26,34,26,7,60,788,11,1,4,3,96,5,4,3,71,2.79,71,2.79,49,0,4,5,13,0,9,0.35,8,0,0,0,1,0,20,10,5,10,5,7,45,15.6,38,23,4,19,7,27,12,0,25.4,1049,7,120,386,558,86,1049,62,27,43.5,35,56.5,682,5477,3422,140,69,43,46,29,826,263,50000,2600000
Daniel Podence,"FW,MF",Wolves,23,9,3,289.0,3.2,1,0,1,1,0,0,0,0,1.2,1.2,0.7,1.9,0.31,0.00,0.31,0.31,0.39,0.21,0.39,0.60,0.0,0.0,0.0,0.0,0.0,0.0,0.0,0.0,0.0,0.0,0.0,0.0,0.0,0.0,0.0,0.0,0.0,0.0,0.0,0.0,0.0,0.0,0.0,0.0,10,3,30.0,3.11,0.93,0.10,0.33,14.0,70,101,69.3,954,172,34,42,81.0,23,35,65.7,3,8,37.5,5,6,4,1,9,97,3,0,1,0,5,0,2,1,10,3.11,10,3.11,6,0,1,1,2,0,2,0.62,0,0,1,0,1,0,3,3,2,0,1,0,2,0.0,2,4,1,3,2,5,1,0,3.2,145,2,16,50,83,12,145,11,7,63.6,4,36.4,106,741,432,18,11,1,8,4,119,24,60000,3120000
Danny Drinkwater,MF,Aston Villa,29,4,4,259.0,2.9,0,0,0,0,0,0,1,0,0.1,0.1,0.0,0.2,0.00,0.00,0.00,0.00,0.04,0.01,0.04,0.05,0.0,0.0,0.0,0.0,0.0,0.0,0.0,0.0,0.0,0.0,0.0,0.0,0.0,0.0,0.0,0.0,0.0,0.0,0.0,0.0,0.0,0.0,0.0,0.0,2,0,0.0,0.69,0.00,0.00,,18.3,138,169,81.7,2447,567,67,79,84.8,54,59,91.5,16,22,72.7,1,18,1,0,20,165,4,3,0,2,1,0,0,0,4,1.39,4,1.39,3,0,0,0,1,0,0,0.00,0,0,0,0,0,0,5,3,3,2,0,2,18,11.1,16,5,0,5,5,10,5,1,2.9,200,5,55,116,30,2,200,4,1,25.0,3,75.0,97,431,182,2,3,0,3,3,123,4,60000,3120000
Danny Drinkwater,MF,Burnley,29,1,1,58.0,0.6,0,0,0,0,0,0,0,0,0.0,0.0,0.0,0.0,0.00,0.00,0.00,0.00,0.00,0.00,0.00,0.00,0.0,0.0,0.0,0.0,0.0,0.0,0.0,0.0,0.0,0.0,0.0,0.0,0.0,0.0,0.0,0.0,0.0,0.0,0.0,0.0,0.0,0.0,0.0,0.0,2,0,0.0,0.69,0.00,0.00,,18.3,138,169,81.7,2447,567,67,79,84.8,54,59,91.5,16,22,72.7,1,18,1,0,20,165,4,3,0,2,1,0,0,0,4,1.39,4,1.39,3,0,0,0,1,0,0,0.00,0,0,0,0,0,0,5,3,3,2,0,2,18,11.1,16,5,0,5,5,10,5,1,2.9,200,5,55,116,30,2,200,4,1,25.0,3,75.0,97,431,182,2,3,0,3,3,123,4,60000,3120000
Danny Ings,FW,Southampton,27,38,32,2804.0,31.2,22,2,24,21,1,2,3,0,16.2,14.7,2.7,17.3,0.71,0.06,0.77,0.67,0.52,0.09,0.47,0.56,0.0,0.0,0.0,0.0,0.0,0.0,0.0,0.0,0.0,0.0,0.0,0.0,0.0,0.0,0.0,0.0,0.0,0.0,0.0,0.0,0.0,0.0,0.0,0.0,91,35,38.5,2.92,1.12,0.23,0.60,13.9,410,680,60.3,5939,1574,230,332,69.3,121,195,62.1,29,71,40.8,35,38,23,4,75,669,3,0,1,4,29,0,0,8,100,3.21,100,3.21,60,0,14,13,8,5,15,0.48,6,0,5,1,1,2,42,25,16,16,10,13,67,19.4,54,62,4,58,9,51,30,1,31.2,1096,33,110,440,566,165,1094,97,48,49.5,49,50.5,579,3011,1315,50,33,26,70,50,695,194,75000,3900000
Danny Rose,DF,Tottenham,29,12,10,893.0,9.9,0,0,0,0,0,0,5,0,0.1,0.1,0.6,0.7,0.00,0.00,0.00,0.00,0.01,0.06,0.01,0.07,0.0,0.0,0.0,0.0,0.0,0.0,0.0,0.0,0.0,0.0,0.0,0.0,0.0,0.0,0.0,0.0,0.0,0.0,0.0,0.0,0.0,0.0,0.0,0.0,2,0,0.0,0.20,0.00,0.00,,19.0,437,580,75.3,6735,2765,256,290,88.3,157,212,74.1,19,50,38.0,11,37,12,4,65,490,87,16,1,0,37,70,1,3,17,1.71,17,1.71,12,2,0,0,2,1,0,0.00,0,0,0,0,0,0,18,11,6,10,2,9,20,45.0,11,14,6,8,8,26,34,2,9.9,680,45,182,322,184,13,680,20,10,50.0,10,50.0,384,1884,1155,23,15,2,11,5,423,30,60000,3120000
Danny Rose,DF,Newcastle Utd,29,11,10,863.0,9.6,0,0,0,0,0,0,2,0,0.0,0.0,0.2,0.2,0.00,0.00,0.00,0.00,0.00,0.02,0.00,0.02,0.0,0.0,0.0,0.0,0.0,0.0,0.0,0.0,0.0,0.0,0.0,0.0,0.0,0.0,0.0,0.0,0.0,0.0,0.0,0.0,0.0,0.0,0.0,0.0,2,0,0.0,0.20,0.00,0.00,,19.0,437,580,75.3,6735,2765,256,290,88.3,157,212,74.1,19,50,38.0,11,37,12,4,65,490,87,16,1,0,37,70,1,3,17,1.71,17,1.71,12,2,0,0,2,1,0,0.00,0,0,0,0,0,0,18,11,6,10,2,9,20,45.0,11,14,6,8,8,26,34,2,9.9,680,45,182,322,184,13,680,20,10,50.0,10,50.0,384,1884,1155,23,15,2,11,5,423,30,60000,3120000
Danny Welbeck,"FW,MF",Watford,28,18,8,822.0,9.1,2,0,2,2,0,0,0,0,3.9,3.9,0.2,4.0,0.22,0.00,0.22,0.22,0.43,0.02,0.43,0.44,0.0,0.0,0.0,0.0,0.0,0.0,0.0,0.0,0.0,0.0,0.0,0.0,0.0,0.0,0.0,0.0,0.0,0.0,0.0,0.0,0.0,0.0,0.0,0.0,22,9,40.9,2.41,0.99,0.09,0.22,11.0,125,168,74.4,1459,320,80,101,79.2,34,45,75.6,2,3,66.7,3,8,3,0,10,163,5,0,0,0,1,2,0,0,15,1.64,15,1.64,11,0,2,0,2,0,2,0.22,1,0,0,0,1,0,14,6,6,5,3,3,11,27.3,8,12,1,11,5,19,7,0,9.1,269,6,37,102,137,40,269,20,9,45.0,10,50.0,168,1062,369,13,7,7,21,20,190,66,60000,3120000
Darren Randolph,GK,West Ham,32,2,2,180.0,2.0,0,0,0,0,0,0,0,0,0.0,0.0,0.0,0.0,0.00,0.00,0.00,0.00,0.00,0.00,0.00,0.00,2.50,11,6,63.6,0,0.0,4.5,0.32,14,29,48.3,26,4,61.5,43.1,14,92.9,57.3,34,0,0.0,3,1.50,16.8,0,0,,0.00,0.00,,,,22,41,53.7,968,911,2,2,100.0,4,4,100.0,16,34,47.1,0,1,0,0,0,22,18,4,0,0,0,0,0,1,0,0.00,0,0.00,0,0,0,0,0,0,0,0.00,0,0,0,0,0,0,0,0,0,0,0,0,0,,0,0,0,0,0,0,2,0,2.0,48,42,48,0,0,0,48,0,0,,0,,13,145,122,0,0,0,0,0,10,0,37500,1950000
Daryl Janmaat,DF,Watford,30,8,7,607.0,6.7,0,1,1,0,0,0,1,0,0.3,0.3,0.5,0.8,0.00,0.15,0.15,0.00,0.04,0.07,0.04,0.11,0.0,0.0,0.0,0.0,0.0,0.0,0.0,0.0,0.0,0.0,0.0,0.0,0.0,0.0,0.0,0.0,0.0,0.0,0.0,0.0,0.0,0.0,0.0,0.0,4,0,0.0,0.59,0.00,0.00,,17.6,257,346,74.3,3745,1347,152,170,89.4,82,102,80.4,16,52,30.8,6,25,8,5,29,290,55,1,0,0,24,54,0,1,12,1.78,12,1.78,11,0,1,0,0,0,1,0.15,1,0,0,0,0,0,14,10,8,6,0,6,13,46.2,7,7,2,5,7,21,23,0,6.7,426,31,105,189,135,8,426,7,5,71.4,2,28.6,227,1077,600,15,13,2,9,2,251,30,45000,2340000
David Brooks,"MF,FW",Bournemouth,22,9,8,506.0,5.6,1,0,1,1,0,0,1,0,0.5,0.5,0.3,0.8,0.18,0.00,0.18,0.18,0.08,0.05,0.08,0.14,0.0,0.0,0.0,0.0,0.0,0.0,0.0,0.0,0.0,0.0,0.0,0.0,0.0,0.0,0.0,0.0,0.0,0.0,0.0,0.0,0.0,0.0,0.0,0.0,6,2,33.3,1.07,0.36,0.17,0.50,23.9,121,180,67.2,1700,574,68,86,79.1,34,45,75.6,9,26,34.6,6,10,10,5,17,160,19,3,0,1,24,2,7,1,12,2.13,12,2.13,8,1,0,1,1,1,1,0.18,0,0,0,1,0,0,5,5,1,2,2,2,14,14.3,12,5,1,4,2,7,1,0,5.6,226,3,23,84,121,8,226,24,12,50.0,12,50.0,137,700,240,4,8,1,7,7,163,24,20000,1040000
David Luiz,DF,Arsenal,32,33,32,2809.0,31.2,2,1,3,2,0,0,5,2,1.6,1.6,0.9,2.5,0.06,0.03,0.10,0.06,0.05,0.03,0.05,0.08,0.0,0.0,0.0,0.0,0.0,0.0,0.0,0.0,0.0,0.0,0.0,0.0,0.0,0.0,0.0,0.0,0.0,0.0,0.0,0.0,0.0,0.0,0.0,0.0,23,8,34.8,0.74,0.26,0.09,0.25,20.4,1537,1816,84.6,33337,11723,379,421,90.0,889,938,94.8,254,413,61.5,4,100,9,2,106,1697,110,107,12,23,5,3,0,9,12,0.38,12,0.38,8,0,1,1,0,2,3,0.10,3,0,0,0,0,0,28,16,14,14,0,13,24,54.2,11,42,37,5,32,60,133,2,31.2,2106,331,1124,933,58,16,2106,8,5,62.5,3,37.5,1370,9179,5310,21,13,1,16,5,1451,4,125769,6540000
David Martin,GK,West Ham,33,5,4,436.0,4.8,0,0,0,0,0,0,1,0,0.0,0.0,0.0,0.0,0.00,0.00,0.00,0.00,0.00,0.00,0.00,0.00,1.24,21,15,71.4,2,50.0,6.0,0.31,39,101,38.6,79,12,74.7,46.9,44,95.5,60.8,83,1,1.2,1,0.21,12.4,0,0,,0.00,0.00,,,,56,124,45.2,2643,2494,2,3,66.7,11,13,84.6,43,107,40.2,0,3,0,0,0,61,62,18,0,0,0,0,0,1,0,0.00,0,0.00,0,0,0,0,0,0,0,0.00,0,0,0,0,0,0,0,0,0,0,0,0,0,,0,0,0,0,0,0,1,1,4.8,132,115,131,1,0,0,132,0,0,,0,,49,376,281,0,0,0,0,0,31,0,8077,420000
David McGoldrick,FW,Sheffield Utd,31,28,22,1815.0,20.2,2,2,4,2,0,0,2,0,8.0,8.0,2.3,10.3,0.10,0.10,0.20,0.10,0.40,0.12,0.40,0.51,0.0,0.0,0.0,0.0,0.0,0.0,0.0,0.0,0.0,0.0,0.0,0.0,0.0,0.0,0.0,0.0,0.0,0.0,0.0,0.0,0.0,0.0,0.0,0.0,46,20,43.5,2.28,0.99,0.04,0.10,14.5,461,629,73.3,6828,1106,269,327,82.3,151,202,74.8,25,44,56.8,17,29,11,3,43,608,11,1,2,8,8,1,0,10,42,2.08,42,2.08,29,1,8,3,1,0,6,0.30,4,0,2,0,0,0,41,26,9,24,8,5,20,25.0,15,14,2,12,3,44,23,0,20.2,895,25,87,420,401,64,895,48,31,64.6,17,35.4,453,2313,884,29,18,8,62,27,652,129,6923,360000
David Silva,MF,Manchester City,33,27,22,1826.0,20.3,6,10,16,6,0,0,0,0,6.4,6.4,6.5,12.9,0.30,0.49,0.79,0.30,0.31,0.32,0.31,0.63,0.0,0.0,0.0,0.0,0.0,0.0,0.0,0.0,0.0,0.0,0.0,0.0,0.0,0.0,0.0,0.0,0.0,0.0,0.0,0.0,0.0,0.0,0.0,0.0,47,18,38.3,2.32,0.89,0.13,0.33,14.4,1332,1527,87.2,18239,3835,789,859,91.9,425,478,88.9,43,57,75.4,48,89,51,1,203,1461,60,20,12,2,33,5,9,6,119,5.87,119,5.87,100,1,7,6,4,1,19,0.94,14,1,1,1,1,1,26,14,3,15,8,10,28,35.7,18,18,3,15,13,39,5,0,20.3,1709,20,130,754,837,172,1709,44,33,75.0,11,25.0,1225,5827,2952,82,71,31,34,19,1407,175,160000,8320000
David de Gea,GK,Manchester Utd,28,38,38,3420.0,38.0,0,0,0,0,0,0,2,0,0.0,0.0,0.0,0.0,0.00,0.00,0.00,0.00,0.00,0.00,0.00,0.00,0.95,131,96,74.8,13,34.2,34.7,0.25,83,262,31.7,672,153,28.4,30.6,268,26.5,29.0,489,10,2.0,22,0.58,15.0,0,0,,0.00,0.00,,,,736,941,78.2,16748,11389,213,215,99.1,370,376,98.4,150,344,43.6,0,5,0,0,0,593,347,78,0,2,0,1,0,1,3,0.08,3,0.08,3,0,0,0,0,0,0,0.00,0,0,0,0,0,0,0,0,0,0,0,0,0,,0,0,0,0,0,0,7,4,38.0,1000,917,998,3,0,0,1000,0,0,,0,,444,2290,1419,0,0,0,1,0,370,0,375000,19500000
Davinson Sánchez,DF,Tottenham,23,29,27,2431.0,27.0,0,0,0,0,0,0,6,0,0.6,0.6,0.0,0.7,0.00,0.00,0.00,0.00,0.02,0.00,0.02,0.03,0.0,0.0,0.0,0.0,0.0,0.0,0.0,0.0,0.0,0.0,0.0,0.0,0.0,0.0,0.0,0.0,0.0,0.0,0.0,0.0,0.0,0.0,0.0,0.0,7,3,42.9,0.26,0.11,0.00,0.00,10.9,1340,1564,85.7,24736,8130,476,522,91.2,735,804,91.4,107,189,56.6,1,44,0,0,53,1523,39,23,0,15,2,16,0,2,5,0.19,5,0.19,4,0,0,1,0,0,0,0.00,0,0,0,0,0,0,44,27,32,12,0,22,44,50.0,22,40,28,12,34,78,128,5,27.0,1857,256,928,895,46,15,1857,10,8,80.0,2,20.0,1188,4972,2501,10,10,1,12,6,1213,9,65000,3380000
Davy Pröpper,MF,Brighton,27,35,32,2829.0,31.4,1,2,3,1,0,0,4,0,1.6,1.6,2.5,4.2,0.03,0.06,0.10,0.03,0.05,0.08,0.05,0.13,0.0,0.0,0.0,0.0,0.0,0.0,0.0,0.0,0.0,0.0,0.0,0.0,0.0,0.0,0.0,0.0,0.0,0.0,0.0,0.0,0.0,0.0,0.0,0.0,29,8,27.6,0.92,0.25,0.03,0.13,21.4,1511,1833,82.4,26475,8360,643,757,84.9,730,824,88.6,113,169,66.9,29,184,24,5,265,1808,19,12,3,13,39,4,0,6,67,2.13,67,2.13,61,0,1,3,2,0,4,0.13,4,0,0,0,0,0,64,35,28,28,8,23,74,31.1,51,27,8,19,38,102,36,4,31.4,2159,67,457,1321,411,29,2159,64,46,71.9,18,28.1,1200,7176,3405,55,49,7,61,24,1519,43,45000,2340000
DeAndre Yedlin,DF,Newcastle Utd,26,16,10,938.0,10.4,1,0,1,1,0,0,3,0,0.8,0.8,0.3,1.1,0.10,0.00,0.10,0.10,0.07,0.03,0.07,0.10,0.0,0.0,0.0,0.0,0.0,0.0,0.0,0.0,0.0,0.0,0.0,0.0,0.0,0.0,0.0,0.0,0.0,0.0,0.0,0.0,0.0,0.0,0.0,0.0,1,1,100.0,0.10,0.10,1.00,1.00,3.4,222,315,70.5,3064,1181,139,161,86.3,38,69,55.1,23,47,48.9,7,9,8,6,14,273,42,1,0,0,28,41,0,0,18,1.73,18,1.73,16,0,0,0,2,0,0,0.00,0,0,0,0,0,0,18,13,10,6,2,8,16,50.0,8,13,7,6,10,28,20,0,10.4,408,39,139,166,104,5,408,6,1,16.7,5,83.3,206,872,483,12,15,3,14,5,221,40,30000,1560000
Dean Henderson,GK,Sheffield Utd,22,36,36,3240.0,36.0,0,0,0,0,0,0,2,0,0.1,0.1,0.0,0.1,0.00,0.00,0.00,0.00,0.00,0.00,0.00,0.00,0.92,128,94,75.0,13,36.1,39.2,0.31,260,833,31.2,779,106,74.3,51.9,261,97.3,69.1,552,20,3.6,23,0.64,12.5,1,0,0.0,0.03,0.00,0.00,,9.5,448,1045,42.9,20541,18372,32,32,100.0,106,109,97.2,309,898,34.4,1,49,1,0,0,657,383,122,0,1,0,0,0,5,5,0.14,5,0.14,2,3,0,0,0,0,1,0.03,0,1,0,0,0,0,0,0,0,0,0,0,0,,0,0,0,0,1,1,13,1,36.0,1120,948,1109,10,1,1,1120,0,0,,0,,544,4443,2726,0,0,0,2,0,363,0,10000,520000
Declan Rice,MF,West Ham,20,38,38,3420.0,38.0,1,3,4,1,0,0,6,0,1.3,1.3,1.4,2.7,0.03,0.08,0.11,0.03,0.03,0.04,0.03,0.07,0.0,0.0,0.0,0.0,0.0,0.0,0.0,0.0,0.0,0.0,0.0,0.0,0.0,0.0,0.0,0.0,0.0,0.0,0.0,0.0,0.0,0.0,0.0,0.0,31,9,29.0,0.82,0.24,0.03,0.11,23.7,1506,1768,85.2,28014,7897,654,723,90.5,618,692,89.3,199,274,72.6,21,185,21,8,180,1734,31,26,1,32,28,4,0,3,58,1.53,58,1.53,51,0,2,3,0,2,7,0.18,5,0,0,2,0,0,116,60,64,48,4,47,98,48.0,51,41,9,32,77,193,55,0,38.0,2144,105,581,1336,269,24,2144,65,49,75.4,16,24.6,1230,7483,3343,52,47,3,26,21,1278,36,3077,160000
Dejan Lovren,DF,Liverpool,30,10,9,777.0,8.6,0,1,1,0,0,0,1,0,0.4,0.4,0.3,0.7,0.00,0.12,0.12,0.00,0.05,0.04,0.05,0.08,0.0,0.0,0.0,0.0,0.0,0.0,0.0,0.0,0.0,0.0,0.0,0.0,0.0,0.0,0.0,0.0,0.0,0.0,0.0,0.0,0.0,0.0,0.0,0.0,5,1,20.0,0.58,0.12,0.00,0.00,8.6,569,683,83.3,10756,3676,199,229,86.9,321,348,92.2,46,94,48.9,1,34,4,0,46,666,17,14,2,5,0,3,0,0,5,0.58,5,0.58,5,0,0,0,0,0,2,0.23,2,0,0,0,0,0,13,8,10,3,0,7,12,58.3,5,9,6,3,10,23,42,0,8.6,778,80,339,416,25,16,778,1,1,100.0,0,0.0,502,2395,1443,8,7,0,1,0,518,3,100000,5200000
Dele Alli,"MF,FW",Tottenham,23,25,21,1847.0,20.5,8,4,12,7,1,1,2,0,8.1,7.3,3.5,10.8,0.39,0.19,0.58,0.34,0.40,0.17,0.36,0.53,0.0,0.0,0.0,0.0,0.0,0.0,0.0,0.0,0.0,0.0,0.0,0.0,0.0,0.0,0.0,0.0,0.0,0.0,0.0,0.0,0.0,0.0,0.0,0.0,41,18,43.9,2.00,0.88,0.17,0.39,14.9,632,841,75.1,8846,2173,345,414,83.3,212,252,84.1,28,56,50.0,23,43,22,0,69,760,75,14,4,3,7,18,4,6,58,2.82,58,2.82,42,1,7,3,3,2,11,0.54,5,0,4,2,0,0,34,16,11,20,3,13,37,35.1,24,35,3,32,17,51,17,2,20.5,1128,36,156,558,427,76,1127,66,29,43.9,36,54.5,707,3569,1684,56,37,14,50,41,760,152,100000,5200000
Demarai Gray,"MF,FW",Leicester City,23,21,3,622.0,6.9,2,3,5,2,0,1,1,0,2.8,2.0,2.1,4.0,0.29,0.43,0.72,0.29,0.40,0.30,0.28,0.59,0.0,0.0,0.0,0.0,0.0,0.0,0.0,0.0,0.0,0.0,0.0,0.0,0.0,0.0,0.0,0.0,0.0,0.0,0.0,0.0,0.0,0.0,0.0,0.0,22,7,31.8,3.18,1.01,0.09,0.29,19.8,265,327,81.0,3789,759,177,187,94.7,55,79,69.6,21,29,72.4,16,10,13,5,21,311,15,5,1,2,31,4,6,1,34,4.93,34,4.93,29,1,1,2,1,0,6,0.87,5,0,0,0,1,0,12,6,6,6,0,6,12,50.0,6,7,0,7,5,17,4,0,6.9,439,3,37,172,236,38,438,25,10,40.0,15,60.0,312,2361,1048,40,27,17,20,19,324,78,55000,2860000
Dennis Praet,MF,Leicester City,25,27,12,1134.0,12.6,1,2,3,1,0,0,2,0,0.9,0.9,1.3,2.3,0.08,0.16,0.24,0.08,0.07,0.11,0.07,0.18,0.0,0.0,0.0,0.0,0.0,0.0,0.0,0.0,0.0,0.0,0.0,0.0,0.0,0.0,0.0,0.0,0.0,0.0,0.0,0.0,0.0,0.0,0.0,0.0,16,3,18.8,1.27,0.24,0.06,0.33,18.6,448,546,82.1,6705,1665,255,281,90.7,140,175,80.0,32,46,69.6,9,38,7,2,42,540,5,2,2,4,21,3,0,1,25,1.98,25,1.98,17,1,2,2,1,2,4,0.32,3,0,0,0,0,1,33,18,8,21,4,9,29,31.0,20,19,1,18,17,50,12,0,12.6,713,20,151,356,213,18,713,25,12,48.0,13,52.0,440,1904,801,10,18,2,27,17,460,42,75000,3900000
Dennis Srbeny,"MF,FW",Norwich City,25,8,0,47.0,0.5,1,0,1,1,0,0,0,0,0.5,0.5,0.0,0.5,1.91,0.00,1.91,1.91,1.00,0.00,1.00,1.00,0.0,0.0,0.0,0.0,0.0,0.0,0.0,0.0,0.0,0.0,0.0,0.0,0.0,0.0,0.0,0.0,0.0,0.0,0.0,0.0,0.0,0.0,0.0,0.0,2,1,50.0,3.83,1.91,0.50,1.00,7.8,13,18,72.2,134,12,12,16,75.0,1,1,100.0,0,0,,0,1,0,0,1,17,1,0,0,0,0,0,0,0,0,0.00,0,0.00,0,0,0,0,0,0,0,0.00,0,0,0,0,0,0,5,5,3,2,0,1,3,33.3,2,1,0,1,0,5,1,0,0.5,31,1,4,16,11,3,31,5,2,40.0,3,60.0,20,47,6,0,0,0,1,3,22,4,4038,210000
Diego Rico,DF,Bournemouth,26,27,27,2332.0,25.9,0,4,4,0,0,0,6,0,0.4,0.4,3.2,3.6,0.00,0.15,0.15,0.00,0.02,0.12,0.02,0.14,0.0,0.0,0.0,0.0,0.0,0.0,0.0,0.0,0.0,0.0,0.0,0.0,0.0,0.0,0.0,0.0,0.0,0.0,0.0,0.0,0.0,0.0,0.0,0.0,11,3,27.3,0.42,0.12,0.00,0.00,26.3,993,1516,65.5,16826,9108,496,583,85.1,370,555,66.7,104,266,39.1,33,96,28,14,145,1127,381,54,2,3,173,250,77,8,60,2.32,60,2.32,29,29,0,1,1,0,7,0.27,4,3,0,0,0,0,61,39,32,24,5,29,59,49.2,30,31,7,24,84,145,91,0,25.9,1866,101,646,761,470,10,1866,24,13,54.2,11,45.8,830,3586,1953,42,37,1,26,21,835,81,35000,1820000
Dimitri Foulquier,"DF,MF",Watford,26,3,1,59.0,0.7,0,0,0,0,0,0,0,0,0.0,0.0,0.0,0.0,0.00,0.00,0.00,0.00,0.00,0.00,0.00,0.00,0.0,0.0,0.0,0.0,0.0,0.0,0.0,0.0,0.0,0.0,0.0,0.0,0.0,0.0,0.0,0.0,0.0,0.0,0.0,0.0,0.0,0.0,0.0,0.0,0,0,,0.00,0.00,,,,9,12,75.0,135,62,5,6,83.3,4,5,80.0,0,0,,0,1,0,0,3,11,1,0,0,0,1,1,0,0,0,0.00,0,0.00,0,0,0,0,0,0,0,0.00,0,0,0,0,0,0,1,0,1,0,0,0,0,,0,1,0,1,2,3,2,0,0.7,21,2,8,9,6,0,21,2,2,100.0,0,0.0,9,87,73,3,1,0,2,0,9,1,20000,1040000
Diogo Dalot,"DF,MF",Manchester Utd,20,4,1,67.0,0.7,0,0,0,0,0,0,0,0,0.3,0.3,0.0,0.3,0.00,0.00,0.00,0.00,0.39,0.00,0.39,0.39,0.0,0.0,0.0,0.0,0.0,0.0,0.0,0.0,0.0,0.0,0.0,0.0,0.0,0.0,0.0,0.0,0.0,0.0,0.0,0.0,0.0,0.0,0.0,0.0,1,0,0.0,1.34,0.00,0.00,,9.0,51,67,76.1,735,170,29,33,87.9,17,23,73.9,2,7,28.6,0,2,0,0,3,53,14,0,0,0,3,13,1,0,0,0.00,0,0.00,0,0,0,0,0,0,0,0.00,0,0,0,0,0,0,3,2,3,0,0,3,4,75.0,1,1,0,1,2,5,1,0,0.7,80,3,12,36,32,1,80,3,0,0.0,3,100.0,36,192,65,2,0,1,1,2,48,7,25000,1300000
Diogo Jota,FW,Wolves,22,34,27,2284.0,25.4,7,1,8,7,0,0,4,0,11.5,11.5,2.7,14.2,0.28,0.04,0.32,0.28,0.45,0.11,0.45,0.56,0.0,0.0,0.0,0.0,0.0,0.0,0.0,0.0,0.0,0.0,0.0,0.0,0.0,0.0,0.0,0.0,0.0,0.0,0.0,0.0,0.0,0.0,0.0,0.0,69,26,37.7,2.72,1.02,0.10,0.27,14.2,682,886,77.0,9768,1810,377,444,84.9,212,262,80.9,39,54,72.2,29,41,20,4,68,828,52,0,4,10,38,2,0,6,102,4.02,102,4.02,56,0,15,13,17,1,7,0.28,5,0,0,1,1,0,28,15,16,10,2,12,48,25.0,36,17,0,17,9,37,10,2,25.4,1256,9,106,589,592,146,1256,133,66,49.6,67,50.4,785,6181,3569,131,93,51,80,57,963,200,55000,2860000
Divock Origi,FW,Liverpool,24,28,7,717.0,8.0,4,1,5,4,0,0,1,0,1.8,1.8,0.8,2.6,0.50,0.13,0.63,0.50,0.22,0.10,0.22,0.32,0.0,0.0,0.0,0.0,0.0,0.0,0.0,0.0,0.0,0.0,0.0,0.0,0.0,0.0,0.0,0.0,0.0,0.0,0.0,0.0,0.0,0.0,0.0,0.0,14,6,42.9,1.76,0.75,0.29,0.67,15.7,143,216,66.2,1986,254,85,114,74.6,36,52,69.2,11,25,44.0,8,3,8,2,12,214,1,0,0,4,18,1,0,1,20,2.51,20,2.51,9,0,6,2,3,0,3,0.38,0,0,1,1,1,0,12,9,2,5,5,4,9,44.4,5,2,0,2,4,16,5,0,8.0,323,6,25,114,186,38,323,26,12,46.2,14,53.8,229,1526,766,37,18,10,28,12,259,90,45000,2340000
Djibril Sidibé,"DF,MF",Everton,27,25,18,1824.0,20.3,0,4,4,0,0,0,3,0,0.4,0.4,2.3,2.7,0.00,0.20,0.20,0.00,0.02,0.11,0.02,0.13,0.0,0.0,0.0,0.0,0.0,0.0,0.0,0.0,0.0,0.0,0.0,0.0,0.0,0.0,0.0,0.0,0.0,0.0,0.0,0.0,0.0,0.0,0.0,0.0,12,3,25.0,0.59,0.15,0.00,0.00,24.0,924,1205,76.7,15657,5646,442,515,85.8,381,485,78.6,81,133,60.9,19,56,20,13,86,997,204,18,5,12,68,185,1,4,45,2.22,45,2.22,37,3,0,0,2,3,5,0.25,5,0,0,0,0,0,83,44,48,25,10,43,72,59.7,29,19,3,16,40,123,41,0,20.3,1469,54,417,673,394,20,1469,25,14,56.0,11,44.0,778,3682,2009,61,43,4,28,12,810,102,9038,470000
Domingos Quina,"MF,FW",Watford,19,4,0,22.0,0.2,0,0,0,0,0,0,0,0,0.0,0.0,0.0,0.0,0.00,0.00,0.00,0.00,0.11,0.00,0.11,0.11,0.0,0.0,0.0,0.0,0.0,0.0,0.0,0.0,0.0,0.0,0.0,0.0,0.0,0.0,0.0,0.0,0.0,0.0,0.0,0.0,0.0,0.0,0.0,0.0,1,1,100.0,4.09,4.09,0.00,0.00,27.3,10,10,100.0,120,30,7,7,100.0,2,2,100.0,0,0,,0,0,1,0,1,10,0,0,0,0,0,0,0,0,0,0.00,0,0.00,0,0,0,0,0,0,0,0.00,0,0,0,0,0,0,2,0,1,1,0,1,2,50.0,1,3,0,3,0,2,0,0,0.2,23,0,5,14,4,0,23,2,1,50.0,1,50.0,13,67,23,1,0,0,2,1,12,0,8077,420000
Dominic Calvert-Lewin,FW,Everton,22,36,30,2626.0,29.2,13,1,14,13,0,0,9,0,15.3,15.3,1.5,16.8,0.45,0.03,0.48,0.45,0.52,0.05,0.52,0.57,0.0,0.0,0.0,0.0,0.0,0.0,0.0,0.0,0.0,0.0,0.0,0.0,0.0,0.0,0.0,0.0,0.0,0.0,0.0,0.0,0.0,0.0,0.0,0.0,85,38,44.7,2.91,1.30,0.15,0.34,12.9,359,577,62.2,4534,1103,225,338,66.6,78,123,63.4,21,30,70.0,15,31,14,3,50,570,3,2,2,3,19,1,0,4,56,1.92,56,1.92,33,0,2,8,13,0,2,0.07,2,0,0,0,0,0,7,5,1,4,2,1,10,10.0,9,15,2,13,6,13,36,0,29.2,922,42,76,391,466,134,922,27,14,51.9,13,48.1,511,2568,951,40,28,16,98,23,736,156,20000,1040000
Dominic Solanke,FW,Bournemouth,21,32,17,1651.0,18.3,3,1,4,3,0,0,1,0,4.6,4.6,1.2,5.8,0.16,0.05,0.22,0.16,0.25,0.07,0.25,0.32,0.0,0.0,0.0,0.0,0.0,0.0,0.0,0.0,0.0,0.0,0.0,0.0,0.0,0.0,0.0,0.0,0.0,0.0,0.0,0.0,0.0,0.0,0.0,0.0,32,8,25.0,1.74,0.44,0.09,0.38,14.8,301,439,68.6,3698,828,202,256,78.9,60,92,65.2,13,21,61.9,15,26,7,1,35,421,16,0,0,3,6,0,0,2,43,2.34,43,2.34,31,0,3,4,5,0,5,0.27,2,0,1,1,1,0,8,4,2,5,1,5,33,15.2,28,9,1,8,8,16,18,1,18.3,667,18,76,289,308,75,667,62,26,41.9,36,58.1,418,2570,995,35,26,15,52,54,469,109,25000,1300000
Douglas Luiz,MF,Aston Villa,21,36,28,2612.0,29.0,3,2,5,3,0,0,8,0,2.6,2.6,1.7,4.2,0.10,0.07,0.17,0.10,0.09,0.06,0.09,0.15,0.0,0.0,0.0,0.0,0.0,0.0,0.0,0.0,0.0,0.0,0.0,0.0,0.0,0.0,0.0,0.0,0.0,0.0,0.0,0.0,0.0,0.0,0.0,0.0,38,12,31.6,1.31,0.41,0.08,0.25,24.0,1010,1243,81.3,19047,5278,400,460,87.0,454,536,84.7,131,191,68.6,17,106,17,5,143,1173,66,40,4,20,24,7,3,4,54,1.86,54,1.86,44,1,3,2,3,1,3,0.10,3,0,0,0,0,0,46,24,25,17,4,19,65,29.2,46,42,15,27,36,82,54,1,29.0,1551,104,405,882,287,29,1551,45,35,77.8,10,22.2,821,4977,2605,35,23,2,38,22,922,46,50000,2600000
Dwight Gayle,FW,Newcastle Utd,28,20,10,850.0,9.4,4,2,6,4,0,0,2,0,4.3,4.3,0.8,5.1,0.42,0.21,0.64,0.42,0.46,0.09,0.46,0.54,0.0,0.0,0.0,0.0,0.0,0.0,0.0,0.0,0.0,0.0,0.0,0.0,0.0,0.0,0.0,0.0,0.0,0.0,0.0,0.0,0.0,0.0,0.0,0.0,23,10,43.5,2.44,1.06,0.17,0.40,11.9,103,151,68.2,1269,199,70,94,74.5,16,25,64.0,6,12,50.0,6,6,1,1,7,138,12,0,0,0,3,2,0,1,13,1.37,13,1.37,6,0,0,3,3,1,2,0.21,2,0,0,0,0,0,12,10,4,6,2,4,8,50.0,4,5,0,5,2,14,9,0,9.4,236,9,24,118,95,30,236,3,2,66.7,1,33.3,126,515,209,7,3,1,20,11,157,43,30000,1560000
Dwight McNeil,MF,Burnley,19,38,38,3338.0,37.1,2,6,8,2,0,0,5,0,2.3,2.3,7.7,10.0,0.05,0.16,0.22,0.05,0.06,0.21,0.06,0.27,0.0,0.0,0.0,0.0,0.0,0.0,0.0,0.0,0.0,0.0,0.0,0.0,0.0,0.0,0.0,0.0,0.0,0.0,0.0,0.0,0.0,0.0,0.0,0.0,48,14,29.2,1.29,0.38,0.04,0.14,24.0,894,1305,68.5,15517,4923,470,537,87.5,257,369,69.6,133,265,50.2,55,97,42,34,97,1169,127,57,4,16,257,10,60,9,116,3.13,116,3.13,66,26,8,8,7,1,14,0.38,9,2,1,1,1,0,47,33,18,22,7,23,71,32.4,48,60,8,52,30,77,34,0,37.1,1720,43,253,840,668,43,1720,142,77,54.2,65,45.8,1066,8654,3629,146,95,9,57,63,1041,109,577,30000
Eddie Nketiah,FW,Arsenal,20,13,7,633.0,7.0,2,0,2,2,0,0,0,1,3.1,3.1,0.6,3.7,0.28,0.00,0.28,0.28,0.45,0.08,0.45,0.53,0.0,0.0,0.0,0.0,0.0,0.0,0.0,0.0,0.0,0.0,0.0,0.0,0.0,0.0,0.0,0.0,0.0,0.0,0.0,0.0,0.0,0.0,0.0,0.0,15,5,33.3,2.13,0.71,0.13,0.40,12.2,105,141,74.5,1441,247,59,72,81.9,38,49,77.6,3,5,60.0,5,6,3,0,16,128,13,1,2,0,1,0,0,0,12,1.71,12,1.71,6,0,2,1,2,1,1,0.14,0,0,0,0,0,1,7,5,3,4,0,2,6,33.3,4,9,0,9,2,9,5,0,7.0,218,8,23,110,88,29,218,17,10,58.8,7,41.2,153,866,396,19,5,5,21,15,169,38,15000,780000
Ederson,GK,Manchester City,25,35,35,3071.0,34.1,0,0,0,0,0,0,3,1,0.0,0.0,0.1,0.1,0.00,0.00,0.00,0.00,0.00,0.00,0.00,0.00,0.82,95,68,73.7,16,45.7,29.6,0.29,74,183,40.4,939,178,15.4,26.0,139,27.3,30.0,260,14,5.4,63,1.85,19.3,0,0,,0.00,0.00,,,,949,1082,87.7,21002,13346,276,277,99.6,481,487,98.8,190,312,60.9,1,10,0,0,0,892,186,46,2,2,0,1,0,4,6,0.18,6,0.18,6,0,0,0,0,0,1,0.03,1,0,0,0,0,0,2,2,2,0,0,2,5,40.0,3,0,0,0,3,5,16,6,34.1,1148,886,1130,19,0,0,1148,0,0,,0,,800,3620,2521,0,0,0,1,0,667,0,100000,5200000
Emerson Palmieri,DF,Chelsea,24,15,13,1024.0,11.4,0,0,0,0,0,0,3,0,1.1,1.1,1.3,2.4,0.00,0.00,0.00,0.00,0.10,0.12,0.10,0.21,0.0,0.0,0.0,0.0,0.0,0.0,0.0,0.0,0.0,0.0,0.0,0.0,0.0,0.0,0.0,0.0,0.0,0.0,0.0,0.0,0.0,0.0,0.0,0.0,13,7,53.8,1.14,0.62,0.00,0.00,19.2,708,875,80.9,9224,2394,458,508,90.2,163,219,74.4,37,67,55.2,19,31,8,5,37,741,132,11,0,1,54,101,20,2,31,2.72,31,2.72,23,7,0,0,1,0,0,0.00,0,0,0,0,0,0,23,12,8,11,4,10,15,66.7,5,13,1,12,18,41,19,0,11.4,1009,35,241,446,330,26,1009,16,12,75.0,4,25.0,578,2984,1726,39,30,7,16,8,657,87,41923,2180000
Emi Buendía,"FW,MF",Norwich City,22,36,28,2464.0,27.4,1,7,8,1,0,0,6,1,2.2,2.2,6.8,9.0,0.04,0.26,0.29,0.04,0.08,0.25,0.08,0.33,0.0,0.0,0.0,0.0,0.0,0.0,0.0,0.0,0.0,0.0,0.0,0.0,0.0,0.0,0.0,0.0,0.0,0.0,0.0,0.0,0.0,0.0,0.0,0.0,40,11,27.5,1.46,0.40,0.03,0.09,22.8,1188,1604,74.1,18941,6656,662,772,85.8,307,401,76.6,154,284,54.2,83,155,56,4,194,1393,202,69,17,17,164,24,109,9,152,5.55,152,5.55,95,33,10,3,8,3,11,0.40,6,2,0,1,0,2,82,39,57,21,4,38,118,32.2,80,58,5,53,23,105,32,2,27.4,2023,61,354,965,745,52,2023,142,102,71.8,39,27.5,1302,6925,3605,68,80,15,82,80,1344,106,8077,420000
Emil Krafth,DF,Newcastle Utd,24,17,11,1020.0,11.3,0,1,1,0,0,0,0,0,0.3,0.3,0.6,1.0,0.00,0.09,0.09,0.00,0.03,0.06,0.03,0.08,0.0,0.0,0.0,0.0,0.0,0.0,0.0,0.0,0.0,0.0,0.0,0.0,0.0,0.0,0.0,0.0,0.0,0.0,0.0,0.0,0.0,0.0,0.0,0.0,4,0,0.0,0.35,0.00,0.00,,13.5,305,418,73.0,4680,2168,158,182,86.8,118,165,71.5,18,38,47.4,1,18,3,1,19,346,69,3,0,2,20,66,0,3,3,0.26,3,0.26,3,0,0,0,0,0,1,0.09,1,0,0,0,0,0,18,12,15,2,1,9,20,45.0,11,11,8,3,8,26,45,0,11.3,531,53,223,221,92,9,531,6,4,66.7,2,33.3,219,1014,598,11,11,1,8,3,278,20,30000,1560000
Emile Smith Rowe,MF,Arsenal,19,2,1,97.0,1.1,0,0,0,0,0,0,0,0,0.0,0.0,0.0,0.0,0.00,0.00,0.00,0.00,0.00,0.00,0.00,0.00,0.0,0.0,0.0,0.0,0.0,0.0,0.0,0.0,0.0,0.0,0.0,0.0,0.0,0.0,0.0,0.0,0.0,0.0,0.0,0.0,0.0,0.0,0.0,0.0,0,0,,0.00,0.00,,,,30,36,83.3,327,57,20,22,90.9,6,8,75.0,0,1,0.0,0,2,0,0,2,36,0,0,0,0,1,0,0,0,0,0.00,0,0.00,0,0,0,0,0,0,0,0.00,0,0,0,0,0,0,1,1,1,0,0,1,3,33.3,2,0,0,0,1,2,2,0,1.1,46,2,10,21,17,0,46,3,2,66.7,1,33.3,32,241,145,4,4,0,4,1,39,5,0.0,0.0
Emiliano Martínez,GK,Arsenal,26,9,8,771.0,8.6,0,0,0,0,0,0,2,0,0.0,0.0,0.0,0.0,0.00,0.00,0.00,0.00,0.00,0.00,0.00,0.00,1.05,42,33,81.0,3,37.5,11.8,0.26,28,98,28.6,232,48,29.3,31.4,61,49.2,40.2,138,8,5.8,4,0.47,13.2,0,0,,0.00,0.00,,,,212,293,72.4,5094,3181,58,58,100.0,107,110,97.3,41,118,34.7,0,6,0,0,0,214,79,18,0,0,0,0,0,0,0,0.00,0,0.00,0,0,0,0,0,0,0,0.00,0,0,0,0,0,0,0,0,0,0,0,0,0,,0,0,0,0,0,0,1,0,8.6,309,271,308,1,0,0,309,0,0,,0,,183,931,619,0,0,0,0,0,136,0,20000,1040000
Enda Stevens,DF,Sheffield Utd,29,38,38,3345.0,37.2,2,4,6,2,0,0,7,0,1.3,1.3,5.3,6.6,0.05,0.11,0.16,0.05,0.04,0.14,0.04,0.18,0.0,0.0,0.0,0.0,0.0,0.0,0.0,0.0,0.0,0.0,0.0,0.0,0.0,0.0,0.0,0.0,0.0,0.0,0.0,0.0,0.0,0.0,0.0,0.0,22,4,18.2,0.59,0.11,0.09,0.50,17.8,1383,1902,72.7,21879,8369,785,905,86.7,465,626,74.3,107,246,43.5,34,110,46,12,174,1581,315,11,2,5,123,304,0,6,77,2.07,77,2.07,63,5,5,2,2,0,9,0.24,8,0,1,0,0,0,81,46,48,26,7,42,96,43.8,54,27,8,19,35,116,71,3,37.2,2290,83,502,960,852,73,2290,84,61,72.6,22,26.2,1136,5912,3177,92,63,20,55,43,1336,197,4038,210000
Eric Bailly,DF,Manchester Utd,25,4,1,150.0,1.7,0,0,0,0,0,0,0,0,0.0,0.0,0.0,0.0,0.00,0.00,0.00,0.00,0.00,0.00,0.00,0.00,0.0,0.0,0.0,0.0,0.0,0.0,0.0,0.0,0.0,0.0,0.0,0.0,0.0,0.0,0.0,0.0,0.0,0.0,0.0,0.0,0.0,0.0,0.0,0.0,0,0,,0.00,0.00,,,,70,78,89.7,1196,470,27,29,93.1,38,40,95.0,5,7,71.4,0,2,0,0,4,76,2,2,0,0,0,0,0,0,0,0.00,0,0.00,0,0,0,0,0,0,0,0.00,0,0,0,0,0,0,0,0,0,0,0,0,1,0.0,1,3,3,0,4,4,7,1,1.7,92,15,44,49,0,0,92,1,1,100.0,0,0.0,46,186,97,1,0,0,1,1,54,1,80000,4160000
Eric Dier,"DF,MF",Tottenham,25,19,15,1344.0,14.9,0,2,2,0,0,0,5,0,0.9,0.9,0.4,1.3,0.00,0.13,0.13,0.00,0.06,0.03,0.06,0.08,0.0,0.0,0.0,0.0,0.0,0.0,0.0,0.0,0.0,0.0,0.0,0.0,0.0,0.0,0.0,0.0,0.0,0.0,0.0,0.0,0.0,0.0,0.0,0.0,8,1,12.5,0.54,0.07,0.00,0.00,15.6,738,922,80.0,13834,4583,272,319,85.3,376,429,87.6,74,132,56.1,7,51,2,0,37,897,21,19,3,9,3,1,0,4,13,0.87,13,0.87,11,0,0,1,0,1,1,0.07,1,0,0,0,0,0,21,12,10,10,1,10,20,50.0,10,14,9,5,21,42,65,0,14.9,1082,110,469,562,53,12,1082,4,4,100.0,0,0.0,662,2739,1327,4,5,0,5,4,729,4,60000,3120000
Eric García,DF,Manchester City,18,13,8,793.0,8.8,0,0,0,0,0,0,1,0,0.5,0.5,0.2,0.7,0.00,0.00,0.00,0.00,0.06,0.02,0.06,0.08,0.0,0.0,0.0,0.0,0.0,0.0,0.0,0.0,0.0,0.0,0.0,0.0,0.0,0.0,0.0,0.0,0.0,0.0,0.0,0.0,0.0,0.0,0.0,0.0,2,1,50.0,0.23,0.11,0.00,0.00,7.1,680,731,93.0,12072,3791,272,291,93.5,355,368,96.5,45,54,83.3,2,38,1,1,53,723,7,6,0,1,1,1,0,1,5,0.57,5,0.57,5,0,0,0,0,0,1,0.11,1,0,0,0,0,0,6,1,4,2,0,5,9,55.6,4,2,0,2,18,24,33,0,8.8,801,51,310,476,18,3,801,8,6,75.0,2,25.0,614,2735,1540,7,3,0,1,0,649,0,11923,620000
Erik Pieters,"DF,MF",Burnley,30,24,21,1878.0,20.9,0,4,4,0,0,0,2,0,0.5,0.5,2.5,3.0,0.00,0.19,0.19,0.00,0.02,0.12,0.02,0.14,0.0,0.0,0.0,0.0,0.0,0.0,0.0,0.0,0.0,0.0,0.0,0.0,0.0,0.0,0.0,0.0,0.0,0.0,0.0,0.0,0.0,0.0,0.0,0.0,14,3,21.4,0.67,0.14,0.00,0.00,22.1,699,965,72.4,10684,4167,392,444,88.3,247,340,72.6,42,121,34.7,18,35,18,11,50,778,182,8,3,8,41,174,0,5,26,1.25,26,1.25,23,2,0,1,0,0,4,0.19,4,0,0,0,0,0,54,32,18,29,7,28,69,40.6,41,30,4,26,28,82,60,1,20.9,1210,72,294,639,286,14,1210,12,4,33.3,8,66.7,533,2385,1236,21,30,2,24,6,588,39,25000,1300000
Ezequiel Schelotto,DF,Brighton,30,8,4,361.0,4.0,0,0,0,0,0,0,2,0,0.2,0.2,0.0,0.2,0.00,0.00,0.00,0.00,0.06,0.00,0.06,0.06,0.0,0.0,0.0,0.0,0.0,0.0,0.0,0.0,0.0,0.0,0.0,0.0,0.0,0.0,0.0,0.0,0.0,0.0,0.0,0.0,0.0,0.0,0.0,0.0,4,1,25.0,1.00,0.25,0.00,0.00,11.3,121,175,69.1,1849,636,67,82,81.7,48,66,72.7,5,17,29.4,0,6,3,0,9,136,39,0,0,0,15,39,0,0,7,1.74,7,1.74,4,0,0,1,2,0,1,0.25,0,0,0,0,1,0,4,3,1,2,1,2,8,25.0,6,3,0,3,7,11,14,0,4.0,232,16,73,75,86,8,232,8,5,62.5,3,37.5,114,840,433,15,13,2,13,6,129,40,31923,1660000
Ezri Konsa,DF,Aston Villa,21,25,24,2039.0,22.7,1,2,3,1,0,0,3,0,1.5,1.5,1.0,2.4,0.04,0.09,0.13,0.04,0.06,0.04,0.06,0.11,0.0,0.0,0.0,0.0,0.0,0.0,0.0,0.0,0.0,0.0,0.0,0.0,0.0,0.0,0.0,0.0,0.0,0.0,0.0,0.0,0.0,0.0,0.0,0.0,11,4,36.4,0.49,0.18,0.09,0.25,13.0,677,877,77.2,12291,4688,280,320,87.5,331,400,82.8,58,129,45.0,11,42,5,5,53,769,107,17,0,3,13,90,0,1,15,0.66,15,0.66,9,1,1,2,2,0,1,0.04,0,0,0,1,0,0,18,9,12,6,0,7,16,43.8,9,34,24,10,25,43,70,2,22.7,1094,116,489,517,100,21,1094,10,7,70.0,3,30.0,523,2275,1240,8,9,0,8,5,585,13,8077,420000
Fabian Delph,MF,Everton,29,16,13,1190.0,13.2,0,0,0,0,0,0,5,1,0.1,0.1,0.4,0.5,0.00,0.00,0.00,0.00,0.01,0.03,0.01,0.04,0.0,0.0,0.0,0.0,0.0,0.0,0.0,0.0,0.0,0.0,0.0,0.0,0.0,0.0,0.0,0.0,0.0,0.0,0.0,0.0,0.0,0.0,0.0,0.0,3,0,0.0,0.23,0.00,0.00,,30.9,682,793,86.0,12274,3378,300,322,93.2,274,301,91.0,83,126,65.9,7,61,14,5,94,772,18,15,1,9,8,1,0,3,25,1.89,25,1.89,23,0,0,2,0,0,2,0.15,2,0,0,0,0,0,26,12,10,13,3,9,22,40.9,13,12,3,9,15,41,19,1,13.2,909,31,221,558,140,0,909,26,21,80.8,5,19.2,574,2786,1221,19,24,0,17,6,620,9,80000,4160000
Fabian Schär,"DF,MF",Newcastle Utd,27,22,18,1672.0,18.6,2,0,2,2,0,0,5,0,1.4,1.4,0.1,1.6,0.11,0.00,0.11,0.11,0.08,0.01,0.08,0.09,0.0,0.0,0.0,0.0,0.0,0.0,0.0,0.0,0.0,0.0,0.0,0.0,0.0,0.0,0.0,0.0,0.0,0.0,0.0,0.0,0.0,0.0,0.0,0.0,20,6,30.0,1.08,0.32,0.10,0.33,21.4,590,804,73.4,12400,5435,226,261,86.6,228,275,82.9,120,228,52.6,4,59,3,0,53,727,69,46,1,38,12,23,0,8,25,1.38,25,1.38,19,1,1,3,0,1,3,0.17,1,1,0,1,0,0,39,21,25,14,0,19,40,47.5,21,35,18,17,47,86,74,2,18.6,1053,123,516,459,96,19,1053,24,16,66.7,8,33.3,530,2962,1818,20,16,2,14,5,556,6,40000,2080000
Fabinho,MF,Liverpool,25,28,22,2079.0,23.1,2,3,5,2,0,0,6,0,0.4,0.4,1.6,2.1,0.09,0.13,0.22,0.09,0.02,0.07,0.02,0.09,0.0,0.0,0.0,0.0,0.0,0.0,0.0,0.0,0.0,0.0,0.0,0.0,0.0,0.0,0.0,0.0,0.0,0.0,0.0,0.0,0.0,0.0,0.0,0.0,12,4,33.3,0.52,0.17,0.17,0.50,28.7,1381,1593,86.7,23882,5652,588,641,91.7,647,731,88.5,107,153,69.9,19,129,19,3,129,1572,19,15,3,6,9,4,0,2,50,2.16,50,2.16,45,0,1,1,1,2,5,0.22,5,0,0,0,0,0,62,35,20,35,7,26,67,38.8,41,25,2,23,34,96,19,1,23.1,1783,40,350,1147,295,10,1783,12,9,75.0,3,25.0,1137,5013,2323,19,23,0,15,8,1256,23,100000,5200000
Fabián Balbuena,DF,West Ham,27,17,13,1177.0,13.1,1,0,1,1,0,0,2,0,1.5,1.5,0.5,2.0,0.08,0.00,0.08,0.08,0.12,0.03,0.12,0.15,0.0,0.0,0.0,0.0,0.0,0.0,0.0,0.0,0.0,0.0,0.0,0.0,0.0,0.0,0.0,0.0,0.0,0.0,0.0,0.0,0.0,0.0,0.0,0.0,10,4,40.0,0.76,0.31,0.10,0.25,8.9,365,512,71.3,7542,3221,121,155,78.1,186,221,84.2,55,119,46.2,1,25,2,0,35,489,20,15,1,7,1,5,0,3,8,0.61,8,0.61,5,0,1,2,0,0,0,0.00,0,0,0,0,0,0,17,12,13,3,1,9,25,36.0,16,15,5,10,26,43,75,3,13.1,673,91,343,308,24,15,673,2,2,100.0,0,0.0,302,1375,846,8,3,1,6,1,334,2,40000,2080000
Faustino Anjorin,FW,Chelsea,17,1,0,20.0,0.2,0,0,0,0,0,0,0,0,0.0,0.0,0.0,0.0,0.00,0.00,0.00,0.00,0.11,0.00,0.11,0.11,0.0,0.0,0.0,0.0,0.0,0.0,0.0,0.0,0.0,0.0,0.0,0.0,0.0,0.0,0.0,0.0,0.0,0.0,0.0,0.0,0.0,0.0,0.0,0.0,1,0,0.0,4.50,0.00,0.00,,31.8,7,7,100.0,87,8,4,4,100.0,2,2,100.0,0,0,,0,1,0,0,1,7,0,0,0,0,0,0,0,0,0,0.00,0,0.00,0,0,0,0,0,0,0,0.00,0,0,0,0,0,0,0,0,0,0,0,0,0,,0,1,0,1,0,0,0,0,0.2,12,0,0,5,7,3,12,2,1,50.0,1,50.0,8,57,25,1,0,1,1,1,8,1,0.0,0.0
Federico Fernández,DF,Newcastle Utd,30,32,29,2620.0,29.1,2,2,4,2,0,0,8,0,1.4,1.4,1.2,2.6,0.07,0.07,0.14,0.07,0.05,0.04,0.05,0.09,0.0,0.0,0.0,0.0,0.0,0.0,0.0,0.0,0.0,0.0,0.0,0.0,0.0,0.0,0.0,0.0,0.0,0.0,0.0,0.0,0.0,0.0,0.0,0.0,15,7,46.7,0.52,0.24,0.13,0.29,11.5,929,1246,74.6,17988,7703,354,415,85.3,428,529,80.9,127,246,51.6,4,40,6,4,43,1100,141,39,0,11,29,102,0,5,19,0.65,19,0.65,10,2,3,3,1,0,3,0.10,1,0,0,2,0,0,42,25,30,10,2,23,46,50.0,23,41,28,13,24,66,190,2,29.1,1615,254,943,536,150,24,1615,16,10,62.5,6,37.5,831,3506,1421,4,13,1,21,3,860,13,43077,2240000
Felipe Anderson,"MF,FW",West Ham,26,25,20,1497.0,16.6,1,4,5,1,0,0,1,0,2.5,2.5,3.1,5.6,0.06,0.24,0.30,0.06,0.15,0.18,0.15,0.34,0.0,0.0,0.0,0.0,0.0,0.0,0.0,0.0,0.0,0.0,0.0,0.0,0.0,0.0,0.0,0.0,0.0,0.0,0.0,0.0,0.0,0.0,0.0,0.0,23,8,34.8,1.38,0.48,0.04,0.13,17.1,727,945,76.9,11062,3031,440,527,83.5,207,257,80.5,58,89,65.2,25,56,34,4,100,913,29,8,5,11,34,13,5,3,67,4.03,67,4.03,50,2,5,5,4,1,11,0.66,9,0,2,0,0,0,46,32,20,21,5,11,47,23.4,36,19,1,18,22,68,11,0,16.6,1168,19,143,564,486,56,1168,92,63,68.5,29,31.5,764,5752,3044,106,72,21,48,30,884,132,85000,4420000
Fernandinho,DF,Manchester City,34,30,26,2397.0,26.6,0,1,1,0,0,0,9,2,1.0,1.0,0.4,1.4,0.00,0.04,0.04,0.00,0.04,0.01,0.04,0.05,0.0,0.0,0.0,0.0,0.0,0.0,0.0,0.0,0.0,0.0,0.0,0.0,0.0,0.0,0.0,0.0,0.0,0.0,0.0,0.0,0.0,0.0,0.0,0.0,17,2,11.8,0.64,0.08,0.00,0.00,14.9,2008,2244,89.5,38469,14037,719,773,93.0,1075,1146,93.8,195,272,71.7,8,214,12,0,213,2186,52,40,0,22,4,12,0,6,31,1.16,31,1.16,26,0,1,4,0,0,6,0.23,6,0,0,0,0,0,50,35,32,16,2,29,48,60.4,19,28,16,12,25,75,82,0,26.6,2492,198,895,1493,113,22,2492,13,13,100.0,0,0.0,1855,11030,7448,51,27,0,14,6,1880,7,180000,9360000
Fikayo Tomori,DF,Chelsea,21,15,15,1291.0,14.3,1,0,1,1,0,0,3,0,0.4,0.4,0.1,0.6,0.07,0.00,0.07,0.07,0.03,0.01,0.03,0.04,0.0,0.0,0.0,0.0,0.0,0.0,0.0,0.0,0.0,0.0,0.0,0.0,0.0,0.0,0.0,0.0,0.0,0.0,0.0,0.0,0.0,0.0,0.0,0.0,7,3,42.9,0.49,0.21,0.14,0.33,14.6,1019,1167,87.3,18441,6115,362,395,91.6,575,617,93.2,66,119,55.5,4,49,3,1,50,1147,20,8,3,4,4,12,0,0,20,1.39,20,1.39,19,0,0,1,0,0,2,0.14,2,0,0,0,0,0,29,16,21,8,0,10,15,66.7,5,13,7,6,22,51,48,2,14.3,1322,119,677,597,55,10,1322,12,9,75.0,3,25.0,911,4427,2230,14,15,0,11,4,972,4,5000,260000
Florian Lejeune,DF,Newcastle Utd,28,6,4,442.0,4.9,2,0,2,2,0,0,0,0,1.2,1.2,0.0,1.2,0.41,0.00,0.41,0.41,0.24,0.01,0.24,0.25,0.0,0.0,0.0,0.0,0.0,0.0,0.0,0.0,0.0,0.0,0.0,0.0,0.0,0.0,0.0,0.0,0.0,0.0,0.0,0.0,0.0,0.0,0.0,0.0,4,3,75.0,0.81,0.61,0.50,0.67,14.4,148,216,68.5,2641,1074,66,82,80.5,67,81,82.7,12,41,29.3,1,3,0,0,7,194,22,6,0,2,3,16,0,0,1,0.20,1,0.20,1,0,0,0,0,0,0,0.00,0,0,0,0,0,0,8,2,6,2,0,4,7,57.1,3,6,2,4,10,18,15,2,4.9,267,21,137,118,13,5,267,5,4,80.0,1,20.0,127,538,197,1,3,0,3,2,121,0,38077,1980000
Florin Andone,FW,Brighton,26,3,1,73.0,0.8,1,0,1,1,0,0,0,1,0.4,0.4,0.1,0.4,1.23,0.00,1.23,1.23,0.45,0.06,0.45,0.51,0.0,0.0,0.0,0.0,0.0,0.0,0.0,0.0,0.0,0.0,0.0,0.0,0.0,0.0,0.0,0.0,0.0,0.0,0.0,0.0,0.0,0.0,0.0,0.0,1,1,100.0,1.23,1.23,1.00,1.00,7.8,7,12,58.3,71,22,7,8,87.5,0,2,0.0,0,0,,1,0,0,0,0,11,1,0,0,0,0,0,1,0,0,0.00,0,0.00,0,0,0,0,0,0,0,0.00,0,0,0,0,0,0,1,1,0,1,0,1,1,100.0,0,1,1,0,0,1,1,0,0.8,34,2,7,9,18,3,34,7,2,28.6,5,71.4,19,178,93,2,3,1,5,1,17,4,0.0,0.0
Fred,MF,Manchester Utd,26,29,23,2163.0,24.0,0,0,0,0,0,0,8,0,1.7,1.7,2.1,3.8,0.00,0.00,0.00,0.00,0.07,0.09,0.07,0.16,0.0,0.0,0.0,0.0,0.0,0.0,0.0,0.0,0.0,0.0,0.0,0.0,0.0,0.0,0.0,0.0,0.0,0.0,0.0,0.0,0.0,0.0,0.0,0.0,40,10,25.0,1.66,0.42,0.00,0.00,24.5,1482,1742,85.1,26846,7368,640,703,91.0,599,665,90.1,196,273,71.8,35,142,14,3,158,1632,108,55,3,17,63,9,42,2,93,3.87,93,3.87,70,7,6,3,4,3,3,0.12,3,0,0,0,0,0,60,32,33,22,5,25,100,25.0,75,44,8,36,38,98,32,0,24.0,2059,61,433,1170,478,20,2059,53,40,75.5,13,24.5,1154,5708,2903,28,42,11,45,26,1395,39,120000,6240000
Frederic Guilbert,"DF,MF",Aston Villa,24,25,22,2041.0,22.7,0,2,2,0,0,0,7,0,0.3,0.3,1.5,1.9,0.00,0.09,0.09,0.00,0.02,0.07,0.02,0.08,0.0,0.0,0.0,0.0,0.0,0.0,0.0,0.0,0.0,0.0,0.0,0.0,0.0,0.0,0.0,0.0,0.0,0.0,0.0,0.0,0.0,0.0,0.0,0.0,8,3,37.5,0.35,0.13,0.00,0.00,21.8,679,1046,64.9,11643,4660,355,445,79.8,242,365,66.3,68,169,40.2,13,66,21,14,81,824,216,15,0,8,91,200,1,6,39,1.72,39,1.72,33,5,0,1,0,0,5,0.22,4,1,0,0,0,0,74,43,48,20,6,36,67,53.7,31,33,10,23,49,123,74,2,22.7,1385,105,443,593,361,10,1385,48,23,47.9,25,52.1,518,3068,1762,56,42,1,30,14,636,96,25000,1300000
Gabriel Jesus,FW,Manchester City,22,34,21,2030.0,22.6,14,7,21,14,0,1,3,0,18.2,17.4,3.2,20.6,0.62,0.31,0.93,0.62,0.81,0.14,0.77,0.91,0.0,0.0,0.0,0.0,0.0,0.0,0.0,0.0,0.0,0.0,0.0,0.0,0.0,0.0,0.0,0.0,0.0,0.0,0.0,0.0,0.0,0.0,0.0,0.0,100,45,45.0,4.43,2.00,0.14,0.31,11.6,533,620,86.0,6474,797,333,361,92.2,111,126,88.1,23,29,79.3,32,21,12,1,37,600,19,0,1,3,6,4,1,1,73,3.24,73,3.24,51,0,12,7,1,2,11,0.49,8,0,2,1,0,0,17,10,4,5,8,7,25,28.0,18,26,1,25,11,28,6,0,22.6,872,7,54,319,509,171,871,60,45,75.0,15,25.0,602,2691,1147,55,22,29,48,33,675,203,90000,4680000
Gabriel Martinelli,FW,Arsenal,18,14,6,663.0,7.4,3,0,3,3,0,0,1,0,2.2,2.2,0.1,2.3,0.41,0.00,0.41,0.41,0.29,0.01,0.29,0.31,0.0,0.0,0.0,0.0,0.0,0.0,0.0,0.0,0.0,0.0,0.0,0.0,0.0,0.0,0.0,0.0,0.0,0.0,0.0,0.0,0.0,0.0,0.0,0.0,12,5,41.7,1.63,0.68,0.25,0.60,12.9,82,140,58.6,1073,283,54,79,68.4,20,37,54.1,4,7,57.1,2,3,5,0,12,137,2,1,1,1,22,1,0,1,8,1.09,8,1.09,5,0,0,1,1,1,0,0.00,0,0,0,0,0,0,20,15,10,6,4,7,20,35.0,13,15,1,14,3,23,8,0,7.4,273,11,61,88,132,36,273,32,9,28.1,23,71.9,168,1409,770,31,15,13,29,12,181,65,20000,1040000
Gary Cahill,DF,Crystal Palace,33,25,25,2167.0,24.1,0,1,1,0,0,0,1,0,1.6,1.6,0.2,1.8,0.00,0.04,0.04,0.00,0.06,0.01,0.06,0.07,0.0,0.0,0.0,0.0,0.0,0.0,0.0,0.0,0.0,0.0,0.0,0.0,0.0,0.0,0.0,0.0,0.0,0.0,0.0,0.0,0.0,0.0,0.0,0.0,21,5,23.8,0.87,0.21,0.00,0.00,12.3,857,1009,84.9,17067,6010,288,323,89.2,461,506,91.1,104,161,64.6,3,40,2,0,48,967,42,37,0,9,0,5,0,0,12,0.50,12,0.50,8,0,1,3,0,0,1,0.04,1,0,0,0,0,0,15,8,11,4,0,7,15,46.7,8,34,25,9,18,33,114,1,24.1,1257,190,748,453,63,45,1257,5,4,80.0,1,20.0,627,3147,1421,5,7,1,13,4,744,2,75000,3900000
Gaëtan Bong,"DF,MF",Brighton,31,4,0,59.0,0.7,0,0,0,0,0,0,0,0,0.0,0.0,0.2,0.2,0.00,0.00,0.00,0.00,0.00,0.34,0.00,0.34,0.0,0.0,0.0,0.0,0.0,0.0,0.0,0.0,0.0,0.0,0.0,0.0,0.0,0.0,0.0,0.0,0.0,0.0,0.0,0.0,0.0,0.0,0.0,0.0,0,0,,0.00,0.00,,,,25,35,71.4,450,191,12,14,85.7,10,14,71.4,3,5,60.0,2,2,1,1,5,32,3,1,0,0,6,2,0,0,3,4.58,3,4.58,3,0,0,0,0,0,0,0.00,0,0,0,0,0,0,1,0,0,0,1,0,0,,0,1,1,0,0,1,0,0,0.7,41,0,5,15,22,3,41,2,1,50.0,1,50.0,26,119,55,4,1,1,3,1,31,8,20192,1050000
Gedson Fernandes,"MF,DF",Tottenham,20,7,0,68.0,0.8,0,0,0,0,0,0,0,0,0.0,0.0,0.1,0.1,0.00,0.00,0.00,0.00,0.03,0.13,0.03,0.16,0.0,0.0,0.0,0.0,0.0,0.0,0.0,0.0,0.0,0.0,0.0,0.0,0.0,0.0,0.0,0.0,0.0,0.0,0.0,0.0,0.0,0.0,0.0,0.0,1,0,0.0,1.32,0.00,0.00,,26.4,39,53,73.6,461,114,28,32,87.5,7,14,50.0,1,1,100.0,2,2,3,2,4,46,7,0,0,0,7,7,0,0,3,3.97,3,3.97,3,0,0,0,0,0,0,0.00,0,0,0,0,0,0,2,0,2,0,0,0,2,0.0,2,2,0,2,1,3,0,0,0.8,71,1,5,27,39,5,71,8,2,25.0,6,75.0,46,319,183,9,3,1,2,0,46,15,50769,2640000
George Baldock,DF,Sheffield Utd,26,38,38,3420.0,38.0,2,3,5,2,0,0,7,0,0.6,0.6,1.7,2.4,0.05,0.08,0.13,0.05,0.02,0.05,0.02,0.06,0.0,0.0,0.0,0.0,0.0,0.0,0.0,0.0,0.0,0.0,0.0,0.0,0.0,0.0,0.0,0.0,0.0,0.0,0.0,0.0,0.0,0.0,0.0,0.0,13,4,30.8,0.34,0.11,0.15,0.50,16.9,1143,1522,75.1,15916,5444,719,795,90.4,323,417,77.5,55,162,34.0,23,66,46,30,103,1241,276,5,0,1,128,271,0,5,71,1.87,71,1.87,54,5,6,0,6,0,6,0.16,4,0,1,0,1,0,62,43,35,17,10,27,47,57.4,20,26,3,23,34,96,83,3,38.0,1908,102,405,623,887,56,1908,70,42,60.0,28,40.0,884,5340,2565,97,63,22,43,22,1036,197,4038,210000
George Hirst,"MF,DF",Leicester City,20,2,0,11.0,0.1,0,0,0,0,0,0,0,0,0.1,0.1,0.0,0.1,0.00,0.00,0.00,0.00,1.21,0.00,1.21,1.21,0.0,0.0,0.0,0.0,0.0,0.0,0.0,0.0,0.0,0.0,0.0,0.0,0.0,0.0,0.0,0.0,0.0,0.0,0.0,0.0,0.0,0.0,0.0,0.0,3,1,33.3,24.55,8.18,0.00,0.00,13.4,4,5,80.0,41,10,3,3,100.0,1,2,50.0,0,0,,0,0,0,0,0,5,0,0,0,0,0,0,0,0,2,16.36,2,16.36,0,0,0,0,2,0,0,0.00,0,0,0,0,0,0,0,0,0,0,0,0,0,,0,0,0,0,0,0,0,0,0.1,12,0,0,5,7,2,12,1,0,0.0,1,100.0,8,26,11,0,0,0,1,0,10,1,0.0,0.0
Georges-Kévin N'Koudou,FW,Tottenham,24,1,0,3.0,0.0,0,0,0,0,0,0,0,0,0.0,0.0,0.0,0.0,0.00,0.00,0.00,0.00,1.15,0.00,1.15,1.15,0.0,0.0,0.0,0.0,0.0,0.0,0.0,0.0,0.0,0.0,0.0,0.0,0.0,0.0,0.0,0.0,0.0,0.0,0.0,0.0,0.0,0.0,0.0,0.0,1,0,0.0,30.00,0.00,0.00,,17.7,0,0,,0,0,0,0,,0,0,,0,0,,0,0,0,0,0,0,0,0,0,0,0,0,0,0,0,0.00,0,0.00,0,0,0,0,0,0,0,0.00,0,0,0,0,0,0,0,0,0,0,0,0,1,0.0,1,0,0,0,0,0,0,0,0.0,1,0,0,0,1,1,1,0,0,,0,,1,25,24,1,0,1,0,0,1,1,0.0,0.0
Georginio Wijnaldum,MF,Liverpool,28,37,35,2935.0,32.6,4,0,4,4,0,0,0,0,2.6,2.6,0.8,3.3,0.12,0.00,0.12,0.12,0.08,0.02,0.08,0.10,0.0,0.0,0.0,0.0,0.0,0.0,0.0,0.0,0.0,0.0,0.0,0.0,0.0,0.0,0.0,0.0,0.0,0.0,0.0,0.0,0.0,0.0,0.0,0.0,36,15,41.7,1.10,0.46,0.11,0.27,16.2,1492,1646,90.6,21792,4301,849,914,92.9,511,544,93.9,67,79,84.8,18,131,23,1,137,1617,28,13,0,9,5,15,0,1,55,1.69,55,1.69,49,0,2,2,2,0,4,0.12,4,0,0,0,0,0,38,20,12,21,5,10,40,25.0,30,18,4,14,17,55,34,3,32.6,1947,41,267,1168,530,74,1947,74,41,55.4,33,44.6,1410,6609,3045,74,67,5,43,30,1439,99,75000,3900000
Gerard Deulofeu,FW,Watford,25,28,25,2098.0,23.3,4,5,9,3,1,1,3,0,6.3,5.5,4.1,9.6,0.17,0.21,0.39,0.13,0.27,0.17,0.24,0.41,0.0,0.0,0.0,0.0,0.0,0.0,0.0,0.0,0.0,0.0,0.0,0.0,0.0,0.0,0.0,0.0,0.0,0.0,0.0,0.0,0.0,0.0,0.0,0.0,63,20,31.7,2.70,0.86,0.05,0.15,18.8,598,829,72.1,8395,2071,348,401,86.8,166,228,72.8,40,86,46.5,44,26,28,1,63,736,88,30,3,1,96,7,34,5,104,4.46,104,4.46,57,11,18,8,7,3,10,0.43,5,0,2,0,1,2,33,16,18,9,6,12,59,20.3,47,10,0,10,25,58,6,0,23.3,1112,11,134,361,647,133,1111,105,62,59.0,43,41.0,751,6112,3408,123,80,62,67,52,749,170,60000,3120000
Giovani Lo Celso,"MF,FW",Tottenham,23,28,15,1492.0,16.6,0,2,2,0,0,0,6,0,1.3,1.3,1.6,2.9,0.00,0.12,0.12,0.00,0.08,0.10,0.08,0.18,0.0,0.0,0.0,0.0,0.0,0.0,0.0,0.0,0.0,0.0,0.0,0.0,0.0,0.0,0.0,0.0,0.0,0.0,0.0,0.0,0.0,0.0,0.0,0.0,18,3,16.7,1.09,0.18,0.00,0.00,22.0,839,1034,81.1,13215,3649,428,479,89.4,287,341,84.2,72,123,58.5,29,81,22,0,112,931,99,48,8,5,57,8,40,4,70,4.22,70,4.22,52,11,3,0,3,1,6,0.36,4,0,1,0,0,1,51,29,12,33,6,12,59,20.3,47,20,4,16,9,60,19,0,16.6,1266,23,171,691,425,27,1266,51,32,62.7,19,37.3,875,5567,2847,62,55,6,42,31,864,50,70000,3640000
Glenn Murray,FW,Brighton,35,23,7,797.0,8.9,1,1,2,1,0,0,0,0,2.4,2.4,0.7,3.1,0.11,0.11,0.23,0.11,0.27,0.08,0.27,0.35,0.0,0.0,0.0,0.0,0.0,0.0,0.0,0.0,0.0,0.0,0.0,0.0,0.0,0.0,0.0,0.0,0.0,0.0,0.0,0.0,0.0,0.0,0.0,0.0,18,5,27.8,2.03,0.56,0.06,0.20,13.9,104,173,60.1,1414,257,69,95,72.6,29,48,60.4,3,8,37.5,3,7,3,0,15,169,4,1,0,2,4,2,0,0,12,1.36,12,1.36,7,0,0,3,2,0,1,0.11,1,0,0,0,0,0,5,2,0,3,2,2,9,22.2,7,6,2,4,1,6,12,0,8.9,255,14,19,100,137,37,255,5,0,0.0,5,100.0,122,419,111,6,4,5,25,15,203,66,30000,1560000
Granit Xhaka,MF,Arsenal,26,31,30,2586.0,28.7,1,2,3,1,0,0,10,0,0.5,0.5,1.0,1.5,0.03,0.07,0.10,0.03,0.02,0.03,0.02,0.05,0.0,0.0,0.0,0.0,0.0,0.0,0.0,0.0,0.0,0.0,0.0,0.0,0.0,0.0,0.0,0.0,0.0,0.0,0.0,0.0,0.0,0.0,0.0,0.0,11,3,27.3,0.38,0.10,0.09,0.33,23.0,1695,1944,87.2,31542,8782,676,740,91.4,781,863,90.5,198,263,75.3,16,197,22,3,237,1867,69,51,4,25,16,17,1,8,44,1.53,44,1.53,38,2,1,1,2,0,3,0.10,2,0,0,0,1,0,45,25,20,19,6,25,55,45.5,30,32,16,16,21,66,59,3,28.7,2193,125,610,1292,305,19,2193,32,25,78.1,7,21.9,1285,6390,3316,38,28,2,28,12,1591,33,100000,5200000
Grant Hanley,DF,Norwich City,27,15,14,1262.0,14.0,0,0,0,0,0,0,4,0,0.6,0.6,0.0,0.6,0.00,0.00,0.00,0.00,0.04,0.00,0.04,0.04,0.0,0.0,0.0,0.0,0.0,0.0,0.0,0.0,0.0,0.0,0.0,0.0,0.0,0.0,0.0,0.0,0.0,0.0,0.0,0.0,0.0,0.0,0.0,0.0,8,2,25.0,0.57,0.14,0.00,0.00,10.3,545,661,82.5,10121,3168,210,228,92.1,272,305,89.2,54,106,50.9,0,18,0,0,17,631,27,27,0,4,0,0,0,3,1,0.07,1,0.07,1,0,0,0,0,0,0,0.00,0,0,0,0,0,0,24,15,17,7,0,8,14,57.1,6,25,18,7,31,55,77,1,14.0,849,134,522,316,14,10,849,3,2,66.7,1,33.3,485,2153,1010,0,2,0,5,2,515,0,25000,1300000
Gylfi Sigurðsson,MF,Everton,29,35,28,2560.0,28.4,2,3,5,1,1,1,3,0,4.0,3.2,4.2,7.4,0.07,0.11,0.18,0.04,0.14,0.15,0.11,0.26,0.0,0.0,0.0,0.0,0.0,0.0,0.0,0.0,0.0,0.0,0.0,0.0,0.0,0.0,0.0,0.0,0.0,0.0,0.0,0.0,0.0,0.0,0.0,0.0,45,12,26.7,1.58,0.42,0.02,0.08,22.8,890,1156,77.0,15044,4641,411,478,86.0,329,394,83.5,101,185,54.6,51,91,25,4,127,1003,150,43,3,2,131,3,71,3,91,3.20,91,3.20,39,32,3,12,2,3,7,0.25,3,2,1,1,0,0,50,26,15,24,11,19,70,27.1,51,30,4,26,37,87,17,1,28.4,1431,37,218,730,491,50,1430,30,16,53.3,14,46.7,720,2908,969,27,25,9,41,26,844,73,100000,5200000
Hamza Choudhury,MF,Leicester City,21,20,10,893.0,9.9,1,1,2,1,0,0,4,1,0.4,0.4,0.1,0.5,0.10,0.10,0.20,0.10,0.04,0.01,0.04,0.05,0.0,0.0,0.0,0.0,0.0,0.0,0.0,0.0,0.0,0.0,0.0,0.0,0.0,0.0,0.0,0.0,0.0,0.0,0.0,0.0,0.0,0.0,0.0,0.0,7,2,28.6,0.71,0.20,0.14,0.50,16.2,428,501,85.4,7050,1474,204,230,88.7,174,193,90.2,35,48,72.9,4,29,3,0,32,490,11,9,0,3,4,1,0,0,11,1.11,11,1.11,10,0,0,1,0,0,1,0.10,1,0,0,0,0,0,17,8,7,8,2,3,25,12.0,22,15,6,9,24,41,13,0,9.9,619,25,157,363,100,11,619,10,3,30.0,7,70.0,381,1274,399,5,8,1,13,5,402,10,7500,390000
Harry Kane,FW,Tottenham,26,29,29,2587.0,28.7,18,2,20,16,2,2,4,0,12.5,10.9,3.3,14.2,0.63,0.07,0.70,0.56,0.43,0.11,0.38,0.49,0.0,0.0,0.0,0.0,0.0,0.0,0.0,0.0,0.0,0.0,0.0,0.0,0.0,0.0,0.0,0.0,0.0,0.0,0.0,0.0,0.0,0.0,0.0,0.0,79,35,44.3,2.75,1.22,0.20,0.46,19.2,380,581,65.4,5829,1736,221,300,73.7,102,150,68.0,37,76,48.7,27,52,18,2,76,564,15,5,13,5,19,7,0,2,61,2.12,61,2.12,42,0,6,6,5,2,8,0.28,4,0,0,2,2,0,18,12,3,12,3,4,17,23.5,13,17,7,10,6,24,30,0,28.7,892,38,74,427,400,117,890,55,28,50.9,27,49.1,576,2992,1209,46,24,23,68,32,685,174,200000,10400000
Harry Maguire,DF,Manchester Utd,26,38,38,3420.0,38.0,1,1,2,1,0,0,6,0,2.1,2.1,1.4,3.4,0.03,0.03,0.05,0.03,0.06,0.04,0.05,0.09,0.0,0.0,0.0,0.0,0.0,0.0,0.0,0.0,0.0,0.0,0.0,0.0,0.0,0.0,0.0,0.0,0.0,0.0,0.0,0.0,0.0,0.0,0.0,0.0,31,8,25.8,0.82,0.21,0.03,0.13,12.7,2192,2535,86.5,43932,13715,690,777,88.8,1193,1298,91.9,286,408,70.1,16,163,0,0,171,2453,77,68,1,43,2,9,0,5,39,1.03,39,1.03,35,1,0,2,0,1,0,0.00,0,0,0,0,0,0,37,23,23,14,0,18,34,52.9,16,31,22,9,72,109,159,0,38.0,2915,360,1365,1412,166,61,2915,11,7,63.6,4,36.4,1753,12005,7489,69,37,4,11,6,1951,10,190000,9880000
Harry Wilson,"MF,FW",Bournemouth,22,31,20,1646.0,18.3,7,0,7,7,0,0,2,0,4.0,4.0,2.4,6.4,0.38,0.00,0.38,0.38,0.22,0.13,0.22,0.35,0.0,0.0,0.0,0.0,0.0,0.0,0.0,0.0,0.0,0.0,0.0,0.0,0.0,0.0,0.0,0.0,0.0,0.0,0.0,0.0,0.0,0.0,0.0,0.0,56,20,35.7,3.06,1.09,0.13,0.35,20.8,452,624,72.4,7801,1765,245,287,85.4,136,182,74.7,59,99,59.6,14,42,22,1,66,561,60,10,6,15,35,11,20,3,49,2.68,49,2.68,36,2,1,4,5,1,4,0.22,3,0,0,1,0,0,23,13,8,10,5,11,34,32.4,23,26,2,24,11,34,15,1,18.3,840,16,110,379,363,50,840,33,17,51.5,16,48.5,539,2817,1086,29,17,6,35,21,536,89,11923,620000
Harry Winks,MF,Tottenham,23,31,26,2221.0,24.7,0,0,0,0,0,0,9,0,0.5,0.5,1.0,1.5,0.00,0.00,0.00,0.00,0.02,0.04,0.02,0.06,0.0,0.0,0.0,0.0,0.0,0.0,0.0,0.0,0.0,0.0,0.0,0.0,0.0,0.0,0.0,0.0,0.0,0.0,0.0,0.0,0.0,0.0,0.0,0.0,14,2,14.3,0.57,0.08,0.00,0.00,25.4,1542,1731,89.1,25914,7843,740,796,93.0,642,707,90.8,125,172,72.7,18,148,12,3,190,1653,76,45,5,11,28,7,6,2,48,1.95,48,1.95,42,3,0,1,0,2,6,0.24,6,0,0,0,0,0,40,24,18,20,2,17,54,31.5,37,27,8,19,36,76,32,1,24.7,1926,54,390,1271,283,4,1926,21,15,71.4,6,28.6,1349,6572,3263,44,43,1,26,15,1437,18,50000,2600000
Harvey Barnes,"MF,FW",Leicester City,21,36,24,2083.0,23.1,6,8,14,6,0,0,0,0,8.1,8.1,4.1,12.2,0.26,0.35,0.60,0.26,0.35,0.18,0.35,0.53,0.0,0.0,0.0,0.0,0.0,0.0,0.0,0.0,0.0,0.0,0.0,0.0,0.0,0.0,0.0,0.0,0.0,0.0,0.0,0.0,0.0,0.0,0.0,0.0,61,28,45.9,2.64,1.21,0.10,0.21,16.7,562,745,75.4,7466,1731,352,418,84.2,150,194,77.3,21,39,53.8,35,30,34,2,90,740,1,0,5,3,41,1,0,4,87,3.76,87,3.76,66,0,11,6,4,0,16,0.69,11,0,4,1,0,0,16,11,7,7,2,5,23,21.7,18,13,3,10,8,24,6,1,23.1,997,9,85,347,592,121,997,81,43,53.1,38,46.9,721,4878,2973,95,54,48,59,23,810,221,10000,520000
Harvey Elliott,DF,Liverpool,16,2,0,8.0,0.1,0,0,0,0,0,0,0,0,0.0,0.0,0.0,0.0,0.00,0.00,0.00,0.00,0.00,0.00,0.00,0.00,0.0,0.0,0.0,0.0,0.0,0.0,0.0,0.0,0.0,0.0,0.0,0.0,0.0,0.0,0.0,0.0,0.0,0.0,0.0,0.0,0.0,0.0,0.0,0.0,0,0,,0.00,0.00,,,,11,15,73.3,159,29,9,10,90.0,1,4,25.0,1,1,100.0,0,3,1,0,2,11,4,0,0,0,3,1,3,0,0,0.00,0,0.00,0,0,0,0,0,0,0,0.00,0,0,0,0,0,0,0,0,0,0,0,0,0,,0,0,0,0,0,0,0,0,0.1,16,0,0,6,10,0,16,2,1,50.0,1,50.0,11,40,17,0,0,0,0,0,11,1,0.0,0.0
Henri Lansbury,MF,Aston Villa,28,10,2,195.0,2.2,0,0,0,0,0,0,0,0,0.1,0.1,0.1,0.2,0.00,0.00,0.00,0.00,0.04,0.03,0.04,0.07,0.0,0.0,0.0,0.0,0.0,0.0,0.0,0.0,0.0,0.0,0.0,0.0,0.0,0.0,0.0,0.0,0.0,0.0,0.0,0.0,0.0,0.0,0.0,0.0,2,0,0.0,0.92,0.00,0.00,,21.0,64,83,77.1,1163,215,29,33,87.9,25,36,69.4,8,10,80.0,2,7,0,0,7,79,4,0,0,2,1,0,0,0,2,0.93,2,0.93,2,0,0,0,0,0,0,0.00,0,0,0,0,0,0,6,2,3,1,2,2,8,25.0,6,4,0,4,0,6,3,0,2.2,109,3,25,58,27,4,109,0,0,,0,,45,161,48,0,1,0,7,0,60,2,40000,2080000
Henrikh Mkhitaryan,FW,Arsenal,30,3,1,112.0,1.2,0,0,0,0,0,0,1,0,0.3,0.3,0.3,0.6,0.00,0.00,0.00,0.00,0.26,0.21,0.26,0.47,0.0,0.0,0.0,0.0,0.0,0.0,0.0,0.0,0.0,0.0,0.0,0.0,0.0,0.0,0.0,0.0,0.0,0.0,0.0,0.0,0.0,0.0,0.0,0.0,2,0,0.0,1.61,0.00,0.00,,13.5,56,76,73.7,840,174,33,36,91.7,20,25,80.0,1,6,16.7,2,4,2,0,8,70,4,1,1,1,4,1,2,2,6,4.82,6,4.82,5,0,0,1,0,0,0,0.00,0,0,0,0,0,0,0,0,0,0,0,0,2,0.0,2,3,0,3,0,0,1,0,1.2,94,1,7,37,50,14,94,7,2,28.6,5,71.4,48,287,122,3,4,0,4,3,75,19,0.0,0.0
Hugo Lloris,GK,Tottenham,32,21,21,1807.0,20.1,0,0,0,0,0,0,0,0,0.0,0.0,0.0,0.0,0.00,0.00,0.00,0.00,0.00,0.00,0.00,0.00,1.05,99,78,80.8,6,28.6,30.4,0.28,105,252,41.7,421,97,42.0,35.3,150,50.0,35.2,312,16,5.1,8,0.40,10.2,0,0,,0.00,0.00,,,,414,573,72.3,11600,8725,106,108,98.1,153,155,98.7,149,302,49.3,0,5,0,0,0,386,185,35,0,0,0,0,0,2,2,0.10,2,0.10,1,1,0,0,0,0,0,0.00,0,0,0,0,0,0,0,0,0,0,0,0,0,,0,0,0,0,1,1,3,2,20.1,621,585,621,0,0,0,621,0,0,,0,,320,1898,1306,0,0,0,0,1,219,0,100000,5200000
Héctor Bellerín,"DF,MF",Arsenal,24,15,13,1158.0,12.9,1,0,1,1,0,0,2,0,0.4,0.4,0.4,0.8,0.08,0.00,0.08,0.08,0.03,0.03,0.03,0.06,0.0,0.0,0.0,0.0,0.0,0.0,0.0,0.0,0.0,0.0,0.0,0.0,0.0,0.0,0.0,0.0,0.0,0.0,0.0,0.0,0.0,0.0,0.0,0.0,7,2,28.6,0.54,0.16,0.14,0.50,16.9,575,711,80.9,8755,2624,294,327,89.9,251,299,83.9,14,28,50.0,3,39,7,2,58,583,126,14,0,3,27,112,0,2,16,1.24,16,1.24,14,0,1,1,0,0,0,0.00,0,0,0,0,0,0,20,13,7,11,2,11,29,37.9,18,20,4,16,19,39,27,1,12.9,846,34,251,388,211,22,846,31,18,58.1,13,41.9,435,2426,1446,34,24,5,14,12,505,70,110000,5720000
Ibrahim Amadou,"DF,MF",Norwich City,26,11,8,759.0,8.4,0,0,0,0,0,0,1,0,0.8,0.8,0.0,0.8,0.00,0.00,0.00,0.00,0.09,0.00,0.09,0.10,0.0,0.0,0.0,0.0,0.0,0.0,0.0,0.0,0.0,0.0,0.0,0.0,0.0,0.0,0.0,0.0,0.0,0.0,0.0,0.0,0.0,0.0,0.0,0.0,6,1,16.7,0.71,0.12,0.00,0.00,17.6,324,374,86.6,5896,1826,127,143,88.8,156,174,89.7,36,47,76.6,1,10,1,0,13,364,9,6,0,0,1,3,0,1,2,0.24,2,0.24,2,0,0,0,0,0,0,0.00,0,0,0,0,0,0,18,11,9,8,1,3,11,27.3,8,8,5,3,16,34,55,1,8.4,480,100,331,138,13,4,480,2,2,100.0,0,0.0,290,1128,545,4,0,0,1,3,303,1,36923,1920000
Ignacio Pussetto,"FW,MF",Watford,23,7,0,74.0,0.8,0,0,0,0,0,0,1,0,0.0,0.0,0.0,0.0,0.00,0.00,0.00,0.00,0.00,0.00,0.00,0.00,0.0,0.0,0.0,0.0,0.0,0.0,0.0,0.0,0.0,0.0,0.0,0.0,0.0,0.0,0.0,0.0,0.0,0.0,0.0,0.0,0.0,0.0,0.0,0.0,0,0,,0.00,0.00,,,,20,36,55.6,299,116,13,17,76.5,4,8,50.0,2,8,25.0,0,1,1,0,3,31,5,2,0,0,4,3,0,0,0,0.00,0,0.00,0,0,0,0,0,0,0,0.00,0,0,0,0,0,0,7,4,4,2,1,3,8,37.5,5,2,1,1,3,10,4,0,0.8,60,3,21,26,14,1,60,5,2,40.0,3,60.0,24,139,34,1,0,0,3,2,22,0,30000,1560000
Indiana Vassilev,"FW,MF",Aston Villa,18,4,0,51.0,0.6,0,0,0,0,0,0,0,0,0.0,0.0,0.0,0.0,0.00,0.00,0.00,0.00,0.06,0.00,0.06,0.06,0.0,0.0,0.0,0.0,0.0,0.0,0.0,0.0,0.0,0.0,0.0,0.0,0.0,0.0,0.0,0.0,0.0,0.0,0.0,0.0,0.0,0.0,0.0,0.0,1,0,0.0,1.76,0.00,0.00,,21.9,8,12,66.7,89,4,5,5,100.0,2,2,100.0,0,0,,0,0,0,0,0,11,1,0,0,0,0,1,0,0,1,1.76,1,1.76,1,0,0,0,0,0,0,0.00,0,0,0,0,0,0,0,0,0,0,0,0,0,,0,0,0,0,0,0,0,0,0.6,15,0,0,4,11,3,15,1,1,100.0,0,0.0,12,69,12,0,0,0,1,2,12,4,0.0,0.0
Isaac Hayden,MF,Newcastle Utd,24,29,26,2223.0,24.7,1,2,3,1,0,0,4,1,1.2,1.2,2.3,3.5,0.04,0.08,0.12,0.04,0.05,0.09,0.05,0.14,0.0,0.0,0.0,0.0,0.0,0.0,0.0,0.0,0.0,0.0,0.0,0.0,0.0,0.0,0.0,0.0,0.0,0.0,0.0,0.0,0.0,0.0,0.0,0.0,18,3,16.7,0.73,0.12,0.06,0.33,20.9,645,853,75.6,9410,2242,368,441,83.4,213,258,82.6,31,65,47.7,15,37,12,7,52,800,50,10,1,2,38,11,0,3,33,1.34,33,1.34,25,1,2,2,2,1,3,0.12,1,0,0,1,1,0,55,27,33,17,5,20,50,40.0,30,24,7,17,38,93,38,0,24.7,1110,50,275,618,229,29,1110,43,27,62.8,16,37.2,532,2118,793,24,18,6,28,17,613,30,21923,1140000
Isaac Success,"FW,MF",Watford,23,5,0,70.0,0.8,0,0,0,0,0,0,1,0,0.1,0.1,0.1,0.1,0.00,0.00,0.00,0.00,0.07,0.07,0.07,0.14,0.0,0.0,0.0,0.0,0.0,0.0,0.0,0.0,0.0,0.0,0.0,0.0,0.0,0.0,0.0,0.0,0.0,0.0,0.0,0.0,0.0,0.0,0.0,0.0,1,1,100.0,1.29,1.29,0.00,0.00,10.7,14,20,70.0,149,26,7,11,63.6,4,6,66.7,0,0,,1,0,2,0,2,19,1,0,0,0,2,1,0,0,5,6.43,5,6.43,3,0,0,1,1,0,0,0.00,0,0,0,0,0,0,0,0,0,0,0,0,0,,0,0,0,0,1,1,0,0,0.8,32,0,2,10,20,1,32,3,1,33.3,2,66.7,28,131,59,4,2,0,5,2,30,9,30000,1560000
Ismaila Sarr,"FW,MF",Watford,21,28,22,2028.0,22.5,5,4,9,5,0,0,1,0,6.1,6.1,4.5,10.6,0.22,0.18,0.40,0.22,0.27,0.20,0.27,0.47,0.0,0.0,0.0,0.0,0.0,0.0,0.0,0.0,0.0,0.0,0.0,0.0,0.0,0.0,0.0,0.0,0.0,0.0,0.0,0.0,0.0,0.0,0.0,0.0,44,13,29.5,1.95,0.58,0.11,0.38,15.8,420,594,70.7,5557,1437,264,314,84.1,100,168,59.5,21,41,51.2,25,17,32,14,41,584,8,1,0,0,99,1,0,2,74,3.28,74,3.28,53,0,3,7,10,1,8,0.36,5,0,0,0,3,0,11,10,5,2,4,5,23,21.7,18,9,1,8,18,29,10,0,22.5,868,11,92,308,490,102,868,96,47,49.0,49,51.0,680,5012,2630,107,72,34,75,56,678,200,70000,3640000
Issa Diop,DF,West Ham,22,32,31,2766.0,30.7,3,1,4,3,0,0,8,0,1.5,1.5,1.2,2.6,0.10,0.03,0.13,0.10,0.05,0.04,0.05,0.09,0.0,0.0,0.0,0.0,0.0,0.0,0.0,0.0,0.0,0.0,0.0,0.0,0.0,0.0,0.0,0.0,0.0,0.0,0.0,0.0,0.0,0.0,0.0,0.0,15,6,40.0,0.49,0.20,0.20,0.50,9.2,762,979,77.8,14303,6015,281,329,85.4,393,450,87.3,75,165,45.5,5,44,2,0,44,938,39,37,0,5,1,2,0,2,10,0.33,10,0.33,7,1,0,2,0,0,1,0.03,1,0,0,0,0,0,27,15,18,9,0,16,25,64.0,9,37,21,16,47,74,166,2,30.7,1317,229,698,588,39,25,1317,7,5,71.4,2,28.6,630,3407,1747,7,2,0,10,5,629,2,66923,3480000
Jack Cork,MF,Burnley,30,30,30,2613.0,29.0,0,0,0,0,0,0,1,0,2.0,2.0,1.1,3.1,0.00,0.00,0.00,0.00,0.07,0.04,0.07,0.11,0.0,0.0,0.0,0.0,0.0,0.0,0.0,0.0,0.0,0.0,0.0,0.0,0.0,0.0,0.0,0.0,0.0,0.0,0.0,0.0,0.0,0.0,0.0,0.0,18,5,27.8,0.62,0.17,0.00,0.00,15.1,725,941,77.0,10877,2633,410,486,84.4,216,279,77.4,61,95,64.2,12,55,8,1,67,928,6,1,2,11,6,5,0,7,31,1.07,31,1.07,23,0,2,2,3,1,3,0.10,3,0,0,0,0,0,35,24,10,20,5,12,62,19.4,50,34,12,22,28,63,49,0,29.0,1220,60,210,783,246,27,1220,33,26,78.8,7,21.2,567,2674,977,13,22,4,45,36,675,31,38077,1980000
Jack Grealish,"FW,MF",Aston Villa,23,36,36,3233.0,35.9,8,6,14,8,0,1,8,0,6.8,6.0,7.4,13.4,0.22,0.17,0.39,0.22,0.19,0.21,0.17,0.37,0.0,0.0,0.0,0.0,0.0,0.0,0.0,0.0,0.0,0.0,0.0,0.0,0.0,0.0,0.0,0.0,0.0,0.0,0.0,0.0,0.0,0.0,0.0,0.0,72,23,31.9,2.00,0.64,0.11,0.35,18.5,1219,1546,78.8,20682,5789,589,662,89.0,449,530,84.7,134,229,58.5,91,102,68,7,197,1329,212,80,2,17,141,29,77,5,198,5.51,198,5.51,136,20,14,2,25,1,18,0.50,12,1,2,0,3,0,29,19,12,12,5,13,34,38.2,21,33,12,21,22,51,22,1,35.9,1933,43,285,753,939,130,1932,117,73,62.4,44,37.6,1381,11836,6064,212,127,72,71,59,1438,209,35000,1820000
Jack O'Connell,DF,Sheffield Utd,25,33,32,2916.0,32.4,0,1,1,0,0,0,4,0,1.0,1.0,3.1,4.2,0.00,0.03,0.03,0.00,0.03,0.10,0.03,0.13,0.0,0.0,0.0,0.0,0.0,0.0,0.0,0.0,0.0,0.0,0.0,0.0,0.0,0.0,0.0,0.0,0.0,0.0,0.0,0.0,0.0,0.0,0.0,0.0,14,2,14.3,0.43,0.06,0.00,0.00,10.9,1214,1683,72.1,22777,9736,540,617,87.5,499,637,78.3,152,348,43.7,16,113,25,7,131,1578,101,30,1,36,51,71,0,4,29,0.90,29,0.90,26,0,0,2,1,0,2,0.06,2,0,0,0,0,0,23,14,15,6,2,10,20,50.0,10,38,17,21,42,65,154,1,32.4,2037,170,830,936,280,48,2037,16,9,56.3,7,43.8,858,3092,1514,12,21,2,20,10,1153,59,10000,520000
Jack Robinson,DF,Sheffield Utd,25,6,6,504.0,5.6,0,0,0,0,0,0,0,0,0.0,0.0,0.2,0.2,0.00,0.00,0.00,0.00,0.00,0.03,0.00,0.03,0.0,0.0,0.0,0.0,0.0,0.0,0.0,0.0,0.0,0.0,0.0,0.0,0.0,0.0,0.0,0.0,0.0,0.0,0.0,0.0,0.0,0.0,0.0,0.0,0,0,,0.00,0.00,,,,203,274,74.1,3824,1621,75,82,91.5,102,127,80.3,19,50,38.0,2,21,1,1,17,247,27,8,0,3,6,19,0,0,4,0.71,4,0.71,3,1,0,0,0,0,0,0.00,0,0,0,0,0,0,10,5,5,5,0,1,6,16.7,5,12,5,7,8,18,24,0,5.6,343,35,136,186,24,1,343,2,2,100.0,0,0.0,179,829,517,4,1,0,4,1,183,1,25000,1300000
Jack Rodwell,MF,Sheffield Utd,28,1,0,16.0,0.2,0,0,0,0,0,0,0,0,0.0,0.0,0.0,0.0,0.00,0.00,0.00,0.00,0.00,0.00,0.00,0.00,0.0,0.0,0.0,0.0,0.0,0.0,0.0,0.0,0.0,0.0,0.0,0.0,0.0,0.0,0.0,0.0,0.0,0.0,0.0,0.0,0.0,0.0,0.0,0.0,0,0,,0.00,0.00,,,,2,2,100.0,35,5,1,1,100.0,1,1,100.0,0,0,,0,0,0,0,0,2,0,0,0,0,0,0,0,0,0,0.00,0,0.00,0,0,0,0,0,0,0,0.00,0,0,0,0,0,0,0,0,0,0,0,0,0,,0,0,0,0,0,0,1,0,0.2,3,1,3,0,0,0,3,0,0,,0,,0,0,0,0,0,0,0,0,1,0,5000,260000
Jack Simpson,DF,Bournemouth,22,4,1,241.0,2.7,0,0,0,0,0,0,0,0,0.0,0.0,0.1,0.1,0.00,0.00,0.00,0.00,0.01,0.02,0.01,0.04,0.0,0.0,0.0,0.0,0.0,0.0,0.0,0.0,0.0,0.0,0.0,0.0,0.0,0.0,0.0,0.0,0.0,0.0,0.0,0.0,0.0,0.0,0.0,0.0,1,0,0.0,0.37,0.00,0.00,,15.3,75,107,70.1,1186,448,40,49,81.6,30,39,76.9,4,13,30.8,1,5,0,0,5,93,13,0,0,0,0,13,0,1,1,0.37,1,0.37,1,0,0,0,0,0,0,0.00,0,0,0,0,0,0,5,2,4,1,0,2,8,25.0,6,1,0,1,2,7,12,1,2.7,133,19,66,61,7,1,133,5,4,80.0,1,20.0,66,273,76,0,0,0,1,2,66,3,3077,160000
Jack Stacey,DF,Bournemouth,23,19,17,1549.0,17.2,0,2,2,0,0,0,2,0,0.5,0.5,2.2,2.7,0.00,0.12,0.12,0.00,0.03,0.13,0.03,0.16,0.0,0.0,0.0,0.0,0.0,0.0,0.0,0.0,0.0,0.0,0.0,0.0,0.0,0.0,0.0,0.0,0.0,0.0,0.0,0.0,0.0,0.0,0.0,0.0,5,2,40.0,0.29,0.12,0.00,0.00,12.3,562,785,71.6,8009,3482,362,408,88.7,161,238,67.6,27,77,35.1,10,50,6,1,50,632,151,5,1,1,36,146,0,2,19,1.11,19,1.11,16,1,2,0,0,0,2,0.12,2,0,0,0,0,0,21,11,9,11,1,8,22,36.4,14,27,11,16,18,39,64,1,17.2,964,87,351,416,207,22,964,23,16,69.6,7,30.4,498,2768,1566,38,21,6,15,11,478,57,30000,1560000
Jack Stephens,DF,Southampton,25,28,27,2451.0,27.2,1,3,4,1,0,0,4,1,1.0,1.0,1.4,2.4,0.04,0.11,0.15,0.04,0.04,0.05,0.04,0.09,0.0,0.0,0.0,0.0,0.0,0.0,0.0,0.0,0.0,0.0,0.0,0.0,0.0,0.0,0.0,0.0,0.0,0.0,0.0,0.0,0.0,0.0,0.0,0.0,6,1,16.7,0.22,0.04,0.17,1.00,9.2,933,1299,71.8,19509,7922,268,331,81.0,539,653,82.5,119,271,43.9,8,80,12,0,81,1241,52,40,2,7,5,12,0,6,17,0.62,17,0.62,15,0,1,0,0,1,3,0.11,3,0,0,0,0,0,44,27,30,13,1,24,46,52.2,22,38,22,16,31,75,120,2,27.2,1592,196,720,832,52,20,1592,11,7,63.6,4,36.4,784,4165,2521,17,8,3,17,4,858,11,48077,2500000
Jack Wilshere,MF,West Ham,27,8,2,215.0,2.4,0,0,0,0,0,0,0,0,0.0,0.0,0.0,0.0,0.00,0.00,0.00,0.00,0.00,0.00,0.00,0.00,0.0,0.0,0.0,0.0,0.0,0.0,0.0,0.0,0.0,0.0,0.0,0.0,0.0,0.0,0.0,0.0,0.0,0.0,0.0,0.0,0.0,0.0,0.0,0.0,0,0,,0.00,0.00,,,,62,75,82.7,881,158,35,41,85.4,23,25,92.0,2,4,50.0,0,4,0,0,8,73,2,2,0,1,0,0,0,0,2,0.84,2,0.84,1,0,0,0,1,0,1,0.42,1,0,0,0,0,0,1,0,1,0,0,0,4,0.0,4,3,0,3,1,2,0,0,2.4,105,1,11,66,29,2,105,4,1,25.0,3,75.0,74,434,195,6,1,1,8,9,77,7,100000,5200000
Jake Vokins,DF,Southampton,19,1,1,90.0,1.0,0,0,0,0,0,0,0,0,0.0,0.0,0.1,0.1,0.00,0.00,0.00,0.00,0.02,0.08,0.02,0.10,0.0,0.0,0.0,0.0,0.0,0.0,0.0,0.0,0.0,0.0,0.0,0.0,0.0,0.0,0.0,0.0,0.0,0.0,0.0,0.0,0.0,0.0,0.0,0.0,1,0,0.0,1.00,0.00,0.00,,31.3,57,71,80.3,922,312,26,27,96.3,23,29,79.3,5,9,55.6,1,6,2,0,3,58,13,1,0,1,1,12,0,0,1,1.00,1,1.00,1,0,0,0,0,0,0,0.00,0,0,0,0,0,0,2,2,0,0,2,1,1,100.0,0,0,0,0,0,2,1,0,1.0,80,1,9,34,37,1,80,1,0,0.0,1,100.0,42,236,136,4,4,0,2,1,59,11,0.0,0.0
Jamaal Lascelles,DF,Newcastle Utd,25,24,24,2076.0,23.1,1,0,1,1,0,0,5,0,0.5,0.5,0.2,0.7,0.04,0.00,0.04,0.04,0.02,0.01,0.02,0.03,0.0,0.0,0.0,0.0,0.0,0.0,0.0,0.0,0.0,0.0,0.0,0.0,0.0,0.0,0.0,0.0,0.0,0.0,0.0,0.0,0.0,0.0,0.0,0.0,9,2,22.2,0.39,0.09,0.11,0.50,12.9,676,851,79.4,13098,3863,223,270,82.6,358,421,85.0,79,119,66.4,2,24,1,0,21,836,11,11,0,5,0,0,0,4,10,0.43,10,0.43,7,0,0,1,2,0,0,0.00,0,0,0,0,0,0,14,3,10,4,0,4,9,44.4,5,23,20,3,28,42,116,1,23.1,1076,188,662,386,33,18,1076,6,4,66.7,2,33.3,530,2311,838,3,5,0,6,4,553,1,40000,2080000
Jamal Lewis,DF,Norwich City,21,28,25,2304.0,25.6,1,0,1,1,0,0,4,0,0.4,0.4,1.0,1.4,0.04,0.00,0.04,0.04,0.01,0.04,0.01,0.05,0.0,0.0,0.0,0.0,0.0,0.0,0.0,0.0,0.0,0.0,0.0,0.0,0.0,0.0,0.0,0.0,0.0,0.0,0.0,0.0,0.0,0.0,0.0,0.0,9,4,44.4,0.35,0.16,0.11,0.25,21.8,1052,1333,78.9,15449,5416,614,701,87.6,369,442,83.5,44,104,42.3,15,51,20,7,74,1078,252,10,1,6,44,242,0,3,36,1.41,36,1.41,30,2,3,0,1,0,1,0.04,1,0,0,0,0,0,51,35,42,6,3,22,36,61.1,14,27,12,15,25,76,68,0,25.6,1626,117,638,638,357,23,1626,65,34,52.3,31,47.7,931,5940,3418,100,65,12,36,21,937,106,5000,260000
James Garner,MF,Manchester Utd,18,1,0,9.0,0.1,0,0,0,0,0,0,0,0,0.0,0.0,0.0,0.0,0.00,0.00,0.00,0.00,0.00,0.00,0.00,0.00,0.0,0.0,0.0,0.0,0.0,0.0,0.0,0.0,0.0,0.0,0.0,0.0,0.0,0.0,0.0,0.0,0.0,0.0,0.0,0.0,0.0,0.0,0.0,0.0,0,0,,0.00,0.00,,,,14,14,100.0,206,24,9,9,100.0,4,4,100.0,1,1,100.0,0,1,0,0,0,14,0,0,0,0,0,0,0,0,1,10.00,1,10.00,0,0,0,0,1,0,0,0.00,0,0,0,0,0,0,0,0,0,0,0,0,1,0.0,1,0,0,0,0,0,1,0,0.1,15,1,1,12,3,0,15,0,0,,0,,7,28,9,0,1,0,0,0,13,0,0.0,0.0
James Justin,"DF,MF",Leicester City,21,13,11,1012.0,11.2,0,1,1,0,0,0,1,0,0.3,0.3,1.0,1.3,0.00,0.09,0.09,0.00,0.03,0.09,0.03,0.11,0.0,0.0,0.0,0.0,0.0,0.0,0.0,0.0,0.0,0.0,0.0,0.0,0.0,0.0,0.0,0.0,0.0,0.0,0.0,0.0,0.0,0.0,0.0,0.0,7,0,0.0,0.62,0.00,0.00,,20.2,665,820,81.1,9996,3251,372,405,91.9,243,288,84.4,39,78,50.0,12,47,11,6,56,710,110,9,0,3,37,101,0,0,25,2.22,25,2.22,20,1,0,0,3,1,3,0.27,3,0,0,0,0,0,36,17,22,14,0,15,25,60.0,10,15,7,8,11,47,30,0,11.2,952,29,234,482,244,18,952,17,8,47.1,9,52.9,547,2421,1277,30,32,5,18,12,620,59,30000,1560000
James Maddison,MF,Leicester City,22,31,29,2624.0,29.2,6,3,9,6,0,0,4,0,5.3,5.3,6.4,11.8,0.21,0.10,0.31,0.21,0.18,0.22,0.18,0.40,0.0,0.0,0.0,0.0,0.0,0.0,0.0,0.0,0.0,0.0,0.0,0.0,0.0,0.0,0.0,0.0,0.0,0.0,0.0,0.0,0.0,0.0,0.0,0.0,74,18,24.3,2.54,0.62,0.08,0.33,22.0,1288,1709,75.4,23620,7098,561,640,87.7,512,611,83.8,170,346,49.1,78,157,43,6,192,1443,258,85,19,9,221,7,157,8,170,5.83,170,5.83,84,46,14,8,18,0,10,0.34,7,2,1,0,0,0,59,30,13,31,15,23,68,33.8,45,16,0,16,9,68,7,1,29.2,1995,16,174,1003,838,72,1995,80,51,63.8,29,36.3,1333,6211,2608,53,58,19,56,29,1438,138,55000,2860000
James McArthur,MF,Crystal Palace,31,37,37,3090.0,34.3,0,3,3,0,0,0,6,0,2.0,2.0,2.4,4.4,0.00,0.09,0.09,0.00,0.06,0.07,0.06,0.13,0.0,0.0,0.0,0.0,0.0,0.0,0.0,0.0,0.0,0.0,0.0,0.0,0.0,0.0,0.0,0.0,0.0,0.0,0.0,0.0,0.0,0.0,0.0,0.0,28,6,21.4,0.82,0.17,0.00,0.00,18.5,1166,1513,77.1,18242,5976,624,706,88.4,415,511,81.2,84,157,53.5,34,124,23,5,174,1427,83,5,4,10,44,38,1,3,70,2.04,70,2.04,58,0,5,3,4,0,8,0.23,5,0,0,1,2,0,88,51,43,34,11,37,106,34.9,69,69,19,50,60,148,56,0,34.3,1980,102,480,1014,505,86,1980,44,29,65.9,15,34.1,979,5402,2436,54,42,16,56,39,1186,123,55000,2860000
James McCarthy,MF,Crystal Palace,28,33,16,1680.0,18.7,0,0,0,0,0,0,9,0,0.5,0.5,1.3,1.8,0.00,0.00,0.00,0.00,0.03,0.07,0.03,0.10,0.0,0.0,0.0,0.0,0.0,0.0,0.0,0.0,0.0,0.0,0.0,0.0,0.0,0.0,0.0,0.0,0.0,0.0,0.0,0.0,0.0,0.0,0.0,0.0,12,3,25.0,0.64,0.16,0.00,0.00,22.2,625,826,75.7,11075,3069,281,324,86.7,228,274,83.2,85,159,53.5,17,60,8,0,55,761,62,34,0,11,35,5,22,3,31,1.66,31,1.66,16,12,0,2,0,1,1,0.05,0,1,0,0,0,0,82,47,36,36,10,40,76,52.6,36,24,5,19,24,106,11,0,18.7,1040,29,250,598,201,11,1040,10,7,70.0,3,30.0,417,1832,679,8,6,0,18,11,543,23,50000,2600000
James Milner,"MF,DF",Liverpool,33,22,9,937.0,10.4,2,2,4,0,2,2,4,0,2.2,0.6,0.7,1.3,0.19,0.19,0.38,0.00,0.21,0.07,0.06,0.13,0.0,0.0,0.0,0.0,0.0,0.0,0.0,0.0,0.0,0.0,0.0,0.0,0.0,0.0,0.0,0.0,0.0,0.0,0.0,0.0,0.0,0.0,0.0,0.0,10,2,20.0,0.96,0.19,0.00,0.00,24.5,682,804,84.8,11931,3146,317,341,93.0,282,318,88.7,73,109,67.0,10,65,8,1,71,735,66,13,3,8,20,34,9,3,28,2.69,28,2.69,24,1,0,1,1,1,4,0.38,4,0,0,0,0,0,16,10,3,10,3,6,26,23.1,20,12,3,9,7,23,17,1,10.4,888,26,150,518,228,11,886,11,10,90.9,1,9.1,621,2276,1089,18,17,1,9,6,648,42,140000,7280000
James Tarkowski,DF,Burnley,26,38,38,3420.0,38.0,2,2,4,2,0,0,10,0,2.1,2.1,3.1,5.2,0.05,0.05,0.11,0.05,0.06,0.08,0.06,0.14,0.0,0.0,0.0,0.0,0.0,0.0,0.0,0.0,0.0,0.0,0.0,0.0,0.0,0.0,0.0,0.0,0.0,0.0,0.0,0.0,0.0,0.0,0.0,0.0,21,5,23.8,0.55,0.13,0.10,0.40,9.1,960,1365,70.3,19438,8051,315,396,79.5,488,615,79.3,141,291,48.5,15,69,9,0,83,1331,27,23,0,15,4,4,0,7,33,0.87,33,0.87,27,1,0,4,0,1,8,0.21,5,1,0,2,0,0,66,43,47,19,0,31,54,57.4,23,63,47,16,63,129,204,4,38.0,1836,306,864,876,104,72,1836,13,13,100.0,0,0.0,700,3154,1370,2,4,0,17,4,798,2,50000,2600000
James Tomkins,DF,Crystal Palace,30,18,18,1582.0,17.6,1,1,2,1,0,0,5,0,1.1,1.1,0.1,1.2,0.06,0.06,0.11,0.06,0.06,0.01,0.06,0.07,0.0,0.0,0.0,0.0,0.0,0.0,0.0,0.0,0.0,0.0,0.0,0.0,0.0,0.0,0.0,0.0,0.0,0.0,0.0,0.0,0.0,0.0,0.0,0.0,9,2,22.2,0.51,0.11,0.11,0.50,8.9,535,676,79.1,11121,3879,151,177,85.3,301,341,88.3,78,145,53.8,2,23,1,0,14,647,27,25,1,6,1,2,0,2,6,0.34,6,0.34,6,0,0,0,0,0,1,0.06,1,0,0,0,0,0,29,17,21,8,0,18,25,72.0,7,17,15,2,21,50,103,0,17.6,883,130,563,297,32,21,883,2,1,50.0,1,50.0,354,1670,960,1,2,0,5,1,464,4,50000,2600000
James Ward-Prowse,"MF,DF",Southampton,24,38,38,3420.0,38.0,5,3,8,4,1,3,9,0,7.3,4.8,6.8,11.6,0.13,0.08,0.21,0.11,0.19,0.18,0.13,0.31,0.0,0.0,0.0,0.0,0.0,0.0,0.0,0.0,0.0,0.0,0.0,0.0,0.0,0.0,0.0,0.0,0.0,0.0,0.0,0.0,0.0,0.0,0.0,0.0,54,23,42.6,1.42,0.61,0.07,0.17,23.9,1444,1988,72.6,24974,7797,652,756,86.2,607,757,80.2,141,373,37.8,62,144,33,8,170,1608,375,87,2,25,267,50,183,5,116,3.05,116,3.05,53,49,1,7,2,4,6,0.16,2,2,0,1,1,0,92,48,39,39,14,39,94,41.5,55,48,14,34,60,152,75,1,38.0,2413,118,441,1267,721,42,2411,21,14,66.7,7,33.3,896,3484,1356,17,36,3,28,21,1165,82,45000,2340000
Jamie Vardy,FW,Leicester City,32,35,34,3033.0,33.7,23,5,28,19,4,5,2,0,19.2,15.3,5.9,21.2,0.68,0.15,0.83,0.56,0.57,0.18,0.45,0.63,0.0,0.0,0.0,0.0,0.0,0.0,0.0,0.0,0.0,0.0,0.0,0.0,0.0,0.0,0.0,0.0,0.0,0.0,0.0,0.0,0.0,0.0,0.0,0.0,84,37,44.0,2.49,1.10,0.23,0.51,13.1,323,478,67.6,4236,742,198,255,77.6,83,123,67.5,14,29,48.3,31,12,24,4,44,419,59,0,3,2,31,5,0,0,70,2.08,70,2.08,47,0,12,6,4,1,12,0.36,7,0,3,0,2,0,15,12,0,9,6,2,4,50.0,2,22,4,18,2,17,22,0,33.7,740,28,39,282,424,168,735,47,23,48.9,24,51.1,390,2358,1198,61,21,38,51,16,487,200,140000,7280000
Jan Bednarek,DF,Southampton,23,34,34,3057.0,34.0,1,1,2,1,0,0,4,0,1.1,1.1,1.1,2.2,0.03,0.03,0.06,0.03,0.03,0.03,0.03,0.07,0.0,0.0,0.0,0.0,0.0,0.0,0.0,0.0,0.0,0.0,0.0,0.0,0.0,0.0,0.0,0.0,0.0,0.0,0.0,0.0,0.0,0.0,0.0,0.0,7,1,14.3,0.21,0.03,0.14,1.00,7.8,1183,1595,74.2,21460,8491,480,568,84.5,589,758,77.7,103,222,46.4,3,57,2,0,90,1509,82,29,0,7,1,53,0,4,19,0.56,19,0.56,15,0,0,2,1,1,1,0.03,0,0,0,1,0,0,65,38,41,18,6,31,61,50.8,30,44,23,21,77,142,198,4,34.0,2033,269,952,1049,40,15,2033,2,2,100.0,0,0.0,806,3186,1736,4,4,1,11,1,962,0,20000,1040000
Jan Vertonghen,DF,Tottenham,32,23,19,1645.0,18.3,1,1,2,1,0,0,2,0,0.4,0.4,0.9,1.4,0.05,0.05,0.11,0.05,0.02,0.05,0.02,0.07,0.0,0.0,0.0,0.0,0.0,0.0,0.0,0.0,0.0,0.0,0.0,0.0,0.0,0.0,0.0,0.0,0.0,0.0,0.0,0.0,0.0,0.0,0.0,0.0,4,2,50.0,0.22,0.11,0.25,0.50,12.0,958,1187,80.7,17105,5808,395,439,90.0,485,559,86.8,64,140,45.7,3,45,0,0,58,1083,102,37,0,9,19,65,0,2,7,0.38,7,0.38,6,1,0,0,0,0,1,0.05,1,0,0,0,0,0,40,24,25,14,1,20,31,64.5,11,18,10,8,33,73,68,0,18.3,1382,148,608,706,72,6,1382,8,5,62.5,3,37.5,856,3837,2152,13,8,2,9,7,855,13,89808,4670000
Jannik Vestergaard,DF,Southampton,26,19,17,1497.0,16.6,1,0,1,1,0,0,3,0,1.4,1.4,0.5,1.8,0.06,0.00,0.06,0.06,0.08,0.03,0.08,0.11,0.0,0.0,0.0,0.0,0.0,0.0,0.0,0.0,0.0,0.0,0.0,0.0,0.0,0.0,0.0,0.0,0.0,0.0,0.0,0.0,0.0,0.0,0.0,0.0,12,5,41.7,0.72,0.30,0.08,0.20,11.7,645,854,75.5,11924,4460,241,289,83.4,350,433,80.8,49,117,41.9,6,54,5,1,55,805,47,18,0,7,1,29,0,2,9,0.54,9,0.54,7,0,0,2,0,0,0,0.00,0,0,0,0,0,0,19,12,14,5,0,11,28,39.3,17,15,9,6,26,45,99,2,16.6,1056,109,456,558,46,18,1056,5,3,60.0,2,40.0,484,2690,1499,12,6,1,11,1,576,1,60000,3120000
Japhet Tanganga,DF,Tottenham,20,6,6,525.0,5.8,0,0,0,0,0,0,1,0,0.1,0.1,0.1,0.1,0.00,0.00,0.00,0.00,0.01,0.01,0.01,0.02,0.0,0.0,0.0,0.0,0.0,0.0,0.0,0.0,0.0,0.0,0.0,0.0,0.0,0.0,0.0,0.0,0.0,0.0,0.0,0.0,0.0,0.0,0.0,0.0,3,1,33.3,0.51,0.17,0.00,0.00,27.1,190,236,80.5,2682,911,112,123,91.1,62,78,79.5,6,15,40.0,1,8,0,0,14,201,35,2,0,0,2,33,0,0,5,0.86,5,0.86,5,0,0,0,0,0,0,0.00,0,0,0,0,0,0,17,9,10,6,1,10,17,58.8,7,7,6,1,11,28,31,2,5.8,325,35,135,162,32,2,325,7,6,85.7,1,14.3,175,751,390,3,3,0,13,5,161,7,41538,2160000
Jarrad Branthwaite,DF,Everton,17,4,2,300.0,3.3,0,0,0,0,0,0,0,0,0.0,0.0,0.0,0.0,0.00,0.00,0.00,0.00,0.00,0.00,0.00,0.00,0.0,0.0,0.0,0.0,0.0,0.0,0.0,0.0,0.0,0.0,0.0,0.0,0.0,0.0,0.0,0.0,0.0,0.0,0.0,0.0,0.0,0.0,0.0,0.0,0,0,,0.00,0.00,,,,196,223,87.9,3805,1248,60,66,90.9,118,125,94.4,18,31,58.1,0,6,1,0,4,213,10,5,0,1,0,0,0,0,0,0.00,0,0.00,0,0,0,0,0,0,0,0.00,0,0,0,0,0,0,8,7,5,3,0,3,5,60.0,2,6,3,3,2,10,12,0,3.3,259,41,149,111,2,0,259,1,1,100.0,0,0.0,153,822,396,0,0,0,3,0,185,0,0.0,0.0
Jarrod Bowen,"FW,MF",West Ham,22,13,11,917.0,10.2,1,4,5,1,0,0,0,0,2.3,2.3,2.7,5.0,0.10,0.39,0.49,0.10,0.22,0.27,0.22,0.49,0.0,0.0,0.0,0.0,0.0,0.0,0.0,0.0,0.0,0.0,0.0,0.0,0.0,0.0,0.0,0.0,0.0,0.0,0.0,0.0,0.0,0.0,0.0,0.0,24,7,29.2,2.36,0.69,0.04,0.14,18.0,179,273,65.6,3304,1080,79,96,82.3,70,94,74.5,26,57,45.6,15,15,9,6,19,243,30,3,0,6,60,0,26,0,29,2.85,29,2.85,11,7,2,4,4,1,5,0.49,3,2,0,0,0,0,19,15,7,9,3,4,17,23.5,13,6,0,6,16,35,8,0,10.2,406,8,70,133,214,41,406,39,15,38.5,24,61.5,277,2357,885,34,23,16,19,14,249,80,55000,2860000
Javier Hernández,FW,West Ham,31,2,1,107.0,1.2,1,0,1,1,0,0,0,0,1.0,1.0,0.0,1.0,0.84,0.00,0.84,0.84,0.82,0.00,0.82,0.82,0.0,0.0,0.0,0.0,0.0,0.0,0.0,0.0,0.0,0.0,0.0,0.0,0.0,0.0,0.0,0.0,0.0,0.0,0.0,0.0,0.0,0.0,0.0,0.0,3,2,66.7,2.52,1.68,0.33,0.50,17.3,17,20,85.0,243,55,6,7,85.7,8,9,88.9,0,0,,0,1,0,0,3,18,2,0,0,0,0,0,0,0,2,1.68,2,1.68,1,0,0,1,0,0,0,0.00,0,0,0,0,0,0,0,0,0,0,0,0,1,0.0,1,0,0,0,1,1,0,0,1.2,26,0,1,14,11,4,26,0,0,,0,,14,38,7,0,0,0,1,1,17,4,0.0,0.0
Javier Manquillo,DF,Newcastle Utd,25,21,18,1599.0,17.8,0,1,1,0,0,0,5,0,0.0,0.0,0.2,0.3,0.00,0.06,0.06,0.00,0.00,0.01,0.00,0.02,0.0,0.0,0.0,0.0,0.0,0.0,0.0,0.0,0.0,0.0,0.0,0.0,0.0,0.0,0.0,0.0,0.0,0.0,0.0,0.0,0.0,0.0,0.0,0.0,1,0,0.0,0.06,0.00,0.00,,11.8,448,642,69.8,6617,2523,245,289,84.8,155,227,68.3,24,68,35.3,5,24,7,4,28,517,123,3,0,0,45,120,0,2,21,1.18,21,1.18,17,2,1,0,1,0,4,0.23,2,1,0,0,1,0,39,26,27,8,4,24,38,63.2,14,14,2,12,18,57,56,0,17.8,814,81,305,325,194,11,814,25,13,52.0,12,48.0,362,1899,996,22,24,2,19,2,402,49,35000,1820000
Jay Rodriguez,FW,Burnley,30,36,20,2016.0,22.4,8,1,9,7,1,1,1,0,8.8,8.0,0.6,8.6,0.36,0.04,0.40,0.31,0.39,0.03,0.36,0.38,0.0,0.0,0.0,0.0,0.0,0.0,0.0,0.0,0.0,0.0,0.0,0.0,0.0,0.0,0.0,0.0,0.0,0.0,0.0,0.0,0.0,0.0,0.0,0.0,66,26,39.4,2.95,1.16,0.11,0.27,17.6,326,483,67.5,3738,822,228,297,76.8,51,94,54.3,11,23,47.8,6,26,7,0,33,477,4,1,2,5,15,2,0,2,32,1.43,32,1.43,21,0,2,6,3,0,6,0.27,4,0,0,2,0,0,29,19,4,13,12,8,33,24.2,25,33,6,27,5,34,12,0,22.4,779,20,68,323,398,82,778,39,18,46.2,21,53.8,444,2110,746,31,27,14,62,43,551,126,50000,2600000
Jaïro Riedewald,"DF,MF",Crystal Palace,22,17,7,769.0,8.5,0,0,0,0,0,0,0,0,0.1,0.1,0.2,0.3,0.00,0.00,0.00,0.00,0.01,0.02,0.01,0.03,0.0,0.0,0.0,0.0,0.0,0.0,0.0,0.0,0.0,0.0,0.0,0.0,0.0,0.0,0.0,0.0,0.0,0.0,0.0,0.0,0.0,0.0,0.0,0.0,3,0,0.0,0.35,0.00,0.00,,27.9,293,399,73.4,4299,1970,176,216,81.5,85,116,73.3,17,42,40.5,2,36,5,1,31,325,73,10,1,1,6,63,0,1,6,0.70,6,0.70,6,0,0,0,0,0,0,0.00,0,0,0,0,0,0,14,10,4,10,0,7,11,63.6,4,7,2,5,17,31,23,1,8.5,478,29,135,251,95,5,478,11,8,72.7,3,27.3,188,847,400,8,7,0,11,7,248,20,55000,2860000
Jean-Philippe Gbamin,MF,Everton,23,2,1,136.0,1.5,0,0,0,0,0,0,0,0,0.0,0.0,0.0,0.0,0.00,0.00,0.00,0.00,0.00,0.00,0.00,0.00,0.0,0.0,0.0,0.0,0.0,0.0,0.0,0.0,0.0,0.0,0.0,0.0,0.0,0.0,0.0,0.0,0.0,0.0,0.0,0.0,0.0,0.0,0.0,0.0,0,0,,0.00,0.00,,,,50,70,71.4,736,153,25,29,86.2,20,22,90.9,1,8,12.5,0,8,0,0,7,67,3,3,0,2,0,0,0,0,0,0.00,0,0.00,0,0,0,0,0,0,0,0.00,0,0,0,0,0,0,4,3,1,1,2,1,2,50.0,1,1,0,1,1,5,4,0,1.5,87,7,19,57,12,0,87,3,2,66.7,1,33.3,54,213,69,0,1,0,2,4,56,3,75000,3900000
Jed Steer,GK,Aston Villa,26,1,1,7.0,0.1,0,0,0,0,0,0,0,0,0.0,0.0,0.0,0.0,0.00,0.00,0.00,0.00,0.00,0.00,0.00,0.00,,,,,,,0.0,,,1,,1,,0.0,26.0,1,100.0,65.0,1,,,,,,0,0,,0.00,0.00,,,,1,2,50.0,26,12,0,0,,1,1,100.0,0,1,0.0,0,0,0,0,0,1,1,0,0,0,0,0,0,0,0,0.00,0,0.00,0,0,0,0,0,0,0,0.00,0,0,0,0,0,0,0,0,0,0,0,0,0,,0,0,0,0,0,0,0,0,0.1,2,2,2,0,0,0,2,0,0,,0,,0,0,0,0,0,0,0,0,1,0,8077,420000
Jeff Hendrick,MF,Burnley,27,24,22,1931.0,21.5,2,2,4,2,0,0,8,0,1.7,1.7,1.6,3.3,0.09,0.09,0.19,0.09,0.08,0.07,0.08,0.16,0.0,0.0,0.0,0.0,0.0,0.0,0.0,0.0,0.0,0.0,0.0,0.0,0.0,0.0,0.0,0.0,0.0,0.0,0.0,0.0,0.0,0.0,0.0,0.0,22,6,27.3,1.03,0.28,0.09,0.33,18.9,424,588,72.1,6168,1588,248,285,87.0,136,180,75.6,24,58,41.4,14,28,10,2,40,545,36,4,1,1,30,6,6,7,38,1.77,38,1.77,27,3,2,2,4,0,3,0.14,2,0,0,0,1,0,18,10,7,8,3,7,27,25.9,20,21,8,13,20,38,20,0,21.5,800,34,143,412,254,36,800,47,22,46.8,25,53.2,417,2079,844,24,19,8,39,29,462,61,35000,1820000
Jefferson Lerma,MF,Bournemouth,24,33,31,2703.0,30.0,1,2,3,1,0,0,13,1,1.2,1.2,1.4,2.6,0.03,0.07,0.10,0.03,0.04,0.05,0.04,0.09,0.0,0.0,0.0,0.0,0.0,0.0,0.0,0.0,0.0,0.0,0.0,0.0,0.0,0.0,0.0,0.0,0.0,0.0,0.0,0.0,0.0,0.0,0.0,0.0,30,2,6.7,1.00,0.07,0.03,0.50,24.3,1104,1415,78.0,19745,6712,498,591,84.3,445,528,84.3,132,220,60.0,12,136,15,0,137,1376,33,28,0,16,6,5,0,6,46,1.53,46,1.53,36,0,2,2,5,1,3,0.10,3,0,0,0,0,0,54,32,17,31,6,22,48,45.8,26,28,12,16,57,111,54,1,30.0,1732,115,497,1011,241,14,1732,37,26,70.3,11,29.7,1007,4041,1618,16,17,0,29,18,955,13,50000,2600000
Jeffrey Schlupp,"FW,MF",Crystal Palace,26,17,11,1036.0,11.5,3,1,4,3,0,0,2,0,1.7,1.7,0.8,2.6,0.26,0.09,0.35,0.26,0.15,0.07,0.15,0.22,0.0,0.0,0.0,0.0,0.0,0.0,0.0,0.0,0.0,0.0,0.0,0.0,0.0,0.0,0.0,0.0,0.0,0.0,0.0,0.0,0.0,0.0,0.0,0.0,18,9,50.0,1.56,0.78,0.17,0.33,18.7,251,344,73.0,3793,1131,140,163,85.9,90,120,75.0,11,34,32.4,7,37,3,0,42,320,21,3,1,3,9,18,0,3,20,1.74,20,1.74,13,1,1,2,3,0,2,0.17,2,0,0,0,0,0,18,9,10,7,1,6,16,37.5,10,11,3,8,13,31,15,0,11.5,486,14,104,230,159,30,486,24,13,54.2,11,45.8,245,1519,636,23,17,12,25,16,314,53,55962,2910000
Jeremy Ngakia,DF,West Ham,18,5,5,440.0,4.9,0,0,0,0,0,0,0,0,0.0,0.0,0.0,0.0,0.00,0.00,0.00,0.00,0.00,0.00,0.00,0.00,0.0,0.0,0.0,0.0,0.0,0.0,0.0,0.0,0.0,0.0,0.0,0.0,0.0,0.0,0.0,0.0,0.0,0.0,0.0,0.0,0.0,0.0,0.0,0.0,1,1,100.0,0.20,0.20,0.00,0.00,33.2,87,163,53.4,1286,724,53,72,73.6,22,44,50.0,8,33,24.2,0,3,2,1,4,118,45,0,1,1,12,45,0,0,1,0.20,1,0.20,1,0,0,0,0,0,0,0.00,0,0,0,0,0,0,15,7,10,5,0,9,21,42.9,12,6,1,5,7,22,16,0,4.9,225,16,98,91,38,1,225,14,9,64.3,5,35.7,92,660,349,10,11,0,6,2,84,9,0.0,0.0
Jesse Lingard,"MF,FW",Manchester Utd,26,22,9,935.0,10.4,1,0,1,1,0,0,3,0,1.9,1.9,1.0,2.9,0.10,0.00,0.10,0.10,0.18,0.09,0.18,0.28,0.0,0.0,0.0,0.0,0.0,0.0,0.0,0.0,0.0,0.0,0.0,0.0,0.0,0.0,0.0,0.0,0.0,0.0,0.0,0.0,0.0,0.0,0.0,0.0,22,6,27.3,2.12,0.58,0.05,0.17,18.7,350,408,85.8,4646,903,203,224,90.6,109,125,87.2,12,17,70.6,20,38,7,0,45,384,22,3,4,1,7,8,2,2,41,3.95,41,3.95,35,0,2,1,1,2,5,0.48,4,0,0,0,0,1,15,8,6,4,5,5,18,27.8,13,5,0,5,3,18,0,0,10.4,508,5,30,249,234,32,508,23,13,56.5,10,43.5,284,1577,818,28,23,4,25,11,405,73,75000,3900000
Jesús Vallejo,DF,Wolves,22,2,1,163.0,1.8,0,0,0,0,0,0,1,0,0.0,0.0,0.0,0.0,0.00,0.00,0.00,0.00,0.00,0.00,0.00,0.00,0.0,0.0,0.0,0.0,0.0,0.0,0.0,0.0,0.0,0.0,0.0,0.0,0.0,0.0,0.0,0.0,0.0,0.0,0.0,0.0,0.0,0.0,0.0,0.0,0,0,,0.00,0.00,,,,92,119,77.3,1813,669,33,36,91.7,41,47,87.2,15,31,48.4,0,7,1,1,6,118,1,1,0,1,1,0,0,0,0,0.00,0,0.00,0,0,0,0,0,0,0,0.00,0,0,0,0,0,0,1,1,1,0,0,1,2,50.0,1,4,3,1,2,3,8,1,1.8,139,18,70,62,7,0,139,1,1,100.0,0,0.0,74,271,156,0,2,0,2,1,93,0,33077,1720000
Jetro Willems,DF,Newcastle Utd,25,19,18,1493.0,16.6,2,2,4,2,0,0,0,0,0.6,0.6,0.9,1.5,0.12,0.12,0.24,0.12,0.03,0.06,0.03,0.09,0.0,0.0,0.0,0.0,0.0,0.0,0.0,0.0,0.0,0.0,0.0,0.0,0.0,0.0,0.0,0.0,0.0,0.0,0.0,0.0,0.0,0.0,0.0,0.0,14,6,42.9,0.84,0.36,0.14,0.33,19.6,405,585,69.2,6268,2963,215,252,85.3,154,239,64.4,21,51,41.2,15,29,13,2,43,451,130,9,1,2,32,120,1,4,38,2.29,38,2.29,28,4,4,1,1,0,6,0.36,4,1,1,0,0,0,37,19,29,6,2,18,39,46.2,21,20,5,15,17,54,42,1,16.6,764,61,261,317,198,19,764,32,21,65.6,11,34.4,359,1632,953,24,15,7,21,7,347,31,32692,1700000
Joe Gomez,DF,Liverpool,22,28,22,2004.0,22.3,0,0,0,0,0,0,7,0,0.0,0.0,0.2,0.2,0.00,0.00,0.00,0.00,0.00,0.01,0.00,0.01,0.0,0.0,0.0,0.0,0.0,0.0,0.0,0.0,0.0,0.0,0.0,0.0,0.0,0.0,0.0,0.0,0.0,0.0,0.0,0.0,0.0,0.0,0.0,0.0,1,0,0.0,0.04,0.00,0.00,,30.4,1766,2015,87.6,34423,10715,565,632,89.4,1008,1072,94.0,176,277,63.5,5,107,10,3,115,1968,44,29,1,15,9,15,0,3,22,0.99,22,0.99,20,0,0,1,0,1,4,0.18,3,0,0,1,0,0,23,16,17,6,0,9,20,45.0,11,15,8,7,38,61,64,2,22.3,2185,137,774,1354,64,1,2185,11,8,72.7,3,27.3,1591,7257,4208,17,14,1,14,3,1605,11,28077,1460000
Joe Willock,"MF,FW",Arsenal,19,29,8,857.0,9.5,1,1,2,1,0,0,2,0,1.6,1.6,1.1,2.7,0.11,0.11,0.21,0.11,0.17,0.11,0.17,0.28,0.0,0.0,0.0,0.0,0.0,0.0,0.0,0.0,0.0,0.0,0.0,0.0,0.0,0.0,0.0,0.0,0.0,0.0,0.0,0.0,0.0,0.0,0.0,0.0,15,4,26.7,1.58,0.42,0.07,0.25,16.7,287,359,79.9,4611,1347,143,169,84.6,118,130,90.8,17,33,51.5,12,34,8,2,41,346,8,0,2,5,9,2,5,5,31,3.25,31,3.25,25,0,3,1,1,1,3,0.31,3,0,0,0,0,0,25,16,9,12,4,8,21,38.1,13,16,2,14,4,29,11,2,9.5,498,27,91,246,171,35,498,32,21,65.6,11,34.4,317,2210,1247,39,24,11,29,18,331,51,40000,2080000
Joel Ward,DF,Crystal Palace,29,29,27,2382.0,26.5,0,0,0,0,0,0,4,0,0.3,0.3,0.3,0.6,0.00,0.00,0.00,0.00,0.01,0.01,0.01,0.02,0.0,0.0,0.0,0.0,0.0,0.0,0.0,0.0,0.0,0.0,0.0,0.0,0.0,0.0,0.0,0.0,0.0,0.0,0.0,0.0,0.0,0.0,0.0,0.0,5,1,20.0,0.19,0.04,0.00,0.00,15.1,912,1270,71.8,13773,6373,511,585,87.4,301,422,71.3,66,163,40.5,5,73,13,4,115,990,275,5,0,3,36,270,0,5,10,0.38,10,0.38,9,1,0,0,0,0,0,0.00,0,0,0,0,0,0,69,42,48,16,5,39,56,69.6,17,13,6,7,48,117,93,1,26.5,1564,117,542,707,318,10,1564,15,8,53.3,7,46.7,591,2801,1511,22,20,0,20,12,752,54,35000,1820000
Joelinton,FW,Newcastle Utd,22,38,32,2683.0,29.8,2,2,4,2,0,0,7,0,5.5,5.5,2.9,8.3,0.07,0.07,0.13,0.07,0.18,0.10,0.18,0.28,0.0,0.0,0.0,0.0,0.0,0.0,0.0,0.0,0.0,0.0,0.0,0.0,0.0,0.0,0.0,0.0,0.0,0.0,0.0,0.0,0.0,0.0,0.0,0.0,50,15,30.0,1.68,0.50,0.04,0.13,14.9,637,835,76.3,7959,1525,416,502,82.9,137,185,74.1,27,35,77.1,30,38,13,2,56,803,29,2,3,2,6,6,0,3,71,2.38,71,2.38,60,1,3,4,3,0,5,0.17,5,0,0,0,0,0,34,20,7,22,5,9,32,28.1,23,32,6,26,11,45,30,0,29.8,1235,39,112,712,424,94,1235,80,41,51.3,39,48.8,699,3690,1486,47,37,26,134,60,875,133,80000,4160000
John Egan,DF,Sheffield Utd,26,36,36,3187.0,35.4,2,0,2,2,0,0,5,1,2.7,2.7,0.4,3.2,0.06,0.00,0.06,0.06,0.08,0.01,0.08,0.09,0.0,0.0,0.0,0.0,0.0,0.0,0.0,0.0,0.0,0.0,0.0,0.0,0.0,0.0,0.0,0.0,0.0,0.0,0.0,0.0,0.0,0.0,0.0,0.0,27,4,14.8,0.76,0.11,0.07,0.50,9.4,1040,1302,79.9,22170,7127,298,349,85.4,556,644,86.3,177,279,63.4,1,56,1,0,66,1270,28,22,0,20,2,6,0,4,11,0.31,11,0.31,6,0,0,5,0,0,1,0.03,0,0,0,1,0,0,44,27,34,10,0,25,45,55.6,20,39,27,12,58,102,171,4,35.4,1682,228,843,782,65,50,1682,2,1,50.0,1,50.0,688,3495,1958,6,1,0,14,0,821,5,7500,390000
John Fleck,MF,Sheffield Utd,27,30,28,2516.0,28.0,5,2,7,5,0,0,8,0,3.1,3.1,3.4,6.5,0.18,0.07,0.25,0.18,0.11,0.12,0.11,0.23,0.0,0.0,0.0,0.0,0.0,0.0,0.0,0.0,0.0,0.0,0.0,0.0,0.0,0.0,0.0,0.0,0.0,0.0,0.0,0.0,0.0,0.0,0.0,0.0,31,11,35.5,1.11,0.39,0.16,0.45,20.1,842,1164,72.3,13437,4460,427,494,86.4,268,342,78.4,89,198,44.9,39,105,35,7,139,1021,134,29,3,5,149,7,80,9,84,3.00,84,3.00,56,16,8,2,1,1,6,0.21,5,0,1,0,0,0,36,25,13,14,9,22,64,34.4,42,25,3,22,24,60,26,0,28.0,1414,36,205,608,619,37,1414,60,44,73.3,16,26.7,607,3286,1753,48,43,13,45,17,866,90,8077,420000
John Lundstram,MF,Sheffield Utd,25,34,26,2458.0,27.3,5,3,8,5,0,0,5,0,5.3,5.3,3.4,8.7,0.18,0.11,0.29,0.18,0.19,0.12,0.19,0.32,0.0,0.0,0.0,0.0,0.0,0.0,0.0,0.0,0.0,0.0,0.0,0.0,0.0,0.0,0.0,0.0,0.0,0.0,0.0,0.0,0.0,0.0,0.0,0.0,43,10,23.3,1.57,0.37,0.12,0.50,17.6,987,1245,79.3,17119,3711,515,604,85.3,329,383,85.9,119,179,66.5,21,70,31,8,122,1209,27,9,3,33,55,5,3,9,58,2.12,58,2.12,48,1,0,5,2,2,7,0.26,6,0,0,1,0,0,46,30,18,21,7,21,65,32.3,44,18,4,14,33,79,46,1,27.3,1525,59,244,715,579,51,1525,37,18,48.6,18,48.6,759,3955,1496,36,27,4,41,14,1067,111,4038,210000
John McGinn,MF,Aston Villa,24,28,27,2312.0,25.7,3,3,6,3,0,0,3,0,3.9,3.9,2.5,6.4,0.12,0.12,0.23,0.12,0.15,0.10,0.15,0.25,0.0,0.0,0.0,0.0,0.0,0.0,0.0,0.0,0.0,0.0,0.0,0.0,0.0,0.0,0.0,0.0,0.0,0.0,0.0,0.0,0.0,0.0,0.0,0.0,55,20,36.4,2.14,0.78,0.05,0.15,21.3,600,794,75.6,12378,3698,219,258,84.9,252,305,82.6,112,172,65.1,37,80,31,7,113,701,84,28,3,26,66,4,24,9,92,3.58,92,3.58,68,9,8,2,3,2,9,0.35,6,2,0,0,1,0,53,35,19,23,11,18,62,29.0,44,25,1,24,25,78,18,0,25.7,1099,40,194,507,424,62,1099,72,53,73.6,19,26.4,637,3834,1749,38,28,9,41,49,676,84,25000,1300000
John Stones,DF,Manchester City,25,16,12,1122.0,12.5,0,0,0,0,0,0,0,0,0.4,0.4,0.1,0.5,0.00,0.00,0.00,0.00,0.03,0.01,0.03,0.04,0.0,0.0,0.0,0.0,0.0,0.0,0.0,0.0,0.0,0.0,0.0,0.0,0.0,0.0,0.0,0.0,0.0,0.0,0.0,0.0,0.0,0.0,0.0,0.0,6,1,16.7,0.48,0.08,0.00,0.00,9.6,977,1039,94.0,18402,6085,346,360,96.1,518,543,95.4,96,104,92.3,2,75,0,0,83,1029,9,6,0,12,0,3,0,1,13,1.04,13,1.04,13,0,0,0,0,0,1,0.08,1,0,0,0,0,0,16,10,8,7,1,3,5,60.0,2,5,3,2,9,25,32,2,12.5,1127,98,385,685,63,12,1127,5,5,100.0,0,0.0,835,5661,3594,22,24,0,3,0,869,1,100000,5200000
Jonathan Kodjia,FW,Aston Villa,29,6,0,117.0,1.3,0,0,0,0,0,0,1,0,0.1,0.1,0.1,0.2,0.00,0.00,0.00,0.00,0.09,0.05,0.09,0.14,0.0,0.0,0.0,0.0,0.0,0.0,0.0,0.0,0.0,0.0,0.0,0.0,0.0,0.0,0.0,0.0,0.0,0.0,0.0,0.0,0.0,0.0,0.0,0.0,2,0,0.0,1.54,0.00,0.00,,19.5,15,27,55.6,183,3,12,16,75.0,3,5,60.0,0,2,0.0,1,1,0,0,1,25,2,0,0,0,0,0,0,0,4,3.05,4,3.05,3,0,0,0,1,0,0,0.00,0,0,0,0,0,0,0,0,0,0,0,0,1,0.0,1,0,0,0,0,0,1,0,1.3,43,2,3,17,23,7,43,3,1,33.3,2,66.7,18,133,62,4,2,1,4,0,29,10,35000,1820000
Jonjo Shelvey,MF,Newcastle Utd,27,26,25,2119.0,23.5,6,2,8,6,0,0,3,0,2.5,2.5,3.6,6.1,0.25,0.08,0.34,0.25,0.10,0.15,0.10,0.26,0.0,0.0,0.0,0.0,0.0,0.0,0.0,0.0,0.0,0.0,0.0,0.0,0.0,0.0,0.0,0.0,0.0,0.0,0.0,0.0,0.0,0.0,0.0,0.0,45,14,31.1,1.91,0.59,0.13,0.43,26.7,827,1149,72.0,17762,6086,308,357,86.3,325,402,80.8,178,335,53.1,45,123,20,6,124,990,146,59,5,36,89,3,61,13,82,3.48,82,3.48,56,18,4,4,0,0,6,0.25,3,2,1,0,0,0,29,19,17,12,0,11,42,26.2,31,14,5,9,23,52,38,0,23.5,1353,58,341,767,261,22,1353,20,15,75.0,5,25.0,714,3412,1579,22,19,7,24,10,806,28,70000,3640000
Jonny Castro,"MF,DF",Wolves,25,35,33,2887.0,32.1,2,2,4,2,0,0,4,0,1.6,1.6,1.3,2.8,0.06,0.06,0.12,0.06,0.05,0.04,0.05,0.09,0.0,0.0,0.0,0.0,0.0,0.0,0.0,0.0,0.0,0.0,0.0,0.0,0.0,0.0,0.0,0.0,0.0,0.0,0.0,0.0,0.0,0.0,0.0,0.0,18,5,27.8,0.56,0.16,0.11,0.40,19.0,1177,1451,81.1,15340,5071,731,810,90.2,333,426,78.2,38,68,55.9,23,47,16,6,97,1139,309,2,1,3,54,307,0,3,64,2.00,64,2.00,51,3,1,0,3,6,7,0.22,5,1,0,0,1,0,91,55,54,26,11,29,82,35.4,53,45,10,35,53,144,45,2,32.1,1871,68,476,779,638,61,1871,71,32,45.1,39,54.9,855,5260,2873,100,62,20,54,36,1024,180,75000,3900000
Jonny Evans,DF,Leicester City,31,38,38,3383.0,37.6,1,1,2,1,0,0,8,1,3.7,3.7,0.7,4.4,0.03,0.03,0.05,0.03,0.10,0.02,0.10,0.12,0.0,0.0,0.0,0.0,0.0,0.0,0.0,0.0,0.0,0.0,0.0,0.0,0.0,0.0,0.0,0.0,0.0,0.0,0.0,0.0,0.0,0.0,0.0,0.0,23,8,34.8,0.61,0.21,0.04,0.13,8.4,2178,2518,86.5,43936,15190,618,680,90.9,1333,1454,91.7,219,354,61.9,8,131,3,1,157,2430,85,69,1,17,8,16,0,3,35,0.93,35,0.93,28,0,1,4,2,0,6,0.16,4,0,0,1,1,0,48,34,33,14,1,28,39,71.8,11,33,18,15,57,105,174,4,37.6,2899,340,1443,1361,106,47,2899,8,6,75.0,2,25.0,1810,8583,4971,31,13,0,12,3,1926,4,80000,4160000
Jordan Ayew,FW,Crystal Palace,27,37,37,3148.0,35.0,9,2,11,9,0,0,6,0,7.5,7.5,2.5,10.0,0.26,0.06,0.31,0.26,0.21,0.07,0.21,0.29,0.0,0.0,0.0,0.0,0.0,0.0,0.0,0.0,0.0,0.0,0.0,0.0,0.0,0.0,0.0,0.0,0.0,0.0,0.0,0.0,0.0,0.0,0.0,0.0,58,24,41.4,1.66,0.69,0.16,0.38,14.8,673,853,78.9,8490,1767,425,488,87.1,150,190,78.9,36,52,69.2,30,38,21,0,60,816,34,4,2,2,25,11,1,3,81,2.32,81,2.32,48,0,13,4,13,3,8,0.23,3,0,2,2,1,0,48,30,10,22,16,17,49,34.7,32,29,4,25,15,63,21,0,35.0,1300,30,154,596,584,123,1300,117,73,62.4,44,37.6,801,5611,2289,77,54,25,113,95,950,184,32500,1690000
Jordan Henderson,MF,Liverpool,29,30,26,2238.0,24.9,4,5,9,4,0,0,2,0,1.1,1.1,3.1,4.2,0.16,0.20,0.36,0.16,0.04,0.13,0.04,0.17,0.0,0.0,0.0,0.0,0.0,0.0,0.0,0.0,0.0,0.0,0.0,0.0,0.0,0.0,0.0,0.0,0.0,0.0,0.0,0.0,0.0,0.0,0.0,0.0,20,8,40.0,0.80,0.32,0.20,0.50,19.2,1593,1933,82.4,28191,7061,692,759,91.2,653,769,84.9,187,289,64.7,24,173,31,7,197,1883,46,14,7,21,58,15,1,4,53,2.13,53,2.13,45,1,2,3,2,0,6,0.24,5,0,0,1,0,0,63,41,18,33,12,22,55,40.0,33,22,4,18,30,93,21,2,24.9,2144,29,289,1391,481,43,2144,28,17,60.7,11,39.3,1479,6546,3233,51,51,5,25,6,1580,77,140000,7280000
Jordan Pickford,GK,Everton,25,38,38,3420.0,38.0,0,0,0,0,0,0,2,0,0.0,0.0,0.1,0.1,0.00,0.00,0.00,0.00,0.00,0.00,0.00,0.00,1.47,147,94,63.9,9,23.7,50.2,0.32,270,730,37.0,1115,195,50.8,40.1,264,62.1,48.5,510,24,4.7,25,0.66,13.4,0,0,,0.00,0.00,,,,905,1383,65.4,28145,21362,185,185,100.0,359,364,98.6,346,815,42.5,1,42,2,0,0,974,405,141,1,12,0,0,0,4,5,0.13,5,0.13,4,1,0,0,0,0,0,0.00,0,0,0,0,0,0,0,0,0,0,0,0,4,0.0,4,0,0,0,3,3,12,6,38.0,1456,1226,1439,17,0,0,1456,0,0,,0,,821,5000,2985,0,0,0,2,0,647,0,100000,5200000
Jordan Thomas,FW,Norwich City,18,1,0,1.0,0.0,0,0,0,0,0,0,0,0,0.0,0.0,0.0,0.0,0.00,0.00,0.00,0.00,0.00,0.00,0.00,0.00,0.0,0.0,0.0,0.0,0.0,0.0,0.0,0.0,0.0,0.0,0.0,0.0,0.0,0.0,0.0,0.0,0.0,0.0,0.0,0.0,0.0,0.0,0.0,0.0,0,0,,0.00,0.00,,,,0,0,,0,0,0,0,,0,0,,0,0,,0,0,0,0,0,0,0,0,0,0,0,0,0,0,0,0.00,0,0.00,0,0,0,0,0,0,0,0.00,0,0,0,0,0,0,0,0,0,0,0,0,0,,0,0,0,0,0,0,0,0,0.0,0,0,0,0,0,0,0,0,0,,0,,0,0,0,0,0,0,0,0,0,0,0.0,0.0
Jordon Ibe,DF,Bournemouth,23,2,0,50.0,0.6,0,0,0,0,0,0,0,0,0.0,0.0,0.0,0.0,0.00,0.00,0.00,0.00,0.00,0.00,0.00,0.00,0.0,0.0,0.0,0.0,0.0,0.0,0.0,0.0,0.0,0.0,0.0,0.0,0.0,0.0,0.0,0.0,0.0,0.0,0.0,0.0,0.0,0.0,0.0,0.0,0,0,,0.00,0.00,,,,17,22,77.3,239,74,11,11,100.0,4,7,57.1,1,1,100.0,0,1,1,0,2,18,4,1,0,0,3,2,1,0,0,0.00,0,0.00,0,0,0,0,0,0,0,0.00,0,0,0,0,0,0,2,2,2,0,0,1,1,100.0,0,0,0,0,0,2,1,0,0.6,28,3,5,18,7,0,28,2,1,50.0,1,50.0,17,200,119,4,2,0,1,1,15,4,37500,1950000
Jorginho,MF,Chelsea,27,31,27,2379.0,26.4,4,2,6,1,3,3,10,0,3.2,0.9,2.8,3.7,0.15,0.08,0.23,0.04,0.12,0.11,0.03,0.14,0.0,0.0,0.0,0.0,0.0,0.0,0.0,0.0,0.0,0.0,0.0,0.0,0.0,0.0,0.0,0.0,0.0,0.0,0.0,0.0,0.0,0.0,0.0,0.0,9,1,11.1,0.34,0.04,0.11,1.00,24.7,2000,2277,87.8,32957,9262,990,1069,92.6,740,833,88.8,190,253,75.1,23,248,27,1,218,2219,52,48,16,18,10,4,0,6,81,3.06,81,3.06,74,0,0,1,3,3,8,0.30,6,0,0,0,1,1,66,40,24,34,8,35,91,38.5,56,30,5,25,64,130,27,2,26.4,2531,79,527,1663,356,10,2528,21,13,61.9,8,38.1,1580,6854,3243,24,34,2,19,22,1832,29,110000,5720000
Josh Brownhill,MF,Burnley,23,10,9,805.0,8.9,0,0,0,0,0,0,2,0,0.5,0.5,0.1,0.7,0.00,0.00,0.00,0.00,0.06,0.02,0.06,0.08,0.0,0.0,0.0,0.0,0.0,0.0,0.0,0.0,0.0,0.0,0.0,0.0,0.0,0.0,0.0,0.0,0.0,0.0,0.0,0.0,0.0,0.0,0.0,0.0,6,0,0.0,0.67,0.00,0.00,,18.9,275,338,81.4,3703,874,161,178,90.4,81,99,81.8,12,28,42.9,3,16,1,0,20,331,4,2,0,1,2,2,0,3,15,1.68,15,1.68,13,0,0,0,1,1,1,0.11,1,0,0,0,0,0,14,8,5,7,2,5,13,38.5,8,9,4,5,14,28,18,0,8.9,422,30,105,215,104,9,422,8,7,87.5,1,12.5,183,704,233,2,10,0,10,4,241,15,35000,1820000
Josh Martin,"FW,MF",Norwich City,17,5,0,37.0,0.4,0,0,0,0,0,0,0,0,0.1,0.1,0.0,0.1,0.00,0.00,0.00,0.00,0.19,0.00,0.19,0.19,0.0,0.0,0.0,0.0,0.0,0.0,0.0,0.0,0.0,0.0,0.0,0.0,0.0,0.0,0.0,0.0,0.0,0.0,0.0,0.0,0.0,0.0,0.0,0.0,1,1,100.0,2.43,2.43,0.00,0.00,13.0,12,15,80.0,163,28,11,11,100.0,0,1,0.0,1,1,100.0,0,1,0,0,0,15,0,0,0,0,0,0,0,0,0,0.00,0,0.00,0,0,0,0,0,0,0,0.00,0,0,0,0,0,0,1,0,0,0,1,0,0,,0,1,0,1,1,2,0,0,0.4,19,0,4,9,6,1,19,0,0,,0,,13,111,35,1,0,0,0,0,13,3,0.0,0.0
Joshua King,"FW,MF",Bournemouth,27,26,24,2011.0,22.3,6,4,10,3,3,3,0,0,6.5,4.1,4.1,8.2,0.27,0.18,0.45,0.13,0.29,0.18,0.18,0.37,0.0,0.0,0.0,0.0,0.0,0.0,0.0,0.0,0.0,0.0,0.0,0.0,0.0,0.0,0.0,0.0,0.0,0.0,0.0,0.0,0.0,0.0,0.0,0.0,23,10,43.5,1.03,0.45,0.13,0.30,14.4,369,524,70.4,4923,1128,228,281,81.1,95,141,67.4,17,26,65.4,30,21,18,4,46,503,20,2,4,1,22,2,1,1,61,2.73,61,2.73,45,0,8,2,5,1,8,0.36,5,0,2,0,1,0,16,6,4,8,4,4,16,25.0,12,20,3,17,8,24,9,0,22.3,817,12,88,350,399,84,814,107,52,48.6,55,51.4,555,4169,1749,60,47,23,77,54,585,151,45000,2340000
Josip Drmić,FW,Norwich City,26,21,5,647.0,7.2,1,0,1,1,0,0,0,1,3.1,3.1,1.1,4.1,0.14,0.00,0.14,0.14,0.43,0.15,0.43,0.58,0.0,0.0,0.0,0.0,0.0,0.0,0.0,0.0,0.0,0.0,0.0,0.0,0.0,0.0,0.0,0.0,0.0,0.0,0.0,0.0,0.0,0.0,0.0,0.0,14,5,35.7,1.95,0.70,0.07,0.20,13.4,125,165,75.8,1474,163,81,98,82.7,26,33,78.8,3,10,30.0,4,2,1,0,4,152,13,0,0,0,3,2,0,0,10,1.39,10,1.39,7,0,1,2,0,0,0,0.00,0,0,0,0,0,0,3,2,1,2,0,0,8,0.0,8,6,0,6,1,4,5,1,7.2,241,8,23,127,93,22,241,14,6,42.9,8,57.1,129,444,140,5,4,5,22,15,160,42,50000,2600000
José Holebas,DF,Watford,35,14,11,1025.0,11.4,0,0,0,0,0,0,5,0,0.3,0.3,0.7,1.1,0.00,0.00,0.00,0.00,0.03,0.06,0.03,0.09,0.0,0.0,0.0,0.0,0.0,0.0,0.0,0.0,0.0,0.0,0.0,0.0,0.0,0.0,0.0,0.0,0.0,0.0,0.0,0.0,0.0,0.0,0.0,0.0,6,3,50.0,0.53,0.26,0.00,0.00,19.8,419,620,67.6,6747,3037,217,259,83.8,149,220,67.7,39,109,35.8,11,31,9,5,51,430,189,16,0,3,71,134,39,1,26,2.28,26,2.28,10,12,1,1,1,1,1,0.09,0,1,0,0,0,0,26,15,19,7,0,9,28,32.1,19,11,4,7,3,29,33,0,11.4,731,40,176,345,215,5,731,16,7,43.8,9,56.3,304,1386,770,23,17,3,5,5,341,27,30000,1560000
Jota,"FW,MF",Aston Villa,28,10,4,335.0,3.7,0,1,1,0,0,0,0,0,0.3,0.3,0.6,0.9,0.00,0.27,0.27,0.00,0.08,0.15,0.08,0.23,0.0,0.0,0.0,0.0,0.0,0.0,0.0,0.0,0.0,0.0,0.0,0.0,0.0,0.0,0.0,0.0,0.0,0.0,0.0,0.0,0.0,0.0,0.0,0.0,6,1,16.7,1.61,0.27,0.00,0.00,18.9,75,98,76.5,1213,475,43,48,89.6,22,33,66.7,9,12,75.0,4,11,6,0,14,92,5,2,2,0,2,2,1,1,9,2.42,9,2.42,8,0,0,0,1,0,1,0.27,1,0,0,0,0,0,3,1,2,0,1,2,5,40.0,3,1,0,1,3,6,6,0,3.7,136,8,28,53,58,8,136,8,7,87.5,1,12.5,98,746,379,10,10,2,7,13,95,23,25000,1300000
João Cancelo,DF,Manchester City,25,17,13,1208.0,13.4,0,0,0,0,0,0,4,0,0.6,0.6,2.8,3.3,0.00,0.00,0.00,0.00,0.04,0.21,0.04,0.25,0.0,0.0,0.0,0.0,0.0,0.0,0.0,0.0,0.0,0.0,0.0,0.0,0.0,0.0,0.0,0.0,0.0,0.0,0.0,0.0,0.0,0.0,0.0,0.0,15,3,20.0,1.12,0.22,0.00,0.00,23.9,1015,1157,87.7,15522,4054,569,614,92.7,352,401,87.8,67,92,72.8,17,87,22,5,105,1049,104,8,0,5,47,96,0,4,52,3.87,52,3.87,41,0,5,2,3,1,3,0.22,2,0,0,0,1,0,40,24,21,12,7,24,40,60.0,16,9,2,7,21,61,18,0,13.4,1309,30,257,672,395,33,1309,53,37,69.8,17,32.1,949,4380,2266,42,50,14,15,8,937,80,80000,4160000
João Moutinho,MF,Wolves,32,38,34,3108.0,34.5,1,6,7,1,0,0,7,0,0.9,0.9,7.9,8.8,0.03,0.17,0.20,0.03,0.03,0.23,0.03,0.26,0.0,0.0,0.0,0.0,0.0,0.0,0.0,0.0,0.0,0.0,0.0,0.0,0.0,0.0,0.0,0.0,0.0,0.0,0.0,0.0,0.0,0.0,0.0,0.0,22,6,27.3,0.64,0.17,0.05,0.17,25.0,1647,2071,79.5,32707,8779,584,665,87.8,729,850,85.8,274,436,62.8,77,155,29,11,216,1731,335,158,5,35,221,6,169,5,125,3.62,125,3.62,68,56,0,1,0,0,10,0.29,7,3,0,0,0,0,93,50,43,41,9,46,139,33.1,93,43,13,30,50,143,18,1,34.5,2327,44,401,1292,651,6,2327,21,15,71.4,6,28.6,1083,5124,2689,38,37,0,20,21,1367,51,100000,5200000
João Pedro,"FW,MF",Watford,17,3,0,25.0,0.3,0,0,0,0,0,0,0,0,0.0,0.0,0.0,0.0,0.00,0.00,0.00,0.00,0.18,0.00,0.18,0.18,0.0,0.0,0.0,0.0,0.0,0.0,0.0,0.0,0.0,0.0,0.0,0.0,0.0,0.0,0.0,0.0,0.0,0.0,0.0,0.0,0.0,0.0,0.0,0.0,1,0,0.0,3.60,0.00,0.00,,17.3,8,12,66.7,118,21,4,4,100.0,4,5,80.0,0,1,0.0,0,0,1,1,1,12,0,0,0,0,3,0,0,0,0,0.00,0,0.00,0,0,0,0,0,0,0,0.00,0,0,0,0,0,0,0,0,0,0,0,0,0,,0,0,0,0,0,0,0,0,0.3,14,0,1,3,10,2,14,4,3,75.0,1,25.0,12,138,62,2,2,1,0,2,13,3,23077,1200000
Joël Matip,DF,Liverpool,27,9,8,703.0,7.8,1,0,1,1,0,0,0,0,0.3,0.3,0.0,0.4,0.13,0.00,0.13,0.13,0.04,0.00,0.04,0.05,0.0,0.0,0.0,0.0,0.0,0.0,0.0,0.0,0.0,0.0,0.0,0.0,0.0,0.0,0.0,0.0,0.0,0.0,0.0,0.0,0.0,0.0,0.0,0.0,4,1,25.0,0.51,0.13,0.25,1.00,10.2,470,558,84.2,9060,3178,147,171,86.0,282,303,93.1,34,71,47.9,1,43,2,0,36,544,14,10,0,3,1,4,0,0,9,1.15,9,1.15,7,0,0,0,1,1,0,0.00,0,0,0,0,0,0,13,9,4,7,2,4,11,36.4,7,8,4,4,12,25,38,0,7.8,640,54,262,347,33,8,640,2,2,100.0,0,0.0,426,2290,1663,6,14,0,3,2,419,2,100000,5200000
Juan Foyth,DF,Tottenham,21,4,1,68.0,0.8,0,0,0,0,0,0,1,0,0.0,0.0,0.0,0.0,0.00,0.00,0.00,0.00,0.00,0.04,0.00,0.04,0.0,0.0,0.0,0.0,0.0,0.0,0.0,0.0,0.0,0.0,0.0,0.0,0.0,0.0,0.0,0.0,0.0,0.0,0.0,0.0,0.0,0.0,0.0,0.0,0,0,,0.00,0.00,,,,54,65,83.1,834,303,29,33,87.9,22,26,84.6,2,4,50.0,1,3,0,0,4,55,9,1,0,2,0,8,0,1,2,2.65,2,2.65,2,0,0,0,0,0,0,0.00,0,0,0,0,0,0,7,3,5,2,0,3,4,75.0,1,1,0,1,1,8,3,1,0.8,80,8,27,45,8,0,80,4,2,50.0,2,50.0,45,181,82,0,0,0,1,1,43,0,21538,1120000
Juan Mata,"MF,FW",Manchester Utd,31,19,8,758.0,8.4,0,2,2,0,0,0,1,0,1.1,1.1,2.1,3.2,0.00,0.24,0.24,0.00,0.13,0.25,0.13,0.38,0.0,0.0,0.0,0.0,0.0,0.0,0.0,0.0,0.0,0.0,0.0,0.0,0.0,0.0,0.0,0.0,0.0,0.0,0.0,0.0,0.0,0.0,0.0,0.0,10,2,20.0,1.19,0.24,0.00,0.00,18.5,459,543,84.5,6656,1554,275,288,95.5,120,150,80.0,36,52,69.2,18,40,23,3,64,508,33,11,4,7,23,7,10,2,41,4.87,41,4.87,34,3,1,2,1,0,3,0.36,3,0,0,0,0,0,7,3,1,5,1,2,7,28.6,5,5,1,4,0,7,2,0,8.4,600,3,33,296,273,32,600,12,5,41.7,7,58.3,357,1695,776,17,22,6,13,8,499,65,160000,8320000
Junior Stanislas,"MF,FW",Bournemouth,29,15,7,712.0,7.9,3,0,3,2,1,1,1,0,2.1,1.4,0.8,2.2,0.38,0.00,0.38,0.25,0.27,0.10,0.17,0.27,0.0,0.0,0.0,0.0,0.0,0.0,0.0,0.0,0.0,0.0,0.0,0.0,0.0,0.0,0.0,0.0,0.0,0.0,0.0,0.0,0.0,0.0,0.0,0.0,17,6,35.3,2.15,0.76,0.12,0.33,20.4,214,306,69.9,3087,1102,122,144,84.7,60,91,65.9,16,39,41.0,12,15,7,2,26,268,37,12,2,3,37,7,17,1,25,3.16,25,3.16,16,7,2,0,0,0,2,0.25,1,0,1,0,0,0,10,7,2,3,5,3,8,37.5,5,6,0,6,4,14,6,0,7.9,387,9,65,133,192,18,386,18,11,61.1,7,38.9,220,1321,764,30,15,6,12,8,236,42,35000,1820000
Jóhann Berg Guðmundsson,MF,Burnley,28,12,6,621.0,6.9,1,1,2,1,0,0,0,0,0.6,0.6,1.0,1.6,0.14,0.14,0.29,0.14,0.09,0.14,0.09,0.23,0.0,0.0,0.0,0.0,0.0,0.0,0.0,0.0,0.0,0.0,0.0,0.0,0.0,0.0,0.0,0.0,0.0,0.0,0.0,0.0,0.0,0.0,0.0,0.0,10,2,20.0,1.45,0.29,0.10,0.50,15.5,134,196,68.4,2433,653,72,87,82.8,34,48,70.8,22,51,43.1,13,5,12,10,6,187,9,0,0,2,35,1,8,0,30,4.35,30,4.35,23,4,2,0,1,0,3,0.43,2,0,1,0,0,0,4,2,2,2,0,1,8,12.5,7,8,1,7,7,11,9,0,6.9,254,9,41,84,136,23,254,6,5,83.3,1,16.7,155,990,404,18,11,4,9,5,162,31,30000,1560000
Jürgen Locadia,"FW,MF",Brighton,25,2,1,86.0,1.0,0,0,0,0,0,0,0,0,0.3,0.3,0.0,0.3,0.00,0.00,0.00,0.00,0.27,0.00,0.27,0.27,0.0,0.0,0.0,0.0,0.0,0.0,0.0,0.0,0.0,0.0,0.0,0.0,0.0,0.0,0.0,0.0,0.0,0.0,0.0,0.0,0.0,0.0,0.0,0.0,2,1,50.0,2.09,1.05,0.00,0.00,9.9,10,21,47.6,126,1,7,10,70.0,3,6,50.0,0,0,,0,0,0,0,0,20,0,0,0,0,1,0,0,1,2,2.09,2,2.09,2,0,0,0,0,0,0,0.00,0,0,0,0,0,0,0,0,0,0,0,0,0,,0,0,0,0,0,0,0,0,1.0,29,0,1,15,13,4,29,1,1,100.0,0,0.0,12,44,19,1,0,1,5,2,22,6,0.0,0.0
Kasper Schmeichel,GK,Leicester City,32,38,38,3420.0,38.0,0,0,0,0,0,0,2,0,0.0,0.0,0.5,0.5,0.00,0.00,0.00,0.00,0.00,0.01,0.00,0.01,1.08,135,94,75.6,13,34.2,44.3,0.26,180,398,45.2,951,159,31.5,33.0,241,40.7,36.1,507,14,2.8,34,0.89,17.2,1,0,0.0,0.03,0.00,0.00,,56.1,934,1198,78.0,25910,17114,134,136,98.5,475,481,98.8,324,572,56.6,3,5,0,0,1,823,369,128,0,7,0,0,0,6,5,0.13,5,0.13,2,3,0,0,0,0,0,0.00,0,0,0,0,0,0,1,1,1,0,0,1,2,50.0,1,0,0,0,1,2,4,2,38.0,1264,1054,1246,18,0,0,1264,1,0,0.0,1,100.0,693,3306,2092,0,0,0,1,0,561,0,130000,6760000
Keinan Davis,FW,Aston Villa,21,18,4,548.0,6.1,0,0,0,0,0,0,0,0,2.7,2.7,0.2,2.9,0.00,0.00,0.00,0.00,0.44,0.03,0.44,0.47,0.0,0.0,0.0,0.0,0.0,0.0,0.0,0.0,0.0,0.0,0.0,0.0,0.0,0.0,0.0,0.0,0.0,0.0,0.0,0.0,0.0,0.0,0.0,0.0,17,5,29.4,2.79,0.82,0.00,0.00,9.6,101,139,72.7,1190,176,79,99,79.8,15,25,60.0,3,3,100.0,5,7,2,0,9,136,3,0,0,0,2,1,0,0,18,2.96,18,2.96,9,0,1,4,4,0,3,0.49,1,0,0,1,1,0,1,1,0,1,0,0,3,0.0,3,4,0,4,0,1,3,0,6.1,217,4,11,91,120,30,217,20,14,70.0,6,30.0,148,864,400,19,11,7,26,11,172,50,5000,260000
Kelechi Iheanacho,FW,Leicester City,22,20,12,960.0,10.7,5,3,8,5,0,0,1,0,6.0,6.0,2.6,8.6,0.47,0.28,0.75,0.47,0.56,0.24,0.56,0.80,0.0,0.0,0.0,0.0,0.0,0.0,0.0,0.0,0.0,0.0,0.0,0.0,0.0,0.0,0.0,0.0,0.0,0.0,0.0,0.0,0.0,0.0,0.0,0.0,36,20,55.6,3.38,1.87,0.14,0.25,15.4,216,270,80.0,2709,555,138,156,88.5,48,62,77.4,8,10,80.0,15,12,8,0,29,263,6,0,3,3,2,0,0,1,37,3.47,37,3.47,21,0,7,5,4,0,5,0.47,2,0,1,1,1,0,3,1,1,2,0,1,9,11.1,8,8,1,7,3,6,8,0,10.7,418,5,24,172,227,72,418,27,16,59.3,11,40.7,315,1567,704,22,15,10,52,21,348,88,60000,3120000
Kelland Watts,DF,Newcastle Utd,19,1,0,17.0,0.2,0,0,0,0,0,0,0,0,0.0,0.0,0.0,0.0,0.00,0.00,0.00,0.00,0.00,0.00,0.00,0.00,0.0,0.0,0.0,0.0,0.0,0.0,0.0,0.0,0.0,0.0,0.0,0.0,0.0,0.0,0.0,0.0,0.0,0.0,0.0,0.0,0.0,0.0,0.0,0.0,0,0,,0.00,0.00,,,,1,3,33.3,14,0,1,1,100.0,0,0,,0,2,0.0,0,0,0,0,0,3,0,0,0,0,0,0,0,0,0,0.00,0,0.00,0,0,0,0,0,0,0,0.00,0,0,0,0,0,0,1,0,1,0,0,1,1,100.0,0,0,0,0,0,1,0,0,0.2,4,1,4,0,0,0,4,0,0,,0,,3,14,3,0,0,0,0,0,2,0,0.0,0.0
Kenny McLean,MF,Norwich City,27,37,32,2968.0,33.0,1,1,2,1,0,0,5,0,1.4,1.4,2.6,4.0,0.03,0.03,0.06,0.03,0.04,0.08,0.04,0.12,0.0,0.0,0.0,0.0,0.0,0.0,0.0,0.0,0.0,0.0,0.0,0.0,0.0,0.0,0.0,0.0,0.0,0.0,0.0,0.0,0.0,0.0,0.0,0.0,30,10,33.3,0.91,0.30,0.03,0.10,21.6,1362,1760,77.4,21339,7602,736,850,86.6,443,542,81.7,117,228,51.3,24,158,16,3,173,1664,88,48,9,24,53,19,19,8,69,2.09,69,2.09,57,6,0,2,4,0,4,0.12,4,0,0,0,0,0,44,29,20,18,6,14,42,33.3,28,32,7,25,38,82,67,2,33.0,2107,116,554,1180,387,27,2107,44,31,70.5,13,29.5,1271,6189,3022,46,31,5,51,38,1444,73,10000,520000
Kepa Arrizabalaga,GK,Chelsea,24,33,33,2970.0,33.0,0,0,0,0,0,0,0,0,0.0,0.0,0.0,0.0,0.00,0.00,0.00,0.00,0.00,0.00,0.00,0.00,1.42,99,54,54.5,8,24.2,33.7,0.32,83,250,33.2,892,151,20.6,28.3,198,33.3,32.7,343,20,5.8,35,1.06,16.0,0,0,,0.00,0.00,,,,896,1095,81.8,21518,13302,159,159,100.0,538,546,98.5,199,383,52.0,0,2,0,0,0,839,251,52,0,2,0,1,0,5,0,0.00,0,0.00,0,0,0,0,0,0,0,0.00,0,0,0,0,0,0,1,1,1,0,0,1,2,50.0,1,0,0,0,1,2,7,2,33.0,1138,970,1132,6,0,0,1138,0,0,,0,,672,3073,1902,0,0,0,1,0,644,0,152692,7940000
Kevin Danso,DF,Southampton,20,6,3,277.0,3.1,0,1,1,0,0,0,2,1,0.1,0.1,0.2,0.3,0.00,0.32,0.32,0.00,0.02,0.08,0.02,0.10,0.0,0.0,0.0,0.0,0.0,0.0,0.0,0.0,0.0,0.0,0.0,0.0,0.0,0.0,0.0,0.0,0.0,0.0,0.0,0.0,0.0,0.0,0.0,0.0,1,0,0.0,0.32,0.00,0.00,,10.5,116,167,69.5,1850,752,66,80,82.5,39,60,65.0,10,21,47.6,2,12,1,0,12,134,33,1,0,1,4,32,0,0,3,0.97,3,0.97,3,0,0,0,0,0,0,0.00,0,0,0,0,0,0,6,4,3,3,0,4,7,57.1,3,7,3,4,2,8,7,0,3.1,203,12,46,116,43,2,203,7,3,42.9,4,57.1,88,556,287,6,4,0,4,1,109,4,14808,770000
Kevin De Bruyne,MF,Manchester City,28,35,32,2791.0,31.0,13,20,33,11,2,2,3,0,7.3,5.8,20.0,25.8,0.42,0.64,1.06,0.35,0.24,0.65,0.19,0.83,0.0,0.0,0.0,0.0,0.0,0.0,0.0,0.0,0.0,0.0,0.0,0.0,0.0,0.0,0.0,0.0,0.0,0.0,0.0,0.0,0.0,0.0,0.0,0.0,97,29,29.9,3.13,0.94,0.11,0.38,21.8,1665,2261,73.6,29420,8949,799,932,85.7,592,781,75.8,210,372,56.5,136,159,111,16,280,1982,265,51,32,48,304,36,175,14,233,7.51,233,7.51,164,42,13,4,8,2,32,1.03,23,2,5,1,1,0,45,24,8,20,17,18,66,27.3,48,26,4,22,18,63,24,2,31.0,2595,39,194,1050,1376,150,2593,81,48,59.3,33,40.7,1785,8895,5181,139,114,44,47,31,1939,257,350000,18200000
Kevin Long,DF,Burnley,28,8,6,564.0,6.3,0,0,0,0,0,0,0,0,0.2,0.2,0.0,0.2,0.00,0.00,0.00,0.00,0.03,0.00,0.03,0.03,0.0,0.0,0.0,0.0,0.0,0.0,0.0,0.0,0.0,0.0,0.0,0.0,0.0,0.0,0.0,0.0,0.0,0.0,0.0,0.0,0.0,0.0,0.0,0.0,2,0,0.0,0.32,0.00,0.00,,11.9,149,201,74.1,2883,1037,57,72,79.2,69,82,84.1,20,37,54.1,0,5,0,0,8,199,2,1,0,1,0,1,0,0,1,0.16,1,0.16,0,0,0,1,0,0,0,0.00,0,0,0,0,0,0,7,5,6,1,0,4,9,44.4,5,9,7,2,4,11,31,0,6.3,257,30,148,108,3,3,257,1,1,100.0,0,0.0,114,420,117,0,0,0,1,0,122,0,23077,1200000
Ki Sung-yueng,MF,Newcastle Utd,30,3,1,137.0,1.5,0,0,0,0,0,0,0,0,0.0,0.0,0.1,0.1,0.00,0.00,0.00,0.00,0.00,0.05,0.00,0.05,0.0,0.0,0.0,0.0,0.0,0.0,0.0,0.0,0.0,0.0,0.0,0.0,0.0,0.0,0.0,0.0,0.0,0.0,0.0,0.0,0.0,0.0,0.0,0.0,0,0,,0.00,0.00,,,,63,71,88.7,1166,277,30,33,90.9,21,21,100.0,10,13,76.9,2,4,0,0,6,65,6,3,0,1,5,0,3,0,4,2.63,4,2.63,3,1,0,0,0,0,0,0.00,0,0,0,0,0,0,1,1,0,1,0,1,3,33.3,2,1,0,1,3,4,2,0,1.5,78,3,21,40,17,0,78,2,2,100.0,0,0.0,42,168,76,1,1,0,1,2,51,3,40000,2080000
Kieran Tierney,"DF,MF",Arsenal,22,15,12,989.0,11.0,1,1,2,1,0,0,2,0,0.2,0.2,1.0,1.2,0.09,0.09,0.18,0.09,0.02,0.09,0.02,0.11,0.0,0.0,0.0,0.0,0.0,0.0,0.0,0.0,0.0,0.0,0.0,0.0,0.0,0.0,0.0,0.0,0.0,0.0,0.0,0.0,0.0,0.0,0.0,0.0,6,2,33.3,0.55,0.18,0.17,0.50,20.6,426,571,74.6,7168,2283,210,237,88.6,178,236,75.4,34,66,51.5,6,21,10,7,34,478,90,7,0,2,44,83,0,3,12,1.09,12,1.09,10,1,1,0,0,0,3,0.27,2,1,0,0,0,0,20,16,13,6,1,11,15,73.3,4,10,4,6,9,29,37,1,11.0,676,40,227,261,196,14,676,15,12,80.0,3,20.0,355,1728,813,26,12,8,11,5,390,67,75000,3900000
Kieron Freeman,FW,Sheffield Utd,27,2,0,7.0,0.1,0,0,0,0,0,0,0,0,0.0,0.0,0.0,0.0,0.00,0.00,0.00,0.00,0.00,0.00,0.00,0.00,0.0,0.0,0.0,0.0,0.0,0.0,0.0,0.0,0.0,0.0,0.0,0.0,0.0,0.0,0.0,0.0,0.0,0.0,0.0,0.0,0.0,0.0,0.0,0.0,0,0,,0.00,0.00,,,,1,1,100.0,5,3,0,0,,0,0,,0,0,,0,0,0,0,0,1,0,0,0,0,0,0,0,0,0,0.00,0,0.00,0,0,0,0,0,0,0,0.00,0,0,0,0,0,0,0,0,0,0,0,0,0,,0,0,0,0,0,0,0,0,0.1,2,0,0,0,2,0,2,0,0,,0,,1,3,2,0,0,0,0,0,1,0,4423,230000
Kiko Femenía,DF,Watford,28,28,26,2237.0,24.9,0,0,0,0,0,0,5,0,0.1,0.1,1.4,1.5,0.00,0.00,0.00,0.00,0.01,0.06,0.01,0.06,0.0,0.0,0.0,0.0,0.0,0.0,0.0,0.0,0.0,0.0,0.0,0.0,0.0,0.0,0.0,0.0,0.0,0.0,0.0,0.0,0.0,0.0,0.0,0.0,5,1,20.0,0.20,0.04,0.00,0.00,27.2,988,1290,76.6,14191,5743,605,686,88.2,290,407,71.3,58,127,45.7,18,52,27,15,85,1008,281,13,0,10,69,267,1,1,37,1.49,37,1.49,29,5,2,0,1,0,4,0.16,0,2,1,0,1,0,68,38,49,17,2,43,80,53.8,37,16,2,14,36,104,49,0,24.9,1510,55,421,681,427,17,1510,32,19,59.4,13,40.6,743,3754,1993,49,36,4,21,11,754,81,20000,1040000
Kortney Hause,DF,Aston Villa,24,18,17,1545.0,17.2,1,0,1,1,0,0,3,0,2.5,2.5,0.5,2.9,0.06,0.00,0.06,0.06,0.14,0.03,0.14,0.17,0.0,0.0,0.0,0.0,0.0,0.0,0.0,0.0,0.0,0.0,0.0,0.0,0.0,0.0,0.0,0.0,0.0,0.0,0.0,0.0,0.0,0.0,0.0,0.0,20,3,15.0,1.17,0.17,0.05,0.33,8.3,607,825,73.6,11420,4829,248,303,81.8,275,323,85.1,77,163,47.2,2,44,1,0,46,785,36,14,1,8,0,22,0,4,8,0.47,8,0.47,7,0,0,1,0,0,1,0.06,0,0,0,1,0,0,21,9,15,5,1,8,15,53.3,7,27,19,8,20,41,98,4,17.2,1058,163,554,463,46,27,1058,13,9,69.2,4,30.8,520,3015,1655,8,4,0,13,7,559,4,8077,420000
Kurt Zouma,DF,Chelsea,24,28,25,2344.0,26.0,0,0,0,0,0,0,6,0,1.2,1.2,0.2,1.3,0.00,0.00,0.00,0.00,0.04,0.01,0.04,0.05,0.0,0.0,0.0,0.0,0.0,0.0,0.0,0.0,0.0,0.0,0.0,0.0,0.0,0.0,0.0,0.0,0.0,0.0,0.0,0.0,0.0,0.0,0.0,0.0,15,5,33.3,0.58,0.19,0.00,0.00,11.4,1844,2087,88.4,36857,11195,548,618,88.7,1068,1132,94.3,209,297,70.4,1,97,1,0,108,2049,35,31,0,31,0,4,0,3,15,0.58,15,0.58,13,0,0,1,1,0,1,0.04,1,0,0,0,0,0,23,14,17,6,0,9,16,56.3,7,22,14,8,58,81,116,2,26.0,2361,243,1136,1184,53,25,2361,12,8,66.7,4,33.3,1564,7667,4187,16,12,0,12,5,1712,2,45962,2390000
Kyle Walker,DF,Manchester City,29,29,28,2392.0,26.6,1,4,5,1,0,0,5,0,1.2,1.2,1.5,2.7,0.04,0.15,0.19,0.04,0.05,0.06,0.05,0.10,0.0,0.0,0.0,0.0,0.0,0.0,0.0,0.0,0.0,0.0,0.0,0.0,0.0,0.0,0.0,0.0,0.0,0.0,0.0,0.0,0.0,0.0,0.0,0.0,14,3,21.4,0.53,0.11,0.07,0.33,25.0,1901,2187,86.9,33234,7080,879,938,93.7,771,868,88.8,199,262,76.0,18,203,24,8,194,1964,218,28,1,42,54,189,1,5,53,1.99,53,1.99,43,2,5,0,2,1,6,0.23,6,0,0,0,0,0,28,18,12,15,1,12,29,41.4,17,15,6,9,28,56,42,1,26.6,2372,59,434,1385,575,33,2372,31,23,74.2,8,25.8,1577,8964,4770,107,92,12,22,15,1721,121,110000,5720000
Kyle Walker-Peters,DF,Tottenham,22,3,3,241.0,2.7,0,0,0,0,0,0,0,0,0.0,0.0,0.1,0.1,0.00,0.00,0.00,0.00,0.01,0.03,0.01,0.04,0.0,0.0,0.0,0.0,0.0,0.0,0.0,0.0,0.0,0.0,0.0,0.0,0.0,0.0,0.0,0.0,0.0,0.0,0.0,0.0,0.0,0.0,0.0,0.0,2,0,0.0,0.26,0.00,0.00,,15.6,339,450,75.3,5141,1478,192,222,86.5,120,158,75.9,18,42,42.9,4,21,9,0,18,348,101,10,0,0,11,91,0,1,7,0.90,7,0.90,6,0,0,1,0,0,1,0.13,0,0,0,1,0,0,13,8,5,6,2,6,16,37.5,10,10,3,7,14,27,21,1,7.8,530,29,145,260,130,10,530,19,17,89.5,2,10.5,278,1961,1106,26,20,6,9,6,282,25,20000,1040000
Kyle Walker-Peters,DF,Southampton,22,10,7,703.0,7.8,0,0,0,0,0,0,1,0,0.1,0.1,0.6,0.7,0.00,0.00,0.00,0.00,0.01,0.08,0.01,0.10,0.0,0.0,0.0,0.0,0.0,0.0,0.0,0.0,0.0,0.0,0.0,0.0,0.0,0.0,0.0,0.0,0.0,0.0,0.0,0.0,0.0,0.0,0.0,0.0,2,0,0.0,0.26,0.00,0.00,,15.6,339,450,75.3,5141,1478,192,222,86.5,120,158,75.9,18,42,42.9,4,21,9,0,18,348,101,10,0,0,11,91,0,1,7,0.90,7,0.90,6,0,0,1,0,0,1,0.13,0,0,0,1,0,0,13,8,5,6,2,6,16,37.5,10,10,3,7,14,27,21,1,7.8,530,29,145,260,130,10,530,19,17,89.5,2,10.5,278,1961,1106,26,20,6,9,6,282,25,20000,1040000
Leander Dendoncker,"MF,DF",Wolves,24,38,32,2795.0,31.1,4,0,4,4,0,0,5,0,1.8,1.8,0.7,2.5,0.13,0.00,0.13,0.13,0.06,0.02,0.06,0.08,0.0,0.0,0.0,0.0,0.0,0.0,0.0,0.0,0.0,0.0,0.0,0.0,0.0,0.0,0.0,0.0,0.0,0.0,0.0,0.0,0.0,0.0,0.0,0.0,20,5,25.0,0.64,0.16,0.20,0.80,14.7,1108,1339,82.7,19473,4802,461,552,83.5,501,568,88.2,104,124,83.9,9,46,3,1,68,1317,17,14,0,11,8,3,0,5,23,0.74,23,0.74,21,0,0,1,0,1,1,0.03,1,0,0,0,0,0,68,31,41,19,8,28,67,41.8,39,39,12,27,38,106,64,2,31.1,1640,104,558,889,196,38,1640,21,16,76.2,5,23.8,767,3409,1941,17,18,1,31,11,1026,39,37885,1970000
Leandro Trossard,"FW,MF",Brighton,24,31,22,2011.0,22.3,5,3,8,5,0,0,0,0,5.0,5.0,3.9,9.0,0.22,0.13,0.36,0.22,0.23,0.18,0.23,0.40,0.0,0.0,0.0,0.0,0.0,0.0,0.0,0.0,0.0,0.0,0.0,0.0,0.0,0.0,0.0,0.0,0.0,0.0,0.0,0.0,0.0,0.0,0.0,0.0,41,11,26.8,1.83,0.49,0.12,0.45,16.0,562,802,70.1,9853,2867,265,337,78.6,214,290,73.8,65,105,61.9,42,51,30,4,95,754,45,17,2,14,75,14,12,3,90,4.03,90,4.03,65,11,7,4,3,0,9,0.40,5,2,1,1,0,0,22,17,7,12,3,6,38,15.8,32,16,1,15,9,31,8,0,22.3,1026,15,108,392,543,94,1026,53,29,54.7,24,45.3,690,4417,2044,68,39,26,51,33,753,228,40000,2080000
Leighton Baines,DF,Everton,34,8,4,404.0,4.5,0,0,0,0,0,0,0,0,0.1,0.1,0.8,0.9,0.00,0.00,0.00,0.00,0.01,0.18,0.01,0.20,0.0,0.0,0.0,0.0,0.0,0.0,0.0,0.0,0.0,0.0,0.0,0.0,0.0,0.0,0.0,0.0,0.0,0.0,0.0,0.0,0.0,0.0,0.0,0.0,1,0,0.0,0.22,0.00,0.00,,31.0,176,218,80.7,2671,991,106,113,93.8,54,65,83.1,13,26,50.0,7,7,5,4,10,165,51,6,0,0,27,34,11,2,15,3.34,15,3.34,9,5,0,0,1,0,0,0.00,0,0,0,0,0,0,10,6,6,2,2,8,10,80.0,2,5,2,3,5,15,14,0,4.5,264,20,64,100,102,1,264,4,2,50.0,2,50.0,118,446,248,12,7,1,3,2,147,18,65000,3380000
Leon Clarke,"FW,MF",Sheffield Utd,34,2,0,35.0,0.4,0,0,0,0,0,0,0,0,0.5,0.5,0.0,0.5,0.00,0.00,0.00,0.00,1.19,0.00,1.19,1.19,0.0,0.0,0.0,0.0,0.0,0.0,0.0,0.0,0.0,0.0,0.0,0.0,0.0,0.0,0.0,0.0,0.0,0.0,0.0,0.0,0.0,0.0,0.0,0.0,1,0,0.0,2.57,0.00,0.00,,9.6,4,6,66.7,51,7,3,5,60.0,1,1,100.0,0,0,,0,0,0,0,0,6,0,0,0,0,0,0,0,0,0,0.00,0,0.00,0,0,0,0,0,0,0,0.00,0,0,0,0,0,0,0,0,0,0,0,0,0,,0,0,0,0,0,0,2,0,0.4,10,2,4,2,4,2,10,0,0,,0,,2,0,0,0,0,0,1,0,7,2,9038,470000
Leroy Sané,FW,Manchester City,23,1,0,12.0,0.1,0,0,0,0,0,0,0,0,0.1,0.1,0.0,0.1,0.00,0.00,0.00,0.00,0.86,0.00,0.86,0.86,0.0,0.0,0.0,0.0,0.0,0.0,0.0,0.0,0.0,0.0,0.0,0.0,0.0,0.0,0.0,0.0,0.0,0.0,0.0,0.0,0.0,0.0,0.0,0.0,2,0,0.0,15.00,0.00,0.00,,26.5,6,7,85.7,92,21,3,4,75.0,3,3,100.0,0,0,,0,0,0,0,1,7,0,0,0,0,0,0,0,0,1,7.50,1,7.50,1,0,0,0,0,0,0,0.00,0,0,0,0,0,0,0,0,0,0,0,0,0,,0,0,0,0,0,0,0,0,0.1,9,0,0,2,7,1,9,0,0,,0,,7,39,19,2,1,1,0,0,8,4,95000,4940000
Lewis Cook,"MF,FW",Bournemouth,22,27,14,1352.0,15.0,0,0,0,0,0,0,5,0,0.3,0.3,0.5,0.8,0.00,0.00,0.00,0.00,0.02,0.03,0.02,0.05,0.0,0.0,0.0,0.0,0.0,0.0,0.0,0.0,0.0,0.0,0.0,0.0,0.0,0.0,0.0,0.0,0.0,0.0,0.0,0.0,0.0,0.0,0.0,0.0,9,2,22.2,0.60,0.13,0.00,0.00,25.3,572,739,77.4,10075,3152,274,321,85.4,219,261,83.9,70,109,64.2,11,66,10,1,80,713,20,11,5,3,8,5,2,6,41,2.73,41,2.73,31,2,0,5,2,1,2,0.13,0,0,0,1,1,0,27,14,15,9,3,10,47,21.3,37,17,5,12,17,44,17,1,15.0,894,36,193,498,212,9,894,38,24,63.2,14,36.8,579,2713,1146,18,16,3,26,19,599,31,35000,1820000
Lewis Dunk,DF,Brighton,27,36,36,3230.0,35.9,3,3,6,3,0,0,9,0,4.5,4.5,1.5,6.0,0.08,0.08,0.17,0.08,0.13,0.04,0.13,0.17,0.0,0.0,0.0,0.0,0.0,0.0,0.0,0.0,0.0,0.0,0.0,0.0,0.0,0.0,0.0,0.0,0.0,0.0,0.0,0.0,0.0,0.0,0.0,0.0,31,10,32.3,0.86,0.28,0.10,0.30,11.8,1991,2298,86.6,41568,14759,569,624,91.2,1157,1214,95.3,255,427,59.7,14,127,4,0,110,2172,117,80,1,45,1,37,0,9,34,0.95,34,0.95,28,2,0,2,1,1,3,0.08,3,0,0,0,0,0,40,24,23,17,0,15,34,44.1,19,55,33,22,55,95,125,2,35.9,2655,408,1487,1086,99,48,2655,7,5,71.4,2,28.6,1506,8106,4367,18,16,1,15,8,1760,5,45000,2340000
Lloyd Kelly,DF,Bournemouth,20,8,7,639.0,7.1,0,0,0,0,0,0,2,0,0.0,0.0,0.3,0.3,0.00,0.00,0.00,0.00,0.00,0.04,0.00,0.05,0.0,0.0,0.0,0.0,0.0,0.0,0.0,0.0,0.0,0.0,0.0,0.0,0.0,0.0,0.0,0.0,0.0,0.0,0.0,0.0,0.0,0.0,0.0,0.0,1,0,0.0,0.14,0.00,0.00,,21.6,178,241,73.9,3484,1346,57,68,83.8,96,117,82.1,21,44,47.7,2,8,0,0,9,203,37,4,0,0,6,33,0,1,6,0.85,6,0.85,4,1,0,1,0,0,1,0.14,1,0,0,0,0,0,7,3,3,4,0,6,7,85.7,1,9,5,4,6,13,15,1,7.1,294,40,149,96,52,6,294,2,2,100.0,0,0.0,139,663,328,6,2,0,5,3,133,9,30000,1560000
Lucas Digne,DF,Everton,26,35,35,3030.0,33.7,0,7,7,0,0,0,6,0,1.5,1.5,6.3,7.7,0.00,0.21,0.21,0.00,0.04,0.19,0.04,0.23,0.0,0.0,0.0,0.0,0.0,0.0,0.0,0.0,0.0,0.0,0.0,0.0,0.0,0.0,0.0,0.0,0.0,0.0,0.0,0.0,0.0,0.0,0.0,0.0,29,4,13.8,0.86,0.12,0.00,0.00,24.4,1371,2020,67.9,22556,9553,728,885,82.3,453,659,68.7,148,328,45.1,72,94,43,28,134,1472,541,64,2,13,270,369,108,7,125,3.71,125,3.71,74,41,2,3,4,1,10,0.30,8,2,0,0,0,0,73,49,49,19,5,33,68,48.5,35,39,10,29,42,115,108,0,33.7,2376,99,631,921,842,52,2376,36,23,63.9,13,36.1,1009,4362,2418,69,54,6,28,24,1112,251,90000,4680000
Lucas Moura,"FW,MF",Tottenham,26,35,25,2242.0,24.9,4,4,8,4,0,0,3,0,5.6,5.6,3.2,8.8,0.16,0.16,0.32,0.16,0.23,0.13,0.23,0.36,0.0,0.0,0.0,0.0,0.0,0.0,0.0,0.0,0.0,0.0,0.0,0.0,0.0,0.0,0.0,0.0,0.0,0.0,0.0,0.0,0.0,0.0,0.0,0.0,56,14,25.0,2.25,0.56,0.07,0.29,17.5,575,802,71.7,7257,2049,379,457,82.9,141,214,65.9,17,37,45.9,34,41,32,1,69,779,20,7,9,1,21,5,4,3,90,3.61,90,3.61,61,0,13,4,10,2,9,0.36,4,0,4,0,0,1,57,33,25,22,10,16,58,27.6,42,29,2,27,15,72,27,0,24.9,1175,29,135,570,497,78,1175,109,72,66.1,37,33.9,794,4916,2418,79,63,22,60,74,827,140,80000,4160000
Lucas Torreira,MF,Arsenal,23,29,17,1512.0,16.8,1,1,2,1,0,0,7,0,1.4,1.4,0.8,2.2,0.06,0.06,0.12,0.06,0.08,0.05,0.08,0.13,0.0,0.0,0.0,0.0,0.0,0.0,0.0,0.0,0.0,0.0,0.0,0.0,0.0,0.0,0.0,0.0,0.0,0.0,0.0,0.0,0.0,0.0,0.0,0.0,21,6,28.6,1.25,0.36,0.05,0.17,18.8,798,919,86.8,14097,3578,314,348,90.2,400,439,91.1,59,82,72.0,15,52,5,0,83,884,33,19,2,4,12,2,12,2,34,2.02,34,2.02,26,3,2,2,1,0,2,0.12,2,0,0,0,0,0,31,16,11,15,5,16,39,41.0,23,24,8,16,34,65,24,0,16.8,1094,55,286,629,188,25,1094,23,17,73.9,6,26.1,605,3024,1280,13,14,3,18,9,719,20,75000,3900000
Luka Milivojević,MF,Crystal Palace,28,31,28,2513.0,27.9,3,1,4,1,2,2,12,0,2.7,1.2,2.1,3.3,0.11,0.04,0.14,0.04,0.10,0.08,0.04,0.12,0.0,0.0,0.0,0.0,0.0,0.0,0.0,0.0,0.0,0.0,0.0,0.0,0.0,0.0,0.0,0.0,0.0,0.0,0.0,0.0,0.0,0.0,0.0,0.0,29,7,24.1,1.04,0.25,0.03,0.14,28.4,1213,1585,76.5,23111,8399,481,554,86.8,520,601,86.5,179,361,49.6,29,124,9,0,127,1325,258,147,3,12,144,6,99,2,59,2.11,59,2.11,27,27,0,2,0,3,4,0.14,3,1,0,0,0,0,61,32,32,25,4,35,84,41.7,49,30,7,23,42,103,39,4,27.9,1844,92,494,1022,345,9,1842,11,7,63.6,4,36.4,829,3821,1748,7,15,2,24,13,1000,11,55000,2860000
Lukas Rupp,"FW,MF",Norwich City,28,12,8,695.0,7.7,0,0,0,0,0,0,1,0,0.9,0.9,0.9,1.7,0.00,0.00,0.00,0.00,0.11,0.11,0.11,0.22,0.0,0.0,0.0,0.0,0.0,0.0,0.0,0.0,0.0,0.0,0.0,0.0,0.0,0.0,0.0,0.0,0.0,0.0,0.0,0.0,0.0,0.0,0.0,0.0,4,2,50.0,0.52,0.26,0.00,0.00,17.7,205,272,75.4,2596,643,132,154,85.7,49,68,72.1,8,17,47.1,8,11,3,0,18,264,8,2,2,0,3,4,0,0,15,1.94,15,1.94,12,1,0,1,1,0,0,0.00,0,0,0,0,0,0,15,9,7,5,3,5,17,29.4,12,11,0,11,15,30,4,0,7.7,352,22,88,182,85,13,352,6,4,66.7,2,33.3,196,793,233,3,5,1,15,18,218,23,32500,1690000
Luke Freeman,MF,Sheffield Utd,27,11,3,366.0,4.1,0,0,0,0,0,0,2,0,0.1,0.1,0.2,0.2,0.00,0.00,0.00,0.00,0.02,0.04,0.02,0.06,0.0,0.0,0.0,0.0,0.0,0.0,0.0,0.0,0.0,0.0,0.0,0.0,0.0,0.0,0.0,0.0,0.0,0.0,0.0,0.0,0.0,0.0,0.0,0.0,3,0,0.0,0.74,0.00,0.00,,29.5,112,148,75.7,1479,478,72,80,90.0,26,34,76.5,7,16,43.8,3,11,6,3,20,141,7,0,1,1,15,0,7,0,7,1.72,7,1.72,5,0,0,0,2,0,0,0.00,0,0,0,0,0,0,6,4,2,2,2,2,8,25.0,6,1,0,1,10,16,6,0,4.1,202,6,27,72,108,4,202,12,8,66.7,4,33.3,117,666,347,14,11,1,11,13,128,23,10000,520000
Luke Shaw,DF,Manchester Utd,24,24,20,1733.0,19.3,0,0,0,0,0,0,7,0,0.7,0.7,1.4,2.1,0.00,0.00,0.00,0.00,0.03,0.07,0.03,0.11,0.0,0.0,0.0,0.0,0.0,0.0,0.0,0.0,0.0,0.0,0.0,0.0,0.0,0.0,0.0,0.0,0.0,0.0,0.0,0.0,0.0,0.0,0.0,0.0,11,5,45.5,0.57,0.26,0.00,0.00,18.2,1125,1317,85.4,15075,5222,716,783,91.4,348,406,85.7,26,63,41.3,20,73,25,5,122,1160,156,17,1,1,38,135,4,1,47,2.44,47,2.44,36,4,3,1,2,1,2,0.10,2,0,0,0,0,0,34,18,19,11,4,19,33,57.6,14,26,6,20,24,58,56,1,19.3,1508,75,417,674,428,34,1508,31,22,71.0,9,29.0,788,4361,2649,60,47,8,15,3,976,103,150000,7800000
Luke Thomas,"MF,DF",Leicester City,18,3,3,267.0,3.0,0,1,1,0,0,0,0,0,0.0,0.0,0.6,0.6,0.00,0.34,0.34,0.00,0.00,0.21,0.00,0.21,0.0,0.0,0.0,0.0,0.0,0.0,0.0,0.0,0.0,0.0,0.0,0.0,0.0,0.0,0.0,0.0,0.0,0.0,0.0,0.0,0.0,0.0,0.0,0.0,0,0,,0.00,0.00,,,,154,196,78.6,2412,729,86,99,86.9,52,69,75.4,14,20,70.0,10,10,9,8,13,166,30,3,0,1,16,27,0,0,14,4.72,14,4.72,14,0,0,0,0,0,1,0.34,1,0,0,0,0,0,1,0,0,1,0,0,3,0.0,3,2,0,2,3,4,7,0,3.0,223,5,38,106,82,5,223,3,3,100.0,0,0.0,116,488,219,6,2,2,7,3,149,16,0.0,0.0
Lys Mousset,FW,Sheffield Utd,23,30,11,1240.0,13.8,6,4,10,6,0,0,1,0,5.5,5.5,3.2,8.8,0.44,0.29,0.73,0.44,0.40,0.23,0.40,0.64,0.0,0.0,0.0,0.0,0.0,0.0,0.0,0.0,0.0,0.0,0.0,0.0,0.0,0.0,0.0,0.0,0.0,0.0,0.0,0.0,0.0,0.0,0.0,0.0,37,9,24.3,2.69,0.65,0.16,0.67,16.2,170,246,69.1,2052,298,118,148,79.7,43,57,75.4,3,7,42.9,12,8,5,1,13,231,14,0,1,0,4,1,0,1,29,2.10,29,2.10,15,0,7,4,2,1,4,0.29,3,0,0,1,0,0,9,5,0,5,4,3,7,42.9,4,3,0,3,4,13,2,0,13.8,426,3,18,175,235,77,426,41,28,68.3,13,31.7,260,1452,674,30,20,17,51,38,315,93,25000,1300000
Mamadou Sakho,DF,Crystal Palace,29,14,11,931.0,10.3,0,0,0,0,0,0,1,1,0.0,0.0,0.1,0.1,0.00,0.00,0.00,0.00,0.00,0.01,0.00,0.01,0.0,0.0,0.0,0.0,0.0,0.0,0.0,0.0,0.0,0.0,0.0,0.0,0.0,0.0,0.0,0.0,0.0,0.0,0.0,0.0,0.0,0.0,0.0,0.0,0,0,,0.00,0.00,,,,472,539,87.6,8874,3833,176,192,91.7,241,268,89.9,47,63,74.6,1,28,1,0,26,523,15,15,0,3,0,0,0,1,3,0.29,3,0.29,3,0,0,0,0,0,0,0.00,0,0,0,0,0,0,7,5,5,1,1,2,5,40.0,3,12,5,7,20,27,46,2,10.3,641,92,368,271,9,3,641,5,4,80.0,1,20.0,357,1518,730,1,2,0,6,5,400,2,100000,5200000
Manuel Lanzini,"MF,FW",West Ham,26,24,14,1379.0,15.3,0,2,2,0,0,0,1,0,2.2,2.2,2.2,4.4,0.00,0.13,0.13,0.00,0.14,0.15,0.14,0.29,0.0,0.0,0.0,0.0,0.0,0.0,0.0,0.0,0.0,0.0,0.0,0.0,0.0,0.0,0.0,0.0,0.0,0.0,0.0,0.0,0.0,0.0,0.0,0.0,23,7,30.4,1.50,0.46,0.00,0.00,19.0,674,806,83.6,10014,2796,385,431,89.3,201,231,87.0,50,82,61.0,31,79,12,2,77,738,64,20,5,3,43,3,33,4,64,4.19,64,4.19,41,13,4,1,4,1,5,0.33,2,0,1,0,2,0,14,9,6,6,2,7,39,17.9,32,9,1,8,10,24,3,0,15.3,933,10,93,540,314,31,933,48,33,68.8,15,31.3,599,3612,1661,46,35,9,30,16,699,59,70000,3640000
Marc Albrighton,"MF,DF",Leicester City,29,20,9,867.0,9.6,0,3,3,0,0,0,2,0,0.4,0.4,2.2,2.6,0.00,0.31,0.31,0.00,0.04,0.22,0.04,0.27,0.0,0.0,0.0,0.0,0.0,0.0,0.0,0.0,0.0,0.0,0.0,0.0,0.0,0.0,0.0,0.0,0.0,0.0,0.0,0.0,0.0,0.0,0.0,0.0,10,2,20.0,1.04,0.21,0.00,0.00,20.7,339,499,67.9,5532,2035,179,216,82.9,110,145,75.9,36,97,37.1,19,39,21,8,45,464,35,2,3,5,69,23,10,0,27,2.80,27,2.80,23,2,1,1,0,0,5,0.52,5,0,0,0,0,0,24,17,10,13,1,9,30,30.0,21,19,2,17,10,34,8,0,9.6,618,12,102,245,284,20,618,33,14,42.4,19,57.6,393,1968,822,20,19,4,12,9,423,94,45000,2340000
Marco Stiepermann,MF,Norwich City,28,24,14,1180.0,13.1,0,0,0,0,0,0,6,0,1.5,1.5,0.8,2.3,0.00,0.00,0.00,0.00,0.11,0.06,0.11,0.18,0.0,0.0,0.0,0.0,0.0,0.0,0.0,0.0,0.0,0.0,0.0,0.0,0.0,0.0,0.0,0.0,0.0,0.0,0.0,0.0,0.0,0.0,0.0,0.0,19,6,31.6,1.45,0.46,0.00,0.00,17.3,290,413,70.2,3532,1115,185,233,79.4,62,87,71.3,13,27,48.1,12,34,8,0,46,390,21,0,5,1,6,1,0,2,32,2.44,32,2.44,28,0,2,1,1,0,3,0.23,3,0,0,0,0,0,20,8,8,9,3,5,21,23.8,16,11,3,8,5,25,16,0,13.1,561,28,84,270,212,39,561,29,17,58.6,12,41.4,358,1894,995,35,27,8,26,21,413,52,17500,910000
Marcos Alonso,DF,Chelsea,28,18,15,1430.0,15.9,4,2,6,4,0,0,4,0,2.6,2.6,2.6,5.2,0.25,0.13,0.38,0.25,0.16,0.17,0.16,0.33,0.0,0.0,0.0,0.0,0.0,0.0,0.0,0.0,0.0,0.0,0.0,0.0,0.0,0.0,0.0,0.0,0.0,0.0,0.0,0.0,0.0,0.0,0.0,0.0,30,8,26.7,1.89,0.50,0.13,0.50,16.5,916,1136,80.6,13962,4089,496,565,87.8,347,413,84.0,47,96,49.0,25,39,29,14,69,966,168,7,1,3,66,160,1,2,49,3.08,49,3.08,37,5,1,3,3,0,6,0.38,4,0,0,0,2,0,28,16,20,6,2,14,33,42.4,19,18,2,16,20,48,32,0,15.9,1341,27,335,536,477,59,1341,19,12,63.2,7,36.8,787,4088,2269,62,42,6,33,10,833,155,100000,5200000
Marcos Rojo,DF,Manchester Utd,29,3,1,122.0,1.4,0,0,0,0,0,0,1,0,0.2,0.2,0.0,0.2,0.00,0.00,0.00,0.00,0.15,0.00,0.15,0.15,0.0,0.0,0.0,0.0,0.0,0.0,0.0,0.0,0.0,0.0,0.0,0.0,0.0,0.0,0.0,0.0,0.0,0.0,0.0,0.0,0.0,0.0,0.0,0.0,1,0,0.0,0.74,0.00,0.00,,6.7,40,60,66.7,693,320,16,18,88.9,21,29,72.4,2,10,20.0,0,2,0,0,6,48,12,1,0,1,3,11,0,0,0,0.00,0,0.00,0,0,0,0,0,0,0,0.00,0,0,0,0,0,0,3,1,2,1,0,1,2,50.0,1,2,1,1,0,3,6,0,1.4,74,8,25,37,12,2,74,1,0,0.0,1,100.0,33,137,70,0,1,0,0,0,41,1,110000,5720000
Marcus Rashford,FW,Manchester Utd,21,31,31,2643.0,29.4,17,7,24,11,6,8,3,0,19.2,12.9,5.0,17.9,0.58,0.24,0.82,0.37,0.65,0.17,0.44,0.61,0.0,0.0,0.0,0.0,0.0,0.0,0.0,0.0,0.0,0.0,0.0,0.0,0.0,0.0,0.0,0.0,0.0,0.0,0.0,0.0,0.0,0.0,0.0,0.0,87,37,42.5,2.96,1.26,0.13,0.30,19.7,745,989,75.3,10954,2747,421,527,79.9,228,276,82.6,49,88,55.7,33,48,61,3,124,960,25,3,10,10,33,11,8,4,95,3.23,95,3.23,66,2,13,4,10,0,19,0.65,12,0,3,0,4,0,13,9,1,6,6,9,23,39.1,14,23,0,23,10,23,19,0,29.4,1344,21,75,463,823,152,1336,122,60,49.2,62,50.8,802,5659,3008,105,80,49,66,34,1077,250,200000,10400000
Mario Vrančić,MF,Norwich City,30,20,6,636.0,7.1,1,0,1,1,0,0,3,0,1.5,1.5,0.9,2.4,0.14,0.00,0.14,0.14,0.21,0.13,0.21,0.34,0.0,0.0,0.0,0.0,0.0,0.0,0.0,0.0,0.0,0.0,0.0,0.0,0.0,0.0,0.0,0.0,0.0,0.0,0.0,0.0,0.0,0.0,0.0,0.0,14,3,21.4,1.98,0.42,0.07,0.33,19.2,356,463,76.9,5530,1826,188,212,88.7,125,157,79.6,23,59,39.0,7,44,7,0,62,445,15,12,3,2,6,2,1,3,21,2.97,21,2.97,15,0,0,4,2,0,0,0.00,0,0,0,0,0,0,27,16,14,11,2,16,27,59.3,11,9,0,9,10,37,4,2,7.1,551,11,126,321,107,9,551,8,5,62.5,3,37.5,335,1779,1052,17,7,2,9,10,379,14,20000,1040000
Mark Noble,MF,West Ham,32,33,32,2674.0,29.7,4,3,7,1,3,3,5,0,2.9,0.6,3.1,3.6,0.13,0.10,0.24,0.03,0.10,0.10,0.02,0.12,0.0,0.0,0.0,0.0,0.0,0.0,0.0,0.0,0.0,0.0,0.0,0.0,0.0,0.0,0.0,0.0,0.0,0.0,0.0,0.0,0.0,0.0,0.0,0.0,14,3,21.4,0.47,0.10,0.07,0.33,25.8,1270,1565,81.2,23225,7008,545,626,87.1,528,619,85.3,162,234,69.2,43,138,27,7,198,1432,125,69,4,24,41,12,13,8,84,2.83,84,2.83,60,12,3,0,8,1,10,0.34,6,1,0,0,3,0,52,30,19,28,5,22,64,34.4,42,20,6,14,20,72,10,1,29.7,1774,31,295,1113,381,27,1771,35,25,71.4,10,28.6,1019,4646,1970,26,29,5,42,31,1192,53,50000,2600000
Mark Travers,GK,Bournemouth,20,1,1,90.0,1.0,0,0,0,0,0,0,0,0,0.0,0.0,0.0,0.0,0.00,0.00,0.00,0.00,0.00,0.00,0.00,0.00,3.00,5,2,40.0,0,0.0,1.9,0.39,2,9,22.2,23,5,21.7,29.2,7,57.1,43.4,12,0,0.0,1,1.00,13.3,0,0,,0.00,0.00,,,,20,30,66.7,449,301,7,7,100.0,9,10,90.0,4,13,30.8,0,0,0,0,0,22,8,1,0,0,0,0,0,0,0,0.00,0,0.00,0,0,0,0,0,0,0,0.00,0,0,0,0,0,0,0,0,0,0,0,0,0,,0,0,0,0,0,0,1,1,1.0,32,28,32,0,0,0,32,0,0,,0,,22,89,55,0,0,0,0,0,15,0,5000,260000
Martin Dúbravka,GK,Newcastle Utd,30,38,38,3420.0,38.0,0,0,0,0,0,0,0,0,0.0,0.0,0.0,0.0,0.00,0.00,0.00,0.00,0.00,0.00,0.00,0.00,1.53,195,139,71.3,11,28.9,63.0,0.32,288,750,38.4,749,119,60.7,42.0,340,86.8,58.3,686,21,3.1,26,0.68,11.6,0,0,,0.00,0.00,,,,609,1097,55.5,23225,19598,62,62,100.0,206,210,98.1,340,814,41.8,0,12,1,0,0,596,493,152,0,4,0,1,0,8,3,0.08,3,0.08,3,0,0,0,0,0,0,0.00,0,0,0,0,0,0,1,1,1,0,0,1,2,50.0,1,2,0,2,1,2,17,5,38.0,1198,1000,1192,6,0,0,1198,0,0,,0,,508,3675,2574,0,0,0,3,0,331,0,38077,1980000
Martin Kelly,DF,Crystal Palace,29,19,17,1549.0,17.2,0,1,1,0,0,0,0,0,0.1,0.1,0.8,0.9,0.00,0.06,0.06,0.00,0.00,0.05,0.00,0.05,0.0,0.0,0.0,0.0,0.0,0.0,0.0,0.0,0.0,0.0,0.0,0.0,0.0,0.0,0.0,0.0,0.0,0.0,0.0,0.0,0.0,0.0,0.0,0.0,2,0,0.0,0.12,0.00,0.00,,20.4,500,710,70.4,8740,3988,228,283,80.6,216,289,74.7,48,109,44.0,6,31,8,6,35,576,132,14,0,2,20,118,0,2,10,0.58,10,0.58,9,1,0,0,0,0,1,0.06,1,0,0,0,0,0,23,18,19,4,0,14,31,45.2,17,18,10,8,16,39,86,1,17.2,885,97,400,399,88,6,885,10,5,50.0,5,50.0,332,1400,728,6,9,2,10,3,442,14,25000,1300000
Martín Montoya,"DF,MF",Brighton,28,27,23,1896.0,21.1,0,1,1,0,0,0,5,0,1.5,1.5,1.8,3.3,0.00,0.05,0.05,0.00,0.07,0.09,0.07,0.16,0.0,0.0,0.0,0.0,0.0,0.0,0.0,0.0,0.0,0.0,0.0,0.0,0.0,0.0,0.0,0.0,0.0,0.0,0.0,0.0,0.0,0.0,0.0,0.0,8,3,37.5,0.38,0.14,0.00,0.00,16.1,992,1278,77.6,16221,5125,540,636,84.9,370,458,80.8,75,125,60.0,21,51,33,12,91,1034,241,14,1,12,44,227,0,3,42,1.99,42,1.99,38,0,1,1,2,0,2,0.09,1,0,0,0,1,0,57,29,31,20,6,30,56,53.6,26,19,5,14,24,81,40,0,21.1,1512,64,412,669,447,35,1512,29,10,34.5,19,65.5,709,3945,2410,57,43,7,34,11,913,117,50000,2600000
Marvelous Nakamba,MF,Aston Villa,25,29,19,1836.0,20.4,0,0,0,0,0,0,5,0,0.2,0.2,0.5,0.7,0.00,0.00,0.00,0.00,0.01,0.03,0.01,0.03,0.0,0.0,0.0,0.0,0.0,0.0,0.0,0.0,0.0,0.0,0.0,0.0,0.0,0.0,0.0,0.0,0.0,0.0,0.0,0.0,0.0,0.0,0.0,0.0,7,1,14.3,0.34,0.05,0.00,0.00,29.6,663,793,83.6,10776,2708,332,376,88.3,274,308,89.0,43,69,62.3,12,48,4,0,57,768,23,18,0,5,4,5,0,2,23,1.13,23,1.13,22,1,0,0,0,0,1,0.05,1,0,0,0,0,0,55,28,28,20,7,24,67,35.8,43,50,11,39,39,94,38,3,20.4,1042,90,333,585,134,2,1042,19,14,73.7,5,26.3,478,2489,927,10,13,1,25,10,543,8,35000,1820000
Mason Greenwood,FW,Manchester Utd,17,31,12,1320.0,14.7,10,1,11,10,0,0,0,0,2.9,2.9,1.0,3.9,0.68,0.07,0.75,0.68,0.20,0.07,0.20,0.27,0.0,0.0,0.0,0.0,0.0,0.0,0.0,0.0,0.0,0.0,0.0,0.0,0.0,0.0,0.0,0.0,0.0,0.0,0.0,0.0,0.0,0.0,0.0,0.0,39,20,51.3,2.66,1.36,0.26,0.50,17.0,427,506,84.4,5924,1034,257,287,89.5,122,137,89.1,23,35,65.7,14,18,10,0,37,501,4,0,2,6,10,0,1,1,40,2.73,40,2.73,35,0,3,1,1,0,6,0.41,6,0,0,0,0,0,17,11,5,6,6,5,20,25.0,15,9,0,9,6,23,6,1,14.7,633,9,65,270,308,58,633,32,21,65.6,11,34.4,393,2156,1095,32,20,17,25,15,507,116,25000,1300000
Mason Holgate,DF,Everton,22,27,24,2054.0,22.8,0,3,3,0,0,0,5,0,1.7,1.7,0.7,2.4,0.00,0.13,0.13,0.00,0.08,0.03,0.08,0.10,0.0,0.0,0.0,0.0,0.0,0.0,0.0,0.0,0.0,0.0,0.0,0.0,0.0,0.0,0.0,0.0,0.0,0.0,0.0,0.0,0.0,0.0,0.0,0.0,11,5,45.5,0.48,0.22,0.00,0.00,15.0,902,1074,84.0,19078,6148,287,321,89.4,448,497,90.1,163,225,72.4,4,47,4,1,58,1028,44,28,2,17,2,12,0,2,21,0.92,21,0.92,14,0,1,5,1,0,6,0.26,4,0,0,2,0,0,44,26,30,13,1,21,31,67.7,10,26,13,13,34,78,97,0,22.8,1319,169,706,577,45,16,1319,12,10,83.3,2,16.7,767,4387,2522,18,12,1,8,6,790,4,25000,1300000
Mason Mount,"MF,FW",Chelsea,20,37,32,2867.0,31.9,7,5,12,7,0,0,3,0,6.4,6.4,5.4,11.8,0.22,0.16,0.38,0.22,0.20,0.17,0.20,0.37,0.0,0.0,0.0,0.0,0.0,0.0,0.0,0.0,0.0,0.0,0.0,0.0,0.0,0.0,0.0,0.0,0.0,0.0,0.0,0.0,0.0,0.0,0.0,0.0,78,29,37.2,2.45,0.91,0.09,0.24,20.6,1108,1394,79.5,14894,3978,689,767,89.8,254,326,77.9,65,131,49.6,51,101,34,5,138,1235,153,55,3,7,136,11,80,6,127,3.99,127,3.99,78,30,5,7,7,0,18,0.57,11,4,1,0,2,0,37,17,8,19,10,9,42,21.4,33,25,3,22,16,53,18,0,31.9,1735,24,142,762,850,123,1735,71,40,56.3,31,43.7,1094,6001,3053,101,83,22,80,53,1236,221,76923,4000000
Mateo Kovačić,MF,Chelsea,25,31,23,2073.0,23.0,1,3,4,1,0,0,8,0,0.9,0.9,1.8,2.7,0.04,0.13,0.17,0.04,0.04,0.08,0.04,0.12,0.0,0.0,0.0,0.0,0.0,0.0,0.0,0.0,0.0,0.0,0.0,0.0,0.0,0.0,0.0,0.0,0.0,0.0,0.0,0.0,0.0,0.0,0.0,0.0,21,5,23.8,0.91,0.22,0.05,0.20,20.3,1685,1889,89.2,28121,7315,824,882,93.4,635,700,90.7,161,210,76.7,27,180,22,1,215,1840,46,36,10,34,8,10,0,3,78,3.39,78,3.39,73,0,3,1,1,0,8,0.35,8,0,0,0,0,0,63,38,29,32,2,26,65,40.0,39,15,1,14,22,85,16,1,23.0,2107,30,359,1348,426,14,2107,90,77,85.6,13,14.4,1518,8911,4135,72,57,5,30,27,1671,31,106731,5550000
Mathew Ryan,GK,Brighton,27,38,38,3420.0,38.0,0,0,0,0,0,0,0,0,0.0,0.0,0.0,0.0,0.00,0.00,0.00,0.00,0.00,0.00,0.00,0.00,1.42,168,116,69.0,9,23.7,50.2,0.29,207,412,50.2,1201,255,25.3,29.0,274,39.4,33.4,526,20,3.8,26,0.68,13.7,0,0,,0.00,0.00,,,,1217,1482,82.1,31353,21007,263,265,99.2,597,607,98.4,350,592,59.1,0,10,1,0,0,1145,330,56,0,3,0,0,0,7,4,0.11,4,0.11,4,0,0,0,0,0,2,0.05,2,0,0,0,0,0,1,1,1,0,0,1,4,25.0,3,0,0,0,2,3,13,2,38.0,1563,1258,1557,6,0,0,1563,0,0,,0,,907,4733,2872,0,0,0,2,0,852,0,35000,1820000
Matt Doherty,"MF,DF",Wolves,27,36,32,2839.0,31.5,4,3,7,4,0,0,1,0,6.9,6.9,2.2,9.1,0.13,0.10,0.22,0.13,0.22,0.07,0.22,0.29,0.0,0.0,0.0,0.0,0.0,0.0,0.0,0.0,0.0,0.0,0.0,0.0,0.0,0.0,0.0,0.0,0.0,0.0,0.0,0.0,0.0,0.0,0.0,0.0,35,15,42.9,1.11,0.48,0.11,0.27,11.2,1392,1854,75.1,20176,8073,817,961,85.0,428,597,71.7,83,148,56.1,21,83,24,7,158,1518,333,3,1,11,45,330,0,3,63,2.00,63,2.00,44,1,6,10,2,0,14,0.44,6,0,3,4,1,0,55,29,34,17,4,27,41,65.9,14,34,4,30,40,95,52,1,31.5,2196,74,488,1088,632,89,2196,48,28,58.3,20,41.7,954,5061,3057,75,63,10,47,15,1332,155,10000,520000
Matt Ritchie,"DF,MF",Newcastle Utd,29,18,14,1315.0,14.6,2,1,3,2,0,1,4,0,1.7,0.9,2.3,3.2,0.14,0.07,0.21,0.14,0.12,0.16,0.06,0.22,0.0,0.0,0.0,0.0,0.0,0.0,0.0,0.0,0.0,0.0,0.0,0.0,0.0,0.0,0.0,0.0,0.0,0.0,0.0,0.0,0.0,0.0,0.0,0.0,25,7,28.0,1.71,0.48,0.08,0.29,24.4,480,701,68.5,7937,3062,244,273,89.4,150,214,70.1,55,149,36.9,32,36,15,7,52,543,155,25,0,9,99,73,57,3,56,3.83,56,3.83,22,29,1,2,2,0,3,0.21,2,0,1,0,0,0,22,15,9,10,3,3,15,20.0,12,20,5,15,14,36,31,1,14.6,855,41,210,364,290,14,854,14,8,57.1,6,42.9,425,2073,1072,23,23,2,20,7,466,43,45000,2340000
Matt Targett,"DF,MF",Aston Villa,23,28,27,2291.0,25.5,1,2,3,1,0,0,4,0,0.4,0.4,2.6,3.0,0.04,0.08,0.12,0.04,0.02,0.10,0.02,0.12,0.0,0.0,0.0,0.0,0.0,0.0,0.0,0.0,0.0,0.0,0.0,0.0,0.0,0.0,0.0,0.0,0.0,0.0,0.0,0.0,0.0,0.0,0.0,0.0,7,4,57.1,0.27,0.16,0.14,0.25,16.5,883,1229,71.8,14497,6305,485,543,89.3,305,421,72.4,75,193,38.9,26,76,27,11,115,988,236,30,3,12,81,196,10,5,60,2.36,60,2.36,48,8,0,1,1,2,5,0.20,4,0,0,1,0,0,52,29,37,11,4,22,53,41.5,31,28,8,20,56,108,82,0,25.5,1508,117,497,635,392,26,1508,21,8,38.1,13,61.9,641,2549,1376,22,29,5,16,14,770,81,35000,1820000
Matthew Longstaff,MF,Newcastle Utd,19,9,6,575.0,6.4,2,0,2,2,0,0,1,0,0.3,0.3,0.4,0.7,0.31,0.00,0.31,0.31,0.04,0.06,0.04,0.10,0.0,0.0,0.0,0.0,0.0,0.0,0.0,0.0,0.0,0.0,0.0,0.0,0.0,0.0,0.0,0.0,0.0,0.0,0.0,0.0,0.0,0.0,0.0,0.0,4,2,50.0,0.63,0.31,0.50,1.00,20.4,206,258,79.8,3126,654,112,125,89.6,67,83,80.7,13,23,56.5,3,13,5,1,17,254,3,2,1,2,2,0,0,1,8,1.25,8,1.25,8,0,0,0,0,0,1,0.16,1,0,0,0,0,0,3,1,2,1,0,3,14,21.4,11,4,1,3,5,8,3,0,6.4,293,8,65,186,43,5,293,4,3,75.0,1,25.0,161,573,207,4,2,2,4,7,192,2,769,40000
Matthew Lowton,DF,Burnley,30,17,17,1530.0,17.0,0,1,1,0,0,0,2,0,0.0,0.0,1.2,1.2,0.00,0.06,0.06,0.00,0.00,0.07,0.00,0.07,0.0,0.0,0.0,0.0,0.0,0.0,0.0,0.0,0.0,0.0,0.0,0.0,0.0,0.0,0.0,0.0,0.0,0.0,0.0,0.0,0.0,0.0,0.0,0.0,1,0,0.0,0.06,0.00,0.00,,24.4,509,755,67.4,8880,4036,253,288,87.8,196,282,69.5,52,155,33.5,11,48,18,8,64,588,162,8,2,6,45,154,0,5,28,1.65,28,1.65,21,2,1,1,2,1,1,0.06,1,0,0,0,0,0,41,22,20,18,3,22,33,66.7,11,20,6,14,27,68,57,1,17.0,946,78,254,480,216,7,946,15,9,60.0,6,40.0,381,1818,1077,17,15,1,13,2,443,42,25000,1300000
Matty James,MF,Leicester City,28,1,0,6.0,0.1,0,0,0,0,0,0,0,0,0.0,0.0,0.0,0.0,0.00,0.00,0.00,0.00,0.00,0.00,0.00,0.00,0.0,0.0,0.0,0.0,0.0,0.0,0.0,0.0,0.0,0.0,0.0,0.0,0.0,0.0,0.0,0.0,0.0,0.0,0.0,0.0,0.0,0.0,0.0,0.0,0,0,,0.00,0.00,,,,5,5,100.0,83,30,3,3,100.0,2,2,100.0,0,0,,0,0,0,0,1,5,0,0,0,0,0,0,0,0,0,0.00,0,0.00,0,0,0,0,0,0,0,0.00,0,0,0,0,0,0,0,0,0,0,0,0,0,,0,0,0,0,0,0,0,0,0.1,5,0,2,3,0,0,5,0,0,,0,,5,14,6,0,0,0,0,0,5,0,31923,1660000
Mattéo Guendouzi,MF,Arsenal,20,24,19,1748.0,19.4,0,1,1,0,0,0,6,0,0.8,0.8,1.1,1.9,0.00,0.05,0.05,0.00,0.04,0.06,0.04,0.10,0.0,0.0,0.0,0.0,0.0,0.0,0.0,0.0,0.0,0.0,0.0,0.0,0.0,0.0,0.0,0.0,0.0,0.0,0.0,0.0,0.0,0.0,0.0,0.0,11,5,45.5,0.57,0.26,0.00,0.00,22.2,1027,1170,87.8,18529,5467,430,467,92.1,448,483,92.8,120,144,83.3,12,141,20,1,160,1133,33,23,7,8,6,8,1,4,40,2.06,40,2.06,31,0,1,3,4,1,2,0.10,1,0,0,0,1,0,31,16,14,13,4,14,43,32.6,29,21,7,14,29,60,38,2,19.4,1385,70,351,785,270,18,1385,43,24,55.8,19,44.2,864,5825,3157,50,38,10,20,21,1013,27,40000,2080000
Matěj Vydra,FW,Burnley,27,19,7,819.0,9.1,2,1,3,2,0,0,0,0,3.8,3.8,1.0,4.8,0.22,0.11,0.33,0.22,0.41,0.11,0.41,0.52,0.0,0.0,0.0,0.0,0.0,0.0,0.0,0.0,0.0,0.0,0.0,0.0,0.0,0.0,0.0,0.0,0.0,0.0,0.0,0.0,0.0,0.0,0.0,0.0,18,10,55.6,1.98,1.10,0.11,0.20,13.1,102,140,72.9,927,135,68,84,81.0,11,22,50.0,0,1,0.0,8,2,0,0,4,139,1,0,2,0,3,1,0,0,22,2.42,22,2.42,14,0,4,1,3,0,3,0.33,1,0,2,0,0,0,4,3,0,3,1,3,6,50.0,3,7,3,4,1,5,6,0,9.1,231,9,18,83,131,38,231,18,6,33.3,12,66.7,126,664,304,13,8,8,19,7,166,52,35000,1820000
Max Aarons,DF,Norwich City,19,36,36,3240.0,36.0,0,1,1,0,0,0,7,0,0.6,0.6,3.9,4.5,0.00,0.03,0.03,0.00,0.02,0.11,0.02,0.12,0.0,0.0,0.0,0.0,0.0,0.0,0.0,0.0,0.0,0.0,0.0,0.0,0.0,0.0,0.0,0.0,0.0,0.0,0.0,0.0,0.0,0.0,0.0,0.0,14,4,28.6,0.39,0.11,0.00,0.00,17.2,1332,1711,77.8,17879,5691,880,982,89.6,351,469,74.8,49,121,40.5,23,55,28,12,78,1389,322,23,0,4,73,299,0,0,64,1.78,64,1.78,47,2,6,3,4,2,3,0.08,2,0,0,0,1,0,48,30,33,9,6,18,36,50.0,18,46,29,17,37,85,97,1,36.0,2144,159,763,868,536,43,2144,99,48,48.5,51,51.5,1259,7858,4066,92,61,21,54,31,1253,151,5000,260000
Max Kilman,DF,Wolves,22,3,2,185.0,2.1,0,0,0,0,0,0,0,0,0.0,0.0,0.0,0.0,0.00,0.00,0.00,0.00,0.00,0.00,0.00,0.00,0.0,0.0,0.0,0.0,0.0,0.0,0.0,0.0,0.0,0.0,0.0,0.0,0.0,0.0,0.0,0.0,0.0,0.0,0.0,0.0,0.0,0.0,0.0,0.0,0,0,,0.00,0.00,,,,78,102,76.5,1275,537,33,36,91.7,42,51,82.4,2,8,25.0,0,4,0,0,10,100,1,1,0,1,0,0,0,1,0,0.00,0,0.00,0,0,0,0,0,0,0,0.00,0,0,0,0,0,0,4,2,1,3,0,2,2,100.0,0,1,1,0,4,8,7,0,2.1,120,12,57,63,0,0,120,1,1,100.0,0,0.0,61,285,169,0,0,0,1,0,74,0,962,50000
Max Meyer,"MF,FW",Crystal Palace,23,17,6,655.0,7.3,0,0,0,0,0,0,1,0,0.5,0.5,0.2,0.7,0.00,0.00,0.00,0.00,0.07,0.03,0.07,0.10,0.0,0.0,0.0,0.0,0.0,0.0,0.0,0.0,0.0,0.0,0.0,0.0,0.0,0.0,0.0,0.0,0.0,0.0,0.0,0.0,0.0,0.0,0.0,0.0,9,2,22.2,1.24,0.27,0.00,0.00,17.8,158,211,74.9,1952,489,103,119,86.6,38,43,88.4,3,14,21.4,4,13,5,1,16,210,0,0,0,0,9,0,0,1,12,1.65,12,1.65,10,0,0,1,1,0,1,0.14,1,0,0,0,0,0,19,11,10,9,0,8,18,44.4,10,6,1,5,7,26,4,0,7.3,289,2,59,134,101,16,289,13,6,46.2,7,53.8,179,1074,359,9,8,1,11,15,211,32,125000,6500000
Max Thompson,FW,Burnley,17,1,0,3.0,0.0,0,0,0,0,0,0,0,0,0.0,0.0,0.0,0.0,0.00,0.00,0.00,0.00,0.00,0.00,0.00,0.00,0.0,0.0,0.0,0.0,0.0,0.0,0.0,0.0,0.0,0.0,0.0,0.0,0.0,0.0,0.0,0.0,0.0,0.0,0.0,0.0,0.0,0.0,0.0,0.0,0,0,,0.00,0.00,,,,0,0,,0,0,0,0,,0,0,,0,0,,0,0,0,0,0,0,0,0,0,0,0,0,0,0,0,0.00,0,0.00,0,0,0,0,0,0,0,0.00,0,0,0,0,0,0,0,0,0,0,0,0,0,,0,0,0,0,0,0,0,0,0.0,0,0,0,0,0,0,0,0,0,,0,,0,0,0,0,0,0,0,0,0,0,0.0,0.0
Maya Yoshida,DF,Southampton,30,8,6,560.0,6.2,0,0,0,0,0,0,1,0,0.7,0.7,0.0,0.7,0.00,0.00,0.00,0.00,0.11,0.00,0.11,0.11,0.0,0.0,0.0,0.0,0.0,0.0,0.0,0.0,0.0,0.0,0.0,0.0,0.0,0.0,0.0,0.0,0.0,0.0,0.0,0.0,0.0,0.0,0.0,0.0,5,3,60.0,0.80,0.48,0.00,0.00,11.6,213,271,78.6,3694,1520,101,110,91.8,89,106,84.0,18,43,41.9,0,11,0,0,12,262,8,5,0,2,0,3,0,1,2,0.32,2,0.32,1,0,0,0,0,1,0,0.00,0,0,0,0,0,0,8,5,4,1,3,3,7,42.9,4,6,2,4,4,12,27,1,6.2,338,39,165,151,22,10,338,1,1,100.0,0,0.0,158,695,318,1,2,0,2,2,198,3,50000,2600000
Mbwana Samatta,FW,Aston Villa,26,14,11,943.0,10.5,1,0,1,1,0,0,1,0,2.3,2.3,0.6,2.9,0.10,0.00,0.10,0.10,0.22,0.06,0.22,0.28,0.0,0.0,0.0,0.0,0.0,0.0,0.0,0.0,0.0,0.0,0.0,0.0,0.0,0.0,0.0,0.0,0.0,0.0,0.0,0.0,0.0,0.0,0.0,0.0,17,3,17.6,1.62,0.29,0.06,0.33,10.8,119,176,67.6,1547,235,76,99,76.8,27,50,54.0,9,10,90.0,10,8,2,0,11,174,2,0,0,0,3,1,0,0,17,1.62,17,1.62,11,0,1,1,3,1,0,0.00,0,0,0,0,0,0,6,4,0,3,3,1,8,12.5,7,7,0,7,1,7,6,0,10.5,270,7,13,124,137,33,270,15,9,60.0,6,40.0,137,657,154,6,4,1,26,12,195,49,40000,2080000
Mesut Özil,MF,Arsenal,30,18,18,1438.0,16.0,1,2,3,1,0,0,1,0,1.4,1.4,2.3,3.8,0.06,0.13,0.19,0.06,0.09,0.15,0.09,0.24,0.0,0.0,0.0,0.0,0.0,0.0,0.0,0.0,0.0,0.0,0.0,0.0,0.0,0.0,0.0,0.0,0.0,0.0,0.0,0.0,0.0,0.0,0.0,0.0,9,3,33.3,0.56,0.19,0.11,0.33,14.2,758,913,83.0,11455,3088,414,442,93.7,257,295,87.1,54,100,54.0,37,63,25,0,114,818,90,33,2,3,72,0,57,5,75,4.69,75,4.69,51,18,3,2,1,0,8,0.50,7,1,0,0,0,0,17,8,9,7,1,4,23,17.4,19,4,0,4,5,22,1,0,16.0,1009,7,103,465,450,38,1009,22,16,72.7,6,27.3,591,3833,1797,48,39,4,25,22,797,136,350000,18200000
Michael Keane,DF,Everton,26,31,28,2559.0,28.4,2,0,2,2,0,0,3,0,1.9,1.9,0.7,2.5,0.07,0.00,0.07,0.07,0.07,0.02,0.07,0.09,0.0,0.0,0.0,0.0,0.0,0.0,0.0,0.0,0.0,0.0,0.0,0.0,0.0,0.0,0.0,0.0,0.0,0.0,0.0,0.0,0.0,0.0,0.0,0.0,14,4,28.6,0.49,0.14,0.14,0.50,7.8,1203,1458,82.5,24542,8769,317,366,86.6,716,792,90.4,149,244,61.1,6,61,3,0,84,1410,42,35,2,9,0,5,0,6,18,0.63,18,0.63,16,0,0,2,0,0,3,0.11,2,0,0,1,0,0,31,16,18,12,1,14,24,58.3,10,35,28,7,44,75,152,0,28.4,1778,295,991,751,45,33,1778,1,1,100.0,0,0.0,992,4975,2648,9,1,1,7,4,1078,3,60000,3120000
Michael McGovern,GK,Norwich City,35,2,1,159.0,1.8,0,0,0,0,0,0,0,0,0.0,0.0,0.0,0.0,0.00,0.00,0.00,0.00,0.00,0.00,0.00,0.00,3.40,13,6,53.8,0,0.0,4.8,0.30,4,22,18.2,37,11,43.2,34.4,14,42.9,33.2,24,0,0.0,3,1.70,14.5,0,0,,0.00,0.00,,,,30,51,58.8,610,437,14,14,100.0,8,8,100.0,6,27,22.2,0,0,0,0,0,32,19,5,0,0,0,0,0,0,1,0.57,1,0.57,1,0,0,0,0,0,0,0.00,0,0,0,0,0,0,0,0,0,0,0,0,0,,0,0,0,0,0,0,1,1,1.8,57,52,57,0,0,0,57,0,0,,0,,27,133,92,0,0,0,0,0,19,0,16923,880000
Michael Obafemi,FW,Southampton,19,21,8,665.0,7.4,3,2,5,3,0,0,1,0,1.8,1.8,1.1,2.9,0.41,0.27,0.68,0.41,0.24,0.15,0.24,0.39,0.0,0.0,0.0,0.0,0.0,0.0,0.0,0.0,0.0,0.0,0.0,0.0,0.0,0.0,0.0,0.0,0.0,0.0,0.0,0.0,0.0,0.0,0.0,0.0,12,5,41.7,1.62,0.68,0.25,0.60,14.4,110,139,79.1,1270,196,74,85,87.1,24,32,75.0,3,4,75.0,10,2,2,0,7,137,2,0,1,0,2,0,0,0,20,2.71,20,2.71,14,0,3,2,1,0,2,0.27,2,0,0,0,0,0,7,3,1,3,3,2,14,14.3,12,3,0,3,6,13,0,0,7.4,239,0,14,109,125,34,239,24,14,58.3,10,41.7,140,752,236,8,5,7,40,15,175,52,577,30000
Michail Antonio,FW,West Ham,29,24,19,1768.0,19.6,10,3,13,9,1,1,3,0,12.9,12.1,3.7,15.9,0.51,0.15,0.66,0.46,0.66,0.19,0.62,0.81,0.0,0.0,0.0,0.0,0.0,0.0,0.0,0.0,0.0,0.0,0.0,0.0,0.0,0.0,0.0,0.0,0.0,0.0,0.0,0.0,0.0,0.0,0.0,0.0,67,30,44.8,3.41,1.53,0.13,0.30,13.7,329,524,62.8,4662,1128,189,250,75.6,85,137,62.0,26,52,50.0,25,18,17,7,39,480,39,1,5,2,48,25,0,5,71,3.61,71,3.61,35,1,15,11,7,2,9,0.46,4,0,1,3,1,0,13,9,5,4,4,4,14,28.6,10,17,2,15,9,22,5,0,19.6,818,11,39,263,532,117,817,103,65,63.1,37,35.9,494,3148,1490,53,42,26,73,45,599,178,70000,3640000
Michy Batshuayi,FW,Chelsea,25,16,1,239.0,2.7,1,1,2,1,0,0,0,0,2.4,2.4,0.2,2.6,0.38,0.38,0.75,0.38,0.92,0.06,0.92,0.98,0.0,0.0,0.0,0.0,0.0,0.0,0.0,0.0,0.0,0.0,0.0,0.0,0.0,0.0,0.0,0.0,0.0,0.0,0.0,0.0,0.0,0.0,0.0,0.0,15,2,13.3,5.65,0.75,0.07,0.50,13.8,64,78,82.1,641,80,41,48,85.4,11,14,78.6,0,1,0.0,3,0,0,0,1,69,9,0,0,0,0,0,0,0,7,2.64,7,2.64,5,0,1,1,0,0,2,0.75,1,0,0,1,0,0,4,1,2,2,0,0,5,0.0,5,1,1,0,0,4,1,0,2.7,125,3,10,58,60,31,125,8,4,50.0,4,50.0,79,428,239,8,5,4,13,4,88,22,35000,1820000
Miguel Almirón,"MF,FW",Newcastle Utd,25,36,35,3021.0,33.6,4,2,6,4,0,0,5,0,6.7,6.7,3.0,9.7,0.12,0.06,0.18,0.12,0.20,0.09,0.20,0.29,0.0,0.0,0.0,0.0,0.0,0.0,0.0,0.0,0.0,0.0,0.0,0.0,0.0,0.0,0.0,0.0,0.0,0.0,0.0,0.0,0.0,0.0,0.0,0.0,56,17,30.4,1.67,0.51,0.07,0.24,16.2,681,884,77.0,9262,2156,396,457,86.7,192,248,77.4,37,65,56.9,31,40,21,5,77,868,12,1,2,4,41,10,0,4,83,2.47,83,2.47,56,0,10,6,7,4,3,0.09,2,0,0,0,1,0,60,39,32,20,8,19,52,36.5,33,25,1,24,31,91,25,0,33.6,1291,34,260,538,537,81,1291,93,46,49.5,47,50.5,929,7715,3823,120,82,19,80,35,881,160,42308,2200000
Mohamed Salah,FW,Liverpool,27,34,33,2876.0,32.0,19,10,29,16,3,3,1,0,19.0,16.6,7.8,24.5,0.59,0.31,0.91,0.50,0.59,0.25,0.52,0.77,0.0,0.0,0.0,0.0,0.0,0.0,0.0,0.0,0.0,0.0,0.0,0.0,0.0,0.0,0.0,0.0,0.0,0.0,0.0,0.0,0.0,0.0,0.0,0.0,129,56,43.4,4.04,1.75,0.12,0.29,15.0,767,1035,74.1,9757,2321,463,563,82.2,211,273,77.3,26,57,45.6,60,41,57,3,91,971,62,4,13,1,45,9,27,2,136,4.26,136,4.26,94,6,17,13,5,1,15,0.47,9,2,2,1,1,0,16,6,1,4,11,5,22,22.7,17,3,1,2,8,24,2,1,32.0,1368,4,59,385,935,291,1365,83,50,60.2,33,39.8,1037,5484,2722,105,51,72,88,67,1090,347,200000,10400000
Moise Kean,FW,Everton,19,29,6,852.0,9.5,2,2,4,2,0,0,1,0,4.0,4.0,2.0,6.0,0.21,0.21,0.42,0.21,0.42,0.21,0.42,0.63,0.0,0.0,0.0,0.0,0.0,0.0,0.0,0.0,0.0,0.0,0.0,0.0,0.0,0.0,0.0,0.0,0.0,0.0,0.0,0.0,0.0,0.0,0.0,0.0,30,13,43.3,3.17,1.37,0.07,0.15,16.1,99,138,71.7,1173,310,55,71,77.5,20,25,80.0,4,7,57.1,10,8,6,2,12,132,6,0,2,0,12,1,0,0,27,2.86,27,2.86,13,0,7,3,2,2,1,0.11,0,0,0,1,0,0,6,6,5,1,0,0,0,,0,4,0,4,5,11,1,1,9.5,270,6,24,106,146,49,270,48,25,52.1,23,47.9,203,1359,559,26,11,15,33,19,197,60,53077,2760000
Morgan Gibbs-White,"MF,FW",Wolves,19,7,1,129.0,1.4,0,0,0,0,0,0,0,0,0.1,0.1,0.1,0.2,0.00,0.00,0.00,0.00,0.06,0.07,0.06,0.13,0.0,0.0,0.0,0.0,0.0,0.0,0.0,0.0,0.0,0.0,0.0,0.0,0.0,0.0,0.0,0.0,0.0,0.0,0.0,0.0,0.0,0.0,0.0,0.0,2,0,0.0,1.40,0.00,0.00,,14.2,64,83,77.1,962,230,32,37,86.5,26,33,78.8,2,6,33.3,3,3,2,0,6,80,2,1,1,0,2,1,0,1,4,2.79,4,2.79,4,0,0,0,0,0,0,0.00,0,0,0,0,0,0,0,0,0,0,0,0,0,,0,0,0,0,2,2,0,0,1.4,94,1,8,48,39,4,94,3,1,33.3,2,66.7,58,300,117,5,0,1,7,0,78,11,1538,80000
Morgan Schneiderlin,MF,Everton,29,15,12,1001.0,11.1,0,0,0,0,0,0,6,1,0.2,0.2,0.1,0.4,0.00,0.00,0.00,0.00,0.02,0.01,0.02,0.03,0.0,0.0,0.0,0.0,0.0,0.0,0.0,0.0,0.0,0.0,0.0,0.0,0.0,0.0,0.0,0.0,0.0,0.0,0.0,0.0,0.0,0.0,0.0,0.0,6,0,0.0,0.54,0.00,0.00,,21.4,484,570,84.9,8917,2675,202,226,89.4,189,213,88.7,69,93,74.2,4,45,6,1,62,551,18,11,1,11,8,0,0,1,17,1.53,17,1.53,15,0,1,1,0,0,0,0.00,0,0,0,0,0,0,31,22,13,16,2,8,24,33.3,16,13,3,10,21,52,20,1,11.1,685,26,155,443,91,4,685,3,3,100.0,0,0.0,396,1575,631,4,6,0,7,4,435,3,100000,5200000
Moritz Leitner,MF,Norwich City,26,9,7,685.0,7.6,0,0,0,0,0,0,1,0,0.3,0.3,0.3,0.6,0.00,0.00,0.00,0.00,0.04,0.04,0.04,0.08,0.0,0.0,0.0,0.0,0.0,0.0,0.0,0.0,0.0,0.0,0.0,0.0,0.0,0.0,0.0,0.0,0.0,0.0,0.0,0.0,0.0,0.0,0.0,0.0,8,0,0.0,1.05,0.00,0.00,,23.1,498,579,86.0,7179,1732,293,314,93.3,143,161,88.8,31,52,59.6,7,39,15,1,62,545,28,22,1,2,5,5,0,6,19,2.50,19,2.50,17,1,0,1,0,0,1,0.13,1,0,0,0,0,0,16,9,8,7,1,9,25,36.0,16,14,4,10,9,25,10,1,7.6,674,14,148,387,145,11,674,9,7,77.8,2,22.2,472,2543,1327,17,18,1,15,7,508,23,11923,620000
Moussa Djenepo,"MF,DF",Southampton,21,18,10,928.0,10.3,2,2,4,2,0,0,4,1,2.4,2.4,1.9,4.3,0.19,0.19,0.39,0.19,0.23,0.19,0.23,0.41,0.0,0.0,0.0,0.0,0.0,0.0,0.0,0.0,0.0,0.0,0.0,0.0,0.0,0.0,0.0,0.0,0.0,0.0,0.0,0.0,0.0,0.0,0.0,0.0,20,7,35.0,1.94,0.68,0.10,0.29,18.1,188,270,69.6,2553,814,114,134,85.1,52,79,65.8,9,24,37.5,11,13,11,1,27,259,10,0,1,2,21,9,0,1,39,3.78,39,3.78,16,0,12,1,9,1,6,0.58,2,0,4,0,0,0,27,21,13,9,5,11,21,52.4,10,15,1,14,9,36,9,0,10.3,461,15,79,189,198,44,461,66,44,66.7,22,33.3,291,2178,1227,39,20,13,40,21,306,72,35000,1820000
Moussa Sissoko,MF,Tottenham,29,29,28,2452.0,27.2,2,1,3,2,0,0,8,0,2.2,2.2,1.1,3.3,0.07,0.04,0.11,0.07,0.08,0.04,0.08,0.12,0.0,0.0,0.0,0.0,0.0,0.0,0.0,0.0,0.0,0.0,0.0,0.0,0.0,0.0,0.0,0.0,0.0,0.0,0.0,0.0,0.0,0.0,0.0,0.0,15,4,26.7,0.55,0.15,0.13,0.50,15.2,1135,1322,85.9,17058,3674,619,696,88.9,398,447,89.0,63,88,71.6,16,80,9,1,96,1245,74,24,3,9,23,50,0,3,37,1.36,37,1.36,33,0,3,1,0,0,4,0.15,3,0,1,0,0,0,39,25,25,12,2,20,48,41.7,28,19,4,15,27,66,43,2,27.2,1585,69,371,888,355,30,1585,67,40,59.7,27,40.3,1014,5460,2846,72,39,10,39,21,1013,58,80000,4160000
Muhamed Bešić,MF,Sheffield Utd,26,9,2,250.0,2.8,0,0,0,0,0,0,2,0,0.2,0.2,0.1,0.2,0.00,0.00,0.00,0.00,0.06,0.03,0.06,0.08,0.0,0.0,0.0,0.0,0.0,0.0,0.0,0.0,0.0,0.0,0.0,0.0,0.0,0.0,0.0,0.0,0.0,0.0,0.0,0.0,0.0,0.0,0.0,0.0,4,2,50.0,1.44,0.72,0.00,0.00,20.9,84,107,78.5,1285,280,50,58,86.2,23,28,82.1,7,12,58.3,1,6,1,0,11,105,2,2,0,1,1,0,0,0,6,2.16,6,2.16,6,0,0,0,0,0,1,0.36,1,0,0,0,0,0,8,6,4,4,0,2,5,40.0,3,4,0,4,1,9,6,0,2.8,143,9,37,63,46,2,143,7,7,100.0,0,0.0,63,323,136,3,5,1,2,2,77,0,30000,1560000
N'Golo Kanté,MF,Chelsea,28,22,20,1732.0,19.2,3,0,3,3,0,0,4,0,1.4,1.4,1.5,2.9,0.16,0.00,0.16,0.16,0.07,0.08,0.07,0.15,0.0,0.0,0.0,0.0,0.0,0.0,0.0,0.0,0.0,0.0,0.0,0.0,0.0,0.0,0.0,0.0,0.0,0.0,0.0,0.0,0.0,0.0,0.0,0.0,18,6,33.3,0.94,0.31,0.17,0.50,21.2,975,1166,83.6,14537,3974,507,569,89.1,333,385,86.5,63,78,80.8,27,104,27,10,132,1158,3,2,0,9,26,1,0,5,61,3.17,61,3.17,55,0,0,1,3,2,2,0.10,2,0,0,0,0,0,44,20,22,14,8,17,36,47.2,19,29,5,24,44,88,32,2,19.2,1406,49,264,763,398,32,1406,38,24,63.2,14,36.8,779,4314,2226,41,49,3,33,29,910,63,150000,7800000
Nabil Bentaleb,MF,Newcastle Utd,24,12,8,751.0,8.3,0,0,0,0,0,0,2,0,0.1,0.1,0.2,0.3,0.00,0.00,0.00,0.00,0.01,0.03,0.01,0.04,0.0,0.0,0.0,0.0,0.0,0.0,0.0,0.0,0.0,0.0,0.0,0.0,0.0,0.0,0.0,0.0,0.0,0.0,0.0,0.0,0.0,0.0,0.0,0.0,4,0,0.0,0.48,0.00,0.00,,29.5,348,409,85.1,6053,1163,145,161,90.1,149,170,87.6,38,48,79.2,8,29,2,0,19,397,11,10,0,4,2,0,0,1,15,1.80,15,1.80,12,1,0,0,1,1,0,0.00,0,0,0,0,0,0,23,13,14,9,0,7,25,28.0,18,9,2,7,19,42,9,1,8.3,496,18,140,323,38,1,496,10,8,80.0,2,20.0,243,978,344,2,2,0,6,2,293,1,85000,4420000
Naby Keïta,MF,Liverpool,24,18,9,815.0,9.1,2,3,5,2,0,0,1,0,1.6,1.6,2.7,4.4,0.22,0.33,0.55,0.22,0.18,0.30,0.18,0.48,0.0,0.0,0.0,0.0,0.0,0.0,0.0,0.0,0.0,0.0,0.0,0.0,0.0,0.0,0.0,0.0,0.0,0.0,0.0,0.0,0.0,0.0,0.0,0.0,12,7,58.3,1.33,0.77,0.17,0.29,19.3,605,690,87.7,8228,2134,382,409,93.4,174,200,87.0,25,37,67.6,15,80,16,0,69,681,7,1,5,0,7,3,2,2,35,3.87,35,3.87,31,1,1,1,0,1,6,0.66,6,0,0,0,0,0,30,14,8,16,6,11,26,42.3,15,18,0,18,10,40,4,0,9.1,796,5,74,489,246,20,796,26,23,88.5,3,11.5,537,2922,1686,35,44,5,14,9,603,36,120000,6240000
Nacho Monreal,DF,Arsenal,33,3,3,270.0,3.0,0,0,0,0,0,0,0,0,0.0,0.0,0.3,0.4,0.00,0.00,0.00,0.00,0.01,0.11,0.01,0.13,0.0,0.0,0.0,0.0,0.0,0.0,0.0,0.0,0.0,0.0,0.0,0.0,0.0,0.0,0.0,0.0,0.0,0.0,0.0,0.0,0.0,0.0,0.0,0.0,1,0,0.0,0.33,0.00,0.00,,9.8,178,207,86.0,2397,902,115,126,91.3,53,60,88.3,4,9,44.4,3,6,1,0,12,180,26,1,0,1,4,25,0,1,4,1.33,4,1.33,3,0,1,0,0,0,0,0.00,0,0,0,0,0,0,1,1,1,0,0,1,3,33.3,2,3,1,2,3,4,10,0,3.0,233,16,88,89,57,5,233,4,2,50.0,2,50.0,128,508,295,4,4,3,3,1,159,14,0.0,0.0
Nampalys Mendy,MF,Leicester City,27,7,4,291.0,3.2,0,0,0,0,0,0,0,0,0.0,0.0,0.1,0.1,0.00,0.00,0.00,0.00,0.01,0.03,0.01,0.04,0.0,0.0,0.0,0.0,0.0,0.0,0.0,0.0,0.0,0.0,0.0,0.0,0.0,0.0,0.0,0.0,0.0,0.0,0.0,0.0,0.0,0.0,0.0,0.0,1,1,100.0,0.31,0.31,0.00,0.00,28.9,192,212,90.6,3013,684,95,102,93.1,74,80,92.5,13,17,76.5,3,16,1,1,13,210,1,1,0,0,2,0,0,1,9,2.78,9,2.78,8,0,0,0,0,1,0,0.00,0,0,0,0,0,0,7,5,4,1,2,4,5,80.0,1,4,1,3,6,13,6,0,3.2,249,6,49,168,32,1,249,2,1,50.0,1,50.0,176,715,306,1,6,0,5,2,187,6,50000,2600000
Nathan Aké,DF,Bournemouth,24,29,29,2503.0,27.8,2,2,4,2,0,0,2,0,3.0,3.0,2.2,5.1,0.07,0.07,0.14,0.07,0.11,0.08,0.11,0.18,0.0,0.0,0.0,0.0,0.0,0.0,0.0,0.0,0.0,0.0,0.0,0.0,0.0,0.0,0.0,0.0,0.0,0.0,0.0,0.0,0.0,0.0,0.0,0.0,25,7,28.0,0.90,0.25,0.08,0.29,10.3,1079,1238,87.2,19315,6988,435,472,92.2,554,608,91.1,82,132,62.1,7,58,7,0,81,1183,52,32,1,3,5,20,0,3,14,0.50,14,0.50,8,0,1,4,1,0,1,0.04,0,0,0,1,0,0,31,21,23,8,0,14,23,60.9,9,40,29,11,36,67,152,0,27.8,1557,238,888,604,77,36,1557,3,3,100.0,0,0.0,958,4935,3112,12,5,0,9,5,922,7,40000,2080000
Nathan Holland,MF,West Ham,21,2,0,33.0,0.4,0,0,0,0,0,0,0,0,0.0,0.0,0.0,0.0,0.00,0.00,0.00,0.00,0.06,0.00,0.06,0.06,0.0,0.0,0.0,0.0,0.0,0.0,0.0,0.0,0.0,0.0,0.0,0.0,0.0,0.0,0.0,0.0,0.0,0.0,0.0,0.0,0.0,0.0,0.0,0.0,1,1,100.0,2.73,2.73,0.00,0.00,28.7,10,14,71.4,112,41,8,9,88.9,1,3,33.3,0,0,,0,1,0,0,1,13,1,0,0,0,2,1,0,0,0,0.00,0,0.00,0,0,0,0,0,0,0,0.00,0,0,0,0,0,0,3,1,2,1,0,0,0,,0,1,0,1,0,3,0,0,0.4,21,0,3,4,14,1,21,3,3,100.0,0,0.0,17,89,42,1,2,1,3,1,18,6,0.0,0.0
Nathan Redmond,"MF,FW",Southampton,25,32,32,2762.0,30.7,4,4,8,4,0,0,2,0,5.1,5.1,3.3,8.4,0.13,0.13,0.26,0.13,0.17,0.11,0.17,0.27,0.0,0.0,0.0,0.0,0.0,0.0,0.0,0.0,0.0,0.0,0.0,0.0,0.0,0.0,0.0,0.0,0.0,0.0,0.0,0.0,0.0,0.0,0.0,0.0,59,21,35.6,1.92,0.68,0.07,0.19,18.9,763,1072,71.2,11856,2570,414,499,83.0,257,346,74.3,56,128,43.8,36,56,38,7,104,1044,22,1,4,19,41,4,0,6,98,3.19,98,3.19,70,0,12,5,10,1,9,0.29,7,0,1,0,1,0,49,29,17,23,9,21,57,36.8,36,39,2,37,16,65,16,0,30.7,1442,30,178,636,677,110,1442,123,79,64.2,44,35.8,908,6983,3500,126,81,52,73,52,990,200,60000,3120000
Nathan Tella,FW,Southampton,20,1,0,3.0,0.0,0,0,0,0,0,0,0,0,0.0,0.0,0.0,0.0,0.00,0.00,0.00,0.00,1.27,0.00,1.27,1.27,0.0,0.0,0.0,0.0,0.0,0.0,0.0,0.0,0.0,0.0,0.0,0.0,0.0,0.0,0.0,0.0,0.0,0.0,0.0,0.0,0.0,0.0,0.0,0.0,1,1,100.0,30.00,30.00,0.00,0.00,17.7,0,1,0.0,0,0,0,1,0.0,0,0,,0,0,,0,0,0,0,0,1,0,0,0,0,0,0,0,0,1,30.00,1,30.00,0,0,0,0,1,0,0,0.00,0,0,0,0,0,0,0,0,0,0,0,0,0,,0,0,0,0,0,0,0,0,0.0,2,0,0,1,1,1,2,0,0,,0,,1,3,3,1,0,1,0,0,2,1,0.0,0.0
Nathaniel Chalobah,MF,Watford,24,22,10,930.0,10.3,0,1,1,0,0,0,1,0,0.5,0.5,1.3,1.7,0.00,0.10,0.10,0.00,0.04,0.12,0.04,0.17,0.0,0.0,0.0,0.0,0.0,0.0,0.0,0.0,0.0,0.0,0.0,0.0,0.0,0.0,0.0,0.0,0.0,0.0,0.0,0.0,0.0,0.0,0.0,0.0,9,0,0.0,0.87,0.00,0.00,,23.3,261,370,70.5,3909,1172,142,181,78.5,87,106,82.1,18,44,40.9,9,23,4,0,35,347,22,7,0,2,21,2,13,1,18,1.74,18,1.74,14,2,0,0,0,2,1,0.10,1,0,0,0,0,0,30,11,13,13,4,12,27,44.4,15,10,4,6,18,48,20,0,10.3,500,24,115,278,110,8,500,9,5,55.6,4,44.4,227,942,306,4,9,1,16,10,250,22,35000,1820000
Neal Maupay,FW,Brighton,22,37,30,2766.0,30.7,10,3,13,9,1,2,3,0,13.4,11.8,2.1,13.9,0.33,0.10,0.42,0.29,0.44,0.07,0.38,0.45,0.0,0.0,0.0,0.0,0.0,0.0,0.0,0.0,0.0,0.0,0.0,0.0,0.0,0.0,0.0,0.0,0.0,0.0,0.0,0.0,0.0,0.0,0.0,0.0,94,36,38.3,3.06,1.17,0.10,0.25,15.5,543,699,77.7,7725,1302,314,364,86.3,174,212,82.1,27,36,75.0,25,35,23,1,66,618,74,7,4,4,12,12,0,7,73,2.38,73,2.38,53,0,5,11,4,0,7,0.23,6,0,1,0,0,0,20,12,1,13,6,9,29,31.0,20,24,0,24,4,24,10,0,30.7,1044,15,70,429,556,163,1042,68,24,35.3,44,64.7,604,3646,1414,63,37,34,79,56,747,255,31923,1660000
Neco Williams,DF,Liverpool,18,6,3,230.0,2.6,0,0,0,0,0,0,1,0,0.3,0.3,0.1,0.3,0.00,0.00,0.00,0.00,0.10,0.03,0.10,0.13,0.0,0.0,0.0,0.0,0.0,0.0,0.0,0.0,0.0,0.0,0.0,0.0,0.0,0.0,0.0,0.0,0.0,0.0,0.0,0.0,0.0,0.0,0.0,0.0,7,1,14.3,2.74,0.39,0.00,0.00,21.8,170,213,79.8,2824,600,90,97,92.8,62,77,80.5,15,28,53.6,2,6,3,2,9,173,40,4,1,3,14,32,4,0,6,2.35,6,2.35,4,0,1,1,0,0,0,0.00,0,0,0,0,0,0,5,3,1,3,1,4,5,80.0,1,3,1,2,9,14,6,0,2.6,255,5,55,114,89,9,255,11,6,54.5,5,45.5,154,812,342,10,5,5,5,1,149,17,0.0,0.0
Neil Taylor,DF,Aston Villa,30,14,11,1091.0,12.1,0,0,0,0,0,0,2,0,0.2,0.2,0.4,0.6,0.00,0.00,0.00,0.00,0.01,0.03,0.01,0.05,0.0,0.0,0.0,0.0,0.0,0.0,0.0,0.0,0.0,0.0,0.0,0.0,0.0,0.0,0.0,0.0,0.0,0.0,0.0,0.0,0.0,0.0,0.0,0.0,3,0,0.0,0.25,0.00,0.00,,15.1,410,522,78.5,5944,2497,230,249,92.4,153,193,79.3,13,39,33.3,5,22,4,1,48,423,97,5,0,1,9,92,0,2,9,0.74,9,0.74,9,0,0,0,0,0,2,0.16,2,0,0,0,0,0,16,11,12,4,0,11,20,55.0,9,15,5,10,20,36,43,0,12.1,634,59,231,292,114,5,634,2,2,100.0,0,0.0,252,991,547,7,5,0,5,2,327,25,31923,1660000
Nemanja Matić,MF,Manchester Utd,30,21,18,1581.0,17.6,0,2,2,0,0,0,3,0,0.2,0.2,0.7,1.0,0.00,0.11,0.11,0.00,0.01,0.04,0.01,0.05,0.0,0.0,0.0,0.0,0.0,0.0,0.0,0.0,0.0,0.0,0.0,0.0,0.0,0.0,0.0,0.0,0.0,0.0,0.0,0.0,0.0,0.0,0.0,0.0,7,2,28.6,0.40,0.11,0.00,0.00,26.2,1106,1273,86.9,18157,5264,543,583,93.1,437,482,90.7,87,130,66.9,15,120,11,2,121,1242,30,26,2,8,3,4,0,1,47,2.68,47,2.68,44,0,2,0,1,0,4,0.23,4,0,0,0,0,0,46,24,23,19,4,20,43,46.5,23,21,8,13,22,68,28,1,17.6,1437,60,355,851,237,5,1437,24,20,83.3,4,16.7,842,5169,3053,39,40,3,18,16,1021,8,120000,6240000
Nick Pope,GK,Burnley,27,38,38,3420.0,38.0,0,0,0,0,0,0,1,0,0.0,0.0,0.4,0.4,0.00,0.00,0.00,0.00,0.00,0.01,0.00,0.01,1.32,167,117,72.5,15,39.5,45.7,0.25,263,870,30.2,883,180,67.6,47.1,304,89.8,63.7,623,52,8.3,48,1.26,14.9,0,0,,0.00,0.00,,,,556,1194,46.6,22391,19476,48,48,100.0,172,176,97.7,336,961,35.0,3,34,1,0,0,721,466,162,0,2,0,0,0,7,13,0.34,13,0.34,6,7,0,0,0,0,0,0.00,0,0,0,0,0,0,1,1,1,0,0,1,2,50.0,1,0,0,0,3,4,15,3,38.0,1280,986,1239,40,1,1,1280,0,0,,0,,613,4417,3490,0,0,0,1,0,375,0,35000,1820000
Nicolas Pépé,FW,Arsenal,24,31,22,2010.0,22.3,5,6,11,4,1,1,4,0,4.9,4.1,4.8,8.9,0.22,0.27,0.49,0.18,0.22,0.21,0.18,0.40,0.0,0.0,0.0,0.0,0.0,0.0,0.0,0.0,0.0,0.0,0.0,0.0,0.0,0.0,0.0,0.0,0.0,0.0,0.0,0.0,0.0,0.0,0.0,0.0,49,17,34.7,2.19,0.76,0.08,0.24,20.0,610,824,74.0,8817,2028,364,415,87.7,171,222,77.0,45,101,44.6,39,28,30,6,67,737,85,9,10,6,109,7,66,2,72,3.22,72,3.22,39,16,10,4,3,0,9,0.40,7,2,0,0,0,0,32,17,15,13,4,8,16,50.0,8,15,2,13,8,40,5,0,22.3,1117,10,135,394,620,86,1116,133,72,54.1,61,45.9,745,5947,3041,98,64,39,61,53,826,191,140000,7280000
Nicolás Otamendi,DF,Manchester City,31,24,18,1715.0,19.1,2,0,2,2,0,0,3,0,1.9,1.9,0.2,2.1,0.10,0.00,0.10,0.10,0.10,0.01,0.10,0.11,0.0,0.0,0.0,0.0,0.0,0.0,0.0,0.0,0.0,0.0,0.0,0.0,0.0,0.0,0.0,0.0,0.0,0.0,0.0,0.0,0.0,0.0,0.0,0.0,15,7,46.7,0.79,0.37,0.13,0.29,8.4,1420,1539,92.3,27076,8220,470,499,94.2,811,851,95.3,126,160,78.8,4,54,0,0,78,1520,17,13,0,9,0,4,0,2,13,0.68,13,0.68,10,0,0,3,0,0,1,0.05,0,0,0,1,0,0,28,14,21,6,1,16,33,48.5,17,15,9,6,21,49,76,2,19.1,1715,165,625,1040,54,34,1715,3,3,100.0,0,0.0,1282,7406,4328,14,12,0,11,2,1355,4,180000,9360000
Odion Ighalo,FW,Manchester Utd,30,11,0,101.0,1.1,0,0,0,0,0,0,0,0,1.9,1.9,0.1,2.0,0.00,0.00,0.00,0.00,1.68,0.07,1.68,1.75,0.0,0.0,0.0,0.0,0.0,0.0,0.0,0.0,0.0,0.0,0.0,0.0,0.0,0.0,0.0,0.0,0.0,0.0,0.0,0.0,0.0,0.0,0.0,0.0,7,3,42.9,6.24,2.67,0.00,0.00,11.7,22,25,88.0,276,34,15,17,88.2,7,7,100.0,0,0,,2,0,1,0,2,25,0,0,0,0,0,0,0,0,4,3.56,4,3.56,3,0,1,0,0,0,0,0.00,0,0,0,0,0,0,2,2,0,2,0,1,3,33.3,2,1,1,0,0,2,0,0,1.1,49,1,2,18,29,16,49,6,3,50.0,3,50.0,29,128,31,2,1,1,4,4,35,13,99038,5150000
Oleksandr Zinchenko,DF,Manchester City,22,19,13,1276.0,14.2,0,0,0,0,0,0,2,1,0.5,0.5,1.5,2.0,0.00,0.00,0.00,0.00,0.03,0.11,0.03,0.14,0.0,0.0,0.0,0.0,0.0,0.0,0.0,0.0,0.0,0.0,0.0,0.0,0.0,0.0,0.0,0.0,0.0,0.0,0.0,0.0,0.0,0.0,0.0,0.0,16,3,18.8,1.13,0.21,0.00,0.00,26.0,1214,1371,88.5,18167,4390,666,718,92.8,446,504,88.5,56,78,71.8,20,96,29,11,114,1246,121,13,1,9,52,105,3,4,38,2.68,38,2.68,37,1,0,0,0,0,3,0.21,3,0,0,0,0,0,31,19,16,11,4,17,32,53.1,15,9,0,9,17,48,21,1,14.2,1497,24,265,741,500,8,1497,9,3,33.3,6,66.7,1055,3941,2190,37,48,1,13,8,1115,134,20000,1040000
Oliver McBurnie,FW,Sheffield Utd,23,36,24,2113.0,23.5,6,0,6,6,0,0,4,0,7.7,7.7,1.1,8.8,0.26,0.00,0.26,0.26,0.33,0.05,0.33,0.38,0.0,0.0,0.0,0.0,0.0,0.0,0.0,0.0,0.0,0.0,0.0,0.0,0.0,0.0,0.0,0.0,0.0,0.0,0.0,0.0,0.0,0.0,0.0,0.0,50,24,48.0,2.13,1.02,0.12,0.25,10.3,376,633,59.4,4833,1277,245,376,65.2,99,157,63.1,9,16,56.3,10,38,10,1,58,626,2,0,1,2,9,2,0,5,31,1.32,31,1.32,21,0,2,7,1,0,2,0.09,0,0,0,2,0,0,37,22,6,27,4,11,40,27.5,29,25,3,22,15,52,43,0,23.5,935,46,108,397,440,107,935,44,22,50.0,22,50.0,365,1712,694,26,23,8,43,34,634,109,20000,1040000
Oliver Norwood,MF,Sheffield Utd,28,38,37,3090.0,34.3,1,1,2,0,1,1,8,0,1.5,0.7,4.3,5.0,0.03,0.03,0.06,0.00,0.04,0.13,0.02,0.15,0.0,0.0,0.0,0.0,0.0,0.0,0.0,0.0,0.0,0.0,0.0,0.0,0.0,0.0,0.0,0.0,0.0,0.0,0.0,0.0,0.0,0.0,0.0,0.0,16,5,31.3,0.47,0.15,0.00,0.00,27.8,1710,2222,77.0,36359,11716,591,666,88.7,744,864,86.1,346,605,57.2,48,231,29,12,258,1987,225,99,1,70,198,7,119,10,83,2.42,83,2.42,48,29,0,4,1,1,6,0.17,4,2,0,0,0,0,66,37,35,24,7,28,97,28.9,69,34,12,22,47,113,40,1,34.3,2465,77,505,1449,532,2,2464,9,9,100.0,0,0.0,1023,3408,1387,7,14,0,20,4,1487,26,15000,780000
Oliver Skipp,MF,Tottenham,18,7,1,77.0,0.9,0,0,0,0,0,0,0,0,0.0,0.0,0.0,0.0,0.00,0.00,0.00,0.00,0.00,0.00,0.00,0.00,0.0,0.0,0.0,0.0,0.0,0.0,0.0,0.0,0.0,0.0,0.0,0.0,0.0,0.0,0.0,0.0,0.0,0.0,0.0,0.0,0.0,0.0,0.0,0.0,0,0,,0.00,0.00,,,,34,38,89.5,543,153,17,19,89.5,14,15,93.3,3,4,75.0,0,3,0,0,5,38,0,0,0,1,0,0,0,0,0,0.00,0,0.00,0,0,0,0,0,0,0,0.00,0,0,0,0,0,0,2,2,0,2,0,1,4,25.0,3,3,2,1,0,2,0,0,0.9,46,2,14,29,3,0,46,0,0,,0,,27,72,39,0,1,0,1,1,28,0,5000,260000
Olivier Giroud,FW,Chelsea,32,18,12,993.0,11.0,8,0,8,8,0,0,1,0,7.3,7.3,0.9,8.2,0.73,0.00,0.73,0.73,0.66,0.08,0.66,0.74,0.0,0.0,0.0,0.0,0.0,0.0,0.0,0.0,0.0,0.0,0.0,0.0,0.0,0.0,0.0,0.0,0.0,0.0,0.0,0.0,0.0,0.0,0.0,0.0,39,19,48.7,3.53,1.72,0.21,0.42,11.5,204,301,67.8,2139,244,144,203,70.9,36,51,70.6,2,7,28.6,8,7,3,0,7,276,25,0,1,1,2,0,0,0,24,2.17,24,2.17,17,0,1,4,2,0,4,0.36,2,0,1,1,0,0,8,3,2,5,1,1,11,9.1,10,14,1,13,2,10,13,0,11.0,416,15,26,223,168,65,416,4,3,75.0,1,25.0,179,480,224,6,7,2,15,8,307,59,110000,5720000
Ondrej Duda,MF,Norwich City,24,10,9,724.0,8.0,0,0,0,0,0,0,0,0,0.5,0.5,1.5,2.0,0.00,0.00,0.00,0.00,0.06,0.19,0.06,0.25,0.0,0.0,0.0,0.0,0.0,0.0,0.0,0.0,0.0,0.0,0.0,0.0,0.0,0.0,0.0,0.0,0.0,0.0,0.0,0.0,0.0,0.0,0.0,0.0,10,3,30.0,1.24,0.37,0.00,0.00,22.1,295,382,77.2,4158,1077,177,204,86.8,62,80,77.5,27,54,50.0,16,15,9,2,25,344,38,10,3,2,43,1,27,0,30,3.73,30,3.73,17,8,1,3,1,0,2,0.25,1,0,0,1,0,0,18,11,9,6,3,7,16,43.8,9,10,2,8,6,24,8,0,8.0,470,15,73,244,159,9,470,10,6,60.0,4,40.0,266,1010,445,8,9,1,22,3,317,17,16538,860000
Onel Hernández,"FW,MF",Norwich City,26,26,14,1384.0,15.4,1,2,3,1,0,0,0,0,2.2,2.2,0.9,3.2,0.07,0.13,0.20,0.07,0.15,0.06,0.15,0.21,0.0,0.0,0.0,0.0,0.0,0.0,0.0,0.0,0.0,0.0,0.0,0.0,0.0,0.0,0.0,0.0,0.0,0.0,0.0,0.0,0.0,0.0,0.0,0.0,29,8,27.6,1.89,0.52,0.03,0.13,18.2,247,345,71.6,2999,553,158,188,84.0,69,94,73.4,1,14,7.1,19,6,10,1,22,335,10,0,0,0,26,8,1,0,45,2.93,45,2.93,26,2,12,3,2,0,5,0.33,3,0,2,0,0,0,27,19,13,11,3,9,31,29.0,22,12,1,11,19,46,10,0,15.4,560,16,94,185,299,71,560,76,42,55.3,34,44.7,390,3160,1735,72,25,37,39,36,356,124,8077,420000
Oriol Romeu,MF,Southampton,27,30,20,1860.0,20.7,0,0,0,0,0,0,5,0,0.2,0.2,1.6,1.9,0.00,0.00,0.00,0.00,0.01,0.08,0.01,0.09,0.0,0.0,0.0,0.0,0.0,0.0,0.0,0.0,0.0,0.0,0.0,0.0,0.0,0.0,0.0,0.0,0.0,0.0,0.0,0.0,0.0,0.0,0.0,0.0,8,0,0.0,0.39,0.00,0.00,,23.7,871,1083,80.4,14768,4205,388,449,86.4,394,471,83.7,64,105,61.0,19,88,17,3,110,1071,11,11,1,9,6,0,0,1,41,1.98,41,1.98,35,0,2,1,0,3,1,0.05,1,0,0,0,0,0,55,35,23,30,2,27,75,36.0,48,35,13,22,34,89,32,0,20.7,1291,66,268,869,165,4,1291,16,13,81.3,3,18.8,584,2523,1221,17,22,0,14,4,733,13,65000,3380000
Oumar Niasse,FW,Everton,29,3,0,22.0,0.2,0,0,0,0,0,0,0,0,0.0,0.0,0.0,0.0,0.00,0.00,0.00,0.00,0.00,0.00,0.00,0.00,0.0,0.0,0.0,0.0,0.0,0.0,0.0,0.0,0.0,0.0,0.0,0.0,0.0,0.0,0.0,0.0,0.0,0.0,0.0,0.0,0.0,0.0,0.0,0.0,0,0,,0.00,0.00,,,,3,4,75.0,22,0,2,2,100.0,0,1,0.0,0,0,,0,0,0,0,0,4,0,0,0,0,1,0,0,0,0,0.00,0,0.00,0,0,0,0,0,0,0,0.00,0,0,0,0,0,0,4,0,0,2,2,0,0,,0,0,0,0,1,5,0,0,0.2,12,0,0,5,8,0,12,0,0,,0,,10,72,9,0,1,0,2,5,10,2,50000,2600000
Pablo Fornals,"MF,FW",West Ham,23,36,24,2172.0,24.1,2,5,7,2,0,0,3,0,2.3,2.3,2.5,4.8,0.08,0.21,0.29,0.08,0.10,0.10,0.10,0.20,0.0,0.0,0.0,0.0,0.0,0.0,0.0,0.0,0.0,0.0,0.0,0.0,0.0,0.0,0.0,0.0,0.0,0.0,0.0,0.0,0.0,0.0,0.0,0.0,36,11,30.6,1.49,0.46,0.06,0.18,18.1,678,909,74.6,9935,2578,400,455,87.9,189,255,74.1,53,101,52.5,19,61,23,3,91,869,39,8,6,13,61,4,19,1,51,2.11,51,2.11,39,5,1,2,2,2,9,0.37,9,0,0,0,0,0,46,28,21,18,7,19,64,29.7,45,35,1,34,25,71,15,0,24.1,1160,14,169,522,487,45,1160,33,15,45.5,18,54.5,687,3377,1574,45,31,10,40,26,783,156,80000,4160000
Pablo Marí,DF,Arsenal,25,2,2,113.0,1.3,0,0,0,0,0,0,0,0,0.0,0.0,0.0,0.0,0.00,0.00,0.00,0.00,0.00,0.00,0.00,0.00,0.0,0.0,0.0,0.0,0.0,0.0,0.0,0.0,0.0,0.0,0.0,0.0,0.0,0.0,0.0,0.0,0.0,0.0,0.0,0.0,0.0,0.0,0.0,0.0,0,0,,0.00,0.00,,,,85,100,85.0,1705,493,29,31,93.5,42,44,95.5,14,22,63.6,0,6,0,0,5,99,1,1,0,1,0,0,0,0,0,0.00,0,0.00,0,0,0,0,0,0,0,0.00,0,0,0,0,0,0,2,1,2,0,0,0,0,,0,0,0,0,1,3,10,0,1.3,114,19,53,59,2,0,114,0,0,,0,,70,476,294,0,0,0,0,0,83,0,85000,4420000
Pablo Zabaleta,DF,West Ham,34,10,6,592.0,6.6,0,0,0,0,0,0,2,0,0.0,0.0,0.4,0.4,0.00,0.00,0.00,0.00,0.00,0.05,0.00,0.05,0.0,0.0,0.0,0.0,0.0,0.0,0.0,0.0,0.0,0.0,0.0,0.0,0.0,0.0,0.0,0.0,0.0,0.0,0.0,0.0,0.0,0.0,0.0,0.0,0,0,,0.00,0.00,,,,242,330,73.3,3544,1592,146,168,86.9,84,115,73.0,8,26,30.8,3,22,5,1,29,261,69,4,0,0,16,65,0,0,5,0.76,5,0.76,4,0,0,0,1,0,0,0.00,0,0,0,0,0,0,18,10,12,5,1,6,13,46.2,7,5,3,2,14,32,21,0,6.6,410,39,122,206,84,6,410,3,2,66.7,1,33.3,184,769,395,10,6,1,4,1,200,41,75000,3900000
Pascal Groß,"MF,FW",Brighton,28,29,22,1796.0,20.0,2,4,6,2,0,0,4,0,1.6,1.6,5.3,6.9,0.10,0.20,0.30,0.10,0.08,0.26,0.08,0.34,0.0,0.0,0.0,0.0,0.0,0.0,0.0,0.0,0.0,0.0,0.0,0.0,0.0,0.0,0.0,0.0,0.0,0.0,0.0,0.0,0.0,0.0,0.0,0.0,29,9,31.0,1.45,0.45,0.07,0.22,22.6,765,1059,72.2,13347,3860,383,435,88.0,260,325,80.0,97,211,46.0,59,53,34,10,135,901,149,50,5,11,146,5,81,9,102,5.11,102,5.11,62,33,3,2,2,0,8,0.40,4,4,0,0,0,0,36,13,8,21,7,14,39,35.9,25,25,3,22,9,45,7,0,20.0,1244,16,112,546,590,48,1244,14,6,42.9,8,57.1,601,2856,1280,36,34,8,35,20,847,198,50000,2600000
Patrick Cutrone,FW,Wolves,21,12,3,297.0,3.3,2,0,2,2,0,0,0,0,2.2,2.2,0.3,2.5,0.61,0.00,0.61,0.61,0.68,0.08,0.68,0.76,0.0,0.0,0.0,0.0,0.0,0.0,0.0,0.0,0.0,0.0,0.0,0.0,0.0,0.0,0.0,0.0,0.0,0.0,0.0,0.0,0.0,0.0,0.0,0.0,11,4,36.4,3.33,1.21,0.18,0.50,13.8,42,65,64.6,474,79,24,33,72.7,11,17,64.7,0,5,0.0,2,2,1,1,1,57,8,0,1,0,6,0,0,0,5,1.52,5,1.52,2,0,0,2,1,0,0,0.00,0,0,0,0,0,0,4,2,2,1,1,1,5,20.0,4,1,1,0,2,6,1,0,3.3,102,1,11,49,44,13,102,5,3,60.0,2,40.0,51,321,135,5,3,1,8,9,57,20,62885,3270000
Patrick Roberts,"FW,MF",Norwich City,22,3,0,26.0,0.3,0,0,0,0,0,0,0,0,0.0,0.0,0.0,0.0,0.00,0.00,0.00,0.00,0.00,0.00,0.00,0.00,0.0,0.0,0.0,0.0,0.0,0.0,0.0,0.0,0.0,0.0,0.0,0.0,0.0,0.0,0.0,0.0,0.0,0.0,0.0,0.0,0.0,0.0,0.0,0.0,0,0,,0.00,0.00,,,,6,9,66.7,100,29,4,5,80.0,1,1,100.0,1,3,33.3,0,0,0,0,2,9,0,0,0,0,0,0,0,0,3,10.38,3,10.38,1,0,1,0,1,0,0,0.00,0,0,0,0,0,0,0,0,0,0,0,0,0,,0,0,0,0,0,0,0,0,0.3,11,0,2,7,4,0,11,4,4,100.0,0,0.0,9,84,52,1,2,0,0,0,9,2,40000,2080000
Patrick van Aanholt,DF,Crystal Palace,28,29,29,2507.0,27.9,3,2,5,2,1,1,0,0,2.1,1.3,3.7,5.1,0.11,0.07,0.18,0.07,0.08,0.13,0.05,0.18,0.0,0.0,0.0,0.0,0.0,0.0,0.0,0.0,0.0,0.0,0.0,0.0,0.0,0.0,0.0,0.0,0.0,0.0,0.0,0.0,0.0,0.0,0.0,0.0,26,5,19.2,0.93,0.18,0.08,0.40,21.7,1241,1595,77.8,19052,8208,668,758,88.1,470,590,79.7,73,163,44.8,32,89,23,3,143,1202,386,61,2,4,92,280,45,7,64,2.30,64,2.30,34,23,4,2,1,0,5,0.18,3,1,1,0,0,0,43,23,31,10,2,23,50,46.0,27,31,9,22,45,88,52,1,27.9,1870,89,529,848,515,41,1869,38,16,42.1,22,57.9,830,4462,2433,60,41,10,31,15,994,89,55000,2860000
Paul Dummett,DF,Newcastle Utd,27,16,14,1228.0,13.6,0,0,0,0,0,0,2,0,0.1,0.1,0.2,0.3,0.00,0.00,0.00,0.00,0.00,0.02,0.00,0.02,0.0,0.0,0.0,0.0,0.0,0.0,0.0,0.0,0.0,0.0,0.0,0.0,0.0,0.0,0.0,0.0,0.0,0.0,0.0,0.0,0.0,0.0,0.0,0.0,2,2,100.0,0.15,0.15,0.00,0.00,20.4,359,506,70.9,5789,2765,181,204,88.7,135,170,79.4,31,95,32.6,4,31,4,2,31,454,50,10,0,2,15,40,0,2,7,0.51,7,0.51,7,0,0,0,0,0,1,0.07,1,0,0,0,0,0,27,17,19,7,1,21,27,77.8,6,23,9,14,23,50,69,0,13.6,671,90,313,289,70,6,671,2,1,50.0,1,50.0,264,1286,700,7,9,1,3,1,333,16,35000,1820000
Paul Pogba,MF,Manchester Utd,26,16,13,1204.0,13.4,1,3,4,1,0,1,1,0,2.4,1.6,2.5,4.1,0.07,0.22,0.30,0.07,0.18,0.19,0.12,0.31,0.0,0.0,0.0,0.0,0.0,0.0,0.0,0.0,0.0,0.0,0.0,0.0,0.0,0.0,0.0,0.0,0.0,0.0,0.0,0.0,0.0,0.0,0.0,0.0,21,7,33.3,1.57,0.52,0.05,0.14,22.5,885,1045,84.7,16108,4680,419,470,89.1,324,359,90.3,117,155,75.5,30,115,22,1,111,1009,31,30,10,27,6,0,1,5,61,4.56,61,4.56,51,2,4,0,4,0,7,0.52,5,0,1,0,1,0,20,9,8,8,4,8,16,50.0,8,12,4,8,7,27,10,2,13.4,1175,32,211,713,262,26,1174,38,27,71.1,11,28.9,712,3122,1585,27,20,5,19,32,912,30,290000,15080000
Paulo Gazzaniga,GK,Tottenham,27,18,17,1613.0,17.9,0,0,0,0,0,0,1,0,0.0,0.0,0.3,0.3,0.00,0.00,0.00,0.00,0.00,0.02,0.00,0.02,1.45,82,56,72.0,2,11.8,22.6,0.23,62,232,26.7,377,63,37.1,33.3,142,64.8,48.5,262,7,2.7,16,0.89,17.6,0,0,,0.00,0.00,,,,334,522,64.0,8663,6235,93,93,100.0,148,150,98.7,92,275,33.5,1,5,0,0,0,352,167,25,0,0,0,0,0,3,1,0.06,1,0.06,1,0,0,0,0,0,0,0.00,0,0,0,0,0,0,0,0,0,0,0,0,0,,0,0,0,0,1,1,4,1,17.9,561,508,559,2,0,0,561,0,0,,0,,297,1356,904,0,0,0,0,0,232,0,20000,1040000
Pedro,"FW,MF",Chelsea,32,11,8,661.0,7.3,1,1,2,1,0,0,1,0,2.0,2.0,0.9,2.9,0.14,0.14,0.27,0.14,0.27,0.13,0.27,0.40,0.0,0.0,0.0,0.0,0.0,0.0,0.0,0.0,0.0,0.0,0.0,0.0,0.0,0.0,0.0,0.0,0.0,0.0,0.0,0.0,0.0,0.0,0.0,0.0,22,10,45.5,3.00,1.36,0.05,0.10,15.8,266,337,78.9,3670,833,163,185,88.1,68,89,76.4,16,30,53.3,17,16,17,1,41,332,5,2,4,4,20,2,1,0,35,4.77,35,4.77,23,1,3,6,2,0,4,0.54,2,0,1,1,0,0,15,7,5,9,1,3,15,20.0,12,9,0,9,9,24,1,0,7.3,431,4,49,208,182,35,431,21,12,57.1,9,42.9,310,1792,793,24,19,9,18,9,320,52,99808,5190000
Pedro Neto,"FW,MF",Wolves,19,29,9,939.0,10.4,3,3,6,3,0,0,3,0,2.2,2.2,2.6,4.8,0.29,0.29,0.58,0.29,0.21,0.25,0.21,0.46,0.0,0.0,0.0,0.0,0.0,0.0,0.0,0.0,0.0,0.0,0.0,0.0,0.0,0.0,0.0,0.0,0.0,0.0,0.0,0.0,0.0,0.0,0.0,0.0,17,6,35.3,1.63,0.58,0.18,0.50,16.9,303,400,75.8,4375,773,168,198,84.8,86,111,77.5,20,36,55.6,14,9,7,4,23,365,34,8,0,4,48,2,13,1,34,3.26,34,3.26,20,5,7,0,2,0,5,0.48,4,1,0,0,0,0,9,4,3,6,0,4,15,26.7,11,2,0,2,6,15,4,0,10.4,548,3,55,247,261,40,548,61,32,52.5,29,47.5,355,3078,1512,53,40,20,31,18,380,101,25000,1300000
Pepe Reina,GK,Aston Villa,36,12,12,1080.0,12.0,0,0,0,0,0,0,1,0,0.0,0.0,0.0,0.0,0.00,0.00,0.00,0.00,0.00,0.00,0.00,0.00,1.67,53,32,66.0,2,16.7,14.7,0.22,95,202,47.0,302,51,48.3,37.2,94,59.6,42.6,168,8,4.8,14,1.17,16.1,0,0,,0.00,0.00,,,,281,399,70.4,9063,7064,36,36,100.0,112,115,97.4,132,244,54.1,1,4,0,0,0,253,143,49,0,3,0,0,0,3,2,0.17,2,0.17,1,1,0,0,0,0,0,0.00,0,0,0,0,0,0,0,0,0,0,0,0,2,0.0,2,0,0,0,0,0,9,1,12.0,433,370,426,7,0,0,433,0,0,,0,,195,1258,757,0,0,0,1,0,166,0,91923,4780000
Phil Bardsley,DF,Burnley,34,21,21,1890.0,21.0,0,1,1,0,0,0,6,0,0.3,0.3,1.4,1.7,0.00,0.05,0.05,0.00,0.02,0.07,0.02,0.08,0.0,0.0,0.0,0.0,0.0,0.0,0.0,0.0,0.0,0.0,0.0,0.0,0.0,0.0,0.0,0.0,0.0,0.0,0.0,0.0,0.0,0.0,0.0,0.0,11,4,36.4,0.52,0.19,0.00,0.00,25.4,604,921,65.6,10172,4819,303,354,85.6,224,330,67.9,60,180,33.3,10,71,18,5,70,673,240,18,3,7,33,222,0,8,22,1.05,22,1.05,14,4,0,1,0,3,2,0.10,0,1,0,0,0,1,49,36,16,24,9,24,37,64.9,13,24,11,13,30,79,73,0,21.0,1154,99,328,618,213,11,1154,7,4,57.1,3,42.9,401,1877,942,23,20,1,13,3,485,27,25000,1300000
Phil Foden,"FW,MF",Manchester City,19,23,9,901.0,10.0,5,2,7,5,0,0,0,0,3.3,3.3,1.2,4.5,0.50,0.20,0.70,0.50,0.33,0.12,0.33,0.45,0.0,0.0,0.0,0.0,0.0,0.0,0.0,0.0,0.0,0.0,0.0,0.0,0.0,0.0,0.0,0.0,0.0,0.0,0.0,0.0,0.0,0.0,0.0,0.0,34,14,41.2,3.40,1.40,0.15,0.36,16.8,446,528,84.5,6109,1111,273,298,91.6,108,133,81.2,27,40,67.5,18,24,11,2,49,511,16,4,4,8,29,4,8,1,57,5.69,57,5.69,46,2,4,2,1,2,11,1.10,11,0,0,0,0,0,14,10,4,6,4,6,19,31.6,13,5,0,5,6,20,2,0,10.0,628,2,51,242,346,60,628,30,25,83.3,5,16.7,454,2198,1157,36,29,13,19,15,524,102,11923,620000
Phil Jagielka,DF,Sheffield Utd,36,6,2,244.0,2.7,0,0,0,0,0,0,0,0,0.0,0.0,0.0,0.0,0.00,0.00,0.00,0.00,0.00,0.00,0.00,0.00,0.0,0.0,0.0,0.0,0.0,0.0,0.0,0.0,0.0,0.0,0.0,0.0,0.0,0.0,0.0,0.0,0.0,0.0,0.0,0.0,0.0,0.0,0.0,0.0,0,0,,0.00,0.00,,,,61,80,76.3,1138,398,26,31,83.9,28,35,80.0,7,11,63.6,0,2,1,1,4,76,4,0,0,0,1,4,0,0,0,0.00,0,0.00,0,0,0,0,0,0,0,0.00,0,0,0,0,0,0,5,4,3,2,0,1,3,33.3,2,5,5,0,4,9,19,0,2.7,118,26,78,37,3,1,118,0,0,,0,,29,119,22,0,0,0,0,0,43,0,50000,2600000
Phil Jones,DF,Manchester Utd,27,2,2,135.0,1.5,0,0,0,0,0,0,0,0,0.1,0.1,0.0,0.1,0.00,0.00,0.00,0.00,0.09,0.00,0.09,0.09,0.0,0.0,0.0,0.0,0.0,0.0,0.0,0.0,0.0,0.0,0.0,0.0,0.0,0.0,0.0,0.0,0.0,0.0,0.0,0.0,0.0,0.0,0.0,0.0,2,1,50.0,1.33,0.67,0.00,0.00,10.5,82,99,82.8,1324,458,40,46,87.0,38,44,86.4,4,7,57.1,0,6,0,0,7,97,2,1,0,0,1,1,0,0,0,0.00,0,0.00,0,0,0,0,0,0,0,0.00,0,0,0,0,0,0,2,2,1,1,0,1,1,100.0,0,2,0,2,2,4,9,1,1.5,122,9,57,56,10,3,122,1,1,100.0,0,0.0,53,331,222,2,1,0,2,0,66,1,75000,3900000
Philip Billing,MF,Bournemouth,23,34,29,2530.0,28.1,1,1,2,1,0,0,8,0,2.0,2.0,1.7,3.6,0.04,0.04,0.07,0.04,0.07,0.06,0.07,0.13,0.0,0.0,0.0,0.0,0.0,0.0,0.0,0.0,0.0,0.0,0.0,0.0,0.0,0.0,0.0,0.0,0.0,0.0,0.0,0.0,0.0,0.0,0.0,0.0,33,8,24.2,1.17,0.28,0.03,0.13,20.7,879,1216,72.3,14318,3856,452,594,76.1,317,397,79.8,79,139,56.8,15,70,18,1,100,1149,62,19,1,10,14,43,0,5,50,1.78,50,1.78,38,3,3,3,2,1,3,0.11,3,0,0,0,0,0,72,46,30,37,5,17,65,26.2,48,59,16,43,66,138,97,1,28.1,1673,131,462,839,395,50,1673,35,22,62.9,13,37.1,873,4050,1646,29,30,4,51,28,905,59,15000,780000
Pierre Højbjerg,MF,Southampton,23,33,30,2752.0,30.6,0,1,1,0,0,0,5,0,3.2,3.2,1.8,5.0,0.00,0.03,0.03,0.00,0.11,0.06,0.11,0.16,0.0,0.0,0.0,0.0,0.0,0.0,0.0,0.0,0.0,0.0,0.0,0.0,0.0,0.0,0.0,0.0,0.0,0.0,0.0,0.0,0.0,0.0,0.0,0.0,46,11,23.9,1.50,0.36,0.00,0.00,22.0,1446,1870,77.3,25247,7081,647,764,84.7,621,787,78.9,141,235,60.0,30,159,27,7,219,1796,71,48,4,24,27,17,1,3,83,2.71,83,2.71,65,1,4,4,6,3,8,0.26,5,0,1,0,2,0,80,49,34,38,8,39,91,42.9,52,44,5,39,46,126,54,2,30.6,2248,83,412,1446,426,39,2248,52,40,76.9,12,23.1,1134,5822,2633,33,42,6,64,26,1340,55,50000,2600000
Pierre-Emerick Aubameyang,FW,Arsenal,30,36,35,3136.0,34.8,22,3,25,20,2,2,3,1,14.7,13.2,3.3,16.5,0.63,0.09,0.72,0.57,0.42,0.09,0.38,0.47,0.0,0.0,0.0,0.0,0.0,0.0,0.0,0.0,0.0,0.0,0.0,0.0,0.0,0.0,0.0,0.0,0.0,0.0,0.0,0.0,0.0,0.0,0.0,0.0,91,40,44.0,2.61,1.15,0.22,0.50,15.5,614,912,67.3,8262,2061,373,461,80.9,169,277,61.0,25,54,46.3,26,25,47,16,81,881,28,0,7,1,89,3,1,3,69,1.98,69,1.98,48,0,6,7,6,2,12,0.34,8,0,0,2,1,1,31,19,10,12,9,12,51,23.5,39,39,1,38,14,45,16,0,34.8,1233,26,143,436,667,150,1231,38,17,44.7,21,55.3,727,4964,2702,98,47,38,58,31,928,288,180000,9360000
Raheem Sterling,FW,Manchester City,24,33,30,2651.0,29.5,20,1,21,20,0,2,5,0,18.2,16.4,6.2,22.7,0.68,0.03,0.71,0.68,0.62,0.21,0.56,0.77,0.0,0.0,0.0,0.0,0.0,0.0,0.0,0.0,0.0,0.0,0.0,0.0,0.0,0.0,0.0,0.0,0.0,0.0,0.0,0.0,0.0,0.0,0.0,0.0,97,36,37.1,3.29,1.22,0.21,0.56,14.0,984,1231,79.9,11590,2334,685,760,90.1,208,278,74.8,18,34,52.9,48,29,49,4,100,1210,19,1,10,2,48,13,1,2,125,4.24,125,4.24,91,1,10,11,11,1,12,0.41,6,0,0,3,3,0,27,15,8,10,9,6,28,21.4,22,16,2,14,15,42,4,0,29.5,1608,11,85,509,1030,271,1606,107,56,52.3,51,47.7,1216,7347,3969,151,69,91,67,60,1319,429,150000,7800000
Ralf Fährmann,GK,Norwich City,30,1,1,21.0,0.2,0,0,0,0,0,0,0,0,0.0,0.0,0.0,0.0,0.00,0.00,0.00,0.00,0.00,0.00,0.00,0.00,4.29,2,1,100.0,,,1.2,0.08,,2,,7,2,28.6,22.7,3,0.0,15.7,5,1,20.0,,,11.3,0,0,,0.00,0.00,,,,7,10,70.0,94,38,6,6,100.0,1,2,50.0,0,2,0.0,0,0,0,0,0,7,3,0,0,0,0,0,0,0,0,0.00,0,0.00,0,0,0,0,0,0,0,0.00,0,0,0,0,0,0,0,0,0,0,0,0,0,,0,0,0,0,0,0,0,0,0.2,12,12,12,0,0,0,12,0,0,,0,,5,19,15,0,0,0,0,0,4,0,49423,2570000
Ravel Morrison,MF,Sheffield Utd,26,1,0,13.0,0.1,0,0,0,0,0,0,0,0,0.0,0.0,0.0,0.0,0.00,0.00,0.00,0.00,0.34,0.00,0.34,0.34,0.0,0.0,0.0,0.0,0.0,0.0,0.0,0.0,0.0,0.0,0.0,0.0,0.0,0.0,0.0,0.0,0.0,0.0,0.0,0.0,0.0,0.0,0.0,0.0,1,0,0.0,6.92,0.00,0.00,,12.9,5,6,83.3,46,25,4,4,100.0,0,0,,0,0,,0,2,0,0,1,6,0,0,0,0,0,0,0,0,1,6.92,1,6.92,1,0,0,0,0,0,0,0.00,0,0,0,0,0,0,0,0,0,0,0,0,0,,0,0,0,0,0,0,0,0,0.1,7,0,0,4,3,1,7,0,0,,0,,5,27,13,1,0,0,0,1,6,0,25000,1300000
Raúl Jiménez,FW,Wolves,28,38,37,3236.0,36.0,17,6,23,13,4,4,3,0,16.6,13.4,7.0,20.4,0.47,0.17,0.64,0.36,0.46,0.19,0.37,0.57,0.0,0.0,0.0,0.0,0.0,0.0,0.0,0.0,0.0,0.0,0.0,0.0,0.0,0.0,0.0,0.0,0.0,0.0,0.0,0.0,0.0,0.0,0.0,0.0,114,39,34.2,3.17,1.08,0.11,0.33,15.4,730,1031,70.8,10233,2468,420,515,81.6,169,234,72.2,67,109,61.5,48,67,25,3,102,1010,19,4,4,23,28,10,0,2,97,2.70,97,2.70,64,1,13,9,7,3,13,0.36,8,0,2,1,2,0,20,12,6,10,4,3,31,9.7,28,26,0,26,16,36,34,1,36.0,1476,38,125,741,630,192,1472,99,62,62.6,37,37.4,797,4867,2245,89,54,42,110,67,1153,223,41154,2140000
Reece James,DF,Chelsea,19,24,16,1515.0,16.8,0,2,2,0,0,0,1,0,0.8,0.8,2.7,3.5,0.00,0.12,0.12,0.00,0.04,0.16,0.04,0.21,0.0,0.0,0.0,0.0,0.0,0.0,0.0,0.0,0.0,0.0,0.0,0.0,0.0,0.0,0.0,0.0,0.0,0.0,0.0,0.0,0.0,0.0,0.0,0.0,18,3,16.7,1.07,0.18,0.00,0.00,20.7,1043,1284,81.2,16237,4525,557,616,90.4,381,459,83.0,69,129,53.5,24,54,26,16,98,1095,186,21,0,8,109,156,9,3,57,3.39,57,3.39,40,6,2,4,5,0,5,0.30,5,0,0,0,0,0,36,23,18,14,4,11,29,37.9,18,19,8,11,22,58,28,0,16.8,1480,41,336,696,463,18,1480,42,30,71.4,12,28.6,926,4331,2040,43,34,3,17,22,990,115,5000,260000
Reiss Nelson,FW,Arsenal,19,17,7,631.0,7.0,1,0,1,1,0,0,1,0,0.9,0.9,0.4,1.3,0.14,0.00,0.14,0.14,0.13,0.06,0.13,0.19,0.0,0.0,0.0,0.0,0.0,0.0,0.0,0.0,0.0,0.0,0.0,0.0,0.0,0.0,0.0,0.0,0.0,0.0,0.0,0.0,0.0,0.0,0.0,0.0,11,4,36.4,1.57,0.57,0.09,0.25,17.4,186,232,80.2,2759,727,107,118,90.7,55,65,84.6,14,24,58.3,9,9,8,1,20,214,18,3,0,1,24,1,14,0,20,2.85,20,2.85,11,4,2,3,0,0,1,0.14,0,0,0,1,0,0,11,8,5,4,2,7,17,41.2,10,13,2,11,3,14,3,0,7.0,318,4,44,135,149,26,318,32,17,53.1,15,46.9,210,1479,739,30,16,10,15,13,234,58,40000,2080000
Ricardo Pereira,DF,Leicester City,25,28,28,2520.0,28.0,3,2,5,3,0,0,1,0,1.2,1.2,3.8,4.9,0.11,0.07,0.18,0.11,0.04,0.13,0.04,0.18,0.0,0.0,0.0,0.0,0.0,0.0,0.0,0.0,0.0,0.0,0.0,0.0,0.0,0.0,0.0,0.0,0.0,0.0,0.0,0.0,0.0,0.0,0.0,0.0,18,5,27.8,0.64,0.18,0.17,0.60,18.4,1533,1948,78.7,23216,8673,829,936,88.6,587,733,80.1,79,154,51.3,27,100,34,7,177,1620,323,12,4,3,60,311,0,5,74,2.64,74,2.64,57,3,10,1,3,0,7,0.25,6,0,0,1,0,0,119,68,65,36,18,53,106,50.0,53,38,6,32,49,168,86,0,28.0,2401,102,595,1125,701,56,2401,101,60,59.4,41,40.6,1338,6824,4433,116,94,20,44,31,1471,138,70000,3640000
Richairo Živković,FW,Sheffield Utd,22,5,0,112.0,1.2,0,0,0,0,0,0,0,0,0.1,0.1,0.1,0.2,0.00,0.00,0.00,0.00,0.06,0.08,0.06,0.14,0.0,0.0,0.0,0.0,0.0,0.0,0.0,0.0,0.0,0.0,0.0,0.0,0.0,0.0,0.0,0.0,0.0,0.0,0.0,0.0,0.0,0.0,0.0,0.0,1,0,0.0,0.80,0.00,0.00,,11.6,17,19,89.5,215,19,11,12,91.7,5,6,83.3,0,0,,2,0,1,1,1,16,3,0,0,0,1,0,0,0,3,2.41,3,2.41,2,0,0,1,0,0,0,0.00,0,0,0,0,0,0,2,2,0,2,0,1,2,50.0,1,1,0,1,0,2,0,0,1.2,28,0,0,13,16,2,28,3,0,0.0,3,100.0,18,90,48,1,2,0,1,3,20,8,37692,1960000
Richarlison,"FW,MF",Everton,22,36,36,3070.0,34.1,13,3,16,13,0,0,8,0,9.1,9.1,6.7,15.7,0.38,0.09,0.47,0.38,0.27,0.20,0.27,0.46,0.0,0.0,0.0,0.0,0.0,0.0,0.0,0.0,0.0,0.0,0.0,0.0,0.0,0.0,0.0,0.0,0.0,0.0,0.0,0.0,0.0,0.0,0.0,0.0,90,32,35.6,2.64,0.94,0.14,0.41,14.8,533,853,62.5,7523,1907,285,388,73.5,172,250,68.8,24,56,42.9,34,31,30,3,93,830,19,1,6,1,56,5,2,4,93,2.73,93,2.73,53,0,9,11,18,2,9,0.26,5,0,1,1,2,0,70,47,28,28,14,27,56,48.2,29,34,4,30,12,82,42,0,34.1,1344,49,170,522,685,173,1344,111,61,55.0,50,45.0,855,5801,2545,95,68,44,92,74,938,222,90000,4680000
Riyad Mahrez,"FW,MF",Manchester City,28,33,21,1944.0,21.6,11,9,20,10,1,1,0,0,7.8,7.0,10.0,17.0,0.51,0.42,0.93,0.46,0.36,0.46,0.33,0.79,0.0,0.0,0.0,0.0,0.0,0.0,0.0,0.0,0.0,0.0,0.0,0.0,0.0,0.0,0.0,0.0,0.0,0.0,0.0,0.0,0.0,0.0,0.0,0.0,73,30,41.1,3.38,1.39,0.14,0.33,17.0,1015,1200,84.6,16034,3623,546,589,92.7,314,377,83.3,102,139,73.4,60,43,73,4,120,1118,77,12,11,16,89,10,55,5,148,6.86,148,6.86,92,16,24,4,10,2,30,1.39,15,2,6,1,5,1,28,14,11,9,8,11,38,28.9,27,31,1,30,18,46,8,2,21.6,1479,20,119,518,860,132,1478,89,52,58.4,37,41.6,1113,6947,3413,118,75,58,46,33,1161,246,200000,10400000
Rob Holding,DF,Arsenal,23,8,6,581.0,6.5,0,0,0,0,0,0,1,0,0.2,0.2,0.0,0.2,0.00,0.00,0.00,0.00,0.03,0.00,0.03,0.03,0.0,0.0,0.0,0.0,0.0,0.0,0.0,0.0,0.0,0.0,0.0,0.0,0.0,0.0,0.0,0.0,0.0,0.0,0.0,0.0,0.0,0.0,0.0,0.0,2,0,0.0,0.31,0.00,0.00,,6.3,307,354,86.7,6164,2025,95,104,91.3,174,185,94.1,37,60,61.7,0,13,2,0,16,343,9,8,0,6,0,1,0,2,2,0.31,2,0.31,2,0,0,0,0,0,0,0.00,0,0,0,0,0,0,4,2,3,1,0,1,3,33.3,2,10,6,4,5,9,45,1,6.5,440,73,242,189,10,6,440,4,2,50.0,2,50.0,292,1320,707,3,2,0,4,2,310,1,25000,1300000
Robbie Brady,MF,Burnley,27,17,5,454.0,5.0,1,2,3,1,0,0,1,0,1.1,1.1,0.4,1.5,0.20,0.40,0.59,0.20,0.22,0.07,0.22,0.29,0.0,0.0,0.0,0.0,0.0,0.0,0.0,0.0,0.0,0.0,0.0,0.0,0.0,0.0,0.0,0.0,0.0,0.0,0.0,0.0,0.0,0.0,0.0,0.0,12,1,8.3,2.38,0.20,0.08,1.00,15.8,100,169,59.2,1378,527,60,77,77.9,31,54,57.4,3,15,20.0,8,8,6,0,20,159,9,3,2,0,14,3,3,1,15,2.97,15,2.97,12,1,0,1,1,0,3,0.59,3,0,0,0,0,0,11,9,5,4,2,3,10,30.0,7,10,2,8,5,16,8,0,5.0,245,13,36,99,112,15,245,10,6,60.0,4,40.0,123,580,276,5,10,0,11,11,139,23,35000,1820000
Robert Snodgrass,"MF,FW",West Ham,31,24,17,1509.0,16.8,5,5,10,5,0,0,4,0,2.5,2.5,3.2,5.7,0.30,0.30,0.60,0.30,0.15,0.19,0.15,0.34,0.0,0.0,0.0,0.0,0.0,0.0,0.0,0.0,0.0,0.0,0.0,0.0,0.0,0.0,0.0,0.0,0.0,0.0,0.0,0.0,0.0,0.0,0.0,0.0,21,10,47.6,1.25,0.60,0.24,0.50,16.8,433,646,67.0,7212,2456,239,288,83.0,136,192,70.8,52,120,43.3,33,30,9,2,57,537,105,31,3,8,136,1,73,4,55,3.28,55,3.28,18,26,4,1,6,0,8,0.48,4,4,0,0,0,0,29,16,17,10,2,13,44,29.5,31,12,1,11,4,33,11,0,16.8,802,15,124,306,383,47,802,36,19,52.8,17,47.2,407,2713,1084,44,23,20,16,25,494,117,40000,2080000
Roberto,GK,West Ham,33,8,7,687.0,7.6,0,0,0,0,0,0,0,0,0.0,0.0,0.0,0.0,0.00,0.00,0.00,0.00,0.00,0.00,0.00,0.00,2.23,51,35,68.6,0,0.0,17.9,0.34,46,158,29.1,188,26,64.4,44.6,41,90.2,58.8,101,0,0.0,10,1.31,15.0,0,0,,0.00,0.00,,,,112,230,48.7,4057,3573,17,17,100.0,40,40,100.0,55,172,32.0,0,3,0,0,0,154,75,34,0,0,0,0,0,1,0,0.00,0,0.00,0,0,0,0,0,0,0,0.00,0,0,0,0,0,0,0,0,0,0,0,0,0,,0,0,0,0,0,0,2,2,7.6,258,229,257,1,0,0,258,0,0,,0,,117,768,619,0,0,0,1,0,78,0,30000,1560000
Roberto Firmino,FW,Liverpool,27,38,34,2988.0,33.2,9,8,17,9,0,0,0,0,14.0,14.0,6.5,20.5,0.27,0.24,0.51,0.27,0.42,0.20,0.42,0.62,0.0,0.0,0.0,0.0,0.0,0.0,0.0,0.0,0.0,0.0,0.0,0.0,0.0,0.0,0.0,0.0,0.0,0.0,0.0,0.0,0.0,0.0,0.0,0.0,99,38,38.4,2.98,1.14,0.09,0.24,13.7,941,1189,79.1,12229,3146,568,680,83.5,245,293,83.6,39,47,83.0,52,74,31,1,111,1154,31,3,8,1,9,15,0,4,114,3.43,114,3.43,90,0,12,7,2,3,20,0.60,16,0,2,1,0,1,37,19,8,14,15,10,43,23.3,33,34,3,31,7,44,11,1,33.2,1558,16,103,697,775,211,1558,90,52,57.8,38,42.2,1082,5483,2646,90,62,35,92,39,1203,218,180000,9360000
Roberto Pereyra,"FW,MF",Watford,28,28,17,1648.0,18.3,3,0,3,2,1,1,4,0,3.1,2.3,1.5,3.8,0.16,0.00,0.16,0.11,0.17,0.08,0.13,0.21,0.0,0.0,0.0,0.0,0.0,0.0,0.0,0.0,0.0,0.0,0.0,0.0,0.0,0.0,0.0,0.0,0.0,0.0,0.0,0.0,0.0,0.0,0.0,0.0,20,8,40.0,1.09,0.44,0.10,0.25,19.1,540,662,81.6,7482,1632,330,378,87.3,160,186,86.0,24,51,47.1,20,33,12,4,48,615,45,7,0,4,32,15,21,2,45,2.46,45,2.46,28,6,4,1,6,0,1,0.05,0,0,0,0,1,0,20,8,11,7,2,9,28,32.1,19,21,0,21,14,34,12,1,18.3,880,15,132,394,372,52,879,53,20,37.7,33,62.3,585,3601,1667,50,32,14,47,27,601,102,45000,2340000
Rodri,MF,Manchester City,23,35,29,2486.0,27.6,3,2,5,3,0,0,8,0,0.9,0.9,2.6,3.5,0.11,0.07,0.18,0.11,0.03,0.09,0.03,0.13,0.0,0.0,0.0,0.0,0.0,0.0,0.0,0.0,0.0,0.0,0.0,0.0,0.0,0.0,0.0,0.0,0.0,0.0,0.0,0.0,0.0,0.0,0.0,0.0,24,9,37.5,0.87,0.33,0.13,0.33,20.1,2400,2590,92.7,42557,10967,1051,1097,95.8,1032,1086,95.0,263,312,84.3,34,223,19,2,232,2562,27,25,2,23,8,2,0,1,75,2.72,75,2.72,65,0,3,3,3,1,4,0.14,3,0,0,1,0,0,50,30,17,25,8,23,63,36.5,40,19,5,14,26,76,35,0,27.6,2809,82,518,1848,471,28,2809,33,30,90.9,3,9.1,2085,9707,5115,41,71,1,22,28,2212,21,121154,6300000
Romain Saïss,DF,Wolves,29,33,31,2705.0,30.1,2,1,3,2,0,0,12,1,3.4,3.4,1.3,4.8,0.07,0.03,0.10,0.07,0.11,0.04,0.11,0.16,0.0,0.0,0.0,0.0,0.0,0.0,0.0,0.0,0.0,0.0,0.0,0.0,0.0,0.0,0.0,0.0,0.0,0.0,0.0,0.0,0.0,0.0,0.0,0.0,24,8,33.3,0.80,0.27,0.08,0.25,13.1,1285,1649,77.9,25611,9820,439,505,86.9,655,774,84.6,171,313,54.6,12,113,6,1,132,1602,43,35,1,24,9,8,0,4,30,1.00,30,1.00,24,1,1,3,0,1,2,0.07,1,0,0,1,0,0,55,38,37,15,3,32,46,69.6,14,31,16,15,55,110,127,3,30.1,1996,162,859,1056,88,28,1996,10,7,70.0,3,30.0,926,3842,2349,10,8,2,13,5,1192,9,21923,1140000
Ross Barkley,MF,Chelsea,25,21,13,1103.0,12.3,1,4,5,1,0,0,0,0,2.7,2.7,2.3,5.1,0.08,0.33,0.41,0.08,0.22,0.19,0.22,0.41,0.0,0.0,0.0,0.0,0.0,0.0,0.0,0.0,0.0,0.0,0.0,0.0,0.0,0.0,0.0,0.0,0.0,0.0,0.0,0.0,0.0,0.0,0.0,0.0,40,12,30.0,3.26,0.98,0.03,0.08,22.4,555,635,87.4,9250,1867,280,310,90.3,182,194,93.8,68,79,86.1,24,53,18,2,64,619,14,8,6,9,12,3,3,2,52,4.24,52,4.24,35,1,6,5,3,2,6,0.49,5,0,0,1,0,0,16,9,6,6,4,5,18,27.8,13,7,2,5,7,23,7,0,12.3,772,11,82,400,298,31,772,40,27,67.5,13,32.5,520,3158,1519,46,24,11,25,34,610,63,100000,5200000
Ruben Loftus-Cheek,"MF,FW",Chelsea,23,7,2,208.0,2.3,0,1,1,0,0,0,0,0,0.5,0.5,0.4,0.9,0.00,0.43,0.43,0.00,0.21,0.18,0.21,0.39,0.0,0.0,0.0,0.0,0.0,0.0,0.0,0.0,0.0,0.0,0.0,0.0,0.0,0.0,0.0,0.0,0.0,0.0,0.0,0.0,0.0,0.0,0.0,0.0,4,0,0.0,1.73,0.00,0.00,,9.6,119,133,89.5,1746,333,74,82,90.2,34,37,91.9,7,8,87.5,1,9,3,0,15,129,4,3,1,2,1,0,1,0,5,2.16,5,2.16,5,0,0,0,0,0,1,0.43,1,0,0,0,0,0,0,0,0,0,0,0,2,0.0,2,1,1,0,2,2,2,0,2.3,150,5,17,81,52,11,150,4,4,100.0,0,0.0,94,491,253,4,8,1,2,4,120,11,35000,1820000
Rui Patrício,GK,Wolves,31,38,38,3420.0,38.0,0,0,0,0,0,0,0,0,0.0,0.0,0.0,0.0,0.00,0.00,0.00,0.00,0.00,0.00,0.00,0.00,1.05,129,88,69.8,13,34.2,35.5,0.26,250,528,47.3,578,127,53.1,39.0,283,78.1,48.7,530,20,3.8,11,0.29,11.7,0,0,,0.00,0.00,,,,567,864,65.6,20538,16472,41,43,95.3,191,192,99.5,334,623,53.6,0,4,0,0,0,503,358,75,0,3,0,0,0,3,4,0.11,4,0.11,4,0,0,0,0,0,0,0.00,0,0,0,0,0,0,0,0,0,0,0,0,2,0.0,2,2,0,2,2,2,5,2,38.0,909,846,908,1,0,0,909,0,0,,0,,376,2655,1695,0,0,0,0,0,234,1,100000,5200000
Ryan Bennett,DF,Leicester City,29,5,3,331.0,3.7,0,0,0,0,0,0,0,0,0.0,0.0,0.0,0.0,0.00,0.00,0.00,0.00,0.00,0.00,0.00,0.00,0.0,0.0,0.0,0.0,0.0,0.0,0.0,0.0,0.0,0.0,0.0,0.0,0.0,0.0,0.0,0.0,0.0,0.0,0.0,0.0,0.0,0.0,0.0,0.0,1,0,0.0,0.15,0.00,0.00,,10.8,182,245,74.3,3384,1337,71,78,91.0,83,104,79.8,20,51,39.2,2,17,2,1,17,232,13,0,0,2,4,13,0,0,8,1.19,8,1.19,6,2,0,0,0,0,1,0.15,0,1,0,0,0,0,4,2,4,0,0,2,6,33.3,4,14,8,6,9,13,29,0,6.7,316,49,160,129,28,7,316,0,0,,0,,109,400,230,3,3,0,2,1,157,0,20000,1040000
Ryan Bennett,DF,Wolves,29,11,7,606.0,6.7,0,0,0,0,0,0,2,0,0.1,0.1,0.1,0.1,0.00,0.00,0.00,0.00,0.01,0.01,0.01,0.02,0.0,0.0,0.0,0.0,0.0,0.0,0.0,0.0,0.0,0.0,0.0,0.0,0.0,0.0,0.0,0.0,0.0,0.0,0.0,0.0,0.0,0.0,0.0,0.0,1,0,0.0,0.15,0.00,0.00,,10.8,182,245,74.3,3384,1337,71,78,91.0,83,104,79.8,20,51,39.2,2,17,2,1,17,232,13,0,0,2,4,13,0,0,8,1.19,8,1.19,6,2,0,0,0,0,1,0.15,0,1,0,0,0,0,4,2,4,0,0,2,6,33.3,4,14,8,6,9,13,29,0,6.7,316,49,160,129,28,7,316,0,0,,0,,109,400,230,3,3,0,2,1,157,0,20000,1040000
Ryan Bertrand,DF,Southampton,29,32,31,2742.0,30.5,1,1,2,1,0,0,3,1,1.7,1.7,3.3,5.1,0.03,0.03,0.07,0.03,0.06,0.11,0.06,0.17,0.0,0.0,0.0,0.0,0.0,0.0,0.0,0.0,0.0,0.0,0.0,0.0,0.0,0.0,0.0,0.0,0.0,0.0,0.0,0.0,0.0,0.0,0.0,0.0,18,3,16.7,0.59,0.10,0.06,0.33,19.4,1250,1702,73.4,19485,8031,726,840,86.4,411,545,75.4,81,197,41.1,30,104,32,16,130,1278,417,48,2,9,122,344,25,7,73,2.40,73,2.40,51,18,0,1,3,0,1,0.03,0,1,0,0,0,0,47,29,22,15,10,26,58,44.8,32,27,12,15,37,84,31,1,30.5,1972,58,364,960,665,44,1972,24,11,45.8,13,54.2,890,4825,2759,78,38,2,46,21,1044,134,70000,3640000
Ryan Fraser,"MF,FW",Bournemouth,25,28,21,2067.0,23.0,1,4,5,1,0,0,2,0,3.7,3.7,3.9,7.6,0.04,0.17,0.22,0.04,0.16,0.17,0.16,0.33,0.0,0.0,0.0,0.0,0.0,0.0,0.0,0.0,0.0,0.0,0.0,0.0,0.0,0.0,0.0,0.0,0.0,0.0,0.0,0.0,0.0,0.0,0.0,0.0,27,11,40.7,1.18,0.48,0.04,0.09,17.2,658,964,68.3,9972,3561,373,438,85.2,210,296,70.9,55,157,35.0,44,62,39,8,100,832,128,33,2,3,174,16,64,4,82,3.57,82,3.57,53,18,5,1,4,1,8,0.35,4,3,0,1,0,0,12,6,5,5,2,7,22,31.8,15,15,3,12,15,27,24,0,23.0,1129,22,171,401,573,58,1129,24,12,50.0,12,50.0,800,4732,2646,99,63,24,28,19,786,164,30000,1560000
Ryan Fredericks,DF,West Ham,26,27,25,2237.0,24.9,0,3,3,0,0,0,7,0,0.1,0.1,2.6,2.7,0.00,0.12,0.12,0.00,0.01,0.10,0.01,0.11,0.0,0.0,0.0,0.0,0.0,0.0,0.0,0.0,0.0,0.0,0.0,0.0,0.0,0.0,0.0,0.0,0.0,0.0,0.0,0.0,0.0,0.0,0.0,0.0,3,0,0.0,0.12,0.00,0.00,,20.6,797,1122,71.0,12092,5291,462,545,84.8,266,375,70.9,55,129,42.6,21,48,24,15,72,911,208,4,0,0,59,204,0,3,46,1.85,46,1.85,42,2,1,0,1,0,4,0.16,4,0,0,0,0,0,82,56,59,18,5,41,64,64.1,23,20,10,10,24,106,73,1,24.9,1396,92,458,571,377,28,1396,31,11,35.5,20,64.5,637,3518,1972,63,51,14,20,12,705,110,40000,2080000
Ryan Sessegnon,"DF,FW",Tottenham,19,6,4,342.0,3.8,0,0,0,0,0,0,0,0,0.1,0.1,0.1,0.1,0.00,0.00,0.00,0.00,0.02,0.02,0.02,0.03,0.0,0.0,0.0,0.0,0.0,0.0,0.0,0.0,0.0,0.0,0.0,0.0,0.0,0.0,0.0,0.0,0.0,0.0,0.0,0.0,0.0,0.0,0.0,0.0,1,0,0.0,0.26,0.00,0.00,,17.0,145,196,74.0,1931,755,92,105,87.6,40,55,72.7,6,17,35.3,2,12,2,1,17,170,26,1,0,1,13,24,1,0,4,1.05,4,1.05,4,0,0,0,0,0,0,0.00,0,0,0,0,0,0,6,4,2,4,0,3,6,50.0,3,0,0,0,3,9,12,0,3.8,233,7,50,104,82,9,233,6,4,66.7,2,33.3,151,636,418,13,7,3,10,1,147,24,55000,2860000
Rúben Neves,MF,Wolves,22,38,35,3056.0,34.0,2,2,4,2,0,0,9,0,2.0,2.0,2.2,4.2,0.06,0.06,0.12,0.06,0.06,0.06,0.06,0.12,0.0,0.0,0.0,0.0,0.0,0.0,0.0,0.0,0.0,0.0,0.0,0.0,0.0,0.0,0.0,0.0,0.0,0.0,0.0,0.0,0.0,0.0,0.0,0.0,61,10,16.4,1.80,0.29,0.03,0.20,28.0,1635,2070,79.0,34616,9325,523,618,84.6,752,878,85.6,324,487,66.5,29,194,23,6,216,1998,66,50,8,52,34,7,9,6,76,2.24,76,2.24,61,1,3,6,1,4,3,0.09,2,0,0,1,0,0,62,33,27,32,3,34,86,39.5,52,38,9,29,56,118,34,1,34.0,2374,74,507,1536,347,3,2374,26,22,84.6,4,15.4,1232,4825,2393,19,31,0,17,10,1559,23,50000,2600000
Rúben Vinagre,"MF,DF",Wolves,20,16,6,652.0,7.2,0,0,0,0,0,0,1,0,0.3,0.3,0.6,0.9,0.00,0.00,0.00,0.00,0.04,0.08,0.04,0.12,0.0,0.0,0.0,0.0,0.0,0.0,0.0,0.0,0.0,0.0,0.0,0.0,0.0,0.0,0.0,0.0,0.0,0.0,0.0,0.0,0.0,0.0,0.0,0.0,5,0,0.0,0.69,0.00,0.00,,13.6,255,342,74.6,3595,1129,168,191,88.0,72,98,73.5,11,26,42.3,4,11,8,8,8,271,70,1,0,1,30,69,0,1,10,1.38,10,1.38,8,0,1,0,1,0,1,0.14,1,0,0,0,0,0,23,13,15,6,2,12,15,80.0,3,7,2,5,11,34,22,0,7.2,463,15,131,202,133,14,463,44,20,45.5,24,54.5,232,1856,1067,36,16,8,10,14,257,32,30000,1560000
Sadio Mané,FW,Liverpool,27,35,31,2747.0,30.5,18,7,25,18,0,0,3,0,13.2,13.2,6.6,19.8,0.59,0.23,0.82,0.59,0.43,0.22,0.43,0.65,0.0,0.0,0.0,0.0,0.0,0.0,0.0,0.0,0.0,0.0,0.0,0.0,0.0,0.0,0.0,0.0,0.0,0.0,0.0,0.0,0.0,0.0,0.0,0.0,77,36,46.8,2.52,1.18,0.23,0.50,13.5,923,1170,78.9,13179,3117,536,628,85.4,260,327,79.5,64,90,71.1,59,67,72,7,128,1143,23,7,6,11,49,13,1,4,114,3.73,114,3.73,91,0,6,3,12,2,16,0.52,9,0,1,1,4,1,44,32,9,20,15,13,40,32.5,27,19,0,19,13,57,11,2,30.5,1547,15,113,565,897,201,1547,110,69,62.7,41,37.3,1195,7762,3888,159,103,62,100,57,1256,286,100000,5200000
Sam Byram,DF,Norwich City,25,17,15,1293.0,14.4,0,0,0,0,0,0,4,0,1.4,1.4,0.4,1.7,0.00,0.00,0.00,0.00,0.10,0.03,0.10,0.12,0.0,0.0,0.0,0.0,0.0,0.0,0.0,0.0,0.0,0.0,0.0,0.0,0.0,0.0,0.0,0.0,0.0,0.0,0.0,0.0,0.0,0.0,0.0,0.0,15,2,13.3,1.04,0.14,0.00,0.00,11.4,609,771,79.0,8069,2654,398,446,89.2,167,218,76.6,20,54,37.0,6,24,3,1,41,632,137,11,0,0,7,126,0,2,21,1.46,21,1.46,15,0,0,3,2,1,0,0.00,0,0,0,0,0,0,40,22,24,11,5,18,37,48.6,19,16,8,8,26,66,73,0,14.4,1007,84,386,393,234,37,1007,15,6,40.0,9,60.0,459,2088,910,21,18,2,13,5,505,58,30000,1560000
Sam Surridge,"FW,MF",Bournemouth,21,4,0,27.0,0.3,0,0,0,0,0,0,0,0,0.5,0.5,0.1,0.6,0.00,0.00,0.00,0.00,1.75,0.19,1.75,1.94,0.0,0.0,0.0,0.0,0.0,0.0,0.0,0.0,0.0,0.0,0.0,0.0,0.0,0.0,0.0,0.0,0.0,0.0,0.0,0.0,0.0,0.0,0.0,0.0,2,0,0.0,6.67,0.00,0.00,,11.9,5,11,45.5,72,21,2,6,33.3,3,4,75.0,0,0,,1,1,1,0,2,9,1,0,0,0,1,0,0,1,0,0.00,0,0.00,0,0,0,0,0,0,0,0.00,0,0,0,0,0,0,0,0,0,0,0,0,0,,0,1,0,1,1,1,0,0,0.3,22,0,3,6,13,6,22,2,1,50.0,1,50.0,12,61,20,0,0,1,3,1,16,5,5385,280000
Sander Berge,MF,Sheffield Utd,21,14,12,943.0,10.5,1,1,2,1,0,0,0,0,0.6,0.6,0.6,1.3,0.10,0.10,0.19,0.10,0.06,0.06,0.06,0.12,0.0,0.0,0.0,0.0,0.0,0.0,0.0,0.0,0.0,0.0,0.0,0.0,0.0,0.0,0.0,0.0,0.0,0.0,0.0,0.0,0.0,0.0,0.0,0.0,5,2,40.0,0.48,0.19,0.20,0.50,13.5,298,392,76.0,4903,1051,124,158,78.5,135,158,85.4,24,38,63.2,2,33,8,2,52,384,8,6,0,3,22,2,0,0,7,0.67,7,0.67,5,0,1,1,0,0,2,0.19,1,0,1,0,0,0,22,15,3,14,5,5,10,50.0,5,15,1,14,10,32,16,0,10.5,502,20,74,251,184,19,502,20,15,75.0,5,25.0,261,1479,655,18,8,3,15,7,309,35,40000,2080000
Scott Dann,DF,Crystal Palace,32,16,14,1266.0,14.1,0,1,1,0,0,0,0,0,0.8,0.8,0.4,1.2,0.00,0.07,0.07,0.00,0.06,0.03,0.06,0.09,0.0,0.0,0.0,0.0,0.0,0.0,0.0,0.0,0.0,0.0,0.0,0.0,0.0,0.0,0.0,0.0,0.0,0.0,0.0,0.0,0.0,0.0,0.0,0.0,8,2,25.0,0.57,0.14,0.00,0.00,9.3,475,586,81.1,8598,3924,184,211,87.2,224,251,89.2,50,90,55.6,5,19,0,0,28,556,29,28,0,2,2,1,0,1,10,0.71,10,0.71,9,0,0,1,0,0,1,0.07,1,0,0,0,0,0,8,4,7,1,0,8,14,57.1,6,9,7,2,14,22,67,0,14.1,704,108,408,271,28,22,704,6,5,83.3,1,16.7,332,1342,892,1,4,2,5,1,388,2,60000,3120000
Scott McTominay,MF,Manchester Utd,22,27,20,1772.0,19.7,4,1,5,4,0,0,2,0,2.2,2.2,1.0,3.2,0.20,0.05,0.25,0.20,0.11,0.05,0.11,0.16,0.0,0.0,0.0,0.0,0.0,0.0,0.0,0.0,0.0,0.0,0.0,0.0,0.0,0.0,0.0,0.0,0.0,0.0,0.0,0.0,0.0,0.0,0.0,0.0,29,10,34.5,1.47,0.51,0.14,0.40,20.9,822,1028,80.0,14868,4007,352,422,83.4,340,401,84.8,103,143,72.0,16,92,11,3,95,994,32,31,2,12,14,1,0,2,46,2.34,46,2.34,36,0,1,4,5,0,3,0.15,3,0,0,0,0,0,43,22,14,25,4,17,32,53.1,15,25,5,20,31,74,34,2,19.7,1293,67,297,781,226,22,1293,46,31,67.4,15,32.6,696,3774,1668,25,27,3,36,29,849,27,10000,520000
Sead Kolašinac,DF,Arsenal,26,26,19,1701.0,18.9,0,2,2,0,0,0,4,0,0.4,0.4,1.3,1.7,0.00,0.11,0.11,0.00,0.02,0.07,0.02,0.09,0.0,0.0,0.0,0.0,0.0,0.0,0.0,0.0,0.0,0.0,0.0,0.0,0.0,0.0,0.0,0.0,0.0,0.0,0.0,0.0,0.0,0.0,0.0,0.0,4,0,0.0,0.21,0.00,0.00,,12.2,877,1041,84.2,12502,3694,516,565,91.3,301,367,82.0,30,52,57.7,10,46,13,4,74,925,113,4,0,1,29,109,0,3,28,1.48,28,1.48,28,0,0,0,0,0,3,0.16,3,0,0,0,0,0,29,16,18,6,5,12,23,52.2,11,14,4,10,25,54,34,1,18.9,1202,61,361,570,281,29,1202,21,16,76.2,5,23.8,631,3253,2016,36,33,11,21,11,755,88,100000,5200000
Sean Longstaff,MF,Newcastle Utd,21,23,14,1378.0,15.3,1,1,2,1,0,0,2,1,1.4,1.4,1.2,2.5,0.07,0.07,0.13,0.07,0.09,0.08,0.09,0.17,0.0,0.0,0.0,0.0,0.0,0.0,0.0,0.0,0.0,0.0,0.0,0.0,0.0,0.0,0.0,0.0,0.0,0.0,0.0,0.0,0.0,0.0,0.0,0.0,25,7,28.0,1.63,0.46,0.04,0.14,24.8,509,666,76.4,8654,2264,239,282,84.8,186,221,84.2,56,106,52.8,15,37,5,1,33,609,56,41,1,11,33,1,12,1,36,2.35,36,2.35,21,9,1,2,2,1,3,0.20,1,0,0,1,0,1,35,19,17,16,2,20,50,40.0,30,23,5,18,19,54,20,2,15.3,857,39,203,500,158,7,857,18,7,38.9,11,61.1,450,1936,661,8,5,2,26,16,498,12,769,40000
Sebastian Prödl,DF,Watford,32,1,1,56.0,0.6,0,0,0,0,0,0,0,0,0.1,0.1,0.0,0.1,0.00,0.00,0.00,0.00,0.16,0.00,0.16,0.16,0.0,0.0,0.0,0.0,0.0,0.0,0.0,0.0,0.0,0.0,0.0,0.0,0.0,0.0,0.0,0.0,0.0,0.0,0.0,0.0,0.0,0.0,0.0,0.0,2,0,0.0,3.21,0.00,0.00,,10.7,6,11,54.5,63,34,5,6,83.3,1,3,33.3,0,2,0.0,0,0,0,0,0,11,0,0,0,0,0,0,0,0,0,0.00,0,0.00,0,0,0,0,0,0,0,0.00,0,0,0,0,0,0,0,0,0,0,0,0,0,,0,0,0,0,0,0,4,0,0.6,17,3,7,8,2,2,17,0,0,,0,,3,5,1,0,0,0,0,0,7,0,45000,2340000
Serge Aurier,DF,Tottenham,26,33,31,2700.0,30.0,1,5,6,1,0,0,4,1,0.5,0.5,3.4,3.9,0.03,0.17,0.20,0.03,0.02,0.11,0.02,0.13,0.0,0.0,0.0,0.0,0.0,0.0,0.0,0.0,0.0,0.0,0.0,0.0,0.0,0.0,0.0,0.0,0.0,0.0,0.0,0.0,0.0,0.0,0.0,0.0,13,4,30.8,0.43,0.13,0.08,0.25,19.1,1263,1676,75.4,17830,6134,768,874,87.9,382,533,71.7,54,124,43.5,33,62,37,16,93,1409,264,9,0,3,137,255,0,3,50,1.67,50,1.67,44,2,2,0,1,1,6,0.20,6,0,0,0,0,0,93,69,58,27,8,39,69,56.5,30,38,6,32,47,140,98,2,30.0,2078,124,573,909,619,52,2078,64,39,60.9,25,39.1,1148,4661,2407,66,54,6,54,28,1144,205,70000,3640000
Sergio Agüero,FW,Manchester City,31,24,18,1452.0,16.1,16,3,19,14,2,3,1,0,14.5,12.1,2.3,14.4,0.99,0.19,1.18,0.87,0.90,0.14,0.75,0.89,0.0,0.0,0.0,0.0,0.0,0.0,0.0,0.0,0.0,0.0,0.0,0.0,0.0,0.0,0.0,0.0,0.0,0.0,0.0,0.0,0.0,0.0,0.0,0.0,73,24,32.9,4.52,1.49,0.19,0.58,13.7,286,365,78.4,3050,674,186,218,85.3,60,76,78.9,2,5,40.0,18,15,19,0,34,347,17,1,1,0,9,1,0,1,57,3.53,57,3.53,31,0,9,12,5,0,7,0.43,3,0,1,2,1,0,7,4,0,4,3,1,8,12.5,7,9,1,8,3,10,2,0,16.1,544,4,17,178,356,131,541,40,24,60.0,16,40.0,405,2057,816,35,26,23,34,30,436,105,230192,11970000
Shane Duffy,DF,Brighton,27,19,12,1238.0,13.8,1,0,1,1,0,0,2,0,1.2,1.2,0.2,1.3,0.07,0.00,0.07,0.07,0.09,0.01,0.09,0.10,0.0,0.0,0.0,0.0,0.0,0.0,0.0,0.0,0.0,0.0,0.0,0.0,0.0,0.0,0.0,0.0,0.0,0.0,0.0,0.0,0.0,0.0,0.0,0.0,7,1,14.3,0.51,0.07,0.14,1.00,10.9,521,647,80.5,10654,3802,158,186,84.9,297,337,88.1,63,110,57.3,2,23,3,1,29,615,31,27,0,11,1,4,0,1,7,0.51,7,0.51,5,0,1,1,0,0,0,0.00,0,0,0,0,0,0,18,9,14,4,0,6,17,35.3,11,13,7,6,21,39,72,0,13.8,807,115,446,330,34,19,807,4,3,75.0,1,25.0,357,1742,913,4,6,0,9,3,458,2,40000,2080000
Shane Long,FW,Southampton,32,26,15,1395.0,15.5,2,2,4,2,0,0,0,0,4.8,4.8,2.4,7.2,0.13,0.13,0.26,0.13,0.31,0.15,0.31,0.46,0.0,0.0,0.0,0.0,0.0,0.0,0.0,0.0,0.0,0.0,0.0,0.0,0.0,0.0,0.0,0.0,0.0,0.0,0.0,0.0,0.0,0.0,0.0,0.0,33,13,39.4,2.13,0.84,0.06,0.15,11.3,210,402,52.2,2470,652,152,241,63.1,35,82,42.7,6,19,31.6,20,17,10,2,20,400,1,0,0,2,19,1,0,1,35,2.26,35,2.26,26,0,1,4,4,0,3,0.19,1,0,0,2,0,0,19,10,5,8,6,7,19,36.8,12,12,0,12,4,23,16,0,15.5,597,15,42,256,301,67,597,13,6,46.2,7,53.8,270,1214,453,23,12,8,58,20,458,105,60000,3120000
Shkodran Mustafi,DF,Arsenal,27,15,13,1207.0,13.4,0,1,1,0,0,0,2,0,0.9,0.9,0.4,1.3,0.00,0.07,0.07,0.00,0.07,0.03,0.07,0.10,0.0,0.0,0.0,0.0,0.0,0.0,0.0,0.0,0.0,0.0,0.0,0.0,0.0,0.0,0.0,0.0,0.0,0.0,0.0,0.0,0.0,0.0,0.0,0.0,11,3,27.3,0.82,0.22,0.00,0.00,9.4,693,848,81.7,14566,4890,172,212,81.1,424,469,90.4,94,144,65.3,3,48,1,1,61,825,22,21,0,9,2,1,0,1,3,0.22,3,0.22,2,0,0,1,0,0,1,0.07,0,0,0,1,0,0,17,10,11,5,1,6,12,50.0,6,10,6,4,18,35,72,0,13.4,988,112,471,491,30,15,988,3,3,100.0,0,0.0,629,3439,2160,7,4,0,4,1,680,6,90000,4680000
Simon Francis,DF,Bournemouth,34,15,10,969.0,10.8,0,0,0,0,0,0,5,1,0.1,0.1,0.2,0.4,0.00,0.00,0.00,0.00,0.01,0.02,0.01,0.03,0.0,0.0,0.0,0.0,0.0,0.0,0.0,0.0,0.0,0.0,0.0,0.0,0.0,0.0,0.0,0.0,0.0,0.0,0.0,0.0,0.0,0.0,0.0,0.0,3,0,0.0,0.28,0.00,0.00,,12.5,426,567,75.1,7646,2996,201,230,87.4,183,224,81.7,41,98,41.8,4,26,3,2,26,524,42,12,0,8,16,30,0,1,9,0.84,9,0.84,7,0,0,2,0,0,1,0.09,1,0,0,0,0,0,13,9,11,2,0,11,21,52.4,10,17,12,5,20,33,71,0,10.8,711,103,373,269,73,12,711,7,4,57.1,3,42.9,407,1734,802,5,4,0,4,2,387,16,30000,1560000
Simon Moore,GK,Sheffield Utd,29,2,2,180.0,2.0,0,0,0,0,0,0,0,0,0.0,0.0,0.0,0.0,0.00,0.00,0.00,0.00,0.00,0.00,0.00,0.00,3.00,11,5,45.5,0,0.0,4.5,0.41,10,39,25.6,37,4,75.7,51.2,11,100.0,69.5,20,0,0.0,0,0.00,7.0,0,0,,0.00,0.00,,,,19,48,39.6,823,708,1,1,100.0,8,8,100.0,10,39,25.6,0,0,0,0,0,25,23,12,0,1,0,0,0,0,0,0.00,0,0.00,0,0,0,0,0,0,0,0.00,0,0,0,0,0,0,1,0,1,0,0,1,1,100.0,0,0,0,0,0,1,0,1,2.0,51,43,50,1,0,0,51,0,0,,0,,18,140,93,0,0,0,0,0,10,0,5000,260000
Sofiane Boufal,"MF,FW",Southampton,25,20,8,764.0,8.5,0,2,2,0,0,0,2,0,1.0,1.0,2.9,3.9,0.00,0.24,0.24,0.00,0.12,0.34,0.12,0.46,0.0,0.0,0.0,0.0,0.0,0.0,0.0,0.0,0.0,0.0,0.0,0.0,0.0,0.0,0.0,0.0,0.0,0.0,0.0,0.0,0.0,0.0,0.0,0.0,18,7,38.9,2.12,0.82,0.00,0.00,21.3,232,321,72.3,3322,947,145,180,80.6,66,92,71.7,12,27,44.4,15,24,8,2,41,311,10,1,1,1,27,6,1,0,40,4.72,40,4.72,22,0,7,0,7,4,2,0.24,1,0,1,0,0,0,16,8,6,5,5,6,15,40.0,9,17,0,17,4,20,1,0,8.5,496,3,39,190,283,49,496,86,53,61.6,33,38.4,350,2773,1408,48,33,24,33,40,372,67,65000,3380000
Sokratis Papastathopoulos,DF,Arsenal,31,19,19,1696.0,18.8,2,0,2,2,0,0,6,0,1.1,1.1,0.3,1.3,0.11,0.00,0.11,0.11,0.06,0.01,0.06,0.07,0.0,0.0,0.0,0.0,0.0,0.0,0.0,0.0,0.0,0.0,0.0,0.0,0.0,0.0,0.0,0.0,0.0,0.0,0.0,0.0,0.0,0.0,0.0,0.0,7,2,28.6,0.37,0.11,0.29,1.00,9.9,914,1043,87.6,18075,6123,315,333,94.6,470,511,92.0,117,173,67.6,2,35,1,0,27,996,44,34,1,14,1,10,0,3,6,0.32,6,0.32,4,0,0,1,1,0,0,0.00,0,0,0,0,0,0,25,16,17,7,1,10,21,47.6,11,30,24,6,17,42,68,1,18.8,1215,185,715,462,41,13,1215,5,5,100.0,0,0.0,739,3500,1966,5,3,0,4,5,859,5,100000,5200000
Solly March,"FW,MF",Brighton,25,19,11,1143.0,12.7,0,1,1,0,0,0,2,0,1.4,1.4,0.9,2.3,0.00,0.08,0.08,0.00,0.11,0.07,0.11,0.18,0.0,0.0,0.0,0.0,0.0,0.0,0.0,0.0,0.0,0.0,0.0,0.0,0.0,0.0,0.0,0.0,0.0,0.0,0.0,0.0,0.0,0.0,0.0,0.0,21,8,38.1,1.65,0.63,0.00,0.00,18.5,451,622,72.5,7809,2100,223,258,86.4,174,233,74.7,45,98,45.9,13,21,23,8,55,532,90,8,1,15,67,63,15,0,39,3.07,39,3.07,28,3,4,2,2,0,4,0.31,3,1,0,0,0,0,25,12,16,6,3,9,19,47.4,10,16,4,12,20,45,14,2,12.7,780,23,131,304,355,41,780,28,16,57.1,12,42.9,412,2760,1503,50,30,13,16,30,492,112,30000,1560000
Son Heung-min,FW,Tottenham,27,30,28,2476.0,27.5,11,10,21,11,0,1,0,2,8.9,8.0,6.4,14.4,0.40,0.36,0.76,0.40,0.32,0.23,0.29,0.53,0.0,0.0,0.0,0.0,0.0,0.0,0.0,0.0,0.0,0.0,0.0,0.0,0.0,0.0,0.0,0.0,0.0,0.0,0.0,0.0,0.0,0.0,0.0,0.0,80,37,46.3,2.91,1.34,0.14,0.30,17.2,702,889,79.0,9573,2171,440,497,88.5,171,214,79.9,38,82,46.3,41,40,25,2,71,808,80,13,7,7,77,14,48,1,99,3.60,99,3.60,64,6,14,11,4,0,19,0.69,12,1,2,3,1,0,23,15,10,11,2,9,57,15.8,48,23,0,23,19,42,18,1,27.5,1230,25,144,462,641,137,1229,107,62,57.9,45,42.1,833,5246,2550,90,49,56,66,57,853,215,95000,4940000
Steve Cook,DF,Bournemouth,28,29,28,2428.0,27.0,1,0,1,1,0,0,6,1,0.7,0.7,0.5,1.2,0.04,0.00,0.04,0.04,0.03,0.02,0.03,0.04,0.0,0.0,0.0,0.0,0.0,0.0,0.0,0.0,0.0,0.0,0.0,0.0,0.0,0.0,0.0,0.0,0.0,0.0,0.0,0.0,0.0,0.0,0.0,0.0,11,2,18.2,0.41,0.07,0.09,0.50,12.1,1016,1296,78.4,20536,7661,279,334,83.5,613,705,87.0,118,222,53.2,4,46,2,0,73,1234,57,38,0,7,1,19,0,5,10,0.37,10,0.37,7,2,0,1,0,0,0,0.00,0,0,0,0,0,0,22,11,18,4,0,8,20,40.0,12,32,23,9,44,66,153,1,27.0,1593,230,882,658,65,23,1593,3,3,100.0,0,0.0,858,4077,2154,7,4,0,4,3,905,5,45000,2340000
Steven Alzate,"MF,DF",Brighton,20,19,12,1188.0,13.2,0,0,0,0,0,0,1,0,1.2,1.2,0.7,2.0,0.00,0.00,0.00,0.00,0.09,0.06,0.09,0.15,0.0,0.0,0.0,0.0,0.0,0.0,0.0,0.0,0.0,0.0,0.0,0.0,0.0,0.0,0.0,0.0,0.0,0.0,0.0,0.0,0.0,0.0,0.0,0.0,13,3,23.1,0.98,0.23,0.00,0.00,18.3,556,661,84.1,8283,2031,316,354,89.3,210,241,87.1,20,28,71.4,14,28,17,3,66,605,55,6,1,2,8,49,0,1,38,2.88,38,2.88,29,0,6,2,1,0,2,0.15,1,0,0,0,1,0,33,19,20,11,2,17,27,63.0,10,18,3,15,14,47,13,0,13.2,831,32,190,397,251,36,831,47,35,74.5,12,25.5,456,2796,1437,34,34,11,25,28,545,92,15000,780000
Steven Bergwijn,"FW,MF",Tottenham,21,14,8,704.0,7.8,3,1,4,3,0,0,2,0,1.0,1.0,0.9,1.9,0.38,0.13,0.51,0.38,0.13,0.11,0.13,0.25,0.0,0.0,0.0,0.0,0.0,0.0,0.0,0.0,0.0,0.0,0.0,0.0,0.0,0.0,0.0,0.0,0.0,0.0,0.0,0.0,0.0,0.0,0.0,0.0,9,4,44.4,1.15,0.51,0.33,0.75,15.1,216,256,84.4,2488,425,146,161,90.7,39,50,78.0,4,8,50.0,13,6,11,4,12,246,10,3,2,0,10,2,3,0,30,3.84,30,3.84,27,0,1,0,2,0,3,0.38,3,0,0,0,0,0,10,6,3,6,1,4,12,33.3,8,12,0,12,1,11,5,0,7.8,340,3,47,161,137,19,340,18,8,44.4,10,55.6,226,1400,759,24,17,6,17,10,233,50,75000,3900000
Stuart Armstrong,MF,Southampton,27,30,19,1715.0,19.1,5,3,8,5,0,0,4,0,2.8,2.8,2.0,4.8,0.26,0.16,0.42,0.26,0.15,0.10,0.15,0.25,0.0,0.0,0.0,0.0,0.0,0.0,0.0,0.0,0.0,0.0,0.0,0.0,0.0,0.0,0.0,0.0,0.0,0.0,0.0,0.0,0.0,0.0,0.0,0.0,46,20,43.5,2.41,1.05,0.11,0.25,21.2,464,616,75.3,6611,2171,265,323,82.0,154,191,80.6,22,35,62.9,18,36,22,4,71,594,21,0,2,0,23,13,0,1,60,3.15,60,3.15,43,0,6,5,5,1,8,0.42,4,0,1,2,0,1,32,19,19,11,2,9,38,23.7,29,22,4,18,11,43,23,1,19.1,889,49,149,419,335,42,889,53,30,56.6,23,43.4,470,3237,1472,45,34,8,55,25,544,101,50000,2600000
Séamus Coleman,DF,Everton,30,27,21,1839.0,20.4,0,1,1,0,0,0,5,1,0.9,0.9,1.7,2.7,0.00,0.05,0.05,0.00,0.05,0.08,0.05,0.13,0.0,0.0,0.0,0.0,0.0,0.0,0.0,0.0,0.0,0.0,0.0,0.0,0.0,0.0,0.0,0.0,0.0,0.0,0.0,0.0,0.0,0.0,0.0,0.0,8,3,37.5,0.39,0.15,0.00,0.00,16.0,827,1087,76.1,12093,5112,450,511,88.1,282,370,76.2,45,107,42.1,9,53,12,3,77,857,227,10,0,5,43,217,0,3,27,1.32,27,1.32,17,1,6,2,1,0,3,0.15,2,0,0,1,0,0,42,31,24,14,4,19,25,76.0,6,21,9,12,24,66,43,1,20.4,1322,80,414,606,316,28,1322,58,38,65.5,20,34.5,691,3894,2055,49,38,7,35,14,692,93,70000,3640000
Sébastien Haller,FW,West Ham,25,32,24,2266.0,25.2,7,1,8,7,0,0,1,0,8.0,8.0,2.5,10.5,0.28,0.04,0.32,0.28,0.32,0.10,0.32,0.42,0.0,0.0,0.0,0.0,0.0,0.0,0.0,0.0,0.0,0.0,0.0,0.0,0.0,0.0,0.0,0.0,0.0,0.0,0.0,0.0,0.0,0.0,0.0,0.0,56,26,46.4,2.22,1.03,0.13,0.27,11.4,506,779,65.0,6620,1336,327,475,68.8,122,181,67.4,25,37,67.6,24,52,13,0,59,745,30,0,2,4,8,0,0,4,51,2.03,51,2.03,41,0,1,5,3,1,8,0.32,4,0,0,2,2,0,22,15,8,10,4,3,30,10.0,27,19,5,14,8,30,27,0,25.2,1058,34,88,574,403,119,1058,40,24,60.0,15,37.5,490,2050,785,17,21,4,60,35,814,140,70000,3640000
Tahith Chong,"FW,DF",Manchester Utd,19,3,0,37.0,0.4,0,0,0,0,0,0,0,0,0.1,0.1,0.0,0.1,0.00,0.00,0.00,0.00,0.13,0.00,0.13,0.13,0.0,0.0,0.0,0.0,0.0,0.0,0.0,0.0,0.0,0.0,0.0,0.0,0.0,0.0,0.0,0.0,0.0,0.0,0.0,0.0,0.0,0.0,0.0,0.0,1,0,0.0,2.43,0.00,0.00,,14.1,9,14,64.3,125,23,6,9,66.7,3,4,75.0,0,0,,0,1,0,0,0,14,0,0,0,0,0,0,0,0,2,4.86,2,4.86,2,0,0,0,0,0,0,0.00,0,0,0,0,0,0,0,0,0,0,0,0,0,,0,0,0,0,0,0,0,0,0.4,20,0,3,7,10,2,20,2,1,50.0,1,50.0,15,86,56,2,0,1,2,1,16,5,0.0,0.0
Takumi Minamino,"FW,MF",Liverpool,24,10,2,249.0,2.8,0,0,0,0,0,0,0,0,0.8,0.8,0.0,0.9,0.00,0.00,0.00,0.00,0.30,0.01,0.30,0.31,0.0,0.0,0.0,0.0,0.0,0.0,0.0,0.0,0.0,0.0,0.0,0.0,0.0,0.0,0.0,0.0,0.0,0.0,0.0,0.0,0.0,0.0,0.0,0.0,8,2,25.0,2.89,0.72,0.00,0.00,19.5,96,108,88.9,1240,174,59,64,92.2,28,30,93.3,4,6,66.7,1,4,3,1,4,107,1,1,0,0,2,0,0,0,3,1.08,3,1.08,2,0,0,1,0,0,0,0.00,0,0,0,0,0,0,3,3,0,2,1,2,10,20.0,8,3,0,3,0,3,3,0,2.8,146,4,13,73,62,12,146,10,4,40.0,6,60.0,108,580,200,8,2,1,10,5,121,22,75000,3900000
Tammy Abraham,FW,Chelsea,21,34,25,2215.0,24.6,15,3,18,15,0,0,2,0,16.4,16.4,2.7,19.0,0.61,0.12,0.73,0.61,0.67,0.11,0.67,0.77,0.0,0.0,0.0,0.0,0.0,0.0,0.0,0.0,0.0,0.0,0.0,0.0,0.0,0.0,0.0,0.0,0.0,0.0,0.0,0.0,0.0,0.0,0.0,0.0,88,35,39.8,3.58,1.42,0.17,0.43,11.6,275,418,65.8,3513,697,161,221,72.9,63,86,73.3,13,21,61.9,21,17,7,1,34,367,51,0,2,1,11,0,0,0,57,2.32,57,2.32,37,0,5,10,2,3,9,0.37,4,0,2,2,1,0,8,4,2,5,1,3,14,21.4,11,20,2,18,6,14,27,0,24.6,722,30,60,337,334,146,722,35,16,45.7,19,54.3,333,1698,749,31,17,10,74,42,479,134,50000,2600000
Tanguy Ndombele,MF,Tottenham,22,21,12,1009.0,11.2,2,2,4,2,0,0,3,0,0.4,0.4,0.7,1.1,0.18,0.18,0.36,0.18,0.03,0.07,0.03,0.10,0.0,0.0,0.0,0.0,0.0,0.0,0.0,0.0,0.0,0.0,0.0,0.0,0.0,0.0,0.0,0.0,0.0,0.0,0.0,0.0,0.0,0.0,0.0,0.0,9,4,44.4,0.80,0.36,0.22,0.50,25.6,543,648,83.8,8292,2610,290,323,89.8,197,222,88.7,34,53,64.2,12,60,9,0,77,620,24,18,4,4,12,0,6,4,30,2.68,30,2.68,25,0,1,2,0,2,3,0.27,2,0,1,0,0,0,24,16,10,13,1,9,22,40.9,13,20,3,17,14,38,7,0,11.2,781,19,133,467,195,17,781,49,38,77.6,11,22.4,525,2503,1323,22,20,5,23,24,574,33,200000,10400000
Tariq Lamptey,DF,Chelsea,18,1,0,32.0,0.4,0,0,0,0,0,0,0,0,0.0,0.0,0.1,0.1,0.00,0.00,0.00,0.00,0.00,0.18,0.00,0.18,0.0,0.0,0.0,0.0,0.0,0.0,0.0,0.0,0.0,0.0,0.0,0.0,0.0,0.0,0.0,0.0,0.0,0.0,0.0,0.0,0.0,0.0,0.0,0.0,0,0,,0.00,0.00,,,,11,14,78.6,184,43,6,6,100.0,5,7,71.4,0,0,,1,0,1,0,2,9,5,0,0,0,2,5,0,0,2,5.63,2,5.63,2,0,0,0,0,0,0,0.00,0,0,0,0,0,0,2,2,1,1,0,2,2,100.0,0,0,0,0,0,2,0,0,0.4,18,0,4,5,9,1,18,1,0,0.0,1,100.0,7,50,17,1,2,0,0,0,5,1,5000,260000
Tariq Lamptey,DF,Brighton,18,8,7,588.0,6.5,0,1,1,0,0,0,2,0,0.1,0.1,1.0,1.1,0.00,0.15,0.15,0.00,0.01,0.15,0.01,0.16,0.0,0.0,0.0,0.0,0.0,0.0,0.0,0.0,0.0,0.0,0.0,0.0,0.0,0.0,0.0,0.0,0.0,0.0,0.0,0.0,0.0,0.0,0.0,0.0,0,0,,0.00,0.00,,,,11,14,78.6,184,43,6,6,100.0,5,7,71.4,0,0,,1,0,1,0,2,9,5,0,0,0,2,5,0,0,2,5.63,2,5.63,2,0,0,0,0,0,0,0.00,0,0,0,0,0,0,2,2,1,1,0,2,2,100.0,0,0,0,0,0,2,0,0,0.4,18,0,4,5,9,1,18,1,0,0.0,1,100.0,7,50,17,1,2,0,0,0,5,1,5000,260000
Teemu Pukki,FW,Norwich City,29,36,33,2886.0,32.1,11,3,14,9,2,2,3,0,11.2,9.7,3.8,13.5,0.34,0.09,0.44,0.28,0.35,0.12,0.30,0.42,0.0,0.0,0.0,0.0,0.0,0.0,0.0,0.0,0.0,0.0,0.0,0.0,0.0,0.0,0.0,0.0,0.0,0.0,0.0,0.0,0.0,0.0,0.0,0.0,78,33,42.3,2.43,1.03,0.12,0.27,15.5,424,539,78.7,5017,546,278,318,87.4,105,134,78.4,4,10,40.0,30,11,4,0,22,472,67,0,1,0,8,2,0,0,63,1.96,63,1.96,44,0,7,9,2,1,4,0.12,4,0,0,0,0,0,12,6,3,5,4,1,23,4.3,22,13,0,13,6,18,7,0,32.1,792,16,59,298,442,156,790,43,24,55.8,19,44.2,447,2669,1213,46,24,35,58,34,527,194,5962,310000
Theo Walcott,"MF,FW",Everton,30,25,17,1287.0,14.3,2,3,5,2,0,0,1,0,3.1,3.1,3.7,6.8,0.14,0.21,0.35,0.14,0.22,0.26,0.22,0.48,0.0,0.0,0.0,0.0,0.0,0.0,0.0,0.0,0.0,0.0,0.0,0.0,0.0,0.0,0.0,0.0,0.0,0.0,0.0,0.0,0.0,0.0,0.0,0.0,31,10,32.3,2.17,0.70,0.06,0.20,16.1,263,407,64.6,3637,1056,159,206,77.2,77,116,66.4,12,33,36.4,19,20,17,6,34,393,13,1,5,0,42,10,2,1,41,2.87,41,2.87,31,0,4,5,1,0,8,0.56,6,0,1,1,0,0,13,8,6,5,2,3,15,20.0,12,13,0,13,8,21,1,0,14.3,560,5,75,200,291,71,560,32,17,53.1,15,46.9,342,1707,905,34,23,11,38,22,387,127,100000,5200000
Tim Krul,GK,Norwich City,31,36,36,3240.0,36.0,0,0,0,0,0,0,4,0,0.0,0.0,0.0,0.0,0.00,0.00,0.00,0.00,0.00,0.00,0.00,0.00,1.89,195,128,66.7,5,13.9,60.5,0.29,169,598,28.3,1248,198,35.8,34.6,332,45.5,39.0,653,29,4.4,23,0.64,12.7,0,0,,0.00,0.00,,,,1084,1583,68.5,29495,20355,168,170,98.8,564,578,97.6,352,828,42.5,0,5,0,0,1,1134,446,114,0,6,0,0,0,3,1,0.03,1,0.03,1,0,0,0,0,0,0,0.00,0,0,0,0,0,0,0,0,0,0,0,0,1,0.0,1,2,0,2,1,1,13,1,36.0,1677,1362,1647,31,0,0,1677,1,0,0.0,1,100.0,942,4997,3275,0,0,0,1,1,840,0,15962,830000
Timm Klose,DF,Norwich City,31,7,7,585.0,6.5,0,0,0,0,0,0,0,0,0.2,0.2,0.0,0.2,0.00,0.00,0.00,0.00,0.03,0.00,0.03,0.03,0.0,0.0,0.0,0.0,0.0,0.0,0.0,0.0,0.0,0.0,0.0,0.0,0.0,0.0,0.0,0.0,0.0,0.0,0.0,0.0,0.0,0.0,0.0,0.0,3,0,0.0,0.46,0.00,0.00,,12.2,336,399,84.2,6321,1941,116,137,84.7,185,198,93.4,29,51,56.9,0,9,1,0,17,384,12,9,0,3,0,3,0,3,2,0.31,2,0.31,2,0,0,0,0,0,0,0.00,0,0,0,0,0,0,8,2,5,2,1,7,11,63.6,4,6,6,0,7,15,29,0,6.5,465,59,279,180,7,4,465,3,2,66.7,1,33.3,279,1324,705,4,1,0,1,1,315,1,26923,1400000
Timothy Fosu-Mensah,DF,Manchester Utd,21,3,2,136.0,1.5,0,0,0,0,0,0,1,0,0.1,0.1,0.1,0.2,0.00,0.00,0.00,0.00,0.05,0.07,0.05,0.11,0.0,0.0,0.0,0.0,0.0,0.0,0.0,0.0,0.0,0.0,0.0,0.0,0.0,0.0,0.0,0.0,0.0,0.0,0.0,0.0,0.0,0.0,0.0,0.0,1,0,0.0,0.66,0.00,0.00,,11.2,60,73,82.2,954,239,27,33,81.8,21,26,80.8,6,7,85.7,2,2,1,1,4,66,7,0,0,1,2,7,0,0,3,1.99,3,1.99,3,0,0,0,0,0,0,0.00,0,0,0,0,0,0,1,1,0,1,0,1,4,25.0,3,0,0,0,4,5,1,0,1.5,84,2,18,48,19,2,84,2,1,50.0,1,50.0,42,154,79,4,0,1,2,0,56,11,25000,1300000
Toby Alderweireld,DF,Tottenham,30,33,33,2957.0,32.9,2,2,4,2,0,0,7,0,0.7,0.7,1.3,2.1,0.06,0.06,0.12,0.06,0.02,0.04,0.02,0.06,0.0,0.0,0.0,0.0,0.0,0.0,0.0,0.0,0.0,0.0,0.0,0.0,0.0,0.0,0.0,0.0,0.0,0.0,0.0,0.0,0.0,0.0,0.0,0.0,16,4,25.0,0.49,0.12,0.13,0.50,12.6,1630,2009,81.1,33738,10390,480,531,90.4,924,1021,90.5,216,414,52.2,11,110,13,2,96,1915,82,72,12,20,9,10,0,12,27,0.82,27,0.82,25,0,0,1,0,1,4,0.12,4,0,0,0,0,0,40,29,24,13,3,11,24,45.8,13,48,32,16,31,71,172,2,32.9,2349,344,1183,1068,101,22,2349,1,0,0.0,1,100.0,1460,5973,2949,11,18,1,9,5,1566,10,50000,2600000
Todd Cantwell,"FW,MF",Norwich City,21,37,30,2489.0,27.7,6,2,8,6,0,0,6,0,5.4,5.4,1.9,7.3,0.22,0.07,0.29,0.22,0.19,0.07,0.19,0.26,0.0,0.0,0.0,0.0,0.0,0.0,0.0,0.0,0.0,0.0,0.0,0.0,0.0,0.0,0.0,0.0,0.0,0.0,0.0,0.0,0.0,0.0,0.0,0.0,42,16,38.1,1.52,0.58,0.14,0.38,16.1,886,1110,79.8,11726,2625,560,627,89.3,206,263,78.3,45,84,53.6,35,76,21,0,99,1066,38,13,3,12,24,15,4,6,75,2.71,75,2.71,59,1,3,5,6,1,5,0.18,5,0,0,0,0,0,51,31,19,27,5,26,73,35.6,47,38,2,36,18,69,35,1,27.7,1480,34,259,723,523,79,1480,78,49,62.8,29,37.2,991,5587,2520,75,49,24,77,48,1099,138,1538,80000
Tom Cleverley,MF,Watford,29,18,11,971.0,10.8,1,0,1,1,0,0,2,0,2.1,2.1,0.7,2.8,0.09,0.00,0.09,0.09,0.19,0.07,0.19,0.26,0.0,0.0,0.0,0.0,0.0,0.0,0.0,0.0,0.0,0.0,0.0,0.0,0.0,0.0,0.0,0.0,0.0,0.0,0.0,0.0,0.0,0.0,0.0,0.0,17,5,29.4,1.58,0.46,0.06,0.20,17.8,369,467,79.0,5183,1761,227,241,94.2,93,126,73.8,24,59,40.7,15,32,14,3,49,433,31,12,0,2,29,5,6,3,34,3.15,34,3.15,25,2,1,3,3,0,1,0.09,0,0,0,1,0,0,28,15,8,14,6,9,36,25.0,27,13,1,12,10,38,15,0,10.8,584,17,96,288,208,28,584,11,7,63.6,4,36.4,308,1202,536,13,14,1,11,3,363,43,50000,2600000
Tom Davies,MF,Everton,21,30,23,2027.0,22.5,1,0,1,1,0,0,8,0,1.6,1.6,0.5,2.1,0.04,0.00,0.04,0.04,0.07,0.02,0.07,0.09,0.0,0.0,0.0,0.0,0.0,0.0,0.0,0.0,0.0,0.0,0.0,0.0,0.0,0.0,0.0,0.0,0.0,0.0,0.0,0.0,0.0,0.0,0.0,0.0,17,5,29.4,0.75,0.22,0.06,0.20,17.1,687,893,76.9,11896,4015,309,388,79.6,292,341,85.6,68,110,61.8,6,85,16,2,113,867,23,13,2,3,8,3,0,3,30,1.33,30,1.33,20,0,3,4,3,0,0,0.00,0,0,0,0,0,0,38,17,12,22,4,17,55,30.9,38,12,4,8,35,73,28,0,22.5,1119,42,256,682,197,23,1119,30,21,70.0,9,30.0,611,3046,1486,24,29,1,28,20,698,32,25000,1300000
Tom Heaton,GK,Aston Villa,33,20,20,1794.0,19.9,0,0,0,0,0,0,0,0,0.0,0.0,0.0,0.0,0.00,0.00,0.00,0.00,0.00,0.00,0.00,0.00,1.76,102,68,68.6,4,20.0,28.4,0.26,112,358,31.3,431,99,52.4,39.5,195,67.7,50.5,379,11,2.9,13,0.65,12.1,0,0,,0.00,0.00,,,,371,628,59.1,11773,9472,61,61,100.0,176,180,97.8,133,383,34.7,0,7,0,0,0,350,276,81,0,0,0,0,0,2,1,0.05,1,0.05,1,0,0,0,0,0,0,0.00,0,0,0,0,0,0,3,2,3,0,0,3,4,75.0,1,0,0,0,0,3,6,0,19.9,681,589,668,12,1,0,681,0,0,,0,,259,1861,1376,0,0,0,2,0,203,0,41923,2180000
Tom Trybull,MF,Norwich City,26,16,14,1130.0,12.6,0,0,0,0,0,0,2,0,0.5,0.5,0.1,0.6,0.00,0.00,0.00,0.00,0.04,0.01,0.04,0.05,0.0,0.0,0.0,0.0,0.0,0.0,0.0,0.0,0.0,0.0,0.0,0.0,0.0,0.0,0.0,0.0,0.0,0.0,0.0,0.0,0.0,0.0,0.0,0.0,11,2,18.2,0.88,0.16,0.00,0.00,18.4,566,615,92.0,8879,2697,313,329,95.1,196,213,92.0,42,46,91.3,3,34,0,0,33,599,16,16,0,9,0,0,0,0,9,0.72,9,0.72,8,0,0,1,0,0,2,0.16,2,0,0,0,0,0,39,25,15,18,6,16,60,26.7,44,20,5,15,16,55,35,0,12.6,776,55,231,488,65,9,776,7,6,85.7,1,14.3,471,1841,692,3,9,0,16,7,484,2,15000,780000
Tommy Doyle,MF,Manchester City,17,1,0,16.0,0.2,0,0,0,0,0,0,0,0,0.0,0.0,0.0,0.0,0.00,0.00,0.00,0.00,0.24,0.00,0.24,0.24,0.0,0.0,0.0,0.0,0.0,0.0,0.0,0.0,0.0,0.0,0.0,0.0,0.0,0.0,0.0,0.0,0.0,0.0,0.0,0.0,0.0,0.0,0.0,0.0,1,1,100.0,5.63,5.63,0.00,0.00,20.9,20,20,100.0,305,29,11,11,100.0,6,6,100.0,2,2,100.0,0,0,0,0,0,19,1,1,0,0,0,0,0,0,0,0.00,0,0.00,0,0,0,0,0,0,0,0.00,0,0,0,0,0,0,0,0,0,0,0,0,1,0.0,1,0,0,0,0,0,0,0,0.2,21,0,0,14,7,0,21,0,0,,0,,14,67,7,0,0,0,0,0,20,0,0.0,0.0
Tomáš Souček,MF,West Ham,24,13,12,1040.0,11.6,3,0,3,3,0,0,0,0,2.8,2.8,0.3,3.1,0.26,0.00,0.26,0.26,0.24,0.03,0.24,0.27,0.0,0.0,0.0,0.0,0.0,0.0,0.0,0.0,0.0,0.0,0.0,0.0,0.0,0.0,0.0,0.0,0.0,0.0,0.0,0.0,0.0,0.0,0.0,0.0,20,7,35.0,1.73,0.61,0.15,0.43,12.8,277,399,69.4,4561,1331,131,179,73.2,110,149,73.8,26,45,57.8,5,34,3,0,40,390,7,4,0,6,2,1,1,2,14,1.21,14,1.21,12,0,0,1,1,0,2,0.17,2,0,0,0,0,0,29,15,13,15,1,10,23,43.5,13,7,1,6,22,51,35,0,11.6,546,44,154,274,123,36,546,4,0,0.0,4,100.0,253,765,257,3,2,1,11,1,288,17,0.0,0.0
Trent Alexander-Arnold,DF,Liverpool,20,38,35,3175.0,35.3,4,13,17,4,0,0,5,0,2.8,2.8,10.9,13.7,0.11,0.37,0.48,0.11,0.08,0.31,0.08,0.39,0.0,0.0,0.0,0.0,0.0,0.0,0.0,0.0,0.0,0.0,0.0,0.0,0.0,0.0,0.0,0.0,0.0,0.0,0.0,0.0,0.0,0.0,0.0,0.0,44,13,29.5,1.25,0.37,0.09,0.31,22.6,2278,3230,70.5,43250,16071,993,1095,90.7,912,1250,73.0,315,700,45.0,87,190,88,31,247,2573,645,87,5,103,382,396,162,12,155,4.39,155,4.39,93,51,3,6,1,1,24,0.68,15,7,0,2,0,0,55,34,35,17,3,36,78,46.2,42,27,9,18,45,100,84,3,35.3,3583,99,825,1590,1194,54,3583,51,21,41.2,30,58.8,2137,9099,5332,98,113,16,47,12,2281,226,40000,2080000
Troy Deeney,FW,Watford,31,27,26,2225.0,24.7,10,2,12,5,5,6,3,0,10.5,5.8,3.5,9.3,0.40,0.08,0.49,0.20,0.42,0.14,0.23,0.38,0.0,0.0,0.0,0.0,0.0,0.0,0.0,0.0,0.0,0.0,0.0,0.0,0.0,0.0,0.0,0.0,0.0,0.0,0.0,0.0,0.0,0.0,0.0,0.0,39,16,41.0,1.58,0.65,0.13,0.31,16.0,386,727,53.1,5100,1807,231,381,60.6,104,208,50.0,15,36,41.7,29,51,20,1,81,714,6,0,1,3,10,1,1,7,64,2.59,64,2.59,49,0,0,4,10,1,4,0.16,3,0,0,0,1,0,19,12,6,10,3,6,29,20.7,23,13,1,12,11,30,27,0,24.7,961,28,82,459,430,103,955,20,10,50.0,10,50.0,402,1384,522,12,15,3,51,26,717,104,65000,3380000
Troy Parrott,FW,Tottenham,17,2,0,7.0,0.1,0,0,0,0,0,0,0,0,0.0,0.0,0.0,0.0,0.00,0.00,0.00,0.00,0.00,0.00,0.00,0.00,0.0,0.0,0.0,0.0,0.0,0.0,0.0,0.0,0.0,0.0,0.0,0.0,0.0,0.0,0.0,0.0,0.0,0.0,0.0,0.0,0.0,0.0,0.0,0.0,0,0,,0.00,0.00,,,,4,4,100.0,68,12,1,1,100.0,3,3,100.0,0,0,,0,0,0,0,0,4,0,0,0,0,0,0,0,0,0,0.00,0,0.00,0,0,0,0,0,0,0,0.00,0,0,0,0,0,0,0,0,0,0,0,0,0,,0,0,0,0,0,0,0,0,0.1,5,0,1,4,0,0,5,0,0,,0,,5,16,1,0,0,0,0,0,5,0,0.0,0.0
Trézéguet,"FW,MF",Aston Villa,24,34,20,1950.0,21.7,6,1,7,6,0,0,4,1,4.7,4.7,1.0,5.8,0.28,0.05,0.32,0.28,0.22,0.05,0.22,0.27,0.0,0.0,0.0,0.0,0.0,0.0,0.0,0.0,0.0,0.0,0.0,0.0,0.0,0.0,0.0,0.0,0.0,0.0,0.0,0.0,0.0,0.0,0.0,0.0,50,17,34.0,2.31,0.78,0.12,0.35,17.4,291,441,66.0,4192,1096,174,210,82.9,80,137,58.4,21,46,45.7,21,19,13,7,37,416,23,3,0,1,67,8,11,2,55,2.54,55,2.54,32,4,7,7,5,0,4,0.18,1,0,1,0,2,0,38,16,18,15,5,9,44,20.5,35,23,2,21,25,63,18,0,21.7,762,21,128,267,384,74,762,64,30,46.9,34,53.1,477,3260,1733,59,46,18,71,20,495,170,50000,2600000
Tyrick Mitchell,DF,Crystal Palace,19,4,2,195.0,2.2,0,0,0,0,0,0,1,0,0.0,0.0,0.2,0.2,0.00,0.00,0.00,0.00,0.00,0.08,0.00,0.08,0.0,0.0,0.0,0.0,0.0,0.0,0.0,0.0,0.0,0.0,0.0,0.0,0.0,0.0,0.0,0.0,0.0,0.0,0.0,0.0,0.0,0.0,0.0,0.0,0,0,,0.00,0.00,,,,103,127,81.1,1389,661,68,74,91.9,29,35,82.9,3,9,33.3,4,10,3,2,12,98,29,0,0,0,4,29,0,0,6,2.77,6,2.77,6,0,0,0,0,0,0,0.00,0,0,0,0,0,0,5,2,2,2,1,1,7,14.3,6,2,0,2,2,7,3,0,2.2,151,7,39,75,37,1,151,3,1,33.3,2,66.7,76,337,217,5,3,0,1,3,85,8,0.0,0.0
Tyrone Mings,DF,Aston Villa,26,33,33,2902.0,32.2,2,2,4,2,0,0,7,0,0.8,0.8,0.7,1.5,0.06,0.06,0.12,0.06,0.02,0.02,0.02,0.05,0.0,0.0,0.0,0.0,0.0,0.0,0.0,0.0,0.0,0.0,0.0,0.0,0.0,0.0,0.0,0.0,0.0,0.0,0.0,0.0,0.0,0.0,0.0,0.0,8,3,37.5,0.25,0.09,0.25,0.67,9.9,1085,1400,77.5,23447,8852,290,329,88.1,624,680,91.8,158,355,44.5,7,57,4,1,60,1342,55,50,0,20,7,5,0,3,17,0.53,17,0.53,16,1,0,0,0,0,1,0.03,1,0,0,0,0,0,15,11,11,3,1,10,13,76.9,3,56,48,8,30,45,190,4,32.2,1754,357,1094,627,55,23,1754,12,12,100.0,0,0.0,987,5906,2717,12,6,0,10,5,1007,11,25000,1300000
Valentino Lazaro,"DF,MF",Newcastle Utd,23,13,4,480.0,5.3,1,0,1,1,0,0,0,1,0.4,0.4,0.2,0.6,0.19,0.00,0.19,0.19,0.07,0.04,0.07,0.11,0.0,0.0,0.0,0.0,0.0,0.0,0.0,0.0,0.0,0.0,0.0,0.0,0.0,0.0,0.0,0.0,0.0,0.0,0.0,0.0,0.0,0.0,0.0,0.0,4,1,25.0,0.75,0.19,0.25,1.00,21.9,157,197,79.7,2316,877,86,95,90.5,50,59,84.7,10,27,37.0,6,5,3,1,7,168,28,4,0,1,13,13,11,1,11,2.06,11,2.06,7,2,1,1,0,0,0,0.00,0,0,0,0,0,0,13,9,11,2,0,11,18,61.1,7,2,0,2,3,16,4,0,5.3,242,16,91,88,64,6,242,13,8,61.5,5,38.5,142,639,349,7,4,2,4,6,141,14,38077,1980000
Vicente Guaita,GK,Crystal Palace,32,35,35,3150.0,35.0,0,0,0,0,0,0,1,0,0.0,0.0,0.0,0.0,0.00,0.00,0.00,0.00,0.00,0.00,0.00,0.00,1.20,149,109,71.8,10,28.6,47.4,0.33,202,625,32.3,783,173,51.3,38.8,274,81.4,56.8,591,23,3.9,24,0.69,12.3,0,0,,0.00,0.00,,,,610,1065,57.3,19861,16021,108,109,99.1,243,253,96.0,256,692,37.0,0,17,0,0,0,703,354,80,0,2,0,0,0,8,4,0.11,4,0.11,3,1,0,0,0,0,1,0.03,1,0,0,0,0,0,1,1,1,0,0,1,2,50.0,1,0,0,0,0,1,18,3,35.0,1141,994,1139,3,0,0,1141,0,0,,0,,538,3403,2739,0,0,0,0,0,432,0,60000,3120000
Victor Lindelöf,DF,Manchester Utd,25,35,35,3092.0,34.4,1,0,1,1,0,0,6,0,0.3,0.3,0.3,0.7,0.03,0.00,0.03,0.03,0.01,0.01,0.01,0.02,0.0,0.0,0.0,0.0,0.0,0.0,0.0,0.0,0.0,0.0,0.0,0.0,0.0,0.0,0.0,0.0,0.0,0.0,0.0,0.0,0.0,0.0,0.0,0.0,6,1,16.7,0.17,0.03,0.17,1.00,11.4,1824,2114,86.3,33116,11930,692,752,92.0,954,1038,91.9,145,256,56.6,4,84,2,0,111,2054,58,42,2,2,2,16,0,2,18,0.52,18,0.52,17,0,0,1,0,0,2,0.06,2,0,0,0,0,0,29,15,16,12,1,17,20,85.0,3,25,16,9,26,55,129,0,34.4,2379,288,1234,1086,65,11,2379,5,4,80.0,1,20.0,1376,7730,4458,16,17,0,13,4,1595,3,120000,6240000
Victor Wanyama,MF,Tottenham,28,2,0,25.0,0.3,0,0,0,0,0,0,1,0,0.0,0.0,0.0,0.0,0.00,0.00,0.00,0.00,0.00,0.00,0.00,0.00,0.0,0.0,0.0,0.0,0.0,0.0,0.0,0.0,0.0,0.0,0.0,0.0,0.0,0.0,0.0,0.0,0.0,0.0,0.0,0.0,0.0,0.0,0.0,0.0,0,0,,0.00,0.00,,,,18,20,90.0,346,130,4,6,66.7,12,12,100.0,1,1,100.0,0,1,0,0,5,18,2,1,0,1,0,1,0,0,1,3.60,1,3.60,1,0,0,0,0,0,0,0.00,0,0,0,0,0,0,0,0,0,0,0,0,0,,0,0,0,0,0,0,0,0,0.3,20,0,2,16,3,0,20,1,1,100.0,0,0.0,11,96,60,0,1,0,0,0,11,0,65000,3380000
Virgil van Dijk,DF,Liverpool,28,38,38,3420.0,38.0,5,1,6,5,0,0,1,0,2.9,2.9,1.3,4.2,0.13,0.03,0.16,0.13,0.08,0.04,0.08,0.11,0.0,0.0,0.0,0.0,0.0,0.0,0.0,0.0,0.0,0.0,0.0,0.0,0.0,0.0,0.0,0.0,0.0,0.0,0.0,0.0,0.0,0.0,0.0,0.0,31,14,45.2,0.82,0.37,0.16,0.36,11.8,2919,3276,89.1,58361,19539,914,988,92.5,1638,1740,94.1,331,487,68.0,7,182,9,0,170,3169,106,88,7,39,0,16,0,1,35,0.92,35,0.92,28,0,0,5,1,1,7,0.18,5,0,0,1,1,0,23,12,18,5,0,6,13,46.2,7,20,15,5,40,63,166,2,38.0,3588,315,1365,2126,102,49,3588,4,3,75.0,1,25.0,2484,9365,4594,21,19,3,2,2,2580,14,180000,9360000
Víctor Camarasa,FW,Crystal Palace,25,1,0,6.0,0.1,0,0,0,0,0,0,0,0,0.0,0.0,0.0,0.0,0.00,0.00,0.00,0.00,0.00,0.00,0.00,0.00,0.0,0.0,0.0,0.0,0.0,0.0,0.0,0.0,0.0,0.0,0.0,0.0,0.0,0.0,0.0,0.0,0.0,0.0,0.0,0.0,0.0,0.0,0.0,0.0,0,0,,0.00,0.00,,,,3,3,100.0,39,14,2,2,100.0,1,1,100.0,0,0,,0,0,0,0,0,3,0,0,0,0,0,0,0,0,1,15.00,1,15.00,1,0,0,0,0,0,0,0.00,0,0,0,0,0,0,0,0,0,0,0,0,0,,0,0,0,0,0,0,0,0,0.1,3,0,0,3,0,0,3,0,0,,0,,2,24,1,0,0,0,0,0,3,0,12692,660000
Wayne Hennessey,GK,Crystal Palace,32,3,3,270.0,3.0,0,0,0,0,0,0,0,0,0.0,0.0,0.0,0.0,0.00,0.00,0.00,0.00,0.00,0.00,0.00,0.00,2.67,23,15,65.2,0,0.0,8.3,0.36,35,85,41.2,65,7,78.5,48.9,39,87.2,61.3,60,0,0.0,3,1.00,13.2,0,0,,0.00,0.00,,,,50,105,47.6,2360,2214,3,3,100.0,11,12,91.7,36,88,40.9,0,2,0,0,0,50,54,15,0,0,0,0,0,1,1,0.33,1,0.33,0,1,0,0,0,0,0,0.00,0,0,0,0,0,0,0,0,0,0,0,0,0,,0,0,0,0,1,1,3,1,3.0,118,105,117,1,0,0,118,0,0,,0,,41,238,176,0,0,0,0,0,36,0,40000,2080000
Wes Morgan,DF,Leicester City,35,11,4,436.0,4.8,0,0,0,0,0,0,0,0,0.5,0.5,0.0,0.5,0.00,0.00,0.00,0.00,0.11,0.00,0.11,0.11,0.0,0.0,0.0,0.0,0.0,0.0,0.0,0.0,0.0,0.0,0.0,0.0,0.0,0.0,0.0,0.0,0.0,0.0,0.0,0.0,0.0,0.0,0.0,0.0,4,2,50.0,0.83,0.41,0.00,0.00,10.0,217,246,88.2,3867,1171,77,87,88.5,126,136,92.6,12,16,75.0,0,1,0,0,3,241,3,3,0,0,0,0,0,2,6,1.24,6,1.24,3,0,1,1,0,1,0,0.00,0,0,0,0,0,0,4,1,3,1,0,0,3,0.0,3,5,3,2,7,11,19,0,4.8,291,20,131,155,6,4,291,2,2,100.0,0,0.0,176,708,289,1,0,0,1,1,196,1,60000,3120000
Wesley Moraes,FW,Aston Villa,22,21,21,1782.0,19.8,5,1,6,5,0,1,3,0,6.4,5.5,1.0,6.5,0.25,0.05,0.30,0.25,0.32,0.05,0.28,0.33,0.0,0.0,0.0,0.0,0.0,0.0,0.0,0.0,0.0,0.0,0.0,0.0,0.0,0.0,0.0,0.0,0.0,0.0,0.0,0.0,0.0,0.0,0.0,0.0,34,17,50.0,1.72,0.86,0.15,0.29,12.6,265,379,69.9,3721,584,164,217,75.6,66,89,74.2,18,26,69.2,11,17,1,0,21,373,4,0,0,5,7,3,0,2,32,1.62,32,1.62,25,0,2,4,1,0,3,0.15,3,0,0,0,0,0,15,8,3,8,4,0,5,0.0,5,10,2,8,4,19,23,0,19.8,577,29,46,264,270,79,576,24,12,50.0,12,50.0,303,1385,341,13,10,6,58,18,441,89,50000,2600000
Wilfred Ndidi,MF,Leicester City,22,32,29,2674.0,29.7,2,1,3,2,0,0,6,0,1.6,1.6,0.6,2.2,0.07,0.03,0.10,0.07,0.06,0.02,0.06,0.08,0.0,0.0,0.0,0.0,0.0,0.0,0.0,0.0,0.0,0.0,0.0,0.0,0.0,0.0,0.0,0.0,0.0,0.0,0.0,0.0,0.0,0.0,0.0,0.0,26,3,11.5,0.88,0.10,0.08,0.67,19.2,1422,1675,84.9,23593,5950,670,768,87.2,576,640,90.0,121,166,72.9,15,145,3,0,109,1650,23,23,2,8,3,0,0,2,46,1.55,46,1.55,40,0,2,2,1,1,3,0.10,3,0,0,0,0,0,128,67,56,61,11,45,91,49.5,46,52,6,46,80,208,69,3,29.7,2111,97,558,1310,263,23,2111,32,22,68.8,10,31.3,1146,4500,1518,13,15,0,33,26,1227,19,75000,3900000
Wilfried Zaha,"FW,MF",Crystal Palace,26,38,37,3280.0,36.4,4,3,7,4,0,0,5,0,5.2,5.2,4.0,9.1,0.11,0.08,0.19,0.11,0.14,0.11,0.14,0.25,0.0,0.0,0.0,0.0,0.0,0.0,0.0,0.0,0.0,0.0,0.0,0.0,0.0,0.0,0.0,0.0,0.0,0.0,0.0,0.0,0.0,0.0,0.0,0.0,61,17,27.9,1.67,0.47,0.07,0.24,16.2,928,1188,78.1,13537,3574,547,648,84.4,277,335,82.7,63,87,72.4,36,62,70,12,146,1156,29,3,1,1,68,23,0,3,128,3.51,128,3.51,78,0,26,6,18,0,9,0.25,5,0,1,1,2,0,43,19,18,12,13,12,49,24.5,37,22,2,20,18,61,4,0,36.4,1749,8,172,701,927,198,1749,267,163,61.0,104,39.0,1346,10538,5678,210,116,102,130,148,1406,354,130000,6760000
Will Hughes,MF,Watford,24,30,27,2252.0,25.0,1,1,2,1,0,0,9,0,2.3,2.3,2.1,4.4,0.04,0.04,0.08,0.04,0.09,0.08,0.09,0.17,0.0,0.0,0.0,0.0,0.0,0.0,0.0,0.0,0.0,0.0,0.0,0.0,0.0,0.0,0.0,0.0,0.0,0.0,0.0,0.0,0.0,0.0,0.0,0.0,27,3,11.1,1.08,0.12,0.04,0.33,19.3,679,916,74.1,9200,3365,414,479,86.4,182,246,74.0,34,88,38.6,25,69,23,2,87,849,61,24,1,2,69,1,36,6,60,2.40,60,2.40,33,16,1,1,7,2,5,0.20,4,1,0,0,0,0,75,47,24,41,10,25,67,37.3,42,48,8,40,37,112,28,0,25.0,1254,44,235,612,420,47,1254,33,24,72.7,9,27.3,632,3123,1642,40,33,5,46,32,688,60,30000,1560000
William Smallbone,MF,Southampton,19,9,4,393.0,4.4,0,2,2,0,0,0,0,0,0.3,0.3,0.2,0.4,0.00,0.46,0.46,0.00,0.06,0.04,0.06,0.10,0.0,0.0,0.0,0.0,0.0,0.0,0.0,0.0,0.0,0.0,0.0,0.0,0.0,0.0,0.0,0.0,0.0,0.0,0.0,0.0,0.0,0.0,0.0,0.0,6,0,0.0,1.37,0.00,0.00,,22.8,175,213,82.2,2879,645,86,102,84.3,64,74,86.5,17,24,70.8,3,21,3,1,12,205,8,2,0,4,5,2,0,0,9,2.06,9,2.06,7,0,0,2,0,0,2,0.46,2,0,0,0,0,0,10,5,2,8,0,5,10,50.0,5,7,1,6,1,11,2,0,4.4,255,2,41,143,74,7,255,1,0,0.0,1,100.0,129,525,246,4,3,1,5,2,182,13,0.0,0.0
Willian,"FW,MF",Chelsea,30,36,29,2600.0,28.9,9,7,16,5,4,4,4,0,7.6,4.5,7.7,12.1,0.31,0.24,0.55,0.17,0.26,0.27,0.16,0.42,0.0,0.0,0.0,0.0,0.0,0.0,0.0,0.0,0.0,0.0,0.0,0.0,0.0,0.0,0.0,0.0,0.0,0.0,0.0,0.0,0.0,0.0,0.0,0.0,67,25,37.3,2.32,0.87,0.07,0.20,20.0,1247,1622,76.9,19426,4419,696,792,87.9,355,455,78.0,123,221,55.7,75,71,68,13,173,1481,137,18,5,18,174,8,111,4,167,5.78,167,5.78,111,32,8,4,8,4,15,0.52,10,1,1,1,1,1,45,27,14,24,7,14,43,32.6,29,15,0,15,20,65,7,0,28.9,1925,17,181,730,1044,123,1921,92,65,70.7,27,29.3,1271,10183,5232,189,105,56,62,30,1431,294,120000,6240000
Willy Boly,DF,Wolves,28,22,22,1979.0,22.0,0,1,1,0,0,0,3,1,0.4,0.4,1.1,1.5,0.00,0.05,0.05,0.00,0.02,0.05,0.02,0.07,0.0,0.0,0.0,0.0,0.0,0.0,0.0,0.0,0.0,0.0,0.0,0.0,0.0,0.0,0.0,0.0,0.0,0.0,0.0,0.0,0.0,0.0,0.0,0.0,5,3,60.0,0.23,0.14,0.00,0.00,11.6,798,991,80.5,13716,5642,358,394,90.9,370,425,87.1,54,126,42.9,7,39,3,0,48,975,13,11,0,4,2,2,0,3,13,0.59,13,0.59,13,0,0,0,0,0,1,0.05,1,0,0,0,0,0,57,33,36,21,0,25,43,58.1,18,28,11,17,39,96,108,3,22.0,1264,139,623,606,39,20,1264,11,9,81.8,2,18.2,588,2675,1364,4,4,0,10,4,725,5,40000,2080000
Willy Caballero,GK,Chelsea,37,5,5,450.0,5.0,0,0,0,0,0,0,0,0,0.0,0.0,0.0,0.0,0.00,0.00,0.00,0.00,0.00,0.00,0.00,0.00,1.40,16,10,56.3,1,20.0,3.8,0.23,19,52,36.5,136,17,30.9,31.4,28,35.7,32.9,46,1,2.2,3,0.60,16.0,0,0,,0.00,0.00,,,,124,164,75.6,3134,2323,26,26,100.0,60,60,100.0,38,78,48.7,0,0,0,0,0,133,31,3,0,0,0,0,0,0,0,0.00,0,0.00,0,0,0,0,0,0,0,0.00,0,0,0,0,0,0,0,0,0,0,0,0,0,,0,0,0,0,0,0,3,0,5.0,176,160,176,0,0,0,176,0,0,,0,,116,486,257,0,0,0,0,0,109,0,30000,1560000
Xherdan Shaqiri,"FW,MF",Liverpool,27,7,2,185.0,2.1,1,0,1,1,0,0,0,0,0.5,0.5,0.2,0.7,0.49,0.00,0.49,0.49,0.25,0.09,0.25,0.33,0.0,0.0,0.0,0.0,0.0,0.0,0.0,0.0,0.0,0.0,0.0,0.0,0.0,0.0,0.0,0.0,0.0,0.0,0.0,0.0,0.0,0.0,0.0,0.0,4,1,25.0,1.95,0.49,0.25,1.00,20.4,89,110,80.9,1423,465,52,57,91.2,23,27,85.2,10,15,66.7,3,10,6,1,18,95,13,2,0,1,6,5,6,2,5,2.43,5,2.43,3,2,0,0,0,0,0,0.00,0,0,0,0,0,0,1,0,0,1,0,0,1,0.0,1,0,0,0,0,1,0,0,2.1,125,0,14,68,43,2,125,4,2,50.0,2,50.0,93,331,114,1,0,0,2,6,95,15,80000,4160000
Yan Valery,DF,Southampton,20,11,10,779.0,8.7,0,0,0,0,0,0,1,0,0.3,0.3,1.0,1.3,0.00,0.00,0.00,0.00,0.03,0.12,0.03,0.15,0.0,0.0,0.0,0.0,0.0,0.0,0.0,0.0,0.0,0.0,0.0,0.0,0.0,0.0,0.0,0.0,0.0,0.0,0.0,0.0,0.0,0.0,0.0,0.0,3,2,66.7,0.35,0.23,0.00,0.00,15.5,191,320,59.7,2961,1141,107,135,79.3,71,117,60.7,10,47,21.3,2,9,2,1,14,232,88,1,1,2,11,87,0,0,9,1.04,9,1.04,5,1,3,0,0,0,1,0.12,0,0,1,0,0,0,20,7,9,7,4,11,19,57.9,8,9,1,8,13,33,32,2,8.7,453,28,132,196,131,11,453,27,14,51.9,13,48.1,173,1169,539,20,11,8,14,19,172,31,1923,100000
Yerry Mina,DF,Everton,24,29,25,2284.0,25.4,2,1,3,2,0,0,3,0,3.4,3.4,1.4,4.8,0.08,0.04,0.12,0.08,0.13,0.05,0.13,0.19,0.0,0.0,0.0,0.0,0.0,0.0,0.0,0.0,0.0,0.0,0.0,0.0,0.0,0.0,0.0,0.0,0.0,0.0,0.0,0.0,0.0,0.0,0.0,0.0,29,11,37.9,1.14,0.43,0.07,0.18,10.7,1141,1371,83.2,23926,8014,328,381,86.1,614,692,88.7,182,256,71.1,7,51,0,0,83,1319,47,46,1,17,4,1,0,5,17,0.67,17,0.67,10,0,0,5,0,2,3,0.12,2,0,0,1,0,0,39,22,25,12,2,18,24,75.0,6,20,14,6,28,67,102,1,25.4,1632,226,906,662,73,48,1632,8,6,75.0,2,25.0,980,5913,3160,11,8,0,7,0,986,4,120000,6240000
Yoshinori Mutō,"MF,FW",Newcastle Utd,27,8,2,212.0,2.4,0,0,0,0,0,0,0,0,0.1,0.1,0.0,0.1,0.00,0.00,0.00,0.00,0.03,0.01,0.03,0.04,0.0,0.0,0.0,0.0,0.0,0.0,0.0,0.0,0.0,0.0,0.0,0.0,0.0,0.0,0.0,0.0,0.0,0.0,0.0,0.0,0.0,0.0,0.0,0.0,1,0,0.0,0.42,0.00,0.00,,10.0,27,33,81.8,290,91,12,13,92.3,6,7,85.7,1,2,50.0,1,2,1,0,5,31,2,1,0,0,1,0,0,0,3,1.27,3,1.27,3,0,0,0,0,0,0,0.00,0,0,0,0,0,0,3,2,1,2,0,1,2,50.0,1,0,0,0,0,3,0,0,2.4,56,0,6,29,23,5,56,9,5,55.6,4,44.4,41,280,118,4,3,2,9,2,38,10,54038,2810000
Youri Tielemans,MF,Leicester City,22,37,32,2828.0,31.4,3,6,9,3,0,0,2,0,2.7,2.7,4.5,7.2,0.10,0.19,0.29,0.10,0.09,0.14,0.09,0.23,0.0,0.0,0.0,0.0,0.0,0.0,0.0,0.0,0.0,0.0,0.0,0.0,0.0,0.0,0.0,0.0,0.0,0.0,0.0,0.0,0.0,0.0,0.0,0.0,56,13,23.2,1.78,0.41,0.05,0.23,23.8,1504,1885,79.8,25455,6845,705,804,87.7,569,679,83.8,155,258,60.1,52,170,40,6,215,1772,102,47,13,24,81,13,40,11,110,3.50,110,3.50,92,6,3,3,5,1,10,0.32,10,0,0,0,0,0,52,29,17,30,5,24,74,32.4,50,43,4,39,22,74,18,0,31.4,2177,27,320,1183,690,52,2177,48,29,60.4,19,39.6,1312,4999,2517,46,44,12,47,27,1615,123,33077,1720000
Yves Bissouma,MF,Brighton,22,22,15,1259.0,14.0,1,0,1,1,0,0,4,0,0.4,0.4,0.2,0.6,0.07,0.00,0.07,0.07,0.03,0.01,0.03,0.04,0.0,0.0,0.0,0.0,0.0,0.0,0.0,0.0,0.0,0.0,0.0,0.0,0.0,0.0,0.0,0.0,0.0,0.0,0.0,0.0,0.0,0.0,0.0,0.0,16,7,43.8,1.14,0.50,0.06,0.14,28.1,529,629,84.1,8913,2059,254,283,89.8,203,230,88.3,51,76,67.1,4,47,7,0,63,615,12,10,3,7,6,2,0,2,15,1.07,15,1.07,13,0,0,1,1,0,1,0.07,1,0,0,0,0,0,49,38,24,22,3,17,40,42.5,23,18,2,16,21,70,23,0,14.0,834,28,194,479,177,8,834,48,32,66.7,16,33.3,500,3269,1308,25,20,8,32,25,545,16,25000,1300000
Çağlar Söyüncü,DF,Leicester City,23,34,34,3036.0,33.7,1,1,2,1,0,0,4,1,2.1,2.1,0.8,2.9,0.03,0.03,0.06,0.03,0.06,0.02,0.06,0.09,0.0,0.0,0.0,0.0,0.0,0.0,0.0,0.0,0.0,0.0,0.0,0.0,0.0,0.0,0.0,0.0,0.0,0.0,0.0,0.0,0.0,0.0,0.0,0.0,17,5,29.4,0.50,0.15,0.06,0.20,10.3,2086,2342,89.1,38202,13194,798,856,93.2,1094,1188,92.1,169,235,71.9,4,112,3,0,125,2277,56,46,0,13,4,10,0,9,21,0.62,21,0.62,17,1,0,2,1,0,1,0.03,1,0,0,0,0,0,60,40,41,18,1,27,46,58.7,19,35,19,16,43,103,156,1,33.7,2700,263,1343,1303,65,33,2700,22,17,77.3,5,22.7,1779,8996,4279,22,10,0,17,2,1864,5,45000,2340000
Érik Lamela,"MF,FW",Tottenham,27,25,12,1215.0,13.5,2,1,3,2,0,0,3,0,2.9,2.9,1.1,4.0,0.15,0.07,0.22,0.15,0.22,0.08,0.22,0.30,0.0,0.0,0.0,0.0,0.0,0.0,0.0,0.0,0.0,0.0,0.0,0.0,0.0,0.0,0.0,0.0,0.0,0.0,0.0,0.0,0.0,0.0,0.0,0.0,29,8,27.6,2.15,0.59,0.07,0.25,19.5,461,593,77.7,6263,1265,292,326,89.6,105,133,78.9,32,67,47.8,18,28,19,1,45,535,56,8,2,2,49,1,40,2,52,3.86,52,3.86,30,5,4,4,7,2,10,0.74,5,1,0,3,1,0,24,20,9,13,2,2,21,9.5,19,12,3,9,8,32,10,0,13.5,750,17,85,331,350,29,750,44,30,68.2,14,31.8,538,3344,1612,51,51,12,26,42,537,84,80000,4160000
Étienne Capoue,MF,Watford,31,30,30,2627.0,29.2,0,3,3,0,0,0,8,0,0.8,0.8,3.3,4.1,0.00,0.10,0.10,0.00,0.03,0.11,0.03,0.14,0.0,0.0,0.0,0.0,0.0,0.0,0.0,0.0,0.0,0.0,0.0,0.0,0.0,0.0,0.0,0.0,0.0,0.0,0.0,0.0,0.0,0.0,0.0,0.0,19,1,5.3,0.65,0.03,0.00,0.00,26.9,1180,1465,80.5,21643,6104,536,612,87.6,453,520,87.1,154,249,61.8,20,117,10,1,132,1356,106,42,3,44,23,5,6,3,47,1.61,47,1.61,36,6,0,0,4,1,5,0.17,3,1,0,0,0,1,75,40,38,30,7,37,85,43.5,48,30,11,19,68,143,61,0,29.2,1797,94,422,1174,217,12,1797,40,23,57.5,17,42.5,912,3593,1554,16,16,3,18,26,999,23,40000,2080000
Ørjan Nyland,GK,Aston Villa,28,7,5,539.0,6.0,0,0,0,0,0,0,0,0,0.0,0.0,0.0,0.0,0.00,0.00,0.00,0.00,0.00,0.00,0.00,0.00,2.00,27,15,55.6,1,20.0,8.5,0.31,33,104,31.7,128,29,46.9,40.0,53,83.0,57.1,80,4,5.0,1,0.17,9.9,0,0,,0.00,0.00,,,,105,182,57.7,3547,2893,8,9,88.9,52,55,94.5,45,117,38.5,0,3,0,0,1,108,73,20,0,1,0,0,0,1,1,0.17,1,0.17,1,0,0,0,0,0,0,0.00,0,0,0,0,0,0,0,0,0,0,0,0,0,,0,0,0,0,0,0,1,1,6.0,191,162,187,4,0,0,191,0,0,,0,,91,680,445,0,0,0,1,0,70,0,20000,1040000
İlkay Gündoğan,MF,Manchester City,28,31,21,2020.0,22.4,2,1,3,1,1,2,7,0,4.0,2.4,2.1,4.5,0.09,0.04,0.13,0.04,0.18,0.10,0.11,0.20,0.0,0.0,0.0,0.0,0.0,0.0,0.0,0.0,0.0,0.0,0.0,0.0,0.0,0.0,0.0,0.0,0.0,0.0,0.0,0.0,0.0,0.0,0.0,0.0,31,6,19.4,1.38,0.27,0.03,0.17,21.5,1808,1990,90.9,28970,6374,956,1018,93.9,615,654,94.0,163,202,80.7,33,180,31,2,202,1924,64,30,7,8,30,5,23,2,79,3.52,79,3.52,69,3,0,3,3,1,3,0.13,3,0,0,0,0,0,27,16,9,11,7,9,41,22.0,32,17,5,12,31,58,13,0,22.4,2159,55,288,1325,562,41,2157,24,18,75.0,6,25.0,1517,6437,3002,39,63,5,15,11,1748,56,140000,7280000
Łukasz Fabiański,GK,West Ham,34,25,25,2117.0,23.5,0,0,0,0,0,0,1,0,0.0,0.0,0.0,0.0,0.00,0.00,0.00,0.00,0.00,0.00,0.00,0.00,1.45,104,71,70.2,5,20.0,32.1,0.27,189,455,41.5,480,100,60.2,43.5,192,86.5,58.6,382,11,2.9,8,0.34,10.3,0,0,,0.00,0.00,,,,386,678,56.9,15775,13749,28,28,100.0,109,116,94.0,248,525,47.2,0,12,0,0,0,411,261,69,0,1,0,0,0,6,2,0.09,2,0.09,2,0,0,0,0,0,0,0.00,0,0,0,0,0,0,2,2,2,0,0,2,4,50.0,2,0,0,0,1,3,5,3,23.5,720,632,717,3,0,0,720,1,1,100.0,0,0.0,366,2478,1606,0,0,0,1,0,218,0,65000,3380000
