Player,Pos,Squad,Age,MP,Starts,Min,90s_x,Gls,Ast,G+A,G-PK,PK,PKatt,CrdY,CrdR,xG,npxG,xAG,npxG+xAG,Gls/90,Ast/90,G+A/90,G-PK/90,xG/90,xAG/90,npxG/90,npxG+xAG/90,Gls Against 90,SoTA,Saves,Save%,CS,CS%,PSxG,PSxG/SoT,GK Cmp 40y,GK 40y Att,GK Cmp 40y%,Pass Att (GK),Thr Att (GK),Launch%,AvgLen_Pass (GK),GoalKick Att,GoalKick Launch%,AvgLen_GoalKick,Opp Crosses,Crosses Stp,Crosses Stp%,#OPA,#OPA/90,AvgDist,Sh,SoT,SoT%,Sh/90,SoT/90,G/Sh,G/SoT,Dist,Cmp_tot,Att_tot,Cmp%_tot,TotDist_Passed,PrgDist_Passed,Cmp_short,Att_short,Cmp%_short,Cmp_medium,Att_medium,Cmp%_medium,Cmp_long,Att_long,Cmp%_long,KP,1/3,PPA,CrsPA,PrgP,Live_Passes,Dead,FK,TB,Sw,Crs,TI,CK,Off,SCA,SCA90,SCA,SCA90,PassLive_SCA,PassDead_SCA,TO_SCA,Sh_SCA,Fld_SCA,Def_SCA,GCA,GCA90,PassLive_GCA,PassDead_GCA,TO_GCA,Sh_GCA,Fld_GCA,Def_GCA,Tkl,TklW,Def 3rd Tackles,Mid 3rd Tackles,Att 3rd Tackles,Tkl_Challenge,Att_Challenge,Tkl%_Challenge,Lost_Challenge,Blocks,Sh_block,Pass_block,Int,Tkl+Int,Clr,Err,90s_y,Touches,Def Pen Touches,Def 3rd Touches,Mid 3rd Touches,Att 3rd Touches,Att Pen Touches,Live_Touches,Att_takeon,Succ_takeon,Succ%_takeon,Tkld_takeon,Tkld%_takeon,Carries,TotDist_Carried,PrgDist_Carried,PrgC,1/3_carries,CPA,Mis,Dis,Rec,PrgR,Weekly Wages,Annual Wages
Aaron Connolly,FW,Brighton,20,17,9,791.0,8.8,2,1,3,2,0,0,0,0,4.0,4.0,0.2,4.2,0.23,0.11,0.34,0.23,0.45,0.02,0.45,0.48,0.0,0.0,0.0,0.0,0.0,0.0,0.0,0.0,0.0,0.0,0.0,0.0,0.0,0.0,0.0,0.0,0.0,0.0,0.0,0.0,0.0,0.0,0.0,0.0,23,8,34.8,2.62,0.91,0.09,0.25,14.0,72,94,76.6,844,176,51,65,78.5,14,16,87.5,0,1,0.0,6,3,1,0,4,89,5,0,0,0,2,0,0,0,15,1.71,15,1.71,10,0,2,1,2,0,1,0.11,1,0,0,0,0,0,6,3,1,3,2,0,2,0.0,2,4,0,4,0,6,2,0,8.8,174,1,12,57,108,35,174,11,5,45.5,6,54.5,106,652,276,12,11,5,27,8,134,58,23077,1200000
Aaron Cresswell,DF,West Ham,30,36,36,3170.0,35.2,0,8,8,0,0,0,3,0,1.0,1.0,6.5,7.5,0.00,0.23,0.23,0.00,0.03,0.18,0.03,0.21,0.0,0.0,0.0,0.0,0.0,0.0,0.0,0.0,0.0,0.0,0.0,0.0,0.0,0.0,0.0,0.0,0.0,0.0,0.0,0.0,0.0,0.0,0.0,0.0,19,4,21.1,0.54,0.11,0.00,0.00,25.4,1586,2141,74.1,28632,13845,754,847,89.0,606,755,80.3,198,429,46.2,58,174,26,18,162,1671,447,101,2,20,207,259,87,23,103,2.92,103,2.92,51,44,1,5,2,0,14,0.40,6,5,0,2,1,0,32,13,15,15,2,18,32,56.3,14,29,14,15,32,64,79,2,35.2,2366,169,758,1071,555,14,2366,10,4,40.0,6,60.0,1148,5201,2524,35,31,0,13,9,1349,96,50000,2600000
Aaron Ramsdale,GK,Sheffield Utd,22,38,38,3420.0,38.0,0,0,0,0,0,0,1,0,0.0,0.0,0.1,0.1,0.00,0.00,0.00,0.00,0.00,0.00,0.00,0.00,1.66,206,145,70.9,5,13.2,54.3,0.26,263,817,32.2,866,128,64.5,45.5,281,91.8,64.5,578,33,5.7,34,0.89,12.8,0,0,,0.00,0.00,,,,569,1153,49.3,22218,19232,71,73,97.3,176,179,98.3,318,889,35.8,2,44,1,0,0,733,414,133,0,5,0,0,0,6,8,0.21,8,0.21,6,2,0,0,0,0,0,0.00,0,0,0,0,0,0,1,1,1,0,0,1,1,100.0,0,0,0,0,2,3,22,6,38.0,1274,1085,1261,12,2,2,1274,2,2,100.0,0,0.0,650,4462,2614,0,0,0,2,0,421,0,3077,160000
Aaron Wan-Bissaka,DF,Manchester Utd,22,34,34,3060.0,34.0,2,4,6,2,0,0,3,0,0.9,0.9,2.3,3.2,0.06,0.12,0.18,0.06,0.03,0.07,0.03,0.09,0.0,0.0,0.0,0.0,0.0,0.0,0.0,0.0,0.0,0.0,0.0,0.0,0.0,0.0,0.0,0.0,0.0,0.0,0.0,0.0,0.0,0.0,0.0,0.0,7,4,57.1,0.21,0.12,0.29,0.50,15.2,1805,2147,84.1,24032,8316,1179,1281,92.0,516,618,83.5,43,90,47.8,31,93,32,13,145,1854,288,11,0,2,60,277,0,5,57,1.68,57,1.68,54,1,1,0,0,1,8,0.24,8,0,0,0,0,0,88,54,53,29,6,32,45,71.1,13,65,17,48,62,150,84,2,34.0,2547,116,807,1085,677,32,2547,60,34,56.7,25,41.7,1294,7565,3797,89,65,5,34,21,1551,176,90000,4680000
Abdoulaye Doucouré,MF,Everton,27,29,29,2443.0,27.1,2,3,5,2,0,0,6,0,2.3,2.3,2.0,4.3,0.07,0.11,0.18,0.07,0.09,0.07,0.09,0.16,0.0,0.0,0.0,0.0,0.0,0.0,0.0,0.0,0.0,0.0,0.0,0.0,0.0,0.0,0.0,0.0,0.0,0.0,0.0,0.0,0.0,0.0,0.0,0.0,18,5,27.8,0.66,0.18,0.11,0.40,17.4,1141,1354,84.3,17517,3953,583,666,87.5,441,490,90.0,65,83,78.3,21,65,23,1,104,1339,11,10,3,4,9,0,1,4,50,1.84,50,1.84,42,1,2,2,0,3,7,0.26,7,0,0,0,0,0,52,32,25,19,8,14,43,32.6,29,24,7,17,39,91,31,1,27.1,1598,61,423,881,316,33,1598,33,21,63.6,12,36.4,857,4317,1973,34,41,3,35,26,1040,70,75000,3900000
Aboubakar Kamara,"FW,MF",Fulham,25,11,2,315.0,3.5,0,0,0,0,0,0,1,1,0.5,0.5,0.3,0.9,0.00,0.00,0.00,0.00,0.16,0.09,0.16,0.25,0.0,0.0,0.0,0.0,0.0,0.0,0.0,0.0,0.0,0.0,0.0,0.0,0.0,0.0,0.0,0.0,0.0,0.0,0.0,0.0,0.0,0.0,0.0,0.0,4,2,50.0,1.14,0.57,0.00,0.00,20.4,86,127,67.7,1291,253,50,61,82.0,28,36,77.8,4,15,26.7,6,5,2,1,6,122,4,0,0,1,13,1,0,1,9,2.56,9,2.56,7,0,1,0,1,0,0,0.00,0,0,0,0,0,0,2,2,1,1,0,0,5,0.0,5,6,0,6,1,3,0,0,3.5,171,0,14,72,88,4,171,9,4,44.4,5,55.6,107,576,271,11,7,0,13,8,128,30,12500,650000
Adam Lallana,"MF,FW",Brighton,32,30,16,1596.0,17.7,1,1,2,1,0,0,0,0,1.6,1.6,2.6,4.2,0.06,0.06,0.11,0.06,0.09,0.14,0.09,0.23,0.0,0.0,0.0,0.0,0.0,0.0,0.0,0.0,0.0,0.0,0.0,0.0,0.0,0.0,0.0,0.0,0.0,0.0,0.0,0.0,0.0,0.0,0.0,0.0,22,5,22.7,1.24,0.28,0.05,0.20,17.3,792,944,83.9,11000,2987,450,511,88.1,240,281,85.4,35,55,63.6,25,61,26,2,109,918,22,11,2,2,12,5,3,4,56,3.16,56,3.16,50,0,2,1,3,0,4,0.23,4,0,0,0,0,0,28,13,11,13,4,8,39,20.5,31,18,3,15,15,43,13,0,17.7,1104,26,207,556,349,61,1104,28,18,64.3,10,35.7,586,2726,1324,33,15,13,24,15,808,77,90385,4700000
Adam Webster,DF,Brighton,25,29,29,2594.0,28.8,1,0,1,1,0,0,4,0,2.0,2.0,0.2,2.2,0.03,0.00,0.03,0.03,0.07,0.01,0.07,0.08,0.0,0.0,0.0,0.0,0.0,0.0,0.0,0.0,0.0,0.0,0.0,0.0,0.0,0.0,0.0,0.0,0.0,0.0,0.0,0.0,0.0,0.0,0.0,0.0,25,7,28.0,0.87,0.24,0.04,0.14,13.8,1508,1866,80.8,28793,10639,528,620,85.2,805,912,88.3,153,277,55.2,5,125,7,0,133,1806,56,33,0,18,1,23,0,4,28,0.97,28,0.97,24,0,0,1,2,1,1,0.03,1,0,0,0,0,0,29,16,15,10,4,12,25,48.0,13,29,16,13,47,76,92,3,28.8,2122,203,965,1015,159,32,2122,17,17,100.0,0,0.0,1309,8566,5757,42,36,2,27,6,1466,4,35000,1820000
Adama Traoré,"FW,MF",Wolves,24,37,28,2649.0,29.4,2,2,4,2,0,0,4,0,2.0,2.0,4.8,6.9,0.07,0.07,0.14,0.07,0.07,0.16,0.07,0.23,0.0,0.0,0.0,0.0,0.0,0.0,0.0,0.0,0.0,0.0,0.0,0.0,0.0,0.0,0.0,0.0,0.0,0.0,0.0,0.0,0.0,0.0,0.0,0.0,43,13,30.2,1.46,0.44,0.05,0.15,19.7,572,873,65.5,8290,1985,338,418,80.9,175,277,63.2,35,75,46.7,55,36,30,18,70,848,23,1,1,2,150,21,0,2,115,3.91,115,3.91,74,0,25,3,13,0,5,0.17,3,0,1,0,1,0,28,16,11,13,4,13,21,61.9,8,23,1,22,7,35,12,1,29.4,1267,20,118,565,626,106,1267,216,153,70.8,63,29.2,845,9040,5204,219,111,58,112,65,987,220,43077,2240000
Ademola Lookman,"FW,MF",Fulham,22,34,31,2747.0,30.5,4,4,8,4,0,1,5,0,6.3,5.5,5.2,10.7,0.13,0.13,0.26,0.13,0.21,0.17,0.18,0.35,0.0,0.0,0.0,0.0,0.0,0.0,0.0,0.0,0.0,0.0,0.0,0.0,0.0,0.0,0.0,0.0,0.0,0.0,0.0,0.0,0.0,0.0,0.0,0.0,68,22,32.4,2.23,0.72,0.06,0.18,17.8,892,1199,74.4,13128,3607,497,577,86.1,295,378,78.0,56,128,43.8,61,51,41,5,110,1035,160,37,6,3,134,12,84,4,127,4.16,127,4.16,82,24,6,9,6,0,9,0.29,5,2,1,1,0,0,35,11,18,9,8,13,44,29.5,31,31,1,30,20,55,9,0,30.5,1576,12,145,650,810,132,1575,128,82,64.1,46,35.9,962,6839,3071,110,67,52,107,73,1075,236,49500,2574000
Adrián,GK,Liverpool,33,3,3,270.0,3.0,0,0,0,0,0,0,0,0,0.0,0.0,0.0,0.0,0.00,0.00,0.00,0.00,0.00,0.00,0.00,0.00,3.00,18,9,50.0,1,33.3,6.8,0.38,11,28,39.3,77,19,31.2,31.3,22,18.2,21.1,35,0,0.0,6,2.00,17.0,0,0,,0.00,0.00,,,,78,100,78.0,1796,1138,24,24,100.0,33,34,97.1,20,40,50.0,0,0,0,0,0,70,29,7,0,0,0,0,0,1,0,0.00,0,0.00,0,0,0,0,0,0,0,0.00,0,0,0,0,0,0,0,0,0,0,0,0,0,,0,0,0,0,0,0,3,1,3.0,110,99,110,0,0,0,110,0,0,,0,,52,259,79,0,0,0,0,0,47,0,58077,3020000
Ahmed Elmohamady,DF,Aston Villa,32,14,8,839.0,9.3,0,0,0,0,0,0,2,0,0.4,0.4,1.0,1.4,0.00,0.00,0.00,0.00,0.05,0.11,0.05,0.15,0.0,0.0,0.0,0.0,0.0,0.0,0.0,0.0,0.0,0.0,0.0,0.0,0.0,0.0,0.0,0.0,0.0,0.0,0.0,0.0,0.0,0.0,0.0,0.0,9,1,11.1,0.97,0.11,0.00,0.00,11.9,468,618,75.7,8218,3180,216,241,89.6,197,255,77.3,50,97,51.5,13,34,21,7,45,491,126,18,0,4,39,108,0,1,27,2.90,27,2.90,22,2,0,1,0,2,1,0.11,0,1,0,0,0,0,17,13,12,4,1,9,14,64.3,5,6,3,3,17,34,26,0,9.3,693,36,228,273,195,14,693,3,2,66.7,1,33.3,314,1108,567,10,6,1,5,3,374,36,25000,1300000
Ahmed Hegazi,DF,West Brom,29,1,1,90.0,1.0,0,0,0,0,0,0,0,0,0.0,0.0,0.0,0.0,0.00,0.00,0.00,0.00,0.00,0.00,0.00,0.00,0.0,0.0,0.0,0.0,0.0,0.0,0.0,0.0,0.0,0.0,0.0,0.0,0.0,0.0,0.0,0.0,0.0,0.0,0.0,0.0,0.0,0.0,0.0,0.0,0,0,,0.00,0.00,,,,38,57,66.7,742,399,13,18,72.2,19,26,73.1,6,11,54.5,0,1,0,0,2,55,1,1,0,0,0,0,0,1,1,1.00,1,1.00,1,0,0,0,0,0,0,0.00,0,0,0,0,0,0,0,0,0,0,0,0,0,,0,2,0,2,1,1,7,0,1.0,70,15,52,19,0,0,70,0,0,,0,,28,102,33,0,0,0,3,0,32,0,26500,1378000
Ainsley Maitland-Niles,MF,West Brom,22,15,14,1230.0,13.7,0,0,0,0,0,0,2,0,0.6,0.6,0.7,1.2,0.00,0.00,0.00,0.00,0.04,0.05,0.04,0.09,0.0,0.0,0.0,0.0,0.0,0.0,0.0,0.0,0.0,0.0,0.0,0.0,0.0,0.0,0.0,0.0,0.0,0.0,0.0,0.0,0.0,0.0,0.0,0.0,2,1,50.0,0.37,0.18,0.00,0.00,20.9,226,291,77.7,3689,985,114,127,89.8,88,114,77.2,16,30,53.3,2,19,4,1,24,256,35,3,0,3,8,32,0,0,11,2.02,11,2.02,6,1,2,0,1,1,2,0.37,0,0,0,0,1,1,11,7,6,5,0,8,12,66.7,4,12,2,10,14,25,7,1,5.4,355,18,120,154,84,6,355,10,6,60.0,4,40.0,198,1018,479,12,10,3,10,7,215,21,35000,1820000
Ainsley Maitland-Niles,"MF,DF",Arsenal,22,11,5,490.0,5.4,0,0,0,0,0,0,0,0,0.1,0.1,0.1,0.2,0.00,0.00,0.00,0.00,0.01,0.02,0.01,0.04,0.0,0.0,0.0,0.0,0.0,0.0,0.0,0.0,0.0,0.0,0.0,0.0,0.0,0.0,0.0,0.0,0.0,0.0,0.0,0.0,0.0,0.0,0.0,0.0,2,1,50.0,0.37,0.18,0.00,0.00,20.9,226,291,77.7,3689,985,114,127,89.8,88,114,77.2,16,30,53.3,2,19,4,1,24,256,35,3,0,3,8,32,0,0,11,2.02,11,2.02,6,1,2,0,1,1,2,0.37,0,0,0,0,1,1,11,7,6,5,0,8,12,66.7,4,12,2,10,14,25,7,1,5.4,355,18,120,154,84,6,355,10,6,60.0,4,40.0,198,1018,479,12,10,3,10,7,215,21,35000,1820000
Aleksandar Mitrović,FW,Fulham,25,27,13,1402.0,15.6,3,3,6,2,1,2,3,0,6.2,4.6,2.7,7.3,0.19,0.19,0.39,0.13,0.40,0.18,0.29,0.47,0.0,0.0,0.0,0.0,0.0,0.0,0.0,0.0,0.0,0.0,0.0,0.0,0.0,0.0,0.0,0.0,0.0,0.0,0.0,0.0,0.0,0.0,0.0,0.0,57,19,33.3,3.66,1.22,0.04,0.11,15.8,284,388,73.2,3630,573,176,224,78.6,62,83,74.7,13,18,72.2,23,9,11,2,27,364,22,1,2,1,4,4,1,2,44,2.82,44,2.82,34,1,3,1,5,0,5,0.32,3,0,1,1,0,0,7,4,0,3,4,2,8,25.0,6,12,3,9,3,10,8,0,15.6,584,12,37,243,307,102,582,12,7,58.3,5,41.7,274,1057,380,10,9,5,60,17,457,88,60000,3120000
Alex Iwobi,"FW,MF",Everton,24,30,17,1542.0,17.1,1,2,3,1,0,0,0,0,0.9,0.9,1.9,2.8,0.06,0.12,0.18,0.06,0.05,0.11,0.05,0.16,0.0,0.0,0.0,0.0,0.0,0.0,0.0,0.0,0.0,0.0,0.0,0.0,0.0,0.0,0.0,0.0,0.0,0.0,0.0,0.0,0.0,0.0,0.0,0.0,15,3,20.0,0.88,0.18,0.07,0.33,18.7,528,698,75.6,8511,2306,270,308,87.7,206,258,79.8,36,78,46.2,16,35,23,7,65,656,37,1,2,8,69,29,0,5,45,2.63,45,2.63,38,0,2,3,2,0,5,0.29,4,0,0,1,0,0,27,10,10,14,3,13,25,52.0,12,20,1,19,16,43,14,0,17.1,883,23,178,388,337,42,883,71,45,63.4,26,36.6,576,4340,2345,72,49,13,41,26,617,99,50000,2600000
Alex McCarthy,GK,Southampton,30,30,30,2700.0,30.0,0,0,0,0,0,0,2,0,0.0,0.0,0.0,0.0,0.00,0.00,0.00,0.00,0.00,0.00,0.00,0.00,1.90,147,91,65.3,7,23.3,46.5,0.28,109,435,25.1,900,131,37.1,32.0,171,59.1,41.1,365,23,6.3,31,1.03,15.6,0,0,,0.00,0.00,,,,700,1080,64.8,16451,11553,216,220,98.2,290,296,98.0,179,538,33.3,0,7,2,0,0,801,270,99,0,7,0,0,0,9,3,0.10,3,0.10,3,0,0,0,0,0,0,0.00,0,0,0,0,0,0,1,0,1,0,0,1,4,25.0,3,0,0,0,0,1,11,1,30.0,1145,855,1138,7,0,0,1145,2,2,100.0,0,0.0,631,2908,1601,0,1,1,1,0,583,1,50000,2600000
Alex Oxlade-Chamberlain,"MF,FW",Liverpool,26,13,2,253.0,2.8,1,1,2,1,0,0,0,0,0.3,0.3,0.3,0.6,0.36,0.36,0.71,0.36,0.11,0.10,0.11,0.21,0.0,0.0,0.0,0.0,0.0,0.0,0.0,0.0,0.0,0.0,0.0,0.0,0.0,0.0,0.0,0.0,0.0,0.0,0.0,0.0,0.0,0.0,0.0,0.0,8,4,50.0,2.85,1.42,0.13,0.25,21.8,106,143,74.1,1925,466,53,60,88.3,38,48,79.2,14,18,77.8,2,11,2,0,20,138,3,0,0,1,8,2,0,2,6,2.13,6,2.13,6,0,0,0,0,0,1,0.36,1,0,0,0,0,0,4,0,0,3,1,0,2,0.0,2,1,0,1,2,6,0,0,2.8,182,2,13,93,77,6,182,7,1,14.3,6,85.7,99,579,241,5,7,0,7,5,129,21,120000,6240000
Alex Telles,DF,Manchester Utd,27,9,8,690.0,7.7,0,2,2,0,0,0,0,0,0.2,0.2,0.9,1.0,0.00,0.26,0.26,0.00,0.02,0.12,0.02,0.14,0.0,0.0,0.0,0.0,0.0,0.0,0.0,0.0,0.0,0.0,0.0,0.0,0.0,0.0,0.0,0.0,0.0,0.0,0.0,0.0,0.0,0.0,0.0,0.0,5,1,20.0,0.65,0.13,0.00,0.00,22.3,467,584,80.0,7007,2795,252,269,93.7,154,193,79.8,35,88,39.8,12,42,12,2,48,477,106,8,1,2,55,70,28,1,24,3.13,24,3.13,10,10,0,2,1,1,3,0.39,2,1,0,0,0,0,14,7,10,3,1,8,17,47.1,9,7,2,5,16,30,20,0,7.7,667,28,171,315,186,3,667,7,3,42.9,4,57.1,355,1803,1110,27,15,0,5,5,417,40,93077,4840000
Alexandre Jankewitz,MF,Southampton,18,2,1,3.0,0.0,0,0,0,0,0,0,0,1,0.0,0.0,0.0,0.0,0.00,0.00,0.00,0.00,0.00,0.00,0.00,0.00,0.0,0.0,0.0,0.0,0.0,0.0,0.0,0.0,0.0,0.0,0.0,0.0,0.0,0.0,0.0,0.0,0.0,0.0,0.0,0.0,0.0,0.0,0.0,0.0,0,0,,0.00,0.00,,,,2,3,66.7,24,17,1,2,50.0,1,1,100.0,0,0,,0,0,1,0,1,3,0,0,0,0,0,0,0,0,1,30.00,1,30.00,1,0,0,0,0,0,0,0.00,0,0,0,0,0,0,2,1,2,0,0,1,1,100.0,0,0,0,0,0,2,0,0,0.0,6,0,4,0,2,0,6,0,0,,0,,3,7,1,0,0,0,1,0,4,0,0.0,0.0
Alexandre Lacazette,FW,Arsenal,29,31,22,1923.0,21.4,13,2,15,10,3,3,3,0,11.7,9.3,2.2,11.5,0.61,0.09,0.70,0.47,0.55,0.10,0.43,0.54,0.0,0.0,0.0,0.0,0.0,0.0,0.0,0.0,0.0,0.0,0.0,0.0,0.0,0.0,0.0,0.0,0.0,0.0,0.0,0.0,0.0,0.0,0.0,0.0,42,25,59.5,1.97,1.17,0.24,0.40,14.9,405,523,77.4,5117,1193,229,283,80.9,102,124,82.3,18,28,64.3,22,32,19,0,55,484,33,2,4,2,3,0,0,6,55,2.57,55,2.57,35,0,6,2,10,2,5,0.23,4,0,0,0,1,0,18,10,4,11,3,4,22,18.2,18,20,1,19,12,30,13,0,21.4,735,15,80,330,331,95,732,36,22,61.1,14,38.9,355,1366,471,15,10,9,50,31,533,112,182115,9470000
Alexis Mac Allister,"MF,FW",Brighton,21,21,13,1115.0,12.4,1,1,2,1,0,0,1,0,1.3,1.3,1.5,2.7,0.08,0.08,0.16,0.08,0.10,0.12,0.10,0.22,0.0,0.0,0.0,0.0,0.0,0.0,0.0,0.0,0.0,0.0,0.0,0.0,0.0,0.0,0.0,0.0,0.0,0.0,0.0,0.0,0.0,0.0,0.0,0.0,24,3,12.5,1.94,0.24,0.04,0.33,22.5,320,410,78.0,4922,1248,168,196,85.7,109,129,84.5,20,36,55.6,15,26,16,0,48,396,11,6,3,6,11,0,1,3,34,2.74,34,2.74,29,0,2,2,1,0,2,0.16,2,0,0,0,0,0,26,12,6,16,4,11,38,28.9,27,25,4,21,9,35,4,0,12.4,563,8,95,258,220,34,563,26,16,61.5,10,38.5,303,1505,680,15,12,0,28,16,368,55,30769,1600000
Alireza Jahanbakhsh,"FW,MF",Brighton,26,21,6,528.0,5.9,0,1,1,0,0,0,3,0,1.5,1.5,3.0,4.5,0.00,0.17,0.17,0.00,0.26,0.51,0.26,0.77,0.0,0.0,0.0,0.0,0.0,0.0,0.0,0.0,0.0,0.0,0.0,0.0,0.0,0.0,0.0,0.0,0.0,0.0,0.0,0.0,0.0,0.0,0.0,0.0,18,3,16.7,3.07,0.51,0.00,0.00,18.1,188,266,70.7,2801,657,103,126,81.7,61,82,74.4,14,28,50.0,10,10,19,4,28,257,8,1,2,1,30,3,2,1,21,3.57,21,3.57,16,0,2,2,1,0,1,0.17,1,0,0,0,0,0,9,7,3,5,1,2,12,16.7,10,8,0,8,8,17,1,0,5.9,331,4,23,113,199,29,331,17,11,64.7,6,35.3,219,991,552,18,13,6,12,7,254,53,50000,2600000
Alisson,GK,Liverpool,27,33,33,2970.0,33.0,1,0,1,1,0,0,1,0,0.1,0.1,0.0,0.1,0.03,0.00,0.03,0.03,0.00,0.00,0.00,0.00,0.97,115,82,75.7,10,30.3,35.0,0.27,74,194,38.1,980,165,14.9,25.7,173,27.7,30.4,341,20,5.9,87,2.64,18.6,1,1,100.0,0.03,0.03,1.00,1.00,8.4,1000,1157,86.4,22600,14023,223,225,99.1,578,590,98.0,191,330,57.9,0,4,1,0,1,919,234,61,0,2,0,0,0,4,5,0.15,5,0.15,4,1,0,0,0,0,0,0.00,0,0,0,0,0,0,3,2,3,0,0,3,4,75.0,1,0,0,0,2,5,26,7,33.0,1239,931,1224,16,1,1,1239,2,2,100.0,0,0.0,709,2807,1763,0,0,0,0,0,669,0,90000,4680000
Allan,MF,Everton,29,24,23,2051.0,22.8,0,0,0,0,0,0,6,0,0.3,0.3,0.8,1.1,0.00,0.00,0.00,0.00,0.01,0.03,0.01,0.05,0.0,0.0,0.0,0.0,0.0,0.0,0.0,0.0,0.0,0.0,0.0,0.0,0.0,0.0,0.0,0.0,0.0,0.0,0.0,0.0,0.0,0.0,0.0,0.0,7,2,28.6,0.31,0.09,0.00,0.00,22.4,908,1068,85.0,14950,4370,430,468,91.9,354,405,87.4,82,116,70.7,17,88,16,1,92,1029,35,22,1,4,4,5,0,4,39,1.71,39,1.71,33,1,4,1,0,0,2,0.09,2,0,0,0,0,0,80,45,39,37,4,28,95,29.5,67,31,12,19,19,99,25,1,22.8,1310,68,382,816,136,3,1310,49,31,63.3,18,36.7,721,4220,2314,30,31,2,21,18,831,8,80000,4160000
Allan Saint-Maximin,"FW,MF",Newcastle Utd,23,25,19,1560.0,17.3,3,4,7,3,0,0,0,0,2.6,2.6,3.7,6.3,0.17,0.23,0.40,0.17,0.15,0.21,0.15,0.36,0.0,0.0,0.0,0.0,0.0,0.0,0.0,0.0,0.0,0.0,0.0,0.0,0.0,0.0,0.0,0.0,0.0,0.0,0.0,0.0,0.0,0.0,0.0,0.0,30,12,40.0,1.73,0.69,0.10,0.25,20.8,355,444,80.0,5503,1314,189,220,85.9,122,152,80.3,28,37,75.7,30,28,11,4,65,430,13,0,4,2,21,5,0,1,69,3.98,69,3.98,44,1,17,1,6,0,10,0.58,7,0,3,0,0,0,16,9,6,9,1,4,9,44.4,5,10,0,10,4,20,2,0,17.3,666,3,66,326,299,54,666,145,96,66.2,49,33.8,498,4492,2479,81,66,24,55,52,518,86,65000,3380000
Allan Tchaptchet,DF,Southampton,18,1,0,13.0,0.1,0,0,0,0,0,0,0,0,0.0,0.0,0.0,0.0,0.00,0.00,0.00,0.00,0.00,0.00,0.00,0.00,0.0,0.0,0.0,0.0,0.0,0.0,0.0,0.0,0.0,0.0,0.0,0.0,0.0,0.0,0.0,0.0,0.0,0.0,0.0,0.0,0.0,0.0,0.0,0.0,0,0,,0.00,0.00,,,,0,1,0.0,0,0,0,0,,0,0,,0,0,,0,0,0,0,0,1,0,0,0,0,0,0,0,0,0,0.00,0,0.00,0,0,0,0,0,0,0,0.00,0,0,0,0,0,0,0,0,0,0,0,0,0,,0,0,0,0,0,0,0,0,0.1,2,1,2,0,0,0,2,0,0,,0,,0,0,0,0,0,0,1,0,1,0,0.0,0.0
Alphonse Areola,GK,Fulham,27,36,36,3240.0,36.0,0,0,0,0,0,0,2,0,0.0,0.0,0.0,0.0,0.00,0.00,0.00,0.00,0.00,0.00,0.00,0.00,1.33,161,114,73.9,9,25.0,50.5,0.28,144,389,37.0,760,173,32.8,30.0,251,55.8,39.8,501,26,5.2,31,0.86,13.0,0,0,,0.00,0.00,,,,746,1014,73.6,18222,12486,272,274,99.3,254,256,99.2,204,465,43.9,0,12,1,0,0,663,348,97,0,0,0,0,0,3,2,0.06,2,0.06,1,1,0,0,0,0,0,0.00,0,0,0,0,0,0,1,0,1,0,0,1,5,20.0,4,0,0,0,1,2,13,3,36.0,1101,972,1096,5,0,0,1101,0,0,,0,,574,2982,1600,0,0,0,1,0,414,0,55000,2860000
Amad Diallo,FW,Manchester Utd,18,3,2,166.0,1.8,0,1,1,0,0,0,0,0,0.0,0.0,0.5,0.5,0.00,0.54,0.54,0.00,0.02,0.27,0.02,0.29,0.0,0.0,0.0,0.0,0.0,0.0,0.0,0.0,0.0,0.0,0.0,0.0,0.0,0.0,0.0,0.0,0.0,0.0,0.0,0.0,0.0,0.0,0.0,0.0,1,1,100.0,0.54,0.54,0.00,0.00,25.7,52,64,81.3,662,174,29,34,85.3,15,17,88.2,2,3,66.7,2,5,2,0,9,63,0,0,1,0,0,0,0,1,3,1.63,3,1.63,3,0,0,0,0,0,1,0.54,1,0,0,0,0,0,3,3,1,2,0,0,0,,0,2,1,1,0,3,1,0,1.8,93,3,19,49,28,1,93,14,5,35.7,9,64.3,63,431,227,9,6,0,5,5,64,7,28846,1500000
Andi Zeqiri,"FW,DF",Brighton,21,9,0,171.0,1.9,0,0,0,0,0,0,0,0,0.7,0.7,0.1,0.8,0.00,0.00,0.00,0.00,0.38,0.04,0.38,0.42,0.0,0.0,0.0,0.0,0.0,0.0,0.0,0.0,0.0,0.0,0.0,0.0,0.0,0.0,0.0,0.0,0.0,0.0,0.0,0.0,0.0,0.0,0.0,0.0,7,2,28.6,3.68,1.05,0.00,0.00,13.6,21,44,47.7,293,60,12,19,63.2,6,14,42.9,1,5,20.0,1,3,1,1,2,43,1,1,0,0,6,0,0,0,4,2.09,4,2.09,3,0,1,0,0,0,1,0.52,1,0,0,0,0,0,3,2,0,2,1,1,2,50.0,1,1,0,1,0,3,2,0,1.9,69,4,9,21,39,13,69,1,1,100.0,0,0.0,41,151,73,2,0,0,8,1,45,14,26500,1378000
Andre-Frank Zambo Anguissa,MF,Fulham,24,36,29,2587.0,28.7,0,3,3,0,0,0,6,0,1.6,1.6,2.5,4.0,0.00,0.10,0.10,0.00,0.05,0.09,0.05,0.14,0.0,0.0,0.0,0.0,0.0,0.0,0.0,0.0,0.0,0.0,0.0,0.0,0.0,0.0,0.0,0.0,0.0,0.0,0.0,0.0,0.0,0.0,0.0,0.0,34,8,23.5,1.18,0.28,0.00,0.00,21.6,1201,1434,83.8,17714,4593,669,761,87.9,428,477,89.7,57,94,60.6,27,123,20,4,156,1417,17,12,2,5,13,5,0,0,63,2.19,63,2.19,49,0,9,2,2,1,6,0.21,4,0,2,0,0,0,78,37,27,38,13,27,68,39.7,41,35,6,29,56,134,17,2,28.7,1827,38,367,1059,448,38,1827,143,96,67.1,47,32.9,1087,6846,3335,81,64,8,72,50,1201,68,67000,3484000
Andreas Christensen,DF,Chelsea,24,17,15,1371.0,15.2,0,0,0,0,0,0,2,1,0.1,0.1,0.3,0.4,0.00,0.00,0.00,0.00,0.01,0.02,0.01,0.03,0.0,0.0,0.0,0.0,0.0,0.0,0.0,0.0,0.0,0.0,0.0,0.0,0.0,0.0,0.0,0.0,0.0,0.0,0.0,0.0,0.0,0.0,0.0,0.0,3,0,0.0,0.20,0.00,0.00,,12.7,1046,1149,91.0,19614,6590,363,395,91.9,573,603,95.0,90,114,78.9,6,50,2,0,43,1117,29,24,1,4,0,5,0,3,13,0.85,13,0.85,12,0,1,0,0,0,1,0.07,1,0,0,0,0,0,11,6,8,3,0,0,8,0.0,8,19,14,5,20,31,51,1,15.2,1272,163,687,562,34,7,1272,7,7,100.0,0,0.0,799,3892,2134,7,12,0,9,1,939,1,80000,4160000
Andrew Robertson,DF,Liverpool,26,38,38,3383.0,37.6,1,7,8,1,0,0,2,0,1.5,1.5,6.6,8.0,0.03,0.19,0.21,0.03,0.04,0.17,0.04,0.21,0.0,0.0,0.0,0.0,0.0,0.0,0.0,0.0,0.0,0.0,0.0,0.0,0.0,0.0,0.0,0.0,0.0,0.0,0.0,0.0,0.0,0.0,0.0,0.0,19,5,26.3,0.51,0.13,0.05,0.20,17.4,2624,3303,79.4,41070,12970,1461,1619,90.2,953,1156,82.4,156,376,41.5,66,194,62,27,228,2774,521,81,2,22,294,321,119,8,123,3.27,123,3.27,94,23,4,1,0,1,15,0.40,11,2,1,1,0,0,46,34,23,18,5,28,57,49.1,29,39,9,30,21,67,79,1,37.6,3588,103,756,1647,1226,97,3588,53,28,52.8,25,47.2,2146,10868,6389,119,101,10,42,11,2425,289,50000,2600000
Andriy Yarmolenko,"FW,MF",West Ham,30,15,1,375.0,4.2,0,1,1,0,0,0,3,0,0.3,0.3,0.8,1.1,0.00,0.24,0.24,0.00,0.06,0.19,0.06,0.25,0.0,0.0,0.0,0.0,0.0,0.0,0.0,0.0,0.0,0.0,0.0,0.0,0.0,0.0,0.0,0.0,0.0,0.0,0.0,0.0,0.0,0.0,0.0,0.0,7,2,28.6,1.68,0.48,0.00,0.00,20.3,117,152,77.0,1811,429,70,79,88.6,37,51,72.5,9,15,60.0,5,11,6,2,17,147,5,0,0,2,16,1,3,0,14,3.36,14,3.36,10,1,1,1,1,0,2,0.48,2,0,0,0,0,0,5,4,2,2,1,2,8,25.0,6,1,0,1,1,6,2,0,4.2,198,4,34,82,86,15,198,12,6,50.0,6,50.0,126,969,442,22,12,5,12,10,149,38,115000,5980000
Andros Townsend,"MF,FW",Crystal Palace,29,34,25,2258.0,25.1,1,5,6,1,0,0,0,0,2.3,2.3,4.0,6.2,0.04,0.20,0.24,0.04,0.09,0.16,0.09,0.25,0.0,0.0,0.0,0.0,0.0,0.0,0.0,0.0,0.0,0.0,0.0,0.0,0.0,0.0,0.0,0.0,0.0,0.0,0.0,0.0,0.0,0.0,0.0,0.0,36,11,30.6,1.43,0.44,0.03,0.09,22.6,578,871,66.4,9075,3523,327,374,87.4,141,222,63.5,71,170,41.8,40,42,41,22,75,761,103,36,2,3,155,6,56,7,76,3.03,76,3.03,42,19,6,1,5,3,9,0.36,7,2,0,0,0,0,78,41,45,20,13,30,79,38.0,49,48,2,46,41,119,19,0,25.1,1213,29,259,502,493,33,1213,73,44,60.3,29,39.7,679,4920,2351,72,55,9,47,56,706,112,55000,2860000
André Gomes,MF,Everton,27,28,17,1570.0,17.4,0,1,1,0,0,0,3,0,0.5,0.5,1.0,1.4,0.00,0.06,0.06,0.00,0.03,0.06,0.03,0.08,0.0,0.0,0.0,0.0,0.0,0.0,0.0,0.0,0.0,0.0,0.0,0.0,0.0,0.0,0.0,0.0,0.0,0.0,0.0,0.0,0.0,0.0,0.0,0.0,14,3,21.4,0.80,0.17,0.00,0.00,26.7,752,908,82.8,13045,3344,351,392,89.5,282,315,89.5,82,126,65.1,15,79,14,2,103,887,14,8,2,16,23,2,3,7,42,2.41,42,2.41,37,2,1,2,0,0,3,0.17,3,0,0,0,0,0,35,23,16,16,3,17,58,29.3,41,19,1,18,10,45,12,1,17.4,1084,30,222,642,232,12,1084,48,31,64.6,17,35.4,643,3420,1587,30,25,4,30,31,771,28,112308,5840000
Andy Carroll,FW,Newcastle Utd,31,18,4,392.0,4.4,1,0,1,1,0,0,1,0,0.8,0.8,0.1,0.9,0.23,0.00,0.23,0.23,0.19,0.02,0.19,0.21,0.0,0.0,0.0,0.0,0.0,0.0,0.0,0.0,0.0,0.0,0.0,0.0,0.0,0.0,0.0,0.0,0.0,0.0,0.0,0.0,0.0,0.0,0.0,0.0,14,2,14.3,3.21,0.46,0.07,0.50,14.3,85,139,61.2,1186,322,57,83,68.7,20,27,74.1,6,11,54.5,2,11,3,0,12,130,7,1,0,2,0,1,0,2,10,2.30,10,2.30,6,0,2,2,0,0,1,0.23,1,0,0,0,0,0,3,1,1,1,1,1,8,12.5,7,1,0,1,0,3,14,0,4.4,204,13,19,108,77,20,204,4,2,50.0,2,50.0,82,221,60,2,1,2,18,3,141,18,75000,3900000
Angelo Ogbonna,DF,West Ham,32,28,28,2492.0,27.7,3,0,3,3,0,0,5,0,1.7,1.7,0.8,2.5,0.11,0.00,0.11,0.11,0.06,0.03,0.06,0.09,0.0,0.0,0.0,0.0,0.0,0.0,0.0,0.0,0.0,0.0,0.0,0.0,0.0,0.0,0.0,0.0,0.0,0.0,0.0,0.0,0.0,0.0,0.0,0.0,13,4,30.8,0.47,0.14,0.23,0.75,7.3,830,1022,81.2,16253,5523,240,271,88.6,495,560,88.4,87,163,53.4,4,27,0,0,36,1009,13,12,0,2,3,1,0,0,12,0.43,12,0.43,9,1,0,1,0,1,1,0.04,1,0,0,0,0,0,26,13,20,5,1,9,17,52.9,8,25,11,14,30,56,119,0,27.7,1272,184,674,552,53,33,1272,4,3,75.0,1,25.0,691,4189,1833,7,4,1,4,5,723,3,70000,3640000
Anthony Elanga,FW,Manchester Utd,18,2,2,155.0,1.7,1,0,1,1,0,0,0,0,0.4,0.4,0.0,0.5,0.58,0.00,0.58,0.58,0.26,0.02,0.26,0.28,0.0,0.0,0.0,0.0,0.0,0.0,0.0,0.0,0.0,0.0,0.0,0.0,0.0,0.0,0.0,0.0,0.0,0.0,0.0,0.0,0.0,0.0,0.0,0.0,2,1,50.0,1.16,0.58,0.50,1.00,11.9,41,55,74.5,519,77,31,36,86.1,5,8,62.5,3,4,75.0,1,3,0,0,3,54,1,0,0,1,2,0,0,0,2,1.16,2,1.16,1,0,1,0,0,0,0,0.00,0,0,0,0,0,0,4,2,3,1,0,4,5,80.0,1,1,1,0,1,5,1,0,1.7,84,2,15,33,39,5,84,7,3,42.9,4,57.1,57,262,68,2,3,0,8,2,65,13,0.0,0.0
Anthony Gordon,"FW,MF",Everton,19,3,1,88.0,1.0,0,0,0,0,0,0,0,0,0.0,0.0,0.0,0.0,0.00,0.00,0.00,0.00,0.00,0.03,0.00,0.03,0.0,0.0,0.0,0.0,0.0,0.0,0.0,0.0,0.0,0.0,0.0,0.0,0.0,0.0,0.0,0.0,0.0,0.0,0.0,0.0,0.0,0.0,0.0,0.0,0,0,,0.00,0.00,,,,22,27,81.5,293,65,15,15,100.0,5,5,100.0,2,4,50.0,1,1,2,0,2,25,2,1,0,0,1,1,0,0,1,1.02,1,1.02,1,0,0,0,0,0,0,0.00,0,0,0,0,0,0,3,3,3,0,0,0,2,0.0,2,1,0,1,1,4,3,0,1.0,45,2,14,17,15,2,45,6,2,33.3,4,66.7,26,195,83,3,2,1,5,2,27,5,10000,520000
Anthony Martial,FW,Manchester Utd,24,22,17,1480.0,16.4,4,3,7,4,0,0,0,1,6.5,6.5,2.0,8.5,0.24,0.18,0.43,0.24,0.40,0.12,0.40,0.52,0.0,0.0,0.0,0.0,0.0,0.0,0.0,0.0,0.0,0.0,0.0,0.0,0.0,0.0,0.0,0.0,0.0,0.0,0.0,0.0,0.0,0.0,0.0,0.0,43,20,46.5,2.61,1.22,0.09,0.20,14.0,409,492,83.1,5013,959,261,296,88.2,101,122,82.8,10,12,83.3,17,25,15,0,46,484,7,1,2,1,9,2,0,1,48,2.92,48,2.92,31,0,7,4,6,0,9,0.55,2,0,1,2,4,0,2,1,1,1,0,0,10,0.0,10,17,3,14,1,3,8,0,16.4,675,12,47,243,392,103,675,59,35,59.3,24,40.7,454,2777,1327,48,32,18,50,37,585,155,250000,13000000
Antonee Robinson,DF,Fulham,22,28,24,2162.0,24.0,0,0,0,0,0,0,4,1,0.4,0.4,1.9,2.3,0.00,0.00,0.00,0.00,0.02,0.08,0.02,0.10,0.0,0.0,0.0,0.0,0.0,0.0,0.0,0.0,0.0,0.0,0.0,0.0,0.0,0.0,0.0,0.0,0.0,0.0,0.0,0.0,0.0,0.0,0.0,0.0,10,4,40.0,0.42,0.17,0.00,0.00,20.0,974,1385,70.3,15751,5884,489,567,86.2,381,540,70.6,77,174,44.3,29,48,41,22,82,1139,243,9,0,2,101,234,0,3,60,2.50,60,2.50,51,3,3,0,3,0,2,0.08,2,0,0,0,0,0,45,28,24,16,5,27,44,61.4,17,21,4,17,37,82,68,0,24.0,1670,83,465,689,541,32,1670,73,51,69.9,22,30.1,827,5886,3401,98,78,11,44,22,939,145,27500,1430000
Antonio Rüdiger,DF,Chelsea,27,19,19,1710.0,19.0,1,0,1,1,0,0,0,0,1.3,1.3,0.4,1.7,0.05,0.00,0.05,0.05,0.07,0.02,0.07,0.09,0.0,0.0,0.0,0.0,0.0,0.0,0.0,0.0,0.0,0.0,0.0,0.0,0.0,0.0,0.0,0.0,0.0,0.0,0.0,0.0,0.0,0.0,0.0,0.0,14,6,42.9,0.74,0.32,0.07,0.17,18.3,1365,1534,89.0,24963,7656,515,546,94.3,735,774,95.0,101,179,56.4,3,98,4,1,71,1498,30,28,0,13,3,2,0,6,18,0.95,18,0.95,18,0,0,0,0,0,1,0.05,1,0,0,0,0,0,31,23,16,14,1,12,15,80.0,3,17,10,7,18,49,51,0,19.0,1690,159,738,871,92,17,1690,6,3,50.0,3,50.0,1074,5196,3005,24,18,1,9,1,1301,6,100000,5200000
Antwoine Hackford,DF,Sheffield Utd,16,1,0,11.0,0.1,0,0,0,0,0,0,0,0,0.1,0.1,0.0,0.1,0.00,0.00,0.00,0.00,0.84,0.00,0.84,0.84,0.0,0.0,0.0,0.0,0.0,0.0,0.0,0.0,0.0,0.0,0.0,0.0,0.0,0.0,0.0,0.0,0.0,0.0,0.0,0.0,0.0,0.0,0.0,0.0,1,0,0.0,8.18,0.00,0.00,,10.9,1,1,100.0,2,0,0,0,,0,0,,0,0,,0,0,0,0,0,1,0,0,0,0,0,0,0,0,0,0.00,0,0.00,0,0,0,0,0,0,0,0.00,0,0,0,0,0,0,0,0,0,0,0,0,0,,0,0,0,0,0,0,0,0,0.1,3,0,0,2,1,1,3,0,0,,0,,2,1,0,0,0,0,0,0,2,0,0.0,0.0
Anwar El Ghazi,FW,Aston Villa,25,28,17,1613.0,17.9,10,0,10,6,4,4,2,0,8.4,5.3,1.8,7.1,0.56,0.00,0.56,0.33,0.47,0.10,0.30,0.39,0.0,0.0,0.0,0.0,0.0,0.0,0.0,0.0,0.0,0.0,0.0,0.0,0.0,0.0,0.0,0.0,0.0,0.0,0.0,0.0,0.0,0.0,0.0,0.0,60,26,43.3,3.35,1.45,0.10,0.23,21.7,432,628,68.8,6167,1686,268,330,81.2,104,154,67.5,33,69,47.8,26,24,19,8,47,578,48,11,0,3,87,16,21,2,65,3.62,65,3.62,37,9,6,7,6,0,2,0.11,1,0,0,1,0,0,16,13,6,7,3,7,23,30.4,16,11,0,11,6,22,11,0,17.9,841,23,71,279,498,72,837,49,26,53.1,23,46.9,499,2767,1435,50,38,11,48,35,648,163,30962,1610000
Arthur Masuaku,"DF,MF",West Ham,26,12,12,1006.0,11.2,0,2,2,0,0,0,2,0,0.5,0.5,2.2,2.7,0.00,0.18,0.18,0.00,0.04,0.20,0.04,0.24,0.0,0.0,0.0,0.0,0.0,0.0,0.0,0.0,0.0,0.0,0.0,0.0,0.0,0.0,0.0,0.0,0.0,0.0,0.0,0.0,0.0,0.0,0.0,0.0,6,2,33.3,0.54,0.18,0.00,0.00,21.1,443,566,78.3,6690,2098,259,295,87.8,143,182,78.6,29,48,60.4,11,34,11,7,43,517,46,0,0,4,41,46,0,3,33,2.95,33,2.95,25,2,3,2,1,0,4,0.36,4,0,0,0,0,0,20,12,14,6,0,11,34,32.4,23,12,0,12,8,28,28,2,11.2,702,37,184,312,218,11,702,44,29,65.9,15,34.1,389,2611,1566,45,29,4,14,15,455,54,40000,2080000
Ashley Barnes,FW,Burnley,30,22,15,1331.0,14.8,3,0,3,2,1,1,4,0,4.1,3.3,0.8,4.1,0.20,0.00,0.20,0.14,0.27,0.05,0.22,0.27,0.0,0.0,0.0,0.0,0.0,0.0,0.0,0.0,0.0,0.0,0.0,0.0,0.0,0.0,0.0,0.0,0.0,0.0,0.0,0.0,0.0,0.0,0.0,0.0,37,12,32.4,2.50,0.81,0.05,0.17,16.8,189,315,60.0,2362,506,124,170,72.9,38,63,60.3,8,22,36.4,18,15,6,1,20,310,2,1,0,3,8,0,0,3,41,2.77,41,2.77,28,0,0,6,5,2,2,0.13,0,0,0,1,1,0,12,6,2,6,4,3,13,23.1,10,14,2,12,5,17,11,0,14.8,489,11,41,208,241,66,488,2,1,50.0,1,50.0,250,813,332,8,9,4,44,21,378,79,40000,2080000
Ashley Westwood,MF,Burnley,30,38,38,3410.0,37.9,3,3,6,3,0,0,7,0,1.2,1.2,6.8,8.0,0.08,0.08,0.16,0.08,0.03,0.18,0.03,0.21,0.0,0.0,0.0,0.0,0.0,0.0,0.0,0.0,0.0,0.0,0.0,0.0,0.0,0.0,0.0,0.0,0.0,0.0,0.0,0.0,0.0,0.0,0.0,0.0,20,7,35.0,0.53,0.18,0.15,0.43,23.5,1662,2246,74.0,30441,10365,686,778,88.2,667,842,79.2,229,486,47.1,53,204,83,13,231,1953,282,93,0,18,182,9,89,11,106,2.80,106,2.80,75,28,0,0,2,1,5,0.13,3,2,0,0,0,0,23,15,6,12,5,10,42,23.8,32,26,9,17,44,67,33,0,37.9,2460,56,344,1573,561,19,2460,19,13,68.4,6,31.6,1227,4717,2150,21,25,2,29,11,1562,39,36000,1872000
Axel Tuanzebe,DF,Manchester Utd,22,9,4,404.0,4.5,0,0,0,0,0,0,2,0,0.0,0.0,0.0,0.0,0.00,0.00,0.00,0.00,0.00,0.00,0.00,0.00,0.0,0.0,0.0,0.0,0.0,0.0,0.0,0.0,0.0,0.0,0.0,0.0,0.0,0.0,0.0,0.0,0.0,0.0,0.0,0.0,0.0,0.0,0.0,0.0,0,0,,0.00,0.00,,,,239,270,88.5,4427,1175,89,99,89.9,117,126,92.9,29,37,78.4,0,10,0,0,13,260,9,3,0,1,0,6,0,1,0,0.00,0,0.00,0,0,0,0,0,0,0,0.00,0,0,0,0,0,0,13,7,5,7,1,8,9,88.9,1,7,5,2,3,16,18,0,4.5,321,41,165,138,18,0,321,2,0,0.0,2,100.0,164,839,394,3,3,0,2,1,212,3,50000,2600000
Aymeric Laporte,DF,Manchester City,26,16,14,1344.0,14.9,0,0,0,0,0,0,1,0,0.8,0.8,0.4,1.1,0.00,0.00,0.00,0.00,0.05,0.02,0.05,0.07,0.0,0.0,0.0,0.0,0.0,0.0,0.0,0.0,0.0,0.0,0.0,0.0,0.0,0.0,0.0,0.0,0.0,0.0,0.0,0.0,0.0,0.0,0.0,0.0,6,1,16.7,0.40,0.07,0.00,0.00,13.1,1169,1285,91.0,20850,6462,472,499,94.6,606,638,95.0,79,121,65.3,4,107,3,0,99,1257,27,17,0,14,1,9,0,1,11,0.74,11,0.74,11,0,0,0,0,0,1,0.07,1,0,0,0,0,0,13,6,10,3,0,7,11,63.6,4,12,7,5,11,24,28,0,14.9,1383,81,434,892,60,12,1383,2,2,100.0,0,0.0,965,5387,3777,28,14,0,8,1,1100,1,120000,6240000
Ayoze Pérez,"MF,FW",Leicester City,27,25,15,1331.0,14.8,2,1,3,2,0,0,2,0,3.3,3.3,1.3,4.6,0.14,0.07,0.20,0.14,0.23,0.09,0.23,0.31,0.0,0.0,0.0,0.0,0.0,0.0,0.0,0.0,0.0,0.0,0.0,0.0,0.0,0.0,0.0,0.0,0.0,0.0,0.0,0.0,0.0,0.0,0.0,0.0,31,13,41.9,2.10,0.88,0.06,0.15,17.1,369,497,74.2,4537,1189,238,282,84.4,88,122,72.1,13,29,44.8,23,32,22,4,54,472,20,6,2,0,21,1,4,5,51,3.45,51,3.45,35,1,4,7,4,0,4,0.27,4,0,0,0,0,0,32,15,6,20,6,13,48,27.1,35,28,0,28,10,42,7,0,14.8,715,8,74,347,303,56,715,59,29,49.2,30,50.8,427,2387,1273,39,31,11,37,24,516,114,45000,2340000
Bailey Peacock-Farrell,GK,Burnley,23,4,4,360.0,4.0,0,0,0,0,0,0,0,0,0.0,0.0,0.0,0.0,0.00,0.00,0.00,0.00,0.00,0.00,0.00,0.00,3.50,24,10,41.7,0,0.0,7.9,0.33,43,94,45.7,83,6,80.7,49.8,29,93.1,64.8,50,0,0.0,4,1.00,22.8,0,0,,0.00,0.00,,,,59,114,51.8,2880,2667,4,4,100.0,10,11,90.9,45,96,46.9,0,4,0,0,0,60,52,23,0,0,0,0,0,2,2,0.50,2,0.50,1,1,0,0,0,0,0,0.00,0,0,0,0,0,0,0,0,0,0,0,0,0,,0,0,0,0,0,0,0,0,4.0,122,86,119,3,0,0,122,0,0,,0,,51,278,133,0,0,0,0,0,38,0,22500,1170000
Ben Chilwell,DF,Chelsea,23,27,27,2286.0,25.4,3,5,8,3,0,0,3,0,2.4,2.4,2.4,4.9,0.12,0.20,0.31,0.12,0.10,0.10,0.10,0.19,0.0,0.0,0.0,0.0,0.0,0.0,0.0,0.0,0.0,0.0,0.0,0.0,0.0,0.0,0.0,0.0,0.0,0.0,0.0,0.0,0.0,0.0,0.0,0.0,27,10,37.0,1.06,0.39,0.11,0.30,14.4,1431,1839,77.8,21008,6743,823,900,91.4,448,592,75.7,92,199,46.2,30,90,26,10,111,1535,297,38,0,5,136,227,32,7,66,2.60,66,2.60,44,12,2,3,4,1,10,0.39,9,0,0,0,1,0,42,22,16,22,4,15,33,45.5,18,28,3,25,24,66,58,0,25.4,2104,49,518,875,725,65,2104,27,16,59.3,11,40.7,1173,6779,3594,94,68,9,34,19,1418,186,190000,9880000
Ben Davies,DF,Tottenham,27,20,14,1346.0,15.0,0,1,1,0,0,0,1,0,0.2,0.2,0.6,0.8,0.00,0.07,0.07,0.00,0.01,0.04,0.01,0.05,0.0,0.0,0.0,0.0,0.0,0.0,0.0,0.0,0.0,0.0,0.0,0.0,0.0,0.0,0.0,0.0,0.0,0.0,0.0,0.0,0.0,0.0,0.0,0.0,3,0,0.0,0.20,0.00,0.00,,13.0,627,817,76.7,10059,4000,317,356,89.0,252,302,83.4,41,110,37.3,8,46,8,4,51,665,150,12,0,2,33,137,1,2,18,1.20,18,1.20,12,1,1,0,2,2,4,0.27,2,0,1,0,1,0,27,17,10,11,6,13,30,43.3,17,10,5,5,18,45,49,2,15.0,954,77,305,462,192,13,954,7,3,42.9,4,57.1,469,2152,1221,28,20,3,5,2,554,55,60000,3120000
Ben Godfrey,DF,Everton,22,31,29,2685.0,29.8,0,2,2,0,0,0,4,0,1.0,1.0,0.8,1.8,0.00,0.07,0.07,0.00,0.03,0.03,0.03,0.06,0.0,0.0,0.0,0.0,0.0,0.0,0.0,0.0,0.0,0.0,0.0,0.0,0.0,0.0,0.0,0.0,0.0,0.0,0.0,0.0,0.0,0.0,0.0,0.0,14,2,14.3,0.47,0.07,0.00,0.00,16.1,1109,1329,83.4,19284,5595,476,538,88.5,529,582,90.9,86,151,57.0,4,63,7,2,63,1211,117,10,1,4,6,103,0,1,12,0.40,12,0.40,7,0,2,2,1,0,2,0.07,1,0,0,1,0,0,55,33,37,15,3,27,41,65.9,14,56,37,19,33,88,120,0,29.8,1692,208,847,740,124,16,1692,12,9,75.0,3,25.0,826,5110,2999,46,27,2,27,6,964,10,76923,4000000
Ben Johnson,"DF,FW",West Ham,20,14,5,523.0,5.8,1,0,1,1,0,0,1,0,0.4,0.4,0.4,0.8,0.17,0.00,0.17,0.17,0.07,0.07,0.07,0.14,0.0,0.0,0.0,0.0,0.0,0.0,0.0,0.0,0.0,0.0,0.0,0.0,0.0,0.0,0.0,0.0,0.0,0.0,0.0,0.0,0.0,0.0,0.0,0.0,3,1,33.3,0.52,0.17,0.33,1.00,22.5,157,227,69.2,2426,1029,91,108,84.3,47,69,68.1,14,33,42.4,4,17,3,3,20,203,24,0,0,1,19,24,0,0,7,1.20,7,1.20,7,0,0,0,0,0,0,0.00,0,0,0,0,0,0,11,5,5,3,3,7,9,77.8,2,5,1,4,11,22,9,0,5.8,275,15,76,123,82,2,275,6,4,66.7,2,33.3,155,905,477,11,12,0,4,6,163,24,19231,1000000
Ben Mee,DF,Burnley,30,30,30,2693.0,29.9,2,0,2,2,0,0,3,0,2.3,2.3,0.3,2.6,0.07,0.00,0.07,0.07,0.08,0.01,0.08,0.09,0.0,0.0,0.0,0.0,0.0,0.0,0.0,0.0,0.0,0.0,0.0,0.0,0.0,0.0,0.0,0.0,0.0,0.0,0.0,0.0,0.0,0.0,0.0,0.0,22,6,27.3,0.74,0.20,0.09,0.33,10.6,802,1130,71.0,16119,6522,296,354,83.6,365,456,80.0,132,279,47.3,5,44,1,0,54,1089,38,33,0,4,0,5,0,3,13,0.43,13,0.43,8,2,0,2,1,0,1,0.03,1,0,0,0,0,0,32,15,16,14,2,14,29,48.3,15,54,45,9,43,75,148,2,29.9,1467,237,716,702,58,44,1467,6,4,66.7,2,33.3,626,2474,1029,0,1,0,9,2,672,3,55000,2860000
Ben Osborn,"MF,DF",Sheffield Utd,25,24,17,1604.0,17.8,1,0,1,1,0,0,1,0,1.1,1.1,2.0,3.2,0.06,0.00,0.06,0.06,0.06,0.12,0.06,0.18,0.0,0.0,0.0,0.0,0.0,0.0,0.0,0.0,0.0,0.0,0.0,0.0,0.0,0.0,0.0,0.0,0.0,0.0,0.0,0.0,0.0,0.0,0.0,0.0,9,4,44.4,0.50,0.22,0.11,0.25,18.4,660,859,76.8,8905,3102,420,466,90.1,169,221,76.5,33,85,38.8,17,53,27,11,77,786,71,10,2,5,68,46,13,2,34,1.91,34,1.91,30,4,0,0,0,0,0,0.00,0,0,0,0,0,0,33,18,15,10,8,13,40,32.5,27,20,3,17,12,45,17,0,17.8,1026,31,198,426,415,28,1026,26,19,73.1,7,26.9,594,2774,1474,27,28,5,42,25,702,100,4038,210000
Ben White,"DF,MF",Brighton,22,36,36,3191.0,35.5,0,0,0,0,0,0,5,1,0.5,0.5,0.9,1.4,0.00,0.00,0.00,0.00,0.01,0.03,0.01,0.04,0.0,0.0,0.0,0.0,0.0,0.0,0.0,0.0,0.0,0.0,0.0,0.0,0.0,0.0,0.0,0.0,0.0,0.0,0.0,0.0,0.0,0.0,0.0,0.0,10,1,10.0,0.28,0.03,0.00,0.00,16.8,1491,1812,82.3,27469,9044,574,638,90.0,759,849,89.4,131,261,50.2,8,117,20,1,149,1737,74,32,1,18,22,42,0,1,32,0.90,32,0.90,27,1,2,0,1,1,4,0.11,4,0,0,0,0,0,49,26,21,24,4,24,57,42.1,33,46,22,24,62,111,56,0,35.5,2117,169,891,1017,229,22,2117,32,24,75.0,8,25.0,1225,6160,3491,50,41,6,23,10,1420,38,51000,2652000
Benjamin Mendy,DF,Manchester City,26,13,11,953.0,10.6,2,1,3,2,0,0,2,0,0.3,0.3,0.2,0.6,0.19,0.09,0.28,0.19,0.03,0.02,0.03,0.06,0.0,0.0,0.0,0.0,0.0,0.0,0.0,0.0,0.0,0.0,0.0,0.0,0.0,0.0,0.0,0.0,0.0,0.0,0.0,0.0,0.0,0.0,0.0,0.0,6,2,33.3,0.57,0.19,0.33,1.00,17.2,540,666,81.1,8580,2124,272,308,88.3,222,258,86.0,30,58,51.7,5,25,10,3,29,578,87,3,0,1,30,82,2,1,19,1.79,19,1.79,14,0,4,1,0,0,2,0.19,1,0,1,0,0,0,13,9,1,8,4,5,21,23.8,16,12,5,7,5,18,14,1,10.6,747,21,124,385,245,15,747,14,11,78.6,3,21.4,394,1520,808,13,12,3,16,5,501,74,90000,4680000
Bernard,"MF,FW",Everton,27,12,3,455.0,5.1,1,0,1,1,0,0,2,0,0.3,0.3,0.6,0.8,0.20,0.00,0.20,0.20,0.05,0.11,0.05,0.16,0.0,0.0,0.0,0.0,0.0,0.0,0.0,0.0,0.0,0.0,0.0,0.0,0.0,0.0,0.0,0.0,0.0,0.0,0.0,0.0,0.0,0.0,0.0,0.0,6,2,33.3,1.19,0.40,0.17,0.50,22.5,219,270,81.1,3230,813,116,129,89.9,81,96,84.4,11,18,61.1,10,17,11,3,37,263,5,1,0,1,14,2,0,2,22,4.35,22,4.35,19,0,1,1,1,0,2,0.40,2,0,0,0,0,0,8,3,3,3,2,7,15,46.7,8,5,0,5,8,16,6,0,5.1,337,7,34,163,141,14,337,16,10,62.5,6,37.5,225,1116,540,13,10,2,16,11,246,42,120000,6240000
Bernardo,"DF,MF",Brighton,25,3,2,206.0,2.3,0,0,0,0,0,0,0,0,0.4,0.4,0.1,0.5,0.00,0.00,0.00,0.00,0.16,0.06,0.16,0.22,0.0,0.0,0.0,0.0,0.0,0.0,0.0,0.0,0.0,0.0,0.0,0.0,0.0,0.0,0.0,0.0,0.0,0.0,0.0,0.0,0.0,0.0,0.0,0.0,4,0,0.0,1.75,0.00,0.00,,7.7,61,85,71.8,878,251,38,45,84.4,17,22,77.3,2,4,50.0,2,3,3,1,9,78,6,1,0,0,5,5,0,1,5,2.20,5,2.20,2,0,0,3,0,0,0,0.00,0,0,0,0,0,0,10,8,8,1,1,4,6,66.7,2,2,0,2,1,11,1,0,2.3,113,4,24,36,53,6,113,3,0,0.0,3,100.0,63,234,104,2,2,0,1,4,79,15,25000,1300000
Bernardo Silva,"MF,FW",Manchester City,25,26,24,2065.0,22.9,2,6,8,2,0,0,5,0,2.8,2.8,3.8,6.5,0.09,0.26,0.35,0.09,0.12,0.16,0.12,0.29,0.0,0.0,0.0,0.0,0.0,0.0,0.0,0.0,0.0,0.0,0.0,0.0,0.0,0.0,0.0,0.0,0.0,0.0,0.0,0.0,0.0,0.0,0.0,0.0,28,13,46.4,1.22,0.57,0.07,0.15,14.9,1287,1434,89.7,18862,3005,718,758,94.7,419,461,90.9,78,98,79.6,26,71,31,1,116,1363,66,14,1,7,32,25,19,5,84,3.66,84,3.66,69,3,6,4,2,0,12,0.52,11,0,0,1,0,0,26,14,7,12,7,11,52,21.2,41,17,1,16,17,43,8,0,22.9,1621,13,175,734,733,83,1621,65,41,63.1,24,36.9,1116,7262,4002,123,104,28,33,23,1304,173,150000,7800000
Bernd Leno,GK,Arsenal,28,35,35,3131.0,34.8,0,0,0,0,0,0,0,1,0.0,0.0,0.0,0.0,0.00,0.00,0.00,0.00,0.00,0.00,0.00,0.00,1.06,117,83,69.2,11,31.4,32.3,0.26,78,293,26.6,953,183,17.2,25.4,227,56.8,43.0,487,18,3.7,33,0.95,16.1,0,0,,0.00,0.00,,,,948,1182,80.2,20559,12493,290,290,100.0,509,515,98.8,145,370,39.2,0,3,0,0,2,888,292,65,0,2,0,0,0,2,1,0.03,1,0.03,1,0,0,0,0,0,0,0.00,0,0,0,0,0,0,1,0,1,0,0,1,1,100.0,0,1,0,1,0,1,11,2,34.8,1239,1019,1219,19,1,1,1239,0,0,,0,,711,3158,1958,0,0,0,0,1,635,0,100000,5200000
Bertrand Traoré,FW,Aston Villa,24,36,29,2317.0,25.7,7,6,13,7,0,0,1,0,6.6,6.6,4.3,10.9,0.27,0.23,0.50,0.27,0.26,0.17,0.26,0.42,0.0,0.0,0.0,0.0,0.0,0.0,0.0,0.0,0.0,0.0,0.0,0.0,0.0,0.0,0.0,0.0,0.0,0.0,0.0,0.0,0.0,0.0,0.0,0.0,64,23,35.9,2.49,0.89,0.11,0.30,16.7,569,808,70.4,9814,2435,288,352,81.8,184,245,75.1,77,150,51.3,35,32,26,5,77,721,84,39,2,10,102,3,42,3,83,3.22,83,3.22,43,12,12,7,8,1,9,0.35,6,1,0,0,1,1,26,10,8,10,8,10,34,29.4,24,23,1,22,15,41,14,1,25.7,1137,23,163,450,541,101,1137,97,52,53.6,45,46.4,695,4075,1679,51,38,28,69,26,770,125,77885,4050000
Billy Gilmour,MF,Chelsea,19,5,3,261.0,2.9,0,0,0,0,0,0,0,0,0.1,0.1,0.2,0.2,0.00,0.00,0.00,0.00,0.02,0.06,0.02,0.07,0.0,0.0,0.0,0.0,0.0,0.0,0.0,0.0,0.0,0.0,0.0,0.0,0.0,0.0,0.0,0.0,0.0,0.0,0.0,0.0,0.0,0.0,0.0,0.0,1,0,0.0,0.34,0.00,0.00,,22.6,198,228,86.8,3326,602,99,106,93.4,80,94,85.1,16,19,84.2,3,21,1,0,18,224,3,3,1,4,2,0,0,1,4,1.38,4,1.38,4,0,0,0,0,0,0,0.00,0,0,0,0,0,0,4,2,1,2,1,2,7,28.6,5,3,2,1,3,7,1,0,2.9,248,3,53,145,51,0,248,4,1,25.0,3,75.0,136,667,257,3,3,0,2,0,201,1,43269,2249988
Billy Sharp,FW,Sheffield Utd,34,16,7,735.0,8.2,3,0,3,1,2,2,1,0,3.0,1.5,0.5,2.0,0.37,0.00,0.37,0.12,0.37,0.07,0.18,0.24,0.0,0.0,0.0,0.0,0.0,0.0,0.0,0.0,0.0,0.0,0.0,0.0,0.0,0.0,0.0,0.0,0.0,0.0,0.0,0.0,0.0,0.0,0.0,0.0,7,4,57.1,0.86,0.49,0.14,0.25,16.5,85,123,69.1,1003,155,53,69,76.8,24,33,72.7,0,1,0.0,4,1,3,0,11,109,11,1,1,0,8,0,0,3,6,0.73,6,0.73,6,0,0,0,0,0,0,0.00,0,0,0,0,0,0,5,1,0,3,2,2,9,22.2,7,2,0,2,0,5,2,0,8.2,187,1,6,62,119,31,185,12,5,41.7,7,58.3,99,513,128,9,5,5,18,16,137,65,12000,624000
Bobby De Cordova-Reid,"MF,FW",Fulham,27,33,28,2372.0,26.4,5,2,7,5,0,0,7,0,3.8,3.8,1.1,4.9,0.19,0.08,0.27,0.19,0.14,0.04,0.14,0.19,0.0,0.0,0.0,0.0,0.0,0.0,0.0,0.0,0.0,0.0,0.0,0.0,0.0,0.0,0.0,0.0,0.0,0.0,0.0,0.0,0.0,0.0,0.0,0.0,34,8,23.5,1.29,0.30,0.15,0.63,16.9,615,830,74.1,9138,2549,325,388,83.8,216,279,77.4,38,86,44.2,14,37,21,4,67,771,56,6,2,5,41,26,1,3,42,1.59,42,1.59,29,0,4,3,6,0,5,0.19,4,0,0,0,1,0,31,15,17,10,4,18,39,46.2,21,19,5,14,21,52,39,0,26.4,1095,49,212,466,429,81,1095,52,27,51.9,25,48.1,585,2918,1384,44,32,17,50,24,726,138,37500,1950000
Brandon Williams,DF,Manchester Utd,19,4,2,188.0,2.1,0,0,0,0,0,0,0,0,0.2,0.2,0.0,0.3,0.00,0.00,0.00,0.00,0.11,0.02,0.11,0.13,0.0,0.0,0.0,0.0,0.0,0.0,0.0,0.0,0.0,0.0,0.0,0.0,0.0,0.0,0.0,0.0,0.0,0.0,0.0,0.0,0.0,0.0,0.0,0.0,1,1,100.0,0.48,0.48,0.00,0.00,11.8,120,143,83.9,1837,625,64,69,92.8,45,57,78.9,5,6,83.3,1,3,2,1,5,123,20,1,0,0,1,19,0,0,2,0.96,2,0.96,1,0,0,1,0,0,0,0.00,0,0,0,0,0,0,0,0,0,0,0,0,1,0.0,1,1,0,1,1,1,7,0,2.1,161,8,68,73,22,2,161,4,2,50.0,2,50.0,98,658,323,5,5,0,2,1,108,7,65000,3380000
Branislav Ivanović,DF,West Brom,36,13,8,767.0,8.5,0,0,0,0,0,0,2,0,0.5,0.5,0.1,0.6,0.00,0.00,0.00,0.00,0.06,0.01,0.06,0.07,0.0,0.0,0.0,0.0,0.0,0.0,0.0,0.0,0.0,0.0,0.0,0.0,0.0,0.0,0.0,0.0,0.0,0.0,0.0,0.0,0.0,0.0,0.0,0.0,4,1,25.0,0.47,0.12,0.00,0.00,7.7,267,320,83.4,5173,1545,88,95,92.6,149,167,89.2,26,49,53.1,1,6,2,0,10,299,21,19,0,1,1,2,0,0,3,0.35,3,0.35,2,0,0,1,0,0,0,0.00,0,0,0,0,0,0,14,5,11,3,0,7,13,53.8,6,11,5,6,8,22,25,0,8.5,394,51,196,189,11,5,394,0,0,,0,,150,679,377,0,1,0,1,0,207,1,66500,3458000
Bruno Fernandes,MF,Manchester Utd,25,37,35,3099.0,34.4,18,12,30,9,9,10,6,0,16.1,8.2,11.4,19.6,0.52,0.35,0.87,0.26,0.47,0.33,0.24,0.57,0.0,0.0,0.0,0.0,0.0,0.0,0.0,0.0,0.0,0.0,0.0,0.0,0.0,0.0,0.0,0.0,0.0,0.0,0.0,0.0,0.0,0.0,0.0,0.0,111,40,36.0,3.22,1.16,0.08,0.23,22.9,1733,2338,74.1,29646,8587,871,1008,86.4,560,728,76.9,218,366,59.6,95,193,90,8,285,2097,220,63,12,43,166,40,59,21,184,5.34,184,5.34,136,21,3,14,9,1,25,0.73,22,1,0,2,0,0,57,30,16,29,12,26,100,26.0,74,38,0,38,26,83,29,0,34.4,2710,40,284,1165,1279,124,2700,45,23,51.1,22,48.9,1496,6475,3529,80,76,10,56,37,2063,263,180000,9360000
Bukayo Saka,"FW,MF",Arsenal,18,32,30,2553.0,28.4,5,3,8,5,0,0,1,0,6.9,6.9,4.4,11.3,0.18,0.11,0.28,0.18,0.24,0.16,0.24,0.40,0.0,0.0,0.0,0.0,0.0,0.0,0.0,0.0,0.0,0.0,0.0,0.0,0.0,0.0,0.0,0.0,0.0,0.0,0.0,0.0,0.0,0.0,0.0,0.0,61,20,32.8,2.15,0.71,0.08,0.25,16.1,858,1161,73.9,11752,2855,525,606,86.6,242,326,74.2,40,116,34.5,38,55,31,9,101,1042,114,21,2,4,148,30,63,5,108,3.81,108,3.81,71,12,8,9,8,0,12,0.42,9,0,1,0,2,0,25,16,10,13,2,11,40,27.5,29,21,2,19,25,50,24,0,28.4,1503,39,213,520,783,142,1503,87,46,52.9,41,47.1,905,5219,2850,85,53,36,75,42,1098,269,30000,1560000
Caleb Watts,MF,Southampton,18,3,0,39.0,0.4,0,0,0,0,0,0,1,0,0.0,0.0,0.0,0.0,0.00,0.00,0.00,0.00,0.00,0.00,0.00,0.00,0.0,0.0,0.0,0.0,0.0,0.0,0.0,0.0,0.0,0.0,0.0,0.0,0.0,0.0,0.0,0.0,0.0,0.0,0.0,0.0,0.0,0.0,0.0,0.0,0,0,,0.00,0.00,,,,8,13,61.5,135,32,6,9,66.7,1,2,50.0,1,1,100.0,0,0,1,1,0,13,0,0,0,0,1,0,0,0,1,2.31,1,2.31,0,0,0,0,1,0,0,0.00,0,0,0,0,0,0,2,1,2,0,0,1,2,50.0,1,0,0,0,0,2,0,0,0.4,17,1,4,8,5,0,17,0,0,,0,,13,42,19,0,1,0,1,1,13,2,0.0,0.0
Callum Hudson-Odoi,"FW,DF",Chelsea,19,23,10,1059.0,11.8,2,3,5,2,0,0,0,0,1.3,1.3,2.8,4.1,0.17,0.25,0.42,0.17,0.11,0.24,0.11,0.35,0.0,0.0,0.0,0.0,0.0,0.0,0.0,0.0,0.0,0.0,0.0,0.0,0.0,0.0,0.0,0.0,0.0,0.0,0.0,0.0,0.0,0.0,0.0,0.0,23,6,26.1,1.95,0.51,0.09,0.33,19.3,533,659,80.9,7903,1791,315,349,90.3,139,179,77.7,39,65,60.0,31,29,43,13,75,625,32,2,1,12,58,23,7,2,63,5.35,63,5.35,60,0,2,0,1,0,9,0.76,8,0,1,0,0,0,23,15,11,7,5,8,21,38.1,13,15,1,14,6,29,6,0,11.8,775,8,85,226,473,58,775,29,15,51.7,14,48.3,477,3474,2076,89,39,30,14,15,604,155,180000,9360000
Callum Robinson,"FW,MF",West Brom,25,28,20,1560.0,17.3,5,0,5,5,0,0,0,0,3.1,3.1,1.0,4.1,0.29,0.00,0.29,0.29,0.18,0.06,0.18,0.24,0.0,0.0,0.0,0.0,0.0,0.0,0.0,0.0,0.0,0.0,0.0,0.0,0.0,0.0,0.0,0.0,0.0,0.0,0.0,0.0,0.0,0.0,0.0,0.0,31,11,35.5,1.79,0.63,0.16,0.45,19.8,299,433,69.1,4262,971,170,204,83.3,84,121,69.4,23,45,51.1,16,23,11,5,27,415,17,2,0,2,40,2,0,1,46,2.65,46,2.65,33,0,7,2,4,0,4,0.23,1,0,1,0,2,0,7,5,5,1,1,3,19,15.8,16,9,0,9,7,14,8,0,17.3,592,16,78,202,318,46,592,29,15,51.7,14,48.3,323,1789,866,36,11,11,39,24,423,119,42500,2210000
Callum Wilson,FW,Newcastle Utd,28,26,23,2084.0,23.2,12,5,17,8,4,4,2,0,12.4,9.3,2.8,12.1,0.52,0.22,0.73,0.35,0.54,0.12,0.40,0.52,0.0,0.0,0.0,0.0,0.0,0.0,0.0,0.0,0.0,0.0,0.0,0.0,0.0,0.0,0.0,0.0,0.0,0.0,0.0,0.0,0.0,0.0,0.0,0.0,45,16,35.6,1.94,0.69,0.18,0.50,13.4,242,359,67.4,2900,595,148,197,75.1,62,90,68.9,5,8,62.5,17,14,13,0,32,340,19,1,2,0,12,6,1,0,51,2.20,51,2.20,30,0,3,3,15,0,11,0.48,5,0,0,3,3,0,12,5,1,6,5,2,12,16.7,10,10,3,7,7,19,14,0,23.2,596,17,45,263,302,89,592,43,26,60.5,17,39.5,361,2248,985,42,29,24,73,39,452,116,46154,2400000
Calum Chambers,DF,Arsenal,25,10,8,753.0,8.4,0,2,2,0,0,0,0,0,0.4,0.4,1.1,1.5,0.00,0.24,0.24,0.00,0.05,0.13,0.05,0.18,0.0,0.0,0.0,0.0,0.0,0.0,0.0,0.0,0.0,0.0,0.0,0.0,0.0,0.0,0.0,0.0,0.0,0.0,0.0,0.0,0.0,0.0,0.0,0.0,8,0,0.0,0.96,0.00,0.00,,16.6,466,593,78.6,7510,2180,238,275,86.5,195,240,81.3,29,61,47.5,11,29,12,6,40,504,88,8,2,3,33,80,0,1,17,2.03,17,2.03,16,0,0,1,0,0,2,0.24,2,0,0,0,0,0,7,3,3,2,2,3,8,37.5,5,6,2,4,10,17,37,0,8.4,687,42,243,274,173,18,687,10,4,40.0,6,60.0,341,1596,778,16,12,0,7,4,412,49,50000,2600000
Caoimhín Kelleher,GK,Liverpool,21,2,2,180.0,2.0,0,0,0,0,0,0,0,0,0.0,0.0,0.0,0.0,0.00,0.00,0.00,0.00,0.00,0.00,0.00,0.00,0.50,7,6,85.7,1,50.0,2.1,0.30,2,15,13.3,50,12,22.0,28.5,14,28.6,30.4,27,1,3.7,2,1.00,16.3,0,0,,0.00,0.00,,,,51,64,79.7,1166,668,9,9,100.0,31,31,100.0,11,24,45.8,0,0,0,0,0,47,17,3,0,0,0,0,0,0,0,0.00,0,0.00,0,0,0,0,0,0,0,0.00,0,0,0,0,0,0,0,0,0,0,0,0,0,,0,0,0,0,0,0,2,0,2.0,70,56,69,1,0,0,70,0,0,,0,,39,116,75,0,0,0,0,0,34,0,5962,310000
Carlos Vinícius,FW,Tottenham,25,9,3,308.0,3.4,1,0,1,1,0,0,2,0,1.2,1.2,0.1,1.3,0.29,0.00,0.29,0.29,0.36,0.02,0.36,0.39,0.0,0.0,0.0,0.0,0.0,0.0,0.0,0.0,0.0,0.0,0.0,0.0,0.0,0.0,0.0,0.0,0.0,0.0,0.0,0.0,0.0,0.0,0.0,0.0,7,4,57.1,2.05,1.17,0.14,0.25,12.1,24,48,50.0,300,52,15,25,60.0,6,12,50.0,1,3,33.3,2,2,0,0,2,46,2,0,0,0,2,0,0,0,5,1.46,5,1.46,4,0,0,0,1,0,0,0.00,0,0,0,0,0,0,3,1,2,1,0,1,1,100.0,0,0,0,0,2,5,5,0,3.4,94,7,11,45,39,15,94,4,3,75.0,1,25.0,47,179,76,1,2,0,17,7,70,12,7500,390000
Carney Chukwuemeka,"MF,FW",Aston Villa,16,2,0,20.0,0.2,0,0,0,0,0,0,0,0,0.0,0.0,0.0,0.0,0.00,0.00,0.00,0.00,0.17,0.00,0.17,0.17,0.0,0.0,0.0,0.0,0.0,0.0,0.0,0.0,0.0,0.0,0.0,0.0,0.0,0.0,0.0,0.0,0.0,0.0,0.0,0.0,0.0,0.0,0.0,0.0,1,0,0.0,4.50,0.00,0.00,,23.5,6,9,66.7,88,13,5,6,83.3,0,1,0.0,1,1,100.0,0,0,0,0,1,9,0,0,0,0,0,0,0,0,0,0.00,0,0.00,0,0,0,0,0,0,0,0.00,0,0,0,0,0,0,2,2,1,0,1,1,3,33.3,2,0,0,0,0,2,0,0,0.2,13,0,2,5,6,2,13,0,0,,0,,7,12,8,0,0,0,1,0,11,1,0.0,0.0
Cengiz Ünder,"FW,MF",Leicester City,23,9,1,281.0,3.1,0,2,2,0,0,0,0,0,0.3,0.3,1.6,1.9,0.00,0.64,0.64,0.00,0.09,0.51,0.09,0.59,0.0,0.0,0.0,0.0,0.0,0.0,0.0,0.0,0.0,0.0,0.0,0.0,0.0,0.0,0.0,0.0,0.0,0.0,0.0,0.0,0.0,0.0,0.0,0.0,9,1,11.1,2.88,0.32,0.00,0.00,23.3,91,130,70.0,1255,360,46,57,80.7,24,32,75.0,6,15,40.0,6,8,6,2,7,121,8,5,0,0,16,2,1,1,15,4.82,15,4.82,11,0,3,1,0,0,2,0.64,2,0,0,0,0,0,4,1,0,3,1,3,5,60.0,2,3,0,3,2,6,0,0,3.1,169,2,12,59,101,8,169,23,15,65.2,8,34.8,111,945,369,12,6,3,8,9,132,39,77500,4030000
Cenk Tosun,FW,Everton,29,5,0,48.0,0.5,0,0,0,0,0,0,1,0,0.0,0.0,0.1,0.1,0.00,0.00,0.00,0.00,0.00,0.12,0.00,0.12,0.0,0.0,0.0,0.0,0.0,0.0,0.0,0.0,0.0,0.0,0.0,0.0,0.0,0.0,0.0,0.0,0.0,0.0,0.0,0.0,0.0,0.0,0.0,0.0,0,0,,0.00,0.00,,,,10,15,66.7,149,12,3,5,60.0,4,4,100.0,1,2,50.0,1,0,0,0,0,13,2,0,0,0,0,1,0,0,2,3.75,2,3.75,2,0,0,0,0,0,1,1.87,1,0,0,0,0,0,0,0,0,0,0,0,1,0.0,1,0,0,0,0,0,0,0,0.5,17,0,2,5,10,2,17,0,0,,0,,9,44,16,0,1,0,1,0,13,4,60000,3120000
Charlie Austin,"FW,MF",West Brom,31,5,0,138.0,1.5,0,0,0,0,0,0,0,0,0.4,0.4,0.0,0.4,0.00,0.00,0.00,0.00,0.29,0.00,0.29,0.29,0.0,0.0,0.0,0.0,0.0,0.0,0.0,0.0,0.0,0.0,0.0,0.0,0.0,0.0,0.0,0.0,0.0,0.0,0.0,0.0,0.0,0.0,0.0,0.0,3,0,0.0,1.96,0.00,0.00,,20.3,23,34,67.6,297,111,17,20,85.0,4,7,57.1,1,2,50.0,0,2,0,0,3,32,1,0,0,0,0,0,0,1,1,0.66,1,0.66,1,0,0,0,0,0,0,0.00,0,0,0,0,0,0,4,2,1,2,1,1,3,33.3,2,0,0,0,3,7,4,0,1.5,55,4,8,22,26,4,55,2,1,50.0,1,50.0,22,101,51,1,2,1,4,2,36,4,70000,3640000
Charlie Taylor,DF,Burnley,26,29,28,2426.0,27.0,0,1,1,0,0,0,1,0,0.1,0.1,1.4,1.5,0.00,0.04,0.04,0.00,0.00,0.05,0.00,0.06,0.0,0.0,0.0,0.0,0.0,0.0,0.0,0.0,0.0,0.0,0.0,0.0,0.0,0.0,0.0,0.0,0.0,0.0,0.0,0.0,0.0,0.0,0.0,0.0,3,2,66.7,0.11,0.07,0.00,0.00,23.6,922,1342,68.7,15099,6380,496,563,88.1,308,437,70.5,94,261,36.0,12,71,25,18,73,1079,260,16,0,6,105,244,0,3,31,1.15,31,1.15,21,0,2,2,6,0,3,0.11,2,0,0,0,1,0,48,28,30,15,3,25,46,54.3,21,36,19,17,29,77,87,2,27.0,1624,126,521,752,363,10,1624,47,25,53.2,22,46.8,765,5336,2392,62,53,4,21,9,846,68,25000,1300000
Che Adams,FW,Southampton,24,36,30,2667.0,29.6,9,5,14,9,0,0,1,0,9.8,9.8,5.0,14.8,0.30,0.17,0.47,0.30,0.33,0.17,0.33,0.50,0.0,0.0,0.0,0.0,0.0,0.0,0.0,0.0,0.0,0.0,0.0,0.0,0.0,0.0,0.0,0.0,0.0,0.0,0.0,0.0,0.0,0.0,0.0,0.0,55,31,56.4,1.86,1.05,0.16,0.29,13.8,431,622,69.3,6240,1416,228,308,74.0,125,162,77.2,34,49,69.4,37,35,23,1,57,615,2,1,7,3,6,1,0,5,68,2.29,68,2.29,50,0,2,7,9,0,7,0.24,6,0,0,0,1,0,25,16,4,15,6,6,17,35.3,11,20,2,18,4,29,19,1,29.6,926,24,98,403,439,97,926,50,28,56.0,22,44.0,516,2336,900,32,28,13,88,44,713,149,30000,1560000
Cheikhou Kouyaté,DF,Crystal Palace,30,36,35,3121.0,34.7,1,0,1,1,0,0,4,0,0.7,0.7,1.0,1.6,0.03,0.00,0.03,0.03,0.02,0.03,0.02,0.05,0.0,0.0,0.0,0.0,0.0,0.0,0.0,0.0,0.0,0.0,0.0,0.0,0.0,0.0,0.0,0.0,0.0,0.0,0.0,0.0,0.0,0.0,0.0,0.0,7,2,28.6,0.20,0.06,0.14,0.50,11.2,992,1287,77.1,17952,6675,400,457,87.5,462,547,84.5,106,221,48.0,8,39,3,1,32,1221,64,61,0,2,3,3,0,2,15,0.43,15,0.43,13,0,0,1,1,0,2,0.06,2,0,0,0,0,0,58,37,44,12,2,25,43,58.1,18,42,26,16,32,90,125,2,34.7,1625,215,938,633,64,24,1625,12,10,83.3,2,16.7,787,3288,1485,6,2,0,17,8,860,11,65000,3380000
Chris Basham,"DF,MF",Sheffield Utd,32,31,31,2576.0,28.6,0,1,1,0,0,0,5,0,0.7,0.7,0.9,1.6,0.00,0.03,0.03,0.00,0.03,0.03,0.03,0.06,0.0,0.0,0.0,0.0,0.0,0.0,0.0,0.0,0.0,0.0,0.0,0.0,0.0,0.0,0.0,0.0,0.0,0.0,0.0,0.0,0.0,0.0,0.0,0.0,10,1,10.0,0.35,0.03,0.00,0.00,13.3,939,1153,81.4,14844,4412,493,557,88.5,364,426,85.4,62,116,53.4,11,50,14,6,82,1071,80,10,0,4,25,69,0,2,25,0.87,25,0.87,19,1,3,0,2,0,2,0.07,0,1,1,0,0,0,69,42,41,23,5,41,67,61.2,26,36,15,21,49,118,105,1,28.6,1518,168,574,665,295,41,1518,30,21,70.0,9,30.0,707,4074,2566,38,32,2,30,19,792,48,10000,520000
Chris Wood,FW,Burnley,28,33,32,2741.0,30.5,12,3,15,10,2,2,0,0,13.0,11.4,1.9,13.4,0.39,0.10,0.49,0.33,0.43,0.06,0.38,0.44,0.0,0.0,0.0,0.0,0.0,0.0,0.0,0.0,0.0,0.0,0.0,0.0,0.0,0.0,0.0,0.0,0.0,0.0,0.0,0.0,0.0,0.0,0.0,0.0,68,37,54.4,2.23,1.21,0.15,0.27,14.1,425,663,64.1,4824,732,296,428,69.2,88,129,68.2,6,17,35.3,21,31,5,0,20,659,1,1,0,2,7,0,0,3,60,1.97,60,1.97,50,0,3,5,2,0,10,0.33,6,0,2,1,1,0,12,7,2,4,6,5,18,27.8,13,14,3,11,1,13,21,0,30.5,932,24,60,378,500,129,930,21,7,33.3,14,66.7,454,1580,609,17,13,14,79,44,764,217,50000,2600000
Christian Benteke,FW,Crystal Palace,29,30,21,1816.0,20.2,10,1,11,10,0,0,3,1,8.3,8.3,0.9,9.1,0.50,0.05,0.55,0.50,0.41,0.04,0.41,0.45,0.0,0.0,0.0,0.0,0.0,0.0,0.0,0.0,0.0,0.0,0.0,0.0,0.0,0.0,0.0,0.0,0.0,0.0,0.0,0.0,0.0,0.0,0.0,0.0,71,33,46.5,3.52,1.64,0.14,0.30,12.5,339,583,58.1,4059,800,229,359,63.8,63,124,50.8,14,19,73.7,15,27,11,1,36,567,12,1,0,1,3,1,0,4,40,1.98,40,1.98,31,0,4,2,1,2,4,0.20,2,0,1,0,0,1,15,7,1,7,7,2,9,22.2,7,17,6,11,4,19,39,0,20.2,837,53,82,411,350,118,837,27,16,59.3,11,40.7,351,1499,464,14,10,9,59,27,661,124,120000,6240000
Christian Fuchs,DF,Leicester City,34,9,8,702.0,7.8,0,0,0,0,0,0,4,0,0.1,0.1,0.0,0.1,0.00,0.00,0.00,0.00,0.01,0.00,0.01,0.01,0.0,0.0,0.0,0.0,0.0,0.0,0.0,0.0,0.0,0.0,0.0,0.0,0.0,0.0,0.0,0.0,0.0,0.0,0.0,0.0,0.0,0.0,0.0,0.0,4,0,0.0,0.51,0.00,0.00,,27.4,476,597,79.7,7777,2877,231,264,87.5,197,235,83.8,33,68,48.5,1,37,2,1,39,519,77,16,0,1,11,61,0,1,4,0.51,4,0.51,4,0,0,0,0,0,0,0.00,0,0,0,0,0,0,18,7,15,2,1,8,15,53.3,7,6,4,2,16,34,34,1,7.8,681,53,221,392,71,2,681,2,0,0.0,2,100.0,358,1281,593,2,6,0,2,1,435,7,50000,2600000
Christian Pulisic,"FW,MF",Chelsea,21,27,18,1738.0,19.3,4,2,6,4,0,0,2,0,6.1,6.1,2.8,8.9,0.21,0.10,0.31,0.21,0.32,0.15,0.32,0.46,0.0,0.0,0.0,0.0,0.0,0.0,0.0,0.0,0.0,0.0,0.0,0.0,0.0,0.0,0.0,0.0,0.0,0.0,0.0,0.0,0.0,0.0,0.0,0.0,43,16,37.2,2.23,0.83,0.09,0.25,14.5,561,705,79.6,7253,1587,347,405,85.7,159,197,80.7,13,26,50.0,25,34,37,3,82,693,11,2,1,1,35,7,1,1,69,3.57,69,3.57,53,1,6,2,7,0,8,0.41,7,0,0,1,0,0,19,11,8,10,1,8,21,38.1,13,25,2,23,12,31,9,0,19.3,994,10,97,399,518,112,994,108,49,45.4,59,54.6,654,4487,2350,86,50,37,67,29,772,160,158654,8250000
Ciaran Clark,DF,Newcastle Utd,30,22,21,1891.0,21.0,1,0,1,1,0,0,3,0,0.7,0.7,0.1,0.8,0.05,0.00,0.05,0.05,0.03,0.01,0.03,0.04,0.0,0.0,0.0,0.0,0.0,0.0,0.0,0.0,0.0,0.0,0.0,0.0,0.0,0.0,0.0,0.0,0.0,0.0,0.0,0.0,0.0,0.0,0.0,0.0,8,2,25.0,0.38,0.10,0.13,0.50,11.1,657,808,81.3,11712,4531,269,307,87.6,316,365,86.6,57,107,53.3,2,36,3,0,35,786,21,4,0,0,0,17,0,1,7,0.33,7,0.33,6,0,1,0,0,0,1,0.05,1,0,0,0,0,0,24,14,15,6,3,6,13,46.2,7,27,20,7,29,53,104,1,21.0,1026,179,610,374,48,16,1026,8,4,50.0,4,50.0,520,2406,1090,9,4,0,11,1,568,4,35000,1820000
Conor Coady,DF,Wolves,27,37,37,3303.0,36.7,1,0,1,1,0,0,5,0,1.0,1.0,0.2,1.2,0.03,0.00,0.03,0.03,0.03,0.00,0.03,0.03,0.0,0.0,0.0,0.0,0.0,0.0,0.0,0.0,0.0,0.0,0.0,0.0,0.0,0.0,0.0,0.0,0.0,0.0,0.0,0.0,0.0,0.0,0.0,0.0,7,2,28.6,0.19,0.05,0.14,0.50,11.6,1638,1865,87.8,37496,16459,390,414,94.2,892,933,95.6,343,486,70.6,3,81,1,0,67,1799,62,56,0,14,0,4,0,4,13,0.35,13,0.35,12,0,0,1,0,0,1,0.03,1,0,0,0,0,0,35,23,25,10,0,19,35,54.3,16,40,32,8,27,62,134,2,36.7,2137,402,1320,809,17,12,2137,8,6,75.0,2,25.0,1282,5200,2411,4,5,0,9,3,1494,2,55000,2860000
Conor Gallagher,MF,West Brom,20,30,28,2531.0,28.1,2,2,4,2,0,0,11,0,1.5,1.5,1.8,3.3,0.07,0.07,0.14,0.07,0.05,0.06,0.05,0.12,0.0,0.0,0.0,0.0,0.0,0.0,0.0,0.0,0.0,0.0,0.0,0.0,0.0,0.0,0.0,0.0,0.0,0.0,0.0,0.0,0.0,0.0,0.0,0.0,29,7,24.1,1.03,0.25,0.07,0.29,22.0,737,960,76.8,12114,2989,361,421,85.7,252,303,83.2,81,146,55.5,20,75,12,1,97,897,60,15,1,6,66,1,27,3,46,1.64,46,1.64,29,7,3,1,4,2,2,0.07,1,1,0,0,0,0,81,41,30,39,12,29,97,29.9,68,47,8,39,27,108,31,0,28.1,1313,56,285,665,383,35,1313,55,30,54.5,25,45.5,673,3774,1408,32,27,11,62,36,757,59,5000,260000
Conor Hourihane,MF,Aston Villa,29,4,3,225.0,2.5,1,1,2,1,0,0,0,0,0.7,0.7,0.6,1.3,0.40,0.40,0.80,0.40,0.26,0.25,0.26,0.51,0.0,0.0,0.0,0.0,0.0,0.0,0.0,0.0,0.0,0.0,0.0,0.0,0.0,0.0,0.0,0.0,0.0,0.0,0.0,0.0,0.0,0.0,0.0,0.0,5,2,40.0,2.00,0.80,0.20,0.50,22.7,122,164,74.4,2253,523,49,51,96.1,53,71,74.6,15,31,48.4,5,13,2,1,23,125,37,17,0,3,27,2,15,2,8,3.20,8,3.20,4,4,0,0,0,0,1,0.40,0,1,0,0,0,0,0,0,0,0,0,0,2,0.0,2,3,0,3,0,0,2,0,2.5,177,2,22,73,83,4,177,0,0,,0,,82,214,108,1,0,0,1,0,116,11,30000,1560000
Conor Townsend,DF,West Brom,27,25,25,2234.0,24.8,0,2,2,0,0,0,0,0,1.1,1.1,2.7,3.7,0.00,0.08,0.08,0.00,0.04,0.11,0.04,0.15,0.0,0.0,0.0,0.0,0.0,0.0,0.0,0.0,0.0,0.0,0.0,0.0,0.0,0.0,0.0,0.0,0.0,0.0,0.0,0.0,0.0,0.0,0.0,0.0,11,4,36.4,0.44,0.16,0.00,0.00,17.4,883,1196,73.8,15009,7163,389,451,86.3,390,503,77.5,78,181,43.1,23,82,26,12,113,964,227,15,0,4,62,211,1,5,46,1.85,46,1.85,36,4,0,3,2,1,4,0.16,4,0,0,0,0,0,44,28,32,9,3,30,49,61.2,19,38,15,23,36,80,55,2,24.8,1448,98,470,667,325,29,1448,27,11,40.7,16,59.3,623,2996,1758,37,22,4,33,7,776,74,11500,598000
Craig Dawson,DF,West Ham,30,22,22,1925.0,21.4,3,0,3,3,0,0,5,1,1.9,1.9,0.1,1.9,0.14,0.00,0.14,0.14,0.09,0.00,0.09,0.09,0.0,0.0,0.0,0.0,0.0,0.0,0.0,0.0,0.0,0.0,0.0,0.0,0.0,0.0,0.0,0.0,0.0,0.0,0.0,0.0,0.0,0.0,0.0,0.0,16,5,31.3,0.75,0.23,0.19,0.60,10.1,611,767,79.7,12760,4408,171,193,88.6,336,368,91.3,96,185,51.9,2,37,0,0,39,741,25,22,0,8,0,2,0,1,7,0.33,7,0.33,4,1,0,1,1,0,0,0.00,0,0,0,0,0,0,11,8,7,4,0,5,12,41.7,7,26,22,4,32,43,88,3,21.4,961,164,540,396,32,21,961,0,0,,0,,522,2266,1078,2,3,0,5,0,537,1,42500,2210000
Curtis Jones,MF,Liverpool,19,24,13,1179.0,13.1,1,2,3,1,0,0,2,0,1.7,1.7,1.5,3.2,0.08,0.15,0.23,0.08,0.13,0.11,0.13,0.24,0.0,0.0,0.0,0.0,0.0,0.0,0.0,0.0,0.0,0.0,0.0,0.0,0.0,0.0,0.0,0.0,0.0,0.0,0.0,0.0,0.0,0.0,0.0,0.0,19,9,47.4,1.45,0.69,0.05,0.11,19.4,900,983,91.6,12828,2687,534,569,93.8,280,294,95.2,41,53,77.4,12,87,23,1,89,966,15,2,1,2,7,8,0,2,40,3.05,40,3.05,33,0,3,1,2,1,4,0.31,4,0,0,0,0,0,16,6,6,7,3,12,25,48.0,13,13,0,13,19,35,11,1,13.1,1133,15,128,643,373,26,1133,34,22,64.7,12,35.3,798,4177,1964,42,43,8,22,32,910,79,15000,780000
Cédric Soares,DF,Arsenal,28,10,8,746.0,8.3,0,1,1,0,0,0,1,0,0.3,0.3,0.9,1.2,0.00,0.12,0.12,0.00,0.03,0.11,0.03,0.15,0.0,0.0,0.0,0.0,0.0,0.0,0.0,0.0,0.0,0.0,0.0,0.0,0.0,0.0,0.0,0.0,0.0,0.0,0.0,0.0,0.0,0.0,0.0,0.0,7,2,28.6,0.84,0.24,0.00,0.00,25.2,349,469,74.4,5184,1901,208,237,87.8,108,152,71.1,21,50,42.0,6,33,6,2,46,383,85,16,0,2,34,69,0,1,15,1.81,15,1.81,10,2,2,0,1,0,2,0.24,2,0,0,0,0,0,12,8,6,4,2,6,21,28.6,15,6,1,5,8,20,16,1,8.3,542,21,142,238,168,12,542,11,5,45.5,6,54.5,274,1421,728,21,10,6,10,9,336,40,75000,3900000
César Azpilicueta,DF,Chelsea,30,26,24,2188.0,24.3,1,2,3,1,0,0,5,1,0.7,0.7,2.5,3.2,0.04,0.08,0.12,0.04,0.03,0.10,0.03,0.13,0.0,0.0,0.0,0.0,0.0,0.0,0.0,0.0,0.0,0.0,0.0,0.0,0.0,0.0,0.0,0.0,0.0,0.0,0.0,0.0,0.0,0.0,0.0,0.0,11,4,36.4,0.45,0.16,0.09,0.25,16.9,1787,2081,85.9,27154,9701,935,1012,92.4,739,822,89.9,62,134,46.3,27,123,22,3,135,1892,185,32,3,0,37,153,0,4,50,2.06,50,2.06,45,2,0,1,1,1,6,0.25,5,0,0,1,0,0,53,28,22,24,7,19,37,51.4,18,30,5,25,28,81,62,2,24.3,2302,113,813,1056,447,38,2302,14,6,42.9,8,57.1,1154,5118,2985,37,35,2,17,6,1603,83,150000,7800000
Dale Stephens,MF,Burnley,31,7,3,261.0,2.9,0,0,0,0,0,0,1,0,0.2,0.2,0.0,0.2,0.00,0.00,0.00,0.00,0.06,0.00,0.06,0.06,0.0,0.0,0.0,0.0,0.0,0.0,0.0,0.0,0.0,0.0,0.0,0.0,0.0,0.0,0.0,0.0,0.0,0.0,0.0,0.0,0.0,0.0,0.0,0.0,4,0,0.0,1.38,0.00,0.00,,21.4,98,120,81.7,1601,436,44,54,81.5,37,42,88.1,12,14,85.7,0,8,2,0,11,119,0,0,0,0,0,0,0,1,4,1.38,4,1.38,3,0,0,0,1,0,0,0.00,0,0,0,0,0,0,11,6,2,7,2,3,6,50.0,3,3,0,3,8,19,2,0,2.9,156,2,22,104,30,4,156,2,1,50.0,1,50.0,67,246,106,2,3,0,3,5,79,1,37500,1950000
Dan Burn,DF,Brighton,28,27,23,2061.0,22.9,1,0,1,1,0,0,5,0,1.5,1.5,0.8,2.3,0.04,0.00,0.04,0.04,0.07,0.04,0.07,0.10,0.0,0.0,0.0,0.0,0.0,0.0,0.0,0.0,0.0,0.0,0.0,0.0,0.0,0.0,0.0,0.0,0.0,0.0,0.0,0.0,0.0,0.0,0.0,0.0,17,6,35.3,0.74,0.26,0.06,0.17,14.4,954,1280,74.5,14625,4510,508,616,82.5,365,461,79.2,53,126,42.1,10,75,14,7,87,1125,151,12,0,8,37,139,0,4,25,1.09,25,1.09,24,0,0,1,0,0,2,0.09,1,0,0,1,0,0,50,26,33,14,3,27,53,50.9,26,30,7,23,31,81,75,0,22.9,1549,109,474,756,332,40,1549,20,12,60.0,8,40.0,749,3852,2098,34,22,1,28,9,934,73,15962,830000
Dan Nlundulu,"FW,MF",Southampton,21,13,0,111.0,1.2,0,0,0,0,0,0,0,0,0.1,0.1,0.0,0.1,0.00,0.00,0.00,0.00,0.04,0.03,0.04,0.07,0.0,0.0,0.0,0.0,0.0,0.0,0.0,0.0,0.0,0.0,0.0,0.0,0.0,0.0,0.0,0.0,0.0,0.0,0.0,0.0,0.0,0.0,0.0,0.0,1,0,0.0,0.81,0.00,0.00,,12.4,21,29,72.4,302,44,14,20,70.0,6,6,100.0,1,1,100.0,1,1,1,0,4,29,0,0,0,0,0,0,0,0,2,1.62,2,1.62,2,0,0,0,0,0,0,0.00,0,0,0,0,0,0,0,0,0,0,0,0,1,0.0,1,2,0,2,0,0,2,0,1.2,49,1,4,26,19,6,49,2,2,100.0,0,0.0,21,93,29,1,1,0,6,2,34,13,1346,70000
Dane Scarlett,FW,Tottenham,16,1,0,1.0,0.0,0,0,0,0,0,0,0,0,0.0,0.0,0.0,0.0,0.00,0.00,0.00,0.00,0.00,0.00,0.00,0.00,0.0,0.0,0.0,0.0,0.0,0.0,0.0,0.0,0.0,0.0,0.0,0.0,0.0,0.0,0.0,0.0,0.0,0.0,0.0,0.0,0.0,0.0,0.0,0.0,0,0,,0.00,0.00,,,,0,0,,0,0,0,0,,0,0,,0,0,,0,0,0,0,0,0,0,0,0,0,0,0,0,0,0,0.00,0,0.00,0,0,0,0,0,0,0,0.00,0,0,0,0,0,0,0,0,0,0,0,0,0,,0,0,0,0,0,0,0,0,0.0,0,0,0,0,0,0,0,0,0,,0,,0,0,0,0,0,0,0,0,0,0,0.0,0.0
Dani Ceballos,MF,Arsenal,23,25,17,1615.0,17.9,0,3,3,0,0,0,4,0,0.6,0.6,2.6,3.3,0.00,0.17,0.17,0.00,0.04,0.15,0.04,0.18,0.0,0.0,0.0,0.0,0.0,0.0,0.0,0.0,0.0,0.0,0.0,0.0,0.0,0.0,0.0,0.0,0.0,0.0,0.0,0.0,0.0,0.0,0.0,0.0,13,2,15.4,0.72,0.11,0.00,0.00,21.7,1126,1310,86.0,19849,5172,504,559,90.2,476,521,91.4,118,165,71.5,27,125,18,4,150,1258,51,26,7,11,29,8,17,1,68,3.79,68,3.79,60,3,1,1,2,1,5,0.28,4,0,0,1,0,0,37,22,20,11,6,21,51,41.2,30,23,6,17,35,72,14,1,17.9,1482,61,320,845,331,23,1482,38,26,68.4,12,31.6,964,6293,3308,54,49,3,23,15,1090,52,51923,2700000
Daniel Amartey,DF,Leicester City,25,12,8,722.0,8.0,1,0,1,1,0,0,3,0,0.4,0.4,0.0,0.4,0.12,0.00,0.12,0.12,0.05,0.00,0.05,0.05,0.0,0.0,0.0,0.0,0.0,0.0,0.0,0.0,0.0,0.0,0.0,0.0,0.0,0.0,0.0,0.0,0.0,0.0,0.0,0.0,0.0,0.0,0.0,0.0,3,1,33.3,0.37,0.12,0.33,1.00,10.6,414,493,84.0,7047,2296,178,195,91.3,203,233,87.1,26,43,60.5,0,15,2,0,24,453,38,2,0,0,1,36,0,2,5,0.62,5,0.62,5,0,0,0,0,0,0,0.00,0,0,0,0,0,0,11,7,6,4,1,8,12,66.7,4,8,4,4,12,23,26,0,8.0,572,61,286,256,33,6,572,3,1,33.3,2,66.7,301,1291,682,4,4,0,5,3,344,0,20962,1090000
Daniel James,FW,Manchester Utd,22,15,11,910.0,10.1,3,1,4,3,0,0,3,0,2.2,2.2,0.9,3.1,0.30,0.10,0.40,0.30,0.22,0.09,0.22,0.31,0.0,0.0,0.0,0.0,0.0,0.0,0.0,0.0,0.0,0.0,0.0,0.0,0.0,0.0,0.0,0.0,0.0,0.0,0.0,0.0,0.0,0.0,0.0,0.0,17,6,35.3,1.68,0.59,0.18,0.50,17.2,238,312,76.3,2956,698,148,176,84.1,66,85,77.6,4,7,57.1,10,8,13,2,32,306,4,2,0,0,20,2,0,2,17,1.68,17,1.68,15,0,0,1,1,0,2,0.20,2,0,0,0,0,0,15,9,4,7,4,3,18,16.7,15,10,1,9,0,15,6,0,10.1,426,8,55,160,220,36,426,23,11,47.8,12,52.2,245,1810,1059,36,23,7,21,9,304,84,45000,2340000
Daniel Jebbison,FW,Sheffield Utd,16,4,3,284.0,3.2,1,0,1,1,0,0,0,0,1.1,1.1,0.0,1.2,0.32,0.00,0.32,0.32,0.36,0.01,0.36,0.37,0.0,0.0,0.0,0.0,0.0,0.0,0.0,0.0,0.0,0.0,0.0,0.0,0.0,0.0,0.0,0.0,0.0,0.0,0.0,0.0,0.0,0.0,0.0,0.0,4,2,50.0,1.27,0.63,0.25,0.50,11.7,24,36,66.7,271,32,12,17,70.6,4,6,66.7,1,2,50.0,1,2,0,0,1,36,0,0,0,0,1,0,0,0,3,0.95,3,0.95,1,0,0,1,1,0,0,0.00,0,0,0,0,0,0,6,2,1,3,2,3,7,42.9,4,6,1,5,1,7,0,0,3.2,73,1,8,31,34,5,73,4,2,50.0,2,50.0,33,137,51,2,1,1,8,5,39,6,0.0,0.0
Daniel Podence,"MF,FW",Wolves,24,24,22,1661.0,18.5,3,2,5,3,0,0,3,0,2.5,2.5,1.7,4.2,0.16,0.11,0.27,0.16,0.13,0.09,0.13,0.23,0.0,0.0,0.0,0.0,0.0,0.0,0.0,0.0,0.0,0.0,0.0,0.0,0.0,0.0,0.0,0.0,0.0,0.0,0.0,0.0,0.0,0.0,0.0,0.0,32,14,43.8,1.73,0.76,0.09,0.21,17.5,483,643,75.1,7867,2039,269,316,85.1,129,180,71.7,59,84,70.2,21,47,20,5,72,617,25,1,4,8,32,9,6,1,60,3.25,60,3.25,42,1,9,1,7,0,6,0.32,2,0,4,0,0,0,12,6,5,5,2,2,19,10.5,17,5,1,4,13,25,2,0,18.5,803,11,90,366,362,56,803,64,38,59.4,26,40.6,557,3059,1558,47,31,18,35,24,621,117,60000,3120000
Danny Ings,FW,Southampton,28,29,26,2173.0,24.1,12,4,16,10,2,2,1,0,8.5,6.9,2.1,9.1,0.50,0.17,0.66,0.41,0.35,0.09,0.29,0.38,0.0,0.0,0.0,0.0,0.0,0.0,0.0,0.0,0.0,0.0,0.0,0.0,0.0,0.0,0.0,0.0,0.0,0.0,0.0,0.0,0.0,0.0,0.0,0.0,55,24,43.6,2.28,0.99,0.18,0.42,15.9,337,527,63.9,4427,1222,195,256,76.2,88,140,62.9,17,40,42.5,22,29,15,2,52,519,3,0,3,2,19,2,0,5,59,2.44,59,2.44,44,0,8,5,2,0,8,0.33,4,0,2,2,0,0,22,13,3,16,3,12,28,42.9,16,39,2,37,3,25,27,1,24.1,817,27,78,353,391,116,815,59,30,50.8,29,49.2,459,2139,827,37,25,13,66,18,574,134,75000,3900000
Danny Welbeck,FW,Brighton,29,24,17,1545.0,17.2,6,1,7,6,0,1,0,0,6.6,5.8,2.8,8.7,0.35,0.06,0.41,0.35,0.39,0.16,0.34,0.50,0.0,0.0,0.0,0.0,0.0,0.0,0.0,0.0,0.0,0.0,0.0,0.0,0.0,0.0,0.0,0.0,0.0,0.0,0.0,0.0,0.0,0.0,0.0,0.0,34,15,44.1,1.98,0.87,0.18,0.40,13.1,209,262,79.8,2565,548,142,163,87.1,44,52,84.6,5,9,55.6,22,13,5,0,25,259,2,0,1,2,3,0,0,1,53,3.09,53,3.09,35,0,2,8,8,0,5,0.29,2,0,0,1,2,0,12,6,2,6,4,7,19,36.8,12,17,0,17,7,19,13,0,17.2,447,16,44,154,256,84,446,33,18,54.5,14,42.4,248,1441,716,21,11,10,51,13,312,98,55000,2860000
Dara O'Shea,DF,West Brom,21,28,25,2102.0,23.4,0,0,0,0,0,0,3,0,0.1,0.1,0.2,0.3,0.00,0.00,0.00,0.00,0.00,0.01,0.00,0.01,0.0,0.0,0.0,0.0,0.0,0.0,0.0,0.0,0.0,0.0,0.0,0.0,0.0,0.0,0.0,0.0,0.0,0.0,0.0,0.0,0.0,0.0,0.0,0.0,3,0,0.0,0.13,0.00,0.00,,13.5,583,924,63.1,12060,6392,217,282,77.0,244,336,72.6,105,250,42.0,5,76,4,0,62,798,120,23,0,17,11,97,0,6,16,0.69,16,0.69,11,2,0,0,1,2,2,0.09,1,1,0,0,0,0,45,25,30,13,2,21,45,46.7,24,32,17,15,45,90,108,0,23.4,1182,143,572,508,106,12,1182,9,5,55.6,4,44.4,448,2022,921,7,9,0,10,4,542,12,4000,208000
Darnell Furlong,DF,West Brom,24,35,32,2932.0,32.6,1,3,4,1,0,0,5,0,2.0,2.0,1.9,4.0,0.03,0.09,0.12,0.03,0.06,0.06,0.06,0.12,0.0,0.0,0.0,0.0,0.0,0.0,0.0,0.0,0.0,0.0,0.0,0.0,0.0,0.0,0.0,0.0,0.0,0.0,0.0,0.0,0.0,0.0,0.0,0.0,26,5,19.2,0.80,0.15,0.04,0.20,13.8,682,1204,56.6,11908,5175,333,433,76.9,257,453,56.7,78,232,33.6,16,63,18,10,78,900,295,15,0,3,99,280,0,9,34,1.04,34,1.04,21,7,0,3,3,0,3,0.09,3,0,0,0,0,0,45,27,27,12,6,21,44,47.7,23,39,16,23,49,94,90,0,32.6,1551,130,463,644,452,59,1551,24,10,41.7,14,58.3,548,2782,1283,44,23,3,40,10,746,104,18500,962000
Darren Randolph,GK,West Ham,33,3,3,270.0,3.0,0,0,0,0,0,0,0,0,0.0,0.0,0.0,0.0,0.00,0.00,0.00,0.00,0.00,0.00,0.00,0.00,1.00,9,6,66.7,1,33.3,1.2,0.13,12,39,30.8,43,5,55.8,42.2,23,65.2,45.7,49,0,0.0,2,0.67,13.6,0,0,,0.00,0.00,,,,36,66,54.5,1188,987,6,6,100.0,14,14,100.0,16,46,34.8,0,1,0,0,0,33,33,10,0,0,0,0,0,0,0,0.00,0,0.00,0,0,0,0,0,0,0,0.00,0,0,0,0,0,0,0,0,0,0,0,0,0,,0,0,0,0,0,0,1,0,3.0,70,62,69,1,0,0,70,0,0,,0,,27,163,113,0,0,0,0,0,22,0,37500,1950000
David Button,GK,West Brom,31,1,1,90.0,1.0,0,0,0,0,0,0,0,0,0.0,0.0,0.0,0.0,0.00,0.00,0.00,0.00,0.00,0.00,0.00,0.00,2.00,6,4,66.7,0,0.0,0.8,0.14,8,27,29.6,25,1,60.0,41.8,12,100.0,64.4,25,0,0.0,0,0.00,7.0,0,0,,0.00,0.00,,,,18,37,48.6,693,571,2,2,100.0,5,5,100.0,11,30,36.7,0,1,0,0,0,21,16,4,0,0,0,0,0,0,0,0.00,0,0.00,0,0,0,0,0,0,0,0.00,0,0,0,0,0,0,0,0,0,0,0,0,0,,0,0,0,0,0,0,0,0,1.0,37,31,37,0,0,0,37,0,0,,0,,19,103,54,0,0,0,0,0,13,0,26500,1378000
David Luiz,DF,Arsenal,33,20,17,1396.0,15.5,1,0,1,1,0,0,1,1,0.9,0.9,0.5,1.4,0.06,0.00,0.06,0.06,0.06,0.03,0.06,0.09,0.0,0.0,0.0,0.0,0.0,0.0,0.0,0.0,0.0,0.0,0.0,0.0,0.0,0.0,0.0,0.0,0.0,0.0,0.0,0.0,0.0,0.0,0.0,0.0,15,2,13.3,0.97,0.13,0.07,0.50,19.0,836,1013,82.5,17006,5726,254,278,91.4,464,502,92.4,102,192,53.1,2,66,9,0,68,975,35,32,3,8,9,3,0,3,14,0.90,14,0.90,10,0,1,2,1,0,0,0.00,0,0,0,0,0,0,12,9,5,7,0,4,4,100.0,0,16,9,7,16,28,50,2,15.5,1143,129,556,532,59,19,1143,4,3,75.0,1,25.0,766,5053,3047,22,15,2,4,2,843,3,100962,5250000
David McGoldrick,"FW,MF",Sheffield Utd,32,35,28,2397.0,26.6,8,1,9,8,0,0,7,0,6.9,6.9,1.1,8.0,0.30,0.04,0.34,0.30,0.26,0.04,0.26,0.30,0.0,0.0,0.0,0.0,0.0,0.0,0.0,0.0,0.0,0.0,0.0,0.0,0.0,0.0,0.0,0.0,0.0,0.0,0.0,0.0,0.0,0.0,0.0,0.0,71,23,32.4,2.67,0.86,0.11,0.35,18.2,697,947,73.6,9806,1823,397,485,81.9,210,280,75.0,37,62,59.7,17,49,21,4,94,919,24,4,1,7,21,13,0,4,58,2.18,58,2.18,37,2,8,5,4,2,1,0.04,1,0,0,0,0,0,33,21,8,15,10,13,31,41.9,18,19,3,16,2,35,25,0,26.6,1288,33,110,545,649,89,1288,81,47,58.0,34,42.0,729,3884,1475,42,36,16,88,44,992,162,27500,1430000
David de Gea,GK,Manchester Utd,29,26,26,2295.0,25.5,0,0,0,0,0,0,0,0,0.0,0.0,0.0,0.0,0.00,0.00,0.00,0.00,0.00,0.00,0.00,0.00,1.25,90,59,68.9,9,34.6,28.1,0.27,67,174,38.5,417,88,28.1,29.7,172,33.1,29.1,310,2,0.6,28,1.10,16.8,0,0,,0.00,0.00,,,,464,592,78.4,10858,7535,143,144,99.3,203,211,96.2,112,228,49.1,0,4,0,0,0,382,207,35,0,0,0,0,0,3,2,0.08,2,0.08,1,1,0,0,0,0,1,0.04,1,0,0,0,0,0,0,0,0,0,0,0,0,,0,0,0,0,0,0,8,3,25.5,639,580,638,1,0,0,639,1,1,100.0,0,0.0,284,1437,829,0,0,0,0,0,265,0,375000,19500000
Davinson Sánchez,DF,Tottenham,24,18,17,1486.0,16.5,0,0,0,0,0,0,1,0,0.8,0.8,0.0,0.8,0.00,0.00,0.00,0.00,0.05,0.00,0.05,0.05,0.0,0.0,0.0,0.0,0.0,0.0,0.0,0.0,0.0,0.0,0.0,0.0,0.0,0.0,0.0,0.0,0.0,0.0,0.0,0.0,0.0,0.0,0.0,0.0,5,0,0.0,0.30,0.00,0.00,,10.1,868,1027,84.5,16505,5026,292,327,89.3,497,543,91.5,65,123,52.8,1,18,1,0,36,1003,24,23,0,7,0,1,0,0,8,0.48,8,0.48,6,1,0,1,0,0,1,0.06,1,0,0,0,0,0,40,20,31,9,0,21,32,65.6,11,18,13,5,14,54,85,2,16.5,1210,171,683,517,12,8,1210,1,1,100.0,0,0.0,729,3356,1680,2,2,0,7,3,809,0,65000,3380000
Davy Pröpper,MF,Brighton,28,7,2,213.0,2.4,0,0,0,0,0,0,0,0,0.2,0.2,0.0,0.2,0.00,0.00,0.00,0.00,0.08,0.00,0.08,0.08,0.0,0.0,0.0,0.0,0.0,0.0,0.0,0.0,0.0,0.0,0.0,0.0,0.0,0.0,0.0,0.0,0.0,0.0,0.0,0.0,0.0,0.0,0.0,0.0,4,2,50.0,1.69,0.85,0.00,0.00,17.6,70,96,72.9,1134,372,37,51,72.5,25,32,78.1,5,6,83.3,0,5,5,0,14,96,0,0,0,1,3,0,0,0,0,0.00,0,0.00,0,0,0,0,0,0,0,0.00,0,0,0,0,0,0,6,5,0,6,0,2,5,40.0,3,3,0,3,1,7,0,0,2.4,114,2,13,74,29,3,114,3,2,66.7,1,33.3,83,445,166,4,6,0,2,5,88,8,45000,2340000
DeAndre Yedlin,DF,Newcastle Utd,27,6,5,436.0,4.8,0,0,0,0,0,0,0,0,0.1,0.1,0.1,0.2,0.00,0.00,0.00,0.00,0.02,0.02,0.02,0.04,0.0,0.0,0.0,0.0,0.0,0.0,0.0,0.0,0.0,0.0,0.0,0.0,0.0,0.0,0.0,0.0,0.0,0.0,0.0,0.0,0.0,0.0,0.0,0.0,2,0,0.0,0.41,0.00,0.00,,21.7,113,179,63.1,1651,733,69,88,78.4,35,58,60.3,6,22,27.3,3,5,6,1,12,147,32,1,0,0,13,31,0,0,9,1.86,9,1.86,7,0,0,0,2,0,0,0.00,0,0,0,0,0,0,9,4,8,1,0,4,10,40.0,6,5,1,4,7,16,17,0,4.8,228,17,81,81,66,5,228,2,1,50.0,1,50.0,107,451,221,6,3,1,7,1,116,15,30000,1560000
Dean Henderson,GK,Manchester Utd,23,13,12,1125.0,12.5,0,0,0,0,0,0,3,0,0.0,0.0,0.0,0.0,0.00,0.00,0.00,0.00,0.00,0.00,0.00,0.00,0.96,51,39,76.5,4,33.3,11.2,0.23,19,92,20.7,230,66,28.3,30.9,94,28.7,30.0,169,9,5.3,19,1.52,17.4,0,0,,0.00,0.00,,,,240,324,74.1,5189,3411,75,76,98.7,121,125,96.8,40,118,33.9,0,2,0,0,0,212,112,18,0,0,0,0,0,0,1,0.08,1,0.08,1,0,0,0,0,0,1,0.08,1,0,0,0,0,0,1,1,1,0,0,1,2,50.0,1,0,0,0,0,1,3,2,12.5,348,301,347,1,0,0,348,0,0,,0,,185,1039,648,0,0,0,0,0,122,0,100000,5200000
Declan Rice,MF,West Ham,21,32,32,2879.0,32.0,2,1,3,1,1,2,2,0,3.2,1.6,1.8,3.4,0.06,0.03,0.09,0.03,0.10,0.06,0.05,0.11,0.0,0.0,0.0,0.0,0.0,0.0,0.0,0.0,0.0,0.0,0.0,0.0,0.0,0.0,0.0,0.0,0.0,0.0,0.0,0.0,0.0,0.0,0.0,0.0,25,7,28.0,0.78,0.22,0.04,0.14,20.8,1352,1561,86.6,23571,6640,613,674,90.9,565,620,91.1,138,191,72.3,22,125,18,6,169,1539,18,16,1,24,30,1,0,4,59,1.84,59,1.84,50,1,3,3,1,1,6,0.19,5,0,0,1,0,0,59,35,33,25,1,21,51,41.2,30,39,11,28,59,118,41,0,32.0,1850,82,465,1110,305,41,1848,34,29,85.3,5,14.7,1066,7330,3950,74,58,8,34,19,1209,37,3077,160000
Dele Alli,MF,Tottenham,24,15,7,620.0,6.9,0,1,1,0,0,0,0,0,2.0,2.0,1.2,3.3,0.00,0.15,0.15,0.00,0.30,0.18,0.30,0.47,0.0,0.0,0.0,0.0,0.0,0.0,0.0,0.0,0.0,0.0,0.0,0.0,0.0,0.0,0.0,0.0,0.0,0.0,0.0,0.0,0.0,0.0,0.0,0.0,12,4,33.3,1.74,0.58,0.00,0.00,15.4,275,345,79.7,3878,882,151,177,85.3,99,109,90.8,9,20,45.0,9,15,7,1,26,316,27,8,1,1,10,3,0,2,22,3.19,22,3.19,19,0,0,1,1,1,0,0.00,0,0,0,0,0,0,18,11,8,6,4,7,19,36.8,12,9,0,9,7,25,3,0,6.9,444,7,64,241,146,23,444,25,11,44.0,14,56.0,276,1588,641,15,18,5,13,16,303,30,100000,5200000
Demarai Gray,FW,Leicester City,24,1,0,19.0,0.2,0,0,0,0,0,0,0,0,0.1,0.1,0.0,0.1,0.00,0.00,0.00,0.00,0.32,0.00,0.32,0.32,0.0,0.0,0.0,0.0,0.0,0.0,0.0,0.0,0.0,0.0,0.0,0.0,0.0,0.0,0.0,0.0,0.0,0.0,0.0,0.0,0.0,0.0,0.0,0.0,1,0,0.0,4.74,0.00,0.00,,29.7,7,11,63.6,82,3,3,3,100.0,1,1,100.0,1,2,50.0,0,0,0,0,0,11,0,0,0,0,2,0,0,0,0,0.00,0,0.00,0,0,0,0,0,0,0,0.00,0,0,0,0,0,0,1,1,1,0,0,0,0,,0,0,0,0,0,1,0,0,0.2,14,0,1,1,12,1,14,1,0,0.0,1,100.0,8,61,25,1,1,0,1,0,10,3,55000,2860000
Denis Odoi,DF,Fulham,32,3,3,270.0,3.0,0,0,0,0,0,0,1,0,0.1,0.1,0.1,0.1,0.00,0.00,0.00,0.00,0.02,0.02,0.02,0.04,0.0,0.0,0.0,0.0,0.0,0.0,0.0,0.0,0.0,0.0,0.0,0.0,0.0,0.0,0.0,0.0,0.0,0.0,0.0,0.0,0.0,0.0,0.0,0.0,2,1,50.0,0.67,0.33,0.00,0.00,25.5,156,190,82.1,2889,877,64,73,87.7,74,82,90.2,17,26,65.4,1,11,2,1,10,166,23,7,0,1,5,16,0,1,4,1.33,4,1.33,4,0,0,0,0,0,0,0.00,0,0,0,0,0,0,3,3,2,1,0,1,4,25.0,3,3,1,2,5,8,5,0,3.0,215,11,97,85,34,0,215,1,1,100.0,0,0.0,121,634,412,5,7,0,1,2,133,5,8900,462800
Dennis Praet,MF,Leicester City,26,15,10,718.0,8.0,1,1,2,1,0,0,0,0,0.4,0.4,1.1,1.5,0.13,0.13,0.25,0.13,0.05,0.14,0.05,0.19,0.0,0.0,0.0,0.0,0.0,0.0,0.0,0.0,0.0,0.0,0.0,0.0,0.0,0.0,0.0,0.0,0.0,0.0,0.0,0.0,0.0,0.0,0.0,0.0,8,2,25.0,1.00,0.25,0.13,0.50,16.8,248,315,78.7,3458,779,142,159,89.3,77,104,74.0,10,22,45.5,7,11,7,2,25,308,6,0,1,3,19,1,0,1,16,2.01,16,2.01,14,0,1,0,0,1,3,0.38,2,0,1,0,0,0,14,7,4,7,3,6,15,40.0,9,12,2,10,7,21,3,0,8.0,405,4,53,181,174,23,405,16,6,37.5,10,62.5,186,1154,551,22,12,4,11,9,277,55,75000,3900000
Diego Llorente,DF,Leeds United,26,15,14,1204.0,13.4,1,0,1,1,0,0,1,0,0.8,0.8,0.5,1.3,0.07,0.00,0.07,0.07,0.06,0.04,0.06,0.10,0.0,0.0,0.0,0.0,0.0,0.0,0.0,0.0,0.0,0.0,0.0,0.0,0.0,0.0,0.0,0.0,0.0,0.0,0.0,0.0,0.0,0.0,0.0,0.0,8,3,37.5,0.60,0.22,0.13,0.33,17.4,598,721,82.9,11725,3380,170,196,86.7,368,412,89.3,52,90,57.8,4,21,2,0,26,705,15,15,1,11,2,0,0,1,7,0.52,7,0.52,6,0,0,1,0,0,1,0.07,1,0,0,0,0,0,34,21,21,13,0,19,32,59.4,13,18,13,5,20,54,40,2,13.4,873,122,547,311,22,9,873,8,6,75.0,2,25.0,508,3145,2045,7,4,0,11,7,530,1,81000,4212000
Diogo Jota,FW,Liverpool,23,19,12,1112.0,12.4,9,0,9,9,0,0,2,0,6.4,6.4,1.6,8.0,0.73,0.00,0.73,0.73,0.51,0.13,0.51,0.64,0.0,0.0,0.0,0.0,0.0,0.0,0.0,0.0,0.0,0.0,0.0,0.0,0.0,0.0,0.0,0.0,0.0,0.0,0.0,0.0,0.0,0.0,0.0,0.0,46,26,56.5,3.72,2.10,0.20,0.35,14.4,321,449,71.5,4253,966,211,253,83.4,82,118,69.5,15,26,57.7,12,28,11,0,43,443,2,0,1,2,18,1,0,4,37,2.99,37,2.99,23,0,2,5,6,1,4,0.32,2,0,1,0,1,0,12,6,4,7,1,2,29,6.9,27,9,0,9,5,17,3,0,12.4,626,6,54,251,330,91,626,43,21,48.8,22,51.2,425,2724,1510,54,42,23,39,20,492,125,90000,4680000
Divock Origi,FW,Liverpool,25,9,2,186.0,2.1,0,0,0,0,0,0,0,0,1.1,1.1,0.2,1.3,0.00,0.00,0.00,0.00,0.54,0.07,0.54,0.62,0.0,0.0,0.0,0.0,0.0,0.0,0.0,0.0,0.0,0.0,0.0,0.0,0.0,0.0,0.0,0.0,0.0,0.0,0.0,0.0,0.0,0.0,0.0,0.0,7,2,28.6,3.39,0.97,0.00,0.00,18.5,47,61,77.0,488,78,30,34,88.2,11,15,73.3,0,1,0.0,2,2,0,0,5,59,1,0,0,0,3,1,0,1,3,1.45,3,1.45,3,0,0,0,0,0,0,0.00,0,0,0,0,0,0,3,2,0,2,1,1,3,33.3,2,5,1,4,1,4,2,0,2.1,88,3,9,29,52,13,88,4,0,0.0,4,100.0,58,282,148,5,6,2,4,5,68,18,45000,2340000
Dominic Calvert-Lewin,FW,Everton,23,33,32,2871.0,31.9,16,0,16,16,0,0,3,0,16.3,16.3,2.0,18.3,0.50,0.00,0.50,0.50,0.51,0.06,0.51,0.57,0.0,0.0,0.0,0.0,0.0,0.0,0.0,0.0,0.0,0.0,0.0,0.0,0.0,0.0,0.0,0.0,0.0,0.0,0.0,0.0,0.0,0.0,0.0,0.0,83,46,55.4,2.60,1.44,0.19,0.35,12.2,469,691,67.9,6095,1186,287,388,74.0,112,167,67.1,21,28,75.0,18,36,12,1,46,681,5,0,1,2,9,2,1,5,55,1.72,55,1.72,34,0,3,10,7,1,7,0.22,1,0,0,4,2,0,17,8,1,8,8,6,12,50.0,6,22,6,16,6,23,33,0,31.9,1044,44,92,452,508,144,1044,49,22,44.9,27,55.1,530,2945,953,36,23,16,102,29,829,160,20000,1040000
Donny van de Beek,"MF,FW",Manchester Utd,23,19,4,524.0,5.8,1,1,2,1,0,0,1,0,0.4,0.4,0.9,1.3,0.17,0.17,0.34,0.17,0.06,0.16,0.06,0.22,0.0,0.0,0.0,0.0,0.0,0.0,0.0,0.0,0.0,0.0,0.0,0.0,0.0,0.0,0.0,0.0,0.0,0.0,0.0,0.0,0.0,0.0,0.0,0.0,2,1,50.0,0.34,0.17,0.50,1.00,18.4,237,275,86.2,3308,739,146,163,89.6,74,80,92.5,8,12,66.7,3,12,1,0,16,267,8,4,0,2,0,2,0,0,12,2.05,12,2.05,10,0,1,0,1,0,2,0.34,1,0,0,0,1,0,15,10,2,11,2,7,15,46.7,8,10,1,9,6,21,7,0,5.8,345,12,58,184,106,24,345,11,8,72.7,3,27.3,183,637,272,7,6,0,11,8,243,39,120000,6240000
Douglas Luiz,MF,Aston Villa,22,33,32,2781.0,30.9,0,2,2,0,0,0,10,1,1.2,1.2,1.6,2.8,0.00,0.06,0.06,0.00,0.04,0.05,0.04,0.09,0.0,0.0,0.0,0.0,0.0,0.0,0.0,0.0,0.0,0.0,0.0,0.0,0.0,0.0,0.0,0.0,0.0,0.0,0.0,0.0,0.0,0.0,0.0,0.0,26,8,30.8,0.84,0.26,0.00,0.00,23.9,1217,1445,84.2,22141,6015,503,568,88.6,525,577,91.0,152,212,71.7,19,134,13,3,131,1354,85,74,0,12,23,1,1,6,52,1.68,52,1.68,47,3,0,1,1,0,7,0.23,6,1,0,0,0,0,49,18,22,26,1,20,58,34.5,38,52,17,35,43,92,44,2,30.9,1726,106,467,995,293,16,1726,32,23,71.9,9,28.1,916,5288,2760,47,42,3,25,18,1020,32,32692,1700000
Dwight Gayle,"FW,MF",Newcastle Utd,29,18,4,514.0,5.7,1,1,2,1,0,0,0,0,2.9,2.9,0.3,3.3,0.18,0.18,0.35,0.18,0.51,0.06,0.51,0.57,0.0,0.0,0.0,0.0,0.0,0.0,0.0,0.0,0.0,0.0,0.0,0.0,0.0,0.0,0.0,0.0,0.0,0.0,0.0,0.0,0.0,0.0,0.0,0.0,16,6,37.5,2.80,1.05,0.06,0.17,10.8,96,118,81.4,1144,147,64,68,94.1,20,29,69.0,2,4,50.0,6,3,2,0,6,103,14,0,1,0,5,4,0,1,12,2.10,12,2.10,8,1,0,2,1,0,1,0.17,1,0,0,0,0,0,2,0,1,1,0,0,7,0.0,7,3,1,2,1,3,2,0,5.7,155,4,18,64,73,23,155,2,1,50.0,1,50.0,56,284,103,3,3,0,8,1,104,30,40000,2080000
Dwight McNeil,MF,Burnley,20,36,34,3069.0,34.1,2,5,7,2,0,0,1,0,1.1,1.1,6.2,7.2,0.06,0.15,0.21,0.06,0.03,0.18,0.03,0.21,0.0,0.0,0.0,0.0,0.0,0.0,0.0,0.0,0.0,0.0,0.0,0.0,0.0,0.0,0.0,0.0,0.0,0.0,0.0,0.0,0.0,0.0,0.0,0.0,26,9,34.6,0.76,0.26,0.08,0.22,22.3,936,1372,68.2,16469,4663,449,522,86.0,302,401,75.3,136,313,43.5,48,76,39,21,101,1202,158,72,2,16,242,12,73,12,93,2.73,93,2.73,49,26,5,2,10,1,10,0.29,5,3,1,0,0,1,47,24,24,18,5,18,56,32.1,38,44,6,38,32,79,32,1,34.1,1703,51,265,860,619,40,1703,103,63,61.2,40,38.8,1021,7515,2776,102,73,16,57,62,1068,102,5000,260000
Eberechi Eze,MF,Crystal Palace,22,34,29,2559.0,28.4,4,6,10,4,0,0,3,0,2.2,2.2,3.9,6.1,0.14,0.21,0.35,0.14,0.08,0.14,0.08,0.21,0.0,0.0,0.0,0.0,0.0,0.0,0.0,0.0,0.0,0.0,0.0,0.0,0.0,0.0,0.0,0.0,0.0,0.0,0.0,0.0,0.0,0.0,0.0,0.0,37,13,35.1,1.30,0.46,0.11,0.31,21.7,945,1188,79.5,13623,3996,538,596,90.3,286,351,81.5,62,131,47.3,43,70,32,3,127,1046,134,36,1,4,86,6,63,8,95,3.34,95,3.34,60,15,11,2,6,1,12,0.42,5,2,3,1,1,0,27,14,11,13,3,16,35,45.7,19,19,3,16,24,51,9,1,28.4,1473,22,215,708,591,42,1473,118,64,54.2,54,45.8,967,6917,3318,79,70,18,57,37,1042,126,30000,1560000
Eddie Nketiah,FW,Arsenal,21,17,4,423.0,4.7,2,1,3,2,0,0,0,0,1.8,1.8,0.6,2.4,0.43,0.21,0.64,0.43,0.38,0.14,0.38,0.51,0.0,0.0,0.0,0.0,0.0,0.0,0.0,0.0,0.0,0.0,0.0,0.0,0.0,0.0,0.0,0.0,0.0,0.0,0.0,0.0,0.0,0.0,0.0,0.0,12,5,41.7,2.55,1.06,0.17,0.40,12.8,76,93,81.7,891,94,53,62,85.5,16,20,80.0,1,1,100.0,8,4,2,0,6,83,10,0,0,0,2,0,0,0,11,2.35,11,2.35,9,0,0,1,1,0,1,0.21,1,0,0,0,0,0,3,1,0,2,1,0,2,0.0,2,6,0,6,0,3,5,0,4.7,153,5,16,64,74,28,153,12,7,58.3,5,41.7,82,418,172,6,1,3,13,5,114,29,45000,2340000
Ederson,GK,Manchester City,26,36,36,3240.0,36.0,0,1,1,0,0,0,3,0,0.0,0.0,0.3,0.3,0.00,0.03,0.03,0.00,0.00,0.01,0.00,0.01,0.78,93,65,77.4,19,52.8,28.6,0.23,108,266,40.6,967,161,20.6,28.4,153,43.8,39.3,309,19,6.1,44,1.22,16.6,0,0,,0.00,0.00,,,,939,1122,83.7,22999,15228,180,181,99.4,531,540,98.3,220,390,56.4,1,9,2,0,1,897,223,70,0,5,0,0,0,2,6,0.17,6,0.17,5,1,0,0,0,0,1,0.03,1,0,0,0,0,0,3,1,3,0,0,3,4,75.0,1,0,0,0,0,3,11,4,36.0,1174,948,1169,5,0,0,1174,0,0,,0,,755,3576,2401,0,0,0,2,0,669,0,65000,3380000
Edinson Cavani,FW,Manchester Utd,33,26,13,1375.0,15.3,10,3,13,10,0,0,4,0,8.0,8.0,2.2,10.3,0.65,0.20,0.85,0.65,0.52,0.15,0.52,0.67,0.0,0.0,0.0,0.0,0.0,0.0,0.0,0.0,0.0,0.0,0.0,0.0,0.0,0.0,0.0,0.0,0.0,0.0,0.0,0.0,0.0,0.0,0.0,0.0,34,15,44.1,2.23,0.98,0.29,0.67,11.4,264,343,77.0,3854,561,141,178,79.2,84,102,82.4,17,20,85.0,14,16,9,1,30,333,10,0,2,2,4,3,0,0,31,2.03,31,2.03,23,0,2,4,2,0,4,0.26,3,0,0,1,0,0,12,8,1,8,3,2,13,15.4,11,2,0,2,6,18,11,0,15.3,466,12,34,196,238,69,466,12,6,50.0,6,50.0,223,764,185,5,4,4,31,10,337,80,173077,9000000
Edouard Mendy,GK,Chelsea,28,31,31,2745.0,30.5,0,0,0,0,0,0,2,0,0.0,0.0,0.0,0.0,0.00,0.00,0.00,0.00,0.00,0.00,0.00,0.00,0.82,81,56,71.6,16,51.6,21.9,0.24,71,197,36.0,846,126,17.6,25.4,179,26.8,25.7,335,17,5.1,27,0.89,15.2,0,0,,0.00,0.00,,,,874,1027,85.1,18386,10937,276,280,98.6,420,425,98.8,165,307,53.7,0,2,0,0,0,812,213,34,0,2,0,0,0,2,2,0.07,2,0.07,1,1,0,0,0,0,0,0.00,0,0,0,0,0,0,0,0,0,0,0,0,1,0.0,1,0,0,0,1,1,9,3,30.5,1070,897,1065,5,0,0,1070,0,0,,0,,644,2691,1181,0,0,0,0,0,624,0,65000,3380000
Elliot Anderson,MF,Newcastle Utd,17,1,0,4.0,0.0,0,0,0,0,0,0,0,0,0.0,0.0,0.0,0.0,0.00,0.00,0.00,0.00,0.00,0.00,0.00,0.00,0.0,0.0,0.0,0.0,0.0,0.0,0.0,0.0,0.0,0.0,0.0,0.0,0.0,0.0,0.0,0.0,0.0,0.0,0.0,0.0,0.0,0.0,0.0,0.0,0,0,,0.00,0.00,,,,1,1,100.0,13,0,1,1,100.0,0,0,,0,0,,0,0,0,0,0,1,0,0,0,0,0,0,0,0,0,0.00,0,0.00,0,0,0,0,0,0,0,0.00,0,0,0,0,0,0,0,0,0,0,0,0,0,,0,0,0,0,0,0,0,0,0.0,2,0,0,1,1,1,2,0,0,,0,,1,1,0,0,0,0,0,0,1,1,0.0,0.0
Emerson Palmieri,DF,Chelsea,25,2,0,90.0,1.0,0,0,0,0,0,0,0,0,0.0,0.0,0.0,0.0,0.00,0.00,0.00,0.00,0.00,0.00,0.00,0.00,0.0,0.0,0.0,0.0,0.0,0.0,0.0,0.0,0.0,0.0,0.0,0.0,0.0,0.0,0.0,0.0,0.0,0.0,0.0,0.0,0.0,0.0,0.0,0.0,0,0,,0.00,0.00,,,,51,68,75.0,748,158,31,36,86.1,13,18,72.2,3,7,42.9,0,1,1,1,0,57,11,0,0,0,2,10,1,0,0,0.00,0,0.00,0,0,0,0,0,0,0,0.00,0,0,0,0,0,0,3,3,2,0,1,1,3,33.3,2,0,0,0,1,4,6,0,1.0,81,6,27,33,21,1,81,2,0,0.0,2,100.0,39,203,93,3,3,1,2,0,42,5,75000,3900000
Emil Krafth,DF,Newcastle Utd,25,16,14,1288.0,14.3,1,0,1,1,0,0,4,0,0.3,0.3,0.4,0.7,0.07,0.00,0.07,0.07,0.02,0.03,0.02,0.05,0.0,0.0,0.0,0.0,0.0,0.0,0.0,0.0,0.0,0.0,0.0,0.0,0.0,0.0,0.0,0.0,0.0,0.0,0.0,0.0,0.0,0.0,0.0,0.0,7,3,42.9,0.49,0.21,0.14,0.33,22.8,416,580,71.7,6802,3176,202,243,83.1,165,226,73.0,33,71,46.5,6,24,4,3,28,466,113,7,0,1,18,106,0,1,14,0.98,14,0.98,11,2,1,0,0,0,1,0.07,1,0,0,0,0,0,19,8,9,9,1,12,25,48.0,13,15,9,6,15,34,52,2,14.3,721,79,337,265,122,9,721,4,3,75.0,1,25.0,290,1368,648,12,10,2,9,4,347,25,57692,3000000
Emile Smith Rowe,"MF,FW",Arsenal,20,20,18,1440.0,16.0,2,4,6,2,0,0,0,0,1.8,1.8,3.4,5.1,0.12,0.25,0.37,0.12,0.11,0.21,0.11,0.32,0.0,0.0,0.0,0.0,0.0,0.0,0.0,0.0,0.0,0.0,0.0,0.0,0.0,0.0,0.0,0.0,0.0,0.0,0.0,0.0,0.0,0.0,0.0,0.0,13,4,30.8,0.81,0.25,0.15,0.50,17.8,648,746,86.9,8625,1644,408,446,91.5,186,203,91.6,21,31,67.7,27,45,14,1,68,735,10,5,1,0,17,2,0,1,49,3.06,49,3.06,40,0,4,2,3,0,7,0.44,6,0,0,1,0,0,14,7,5,5,4,6,17,35.3,11,15,1,14,10,24,12,0,16.0,890,15,143,397,360,44,890,30,10,33.3,20,66.7,551,2941,1559,51,20,13,38,7,705,113,15000,780000
Emiliano Martínez,GK,Aston Villa,27,38,38,3420.0,38.0,0,0,0,0,0,0,1,0,0.0,0.0,0.1,0.1,0.00,0.00,0.00,0.00,0.00,0.00,0.00,0.00,1.21,186,133,78.0,15,39.5,49.2,0.24,247,639,38.7,1058,177,45.1,37.1,254,63.8,46.8,613,42,6.9,34,0.89,14.2,0,0,,0.00,0.00,,,,881,1320,66.7,26962,20300,132,134,98.5,424,431,98.4,324,745,43.5,2,26,1,0,0,923,389,135,0,1,0,0,0,8,5,0.13,5,0.13,5,0,0,0,0,0,1,0.03,1,0,0,0,0,0,3,3,3,0,0,3,4,75.0,1,0,0,0,2,5,10,2,38.0,1405,1173,1390,15,0,0,1405,0,0,,0,,779,4456,3037,0,0,0,1,0,594,0,47500,2470000
Enda Stevens,DF,Sheffield Utd,30,30,30,2700.0,30.0,0,1,1,0,0,0,6,0,1.3,1.3,1.6,2.9,0.00,0.03,0.03,0.00,0.04,0.05,0.04,0.10,0.0,0.0,0.0,0.0,0.0,0.0,0.0,0.0,0.0,0.0,0.0,0.0,0.0,0.0,0.0,0.0,0.0,0.0,0.0,0.0,0.0,0.0,0.0,0.0,16,4,25.0,0.53,0.13,0.00,0.00,17.4,1108,1459,75.9,16993,7282,627,703,89.2,375,482,77.8,77,186,41.4,17,88,33,10,124,1238,206,11,0,9,64,195,0,15,39,1.30,39,1.30,36,0,0,1,2,0,4,0.13,3,0,0,0,1,0,59,26,32,19,8,33,58,56.9,25,41,12,29,22,81,81,1,30.0,1785,112,527,788,485,45,1785,35,20,57.1,16,45.7,815,4012,2041,44,20,6,45,29,993,99,4038,210000
Eric Bailly,DF,Manchester Utd,26,12,10,916.0,10.2,0,0,0,0,0,0,3,0,0.1,0.1,0.0,0.1,0.00,0.00,0.00,0.00,0.01,0.00,0.01,0.01,0.0,0.0,0.0,0.0,0.0,0.0,0.0,0.0,0.0,0.0,0.0,0.0,0.0,0.0,0.0,0.0,0.0,0.0,0.0,0.0,0.0,0.0,0.0,0.0,2,0,0.0,0.20,0.00,0.00,,11.2,497,564,88.1,9002,3349,185,200,92.5,268,299,89.6,37,49,75.5,0,26,0,0,37,552,11,10,0,1,0,1,0,1,4,0.39,4,0.39,4,0,0,0,0,0,1,0.10,1,0,0,0,0,0,5,5,3,1,1,0,1,0.0,1,13,11,2,13,18,36,2,10.2,652,92,339,304,14,4,652,4,4,100.0,0,0.0,429,2480,1331,6,5,0,7,0,424,0,80000,4160000
Eric Dier,DF,Tottenham,26,28,28,2520.0,28.0,0,0,0,0,0,0,3,0,1.2,1.2,0.3,1.4,0.00,0.00,0.00,0.00,0.04,0.01,0.04,0.05,0.0,0.0,0.0,0.0,0.0,0.0,0.0,0.0,0.0,0.0,0.0,0.0,0.0,0.0,0.0,0.0,0.0,0.0,0.0,0.0,0.0,0.0,0.0,0.0,14,2,14.3,0.50,0.07,0.00,0.00,22.2,1493,1802,82.9,29242,11463,507,569,89.1,783,863,90.7,179,323,55.4,6,66,6,0,65,1757,43,37,1,21,5,6,0,2,24,0.86,24,0.86,21,0,0,2,1,0,0,0.00,0,0,0,0,0,0,23,14,13,10,0,11,18,61.1,7,37,31,6,23,46,123,3,28.0,2057,334,1136,875,56,21,2057,4,3,75.0,1,25.0,1249,6795,3953,21,7,2,12,1,1427,6,60000,3120000
Eric García,DF,Manchester City,19,6,3,383.0,4.3,0,0,0,0,0,0,0,0,0.1,0.1,0.0,0.1,0.00,0.00,0.00,0.00,0.02,0.00,0.02,0.02,0.0,0.0,0.0,0.0,0.0,0.0,0.0,0.0,0.0,0.0,0.0,0.0,0.0,0.0,0.0,0.0,0.0,0.0,0.0,0.0,0.0,0.0,0.0,0.0,2,0,0.0,0.47,0.00,0.00,,22.5,325,342,95.0,5830,1856,131,134,97.8,170,174,97.7,23,30,76.7,1,22,0,0,22,337,4,2,1,1,0,2,0,1,2,0.47,2,0.47,1,0,0,0,1,0,0,0.00,0,0,0,0,0,0,8,7,5,3,0,5,7,71.4,2,4,1,3,4,12,10,0,4.3,381,25,104,264,13,1,381,0,0,,0,,279,1454,1008,8,7,0,4,0,307,0,11923,620000
Erik Pieters,"DF,MF",Burnley,31,20,13,1266.0,14.1,0,1,1,0,0,0,1,0,0.2,0.2,0.4,0.6,0.00,0.07,0.07,0.00,0.01,0.03,0.01,0.04,0.0,0.0,0.0,0.0,0.0,0.0,0.0,0.0,0.0,0.0,0.0,0.0,0.0,0.0,0.0,0.0,0.0,0.0,0.0,0.0,0.0,0.0,0.0,0.0,4,3,75.0,0.28,0.21,0.00,0.00,18.9,449,606,74.1,7105,2720,226,254,89.0,172,214,80.4,30,94,31.9,5,28,3,0,37,481,123,6,0,4,19,113,4,2,19,1.35,19,1.35,16,0,0,1,2,0,4,0.28,2,0,0,1,1,0,30,21,18,9,3,19,39,48.7,20,30,9,21,12,42,34,0,14.1,750,61,239,376,140,8,750,10,6,60.0,4,40.0,303,1366,662,14,13,2,12,10,356,16,48077,2500000
Ethan Ampadu,"DF,MF",Sheffield Utd,19,25,23,2089.0,23.2,0,0,0,0,0,0,3,0,0.3,0.3,1.2,1.5,0.00,0.00,0.00,0.00,0.01,0.05,0.01,0.07,0.0,0.0,0.0,0.0,0.0,0.0,0.0,0.0,0.0,0.0,0.0,0.0,0.0,0.0,0.0,0.0,0.0,0.0,0.0,0.0,0.0,0.0,0.0,0.0,7,2,28.6,0.30,0.09,0.00,0.00,19.3,870,1087,80.0,15680,5536,370,424,87.3,378,446,84.8,102,158,64.6,11,76,14,2,100,1002,83,18,0,15,19,60,5,2,20,0.86,20,0.86,17,2,0,0,1,0,0,0.00,0,0,0,0,0,0,57,36,31,24,2,20,46,43.5,26,40,19,21,49,106,87,3,23.2,1374,138,516,670,202,6,1374,15,13,86.7,2,13.3,678,4063,2384,25,28,0,16,5,765,23,7500,390000
Ezgjan Alioski,"DF,MF",Leeds United,28,36,29,2461.0,27.3,2,3,5,2,0,0,7,0,1.6,1.6,3.3,4.9,0.07,0.11,0.18,0.07,0.06,0.12,0.06,0.18,0.0,0.0,0.0,0.0,0.0,0.0,0.0,0.0,0.0,0.0,0.0,0.0,0.0,0.0,0.0,0.0,0.0,0.0,0.0,0.0,0.0,0.0,0.0,0.0,25,8,32.0,0.91,0.29,0.08,0.25,19.0,1321,1670,79.1,20073,7163,703,788,89.2,521,619,84.2,58,147,39.5,28,87,29,12,132,1410,255,29,1,7,62,226,0,5,71,2.60,71,2.60,57,5,0,5,3,1,5,0.18,3,1,0,1,0,0,74,31,38,28,8,32,74,43.2,42,17,2,15,23,97,50,2,27.3,1951,75,560,902,503,41,1951,26,11,42.3,15,57.7,1007,5508,3290,77,43,5,37,15,1197,122,15000,780000
Ezri Konsa,DF,Aston Villa,22,36,35,3196.0,35.5,2,0,2,2,0,0,3,0,2.4,2.4,0.1,2.5,0.06,0.00,0.06,0.06,0.07,0.00,0.07,0.07,0.0,0.0,0.0,0.0,0.0,0.0,0.0,0.0,0.0,0.0,0.0,0.0,0.0,0.0,0.0,0.0,0.0,0.0,0.0,0.0,0.0,0.0,0.0,0.0,22,7,31.8,0.62,0.20,0.09,0.29,9.7,1102,1305,84.4,21620,6304,325,378,86.0,646,702,92.0,113,184,61.4,2,37,2,0,32,1251,53,38,0,4,3,14,0,1,7,0.20,7,0.20,6,0,0,1,0,0,0,0.00,0,0,0,0,0,0,25,13,18,6,1,9,13,69.2,4,53,47,6,29,54,162,1,35.5,1660,315,961,631,73,34,1660,6,6,100.0,0,0.0,852,2975,1375,3,1,0,18,7,954,5,8000,416000
Fabian Delph,"MF,DF",Everton,30,8,2,266.0,3.0,0,0,0,0,0,0,1,0,0.0,0.0,0.1,0.1,0.00,0.00,0.00,0.00,0.01,0.02,0.01,0.03,0.0,0.0,0.0,0.0,0.0,0.0,0.0,0.0,0.0,0.0,0.0,0.0,0.0,0.0,0.0,0.0,0.0,0.0,0.0,0.0,0.0,0.0,0.0,0.0,1,0,0.0,0.34,0.00,0.00,,31.9,204,233,87.6,2997,716,112,114,98.2,72,79,91.1,11,23,47.8,2,13,1,0,11,223,10,1,0,1,7,9,0,0,4,1.35,4,1.35,2,1,0,0,1,0,0,0.00,0,0,0,0,0,0,5,2,3,2,0,1,3,33.3,2,2,0,2,4,9,8,1,3.0,268,7,70,170,32,0,268,10,7,70.0,3,30.0,170,840,390,2,7,0,4,0,208,4,80000,4160000
Fabian Schär,DF,Newcastle Utd,28,18,13,1246.0,13.8,1,0,1,0,1,1,4,1,1.3,0.5,0.0,0.5,0.07,0.00,0.07,0.00,0.09,0.00,0.04,0.04,0.0,0.0,0.0,0.0,0.0,0.0,0.0,0.0,0.0,0.0,0.0,0.0,0.0,0.0,0.0,0.0,0.0,0.0,0.0,0.0,0.0,0.0,0.0,0.0,11,4,36.4,0.79,0.29,0.00,0.00,27.8,468,614,76.2,9712,4248,173,188,92.0,207,244,84.8,82,161,50.9,0,39,10,0,41,555,54,32,0,12,6,22,0,5,9,0.65,9,0.65,6,1,0,1,1,0,0,0.00,0,0,0,0,0,0,13,4,8,5,0,7,19,36.8,12,19,12,7,27,40,52,1,13.8,759,105,399,317,62,11,758,14,7,50.0,7,50.0,413,2280,1410,6,9,0,4,5,433,0,40000,2080000
Fabinho,"DF,MF",Liverpool,26,30,28,2567.0,28.5,0,0,0,0,0,0,6,0,0.3,0.3,0.3,0.6,0.00,0.00,0.00,0.00,0.01,0.01,0.01,0.02,0.0,0.0,0.0,0.0,0.0,0.0,0.0,0.0,0.0,0.0,0.0,0.0,0.0,0.0,0.0,0.0,0.0,0.0,0.0,0.0,0.0,0.0,0.0,0.0,10,1,10.0,0.35,0.04,0.00,0.00,23.1,1910,2117,90.2,33032,10523,782,841,93.0,949,1016,93.4,138,203,68.0,4,102,13,0,124,2080,36,29,0,6,1,7,0,1,30,1.05,30,1.05,26,0,1,0,2,1,6,0.21,5,0,0,0,1,0,58,31,21,29,8,27,54,50.0,27,28,10,18,44,102,66,1,28.5,2386,164,810,1430,155,12,2386,11,7,63.6,4,36.4,1469,6982,3870,27,20,3,17,7,1721,13,100000,5200000
Fabio Carvalho,"MF,FW",Fulham,17,4,3,255.0,2.8,1,0,1,1,0,0,0,0,1.2,1.2,0.4,1.6,0.35,0.00,0.35,0.35,0.41,0.15,0.41,0.56,0.0,0.0,0.0,0.0,0.0,0.0,0.0,0.0,0.0,0.0,0.0,0.0,0.0,0.0,0.0,0.0,0.0,0.0,0.0,0.0,0.0,0.0,0.0,0.0,9,5,55.6,3.18,1.76,0.11,0.20,15.4,67,89,75.3,883,100,43,50,86.0,17,22,77.3,3,4,75.0,2,2,2,0,6,84,5,0,0,0,4,0,0,0,8,2.82,8,2.82,5,0,2,0,1,0,0,0.00,0,0,0,0,0,0,9,6,4,4,1,5,9,55.6,4,2,0,2,1,10,1,1,2.8,133,0,11,57,66,16,133,10,8,80.0,2,20.0,85,458,196,10,4,5,11,9,89,14,0.0,0.0
Fabián Balbuena,DF,West Ham,28,14,13,1198.0,13.3,1,0,1,1,0,0,1,1,0.7,0.7,0.0,0.7,0.08,0.00,0.08,0.08,0.05,0.00,0.05,0.05,0.0,0.0,0.0,0.0,0.0,0.0,0.0,0.0,0.0,0.0,0.0,0.0,0.0,0.0,0.0,0.0,0.0,0.0,0.0,0.0,0.0,0.0,0.0,0.0,8,2,25.0,0.60,0.15,0.13,0.50,10.0,362,488,74.2,7770,3294,105,127,82.7,199,225,88.4,55,119,46.2,0,30,1,0,30,463,22,22,1,9,3,0,0,3,2,0.15,2,0.15,2,0,0,0,0,0,0,0.00,0,0,0,0,0,0,24,12,23,1,0,14,23,60.9,9,23,6,17,25,49,63,0,13.3,632,93,321,294,23,10,632,2,1,50.0,1,50.0,286,1263,610,3,1,0,3,0,334,2,40000,2080000
Federico Fernández,DF,Newcastle Utd,31,24,24,2079.0,23.1,0,0,0,0,0,0,4,0,0.3,0.3,0.6,0.8,0.00,0.00,0.00,0.00,0.01,0.03,0.01,0.04,0.0,0.0,0.0,0.0,0.0,0.0,0.0,0.0,0.0,0.0,0.0,0.0,0.0,0.0,0.0,0.0,0.0,0.0,0.0,0.0,0.0,0.0,0.0,0.0,4,2,50.0,0.17,0.09,0.00,0.00,14.0,715,894,80.0,13956,5356,244,277,88.1,368,412,89.3,91,166,54.8,7,25,3,3,32,814,76,33,0,13,13,43,0,4,15,0.65,15,0.65,11,4,0,0,0,0,1,0.04,1,0,0,0,0,0,29,22,23,5,1,17,21,81.0,4,41,31,10,17,46,147,0,23.1,1169,268,719,377,76,14,1169,1,0,0.0,1,100.0,553,2133,858,1,0,0,8,2,619,7,43077,2240000
Felipe Anderson,"FW,MF",West Ham,27,2,0,3.0,0.0,0,0,0,0,0,0,0,0,0.0,0.0,0.0,0.0,0.00,0.00,0.00,0.00,0.00,0.00,0.00,0.00,0.0,0.0,0.0,0.0,0.0,0.0,0.0,0.0,0.0,0.0,0.0,0.0,0.0,0.0,0.0,0.0,0.0,0.0,0.0,0.0,0.0,0.0,0.0,0.0,0,0,,0.00,0.00,,,,3,5,60.0,45,23,1,2,50.0,2,3,66.7,0,0,,0,0,0,0,1,5,0,0,0,0,0,0,0,0,0,0.00,0,0.00,0,0,0,0,0,0,0,0.00,0,0,0,0,0,0,1,1,0,1,0,0,0,,0,0,0,0,0,1,0,0,0.0,7,0,0,4,3,1,7,0,0,,0,,6,78,51,2,1,0,0,0,6,0,0.0,0.0
Femi Seriki,MF,Sheffield Utd,18,1,0,1.0,0.0,0,0,0,0,0,0,0,0,0.0,0.0,0.0,0.0,0.00,0.00,0.00,0.00,0.00,0.00,0.00,0.00,0.0,0.0,0.0,0.0,0.0,0.0,0.0,0.0,0.0,0.0,0.0,0.0,0.0,0.0,0.0,0.0,0.0,0.0,0.0,0.0,0.0,0.0,0.0,0.0,0,0,,0.00,0.00,,,,0,0,,0,0,0,0,,0,0,,0,0,,0,0,0,0,0,0,0,0,0,0,0,0,0,0,0,0.00,0,0.00,0,0,0,0,0,0,0,0.00,0,0,0,0,0,0,0,0,0,0,0,0,0,,0,0,0,0,0,0,0,0,0.0,0,0,0,0,0,0,0,0,0,,0,,0,0,0,0,0,0,0,0,0,0,0.0,0.0
Fernandinho,MF,Manchester City,35,21,12,1188.0,13.2,0,2,2,0,0,0,6,0,0.7,0.7,1.3,1.9,0.00,0.15,0.15,0.00,0.05,0.10,0.05,0.15,0.0,0.0,0.0,0.0,0.0,0.0,0.0,0.0,0.0,0.0,0.0,0.0,0.0,0.0,0.0,0.0,0.0,0.0,0.0,0.0,0.0,0.0,0.0,0.0,14,3,21.4,1.06,0.23,0.00,0.00,22.7,889,1026,86.6,14889,4335,426,467,91.2,364,416,87.5,73,96,76.0,14,124,13,1,114,1002,22,18,1,12,6,4,0,2,31,2.35,31,2.35,26,0,3,0,0,2,3,0.23,2,0,0,0,0,1,31,17,8,14,9,20,43,46.5,23,11,2,9,23,54,17,0,13.2,1143,31,161,813,181,13,1143,13,10,76.9,3,23.1,703,3633,2218,31,42,4,7,4,867,5,150000,7800000
Fernando Marçal,"DF,MF",Wolves,31,13,7,623.0,6.9,0,0,0,0,0,0,2,0,0.1,0.1,0.1,0.2,0.00,0.00,0.00,0.00,0.01,0.02,0.01,0.03,0.0,0.0,0.0,0.0,0.0,0.0,0.0,0.0,0.0,0.0,0.0,0.0,0.0,0.0,0.0,0.0,0.0,0.0,0.0,0.0,0.0,0.0,0.0,0.0,2,0,0.0,0.29,0.00,0.00,,26.7,304,379,80.2,4974,1846,148,159,93.1,119,146,81.5,23,43,53.5,4,22,1,1,23,309,68,5,0,3,13,63,0,2,8,1.15,8,1.15,8,0,0,0,0,0,0,0.00,0,0,0,0,0,0,13,5,6,7,0,6,11,54.5,5,11,2,9,12,25,25,0,6.9,464,28,147,216,102,2,464,13,7,53.8,6,46.2,216,1057,599,8,5,0,6,2,252,14,35000,1820000
Ferrán Torres,"FW,MF",Manchester City,20,24,15,1306.0,14.5,7,2,9,7,0,0,1,0,4.9,4.9,2.2,7.1,0.48,0.14,0.62,0.48,0.33,0.15,0.33,0.49,0.0,0.0,0.0,0.0,0.0,0.0,0.0,0.0,0.0,0.0,0.0,0.0,0.0,0.0,0.0,0.0,0.0,0.0,0.0,0.0,0.0,0.0,0.0,0.0,36,14,38.9,2.48,0.96,0.19,0.50,15.6,353,445,79.3,4935,789,216,242,89.3,99,123,80.5,17,39,43.6,19,12,13,1,31,421,23,3,1,1,33,5,11,1,40,2.76,40,2.76,25,2,7,1,5,0,6,0.41,3,0,1,0,2,0,12,5,4,6,2,5,16,31.3,11,16,0,16,3,15,8,0,14.5,608,10,54,204,360,67,608,46,20,43.5,26,56.5,383,2140,1012,30,20,16,25,21,471,118,46154,2400000
Fikayo Tomori,DF,Chelsea,22,1,0,45.0,0.5,0,0,0,0,0,0,0,0,0.0,0.0,0.0,0.0,0.00,0.00,0.00,0.00,0.00,0.00,0.00,0.00,0.0,0.0,0.0,0.0,0.0,0.0,0.0,0.0,0.0,0.0,0.0,0.0,0.0,0.0,0.0,0.0,0.0,0.0,0.0,0.0,0.0,0.0,0.0,0.0,0,0,,0.00,0.00,,,,28,29,96.6,527,155,7,7,100.0,20,20,100.0,0,1,0.0,0,0,0,0,0,28,1,1,0,0,0,0,0,0,0,0.00,0,0.00,0,0,0,0,0,0,0,0.00,0,0,0,0,0,0,2,1,2,0,0,0,0,,0,1,1,0,2,4,8,0,0.5,41,16,36,5,0,0,41,0,0,,0,,13,45,23,0,0,0,0,0,22,0,14423,750000
Filip Krovinović,MF,West Brom,24,11,5,546.0,6.1,0,0,0,0,0,0,0,0,0.3,0.3,0.2,0.4,0.00,0.00,0.00,0.00,0.04,0.03,0.04,0.07,0.0,0.0,0.0,0.0,0.0,0.0,0.0,0.0,0.0,0.0,0.0,0.0,0.0,0.0,0.0,0.0,0.0,0.0,0.0,0.0,0.0,0.0,0.0,0.0,8,2,25.0,1.32,0.33,0.00,0.00,25.1,306,374,81.8,4854,1527,153,176,86.9,111,129,86.0,25,36,69.4,5,44,8,0,41,343,29,17,0,3,11,1,6,2,20,3.29,20,3.29,13,3,3,0,1,0,0,0.00,0,0,0,0,0,0,13,10,6,5,2,6,18,33.3,12,2,0,2,4,17,2,0,6.1,424,6,69,255,109,4,424,9,8,88.9,1,11.1,212,1387,750,15,11,0,12,5,289,21,15000,780000
Fraser Forster,GK,Southampton,32,8,8,720.0,8.0,0,0,0,0,0,0,0,0,0.0,0.0,0.0,0.0,0.00,0.00,0.00,0.00,0.00,0.00,0.00,0.00,1.37,31,19,71.0,2,25.0,9.8,0.23,30,134,22.4,207,28,44.0,35.3,64,67.2,44.2,142,6,4.2,14,1.75,15.6,0,0,,0.00,0.00,,,,154,273,56.4,3864,2963,40,40,100.0,52,54,96.3,49,162,30.2,0,0,0,0,0,170,101,37,0,0,0,0,0,2,0,0.00,0,0.00,0,0,0,0,0,0,0,0.00,0,0,0,0,0,0,1,0,1,0,0,1,2,50.0,1,0,0,0,0,1,9,0,8.0,302,239,296,6,0,0,302,0,0,,0,,123,708,447,0,0,0,0,0,116,0,70000,3640000
Fred,MF,Manchester Utd,27,30,27,2390.0,26.6,1,0,1,1,0,0,5,0,1.8,1.8,1.9,3.7,0.04,0.00,0.04,0.04,0.07,0.07,0.07,0.14,0.0,0.0,0.0,0.0,0.0,0.0,0.0,0.0,0.0,0.0,0.0,0.0,0.0,0.0,0.0,0.0,0.0,0.0,0.0,0.0,0.0,0.0,0.0,0.0,25,7,28.0,0.94,0.26,0.04,0.14,24.1,1590,1828,87.0,27917,7883,699,760,92.0,674,737,91.5,167,213,78.4,25,189,20,0,189,1765,58,50,5,15,9,8,0,5,78,2.94,78,2.94,71,1,2,1,2,1,7,0.26,7,0,0,0,0,0,81,39,39,38,4,29,89,32.6,60,49,9,40,45,126,26,1,26.6,2123,67,501,1256,391,15,2123,30,24,80.0,6,20.0,1227,5787,2712,31,33,1,29,30,1496,33,120000,6240000
Fábio Silva,FW,Wolves,18,32,11,1369.0,15.2,4,3,7,3,1,1,2,0,5.3,4.5,1.0,5.5,0.26,0.20,0.46,0.20,0.35,0.07,0.29,0.36,0.0,0.0,0.0,0.0,0.0,0.0,0.0,0.0,0.0,0.0,0.0,0.0,0.0,0.0,0.0,0.0,0.0,0.0,0.0,0.0,0.0,0.0,0.0,0.0,47,16,34.0,3.09,1.05,0.06,0.19,13.0,237,330,71.8,2728,325,153,190,80.5,52,77,67.5,5,14,35.7,11,7,5,0,17,300,30,0,1,1,5,2,0,0,29,1.91,29,1.91,17,0,2,7,3,0,3,0.20,2,0,0,0,1,0,6,4,1,4,1,4,12,33.3,8,12,1,11,4,10,5,1,15.2,507,9,43,232,233,78,506,21,7,33.3,14,66.7,266,1199,522,14,8,5,45,21,363,74,80000,4160000
Gabriel Jesus,FW,Manchester City,23,29,22,2063.0,22.9,9,4,13,9,0,0,2,0,8.7,8.7,2.7,11.4,0.39,0.17,0.57,0.39,0.38,0.12,0.38,0.50,0.0,0.0,0.0,0.0,0.0,0.0,0.0,0.0,0.0,0.0,0.0,0.0,0.0,0.0,0.0,0.0,0.0,0.0,0.0,0.0,0.0,0.0,0.0,0.0,55,16,29.1,2.40,0.70,0.16,0.56,13.7,631,751,84.0,7356,844,416,472,88.1,133,154,86.4,18,25,72.0,30,18,13,1,41,710,39,6,2,3,11,6,4,2,78,3.40,78,3.40,53,0,8,9,7,1,11,0.48,9,0,1,1,0,0,17,6,5,5,7,11,28,39.3,17,16,0,16,15,32,5,0,22.9,1004,7,54,397,568,127,1004,70,48,68.6,22,31.4,635,3677,1619,54,38,28,59,38,799,202,90000,4680000
Gabriel Magalhães,DF,Arsenal,22,23,22,1996.0,22.2,2,0,2,2,0,0,4,1,1.3,1.3,0.1,1.4,0.09,0.00,0.09,0.09,0.06,0.00,0.06,0.06,0.0,0.0,0.0,0.0,0.0,0.0,0.0,0.0,0.0,0.0,0.0,0.0,0.0,0.0,0.0,0.0,0.0,0.0,0.0,0.0,0.0,0.0,0.0,0.0,16,4,25.0,0.72,0.18,0.13,0.50,12.6,1332,1559,85.4,24293,8542,478,522,91.6,734,797,92.1,106,202,52.5,2,67,3,1,80,1526,28,26,1,6,2,2,0,5,13,0.59,13,0.59,8,1,1,3,0,0,0,0.00,0,0,0,0,0,0,25,15,19,5,1,13,19,68.4,6,27,19,8,26,51,74,2,22.2,1759,210,858,848,56,27,1759,6,5,83.3,1,16.7,1249,6992,4082,18,6,2,5,6,1329,8,50000,2600000
Gabriel Martinelli,FW,Arsenal,19,14,7,589.0,6.5,2,1,3,2,0,0,0,0,3.3,3.3,1.8,5.1,0.31,0.15,0.46,0.31,0.50,0.27,0.50,0.78,0.0,0.0,0.0,0.0,0.0,0.0,0.0,0.0,0.0,0.0,0.0,0.0,0.0,0.0,0.0,0.0,0.0,0.0,0.0,0.0,0.0,0.0,0.0,0.0,20,8,40.0,3.06,1.22,0.10,0.25,14.1,121,159,76.1,1597,346,84,102,82.4,32,41,78.0,2,7,28.6,9,3,6,3,8,155,2,0,1,1,12,1,0,2,21,3.20,21,3.20,16,0,3,2,0,0,1,0.15,1,0,0,0,0,0,7,1,2,3,2,4,10,40.0,6,6,0,6,8,15,4,0,6.5,256,7,38,67,154,41,256,25,13,52.0,12,48.0,157,1054,536,23,6,13,22,7,169,62,90000,4680000
Gaetano Berardi,DF,Leeds United,31,2,1,113.0,1.3,0,0,0,0,0,0,0,0,0.1,0.1,0.0,0.1,0.00,0.00,0.00,0.00,0.09,0.00,0.09,0.09,0.0,0.0,0.0,0.0,0.0,0.0,0.0,0.0,0.0,0.0,0.0,0.0,0.0,0.0,0.0,0.0,0.0,0.0,0.0,0.0,0.0,0.0,0.0,0.0,1,0,0.0,0.80,0.00,0.00,,8.3,50,63,79.4,785,388,24,27,88.9,23,28,82.1,2,5,40.0,0,2,1,0,2,56,6,0,0,0,1,6,0,1,1,0.80,1,0.80,0,0,0,1,0,0,0,0.00,0,0,0,0,0,0,2,2,1,0,1,0,0,,0,2,1,1,1,3,2,0,1.3,72,6,37,32,3,1,72,0,0,,0,,36,138,79,0,0,0,0,0,45,1,12500,650000
Gareth Bale,FW,Tottenham,31,20,10,920.0,10.2,11,2,13,11,0,0,1,0,5.8,5.8,1.8,7.6,1.08,0.20,1.27,1.08,0.57,0.18,0.57,0.74,0.0,0.0,0.0,0.0,0.0,0.0,0.0,0.0,0.0,0.0,0.0,0.0,0.0,0.0,0.0,0.0,0.0,0.0,0.0,0.0,0.0,0.0,0.0,0.0,38,19,50.0,3.72,1.86,0.29,0.58,18.7,285,416,68.5,5015,1496,142,173,82.1,87,126,69.0,41,72,56.9,21,24,17,3,43,386,29,7,2,12,40,9,13,1,47,4.59,47,4.59,26,7,9,3,2,0,6,0.59,3,1,0,2,0,0,17,10,4,9,4,7,14,50.0,7,13,2,11,8,25,16,0,10.2,564,19,79,251,242,41,564,49,27,55.1,22,44.9,316,2345,1001,31,21,12,17,7,391,85,600000,31200000
Gary Cahill,DF,Crystal Palace,34,20,20,1800.0,20.0,1,1,2,1,0,0,3,0,0.7,0.7,0.6,1.4,0.05,0.05,0.10,0.05,0.04,0.03,0.04,0.07,0.0,0.0,0.0,0.0,0.0,0.0,0.0,0.0,0.0,0.0,0.0,0.0,0.0,0.0,0.0,0.0,0.0,0.0,0.0,0.0,0.0,0.0,0.0,0.0,11,3,27.3,0.55,0.15,0.09,0.33,12.5,615,748,82.2,11797,4658,230,272,84.6,310,340,91.2,64,116,55.2,8,35,2,0,46,720,27,26,0,3,0,1,0,1,15,0.75,15,0.75,14,0,0,1,0,0,2,0.10,2,0,0,0,0,0,13,9,10,3,0,7,11,63.6,4,27,22,5,13,26,88,0,20.0,938,145,564,334,41,27,938,1,1,100.0,0,0.0,449,2207,997,3,0,0,7,1,529,0,65000,3380000
George Baldock,DF,Sheffield Utd,27,32,32,2787.0,31.0,0,2,2,0,0,0,7,0,1.2,1.2,2.9,4.0,0.00,0.06,0.06,0.00,0.04,0.09,0.04,0.13,0.0,0.0,0.0,0.0,0.0,0.0,0.0,0.0,0.0,0.0,0.0,0.0,0.0,0.0,0.0,0.0,0.0,0.0,0.0,0.0,0.0,0.0,0.0,0.0,13,2,15.4,0.42,0.06,0.00,0.00,16.8,888,1153,77.0,11908,3743,582,647,90.0,229,305,75.1,36,98,36.7,18,47,23,7,75,954,197,5,1,1,62,192,0,2,35,1.13,35,1.13,30,1,1,3,0,0,2,0.06,1,0,0,1,0,0,47,34,28,14,5,21,50,42.0,29,26,7,19,25,72,70,1,31.0,1443,95,389,502,569,45,1443,33,17,51.5,16,48.5,656,4130,1969,68,47,9,33,20,772,140,4038,210000
Georginio Wijnaldum,MF,Liverpool,29,38,34,2941.0,32.7,2,0,2,2,0,0,1,0,2.6,2.6,1.4,3.9,0.06,0.00,0.06,0.06,0.08,0.04,0.08,0.12,0.0,0.0,0.0,0.0,0.0,0.0,0.0,0.0,0.0,0.0,0.0,0.0,0.0,0.0,0.0,0.0,0.0,0.0,0.0,0.0,0.0,0.0,0.0,0.0,31,9,29.0,0.95,0.28,0.06,0.22,17.8,1644,1778,92.5,23655,5104,964,1021,94.4,537,572,93.9,74,86,86.0,21,125,16,1,133,1740,37,23,1,3,6,14,0,1,68,2.08,68,2.08,56,0,3,4,4,1,7,0.21,5,0,0,1,0,1,23,7,6,14,3,7,31,22.6,24,18,3,15,26,49,18,1,32.7,2005,30,279,1261,488,44,2005,51,34,66.7,17,33.3,1350,7637,3608,62,60,3,38,27,1526,59,75000,3900000
Giovani Lo Celso,MF,Tottenham,24,18,11,945.0,10.5,1,1,2,1,0,0,5,0,1.4,1.4,1.0,2.4,0.10,0.10,0.19,0.10,0.14,0.09,0.14,0.23,0.0,0.0,0.0,0.0,0.0,0.0,0.0,0.0,0.0,0.0,0.0,0.0,0.0,0.0,0.0,0.0,0.0,0.0,0.0,0.0,0.0,0.0,0.0,0.0,15,5,33.3,1.43,0.48,0.07,0.20,19.0,469,604,77.6,6897,2082,269,302,89.1,143,180,79.4,28,58,48.3,15,52,12,0,71,546,56,22,1,2,31,1,26,2,32,3.05,32,3.05,23,3,0,1,4,1,4,0.38,4,0,0,0,0,0,28,22,12,11,5,10,29,34.5,19,12,1,11,7,35,5,0,10.5,719,13,92,407,232,21,719,20,8,40.0,12,60.0,390,2360,1242,21,20,4,21,14,495,34,70000,3640000
Grady Diangana,"MF,FW",West Brom,22,20,15,1235.0,13.7,1,0,1,1,0,0,0,0,1.1,1.1,0.2,1.2,0.07,0.00,0.07,0.07,0.08,0.01,0.08,0.09,0.0,0.0,0.0,0.0,0.0,0.0,0.0,0.0,0.0,0.0,0.0,0.0,0.0,0.0,0.0,0.0,0.0,0.0,0.0,0.0,0.0,0.0,0.0,0.0,14,4,28.6,1.02,0.29,0.07,0.25,17.4,260,360,72.2,3328,806,176,212,83.0,62,87,71.3,10,22,45.5,5,13,8,1,32,347,11,2,1,2,20,2,4,2,26,1.89,26,1.89,15,2,0,3,5,1,1,0.07,0,1,0,0,0,0,35,19,19,9,7,19,43,44.2,24,16,2,14,16,51,9,0,13.7,579,19,123,218,250,28,579,49,25,51.0,24,49.0,309,1641,818,25,25,7,52,38,378,84,37500,1950000
Granit Xhaka,"MF,DF",Arsenal,27,31,29,2522.0,28.0,1,2,3,1,0,0,7,1,0.9,0.9,1.5,2.3,0.04,0.07,0.11,0.04,0.03,0.05,0.03,0.08,0.0,0.0,0.0,0.0,0.0,0.0,0.0,0.0,0.0,0.0,0.0,0.0,0.0,0.0,0.0,0.0,0.0,0.0,0.0,0.0,0.0,0.0,0.0,0.0,21,7,33.3,0.75,0.25,0.05,0.14,27.1,2011,2239,89.8,35557,10193,890,956,93.1,879,945,93.0,201,257,78.2,17,271,26,1,276,2137,100,63,3,28,12,36,0,2,50,1.79,50,1.79,43,1,0,3,2,1,5,0.18,4,0,0,0,0,1,50,26,18,17,15,30,58,51.7,28,23,7,16,24,74,38,3,28.0,2440,96,526,1563,364,9,2440,16,8,50.0,8,50.0,1532,7624,4224,41,40,0,20,12,1809,31,100000,5200000
Gylfi Sigurðsson,"MF,FW",Everton,30,36,24,2253.0,25.0,6,5,11,3,3,4,2,0,6.5,3.4,3.8,7.2,0.24,0.20,0.44,0.12,0.26,0.15,0.13,0.29,0.0,0.0,0.0,0.0,0.0,0.0,0.0,0.0,0.0,0.0,0.0,0.0,0.0,0.0,0.0,0.0,0.0,0.0,0.0,0.0,0.0,0.0,0.0,0.0,45,13,28.9,1.80,0.52,0.07,0.23,22.8,758,963,78.7,12289,3249,378,429,88.1,268,307,87.3,69,141,48.9,44,55,22,5,81,827,130,34,2,1,100,4,60,6,75,2.99,75,2.99,42,23,2,6,2,0,7,0.28,4,2,0,1,0,0,30,20,9,14,7,13,44,29.5,31,31,2,29,34,64,21,1,25.0,1217,37,218,578,428,47,1213,26,14,53.8,12,46.2,575,2594,900,24,26,4,45,28,747,78,100000,5200000
Hakim Ziyech,"MF,FW",Chelsea,27,23,15,1172.0,13.0,2,3,5,2,0,0,3,0,1.9,1.9,3.6,5.5,0.15,0.23,0.38,0.15,0.14,0.28,0.14,0.42,0.0,0.0,0.0,0.0,0.0,0.0,0.0,0.0,0.0,0.0,0.0,0.0,0.0,0.0,0.0,0.0,0.0,0.0,0.0,0.0,0.0,0.0,0.0,0.0,35,12,34.3,2.69,0.92,0.06,0.17,23.1,547,742,73.7,7897,2192,301,352,85.5,153,210,72.9,45,99,45.5,34,46,28,4,91,692,46,16,5,5,64,8,21,4,73,5.60,73,5.60,54,7,4,7,1,0,6,0.46,5,1,0,0,0,0,14,10,5,7,2,5,19,26.3,14,9,1,8,10,24,2,0,13.0,876,9,67,394,423,35,876,35,19,54.3,16,45.7,534,2292,972,27,21,12,29,16,691,108,100000,5200000
Hal Robson-Kanu,FW,West Brom,31,19,2,561.0,6.2,2,0,2,2,0,0,2,0,1.2,1.2,0.2,1.5,0.32,0.00,0.32,0.32,0.19,0.04,0.19,0.23,0.0,0.0,0.0,0.0,0.0,0.0,0.0,0.0,0.0,0.0,0.0,0.0,0.0,0.0,0.0,0.0,0.0,0.0,0.0,0.0,0.0,0.0,0.0,0.0,13,6,46.2,2.09,0.96,0.15,0.33,20.1,56,81,69.1,755,198,34,41,82.9,16,22,72.7,3,5,60.0,5,6,1,0,11,77,3,0,0,0,1,0,0,1,12,1.93,12,1.93,8,0,0,1,2,1,0,0.00,0,0,0,0,0,0,2,1,1,0,1,0,1,0.0,1,2,0,2,2,4,7,0,6.2,178,7,15,65,101,17,178,14,6,42.9,8,57.1,111,546,225,8,3,5,30,16,130,33,30000,1560000
Hamza Choudhury,MF,Leicester City,22,10,4,316.0,3.5,0,0,0,0,0,0,1,0,0.4,0.4,0.0,0.4,0.00,0.00,0.00,0.00,0.11,0.00,0.11,0.11,0.0,0.0,0.0,0.0,0.0,0.0,0.0,0.0,0.0,0.0,0.0,0.0,0.0,0.0,0.0,0.0,0.0,0.0,0.0,0.0,0.0,0.0,0.0,0.0,4,1,25.0,1.14,0.28,0.00,0.00,22.2,192,239,80.3,3094,528,94,113,83.2,78,93,83.9,11,18,61.1,0,7,0,0,15,234,4,2,0,3,1,2,0,1,3,0.85,3,0.85,2,0,0,1,0,0,1,0.28,1,0,0,0,0,0,8,7,3,5,0,4,10,40.0,6,4,1,3,4,12,9,1,3.5,286,10,70,186,31,2,286,1,0,0.0,1,100.0,162,635,326,3,1,0,6,0,187,1,7500,390000
Hannibal Mejbri,MF,Manchester Utd,17,1,0,9.0,0.1,0,0,0,0,0,0,0,0,0.0,0.0,0.0,0.0,0.00,0.00,0.00,0.00,0.00,0.00,0.00,0.00,0.0,0.0,0.0,0.0,0.0,0.0,0.0,0.0,0.0,0.0,0.0,0.0,0.0,0.0,0.0,0.0,0.0,0.0,0.0,0.0,0.0,0.0,0.0,0.0,0,0,,0.00,0.00,,,,3,3,100.0,49,26,2,2,100.0,0,0,,1,1,100.0,0,1,0,0,1,3,0,0,0,0,0,0,0,0,0,0.00,0,0.00,0,0,0,0,0,0,0,0.00,0,0,0,0,0,0,0,0,0,0,0,0,0,,0,0,0,0,0,0,0,0,0.1,6,0,1,5,0,0,6,3,1,33.3,2,66.7,5,41,18,0,0,0,0,0,4,0,0.0,0.0
Harrison Reed,MF,Fulham,25,31,26,2247.0,25.0,0,2,2,0,0,0,5,0,0.4,0.4,1.7,2.1,0.00,0.08,0.08,0.00,0.02,0.07,0.02,0.08,0.0,0.0,0.0,0.0,0.0,0.0,0.0,0.0,0.0,0.0,0.0,0.0,0.0,0.0,0.0,0.0,0.0,0.0,0.0,0.0,0.0,0.0,0.0,0.0,13,4,30.8,0.52,0.16,0.00,0.00,26.1,1288,1516,85.0,21403,5739,610,672,90.8,551,609,90.5,89,157,56.7,21,102,16,3,127,1418,96,71,0,2,27,10,12,2,44,1.76,44,1.76,36,6,0,2,0,0,3,0.12,2,0,0,1,0,0,63,38,28,28,7,29,73,39.7,44,34,11,23,50,113,31,1,25.0,1756,66,475,986,311,10,1756,24,15,62.5,9,37.5,896,3892,1689,24,21,2,20,10,1061,16,12000,624000
Harry Kane,FW,Tottenham,27,35,35,3082.0,34.2,23,14,37,19,4,4,1,0,20.1,16.9,7.1,24.0,0.67,0.41,1.08,0.55,0.59,0.21,0.49,0.70,0.0,0.0,0.0,0.0,0.0,0.0,0.0,0.0,0.0,0.0,0.0,0.0,0.0,0.0,0.0,0.0,0.0,0.0,0.0,0.0,0.0,0.0,0.0,0.0,133,47,35.3,3.88,1.37,0.14,0.40,18.3,652,965,67.6,10806,3448,312,423,73.8,196,273,71.8,86,140,61.4,49,100,38,5,132,926,32,12,6,22,38,12,0,7,127,3.71,127,3.71,75,3,19,15,13,2,26,0.76,15,1,6,1,3,0,22,12,1,17,4,8,26,30.8,18,28,11,17,11,33,40,0,34.2,1393,51,128,685,595,159,1389,100,52,52.0,48,48.0,809,4648,2270,75,50,30,63,54,1072,185,200000,10400000
Harry Maguire,DF,Manchester Utd,27,34,34,3047.0,33.9,2,1,3,2,0,0,11,0,2.3,2.2,0.3,2.5,0.06,0.03,0.09,0.06,0.07,0.01,0.07,0.08,0.0,0.0,0.0,0.0,0.0,0.0,0.0,0.0,0.0,0.0,0.0,0.0,0.0,0.0,0.0,0.0,0.0,0.0,0.0,0.0,0.0,0.0,0.0,0.0,36,9,25.0,1.06,0.27,0.06,0.22,12.8,1958,2250,87.0,38694,13018,634,711,89.2,1052,1144,92.0,232,325,71.4,7,175,8,1,194,2169,74,61,0,31,3,13,0,7,38,1.12,38,1.12,30,0,0,6,0,2,7,0.21,5,0,0,1,0,1,29,17,19,10,0,18,29,62.1,11,28,23,5,60,89,122,4,33.9,2568,349,1188,1206,193,52,2568,14,8,57.1,6,42.9,1534,9872,5795,42,41,5,10,6,1743,14,190000,9880000
Harry Winks,MF,Tottenham,24,15,9,861.0,9.6,0,0,0,0,0,0,5,0,0.1,0.1,0.2,0.2,0.00,0.00,0.00,0.00,0.01,0.02,0.01,0.02,0.0,0.0,0.0,0.0,0.0,0.0,0.0,0.0,0.0,0.0,0.0,0.0,0.0,0.0,0.0,0.0,0.0,0.0,0.0,0.0,0.0,0.0,0.0,0.0,4,1,25.0,0.42,0.10,0.00,0.00,30.9,579,683,84.8,9590,2897,272,305,89.2,234,256,91.4,49,81,60.5,4,64,6,1,62,666,17,15,0,3,2,0,0,0,7,0.73,7,0.73,6,0,0,0,0,1,1,0.10,1,0,0,0,0,0,16,9,11,5,0,5,20,25.0,15,16,4,12,11,27,12,1,9.6,757,26,171,517,75,0,757,5,4,80.0,1,20.0,454,2042,968,9,7,0,6,3,566,1,50000,2600000
Harvey Barnes,"FW,MF",Leicester City,22,25,22,1945.0,21.6,9,4,13,9,0,0,0,0,5.9,5.9,1.6,7.5,0.42,0.19,0.60,0.42,0.27,0.07,0.27,0.35,0.0,0.0,0.0,0.0,0.0,0.0,0.0,0.0,0.0,0.0,0.0,0.0,0.0,0.0,0.0,0.0,0.0,0.0,0.0,0.0,0.0,0.0,0.0,0.0,56,25,44.6,2.59,1.16,0.16,0.36,17.5,459,637,72.1,6331,1534,272,343,79.3,135,171,78.9,20,37,54.1,26,38,17,1,56,632,2,0,2,3,27,2,0,3,71,3.29,71,3.29,49,0,7,8,7,0,10,0.46,8,0,1,0,1,0,19,9,11,3,5,5,22,22.7,17,16,3,13,8,27,11,0,21.6,914,13,109,344,482,96,914,89,40,44.9,49,55.1,591,4576,2576,105,79,33,58,31,706,163,10000,520000
Hugo Lloris,GK,Tottenham,33,38,38,3420.0,38.0,0,0,0,0,0,0,0,0,0.0,0.0,0.0,0.0,0.00,0.00,0.00,0.00,0.00,0.00,0.00,0.00,1.18,155,113,77.4,12,31.6,45.6,0.24,159,408,39.0,814,180,38.6,32.4,264,35.6,28.1,590,23,3.9,24,0.63,13.1,0,0,,0.00,0.00,,,,801,1079,74.2,19746,14204,262,265,98.9,300,305,98.4,229,498,46.0,0,7,0,0,0,699,379,115,0,1,0,0,0,1,2,0.05,2,0.05,1,1,0,0,0,0,1,0.03,1,0,0,0,0,0,0,0,0,0,0,0,1,0.0,1,0,0,0,0,0,10,1,38.0,1139,1026,1137,2,0,0,1139,0,0,,0,,551,3306,2257,0,0,0,1,1,419,0,100000,5200000
Héctor Bellerín,"DF,MF",Arsenal,25,25,24,2089.0,23.2,1,2,3,1,0,0,8,0,0.8,0.8,2.4,3.2,0.04,0.09,0.13,0.04,0.03,0.10,0.03,0.14,0.0,0.0,0.0,0.0,0.0,0.0,0.0,0.0,0.0,0.0,0.0,0.0,0.0,0.0,0.0,0.0,0.0,0.0,0.0,0.0,0.0,0.0,0.0,0.0,15,5,33.3,0.65,0.22,0.07,0.20,20.3,1080,1324,81.6,15904,4280,603,676,89.2,416,497,83.7,31,54,57.4,20,69,26,9,108,1158,163,10,2,5,54,153,0,3,46,1.98,46,1.98,43,0,0,2,1,0,7,0.30,6,0,0,0,1,0,29,19,14,12,3,12,41,29.3,29,26,8,18,33,62,33,0,23.2,1527,55,394,658,482,47,1527,25,12,48.0,13,52.0,810,3777,2176,46,32,9,24,5,961,142,110000,5720000
Hélder Costa,"MF,FW",Leeds United,26,22,13,1156.0,12.8,3,3,6,3,0,0,0,0,2.2,2.2,0.6,2.8,0.23,0.23,0.47,0.23,0.17,0.04,0.17,0.22,0.0,0.0,0.0,0.0,0.0,0.0,0.0,0.0,0.0,0.0,0.0,0.0,0.0,0.0,0.0,0.0,0.0,0.0,0.0,0.0,0.0,0.0,0.0,0.0,16,6,37.5,1.25,0.47,0.19,0.50,14.8,242,331,73.1,3063,741,152,178,85.4,68,88,77.3,5,21,23.8,8,4,10,2,28,324,7,0,1,0,21,7,0,0,19,1.48,19,1.48,14,0,2,1,2,0,6,0.47,5,0,0,0,1,0,25,11,12,5,8,11,32,34.4,21,11,0,11,3,28,5,1,12.8,497,9,92,182,230,44,497,48,19,39.6,29,60.4,303,2135,1162,47,17,13,43,20,337,84,32500,1690000
Ian Poveda,MF,Leeds United,20,14,0,355.0,3.9,0,0,0,0,0,0,0,0,0.3,0.3,1.1,1.4,0.00,0.00,0.00,0.00,0.08,0.28,0.08,0.36,0.0,0.0,0.0,0.0,0.0,0.0,0.0,0.0,0.0,0.0,0.0,0.0,0.0,0.0,0.0,0.0,0.0,0.0,0.0,0.0,0.0,0.0,0.0,0.0,5,3,60.0,1.27,0.76,0.00,0.00,17.8,86,120,71.7,1151,341,52,61,85.2,20,32,62.5,5,9,55.6,5,10,10,2,17,120,0,0,0,0,9,0,0,0,9,2.28,9,2.28,8,0,1,0,0,0,0,0.00,0,0,0,0,0,0,5,4,3,0,2,1,7,14.3,6,5,1,4,1,6,2,0,3.9,180,3,28,62,95,13,180,23,12,52.2,11,47.8,125,1024,605,21,10,7,13,16,132,47,8250,429000
Ibrahima Diallo,MF,Southampton,21,22,10,1020.0,11.3,0,0,0,0,0,0,3,0,0.5,0.5,0.6,1.1,0.00,0.00,0.00,0.00,0.04,0.06,0.04,0.10,0.0,0.0,0.0,0.0,0.0,0.0,0.0,0.0,0.0,0.0,0.0,0.0,0.0,0.0,0.0,0.0,0.0,0.0,0.0,0.0,0.0,0.0,0.0,0.0,7,1,14.3,0.62,0.09,0.00,0.00,22.4,503,600,83.8,7940,2034,253,286,88.5,193,217,88.9,32,60,53.3,9,46,5,1,46,586,11,9,0,2,7,2,0,3,19,1.68,19,1.68,15,0,2,1,0,1,1,0.09,1,0,0,0,0,0,29,16,11,17,1,9,16,56.3,7,10,1,9,10,39,12,2,11.3,722,26,164,468,102,9,722,17,10,58.8,7,41.2,410,1972,897,11,15,0,20,15,496,13,55000,2860000
Iliman Ndiaye,MF,Sheffield Utd,20,1,0,12.0,0.1,0,0,0,0,0,0,0,0,0.0,0.0,0.0,0.0,0.00,0.00,0.00,0.00,0.00,0.00,0.00,0.00,0.0,0.0,0.0,0.0,0.0,0.0,0.0,0.0,0.0,0.0,0.0,0.0,0.0,0.0,0.0,0.0,0.0,0.0,0.0,0.0,0.0,0.0,0.0,0.0,0,0,,0.00,0.00,,,,3,3,100.0,34,11,2,2,100.0,1,1,100.0,0,0,,0,1,0,0,0,3,0,0,0,0,0,0,0,0,0,0.00,0,0.00,0,0,0,0,0,0,0,0.00,0,0,0,0,0,0,1,1,0,1,0,1,1,100.0,0,0,0,0,0,1,0,0,0.1,7,0,0,4,3,0,7,0,0,,0,,2,26,16,0,0,0,1,0,3,0,0.0,0.0
Illan Meslier,GK,Leeds United,20,35,35,3150.0,35.0,0,0,0,0,0,0,0,0,0.0,0.0,0.0,0.0,0.00,0.00,0.00,0.00,0.00,0.00,0.00,0.00,1.49,188,137,76.6,11,31.4,46.6,0.21,100,305,32.8,1099,286,19.7,27.4,267,33.3,29.4,447,24,5.4,19,0.54,11.9,0,0,,0.00,0.00,,,,1109,1369,81.0,25470,14384,262,266,98.5,579,590,98.1,264,506,52.2,1,2,0,0,0,1016,350,83,0,3,0,0,0,3,7,0.20,7,0.20,4,2,0,0,1,0,1,0.03,1,0,0,0,0,0,0,0,0,0,0,0,1,0.0,1,0,0,0,0,0,17,8,35.0,1465,1289,1465,0,0,0,1465,0,0,,0,,898,4573,2769,0,0,0,2,1,728,0,21500,1118000
Isaac Hayden,"MF,DF",Newcastle Utd,25,24,22,1942.0,21.6,0,0,0,0,0,0,8,0,0.7,0.7,0.3,1.0,0.00,0.00,0.00,0.00,0.03,0.01,0.03,0.04,0.0,0.0,0.0,0.0,0.0,0.0,0.0,0.0,0.0,0.0,0.0,0.0,0.0,0.0,0.0,0.0,0.0,0.0,0.0,0.0,0.0,0.0,0.0,0.0,16,2,12.5,0.74,0.09,0.00,0.00,20.4,657,834,78.8,11000,2618,288,334,86.2,301,348,86.5,42,79,53.2,7,44,4,2,47,761,71,28,1,6,19,25,0,2,21,0.97,21,0.97,17,0,1,1,2,0,0,0.00,0,0,0,0,0,0,52,29,23,22,7,14,35,40.0,21,32,9,23,43,95,47,0,21.6,1070,68,333,584,161,15,1070,10,7,70.0,3,30.0,465,1597,578,7,12,0,20,14,532,20,21923,1140000
Islam Slimani,FW,Leicester City,32,1,0,20.0,0.2,0,0,0,0,0,0,0,0,0.1,0.1,0.1,0.1,0.00,0.00,0.00,0.00,0.28,0.23,0.28,0.50,0.0,0.0,0.0,0.0,0.0,0.0,0.0,0.0,0.0,0.0,0.0,0.0,0.0,0.0,0.0,0.0,0.0,0.0,0.0,0.0,0.0,0.0,0.0,0.0,1,0,0.0,4.50,0.00,0.00,,10.8,6,9,66.7,73,12,5,6,83.3,1,2,50.0,0,0,,1,1,0,0,1,9,0,0,0,0,0,0,0,0,1,4.50,1,4.50,1,0,0,0,0,0,0,0.00,0,0,0,0,0,0,0,0,0,0,0,0,0,,0,0,0,0,0,0,0,0,0.2,12,0,0,6,6,2,12,0,0,,0,,5,25,1,0,1,0,1,0,10,4,80000,4160000
Issa Diop,DF,West Ham,23,18,15,1381.0,15.3,2,0,2,2,0,0,3,0,0.5,0.5,0.0,0.5,0.13,0.00,0.13,0.13,0.03,0.00,0.03,0.03,0.0,0.0,0.0,0.0,0.0,0.0,0.0,0.0,0.0,0.0,0.0,0.0,0.0,0.0,0.0,0.0,0.0,0.0,0.0,0.0,0.0,0.0,0.0,0.0,3,2,66.7,0.20,0.13,0.67,1.00,9.6,480,585,82.1,8545,3192,191,225,84.9,249,272,91.5,32,64,50.0,1,22,0,0,30,572,12,11,0,0,0,1,0,1,4,0.26,4,0.26,4,0,0,0,0,0,1,0.07,1,0,0,0,0,0,20,14,12,8,0,7,18,38.9,11,32,22,10,22,42,59,0,15.3,735,106,364,362,11,8,735,5,3,60.0,2,40.0,365,1845,864,4,0,0,6,2,433,1,66923,3480000
Ivan Cavaleiro,FW,Fulham,26,36,27,2472.0,27.5,3,0,3,2,1,2,2,0,6.4,4.8,2.7,7.5,0.11,0.00,0.11,0.07,0.23,0.10,0.17,0.27,0.0,0.0,0.0,0.0,0.0,0.0,0.0,0.0,0.0,0.0,0.0,0.0,0.0,0.0,0.0,0.0,0.0,0.0,0.0,0.0,0.0,0.0,0.0,0.0,45,15,33.3,1.64,0.55,0.04,0.13,18.1,589,857,68.7,8802,2103,317,395,80.3,179,257,69.6,46,100,46.0,43,26,32,12,63,770,85,26,0,4,122,9,42,2,85,3.10,85,3.10,57,17,3,3,5,0,2,0.07,1,0,0,0,1,0,23,14,9,11,3,12,34,35.3,22,25,1,24,19,42,14,0,27.5,1201,25,145,473,597,73,1199,98,53,54.1,45,45.9,710,4699,1861,68,40,23,100,50,834,230,37500,1950000
Jack Butland,GK,Crystal Palace,27,1,1,90.0,1.0,0,0,0,0,0,0,0,0,0.0,0.0,0.0,0.0,0.00,0.00,0.00,0.00,0.00,0.00,0.00,0.00,2.00,5,3,60.0,0,0.0,1.0,0.20,3,18,16.7,13,2,76.9,48.9,8,100.0,68.1,18,1,5.6,2,2.00,23.3,0,0,,0.00,0.00,,,,6,22,27.3,215,178,1,1,100.0,2,2,100.0,3,18,16.7,0,1,0,0,0,11,10,2,0,0,0,0,0,1,0,0.00,0,0.00,0,0,0,0,0,0,0,0.00,0,0,0,0,0,0,0,0,0,0,0,0,0,,0,0,0,0,0,0,0,0,1.0,24,17,24,0,0,0,24,0,0,,0,,11,72,58,0,0,0,0,0,4,0,45000,2340000
Jack Cork,MF,Burnley,31,16,15,1350.0,15.0,0,0,0,0,0,0,2,0,0.2,0.2,0.6,0.8,0.00,0.00,0.00,0.00,0.02,0.04,0.02,0.05,0.0,0.0,0.0,0.0,0.0,0.0,0.0,0.0,0.0,0.0,0.0,0.0,0.0,0.0,0.0,0.0,0.0,0.0,0.0,0.0,0.0,0.0,0.0,0.0,5,0,0.0,0.33,0.00,0.00,,22.3,424,511,83.0,5856,1296,229,258,88.8,133,155,85.8,23,36,63.9,8,43,4,1,37,505,4,0,0,3,5,4,0,2,22,1.47,22,1.47,19,0,0,1,1,1,0,0.00,0,0,0,0,0,0,26,10,5,17,4,11,31,35.5,20,15,4,11,16,42,20,0,15.0,639,26,106,397,143,13,639,7,5,71.4,2,28.6,322,1337,520,8,11,1,14,13,375,13,38077,1980000
Jack Grealish,"FW,MF",Aston Villa,24,26,24,2185.0,24.3,6,10,16,6,0,0,6,0,4.6,4.6,7.4,12.0,0.25,0.41,0.66,0.25,0.19,0.30,0.19,0.50,0.0,0.0,0.0,0.0,0.0,0.0,0.0,0.0,0.0,0.0,0.0,0.0,0.0,0.0,0.0,0.0,0.0,0.0,0.0,0.0,0.0,0.0,0.0,0.0,50,17,34.0,2.06,0.70,0.12,0.35,17.0,872,1105,78.9,12898,4406,500,572,87.4,267,321,83.2,58,110,52.7,81,91,69,3,189,977,124,38,2,4,76,29,43,4,169,6.96,169,6.96,121,14,14,5,15,0,20,0.82,17,0,0,0,3,0,31,14,8,16,7,15,24,62.5,9,20,3,17,12,43,5,3,24.3,1376,19,121,510,775,155,1376,101,65,64.4,36,35.6,926,7716,4643,172,98,79,55,39,1017,212,105000,5460000
Jack Harrison,"MF,FW",Leeds United,23,36,34,2847.0,31.6,8,8,16,8,0,0,2,0,5.8,5.8,6.5,12.4,0.25,0.25,0.51,0.25,0.18,0.21,0.18,0.39,0.0,0.0,0.0,0.0,0.0,0.0,0.0,0.0,0.0,0.0,0.0,0.0,0.0,0.0,0.0,0.0,0.0,0.0,0.0,0.0,0.0,0.0,0.0,0.0,45,19,42.2,1.42,0.60,0.18,0.42,15.6,778,1182,65.8,11941,3703,424,517,82.0,262,377,69.5,57,148,38.5,59,48,52,12,98,1109,63,9,2,7,167,16,38,10,117,3.70,117,3.70,96,8,5,7,1,0,15,0.47,12,1,2,0,0,0,63,38,20,30,13,26,59,44.1,33,30,2,28,15,78,21,0,31.6,1544,37,281,517,758,114,1544,78,42,53.8,36,46.2,933,5959,3194,108,54,30,95,63,1088,307,15000,780000
Jack O'Connell,DF,Sheffield Utd,26,2,2,180.0,2.0,0,0,0,0,0,0,0,0,0.0,0.0,0.0,0.0,0.00,0.00,0.00,0.00,0.00,0.00,0.00,0.00,0.0,0.0,0.0,0.0,0.0,0.0,0.0,0.0,0.0,0.0,0.0,0.0,0.0,0.0,0.0,0.0,0.0,0.0,0.0,0.0,0.0,0.0,0.0,0.0,0,0,,0.00,0.00,,,,56,79,70.9,1001,412,22,23,95.7,25,33,75.8,8,17,47.1,0,4,1,0,5,77,2,1,0,0,1,1,0,0,0,0.00,0,0.00,0,0,0,0,0,0,0,0.00,0,0,0,0,0,0,3,1,1,1,1,0,1,0.0,1,4,3,1,2,5,7,0,2.0,100,11,40,45,15,0,100,1,0,0.0,1,100.0,37,141,74,0,3,1,2,0,56,2,10000,520000
Jack Robinson,DF,Sheffield Utd,26,11,9,877.0,9.7,0,1,1,0,0,0,3,0,0.7,0.7,0.6,1.3,0.00,0.10,0.10,0.00,0.07,0.06,0.07,0.13,0.0,0.0,0.0,0.0,0.0,0.0,0.0,0.0,0.0,0.0,0.0,0.0,0.0,0.0,0.0,0.0,0.0,0.0,0.0,0.0,0.0,0.0,0.0,0.0,6,0,0.0,0.62,0.00,0.00,,12.9,364,470,77.4,6071,2267,165,185,89.2,161,196,82.1,24,61,39.3,1,20,1,0,22,422,47,7,0,0,6,40,0,1,9,0.92,9,0.92,6,0,1,1,1,0,4,0.41,2,0,1,0,1,0,14,6,8,5,1,6,11,54.5,5,10,4,6,9,23,42,0,9.7,568,51,217,273,82,6,568,4,3,75.0,1,25.0,246,1158,494,3,6,1,5,2,309,6,30000,1560000
Jack Stephens,DF,Southampton,26,18,17,1537.0,17.1,0,0,0,0,0,0,2,0,0.8,0.8,0.3,1.1,0.00,0.00,0.00,0.00,0.05,0.02,0.05,0.06,0.0,0.0,0.0,0.0,0.0,0.0,0.0,0.0,0.0,0.0,0.0,0.0,0.0,0.0,0.0,0.0,0.0,0.0,0.0,0.0,0.0,0.0,0.0,0.0,6,2,33.3,0.35,0.12,0.00,0.00,9.2,860,1067,80.6,15605,6205,351,403,87.1,415,477,87.0,78,149,52.3,6,67,9,0,65,1008,57,21,0,9,2,36,0,2,17,1.00,17,1.00,16,0,0,0,0,1,0,0.00,0,0,0,0,0,0,34,19,19,15,0,17,38,44.7,21,25,14,11,28,62,64,2,17.1,1244,114,538,645,69,11,1244,5,2,40.0,3,60.0,646,3572,2166,17,10,0,12,5,801,3,47885,2490000
Jacob Murphy,"DF,MF",Newcastle Utd,25,26,17,1626.0,18.1,2,3,5,2,0,0,3,0,1.7,1.7,3.8,5.4,0.11,0.17,0.28,0.11,0.09,0.21,0.09,0.30,0.0,0.0,0.0,0.0,0.0,0.0,0.0,0.0,0.0,0.0,0.0,0.0,0.0,0.0,0.0,0.0,0.0,0.0,0.0,0.0,0.0,0.0,0.0,0.0,30,8,26.7,1.66,0.44,0.07,0.25,23.4,420,624,67.3,6887,3063,215,255,84.3,143,210,68.1,46,104,44.2,19,25,27,13,47,503,118,13,0,5,59,104,1,3,46,2.55,46,2.55,29,5,6,3,2,1,7,0.39,5,0,0,1,0,1,39,24,25,12,2,24,49,49.0,25,27,3,24,14,53,29,0,18.1,853,46,278,342,257,25,853,63,39,61.9,24,38.1,417,3283,1838,48,36,12,33,25,458,46,25000,1300000
Jacob Ramsey,MF,Aston Villa,19,22,6,626.0,7.0,0,0,0,0,0,0,0,0,0.5,0.5,0.3,0.8,0.00,0.00,0.00,0.00,0.07,0.04,0.07,0.11,0.0,0.0,0.0,0.0,0.0,0.0,0.0,0.0,0.0,0.0,0.0,0.0,0.0,0.0,0.0,0.0,0.0,0.0,0.0,0.0,0.0,0.0,0.0,0.0,11,1,9.1,1.58,0.14,0.00,0.00,18.6,192,229,83.8,3083,765,102,114,89.5,70,78,89.7,14,19,73.7,6,15,1,1,23,227,2,1,0,0,8,0,0,0,16,2.29,16,2.29,13,0,0,1,2,0,2,0.29,1,0,0,0,1,0,10,5,3,4,3,2,12,16.7,10,13,6,7,4,14,5,0,7.0,315,18,63,143,112,18,315,12,7,58.3,5,41.7,180,1192,405,8,9,2,14,12,197,21,7500,390000
Jaden Philogene Bidace,FW,Aston Villa,18,1,0,1.0,0.0,0,0,0,0,0,0,0,0,0.0,0.0,0.0,0.0,0.00,0.00,0.00,0.00,0.00,0.00,0.00,0.00,0.0,0.0,0.0,0.0,0.0,0.0,0.0,0.0,0.0,0.0,0.0,0.0,0.0,0.0,0.0,0.0,0.0,0.0,0.0,0.0,0.0,0.0,0.0,0.0,0,0,,0.00,0.00,,,,2,4,50.0,41,0,1,3,33.3,1,1,100.0,0,0,,0,0,0,0,0,4,0,0,0,0,0,0,0,0,0,0.00,0,0.00,0,0,0,0,0,0,0,0.00,0,0,0,0,0,0,0,0,0,0,0,0,0,,0,0,0,0,0,0,0,0,0.0,4,0,0,1,3,0,4,0,0,,0,,3,17,11,0,0,0,0,0,3,0,0.0,0.0
Jake Livermore,MF,West Brom,30,18,15,1242.0,13.8,0,0,0,0,0,0,2,1,0.3,0.3,0.2,0.5,0.00,0.00,0.00,0.00,0.02,0.01,0.02,0.04,0.0,0.0,0.0,0.0,0.0,0.0,0.0,0.0,0.0,0.0,0.0,0.0,0.0,0.0,0.0,0.0,0.0,0.0,0.0,0.0,0.0,0.0,0.0,0.0,5,0,0.0,0.36,0.00,0.00,,19.8,273,388,70.4,4417,1144,135,170,79.4,107,141,75.9,21,48,43.8,5,23,2,1,26,386,2,2,1,3,5,0,0,0,9,0.65,9,0.65,8,0,0,1,0,0,1,0.07,1,0,0,0,0,0,33,18,14,16,3,14,31,45.2,17,21,6,15,16,49,26,0,13.8,522,45,155,298,76,9,522,5,2,40.0,3,60.0,195,824,302,0,6,0,15,7,242,6,46000,2392000
Jake Vokins,DF,Southampton,20,1,1,66.0,0.7,0,0,0,0,0,0,0,0,0.0,0.0,0.1,0.1,0.00,0.00,0.00,0.00,0.00,0.08,0.00,0.08,0.0,0.0,0.0,0.0,0.0,0.0,0.0,0.0,0.0,0.0,0.0,0.0,0.0,0.0,0.0,0.0,0.0,0.0,0.0,0.0,0.0,0.0,0.0,0.0,0,0,,0.00,0.00,,,,19,23,82.6,370,119,5,7,71.4,13,13,100.0,1,2,50.0,1,0,1,1,3,16,7,0,0,0,3,7,0,0,1,1.38,1,1.38,1,0,0,0,0,0,0,0.00,0,0,0,0,0,0,0,0,0,0,0,0,1,0.0,1,0,0,0,0,0,0,0,0.7,23,0,3,12,8,0,23,0,0,,0,,11,53,39,1,1,0,0,0,13,2,4500,234000
Jakub Moder,"DF,MF",Brighton,21,12,7,647.0,7.2,0,0,0,0,0,0,0,0,0.8,0.8,0.2,0.9,0.00,0.00,0.00,0.00,0.11,0.02,0.11,0.13,0.0,0.0,0.0,0.0,0.0,0.0,0.0,0.0,0.0,0.0,0.0,0.0,0.0,0.0,0.0,0.0,0.0,0.0,0.0,0.0,0.0,0.0,0.0,0.0,13,3,23.1,1.81,0.42,0.00,0.00,17.9,203,284,71.5,2691,845,127,147,86.4,65,85,76.5,5,24,20.8,3,16,6,0,30,273,11,1,0,1,11,10,0,0,12,1.67,12,1.67,9,1,0,1,0,1,1,0.14,1,0,0,0,0,0,15,7,5,7,3,7,20,35.0,13,12,1,11,3,18,9,0,7.2,375,15,67,149,166,22,375,17,9,52.9,8,47.1,203,1183,580,21,9,6,14,10,251,50,10000,520000
Jamaal Lascelles,DF,Newcastle Utd,26,19,19,1625.0,18.1,2,0,2,2,0,0,4,0,1.3,1.3,0.1,1.4,0.11,0.00,0.11,0.11,0.07,0.01,0.07,0.08,0.0,0.0,0.0,0.0,0.0,0.0,0.0,0.0,0.0,0.0,0.0,0.0,0.0,0.0,0.0,0.0,0.0,0.0,0.0,0.0,0.0,0.0,0.0,0.0,15,3,20.0,0.83,0.17,0.13,0.67,10.6,498,626,79.6,9640,3636,161,190,84.7,271,301,90.0,54,106,50.9,3,22,4,0,22,616,8,8,0,1,3,0,0,2,9,0.50,9,0.50,9,0,0,0,0,0,0,0.00,0,0,0,0,0,0,14,7,5,9,0,3,6,50.0,3,27,17,10,12,26,86,0,18.1,806,158,500,272,39,18,806,4,4,100.0,0,0.0,396,1700,799,4,0,0,6,1,451,2,40000,2080000
Jamal Lewis,DF,Newcastle Utd,22,24,20,1837.0,20.4,0,1,1,0,0,0,4,0,0.1,0.1,1.0,1.1,0.00,0.05,0.05,0.00,0.01,0.05,0.01,0.06,0.0,0.0,0.0,0.0,0.0,0.0,0.0,0.0,0.0,0.0,0.0,0.0,0.0,0.0,0.0,0.0,0.0,0.0,0.0,0.0,0.0,0.0,0.0,0.0,3,1,33.3,0.15,0.05,0.00,0.00,18.6,637,852,74.8,9885,3861,340,390,87.2,228,288,79.2,44,108,40.7,14,31,14,10,41,686,163,8,0,0,44,155,0,3,29,1.42,29,1.42,25,3,0,0,1,0,2,0.10,2,0,0,0,0,0,37,20,23,13,1,16,38,42.1,22,21,7,14,11,48,44,1,20.4,1028,61,389,436,214,8,1028,24,12,50.0,12,50.0,535,2731,1351,27,20,2,17,13,553,56,31500,1638000
James Justin,DF,Leicester City,22,23,23,2070.0,23.0,2,1,3,2,0,0,4,0,2.2,2.2,2.0,4.1,0.09,0.04,0.13,0.09,0.09,0.09,0.09,0.18,0.0,0.0,0.0,0.0,0.0,0.0,0.0,0.0,0.0,0.0,0.0,0.0,0.0,0.0,0.0,0.0,0.0,0.0,0.0,0.0,0.0,0.0,0.0,0.0,10,3,30.0,0.43,0.13,0.20,0.67,14.8,1004,1287,78.0,14803,4875,564,641,88.0,361,438,82.4,47,107,43.9,19,54,31,5,94,1106,175,7,0,3,59,168,0,6,61,2.65,61,2.65,46,2,4,0,9,0,8,0.35,5,1,1,0,1,0,61,37,38,18,5,20,41,48.8,21,36,10,26,30,91,58,1,23.0,1551,60,461,669,431,32,1551,32,18,56.3,14,43.8,739,4027,2195,64,51,4,29,14,944,135,30000,1560000
James Maddison,MF,Leicester City,23,31,24,2099.0,23.3,8,5,13,8,0,0,4,0,3.8,3.8,5.1,8.9,0.34,0.21,0.56,0.34,0.16,0.22,0.16,0.38,0.0,0.0,0.0,0.0,0.0,0.0,0.0,0.0,0.0,0.0,0.0,0.0,0.0,0.0,0.0,0.0,0.0,0.0,0.0,0.0,0.0,0.0,0.0,0.0,75,23,30.7,3.22,0.99,0.11,0.35,24.7,874,1132,77.2,13447,3772,454,510,89.0,285,354,80.5,72,149,48.3,51,103,33,3,134,970,156,58,6,7,106,0,78,6,113,4.85,113,4.85,63,22,7,7,12,2,10,0.43,8,0,0,0,2,0,32,16,5,16,11,14,41,34.1,27,14,1,13,9,41,5,0,23.3,1380,7,91,677,630,59,1380,51,29,56.9,22,43.1,772,4024,1791,43,40,13,57,33,1010,116,110000,5720000
James McArthur,MF,Crystal Palace,32,18,17,1466.0,16.3,0,2,2,0,0,0,3,0,0.3,0.3,1.2,1.5,0.00,0.12,0.12,0.00,0.02,0.07,0.02,0.09,0.0,0.0,0.0,0.0,0.0,0.0,0.0,0.0,0.0,0.0,0.0,0.0,0.0,0.0,0.0,0.0,0.0,0.0,0.0,0.0,0.0,0.0,0.0,0.0,6,0,0.0,0.37,0.00,0.00,,21.3,643,795,80.9,10765,3322,310,359,86.4,270,307,87.9,47,79,59.5,15,59,6,0,80,738,54,17,0,3,10,10,0,3,23,1.41,23,1.41,21,0,0,0,1,1,3,0.18,3,0,0,0,0,0,57,32,25,27,5,15,39,38.5,24,28,3,25,23,80,31,0,16.3,985,47,271,585,143,18,985,19,14,73.7,5,26.3,488,2620,1178,15,21,1,17,10,532,29,55000,2860000
James McCarthy,MF,Crystal Palace,29,16,10,821.0,9.1,0,0,0,0,0,0,1,0,0.0,0.0,0.3,0.3,0.00,0.00,0.00,0.00,0.00,0.03,0.00,0.04,0.0,0.0,0.0,0.0,0.0,0.0,0.0,0.0,0.0,0.0,0.0,0.0,0.0,0.0,0.0,0.0,0.0,0.0,0.0,0.0,0.0,0.0,0.0,0.0,1,0,0.0,0.11,0.00,0.00,,32.5,258,342,75.4,4741,1391,107,130,82.3,104,131,79.4,37,61,60.7,5,30,5,2,28,329,13,7,0,3,11,0,6,0,11,1.21,11,1.21,9,0,0,0,1,1,1,0.11,0,0,0,0,0,1,16,12,9,7,0,8,21,38.1,13,15,7,8,8,24,12,0,9.1,419,31,124,252,45,1,419,3,2,66.7,1,33.3,181,685,290,1,4,0,10,1,210,4,50000,2600000
James Milner,"MF,DF",Liverpool,34,26,11,1070.0,11.9,0,1,1,0,0,0,3,0,0.4,0.4,0.8,1.2,0.00,0.08,0.08,0.00,0.03,0.07,0.03,0.10,0.0,0.0,0.0,0.0,0.0,0.0,0.0,0.0,0.0,0.0,0.0,0.0,0.0,0.0,0.0,0.0,0.0,0.0,0.0,0.0,0.0,0.0,0.0,0.0,12,3,25.0,1.01,0.25,0.00,0.00,24.8,779,934,83.4,12265,3618,435,466,93.3,270,315,85.7,56,92,60.9,13,66,21,3,100,863,67,13,1,3,34,39,13,4,27,2.27,27,2.27,22,3,1,1,0,0,1,0.08,0,1,0,0,0,0,26,19,9,14,3,11,33,33.3,22,30,3,27,14,40,16,1,11.9,1072,30,183,623,272,18,1072,12,6,50.0,6,50.0,618,2665,1419,21,25,3,12,12,743,51,140000,7280000
James Rodríguez,"FW,MF",Everton,29,23,21,1764.0,19.6,6,4,10,6,0,0,4,0,2.8,2.8,4.8,7.6,0.31,0.20,0.51,0.31,0.14,0.25,0.14,0.39,0.0,0.0,0.0,0.0,0.0,0.0,0.0,0.0,0.0,0.0,0.0,0.0,0.0,0.0,0.0,0.0,0.0,0.0,0.0,0.0,0.0,0.0,0.0,0.0,37,18,48.6,1.89,0.92,0.16,0.33,20.7,901,1149,78.4,16113,4879,422,485,87.0,292,342,85.4,141,233,60.5,40,103,38,2,133,993,153,45,8,25,88,27,58,3,72,3.67,72,3.67,46,15,4,1,6,0,13,0.66,8,4,0,0,1,0,28,17,8,15,5,11,46,23.9,35,17,0,17,15,43,3,0,19.6,1313,7,172,757,396,32,1313,48,34,70.8,14,29.2,827,4149,1573,36,28,7,33,38,959,89,90000,4680000
James Tarkowski,DF,Burnley,27,36,36,3240.0,36.0,1,0,1,1,0,0,6,0,3.4,3.4,1.2,4.5,0.03,0.00,0.03,0.03,0.09,0.03,0.09,0.13,0.0,0.0,0.0,0.0,0.0,0.0,0.0,0.0,0.0,0.0,0.0,0.0,0.0,0.0,0.0,0.0,0.0,0.0,0.0,0.0,0.0,0.0,0.0,0.0,22,5,22.7,0.61,0.14,0.05,0.20,9.2,889,1279,69.5,19153,8450,285,379,75.2,408,520,78.5,172,319,53.9,12,69,17,2,83,1229,41,36,0,25,6,5,0,9,29,0.81,29,0.81,20,4,0,2,2,1,0,0.00,0,0,0,0,0,0,66,39,52,11,3,25,49,51.0,24,54,42,12,44,110,163,1,36.0,1676,245,814,737,131,65,1676,14,12,85.7,2,14.3,692,3133,1498,4,7,0,17,4,793,13,50000,2600000
James Tomkins,DF,Crystal Palace,31,8,6,553.0,6.1,0,0,0,0,0,0,1,0,0.2,0.2,0.3,0.5,0.00,0.00,0.00,0.00,0.03,0.05,0.03,0.08,0.0,0.0,0.0,0.0,0.0,0.0,0.0,0.0,0.0,0.0,0.0,0.0,0.0,0.0,0.0,0.0,0.0,0.0,0.0,0.0,0.0,0.0,0.0,0.0,2,1,50.0,0.33,0.16,0.00,0.00,9.9,140,182,76.9,2724,1051,56,62,90.3,68,76,89.5,16,42,38.1,1,10,0,0,5,174,8,8,0,1,0,0,0,0,3,0.49,3,0.49,2,0,0,1,0,0,0,0.00,0,0,0,0,0,0,4,2,4,0,0,3,4,75.0,1,4,3,1,4,8,45,0,6.1,244,55,172,66,6,6,244,0,0,,0,,110,410,180,0,1,0,3,0,122,1,50000,2600000
James Ward-Prowse,MF,Southampton,25,38,38,3420.0,38.0,8,7,15,5,3,4,5,0,5.7,2.5,3.9,6.4,0.21,0.18,0.39,0.13,0.15,0.10,0.07,0.17,0.0,0.0,0.0,0.0,0.0,0.0,0.0,0.0,0.0,0.0,0.0,0.0,0.0,0.0,0.0,0.0,0.0,0.0,0.0,0.0,0.0,0.0,0.0,0.0,39,20,51.3,1.03,0.53,0.13,0.25,26.8,2173,2712,80.1,34117,9745,1152,1259,91.5,772,891,86.6,166,409,40.6,60,155,22,3,189,2361,342,130,1,17,251,18,166,9,105,2.76,105,2.76,53,46,0,3,3,0,12,0.32,5,7,0,0,0,0,75,49,30,41,4,29,70,41.4,41,36,4,32,42,117,60,0,38.0,3045,107,612,1837,623,22,3041,22,17,77.3,5,22.7,1401,6124,2934,34,46,0,33,14,1824,51,45000,2340000
Jamie Shackleton,"MF,DF",Leeds United,20,13,3,461.0,5.1,0,0,0,0,0,0,0,0,0.0,0.0,0.1,0.1,0.00,0.00,0.00,0.00,0.00,0.03,0.00,0.03,0.0,0.0,0.0,0.0,0.0,0.0,0.0,0.0,0.0,0.0,0.0,0.0,0.0,0.0,0.0,0.0,0.0,0.0,0.0,0.0,0.0,0.0,0.0,0.0,0,0,,0.00,0.00,,,,191,214,89.3,2655,586,115,124,92.7,66,69,95.7,5,8,62.5,2,10,0,0,11,193,20,1,0,0,2,19,0,1,8,1.56,8,1.56,8,0,0,0,0,0,1,0.20,1,0,0,0,0,0,10,6,6,4,0,4,11,36.4,7,3,1,2,9,19,3,0,5.1,254,11,65,122,69,9,254,3,3,100.0,0,0.0,121,614,265,7,3,2,7,1,160,21,1500,78000
Jamie Vardy,FW,Leicester City,33,34,31,2840.0,31.6,15,9,24,7,8,9,1,0,19.9,12.8,4.7,17.5,0.48,0.29,0.76,0.22,0.63,0.15,0.41,0.55,0.0,0.0,0.0,0.0,0.0,0.0,0.0,0.0,0.0,0.0,0.0,0.0,0.0,0.0,0.0,0.0,0.0,0.0,0.0,0.0,0.0,0.0,0.0,0.0,73,28,38.4,2.31,0.89,0.10,0.25,14.4,295,458,64.4,3826,673,180,255,70.6,84,123,68.3,9,18,50.0,28,12,10,0,31,427,27,0,0,1,20,0,0,4,64,2.03,64,2.03,39,0,12,7,6,0,20,0.63,9,0,3,3,5,0,18,12,1,8,9,2,15,13.3,13,14,5,9,4,22,32,0,31.6,708,34,57,243,415,163,699,41,26,63.4,15,36.6,336,2247,1015,57,17,35,58,12,505,202,140000,7280000
Jan Bednarek,DF,Southampton,24,36,36,3100.0,34.4,1,1,2,1,0,0,5,1,0.7,0.7,0.6,1.3,0.03,0.03,0.06,0.03,0.02,0.02,0.02,0.04,0.0,0.0,0.0,0.0,0.0,0.0,0.0,0.0,0.0,0.0,0.0,0.0,0.0,0.0,0.0,0.0,0.0,0.0,0.0,0.0,0.0,0.0,0.0,0.0,10,5,50.0,0.29,0.15,0.10,0.20,10.6,1734,2115,82.0,29051,11094,792,885,89.5,795,893,89.0,108,269,40.1,5,77,3,0,76,2016,96,52,0,10,0,44,0,3,21,0.61,21,0.61,16,1,0,4,0,0,2,0.06,2,0,0,0,0,0,37,19,25,11,1,25,49,51.0,24,44,27,17,84,121,132,0,34.4,2480,276,1277,1156,57,16,2480,6,5,83.3,1,16.7,1357,6240,3249,13,8,0,11,5,1516,3,20000,1040000
Jannik Vestergaard,DF,Southampton,27,30,29,2574.0,28.6,3,0,3,3,0,0,3,1,1.5,1.5,0.5,2.1,0.10,0.00,0.10,0.10,0.05,0.02,0.05,0.07,0.0,0.0,0.0,0.0,0.0,0.0,0.0,0.0,0.0,0.0,0.0,0.0,0.0,0.0,0.0,0.0,0.0,0.0,0.0,0.0,0.0,0.0,0.0,0.0,23,8,34.8,0.80,0.28,0.13,0.38,11.9,1476,1775,83.2,26623,11504,639,706,90.5,679,767,88.5,143,257,55.6,7,90,12,1,82,1734,36,33,0,16,5,2,0,5,28,0.98,28,0.98,24,0,0,3,1,0,4,0.14,2,0,0,1,1,0,50,31,31,15,4,35,52,67.3,17,29,16,13,42,92,122,0,28.6,2077,265,1002,992,100,46,2077,10,7,70.0,3,30.0,1210,6386,3505,14,16,0,13,6,1395,2,60000,3120000
Japhet Tanganga,DF,Tottenham,21,6,6,487.0,5.4,0,0,0,0,0,0,2,0,0.4,0.4,0.6,1.1,0.00,0.00,0.00,0.00,0.08,0.12,0.08,0.20,0.0,0.0,0.0,0.0,0.0,0.0,0.0,0.0,0.0,0.0,0.0,0.0,0.0,0.0,0.0,0.0,0.0,0.0,0.0,0.0,0.0,0.0,0.0,0.0,2,0,0.0,0.37,0.00,0.00,,6.3,195,239,81.6,2640,997,121,136,89.0,59,67,88.1,6,18,33.3,1,5,3,1,14,201,38,2,1,2,4,36,0,0,3,0.55,3,0.55,2,0,0,0,0,1,0,0.00,0,0,0,0,0,0,5,4,3,2,0,1,3,33.3,2,6,5,1,3,8,15,0,5.4,282,25,104,128,55,4,282,13,9,69.2,4,30.8,120,603,313,8,4,0,2,5,154,11,41538,2160000
Jarrod Bowen,"FW,MF",West Ham,23,38,30,2562.0,28.5,8,5,13,8,0,0,0,0,7.1,7.1,5.0,12.0,0.28,0.18,0.46,0.28,0.25,0.17,0.25,0.42,0.0,0.0,0.0,0.0,0.0,0.0,0.0,0.0,0.0,0.0,0.0,0.0,0.0,0.0,0.0,0.0,0.0,0.0,0.0,0.0,0.0,0.0,0.0,0.0,55,16,29.1,1.93,0.56,0.15,0.50,16.4,493,752,65.6,8489,1874,237,301,78.7,162,226,71.7,63,128,49.2,29,22,21,6,44,666,80,5,5,9,122,4,59,6,79,2.78,79,2.78,42,12,6,10,8,1,12,0.42,7,3,0,2,0,0,26,15,12,7,7,10,29,34.5,19,19,1,18,22,48,10,0,28.5,1038,12,142,391,528,103,1038,67,36,53.7,31,46.3,611,5080,1881,83,44,40,63,50,692,165,96154,5000000
Javier Manquillo,DF,Newcastle Utd,26,13,10,825.0,9.2,0,0,0,0,0,0,1,0,0.0,0.0,0.3,0.3,0.00,0.00,0.00,0.00,0.00,0.03,0.00,0.03,0.0,0.0,0.0,0.0,0.0,0.0,0.0,0.0,0.0,0.0,0.0,0.0,0.0,0.0,0.0,0.0,0.0,0.0,0.0,0.0,0.0,0.0,0.0,0.0,1,0,0.0,0.11,0.00,0.00,,24.8,284,398,71.4,4076,1741,172,189,91.0,81,124,65.3,16,43,37.2,5,12,4,3,20,316,81,2,0,1,28,79,0,1,11,1.20,11,1.20,10,1,0,0,0,0,0,0.00,0,0,0,0,0,0,24,14,8,14,2,11,17,64.7,6,8,1,7,9,33,15,1,9.2,489,23,132,217,147,5,489,8,1,12.5,7,87.5,219,1104,554,13,12,0,15,7,256,29,35000,1820000
Jay Rodriguez,FW,Burnley,31,31,12,1265.0,14.1,1,2,3,1,0,0,3,0,3.0,3.0,1.1,4.1,0.07,0.14,0.21,0.07,0.22,0.08,0.22,0.29,0.0,0.0,0.0,0.0,0.0,0.0,0.0,0.0,0.0,0.0,0.0,0.0,0.0,0.0,0.0,0.0,0.0,0.0,0.0,0.0,0.0,0.0,0.0,0.0,31,9,29.0,2.21,0.64,0.03,0.11,17.1,202,280,72.1,2276,524,141,171,82.5,35,57,61.4,6,10,60.0,6,17,8,0,23,278,1,0,1,0,4,1,0,1,25,1.78,25,1.78,18,0,2,2,3,0,3,0.21,3,0,0,0,0,0,25,16,5,15,5,13,28,46.4,15,25,4,21,2,27,7,0,14.1,459,10,39,195,230,55,459,28,12,42.9,16,57.1,249,1186,449,16,15,6,49,22,314,79,35000,1820000
Jayden Bogle,"DF,MF",Sheffield Utd,20,16,12,1110.0,12.3,2,0,2,2,0,0,2,0,1.9,1.9,0.2,2.2,0.16,0.00,0.16,0.16,0.16,0.02,0.16,0.17,0.0,0.0,0.0,0.0,0.0,0.0,0.0,0.0,0.0,0.0,0.0,0.0,0.0,0.0,0.0,0.0,0.0,0.0,0.0,0.0,0.0,0.0,0.0,0.0,17,7,41.2,1.38,0.57,0.12,0.29,13.1,296,387,76.5,3834,1410,189,214,88.3,71,96,74.0,8,28,28.6,4,14,9,1,24,324,62,0,0,0,12,62,0,1,12,0.97,12,0.97,7,2,2,0,1,0,0,0.00,0,0,0,0,0,0,33,23,21,10,2,20,39,51.3,19,14,4,10,14,47,22,0,12.3,568,26,154,172,250,33,568,31,11,35.5,20,64.5,267,1182,482,11,7,5,20,17,291,61,26500,1378000
Jayson Molumby,MF,Brighton,20,1,0,1.0,0.0,0,0,0,0,0,0,0,0,0.0,0.0,0.0,0.0,0.00,0.00,0.00,0.00,0.00,0.00,0.00,0.00,0.0,0.0,0.0,0.0,0.0,0.0,0.0,0.0,0.0,0.0,0.0,0.0,0.0,0.0,0.0,0.0,0.0,0.0,0.0,0.0,0.0,0.0,0.0,0.0,0,0,,0.00,0.00,,,,0,1,0.0,0,0,0,0,,0,0,,0,1,0.0,0,0,0,0,0,1,0,0,0,0,0,0,0,0,0,0.00,0,0.00,0,0,0,0,0,0,0,0.00,0,0,0,0,0,0,0,0,0,0,0,0,0,,0,0,0,0,0,0,0,0,0.0,1,0,0,1,0,0,1,0,0,,0,,0,0,0,0,0,0,0,0,0,0,17308,900000
Jaïro Riedewald,MF,Crystal Palace,23,33,19,1820.0,20.2,2,0,2,2,0,0,4,0,0.6,0.6,0.8,1.3,0.10,0.00,0.10,0.10,0.03,0.04,0.03,0.07,0.0,0.0,0.0,0.0,0.0,0.0,0.0,0.0,0.0,0.0,0.0,0.0,0.0,0.0,0.0,0.0,0.0,0.0,0.0,0.0,0.0,0.0,0.0,0.0,8,2,25.0,0.40,0.10,0.25,1.00,21.0,541,636,85.1,8053,2448,283,319,88.7,197,219,90.0,34,47,72.3,11,59,8,0,73,627,7,3,0,0,2,2,0,2,19,0.94,19,0.94,18,0,0,1,0,0,0,0.00,0,0,0,0,0,0,34,15,13,17,4,16,36,44.4,20,39,7,32,29,63,25,0,20.2,818,39,211,471,148,15,818,19,13,68.4,6,31.6,438,2276,1074,15,13,2,28,9,482,23,55000,2860000
Jean-Philippe Gbamin,MF,Everton,24,1,0,12.0,0.1,0,0,0,0,0,0,0,0,0.0,0.0,0.0,0.0,0.00,0.00,0.00,0.00,0.00,0.00,0.00,0.00,0.0,0.0,0.0,0.0,0.0,0.0,0.0,0.0,0.0,0.0,0.0,0.0,0.0,0.0,0.0,0.0,0.0,0.0,0.0,0.0,0.0,0.0,0.0,0.0,0,0,,0.00,0.00,,,,6,9,66.7,115,41,1,2,50.0,5,6,83.3,0,0,,0,2,0,0,2,9,0,0,0,0,0,0,0,0,0,0.00,0,0.00,0,0,0,0,0,0,0,0.00,0,0,0,0,0,0,1,0,0,1,0,0,0,,0,1,0,1,0,1,1,0,0.1,14,1,1,7,6,0,14,1,0,0.0,1,100.0,9,39,15,0,1,0,0,1,8,0,75000,3900000
Jean-Philippe Mateta,FW,Crystal Palace,23,7,2,221.0,2.5,1,0,1,1,0,0,0,0,0.3,0.3,0.0,0.3,0.41,0.00,0.41,0.41,0.13,0.01,0.13,0.14,0.0,0.0,0.0,0.0,0.0,0.0,0.0,0.0,0.0,0.0,0.0,0.0,0.0,0.0,0.0,0.0,0.0,0.0,0.0,0.0,0.0,0.0,0.0,0.0,4,2,50.0,1.63,0.81,0.25,0.50,10.6,29,49,59.2,275,72,23,33,69.7,3,8,37.5,0,0,,1,2,0,0,3,47,1,0,0,0,1,0,0,1,3,1.23,3,1.23,2,0,1,0,0,0,0,0.00,0,0,0,0,0,0,1,1,0,1,0,1,3,33.3,2,1,0,1,0,1,2,0,2.5,77,3,14,43,21,7,77,6,3,50.0,3,50.0,31,123,49,2,0,1,10,5,61,11,53462,2780000
Jeff Hendrick,MF,Newcastle Utd,28,22,17,1422.0,15.8,2,1,3,2,0,0,3,1,1.1,1.1,1.1,2.2,0.13,0.06,0.19,0.13,0.07,0.07,0.07,0.14,0.0,0.0,0.0,0.0,0.0,0.0,0.0,0.0,0.0,0.0,0.0,0.0,0.0,0.0,0.0,0.0,0.0,0.0,0.0,0.0,0.0,0.0,0.0,0.0,10,2,20.0,0.63,0.13,0.20,1.00,18.7,433,544,79.6,6715,1658,233,272,85.7,137,163,84.0,35,53,66.0,6,32,5,2,37,532,12,8,0,0,6,0,0,0,20,1.27,20,1.27,18,0,0,1,1,0,4,0.25,4,0,0,0,0,0,8,3,5,3,0,1,13,7.7,12,14,9,5,19,27,18,0,15.8,652,35,163,378,115,11,652,15,9,60.0,6,40.0,351,1645,548,7,12,2,14,15,426,24,35000,1820000
Jeffrey Schlupp,MF,Crystal Palace,27,27,15,1428.0,15.9,2,3,5,2,0,0,3,0,1.9,1.9,2.0,4.0,0.13,0.19,0.32,0.13,0.12,0.13,0.12,0.25,0.0,0.0,0.0,0.0,0.0,0.0,0.0,0.0,0.0,0.0,0.0,0.0,0.0,0.0,0.0,0.0,0.0,0.0,0.0,0.0,0.0,0.0,0.0,0.0,18,10,55.6,1.13,0.63,0.11,0.20,14.3,304,436,69.7,4320,1251,180,228,78.9,89,128,69.5,15,28,53.6,18,29,11,4,44,420,13,4,0,2,30,5,0,3,35,2.21,35,2.21,29,0,1,2,3,0,5,0.32,4,0,0,1,0,0,29,16,14,12,3,6,23,26.1,17,24,8,16,22,51,16,0,15.9,664,24,132,316,224,46,664,64,31,48.4,33,51.6,356,2548,886,37,18,14,32,41,413,75,55962,2910000
Jesse Lingard,"MF,FW",West Ham,27,16,16,1421.0,15.8,9,4,13,8,1,2,3,0,4.5,2.8,2.1,5.0,0.57,0.25,0.82,0.51,0.29,0.13,0.18,0.31,0.0,0.0,0.0,0.0,0.0,0.0,0.0,0.0,0.0,0.0,0.0,0.0,0.0,0.0,0.0,0.0,0.0,0.0,0.0,0.0,0.0,0.0,0.0,0.0,40,20,50.0,2.53,1.27,0.20,0.40,21.4,546,686,79.6,7671,1895,304,343,88.6,170,209,81.3,33,60,55.0,18,55,23,5,75,616,66,15,1,2,38,11,10,4,63,3.99,63,3.99,46,5,2,5,5,0,12,0.76,6,2,1,2,1,0,12,6,4,8,0,5,14,35.7,9,7,1,6,4,16,0,0,15.8,834,4,61,408,380,44,832,43,18,41.9,25,58.1,527,3645,1966,59,48,20,28,22,652,84,75000,3900000
Jimmy Dunne,DF,Burnley,22,3,3,270.0,3.0,1,0,1,1,0,0,1,0,0.5,0.5,0.1,0.6,0.33,0.00,0.33,0.33,0.17,0.04,0.17,0.20,0.0,0.0,0.0,0.0,0.0,0.0,0.0,0.0,0.0,0.0,0.0,0.0,0.0,0.0,0.0,0.0,0.0,0.0,0.0,0.0,0.0,0.0,0.0,0.0,7,1,14.3,2.33,0.33,0.14,1.00,11.5,105,153,68.6,2096,647,36,46,78.3,54,72,75.0,14,25,56.0,2,2,1,0,4,153,0,0,0,0,0,0,0,0,3,1.00,3,1.00,3,0,0,0,0,0,0,0.00,0,0,0,0,0,0,3,3,2,1,0,1,2,50.0,1,3,2,1,6,9,16,1,3.0,194,27,103,72,20,14,194,2,1,50.0,1,50.0,85,344,43,0,0,0,1,1,96,1,3000,156000
Joachim Andersen,DF,Fulham,24,31,30,2730.0,30.3,1,1,2,1,0,0,7,1,1.2,1.2,0.4,1.7,0.03,0.03,0.07,0.03,0.04,0.01,0.04,0.05,0.0,0.0,0.0,0.0,0.0,0.0,0.0,0.0,0.0,0.0,0.0,0.0,0.0,0.0,0.0,0.0,0.0,0.0,0.0,0.0,0.0,0.0,0.0,0.0,13,3,23.1,0.43,0.10,0.08,0.33,16.4,1609,1993,80.7,34882,12812,427,491,87.0,912,1007,90.6,252,442,57.0,8,130,6,1,95,1902,83,68,0,35,12,15,0,8,30,0.99,30,0.99,28,0,0,1,1,0,3,0.10,3,0,0,0,0,0,33,19,18,11,4,15,28,53.6,13,24,13,11,44,77,151,1,30.3,2275,309,1259,944,90,25,2275,11,9,81.8,2,18.2,1304,7345,4043,20,13,1,10,3,1456,7,52000,2704000
Joe Bryan,"DF,MF",Fulham,26,16,7,669.0,7.4,1,0,1,1,0,0,2,0,0.6,0.6,0.3,0.9,0.13,0.00,0.13,0.13,0.07,0.04,0.07,0.12,0.0,0.0,0.0,0.0,0.0,0.0,0.0,0.0,0.0,0.0,0.0,0.0,0.0,0.0,0.0,0.0,0.0,0.0,0.0,0.0,0.0,0.0,0.0,0.0,8,2,25.0,1.08,0.27,0.13,0.50,21.9,298,430,69.3,4684,1996,160,188,85.1,112,147,76.2,18,62,29.0,5,27,5,3,31,341,87,14,1,1,48,66,7,2,21,2.83,21,2.83,13,2,2,3,1,0,1,0.13,0,0,0,0,1,0,15,8,7,5,3,7,12,58.3,5,8,2,6,14,29,16,0,7.4,500,20,150,195,159,7,500,14,14,100.0,0,0.0,258,1273,720,13,14,1,13,3,289,33,30000,1560000
Joe Gomez,DF,Liverpool,23,7,6,590.0,6.6,0,0,0,0,0,0,0,0,0.0,0.0,0.0,0.0,0.00,0.00,0.00,0.00,0.00,0.01,0.00,0.01,0.0,0.0,0.0,0.0,0.0,0.0,0.0,0.0,0.0,0.0,0.0,0.0,0.0,0.0,0.0,0.0,0.0,0.0,0.0,0.0,0.0,0.0,0.0,0.0,0,0,,0.00,0.00,,,,500,558,89.6,9898,3234,160,177,90.4,283,293,96.6,51,77,66.2,1,27,0,0,38,543,14,13,0,9,0,1,0,1,3,0.46,3,0.46,3,0,0,0,0,0,0,0.00,0,0,0,0,0,0,3,2,1,1,1,0,4,0.0,4,3,2,1,4,7,29,0,6.6,603,64,236,364,5,0,603,4,4,100.0,0,0.0,431,2011,1053,4,1,0,2,3,429,1,28077,1460000
Joe Rodon,DF,Tottenham,22,12,8,733.0,8.1,0,0,0,0,0,0,0,0,0.0,0.0,0.0,0.0,0.00,0.00,0.00,0.00,0.00,0.00,0.00,0.00,0.0,0.0,0.0,0.0,0.0,0.0,0.0,0.0,0.0,0.0,0.0,0.0,0.0,0.0,0.0,0.0,0.0,0.0,0.0,0.0,0.0,0.0,0.0,0.0,1,0,0.0,0.12,0.00,0.00,,9.6,378,429,88.1,6992,2048,131,144,91.0,214,226,94.7,27,48,56.3,0,9,0,0,12,427,2,2,0,0,0,0,0,0,0,0.00,0,0.00,0,0,0,0,0,0,0,0.00,0,0,0,0,0,0,14,9,11,2,1,3,4,75.0,1,10,8,2,21,35,36,2,8.1,517,85,294,219,5,2,517,0,0,,0,,269,1097,408,2,0,0,2,0,338,0,37500,1950000
Joe Willock,MF,Newcastle Utd,20,14,11,978.0,10.9,8,0,8,8,0,1,0,0,3.9,3.0,0.5,3.5,0.74,0.00,0.74,0.74,0.36,0.05,0.28,0.33,0.0,0.0,0.0,0.0,0.0,0.0,0.0,0.0,0.0,0.0,0.0,0.0,0.0,0.0,0.0,0.0,0.0,0.0,0.0,0.0,0.0,0.0,0.0,0.0,4,0,0.0,1.51,0.00,0.00,,11.6,68,93,73.1,1009,264,41,46,89.1,24,30,80.0,2,8,25.0,2,6,4,0,11,93,0,0,0,0,6,0,0,0,9,3.40,9,3.40,6,0,1,1,1,0,0,0.00,0,0,0,0,0,0,6,3,1,4,1,3,7,42.9,4,6,1,5,3,9,0,0,2.6,136,8,22,63,57,14,136,9,4,44.4,5,55.6,81,524,191,8,6,0,13,3,87,13,20000,1040000
Joe Willock,MF,Arsenal,20,7,2,238.0,2.6,0,0,0,0,0,0,1,0,0.3,0.3,0.1,0.3,0.00,0.00,0.00,0.00,0.10,0.02,0.10,0.12,0.0,0.0,0.0,0.0,0.0,0.0,0.0,0.0,0.0,0.0,0.0,0.0,0.0,0.0,0.0,0.0,0.0,0.0,0.0,0.0,0.0,0.0,0.0,0.0,4,0,0.0,1.51,0.00,0.00,,11.6,68,93,73.1,1009,264,41,46,89.1,24,30,80.0,2,8,25.0,2,6,4,0,11,93,0,0,0,0,6,0,0,0,9,3.40,9,3.40,6,0,1,1,1,0,0,0.00,0,0,0,0,0,0,6,3,1,4,1,3,7,42.9,4,6,1,5,3,9,0,0,2.6,136,8,22,63,57,14,136,9,4,44.4,5,55.6,81,524,191,8,6,0,13,3,87,13,20000,1040000
Joel Mumbongo,FW,Burnley,21,4,0,40.0,0.4,0,0,0,0,0,0,1,0,0.0,0.0,0.0,0.0,0.00,0.00,0.00,0.00,0.00,0.00,0.00,0.00,0.0,0.0,0.0,0.0,0.0,0.0,0.0,0.0,0.0,0.0,0.0,0.0,0.0,0.0,0.0,0.0,0.0,0.0,0.0,0.0,0.0,0.0,0.0,0.0,0,0,,0.00,0.00,,,,4,5,80.0,37,0,3,3,100.0,0,0,,0,0,,0,0,0,0,0,5,0,0,0,0,0,0,0,0,0,0.00,0,0.00,0,0,0,0,0,0,0,0.00,0,0,0,0,0,0,0,0,0,0,0,0,0,,0,1,0,1,0,0,0,0,0.4,10,0,0,5,5,0,10,1,0,0.0,1,100.0,9,28,3,0,0,0,1,1,9,1,0.0,0.0
Joel Ward,DF,Crystal Palace,30,26,25,2256.0,25.1,0,1,1,0,0,0,5,0,0.1,0.1,0.6,0.6,0.00,0.04,0.04,0.00,0.00,0.02,0.00,0.02,0.0,0.0,0.0,0.0,0.0,0.0,0.0,0.0,0.0,0.0,0.0,0.0,0.0,0.0,0.0,0.0,0.0,0.0,0.0,0.0,0.0,0.0,0.0,0.0,2,1,50.0,0.08,0.04,0.00,0.00,26.2,793,1104,71.8,11724,5878,463,541,85.6,249,348,71.6,54,140,38.6,7,66,9,2,83,837,264,9,0,3,27,255,0,3,19,0.76,19,0.76,18,1,0,0,0,0,1,0.04,1,0,0,0,0,0,43,25,29,14,0,24,42,57.1,18,27,8,19,41,84,87,2,25.1,1379,114,542,589,256,10,1379,16,12,75.0,4,25.0,484,2236,1154,20,23,3,24,8,560,35,35000,1820000
Joelinton,"FW,MF",Newcastle Utd,23,31,23,1983.0,22.0,4,2,6,3,1,1,3,0,5.4,4.6,2.4,7.1,0.18,0.09,0.27,0.14,0.25,0.11,0.21,0.32,0.0,0.0,0.0,0.0,0.0,0.0,0.0,0.0,0.0,0.0,0.0,0.0,0.0,0.0,0.0,0.0,0.0,0.0,0.0,0.0,0.0,0.0,0.0,0.0,43,19,44.2,1.95,0.86,0.07,0.16,15.4,427,598,71.4,5385,1019,257,331,77.6,115,152,75.7,14,23,60.9,17,24,9,1,39,587,8,3,0,0,12,1,0,3,54,2.45,54,2.45,33,0,6,4,9,2,7,0.32,3,0,2,1,1,0,33,21,7,21,5,14,37,37.8,23,30,2,28,9,42,24,0,22.0,934,33,124,502,324,74,933,67,37,55.2,30,44.8,513,2672,1033,34,21,13,80,42,650,104,80000,4160000
John Egan,DF,Sheffield Utd,27,31,30,2629.0,29.2,0,1,1,0,0,0,7,1,0.8,0.8,0.6,1.4,0.00,0.03,0.03,0.00,0.03,0.02,0.03,0.05,0.0,0.0,0.0,0.0,0.0,0.0,0.0,0.0,0.0,0.0,0.0,0.0,0.0,0.0,0.0,0.0,0.0,0.0,0.0,0.0,0.0,0.0,0.0,0.0,14,3,21.4,0.48,0.10,0.00,0.00,11.9,923,1135,81.3,18683,6732,300,345,87.0,499,557,89.6,116,208,55.8,3,67,3,1,60,1109,22,18,0,6,4,4,0,4,16,0.55,16,0.55,15,0,0,0,0,1,1,0.03,1,0,0,0,0,0,41,21,29,12,0,22,39,56.4,17,43,31,12,41,82,131,0,29.2,1435,207,741,656,50,25,1435,0,0,,0,,732,4302,2399,11,9,1,5,1,789,2,7500,390000
John Fleck,MF,Sheffield Utd,28,31,29,2575.0,28.6,0,2,2,0,0,0,4,0,0.6,0.6,2.9,3.5,0.00,0.07,0.07,0.00,0.02,0.10,0.02,0.12,0.0,0.0,0.0,0.0,0.0,0.0,0.0,0.0,0.0,0.0,0.0,0.0,0.0,0.0,0.0,0.0,0.0,0.0,0.0,0.0,0.0,0.0,0.0,0.0,17,5,29.4,0.59,0.17,0.00,0.00,24.6,971,1245,78.0,14229,4533,540,593,91.1,296,364,81.3,70,172,40.7,33,110,22,5,151,1122,119,31,2,5,96,6,61,4,72,2.52,72,2.52,51,15,2,2,2,0,3,0.10,2,1,0,0,0,0,51,33,28,18,5,26,83,31.3,57,26,4,22,28,79,12,1,28.6,1476,36,248,744,502,25,1476,54,30,55.6,24,44.4,768,4026,2160,54,48,5,30,24,933,62,8077,420000
John Lundstram,MF,Sheffield Utd,26,28,23,2032.0,22.6,0,2,2,0,0,1,8,1,1.9,1.1,1.3,2.4,0.00,0.09,0.09,0.00,0.08,0.06,0.05,0.11,0.0,0.0,0.0,0.0,0.0,0.0,0.0,0.0,0.0,0.0,0.0,0.0,0.0,0.0,0.0,0.0,0.0,0.0,0.0,0.0,0.0,0.0,0.0,0.0,19,4,21.1,0.84,0.18,0.00,0.00,23.8,859,1082,79.4,13623,3077,417,454,91.9,295,352,83.8,79,168,47.0,20,64,14,2,78,1002,76,15,1,15,71,8,25,4,50,2.21,50,2.21,41,5,1,1,2,0,5,0.22,4,1,0,0,0,0,25,16,12,11,2,13,47,27.7,34,26,8,18,14,39,29,1,22.6,1270,41,246,612,426,23,1269,24,15,62.5,9,37.5,699,3785,1536,35,31,2,29,19,874,73,4038,210000
John McGinn,MF,Aston Villa,25,37,37,3330.0,37.0,3,5,8,3,0,0,12,0,2.5,2.5,3.6,6.1,0.08,0.14,0.22,0.08,0.07,0.10,0.07,0.17,0.0,0.0,0.0,0.0,0.0,0.0,0.0,0.0,0.0,0.0,0.0,0.0,0.0,0.0,0.0,0.0,0.0,0.0,0.0,0.0,0.0,0.0,0.0,0.0,45,11,24.4,1.22,0.30,0.07,0.27,23.7,1102,1439,76.6,21328,7785,445,520,85.6,441,532,82.9,173,278,62.2,42,199,36,6,221,1351,73,34,6,26,52,5,13,15,120,3.24,120,3.24,98,4,8,2,7,1,15,0.41,10,1,2,1,1,0,61,37,23,31,7,27,84,32.1,57,38,6,32,43,104,23,2,37.0,1785,65,313,1036,468,49,1785,77,52,67.5,25,32.5,996,4751,2324,33,36,7,67,35,1187,79,25000,1300000
John Ruddy,GK,Wolves,33,2,1,91.0,1.0,0,0,0,0,0,0,0,0,0.0,0.0,0.0,0.0,0.00,0.00,0.00,0.00,0.00,0.00,0.00,0.00,0.99,4,3,75.0,0,0.0,0.9,0.22,1,6,16.7,19,10,26.3,33.2,5,20.0,31.0,19,3,15.8,0,0.00,8.7,0,0,,0.00,0.00,,,,19,24,79.2,498,342,2,2,100.0,10,10,100.0,7,12,58.3,0,0,0,0,0,16,8,3,0,0,0,0,0,0,0,0.00,0,0.00,0,0,0,0,0,0,0,0.00,0,0,0,0,0,0,0,0,0,0,0,0,0,,0,0,0,0,0,0,0,0,1.0,24,20,24,0,0,0,24,0,0,,0,,13,98,65,0,0,0,0,0,4,0,32500,1690000
John Stones,DF,Manchester City,26,22,22,1933.0,21.5,4,0,4,4,0,0,0,1,1.8,1.8,0.1,1.8,0.19,0.00,0.19,0.19,0.08,0.00,0.08,0.09,0.0,0.0,0.0,0.0,0.0,0.0,0.0,0.0,0.0,0.0,0.0,0.0,0.0,0.0,0.0,0.0,0.0,0.0,0.0,0.0,0.0,0.0,0.0,0.0,15,5,33.3,0.70,0.23,0.27,0.80,13.9,1620,1737,93.3,27840,8403,682,711,95.9,807,843,95.7,96,133,72.2,2,115,4,0,101,1717,20,11,0,10,1,9,0,0,18,0.84,18,0.84,15,0,1,1,1,0,2,0.09,2,0,0,0,0,0,21,10,13,5,3,9,14,64.3,5,23,15,8,18,39,56,1,21.5,1886,137,677,1099,119,17,1886,11,10,90.9,1,9.1,1370,8437,4920,38,40,0,4,2,1520,3,100000,5200000
Jonjo Shelvey,MF,Newcastle Utd,28,30,29,2617.0,29.1,1,3,4,1,0,0,7,0,2.5,2.5,3.0,5.5,0.03,0.10,0.14,0.03,0.09,0.10,0.09,0.19,0.0,0.0,0.0,0.0,0.0,0.0,0.0,0.0,0.0,0.0,0.0,0.0,0.0,0.0,0.0,0.0,0.0,0.0,0.0,0.0,0.0,0.0,0.0,0.0,42,9,21.4,1.44,0.31,0.02,0.11,24.3,1092,1499,72.8,23397,7464,389,457,85.1,450,552,81.5,227,416,54.6,37,143,21,4,132,1345,150,88,1,48,94,0,48,4,72,2.48,72,2.48,39,25,1,6,1,0,8,0.28,4,4,0,0,0,0,39,14,18,19,2,10,37,27.0,27,26,14,12,36,75,42,0,29.1,1728,78,469,995,284,22,1728,26,20,76.9,6,23.1,932,4464,1918,20,22,0,19,5,1087,24,70000,3640000
Jonjoe Kenny,DF,Everton,23,4,1,79.0,0.9,0,0,0,0,0,0,0,0,0.0,0.0,0.0,0.0,0.00,0.00,0.00,0.00,0.00,0.00,0.00,0.00,0.0,0.0,0.0,0.0,0.0,0.0,0.0,0.0,0.0,0.0,0.0,0.0,0.0,0.0,0.0,0.0,0.0,0.0,0.0,0.0,0.0,0.0,0.0,0.0,0,0,,0.00,0.00,,,,47,59,79.7,696,180,27,28,96.4,16,22,72.7,3,4,75.0,0,2,1,1,1,46,13,2,0,0,6,11,0,0,1,1.15,1,1.15,1,0,0,0,0,0,0,0.00,0,0,0,0,0,0,2,1,1,0,1,2,2,100.0,0,0,0,0,1,3,3,0,0.9,69,3,14,25,31,4,69,0,0,,0,,27,115,58,2,2,0,3,0,42,7,15000,780000
Jonny Castro,"MF,DF",Wolves,26,7,7,495.0,5.5,0,0,0,0,0,0,0,0,0.1,0.1,0.1,0.1,0.00,0.00,0.00,0.00,0.01,0.01,0.01,0.02,0.0,0.0,0.0,0.0,0.0,0.0,0.0,0.0,0.0,0.0,0.0,0.0,0.0,0.0,0.0,0.0,0.0,0.0,0.0,0.0,0.0,0.0,0.0,0.0,1,0,0.0,0.18,0.00,0.00,,15.2,185,243,76.1,2425,803,123,141,87.2,49,64,76.6,6,17,35.3,2,6,0,0,16,187,56,4,0,1,9,52,0,0,5,0.91,5,0.91,5,0,0,0,0,0,0,0.00,0,0,0,0,0,0,11,5,6,4,1,6,13,46.2,7,9,3,6,9,20,7,0,5.5,299,14,85,135,80,6,299,8,3,37.5,5,62.5,128,725,400,13,6,2,9,7,167,18,36673,1907000
Jonny Evans,DF,Leicester City,32,28,28,2473.0,27.5,2,2,4,2,0,0,7,0,1.7,1.7,0.4,2.1,0.07,0.07,0.15,0.07,0.06,0.02,0.06,0.08,0.0,0.0,0.0,0.0,0.0,0.0,0.0,0.0,0.0,0.0,0.0,0.0,0.0,0.0,0.0,0.0,0.0,0.0,0.0,0.0,0.0,0.0,0.0,0.0,8,3,37.5,0.29,0.11,0.25,0.67,7.8,1592,1854,85.9,30956,11270,492,549,89.6,929,1004,92.5,155,265,58.5,10,90,2,0,96,1814,38,36,1,4,0,2,0,2,19,0.69,19,0.69,19,0,0,0,0,0,4,0.15,4,0,0,0,0,0,25,12,22,2,1,14,20,70.0,6,8,3,5,46,71,98,1,27.5,2065,247,1093,943,44,18,2065,9,8,88.9,1,11.1,1251,5620,2951,7,5,0,5,4,1394,5,80000,4160000
Jordan Ayew,"FW,MF",Crystal Palace,28,33,23,2096.0,23.3,1,3,4,1,0,0,4,0,2.2,2.2,0.7,2.9,0.04,0.13,0.17,0.04,0.09,0.03,0.09,0.13,0.0,0.0,0.0,0.0,0.0,0.0,0.0,0.0,0.0,0.0,0.0,0.0,0.0,0.0,0.0,0.0,0.0,0.0,0.0,0.0,0.0,0.0,0.0,0.0,26,11,42.3,1.12,0.47,0.04,0.09,17.6,519,667,77.8,6434,1218,323,368,87.8,136,177,76.8,13,25,52.0,13,23,12,2,35,656,10,3,1,3,31,2,0,1,39,1.67,39,1.67,26,0,2,5,6,0,7,0.30,5,0,0,1,1,0,38,26,8,16,14,16,44,36.4,28,28,2,26,16,54,12,0,23.3,973,17,137,476,381,57,973,89,52,58.4,37,41.6,585,3988,1762,58,32,14,82,60,711,109,32500,1690000
Jordan Henderson,"MF,DF",Liverpool,30,21,20,1704.0,18.9,1,1,2,1,0,0,0,0,1.3,1.3,1.5,2.8,0.05,0.05,0.11,0.05,0.07,0.08,0.07,0.15,0.0,0.0,0.0,0.0,0.0,0.0,0.0,0.0,0.0,0.0,0.0,0.0,0.0,0.0,0.0,0.0,0.0,0.0,0.0,0.0,0.0,0.0,0.0,0.0,14,4,28.6,0.74,0.21,0.07,0.25,19.1,1597,1855,86.1,28225,8368,687,742,92.6,731,795,91.9,146,258,56.6,14,179,30,3,169,1814,39,25,4,6,29,9,2,2,36,1.90,36,1.90,31,3,0,0,1,1,4,0.21,3,1,0,0,0,0,24,15,12,9,3,10,26,38.5,16,12,1,11,34,58,30,0,18.9,1996,64,443,1306,264,15,1996,15,9,60.0,6,40.0,1389,7518,4392,46,40,1,6,5,1544,21,140000,7280000
Jordan Pickford,GK,Everton,26,31,31,2742.0,30.5,0,0,0,0,0,0,1,0,0.0,0.0,0.0,0.0,0.00,0.00,0.00,0.00,0.00,0.00,0.00,0.00,1.28,128,90,71.1,10,32.3,37.9,0.28,230,590,39.0,951,151,47.4,37.8,198,70.2,52.4,468,20,4.3,31,1.02,13.3,0,0,,0.00,0.00,,,,766,1154,66.4,23261,18485,201,203,99.0,248,250,99.2,307,686,44.8,1,28,1,0,0,850,299,101,0,12,0,0,0,5,6,0.20,6,0.20,3,3,0,0,0,0,2,0.07,2,0,0,0,0,0,0,0,0,0,0,0,2,0.0,2,2,0,2,3,3,16,4,30.5,1240,1011,1220,22,0,0,1240,0,0,,0,,670,4101,2439,0,0,0,0,0,618,0,100000,5200000
Jorginho,MF,Chelsea,28,28,23,2010.0,22.3,7,1,8,0,7,9,2,0,7.3,0.2,1.7,1.8,0.31,0.04,0.36,0.00,0.33,0.07,0.01,0.08,0.0,0.0,0.0,0.0,0.0,0.0,0.0,0.0,0.0,0.0,0.0,0.0,0.0,0.0,0.0,0.0,0.0,0.0,0.0,0.0,0.0,0.0,0.0,0.0,5,0,0.0,0.22,0.00,0.00,,47.9,1594,1789,89.1,24705,6718,860,924,93.1,570,621,91.8,103,152,67.8,24,142,23,3,145,1761,25,25,4,8,3,0,0,3,54,2.42,54,2.42,53,0,0,0,0,1,2,0.09,2,0,0,0,0,0,57,30,22,31,4,31,76,40.8,45,33,5,28,40,97,21,3,22.3,2015,59,520,1212,292,16,2006,25,17,68.0,8,32.0,1144,4669,2408,16,30,0,19,14,1535,14,110000,5720000
Josh Benson,MF,Burnley,20,6,2,264.0,2.9,0,0,0,0,0,0,0,0,0.2,0.2,0.0,0.2,0.00,0.00,0.00,0.00,0.07,0.00,0.07,0.07,0.0,0.0,0.0,0.0,0.0,0.0,0.0,0.0,0.0,0.0,0.0,0.0,0.0,0.0,0.0,0.0,0.0,0.0,0.0,0.0,0.0,0.0,0.0,0.0,2,0,0.0,0.68,0.00,0.00,,24.2,62,85,72.9,738,273,37,38,97.4,15,24,62.5,2,7,28.6,0,7,0,0,6,83,2,1,0,0,5,1,0,0,2,0.68,2,0.68,2,0,0,0,0,0,0,0.00,0,0,0,0,0,0,5,1,3,0,2,1,6,16.7,5,3,0,3,3,8,2,0,2.9,110,3,16,59,36,2,110,7,2,28.6,5,71.4,52,202,116,1,2,0,4,4,72,8,0.0,0.0
Josh Brownhill,MF,Burnley,24,33,32,2813.0,31.3,0,1,1,0,0,0,2,0,1.9,1.9,0.7,2.6,0.00,0.03,0.03,0.00,0.06,0.02,0.06,0.08,0.0,0.0,0.0,0.0,0.0,0.0,0.0,0.0,0.0,0.0,0.0,0.0,0.0,0.0,0.0,0.0,0.0,0.0,0.0,0.0,0.0,0.0,0.0,0.0,34,7,20.6,1.09,0.22,0.00,0.00,21.9,927,1198,77.4,12848,3119,561,644,87.1,252,330,76.4,57,113,50.4,18,64,16,2,83,1184,12,5,1,2,17,7,0,2,59,1.89,59,1.89,45,0,3,4,6,1,5,0.16,4,0,0,0,0,1,45,27,9,29,7,15,44,34.1,29,33,11,22,69,114,39,0,31.3,1506,69,262,835,423,61,1506,21,15,71.4,7,33.3,682,2691,1125,22,33,4,35,15,819,69,40000,2080000
Josh Maja,FW,Fulham,21,15,9,810.0,9.0,3,0,3,2,1,1,0,0,4.5,3.7,0.5,4.2,0.33,0.00,0.33,0.22,0.50,0.05,0.41,0.47,0.0,0.0,0.0,0.0,0.0,0.0,0.0,0.0,0.0,0.0,0.0,0.0,0.0,0.0,0.0,0.0,0.0,0.0,0.0,0.0,0.0,0.0,0.0,0.0,20,7,35.0,2.22,0.78,0.10,0.29,14.3,154,181,85.1,2069,213,86,97,88.7,45,48,93.8,8,10,80.0,7,7,4,0,15,178,3,0,0,0,0,1,0,0,19,2.11,19,2.11,14,0,3,2,0,0,0,0.00,0,0,0,0,0,0,7,4,0,3,4,4,10,40.0,6,3,1,2,4,11,1,0,9.0,256,2,24,125,110,32,255,15,8,53.3,7,46.7,150,600,168,5,4,2,26,13,199,33,12885,670000
Josh Onomah,MF,Fulham,23,11,4,374.0,4.2,0,0,0,0,0,0,1,0,0.4,0.4,0.0,0.4,0.00,0.00,0.00,0.00,0.09,0.01,0.09,0.10,0.0,0.0,0.0,0.0,0.0,0.0,0.0,0.0,0.0,0.0,0.0,0.0,0.0,0.0,0.0,0.0,0.0,0.0,0.0,0.0,0.0,0.0,0.0,0.0,6,1,16.7,1.44,0.24,0.00,0.00,17.9,153,172,89.0,2365,566,78,87,89.7,56,60,93.3,11,13,84.6,1,15,3,0,19,170,2,0,0,0,2,0,0,0,8,1.93,8,1.93,7,0,0,0,0,1,0,0.00,0,0,0,0,0,0,11,8,1,6,4,0,5,0.0,5,4,2,2,2,13,1,0,4.2,215,5,28,125,64,5,215,2,2,100.0,0,0.0,136,747,374,8,10,0,9,9,154,14,30000,1560000
Joshua King,"MF,FW",Everton,28,11,0,148.0,1.6,0,0,0,0,0,0,0,0,0.6,0.6,0.0,0.6,0.00,0.00,0.00,0.00,0.37,0.00,0.37,0.37,0.0,0.0,0.0,0.0,0.0,0.0,0.0,0.0,0.0,0.0,0.0,0.0,0.0,0.0,0.0,0.0,0.0,0.0,0.0,0.0,0.0,0.0,0.0,0.0,3,1,33.3,1.82,0.61,0.00,0.00,13.8,32,50,64.0,431,98,18,29,62.1,13,15,86.7,0,0,,0,1,1,0,5,50,0,0,0,0,1,0,0,0,2,1.22,2,1.22,1,0,0,1,0,0,0,0.00,0,0,0,0,0,0,4,1,2,1,1,0,0,,0,3,0,3,1,5,1,0,1.6,80,0,10,34,39,6,80,7,4,57.1,3,42.9,45,346,165,9,7,1,9,6,56,20,45000,2340000
José Izquierdo,DF,Brighton,28,1,0,9.0,0.1,0,0,0,0,0,0,0,0,0.0,0.0,0.0,0.0,0.00,0.00,0.00,0.00,0.24,0.00,0.24,0.24,0.0,0.0,0.0,0.0,0.0,0.0,0.0,0.0,0.0,0.0,0.0,0.0,0.0,0.0,0.0,0.0,0.0,0.0,0.0,0.0,0.0,0.0,0.0,0.0,1,1,100.0,10.00,10.00,0.00,0.00,32.6,8,9,88.9,115,10,5,5,100.0,3,4,75.0,0,0,,0,0,0,0,0,7,2,0,0,0,0,2,0,0,1,10.00,1,10.00,1,0,0,0,0,0,0,0.00,0,0,0,0,0,0,0,0,0,0,0,0,0,,0,0,0,0,0,0,0,0,0.1,13,0,0,1,12,0,13,1,0,0.0,1,100.0,8,77,54,1,1,0,1,0,8,2,45000,2340000
João Cancelo,"DF,MF",Manchester City,26,28,27,2299.0,25.5,2,3,5,2,0,0,5,1,1.6,1.6,4.6,6.2,0.08,0.12,0.20,0.08,0.06,0.18,0.06,0.24,0.0,0.0,0.0,0.0,0.0,0.0,0.0,0.0,0.0,0.0,0.0,0.0,0.0,0.0,0.0,0.0,0.0,0.0,0.0,0.0,0.0,0.0,0.0,0.0,35,11,31.4,1.37,0.43,0.06,0.18,22.5,1815,2128,85.3,27535,7458,1038,1117,92.9,603,711,84.8,117,180,65.0,42,142,68,8,200,1882,239,44,6,12,72,195,0,7,82,3.21,82,3.21,64,4,12,1,1,0,12,0.47,8,1,1,1,1,0,68,41,42,19,7,43,83,51.8,40,23,2,21,41,109,33,2,25.5,2421,66,464,1199,780,68,2421,81,47,58.0,34,42.0,1472,6848,3454,80,74,24,36,21,1696,150,80000,4160000
João Moutinho,MF,Wolves,33,33,28,2528.0,28.1,1,1,2,1,0,0,5,1,0.6,0.6,2.4,3.1,0.04,0.04,0.07,0.04,0.02,0.09,0.02,0.11,0.0,0.0,0.0,0.0,0.0,0.0,0.0,0.0,0.0,0.0,0.0,0.0,0.0,0.0,0.0,0.0,0.0,0.0,0.0,0.0,0.0,0.0,0.0,0.0,14,4,28.6,0.50,0.14,0.07,0.25,23.7,1553,1846,84.1,27362,7149,647,705,91.8,708,786,90.1,155,263,58.9,46,131,19,7,169,1641,200,93,5,15,116,4,101,5,96,3.42,96,3.42,62,27,0,2,2,3,6,0.21,3,2,0,0,1,0,75,40,34,35,6,35,91,38.5,56,18,3,15,47,122,28,0,28.1,2062,47,394,1179,503,8,2062,18,13,72.2,5,27.8,1136,5321,2697,32,38,2,15,11,1354,37,100000,5200000
João Virgínia,GK,Everton,20,1,0,48.0,0.5,0,0,0,0,0,0,0,0,0.0,0.0,0.0,0.0,0.00,0.00,0.00,0.00,0.00,0.00,0.00,0.00,0.00,3,3,100.0,0,,0.3,0.10,2,9,22.2,12,3,50.0,44.6,3,100.0,67.3,4,1,25.0,0,0.00,10.0,0,0,,0.00,0.00,,,,8,16,50.0,272,248,0,0,,4,4,100.0,4,11,36.4,0,0,0,0,0,12,3,0,0,0,0,0,0,1,0,0.00,0,0.00,0,0,0,0,0,0,0,0.00,0,0,0,0,0,0,0,0,0,0,0,0,0,,0,0,0,0,0,0,0,0,0.5,18,17,18,0,0,0,18,0,0,,0,,9,62,47,0,0,0,0,0,9,0,7500,390000
Joël Matip,DF,Liverpool,28,10,9,691.0,7.7,1,2,3,1,0,0,2,0,0.8,0.8,0.9,1.7,0.13,0.26,0.39,0.13,0.10,0.11,0.10,0.22,0.0,0.0,0.0,0.0,0.0,0.0,0.0,0.0,0.0,0.0,0.0,0.0,0.0,0.0,0.0,0.0,0.0,0.0,0.0,0.0,0.0,0.0,0.0,0.0,5,2,40.0,0.65,0.26,0.20,0.50,7.3,479,546,87.7,8617,2709,165,177,93.2,273,294,92.9,31,61,50.8,3,16,1,0,28,532,14,14,1,2,0,0,0,0,6,0.78,6,0.78,5,0,0,1,0,0,2,0.26,1,0,0,1,0,0,14,9,7,7,0,7,8,87.5,1,6,0,6,7,21,22,0,7.7,607,45,239,352,21,6,607,0,0,,0,,369,1899,1181,6,8,0,3,1,427,1,100000,5200000
Joël Veltman,DF,Brighton,28,28,25,2281.0,25.3,1,1,2,1,0,0,3,0,1.1,1.1,1.7,2.8,0.04,0.04,0.08,0.04,0.04,0.07,0.04,0.11,0.0,0.0,0.0,0.0,0.0,0.0,0.0,0.0,0.0,0.0,0.0,0.0,0.0,0.0,0.0,0.0,0.0,0.0,0.0,0.0,0.0,0.0,0.0,0.0,14,4,28.6,0.55,0.16,0.07,0.25,16.1,1166,1537,75.9,20626,8311,505,580,87.1,530,686,77.3,110,205,53.7,22,100,34,14,136,1297,236,14,0,3,63,221,1,4,51,2.01,51,2.01,33,6,4,3,3,2,1,0.04,1,0,0,0,0,0,67,33,34,25,8,29,57,50.9,28,24,5,19,33,100,64,0,25.3,1813,96,558,868,405,32,1813,36,18,50.0,18,50.0,927,4633,2185,39,25,2,17,7,1038,99,38462,2000000
Juan Mata,"FW,MF",Manchester Utd,32,9,6,509.0,5.7,1,2,3,0,1,1,0,0,1.0,0.2,0.8,1.1,0.18,0.35,0.53,0.00,0.18,0.15,0.04,0.19,0.0,0.0,0.0,0.0,0.0,0.0,0.0,0.0,0.0,0.0,0.0,0.0,0.0,0.0,0.0,0.0,0.0,0.0,0.0,0.0,0.0,0.0,0.0,0.0,4,3,75.0,0.71,0.53,0.00,0.00,21.5,249,300,83.0,3432,738,148,160,92.5,67,79,84.8,16,29,55.2,8,19,4,0,23,283,16,5,2,3,13,0,8,1,20,3.54,20,3.54,14,4,0,2,0,0,5,0.89,3,1,0,1,0,0,1,0,1,0,0,0,7,0.0,7,3,0,3,3,4,3,0,5.7,329,4,29,169,133,12,328,3,2,66.7,1,33.3,215,1159,448,13,14,3,7,6,278,32,160000,8320000
Jóhann Berg Guðmundsson,MF,Burnley,29,22,16,1363.0,15.1,2,0,2,2,0,0,2,0,1.2,1.2,0.5,1.7,0.13,0.00,0.13,0.13,0.08,0.03,0.08,0.11,0.0,0.0,0.0,0.0,0.0,0.0,0.0,0.0,0.0,0.0,0.0,0.0,0.0,0.0,0.0,0.0,0.0,0.0,0.0,0.0,0.0,0.0,0.0,0.0,19,8,42.1,1.25,0.53,0.11,0.25,21.5,355,473,75.1,5201,1224,206,243,84.8,100,131,76.3,28,61,45.9,9,25,12,4,31,465,5,0,1,3,31,2,3,3,27,1.78,27,1.78,22,0,1,1,3,0,0,0.00,0,0,0,0,0,0,19,11,6,9,4,11,23,47.8,12,11,2,9,17,36,19,0,15.1,612,27,96,267,254,29,612,27,10,37.0,17,63.0,358,2073,798,25,15,2,17,12,414,74,30000,1560000
Kai Havertz,"MF,FW",Chelsea,21,27,18,1520.0,16.9,4,3,7,4,0,0,2,0,5.5,5.5,1.3,6.8,0.24,0.18,0.41,0.24,0.33,0.08,0.33,0.40,0.0,0.0,0.0,0.0,0.0,0.0,0.0,0.0,0.0,0.0,0.0,0.0,0.0,0.0,0.0,0.0,0.0,0.0,0.0,0.0,0.0,0.0,0.0,0.0,33,16,48.5,1.95,0.95,0.12,0.25,13.1,658,788,83.5,8252,1336,412,449,91.8,167,190,87.9,23,31,74.2,18,38,20,1,74,766,18,3,2,2,11,7,0,4,49,2.90,49,2.90,42,1,2,1,3,0,7,0.41,5,0,0,0,2,0,18,9,6,10,2,6,27,22.2,21,25,0,25,4,22,22,1,16.9,1007,23,105,500,410,78,1007,37,19,51.4,18,48.6,579,3346,1428,47,37,18,56,25,784,133,140000,7280000
Kalvin Phillips,MF,Leeds United,24,29,28,2428.0,27.0,1,2,3,1,0,0,10,0,0.5,0.5,3.4,3.9,0.04,0.07,0.11,0.04,0.02,0.13,0.02,0.15,0.0,0.0,0.0,0.0,0.0,0.0,0.0,0.0,0.0,0.0,0.0,0.0,0.0,0.0,0.0,0.0,0.0,0.0,0.0,0.0,0.0,0.0,0.0,0.0,15,5,33.3,0.56,0.19,0.07,0.20,27.5,1222,1490,82.0,25451,6915,394,444,88.7,583,661,88.2,220,321,68.5,35,114,18,3,137,1362,123,62,2,32,77,4,57,5,70,2.59,70,2.59,41,21,2,2,1,3,2,0.07,2,0,0,0,0,0,74,38,38,29,7,26,62,41.9,36,49,14,35,45,119,53,3,27.0,1789,108,581,955,274,7,1789,32,20,62.5,12,37.5,902,4521,1947,13,12,2,41,16,1055,14,4500,234000
Kamil Grosicki,"MF,FW",West Brom,32,3,2,148.0,1.6,0,1,1,0,0,0,0,0,0.1,0.1,0.3,0.4,0.00,0.61,0.61,0.00,0.07,0.19,0.07,0.26,0.0,0.0,0.0,0.0,0.0,0.0,0.0,0.0,0.0,0.0,0.0,0.0,0.0,0.0,0.0,0.0,0.0,0.0,0.0,0.0,0.0,0.0,0.0,0.0,3,0,0.0,1.82,0.00,0.00,,22.7,30,45,66.7,455,110,14,18,77.8,12,15,80.0,2,9,22.2,3,3,1,0,4,43,2,0,0,0,5,0,2,0,4,2.43,4,2.43,3,0,0,1,0,0,2,1.22,2,0,0,0,0,0,2,1,2,0,0,2,8,25.0,6,1,0,1,2,4,1,0,1.6,60,1,9,18,33,2,60,1,0,0.0,1,100.0,39,295,133,7,1,1,2,1,37,12,25000,1300000
Karl Darlow,GK,Newcastle Utd,29,25,25,2250.0,25.0,0,0,0,0,0,0,3,0,0.0,0.0,0.0,0.0,0.00,0.00,0.00,0.00,0.00,0.00,0.00,0.00,1.72,126,84,68.3,4,16.0,37.2,0.27,175,505,34.7,504,92,65.3,44.9,216,81.5,55.3,401,18,4.5,10,0.40,9.2,0,0,,0.00,0.00,,,,376,728,51.6,14566,12022,24,25,96.0,134,136,98.5,217,558,38.9,0,11,0,0,0,395,325,109,0,2,0,0,0,8,3,0.12,3,0.12,2,1,0,0,0,0,1,0.04,1,0,0,0,0,0,0,0,0,0,0,0,0,,0,0,0,0,0,0,17,0,25.0,808,697,802,7,0,0,808,0,0,,0,,336,2189,1341,0,0,0,1,0,226,0,25000,1300000
Karlan Grant,"FW,MF",West Brom,22,21,14,1127.0,12.5,1,0,1,1,0,0,1,0,1.8,1.8,0.2,2.0,0.08,0.00,0.08,0.08,0.15,0.02,0.15,0.16,0.0,0.0,0.0,0.0,0.0,0.0,0.0,0.0,0.0,0.0,0.0,0.0,0.0,0.0,0.0,0.0,0.0,0.0,0.0,0.0,0.0,0.0,0.0,0.0,16,9,56.3,1.28,0.72,0.06,0.11,15.7,164,234,70.1,1990,336,110,141,78.0,34,45,75.6,6,12,50.0,3,5,5,0,13,221,11,0,0,1,14,1,0,2,15,1.20,15,1.20,11,0,0,3,1,0,2,0.16,1,0,0,1,0,0,5,3,3,2,0,2,4,50.0,2,7,0,7,5,10,17,0,12.5,354,17,47,140,170,36,354,16,9,56.3,7,43.8,177,1108,384,21,8,8,31,17,238,69,20000,1040000
Kasper Schmeichel,GK,Leicester City,33,38,38,3420.0,38.0,0,0,0,0,0,0,0,0,0.0,0.0,0.0,0.0,0.00,0.00,0.00,0.00,0.00,0.00,0.00,0.00,1.32,136,88,66.2,11,28.9,42.2,0.29,159,425,37.4,1038,181,32.1,33.2,210,43.8,37.9,484,20,4.1,19,0.50,13.6,0,0,,0.00,0.00,,,,927,1251,74.1,25302,16109,139,141,98.6,468,477,98.1,318,628,50.6,0,9,0,0,0,885,363,153,0,6,0,0,0,3,3,0.08,3,0.08,3,0,0,0,0,0,0,0.00,0,0,0,0,0,0,0,0,0,0,0,0,0,,0,0,0,0,0,0,10,0,38.0,1314,1104,1307,7,0,0,1314,2,1,50.0,1,50.0,684,3668,2288,0,0,0,0,0,627,0,130000,6760000
Kayne Ramsey,DF,Southampton,19,1,1,90.0,1.0,0,0,0,0,0,0,1,0,0.0,0.0,0.0,0.0,0.00,0.00,0.00,0.00,0.00,0.00,0.00,0.00,0.0,0.0,0.0,0.0,0.0,0.0,0.0,0.0,0.0,0.0,0.0,0.0,0.0,0.0,0.0,0.0,0.0,0.0,0.0,0.0,0.0,0.0,0.0,0.0,0,0,,0.00,0.00,,,,17,23,73.9,242,81,9,10,90.0,7,10,70.0,0,1,0.0,0,0,0,0,0,19,3,0,0,0,0,3,0,1,0,0.00,0,0.00,0,0,0,0,0,0,0,0.00,0,0,0,0,0,0,5,2,4,1,0,3,3,100.0,0,0,0,0,0,5,3,0,1.0,35,10,28,7,0,0,35,0,0,,0,,14,31,10,0,0,0,0,0,14,0,0.0,0.0
Kean Bryan,DF,Sheffield Utd,23,13,12,1004.0,11.2,1,0,1,1,0,0,1,0,0.9,0.9,0.6,1.5,0.09,0.00,0.09,0.09,0.08,0.05,0.08,0.14,0.0,0.0,0.0,0.0,0.0,0.0,0.0,0.0,0.0,0.0,0.0,0.0,0.0,0.0,0.0,0.0,0.0,0.0,0.0,0.0,0.0,0.0,0.0,0.0,3,1,33.3,0.27,0.09,0.33,1.00,7.7,333,486,68.5,5901,2652,151,179,84.4,140,183,76.5,32,94,34.0,4,24,3,2,22,461,24,3,0,9,17,21,0,1,8,0.72,8,0.72,7,0,0,1,0,0,0,0.00,0,0,0,0,0,0,20,10,9,11,0,9,19,47.4,10,16,10,6,13,33,39,1,11.2,600,60,272,278,56,7,600,5,3,60.0,2,40.0,293,1300,682,7,6,0,10,1,322,18,3077,160000
Keinan Davis,"FW,MF",Aston Villa,22,15,1,277.0,3.1,1,1,2,1,0,0,0,0,1.5,1.5,0.6,2.1,0.32,0.32,0.65,0.32,0.47,0.19,0.47,0.67,0.0,0.0,0.0,0.0,0.0,0.0,0.0,0.0,0.0,0.0,0.0,0.0,0.0,0.0,0.0,0.0,0.0,0.0,0.0,0.0,0.0,0.0,0.0,0.0,9,2,22.2,2.92,0.65,0.11,0.50,10.6,55,77,71.4,689,133,38,41,92.7,11,20,55.0,2,5,40.0,6,2,3,0,6,76,1,0,0,1,4,0,0,0,14,4.53,14,4.53,7,0,4,2,1,0,2,0.65,1,0,1,0,0,0,2,1,1,0,1,0,1,0.0,1,1,0,1,0,2,2,0,3.1,118,3,8,46,67,29,118,12,9,75.0,3,25.0,73,401,182,7,6,4,10,4,97,37,45000,2340000
Kelechi Iheanacho,FW,Leicester City,23,25,16,1459.0,16.2,12,2,14,12,0,1,1,0,8.2,7.4,3.7,11.1,0.74,0.12,0.86,0.74,0.51,0.23,0.46,0.69,0.0,0.0,0.0,0.0,0.0,0.0,0.0,0.0,0.0,0.0,0.0,0.0,0.0,0.0,0.0,0.0,0.0,0.0,0.0,0.0,0.0,0.0,0.0,0.0,58,24,41.4,3.58,1.48,0.21,0.50,17.6,407,521,78.1,5159,839,245,283,86.6,94,115,81.7,21,39,53.8,28,22,20,4,41,489,28,0,8,1,13,0,1,4,52,3.21,52,3.21,40,0,7,4,1,0,3,0.19,2,0,1,0,0,0,12,5,2,4,6,4,17,23.5,13,14,0,14,2,14,1,1,16.2,719,1,37,293,398,79,718,44,32,72.7,12,27.3,452,2276,920,31,25,10,57,34,580,124,60000,3120000
Kenny Tete,"DF,MF",Fulham,24,22,18,1481.0,16.5,0,1,1,0,0,0,3,0,0.3,0.3,1.4,1.7,0.00,0.06,0.06,0.00,0.02,0.09,0.02,0.10,0.0,0.0,0.0,0.0,0.0,0.0,0.0,0.0,0.0,0.0,0.0,0.0,0.0,0.0,0.0,0.0,0.0,0.0,0.0,0.0,0.0,0.0,0.0,0.0,7,1,14.3,0.43,0.06,0.00,0.00,18.7,636,879,72.4,10589,4277,311,378,82.3,241,319,75.5,62,98,63.3,18,37,25,18,71,758,119,4,0,3,72,115,0,2,35,2.13,35,2.13,33,0,0,0,2,0,2,0.12,2,0,0,0,0,0,48,30,27,16,5,10,18,55.6,8,14,5,9,27,75,49,0,16.5,1076,64,360,444,279,19,1076,19,10,52.6,9,47.4,548,2973,1439,38,23,3,19,8,602,73,51000,2652000
Kepa Arrizabalaga,GK,Chelsea,25,7,6,585.0,6.5,0,0,0,0,0,0,1,0,0.0,0.0,0.0,0.0,0.00,0.00,0.00,0.00,0.00,0.00,0.00,0.00,1.23,23,15,69.6,2,33.3,8.0,0.31,21,53,39.6,200,41,18.5,27.3,46,34.8,31.1,68,3,4.4,1,0.15,9.6,0,0,,0.00,0.00,,,,202,246,82.1,4701,2827,45,46,97.8,103,104,99.0,52,94,55.3,0,2,0,0,2,193,53,7,0,0,0,0,0,0,3,0.46,3,0.46,3,0,0,0,0,0,0,0.00,0,0,0,0,0,0,0,0,0,0,0,0,1,0.0,1,0,0,0,0,0,0,3,6.5,258,233,255,3,0,0,258,0,0,,0,,145,605,379,0,0,0,2,0,149,0,150000,7800000
Kevin De Bruyne,MF,Manchester City,29,25,23,1997.0,22.2,6,12,18,4,2,3,1,0,9.3,6.9,8.0,14.9,0.27,0.54,0.81,0.18,0.42,0.36,0.31,0.67,0.0,0.0,0.0,0.0,0.0,0.0,0.0,0.0,0.0,0.0,0.0,0.0,0.0,0.0,0.0,0.0,0.0,0.0,0.0,0.0,0.0,0.0,0.0,0.0,77,24,31.2,3.47,1.08,0.05,0.17,21.0,1078,1429,75.4,18890,5626,509,593,85.8,402,498,80.7,131,222,59.0,77,125,76,10,213,1278,139,42,13,12,146,6,87,12,148,6.67,148,6.67,102,23,10,5,5,3,18,0.81,15,0,2,0,1,0,34,21,6,18,10,13,48,27.1,35,26,1,25,9,43,10,0,22.2,1686,13,105,715,890,92,1683,67,48,71.6,19,28.4,1029,5855,3560,102,88,25,45,33,1285,186,400000,20800000
Kevin Long,DF,Burnley,29,8,7,637.0,7.1,0,0,0,0,0,0,2,0,0.4,0.4,0.0,0.4,0.00,0.00,0.00,0.00,0.06,0.00,0.06,0.06,0.0,0.0,0.0,0.0,0.0,0.0,0.0,0.0,0.0,0.0,0.0,0.0,0.0,0.0,0.0,0.0,0.0,0.0,0.0,0.0,0.0,0.0,0.0,0.0,2,0,0.0,0.28,0.00,0.00,,9.3,191,268,71.3,3722,1296,66,79,83.5,91,114,79.8,28,61,45.9,1,8,1,0,15,263,5,3,0,2,1,2,0,0,1,0.14,1,0.14,1,0,0,0,0,0,0,0.00,0,0,0,0,0,0,11,6,9,2,0,7,9,77.8,2,11,7,4,6,17,24,0,7.1,325,37,175,138,13,9,325,0,0,,0,,137,544,184,0,0,0,1,0,159,1,23077,1200000
Khanya Leshabela,MF,Leicester City,20,1,0,10.0,0.1,0,0,0,0,0,0,0,0,0.0,0.0,0.0,0.0,0.00,0.00,0.00,0.00,0.00,0.00,0.00,0.00,0.0,0.0,0.0,0.0,0.0,0.0,0.0,0.0,0.0,0.0,0.0,0.0,0.0,0.0,0.0,0.0,0.0,0.0,0.0,0.0,0.0,0.0,0.0,0.0,0,0,,0.00,0.00,,,,6,8,75.0,93,26,5,6,83.3,1,1,100.0,0,0,,0,1,0,0,2,8,0,0,0,0,1,0,0,0,1,9.00,1,9.00,1,0,0,0,0,0,0,0.00,0,0,0,0,0,0,0,0,0,0,0,0,0,,0,0,0,0,0,0,0,0,0.1,9,0,1,6,3,0,9,0,0,,0,,8,73,54,3,1,0,0,1,7,0,0.0,0.0
Ki-Jana Hoever,"DF,MF",Wolves,18,12,5,577.0,6.4,0,0,0,0,0,0,1,0,0.0,0.0,0.2,0.2,0.00,0.00,0.00,0.00,0.01,0.03,0.01,0.04,0.0,0.0,0.0,0.0,0.0,0.0,0.0,0.0,0.0,0.0,0.0,0.0,0.0,0.0,0.0,0.0,0.0,0.0,0.0,0.0,0.0,0.0,0.0,0.0,1,0,0.0,0.16,0.00,0.00,,17.7,268,361,74.2,4194,1441,150,177,84.7,94,125,75.2,15,30,50.0,3,14,3,1,19,311,49,1,0,2,21,48,0,1,9,1.40,9,1.40,8,0,1,0,0,0,0,0.00,0,0,0,0,0,0,14,6,11,2,1,10,22,45.5,12,2,0,2,9,23,23,0,6.4,440,31,142,177,126,10,440,22,13,59.1,9,40.9,239,1313,852,17,11,4,12,6,261,38,40385,2100000
Kieran Gibbs,DF,West Brom,30,10,9,809.0,9.0,0,0,0,0,0,0,1,1,0.1,0.1,0.4,0.4,0.00,0.00,0.00,0.00,0.01,0.04,0.01,0.05,0.0,0.0,0.0,0.0,0.0,0.0,0.0,0.0,0.0,0.0,0.0,0.0,0.0,0.0,0.0,0.0,0.0,0.0,0.0,0.0,0.0,0.0,0.0,0.0,1,0,0.0,0.11,0.00,0.00,,12.0,222,313,70.9,3388,1278,125,144,86.8,80,110,72.7,12,44,27.3,4,18,4,3,19,273,38,2,0,0,11,36,0,2,5,0.56,5,0.56,5,0,0,0,0,0,1,0.11,1,0,0,0,0,0,15,11,11,3,1,8,10,80.0,2,8,6,2,16,31,30,1,9.0,395,53,156,172,69,4,395,2,2,100.0,0,0.0,176,947,493,11,6,1,9,1,192,17,55000,2860000
Kieran Tierney,DF,Arsenal,23,27,26,2299.0,25.5,1,3,4,1,0,0,4,0,0.5,0.5,3.5,4.0,0.04,0.12,0.16,0.04,0.02,0.14,0.02,0.16,0.0,0.0,0.0,0.0,0.0,0.0,0.0,0.0,0.0,0.0,0.0,0.0,0.0,0.0,0.0,0.0,0.0,0.0,0.0,0.0,0.0,0.0,0.0,0.0,15,3,20.0,0.59,0.12,0.07,0.33,24.0,1130,1523,74.2,18434,5120,571,651,87.7,470,614,76.5,72,191,37.7,31,64,31,15,95,1279,240,26,0,8,125,214,0,4,57,2.23,57,2.23,45,2,5,1,4,0,8,0.31,3,0,4,0,1,0,27,15,5,14,8,11,31,35.5,20,31,10,21,16,43,63,0,25.5,1742,95,508,653,594,45,1742,30,16,53.3,14,46.7,974,5279,2867,82,50,16,24,14,1103,194,110000,5720000
Kiko Casilla,GK,Leeds United,33,3,3,270.0,3.0,0,0,0,0,0,0,0,0,0.0,0.0,0.0,0.0,0.00,0.00,0.00,0.00,0.00,0.00,0.00,0.00,0.67,10,8,80.0,1,33.3,3.2,0.32,5,14,35.7,67,20,10.4,23.2,31,22.6,24.7,30,4,13.3,1,0.33,10.8,0,0,,0.00,0.00,,,,87,98,88.8,1824,1175,27,27,100.0,43,45,95.6,16,25,64.0,0,0,0,0,0,60,38,7,0,0,0,0,0,0,2,0.67,2,0.67,2,0,0,0,0,0,0,0.00,0,0,0,0,0,0,0,0,0,0,0,0,0,,0,0,0,0,0,0,0,0,3.0,103,88,103,0,0,0,103,0,0,,0,,47,211,126,0,0,0,0,0,37,0,32115,1670000
Kortney Hause,DF,Aston Villa,25,7,7,630.0,7.0,1,0,1,1,0,0,2,0,1.0,1.0,0.0,1.0,0.14,0.00,0.14,0.14,0.15,0.00,0.15,0.15,0.0,0.0,0.0,0.0,0.0,0.0,0.0,0.0,0.0,0.0,0.0,0.0,0.0,0.0,0.0,0.0,0.0,0.0,0.0,0.0,0.0,0.0,0.0,0.0,5,1,20.0,0.71,0.14,0.20,1.00,7.9,173,232,74.6,3538,1459,49,64,76.6,99,115,86.1,23,48,47.9,0,13,0,0,10,223,9,9,0,6,0,0,0,0,1,0.14,1,0.14,0,0,0,1,0,0,0,0.00,0,0,0,0,0,0,4,2,3,1,0,0,3,0.0,3,4,2,2,8,12,53,0,7.0,314,59,180,124,12,9,314,0,0,,0,,146,776,359,1,2,0,1,0,139,0,8077,420000
Kostas Tsimikas,"DF,FW",Liverpool,24,2,0,7.0,0.1,0,0,0,0,0,0,0,0,0.0,0.0,0.0,0.0,0.00,0.00,0.00,0.00,0.00,0.00,0.00,0.00,0.0,0.0,0.0,0.0,0.0,0.0,0.0,0.0,0.0,0.0,0.0,0.0,0.0,0.0,0.0,0.0,0.0,0.0,0.0,0.0,0.0,0.0,0.0,0.0,0,0,,0.00,0.00,,,,6,9,66.7,103,0,3,3,100.0,3,4,75.0,0,1,0.0,0,0,0,0,0,7,2,0,0,0,2,2,0,0,0,0.00,0,0.00,0,0,0,0,0,0,0,0.00,0,0,0,0,0,0,0,0,0,0,0,0,0,,0,0,0,0,0,0,0,0,0.1,10,0,1,3,6,0,10,0,0,,0,,7,21,9,1,0,0,1,0,8,3,60000,3120000
Kurt Zouma,DF,Chelsea,25,24,22,2029.0,22.5,5,0,5,5,0,0,3,0,2.0,2.0,0.1,2.1,0.22,0.00,0.22,0.22,0.09,0.00,0.09,0.09,0.0,0.0,0.0,0.0,0.0,0.0,0.0,0.0,0.0,0.0,0.0,0.0,0.0,0.0,0.0,0.0,0.0,0.0,0.0,0.0,0.0,0.0,0.0,0.0,27,12,44.4,1.20,0.53,0.19,0.42,13.4,1616,1781,90.7,30035,9304,591,631,93.7,870,915,95.1,128,189,67.7,4,77,2,0,74,1748,30,27,0,24,0,3,0,3,14,0.62,14,0.62,11,0,0,3,0,0,0,0.00,0,0,0,0,0,0,16,10,8,6,2,4,8,50.0,4,13,9,4,28,44,93,0,22.5,2001,250,926,999,78,35,2001,4,2,50.0,2,50.0,1280,6049,3513,14,16,0,7,4,1527,8,40000,2080000
Kyle Bartley,DF,West Brom,29,30,28,2584.0,28.7,3,1,4,3,0,0,4,0,2.5,2.5,1.4,3.9,0.10,0.03,0.14,0.10,0.09,0.05,0.09,0.14,0.0,0.0,0.0,0.0,0.0,0.0,0.0,0.0,0.0,0.0,0.0,0.0,0.0,0.0,0.0,0.0,0.0,0.0,0.0,0.0,0.0,0.0,0.0,0.0,14,5,35.7,0.49,0.17,0.21,0.60,9.0,647,842,76.8,12274,4688,223,266,83.8,345,412,83.7,64,131,48.9,7,47,4,0,44,805,34,23,0,7,1,11,0,3,14,0.49,14,0.49,11,0,0,2,0,1,2,0.07,2,0,0,0,0,0,27,16,14,10,3,11,23,47.8,12,50,35,15,38,65,159,1,28.7,1172,266,712,393,73,40,1172,4,4,100.0,0,0.0,440,2113,859,2,3,0,9,2,507,3,17500,910000
Kyle Edwards,"MF,FW",West Brom,22,5,1,118.0,1.3,0,0,0,0,0,0,0,0,0.1,0.1,0.0,0.1,0.00,0.00,0.00,0.00,0.09,0.02,0.09,0.11,0.0,0.0,0.0,0.0,0.0,0.0,0.0,0.0,0.0,0.0,0.0,0.0,0.0,0.0,0.0,0.0,0.0,0.0,0.0,0.0,0.0,0.0,0.0,0.0,2,1,50.0,1.53,0.76,0.00,0.00,15.4,31,35,88.6,379,96,22,23,95.7,9,10,90.0,0,1,0.0,1,2,0,0,3,35,0,0,0,0,1,0,0,0,2,1.55,2,1.55,2,0,0,0,0,0,0,0.00,0,0,0,0,0,0,3,2,1,1,1,0,0,,0,2,0,2,1,4,0,0,1.3,50,0,10,22,19,4,50,4,1,25.0,3,75.0,28,258,142,5,2,2,1,1,33,4,1500,78000
Kyle Walker,DF,Manchester City,30,24,22,1946.0,21.6,1,1,2,1,0,0,1,0,0.3,0.3,0.6,0.9,0.05,0.05,0.09,0.05,0.01,0.03,0.01,0.04,0.0,0.0,0.0,0.0,0.0,0.0,0.0,0.0,0.0,0.0,0.0,0.0,0.0,0.0,0.0,0.0,0.0,0.0,0.0,0.0,0.0,0.0,0.0,0.0,10,3,30.0,0.46,0.14,0.10,0.33,29.2,1709,1941,88.0,29726,7602,782,828,94.4,741,819,90.5,147,202,72.8,7,183,12,2,130,1751,185,20,1,25,38,165,0,5,33,1.53,33,1.53,27,3,1,1,1,0,3,0.14,3,0,0,0,0,0,29,19,15,12,2,16,24,66.7,8,19,7,12,14,43,28,0,21.6,2098,49,373,1327,419,15,2098,41,24,58.5,17,41.5,1337,7284,3784,80,67,6,16,17,1589,71,110000,5720000
Kyle Walker-Peters,DF,Southampton,23,30,30,2645.0,29.4,0,2,2,0,0,0,4,0,1.0,1.0,1.2,2.2,0.00,0.07,0.07,0.00,0.04,0.04,0.04,0.08,0.0,0.0,0.0,0.0,0.0,0.0,0.0,0.0,0.0,0.0,0.0,0.0,0.0,0.0,0.0,0.0,0.0,0.0,0.0,0.0,0.0,0.0,0.0,0.0,18,7,38.9,0.61,0.24,0.00,0.00,18.8,1321,1669,79.1,19144,6069,744,835,89.1,462,591,78.2,53,115,46.1,16,67,18,1,89,1335,330,23,0,2,35,307,0,4,53,1.80,53,1.80,38,2,3,3,7,0,8,0.27,4,1,0,0,3,0,83,53,56,25,2,34,57,59.6,23,41,10,31,38,121,66,2,29.4,2020,103,583,1063,407,52,2020,65,46,70.8,19,29.2,1034,6415,3451,92,67,16,37,49,1132,112,20000,1040000
Leander Dendoncker,"MF,DF",Wolves,25,33,28,2503.0,27.8,1,0,1,1,0,0,4,0,3.1,3.1,0.7,3.9,0.04,0.00,0.04,0.04,0.11,0.03,0.11,0.14,0.0,0.0,0.0,0.0,0.0,0.0,0.0,0.0,0.0,0.0,0.0,0.0,0.0,0.0,0.0,0.0,0.0,0.0,0.0,0.0,0.0,0.0,0.0,0.0,31,8,25.8,1.11,0.29,0.03,0.13,15.0,1032,1212,85.1,17020,4193,476,541,88.0,442,492,89.8,74,97,76.3,17,68,8,1,88,1194,18,17,1,15,8,1,0,0,46,1.65,46,1.65,39,0,0,4,1,2,6,0.22,4,0,0,2,0,0,54,29,29,22,3,31,60,51.7,29,38,15,23,27,81,52,2,27.8,1488,95,435,834,227,59,1488,13,7,53.8,6,46.2,727,3396,1628,15,12,4,30,11,967,31,90000,4680000
Leandro Trossard,"MF,FW",Brighton,25,35,30,2607.0,29.0,5,5,10,5,0,0,2,0,4.6,4.6,4.9,9.5,0.17,0.17,0.35,0.17,0.16,0.17,0.16,0.33,0.0,0.0,0.0,0.0,0.0,0.0,0.0,0.0,0.0,0.0,0.0,0.0,0.0,0.0,0.0,0.0,0.0,0.0,0.0,0.0,0.0,0.0,0.0,0.0,58,23,39.7,2.00,0.79,0.09,0.22,18.6,816,1094,74.6,13988,3742,389,471,82.6,302,375,80.5,93,141,66.0,50,80,58,10,142,1019,68,22,0,14,83,6,34,7,110,3.79,110,3.79,80,13,3,8,3,3,11,0.38,6,3,1,1,0,0,33,14,11,16,6,10,36,27.8,26,34,2,32,26,59,7,1,29.0,1401,5,137,556,725,113,1401,68,39,57.4,29,42.6,869,5382,2299,73,50,20,67,60,988,219,42500,2210000
Lee Peltier,DF,West Brom,33,4,3,229.0,2.5,0,0,0,0,0,0,1,0,0.0,0.0,0.0,0.0,0.00,0.00,0.00,0.00,0.00,0.01,0.00,0.01,0.0,0.0,0.0,0.0,0.0,0.0,0.0,0.0,0.0,0.0,0.0,0.0,0.0,0.0,0.0,0.0,0.0,0.0,0.0,0.0,0.0,0.0,0.0,0.0,0,0,,0.00,0.00,,,,49,80,61.3,774,231,25,28,89.3,20,32,62.5,3,13,23.1,1,5,2,2,6,67,13,1,0,0,3,12,0,0,3,1.18,3,1.18,3,0,0,0,0,0,1,0.39,1,0,0,0,0,0,9,4,8,1,0,4,4,100.0,0,1,1,0,1,10,11,0,2.5,106,16,46,49,13,0,106,1,1,100.0,0,0.0,39,142,69,0,2,0,3,0,45,4,20000,1040000
Leif Davis,DF,Leeds United,20,2,0,33.0,0.4,0,0,0,0,0,0,0,0,0.0,0.0,0.0,0.0,0.00,0.00,0.00,0.00,0.00,0.00,0.00,0.00,0.0,0.0,0.0,0.0,0.0,0.0,0.0,0.0,0.0,0.0,0.0,0.0,0.0,0.0,0.0,0.0,0.0,0.0,0.0,0.0,0.0,0.0,0.0,0.0,0,0,,0.00,0.00,,,,17,19,89.5,336,162,6,6,100.0,9,10,90.0,2,3,66.7,0,0,1,0,1,19,0,0,0,1,0,0,0,0,1,2.73,1,2.73,1,0,0,0,0,0,0,0.00,0,0,0,0,0,0,0,0,0,0,0,0,3,0.0,3,1,0,1,1,1,0,0,0.4,25,3,16,7,3,0,25,0,0,,0,,15,100,46,1,2,0,1,1,17,0,596,31000
Lewis Dunk,DF,Brighton,28,33,33,2931.0,32.6,5,0,5,5,0,0,5,2,2.2,2.2,1.2,3.4,0.15,0.00,0.15,0.15,0.07,0.04,0.07,0.10,0.0,0.0,0.0,0.0,0.0,0.0,0.0,0.0,0.0,0.0,0.0,0.0,0.0,0.0,0.0,0.0,0.0,0.0,0.0,0.0,0.0,0.0,0.0,0.0,32,14,43.8,0.98,0.43,0.16,0.36,15.2,2000,2240,89.3,40874,13278,601,645,93.2,1094,1142,95.8,276,405,68.1,10,100,2,0,82,2153,83,71,0,22,1,12,0,4,26,0.80,26,0.80,20,1,0,5,0,0,0,0.00,0,0,0,0,0,0,30,15,20,8,2,16,23,69.6,7,29,20,9,32,62,106,0,32.6,2511,361,1412,997,114,48,2511,8,6,75.0,2,25.0,1514,7618,3763,27,15,0,12,1,1743,7,45000,2340000
Lewis Richardson,"FW,MF",Burnley,17,2,0,4.0,0.0,0,0,0,0,0,0,0,0,0.0,0.0,0.0,0.0,0.00,0.00,0.00,0.00,0.00,0.00,0.00,0.00,0.0,0.0,0.0,0.0,0.0,0.0,0.0,0.0,0.0,0.0,0.0,0.0,0.0,0.0,0.0,0.0,0.0,0.0,0.0,0.0,0.0,0.0,0.0,0.0,0,0,,0.00,0.00,,,,0,1,0.0,0,0,0,0,,0,0,,0,0,,0,0,0,0,0,1,0,0,0,0,0,0,0,0,0,0.00,0,0.00,0,0,0,0,0,0,0,0.00,0,0,0,0,0,0,0,0,0,0,0,0,0,,0,0,0,0,0,0,0,0,0.0,2,0,0,0,2,0,2,1,0,0.0,1,100.0,2,18,2,1,0,0,0,0,2,1,0.0,0.0
Liam Cooper,DF,Leeds United,28,25,25,2185.0,24.3,1,0,1,1,0,0,4,1,1.8,1.8,0.0,1.8,0.04,0.00,0.04,0.04,0.08,0.00,0.08,0.08,0.0,0.0,0.0,0.0,0.0,0.0,0.0,0.0,0.0,0.0,0.0,0.0,0.0,0.0,0.0,0.0,0.0,0.0,0.0,0.0,0.0,0.0,0.0,0.0,15,8,53.3,0.62,0.33,0.07,0.13,8.9,1415,1662,85.1,28083,9127,404,441,91.6,862,921,93.6,133,248,53.6,0,63,3,0,88,1604,49,46,0,21,0,3,0,9,17,0.70,17,0.70,13,0,0,3,0,1,2,0.08,2,0,0,0,0,0,68,45,39,27,2,37,59,62.7,22,39,32,7,61,129,70,1,24.3,1934,207,1087,806,51,23,1934,4,3,75.0,1,25.0,1122,5979,3577,12,8,0,7,1,1242,1,6500,338000
Liam Delap,FW,Manchester City,17,1,0,40.0,0.4,0,0,0,0,0,0,0,0,0.0,0.0,0.0,0.0,0.00,0.00,0.00,0.00,0.10,0.00,0.10,0.10,0.0,0.0,0.0,0.0,0.0,0.0,0.0,0.0,0.0,0.0,0.0,0.0,0.0,0.0,0.0,0.0,0.0,0.0,0.0,0.0,0.0,0.0,0.0,0.0,1,0,0.0,2.25,0.00,0.00,,13.0,5,6,83.3,42,0,4,4,100.0,0,1,0.0,0,0,,0,0,0,0,0,2,4,0,0,0,0,0,0,0,1,2.25,1,2.25,1,0,0,0,0,0,0,0.00,0,0,0,0,0,0,0,0,0,0,0,0,0,,0,0,0,0,0,0,0,0,0.4,10,0,0,7,3,1,10,0,0,,0,,5,7,0,0,0,0,3,1,7,1,0.0,0.0
Lucas Digne,"DF,MF",Everton,27,30,30,2681.0,29.8,0,7,7,0,0,0,2,1,0.5,0.5,5.2,5.7,0.00,0.23,0.23,0.00,0.02,0.17,0.02,0.19,0.0,0.0,0.0,0.0,0.0,0.0,0.0,0.0,0.0,0.0,0.0,0.0,0.0,0.0,0.0,0.0,0.0,0.0,0.0,0.0,0.0,0.0,0.0,0.0,13,0,0.0,0.44,0.00,0.00,,23.7,1231,1736,70.9,19677,7569,652,744,87.6,447,616,72.6,92,232,39.7,44,63,34,26,98,1373,355,64,0,8,215,247,44,8,76,2.55,76,2.55,52,18,0,5,1,0,12,0.40,7,3,0,2,0,0,63,38,40,16,7,29,54,53.7,25,42,4,38,31,94,87,0,29.8,2026,100,546,836,657,35,2026,28,18,64.3,10,35.7,905,4384,2316,59,33,3,33,20,1088,197,90000,4680000
Lucas Moura,"FW,MF",Tottenham,27,30,14,1411.0,15.7,3,4,7,3,0,0,1,0,1.9,1.9,2.0,3.9,0.19,0.26,0.45,0.19,0.12,0.13,0.12,0.25,0.0,0.0,0.0,0.0,0.0,0.0,0.0,0.0,0.0,0.0,0.0,0.0,0.0,0.0,0.0,0.0,0.0,0.0,0.0,0.0,0.0,0.0,0.0,0.0,18,6,33.3,1.15,0.38,0.17,0.50,16.1,437,602,72.6,5967,1561,240,294,81.6,143,181,79.0,16,37,43.2,16,35,14,2,46,577,22,5,1,1,26,4,10,3,39,2.49,39,2.49,27,3,1,2,4,2,9,0.57,7,0,0,1,0,1,32,16,12,16,4,8,29,27.6,21,12,0,12,18,50,10,0,15.7,833,16,99,438,318,38,833,70,33,47.1,37,52.9,480,3178,1466,43,49,8,48,37,588,78,80000,4160000
Luka Milivojević,MF,Crystal Palace,29,31,27,2359.0,26.2,1,1,2,0,1,2,8,1,2.4,0.8,1.7,2.5,0.04,0.04,0.08,0.00,0.09,0.07,0.03,0.10,0.0,0.0,0.0,0.0,0.0,0.0,0.0,0.0,0.0,0.0,0.0,0.0,0.0,0.0,0.0,0.0,0.0,0.0,0.0,0.0,0.0,0.0,0.0,0.0,17,5,29.4,0.65,0.19,0.00,0.00,28.4,1091,1341,81.4,19143,6716,485,553,87.7,453,521,86.9,115,187,61.5,21,117,10,1,120,1237,99,66,2,10,38,4,23,5,49,1.87,49,1.87,31,14,1,2,1,0,3,0.11,3,0,0,0,0,0,65,34,25,31,9,42,77,54.5,35,29,6,23,35,100,47,2,26.2,1589,87,443,961,204,9,1587,14,8,57.1,6,42.9,798,3981,1678,12,13,2,13,19,947,11,55000,2860000
Luke Ayling,DF,Leeds United,28,38,38,3399.0,37.8,0,0,0,0,0,0,7,0,1.7,1.7,3.2,4.9,0.00,0.00,0.00,0.00,0.05,0.08,0.05,0.13,0.0,0.0,0.0,0.0,0.0,0.0,0.0,0.0,0.0,0.0,0.0,0.0,0.0,0.0,0.0,0.0,0.0,0.0,0.0,0.0,0.0,0.0,0.0,0.0,24,6,25.0,0.64,0.16,0.00,0.00,18.7,2161,2770,78.0,39595,16160,910,1029,88.4,956,1148,83.3,248,451,55.0,27,179,32,12,224,2407,355,56,4,50,82,299,0,8,52,1.38,52,1.38,43,2,3,1,3,0,4,0.11,4,0,0,0,0,0,108,61,69,30,9,49,87,56.3,38,53,36,17,36,144,96,5,37.8,3219,236,1348,1400,498,68,3219,59,41,69.5,18,30.5,1818,11724,7382,110,39,6,55,21,2030,110,8000,416000
Luke Shaw,DF,Manchester Utd,25,32,30,2654.0,29.5,1,5,6,1,0,0,8,0,0.6,0.6,6.4,7.0,0.03,0.17,0.20,0.03,0.02,0.22,0.02,0.24,0.0,0.0,0.0,0.0,0.0,0.0,0.0,0.0,0.0,0.0,0.0,0.0,0.0,0.0,0.0,0.0,0.0,0.0,0.0,0.0,0.0,0.0,0.0,0.0,11,6,54.5,0.37,0.20,0.09,0.17,17.3,1650,2068,79.8,23339,9202,989,1082,91.4,483,588,82.1,99,212,46.7,72,103,42,14,147,1674,386,27,0,2,189,262,97,8,115,3.90,115,3.90,75,33,2,1,4,0,9,0.31,6,2,0,0,1,0,44,28,21,16,7,21,36,58.3,15,34,9,25,20,64,44,2,29.5,2310,84,541,926,877,62,2310,56,36,64.3,20,35.7,1249,7878,4699,110,87,17,25,21,1429,209,150000,7800000
Luke Thomas,DF,Leicester City,19,14,12,969.0,10.8,1,0,1,1,0,0,2,0,0.3,0.3,0.7,1.0,0.09,0.00,0.09,0.09,0.03,0.06,0.03,0.09,0.0,0.0,0.0,0.0,0.0,0.0,0.0,0.0,0.0,0.0,0.0,0.0,0.0,0.0,0.0,0.0,0.0,0.0,0.0,0.0,0.0,0.0,0.0,0.0,7,3,42.9,0.65,0.28,0.14,0.33,13.7,358,498,71.9,4934,1734,216,260,83.1,106,148,71.6,14,38,36.8,7,19,7,2,27,415,81,7,0,2,17,74,0,2,17,1.58,17,1.58,13,0,0,1,1,2,3,0.28,3,0,0,0,0,0,23,14,11,5,7,14,21,66.7,7,15,2,13,17,40,21,0,10.8,635,27,162,282,195,16,635,18,6,33.3,12,66.7,288,1437,559,15,8,3,15,12,363,45,1500,78000
Lys Mousset,"FW,MF",Sheffield Utd,24,11,2,296.0,3.3,0,0,0,0,0,0,0,0,1.0,1.0,0.3,1.3,0.00,0.00,0.00,0.00,0.29,0.10,0.29,0.39,0.0,0.0,0.0,0.0,0.0,0.0,0.0,0.0,0.0,0.0,0.0,0.0,0.0,0.0,0.0,0.0,0.0,0.0,0.0,0.0,0.0,0.0,0.0,0.0,4,2,50.0,1.22,0.61,0.00,0.00,16.8,34,46,73.9,476,74,19,22,86.4,11,14,78.6,2,3,66.7,3,4,0,0,3,38,7,0,0,0,1,0,0,1,6,1.82,6,1.82,5,0,1,0,0,0,0,0.00,0,0,0,0,0,0,1,0,0,0,1,0,2,0.0,2,1,0,1,0,1,1,1,3.3,85,0,3,39,43,10,85,13,4,30.8,9,69.2,47,224,70,3,0,2,12,9,63,16,25000,1300000
Mamadou Sakho,DF,Crystal Palace,30,4,3,276.0,3.1,0,0,0,0,0,0,0,0,0.1,0.1,0.0,0.1,0.00,0.00,0.00,0.00,0.02,0.00,0.02,0.02,0.0,0.0,0.0,0.0,0.0,0.0,0.0,0.0,0.0,0.0,0.0,0.0,0.0,0.0,0.0,0.0,0.0,0.0,0.0,0.0,0.0,0.0,0.0,0.0,1,0,0.0,0.33,0.00,0.00,,12.3,83,94,88.3,1495,730,32,37,86.5,41,41,100.0,6,11,54.5,0,3,0,0,4,78,16,14,0,1,0,2,0,0,0,0.00,0,0.00,0,0,0,0,0,0,0,0.00,0,0,0,0,0,0,3,2,1,2,0,3,3,100.0,0,3,2,1,3,6,11,0,3.1,121,24,58,58,5,2,121,0,0,,0,,62,255,143,0,0,0,3,1,59,2,100000,5200000
Manuel Lanzini,"MF,FW",West Ham,27,17,5,566.0,6.3,1,1,2,1,0,0,1,0,1.0,1.0,0.9,1.8,0.16,0.16,0.32,0.16,0.15,0.14,0.15,0.29,0.0,0.0,0.0,0.0,0.0,0.0,0.0,0.0,0.0,0.0,0.0,0.0,0.0,0.0,0.0,0.0,0.0,0.0,0.0,0.0,0.0,0.0,0.0,0.0,12,3,25.0,1.91,0.48,0.08,0.33,18.4,338,375,90.1,4801,1253,202,215,94.0,109,117,93.2,14,19,73.7,11,27,2,0,28,364,10,4,0,0,3,1,1,1,22,3.50,22,3.50,18,1,1,1,1,0,3,0.48,2,0,0,0,1,0,9,2,3,4,2,3,10,30.0,7,9,0,9,7,16,5,0,6.3,455,9,81,237,144,14,455,13,6,46.2,7,53.8,277,1528,647,7,14,2,14,9,333,20,70000,3640000
Marc Albrighton,"DF,FW",Leicester City,30,31,17,1746.0,19.4,1,5,6,1,0,0,2,0,1.2,1.2,3.5,4.7,0.05,0.26,0.31,0.05,0.06,0.18,0.06,0.24,0.0,0.0,0.0,0.0,0.0,0.0,0.0,0.0,0.0,0.0,0.0,0.0,0.0,0.0,0.0,0.0,0.0,0.0,0.0,0.0,0.0,0.0,0.0,0.0,21,9,42.9,1.08,0.46,0.05,0.11,21.2,627,933,67.2,10197,3898,345,408,84.6,193,262,73.7,67,157,42.7,38,54,37,14,84,830,97,8,1,9,118,60,29,6,77,3.97,77,3.97,59,5,5,2,3,3,12,0.62,8,2,0,1,0,1,33,19,14,15,4,16,45,35.6,29,29,3,26,17,50,27,1,19.4,1163,37,246,462,476,37,1163,66,37,56.1,29,43.9,615,3494,1576,46,33,7,33,29,725,139,45000,2340000
Marcos Alonso,DF,Chelsea,29,13,11,960.0,10.7,2,0,2,2,0,0,2,0,1.8,1.8,1.3,3.2,0.19,0.00,0.19,0.19,0.17,0.13,0.17,0.30,0.0,0.0,0.0,0.0,0.0,0.0,0.0,0.0,0.0,0.0,0.0,0.0,0.0,0.0,0.0,0.0,0.0,0.0,0.0,0.0,0.0,0.0,0.0,0.0,22,9,40.9,2.06,0.84,0.09,0.22,17.6,493,610,80.8,7494,2506,278,306,90.8,184,221,83.3,24,49,49.0,15,29,8,1,42,517,90,11,0,3,24,75,4,3,36,3.38,36,3.38,29,2,0,5,0,0,3,0.28,2,0,0,1,0,0,13,3,6,4,3,7,14,50.0,7,12,1,11,12,25,30,0,10.7,729,32,199,300,238,38,729,17,9,52.9,8,47.1,362,1815,1095,24,18,4,13,9,450,74,100000,5200000
Marcus Rashford,FW,Manchester Utd,22,37,33,2920.0,32.4,11,9,20,11,0,0,4,0,8.9,8.9,3.8,12.8,0.34,0.28,0.62,0.34,0.28,0.12,0.28,0.39,0.0,0.0,0.0,0.0,0.0,0.0,0.0,0.0,0.0,0.0,0.0,0.0,0.0,0.0,0.0,0.0,0.0,0.0,0.0,0.0,0.0,0.0,0.0,0.0,79,36,45.6,2.43,1.11,0.14,0.31,18.9,1001,1248,80.2,14132,2775,579,663,87.3,303,367,82.6,54,84,64.3,43,44,54,5,117,1216,28,3,1,13,36,19,1,4,116,3.58,116,3.58,87,0,17,5,7,0,20,0.62,16,0,3,0,1,0,18,9,2,8,8,7,27,25.9,20,22,2,20,8,26,10,0,32.4,1614,18,105,548,988,165,1614,163,82,50.3,79,48.5,1008,6984,3560,134,100,78,77,50,1341,330,200000,10400000
Marek Rodák,GK,Fulham,23,2,2,180.0,2.0,0,0,0,0,0,0,0,0,0.0,0.0,0.0,0.0,0.00,0.00,0.00,0.00,0.00,0.00,0.00,0.00,2.50,9,4,55.6,0,0.0,4.0,0.44,6,13,46.2,40,6,27.5,30.2,7,28.6,30.1,17,1,5.9,2,1.00,14.0,0,0,,0.00,0.00,,,,39,47,83.0,989,636,9,9,100.0,19,19,100.0,10,18,55.6,0,0,0,0,0,38,9,2,0,1,0,0,0,0,0,0.00,0,0.00,0,0,0,0,0,0,0,0.00,0,0,0,0,0,0,0,0,0,0,0,0,0,,0,0,0,0,0,0,0,0,2.0,50,45,50,0,0,0,50,0,0,,0,,29,124,60,0,0,0,0,0,28,0,4500,234000
Mario Lemina,MF,Fulham,26,28,19,1703.0,18.9,1,0,1,1,0,0,5,0,0.7,0.7,0.8,1.5,0.05,0.00,0.05,0.05,0.04,0.04,0.04,0.08,0.0,0.0,0.0,0.0,0.0,0.0,0.0,0.0,0.0,0.0,0.0,0.0,0.0,0.0,0.0,0.0,0.0,0.0,0.0,0.0,0.0,0.0,0.0,0.0,19,2,10.5,1.00,0.11,0.05,0.50,24.2,744,897,82.9,13301,3779,330,382,86.4,318,364,87.4,75,114,65.8,12,57,12,0,78,878,17,13,1,6,4,4,0,2,27,1.43,27,1.43,18,0,5,2,1,1,2,0.11,0,0,0,0,1,1,62,35,25,30,7,23,44,52.3,21,26,5,21,30,92,21,0,18.9,1133,46,324,647,178,11,1133,37,26,70.3,11,29.7,649,3733,1746,19,24,1,26,22,722,15,40000,2080000
Mark Noble,MF,West Ham,33,21,8,712.0,7.9,0,0,0,0,0,0,1,0,0.0,0.0,0.3,0.3,0.00,0.00,0.00,0.00,0.01,0.03,0.01,0.04,0.0,0.0,0.0,0.0,0.0,0.0,0.0,0.0,0.0,0.0,0.0,0.0,0.0,0.0,0.0,0.0,0.0,0.0,0.0,0.0,0.0,0.0,0.0,0.0,1,0,0.0,0.13,0.00,0.00,,22.3,388,442,87.8,6706,1799,172,189,91.0,160,175,91.4,41,52,78.8,5,41,5,2,25,405,36,16,0,2,7,4,5,1,13,1.64,13,1.64,9,3,0,0,0,1,0,0.00,0,0,0,0,0,0,8,4,2,5,1,4,14,28.6,10,7,3,4,13,21,3,0,7.9,487,8,88,337,66,3,487,2,2,100.0,0,0.0,284,1252,520,11,6,2,5,6,338,13,50000,2600000
Martin Dúbravka,GK,Newcastle Utd,31,13,13,1170.0,13.0,0,0,0,0,0,0,0,0,0.0,0.0,0.0,0.0,0.00,0.00,0.00,0.00,0.00,0.00,0.00,0.00,1.46,62,44,71.0,3,23.1,16.6,0.25,70,166,42.2,316,67,32.9,32.5,122,50.8,40.5,244,9,3.7,11,0.85,12.6,0,0,,0.00,0.00,,,,322,438,73.5,8867,5683,75,77,97.4,134,138,97.1,107,216,49.5,0,3,0,0,0,272,166,44,0,4,0,0,0,0,0,0.00,0,0.00,0,0,0,0,0,0,0,0.00,0,0,0,0,0,0,0,0,0,0,0,0,0,,0,0,0,0,0,0,3,0,13.0,467,400,465,2,0,0,467,0,0,,0,,232,1356,698,0,0,0,1,0,165,0,38077,1980000
Martin Kelly,DF,Crystal Palace,30,1,0,2.0,0.0,0,0,0,0,0,0,0,0,0.0,0.0,0.0,0.0,0.00,0.00,0.00,0.00,0.00,0.00,0.00,0.00,0.0,0.0,0.0,0.0,0.0,0.0,0.0,0.0,0.0,0.0,0.0,0.0,0.0,0.0,0.0,0.0,0.0,0.0,0.0,0.0,0.0,0.0,0.0,0.0,0,0,,0.00,0.00,,,,2,3,66.7,28,15,2,3,66.7,0,0,,0,0,,0,0,0,0,0,3,0,0,0,0,0,0,0,0,0,0.00,0,0.00,0,0,0,0,0,0,0,0.00,0,0,0,0,0,0,1,0,1,0,0,1,1,100.0,0,0,0,0,0,1,0,0,0.0,4,1,3,1,0,0,4,0,0,,0,,1,2,0,0,0,0,0,0,0,0,25000,1300000
Martin Ødegaard,MF,Arsenal,21,14,9,866.0,9.6,1,2,3,1,0,0,0,0,0.7,0.7,2.0,2.7,0.10,0.21,0.31,0.10,0.08,0.21,0.08,0.29,0.0,0.0,0.0,0.0,0.0,0.0,0.0,0.0,0.0,0.0,0.0,0.0,0.0,0.0,0.0,0.0,0.0,0.0,0.0,0.0,0.0,0.0,0.0,0.0,15,3,20.0,1.56,0.31,0.07,0.33,22.5,462,533,86.7,6611,1663,249,263,94.7,149,175,85.1,24,46,52.2,20,43,18,2,65,472,61,15,2,1,36,1,30,0,42,4.36,42,4.36,34,4,2,1,1,0,5,0.52,5,0,0,0,0,0,9,3,2,6,1,4,14,28.6,10,2,0,2,2,11,5,0,9.6,598,6,56,283,265,22,598,17,13,76.5,4,23.5,388,2071,859,16,18,3,14,11,460,49,69423,3610000
Marvelous Nakamba,MF,Aston Villa,26,13,9,749.0,8.3,0,0,0,0,0,0,3,0,0.0,0.0,0.1,0.1,0.00,0.00,0.00,0.00,0.01,0.01,0.01,0.01,0.0,0.0,0.0,0.0,0.0,0.0,0.0,0.0,0.0,0.0,0.0,0.0,0.0,0.0,0.0,0.0,0.0,0.0,0.0,0.0,0.0,0.0,0.0,0.0,2,1,50.0,0.24,0.12,0.00,0.00,28.9,240,286,83.9,3705,971,126,140,90.0,94,108,87.0,12,21,57.1,2,18,0,0,9,281,5,5,0,1,1,0,0,0,5,0.60,5,0.60,4,0,0,0,0,1,0,0.00,0,0,0,0,0,0,22,14,10,11,1,7,12,58.3,5,16,5,11,17,39,9,1,8.3,372,25,139,204,31,1,372,4,4,100.0,0,0.0,194,827,354,1,7,0,8,2,208,2,32500,1690000
Mason Greenwood,FW,Manchester Utd,18,31,21,1822.0,20.2,7,2,9,7,0,0,2,0,6.0,6.0,2.2,8.2,0.35,0.10,0.44,0.35,0.29,0.11,0.29,0.40,0.0,0.0,0.0,0.0,0.0,0.0,0.0,0.0,0.0,0.0,0.0,0.0,0.0,0.0,0.0,0.0,0.0,0.0,0.0,0.0,0.0,0.0,0.0,0.0,67,23,34.3,3.31,1.14,0.10,0.30,16.8,614,747,82.2,8841,1423,370,417,88.7,175,203,86.2,39,62,62.9,14,22,21,3,52,737,9,2,2,11,30,2,4,1,50,2.47,50,2.47,30,1,6,8,5,0,5,0.25,3,0,1,1,0,0,13,10,6,4,3,5,22,22.7,17,9,0,9,5,18,1,0,20.2,960,4,93,387,492,100,960,66,36,54.5,30,45.5,670,4542,2186,67,37,35,35,29,816,175,40000,2080000
Mason Holgate,DF,Everton,23,28,26,2287.0,25.4,1,0,1,1,0,0,9,0,1.0,1.0,0.7,1.7,0.04,0.00,0.04,0.04,0.04,0.03,0.04,0.07,0.0,0.0,0.0,0.0,0.0,0.0,0.0,0.0,0.0,0.0,0.0,0.0,0.0,0.0,0.0,0.0,0.0,0.0,0.0,0.0,0.0,0.0,0.0,0.0,5,3,60.0,0.20,0.12,0.20,0.33,11.8,961,1256,76.5,19466,6920,321,360,89.2,494,599,82.5,137,257,53.3,8,55,12,4,57,1098,155,29,1,15,26,124,0,3,22,0.87,22,0.87,15,3,0,0,3,1,0,0.00,0,0,0,0,0,0,56,36,31,18,7,20,50,40.0,30,37,13,24,35,91,90,3,25.4,1517,164,709,663,155,8,1517,11,8,72.7,3,27.3,756,3816,2160,21,9,0,14,6,871,36,25000,1300000
Mason Mount,MF,Chelsea,21,36,32,2890.0,32.1,6,5,11,5,1,1,2,0,6.3,5.5,8.2,13.7,0.19,0.16,0.34,0.16,0.20,0.26,0.17,0.43,0.0,0.0,0.0,0.0,0.0,0.0,0.0,0.0,0.0,0.0,0.0,0.0,0.0,0.0,0.0,0.0,0.0,0.0,0.0,0.0,0.0,0.0,0.0,0.0,81,25,30.9,2.52,0.78,0.06,0.20,21.1,1549,1900,81.5,23673,6490,812,892,91.0,487,585,83.2,134,214,62.6,87,149,47,5,233,1690,199,33,3,19,170,17,126,11,169,5.26,169,5.26,97,46,11,7,7,1,14,0.44,6,4,1,2,1,0,75,35,22,38,15,25,69,36.2,44,40,2,38,31,106,14,0,32.1,2305,22,240,1022,1064,127,2304,81,43,53.1,38,46.9,1330,7463,3970,131,93,37,56,41,1640,225,88462,4600000
Mateo Kovačić,MF,Chelsea,26,27,21,1815.0,20.2,0,1,1,0,0,0,4,0,1.0,1.0,1.7,2.7,0.00,0.05,0.05,0.00,0.05,0.08,0.05,0.13,0.0,0.0,0.0,0.0,0.0,0.0,0.0,0.0,0.0,0.0,0.0,0.0,0.0,0.0,0.0,0.0,0.0,0.0,0.0,0.0,0.0,0.0,0.0,0.0,23,4,17.4,1.14,0.20,0.00,0.00,24.3,1603,1774,90.4,26888,7292,755,802,94.1,636,688,92.4,148,186,79.6,21,160,23,0,189,1743,27,25,7,15,6,2,0,4,55,2.73,55,2.73,50,0,1,1,2,1,4,0.20,4,0,0,0,0,0,46,28,19,24,3,17,32,53.1,15,18,1,17,15,61,11,2,20.2,1950,16,315,1290,365,15,1950,65,53,81.5,12,18.5,1306,7349,3617,51,54,3,26,23,1645,37,100000,5200000
Mateusz Klich,MF,Leeds United,30,35,28,2393.0,26.6,4,5,9,2,2,2,6,0,3.0,1.4,3.4,4.9,0.15,0.19,0.34,0.08,0.11,0.13,0.05,0.18,0.0,0.0,0.0,0.0,0.0,0.0,0.0,0.0,0.0,0.0,0.0,0.0,0.0,0.0,0.0,0.0,0.0,0.0,0.0,0.0,0.0,0.0,0.0,0.0,34,9,26.5,1.28,0.34,0.06,0.22,22.9,1228,1545,79.5,18574,4943,621,720,86.3,424,508,83.5,94,163,57.7,44,105,40,4,184,1469,70,42,1,7,63,9,19,6,107,4.02,107,4.02,92,6,1,6,2,0,15,0.56,13,1,1,0,0,0,38,20,14,20,4,14,61,23.0,47,13,4,9,11,49,16,0,26.6,1753,27,240,880,655,56,1751,27,13,48.1,14,51.9,1011,5531,2617,70,69,4,40,22,1255,152,7750,403000
Matheus Pereira,"MF,FW",West Brom,24,33,30,2577.0,28.6,11,6,17,7,4,4,2,1,7.3,4.2,6.3,10.5,0.38,0.21,0.59,0.24,0.26,0.22,0.15,0.37,0.0,0.0,0.0,0.0,0.0,0.0,0.0,0.0,0.0,0.0,0.0,0.0,0.0,0.0,0.0,0.0,0.0,0.0,0.0,0.0,0.0,0.0,0.0,0.0,61,23,37.7,2.13,0.80,0.11,0.30,23.1,790,1097,72.0,12365,4136,443,510,86.9,213,301,70.8,90,193,46.6,59,63,42,8,115,907,184,75,9,15,145,6,85,6,118,4.12,118,4.12,77,26,5,2,8,0,10,0.35,8,0,0,0,2,0,26,15,14,10,2,12,54,22.2,42,18,0,18,29,55,16,0,28.6,1411,27,177,589,659,69,1406,74,40,54.1,34,45.9,732,4513,2178,79,44,20,74,45,880,133,6000,312000
Mathew Ryan,GK,Brighton,28,11,11,990.0,11.0,0,0,0,0,0,0,1,0,0.0,0.0,0.0,0.0,0.00,0.00,0.00,0.00,0.00,0.00,0.00,0.00,0.67,10,8,90.0,1,33.3,3.6,0.27,3,7,42.9,59,21,6.8,21.9,9,33.3,29.9,28,6,21.4,4,1.33,14.3,0,0,,0.00,0.00,,,,63,68,92.6,1313,828,14,14,100.0,41,41,100.0,7,12,58.3,1,0,0,0,0,56,12,3,0,0,0,0,0,0,1,0.33,1,0.33,1,0,0,0,0,0,0,0.00,0,0,0,0,0,0,0,0,0,0,0,0,0,,0,0,0,0,0,0,1,0,3.0,75,53,70,4,1,1,75,0,0,,0,,44,231,144,0,0,0,0,0,31,1,35000,1820000
Mathew Ryan,GK,Arsenal,28,3,3,270.0,3.0,0,0,0,0,0,0,0,0,0.0,0.0,0.1,0.1,0.00,0.00,0.00,0.00,0.00,0.02,0.00,0.02,0.67,10,8,90.0,1,33.3,3.6,0.27,3,7,42.9,59,21,6.8,21.9,9,33.3,29.9,28,6,21.4,4,1.33,14.3,0,0,,0.00,0.00,,,,63,68,92.6,1313,828,14,14,100.0,41,41,100.0,7,12,58.3,1,0,0,0,0,56,12,3,0,0,0,0,0,0,1,0.33,1,0.33,1,0,0,0,0,0,0,0.00,0,0,0,0,0,0,0,0,0,0,0,0,0,,0,0,0,0,0,0,1,0,3.0,75,53,70,4,1,1,75,0,0,,0,,44,231,144,0,0,0,0,0,31,1,35000,1820000
Matt Doherty,DF,Tottenham,28,17,13,1240.0,13.8,0,2,2,0,0,0,4,1,0.4,0.4,0.7,1.1,0.00,0.15,0.15,0.00,0.03,0.05,0.03,0.08,0.0,0.0,0.0,0.0,0.0,0.0,0.0,0.0,0.0,0.0,0.0,0.0,0.0,0.0,0.0,0.0,0.0,0.0,0.0,0.0,0.0,0.0,0.0,0.0,3,1,33.3,0.22,0.07,0.00,0.00,16.7,657,841,78.1,9650,3462,363,410,88.5,229,298,76.8,33,65,50.8,11,25,15,7,42,700,139,7,0,4,31,132,0,2,21,1.53,21,1.53,18,0,1,0,2,0,2,0.15,2,0,0,0,0,0,29,15,15,10,4,13,33,39.4,20,20,5,15,23,52,46,0,13.8,1018,59,319,468,240,15,1018,17,5,29.4,12,70.6,486,2013,1050,18,20,1,19,9,592,68,65385,3400000
Matt Phillips,MF,West Brom,29,33,20,1828.0,20.3,2,1,3,2,0,0,1,0,2.8,2.8,3.4,6.3,0.10,0.05,0.15,0.10,0.14,0.17,0.14,0.31,0.0,0.0,0.0,0.0,0.0,0.0,0.0,0.0,0.0,0.0,0.0,0.0,0.0,0.0,0.0,0.0,0.0,0.0,0.0,0.0,0.0,0.0,0.0,0.0,22,10,45.5,1.08,0.49,0.09,0.20,20.6,384,563,68.2,6033,1999,202,253,79.8,128,177,72.3,31,68,45.6,26,26,21,11,51,524,36,9,0,4,72,10,17,3,46,2.26,46,2.26,33,7,4,2,0,0,2,0.10,2,0,0,0,0,0,15,8,4,11,0,7,23,30.4,16,32,4,28,10,25,32,1,20.3,809,45,176,291,353,43,809,56,24,42.9,32,57.1,433,2613,1328,47,33,11,52,25,477,99,20000,1040000
Matt Ritchie,"DF,MF",Newcastle Utd,30,18,15,1350.0,15.0,0,2,2,0,0,0,2,0,0.4,0.4,2.2,2.6,0.00,0.13,0.13,0.00,0.03,0.14,0.03,0.17,0.0,0.0,0.0,0.0,0.0,0.0,0.0,0.0,0.0,0.0,0.0,0.0,0.0,0.0,0.0,0.0,0.0,0.0,0.0,0.0,0.0,0.0,0.0,0.0,11,1,9.1,0.73,0.07,0.00,0.00,22.6,411,611,67.3,7364,2983,194,223,87.0,136,192,70.8,66,162,40.7,25,32,16,13,38,471,136,33,0,3,105,65,38,4,44,2.93,44,2.93,23,17,1,1,2,0,4,0.27,2,1,0,0,1,0,10,3,5,3,2,3,17,17.6,14,17,2,15,12,22,47,0,15.0,751,55,222,296,241,10,751,15,8,53.3,7,46.7,341,1687,933,23,32,2,12,5,380,42,45000,2340000
Matt Targett,DF,Aston Villa,24,38,38,3404.0,37.8,0,2,2,0,0,0,7,0,0.3,0.3,2.5,2.8,0.00,0.05,0.05,0.00,0.01,0.07,0.01,0.07,0.0,0.0,0.0,0.0,0.0,0.0,0.0,0.0,0.0,0.0,0.0,0.0,0.0,0.0,0.0,0.0,0.0,0.0,0.0,0.0,0.0,0.0,0.0,0.0,6,2,33.3,0.16,0.05,0.00,0.00,21.8,1647,2189,75.2,27404,13151,879,1006,87.4,565,742,76.1,159,314,50.6,38,161,47,14,231,1755,422,61,1,13,146,347,14,12,82,2.17,82,2.17,58,19,0,0,3,2,9,0.24,6,2,0,0,1,0,83,39,52,20,11,56,88,63.6,32,40,14,26,55,138,102,1,37.8,2534,160,775,1098,679,35,2534,25,15,60.0,10,40.0,1151,4046,1967,26,30,2,24,6,1348,156,35000,1820000
Matthew Longstaff,MF,Newcastle Utd,20,5,4,377.0,4.2,0,0,0,0,0,0,0,0,0.0,0.0,0.2,0.2,0.00,0.00,0.00,0.00,0.00,0.04,0.00,0.04,0.0,0.0,0.0,0.0,0.0,0.0,0.0,0.0,0.0,0.0,0.0,0.0,0.0,0.0,0.0,0.0,0.0,0.0,0.0,0.0,0.0,0.0,0.0,0.0,0,0,,0.00,0.00,,,,117,146,80.1,1902,416,59,68,86.8,43,53,81.1,11,16,68.8,2,6,1,1,6,141,3,1,0,0,4,1,1,2,5,1.19,5,1.19,5,0,0,0,0,0,0,0.00,0,0,0,0,0,0,3,2,2,1,0,2,8,25.0,6,7,0,7,7,10,2,0,4.2,174,8,48,99,29,1,174,2,2,100.0,0,0.0,88,245,71,1,3,0,1,1,93,2,7500,390000
Matthew Lowton,DF,Burnley,31,34,34,3060.0,34.0,1,1,2,1,0,0,5,0,0.8,0.8,3.1,3.9,0.03,0.03,0.06,0.03,0.02,0.09,0.02,0.12,0.0,0.0,0.0,0.0,0.0,0.0,0.0,0.0,0.0,0.0,0.0,0.0,0.0,0.0,0.0,0.0,0.0,0.0,0.0,0.0,0.0,0.0,0.0,0.0,21,4,19.0,0.62,0.12,0.05,0.25,24.9,1061,1550,68.5,18130,8412,573,640,89.5,337,471,71.5,136,366,37.2,25,125,48,12,127,1254,290,24,2,13,84,266,0,6,61,1.79,61,1.79,49,6,2,1,1,2,4,0.12,4,0,0,0,0,0,54,32,31,22,1,32,73,43.8,41,36,13,23,56,110,91,1,34.0,1882,137,559,902,438,20,1882,40,27,67.5,13,32.5,823,3849,2424,49,36,4,38,10,920,59,25000,1300000
Matty Cash,DF,Aston Villa,22,28,28,2372.0,26.4,0,2,2,0,0,0,8,1,0.3,0.3,1.7,2.0,0.00,0.08,0.08,0.00,0.01,0.07,0.01,0.08,0.0,0.0,0.0,0.0,0.0,0.0,0.0,0.0,0.0,0.0,0.0,0.0,0.0,0.0,0.0,0.0,0.0,0.0,0.0,0.0,0.0,0.0,0.0,0.0,9,2,22.2,0.34,0.08,0.00,0.00,22.9,959,1320,72.7,16255,6050,478,542,88.2,361,480,75.2,101,244,41.4,21,73,23,19,76,1055,261,34,0,9,81,227,0,4,35,1.33,35,1.33,28,3,2,0,1,1,2,0.08,2,0,0,0,0,0,71,40,43,22,6,41,74,55.4,33,50,11,39,60,131,95,0,26.4,1655,143,570,766,335,24,1655,18,12,66.7,6,33.3,756,4248,1961,43,33,5,20,13,812,62,65000,3380000
Matěj Vydra,FW,Burnley,28,28,15,1371.0,15.2,3,2,5,3,0,0,0,0,5.2,5.2,1.8,7.0,0.20,0.13,0.33,0.20,0.34,0.12,0.34,0.46,0.0,0.0,0.0,0.0,0.0,0.0,0.0,0.0,0.0,0.0,0.0,0.0,0.0,0.0,0.0,0.0,0.0,0.0,0.0,0.0,0.0,0.0,0.0,0.0,35,9,25.7,2.30,0.59,0.09,0.33,13.7,170,240,70.8,1735,326,123,157,78.3,19,28,67.9,5,10,50.0,14,9,9,0,19,239,1,0,1,1,3,1,0,0,32,2.10,32,2.10,16,0,8,5,3,0,3,0.20,2,0,1,0,0,0,9,5,2,4,3,1,8,12.5,7,8,1,7,6,15,5,0,15.2,405,9,15,142,252,87,405,26,16,61.5,10,38.5,234,1115,481,19,14,13,52,22,318,112,35000,1820000
Max Kilman,DF,Wolves,23,18,14,1310.0,14.6,0,1,1,0,0,0,4,0,0.8,0.8,0.5,1.3,0.00,0.07,0.07,0.00,0.05,0.04,0.05,0.09,0.0,0.0,0.0,0.0,0.0,0.0,0.0,0.0,0.0,0.0,0.0,0.0,0.0,0.0,0.0,0.0,0.0,0.0,0.0,0.0,0.0,0.0,0.0,0.0,7,2,28.6,0.48,0.14,0.00,0.00,12.2,664,757,87.7,11110,4141,292,314,93.0,330,355,93.0,31,71,43.7,5,45,2,0,46,735,21,10,0,2,0,11,0,1,8,0.55,8,0.55,6,0,0,1,0,1,1,0.07,1,0,0,0,0,0,21,14,13,4,4,8,14,57.1,6,17,8,9,19,40,46,0,14.6,877,77,386,453,41,9,877,8,7,87.5,1,12.5,550,2671,1676,11,7,0,4,2,628,2,15000,780000
Max Lowe,DF,Sheffield Utd,23,8,7,550.0,6.1,0,0,0,0,0,0,1,0,0.1,0.1,0.1,0.2,0.00,0.00,0.00,0.00,0.01,0.02,0.01,0.03,0.0,0.0,0.0,0.0,0.0,0.0,0.0,0.0,0.0,0.0,0.0,0.0,0.0,0.0,0.0,0.0,0.0,0.0,0.0,0.0,0.0,0.0,0.0,0.0,2,1,50.0,0.33,0.16,0.00,0.00,21.4,147,221,66.5,2013,664,90,111,81.1,42,64,65.6,7,21,33.3,2,15,5,1,14,194,25,0,0,0,22,25,0,2,8,1.31,8,1.31,4,0,2,1,1,0,0,0.00,0,0,0,0,0,0,26,11,18,6,2,9,21,42.9,12,12,4,8,5,31,11,0,6.1,291,18,79,111,102,11,291,11,7,63.6,4,36.4,120,637,329,10,7,3,8,4,158,32,23000,1196000
Maxime Le Marchand,DF,Fulham,30,2,1,123.0,1.4,0,0,0,0,0,0,2,0,0.0,0.0,0.0,0.0,0.00,0.00,0.00,0.00,0.01,0.00,0.01,0.01,0.0,0.0,0.0,0.0,0.0,0.0,0.0,0.0,0.0,0.0,0.0,0.0,0.0,0.0,0.0,0.0,0.0,0.0,0.0,0.0,0.0,0.0,0.0,0.0,1,0,0.0,0.73,0.00,0.00,,34.1,78,85,91.8,1682,740,22,25,88.0,43,43,100.0,13,17,76.5,0,4,1,0,8,83,2,2,0,4,0,0,0,0,2,1.46,2,1.46,2,0,0,0,0,0,0,0.00,0,0,0,0,0,0,2,2,2,0,0,2,2,100.0,0,0,0,0,0,2,3,0,1.4,92,12,59,29,4,0,92,0,0,,0,,47,186,103,0,1,0,0,0,69,0,25000,1300000
Mbaye Diagne,FW,West Brom,28,16,14,1189.0,13.2,3,2,5,3,0,0,2,0,6.6,6.6,1.0,7.6,0.23,0.15,0.38,0.23,0.50,0.07,0.50,0.58,0.0,0.0,0.0,0.0,0.0,0.0,0.0,0.0,0.0,0.0,0.0,0.0,0.0,0.0,0.0,0.0,0.0,0.0,0.0,0.0,0.0,0.0,0.0,0.0,25,9,36.0,1.89,0.68,0.12,0.33,10.4,149,241,61.8,1909,382,98,131,74.8,24,57,42.1,10,15,66.7,9,10,3,2,12,239,1,0,0,2,4,1,0,1,22,1.67,22,1.67,16,0,2,1,2,1,5,0.38,3,0,0,1,0,1,4,3,3,0,1,1,4,25.0,3,2,1,1,1,5,16,0,13.2,346,20,51,152,147,42,346,16,10,62.5,6,37.5,186,754,288,4,2,4,26,19,280,60,22692,1180000
Michael Hector,DF,Fulham,28,4,3,263.0,2.9,0,0,0,0,0,0,2,0,0.1,0.1,0.0,0.1,0.00,0.00,0.00,0.00,0.02,0.01,0.02,0.03,0.0,0.0,0.0,0.0,0.0,0.0,0.0,0.0,0.0,0.0,0.0,0.0,0.0,0.0,0.0,0.0,0.0,0.0,0.0,0.0,0.0,0.0,0.0,0.0,1,0,0.0,0.34,0.00,0.00,,10.7,148,187,79.1,3354,1366,37,40,92.5,82,89,92.1,29,56,51.8,1,11,1,0,12,176,11,10,0,1,0,1,0,0,3,1.03,3,1.03,2,0,0,1,0,0,0,0.00,0,0,0,0,0,0,3,2,1,2,0,1,6,16.7,5,4,2,2,0,3,6,0,2.9,211,26,118,92,4,1,211,3,3,100.0,0,0.0,126,601,394,0,2,1,3,0,147,0,18500,962000
Michael Keane,DF,Everton,27,35,33,2991.0,33.2,3,1,4,3,0,0,4,0,1.5,1.5,1.1,2.6,0.09,0.03,0.12,0.09,0.05,0.03,0.05,0.08,0.0,0.0,0.0,0.0,0.0,0.0,0.0,0.0,0.0,0.0,0.0,0.0,0.0,0.0,0.0,0.0,0.0,0.0,0.0,0.0,0.0,0.0,0.0,0.0,16,6,37.5,0.48,0.18,0.19,0.50,12.7,1691,1943,87.0,33042,12033,520,576,90.3,952,1020,93.3,183,289,63.3,7,94,5,0,78,1890,50,40,0,4,1,0,0,3,26,0.78,26,0.78,25,0,0,1,0,0,2,0.06,2,0,0,0,0,0,28,15,20,8,0,14,31,45.2,17,46,33,13,51,79,161,0,33.2,2287,354,1233,1003,57,34,2287,7,4,57.1,3,42.9,1333,6968,4025,14,5,0,7,5,1571,3,65000,3380000
Michael Obafemi,FW,Southampton,20,4,0,61.0,0.7,0,0,0,0,0,0,0,0,0.0,0.0,0.1,0.1,0.00,0.00,0.00,0.00,0.00,0.10,0.00,0.10,0.0,0.0,0.0,0.0,0.0,0.0,0.0,0.0,0.0,0.0,0.0,0.0,0.0,0.0,0.0,0.0,0.0,0.0,0.0,0.0,0.0,0.0,0.0,0.0,0,0,,0.00,0.00,,,,12,13,92.3,126,22,7,8,87.5,2,2,100.0,1,1,100.0,1,1,0,0,1,13,0,0,0,0,1,0,0,0,1,1.48,1,1.48,1,0,0,0,0,0,0,0.00,0,0,0,0,0,0,1,0,0,1,0,0,1,0.0,1,1,0,1,0,1,0,0,0.7,21,1,2,14,5,2,21,1,0,0.0,1,100.0,10,39,18,1,0,0,1,2,12,5,16923,880000
Michail Antonio,FW,West Ham,30,26,24,1974.0,21.9,10,5,15,10,0,0,3,0,12.9,12.9,3.0,16.0,0.46,0.23,0.68,0.46,0.59,0.14,0.59,0.73,0.0,0.0,0.0,0.0,0.0,0.0,0.0,0.0,0.0,0.0,0.0,0.0,0.0,0.0,0.0,0.0,0.0,0.0,0.0,0.0,0.0,0.0,0.0,0.0,63,22,34.9,2.87,1.00,0.16,0.45,13.4,316,494,64.0,4273,796,192,266,72.2,78,122,63.9,18,30,60.0,27,24,13,2,36,481,11,1,0,3,31,8,0,2,76,3.47,76,3.47,41,1,10,8,16,0,11,0.50,5,1,0,2,3,0,7,4,1,5,1,1,7,14.3,6,20,3,17,7,14,7,0,21.9,783,11,34,299,460,120,783,87,43,49.4,44,50.6,473,2817,1365,59,31,25,78,49,638,177,70000,3640000
Michy Batshuayi,FW,Crystal Palace,26,18,7,728.0,8.1,2,1,3,2,0,0,0,0,1.6,1.6,1.6,3.2,0.25,0.12,0.37,0.25,0.19,0.20,0.19,0.40,0.0,0.0,0.0,0.0,0.0,0.0,0.0,0.0,0.0,0.0,0.0,0.0,0.0,0.0,0.0,0.0,0.0,0.0,0.0,0.0,0.0,0.0,0.0,0.0,12,6,50.0,1.48,0.74,0.17,0.33,17.0,122,174,70.1,1523,293,81,99,81.8,30,37,81.1,3,5,60.0,9,8,5,0,13,160,14,1,0,0,5,2,0,0,23,2.84,23,2.84,15,1,4,0,3,0,3,0.37,2,0,0,0,1,0,5,3,1,2,2,1,9,11.1,8,5,1,4,4,9,5,0,8.1,255,6,23,132,104,25,255,17,11,64.7,6,35.3,146,875,517,16,10,7,26,22,197,44,90000,4680000
Miguel Almirón,"MF,FW",Newcastle Utd,26,34,28,2429.0,27.0,4,1,5,4,0,0,3,0,3.2,3.2,2.9,6.1,0.15,0.04,0.19,0.15,0.12,0.11,0.12,0.23,0.0,0.0,0.0,0.0,0.0,0.0,0.0,0.0,0.0,0.0,0.0,0.0,0.0,0.0,0.0,0.0,0.0,0.0,0.0,0.0,0.0,0.0,0.0,0.0,33,14,42.4,1.22,0.52,0.12,0.29,19.2,708,895,79.1,10715,2430,369,422,87.4,245,289,84.8,51,92,55.4,31,64,23,7,90,866,26,6,3,5,39,3,5,3,76,2.82,76,2.82,54,3,8,4,5,2,6,0.22,4,0,0,1,0,1,49,29,21,25,3,14,56,25.0,42,23,4,19,25,74,20,1,27.0,1179,33,230,557,421,40,1179,73,39,53.4,34,46.6,773,5516,2516,70,48,14,48,34,792,109,42308,2200000
Mohamed Elneny,MF,Arsenal,28,23,17,1544.0,17.2,1,0,1,1,0,0,3,0,0.4,0.4,0.2,0.6,0.06,0.00,0.06,0.06,0.02,0.01,0.02,0.03,0.0,0.0,0.0,0.0,0.0,0.0,0.0,0.0,0.0,0.0,0.0,0.0,0.0,0.0,0.0,0.0,0.0,0.0,0.0,0.0,0.0,0.0,0.0,0.0,9,2,22.2,0.52,0.12,0.11,0.50,21.5,944,1019,92.6,16544,4034,387,411,94.2,478,497,96.2,64,82,78.0,4,77,5,0,99,995,21,17,0,6,2,4,0,3,19,1.11,19,1.11,16,1,0,2,0,0,1,0.06,1,0,0,0,0,0,14,6,7,7,0,7,28,25.0,21,11,4,7,24,38,20,2,17.2,1119,59,327,659,138,6,1119,7,4,57.1,3,42.9,755,3331,1583,17,15,1,7,4,848,12,50000,2600000
Mohamed Salah,FW,Liverpool,28,37,34,3078.0,34.2,22,5,27,16,6,6,0,0,19.3,14.6,6.2,20.8,0.64,0.15,0.79,0.47,0.56,0.18,0.43,0.61,0.0,0.0,0.0,0.0,0.0,0.0,0.0,0.0,0.0,0.0,0.0,0.0,0.0,0.0,0.0,0.0,0.0,0.0,0.0,0.0,0.0,0.0,0.0,0.0,120,46,38.3,3.51,1.35,0.13,0.35,16.4,1067,1302,82.0,13390,3013,718,796,90.2,246,316,77.8,36,54,66.7,55,59,72,5,136,1266,32,3,10,4,29,6,0,4,134,3.92,134,3.92,104,1,7,13,7,2,16,0.47,12,0,0,2,2,0,18,9,4,4,10,7,16,43.8,9,10,0,10,1,19,10,1,34.2,1695,11,65,569,1073,275,1689,84,36,42.9,48,57.1,1185,6086,3034,111,71,72,116,82,1420,396,200000,10400000
Mohammed Salisu,DF,Southampton,21,12,8,844.0,9.4,0,0,0,0,0,0,1,0,0.3,0.3,0.4,0.7,0.00,0.00,0.00,0.00,0.03,0.04,0.03,0.07,0.0,0.0,0.0,0.0,0.0,0.0,0.0,0.0,0.0,0.0,0.0,0.0,0.0,0.0,0.0,0.0,0.0,0.0,0.0,0.0,0.0,0.0,0.0,0.0,4,1,25.0,0.43,0.11,0.00,0.00,12.7,304,383,79.4,4301,1511,181,203,89.2,96,122,78.7,11,25,44.0,2,21,0,0,13,357,26,4,0,0,1,22,0,0,5,0.53,5,0.53,4,0,0,1,0,0,0,0.00,0,0,0,0,0,0,38,21,20,16,2,25,34,73.5,9,22,5,17,17,55,30,0,9.4,521,55,207,274,41,7,521,12,9,75.0,3,25.0,265,1346,536,8,3,0,12,7,272,8,23077,1200000
Moise Kean,"FW,MF",Everton,20,2,0,15.0,0.2,0,0,0,0,0,0,0,0,0.0,0.0,0.0,0.0,0.00,0.00,0.00,0.00,0.28,0.00,0.28,0.28,0.0,0.0,0.0,0.0,0.0,0.0,0.0,0.0,0.0,0.0,0.0,0.0,0.0,0.0,0.0,0.0,0.0,0.0,0.0,0.0,0.0,0.0,0.0,0.0,1,0,0.0,6.00,0.00,0.00,,25.8,6,8,75.0,87,0,3,3,100.0,3,3,100.0,0,0,,0,0,0,0,0,8,0,0,0,0,2,0,0,0,0,0.00,0,0.00,0,0,0,0,0,0,0,0.00,0,0,0,0,0,0,0,0,0,0,0,0,0,,0,0,0,0,0,0,0,0,0.2,15,0,1,5,9,5,15,3,0,0.0,3,100.0,11,112,62,4,1,1,1,0,12,5,0.0,0.0
Morgan Gibbs-White,"MF,FW",Wolves,20,11,4,414.0,4.6,1,0,1,1,0,0,1,0,0.8,0.8,0.4,1.2,0.22,0.00,0.22,0.22,0.17,0.09,0.17,0.25,0.0,0.0,0.0,0.0,0.0,0.0,0.0,0.0,0.0,0.0,0.0,0.0,0.0,0.0,0.0,0.0,0.0,0.0,0.0,0.0,0.0,0.0,0.0,0.0,10,4,40.0,2.17,0.87,0.10,0.25,21.1,193,236,81.8,2799,646,109,127,85.8,58,69,84.1,14,23,60.9,8,20,3,0,28,229,7,3,0,2,11,3,1,0,16,3.48,16,3.48,13,1,0,1,1,0,1,0.22,0,0,0,1,0,0,9,7,3,4,2,5,12,41.7,7,6,0,6,3,12,1,0,4.6,302,3,21,152,132,12,302,13,8,61.5,5,38.5,205,1118,547,15,15,2,18,5,237,27,1500,78000
Morgan Sanson,MF,Aston Villa,25,9,3,294.0,3.3,0,0,0,0,0,0,3,0,0.0,0.0,0.1,0.2,0.00,0.00,0.00,0.00,0.01,0.04,0.01,0.05,0.0,0.0,0.0,0.0,0.0,0.0,0.0,0.0,0.0,0.0,0.0,0.0,0.0,0.0,0.0,0.0,0.0,0.0,0.0,0.0,0.0,0.0,0.0,0.0,2,0,0.0,0.61,0.00,0.00,,29.2,118,154,76.6,1742,504,70,75,93.3,35,45,77.8,9,17,52.9,1,12,3,1,16,146,8,2,0,2,16,0,6,0,5,1.53,5,1.53,5,0,0,0,0,0,0,0.00,0,0,0,0,0,0,7,4,4,2,1,1,4,25.0,3,5,0,5,4,11,1,0,3.3,201,2,26,102,79,3,201,7,4,57.1,3,42.9,127,745,321,9,12,1,10,3,137,13,48077,2500000
Moussa Djenepo,MF,Southampton,22,27,15,1240.0,13.8,1,0,1,1,0,0,5,0,0.8,0.8,0.4,1.2,0.07,0.00,0.07,0.07,0.06,0.03,0.06,0.08,0.0,0.0,0.0,0.0,0.0,0.0,0.0,0.0,0.0,0.0,0.0,0.0,0.0,0.0,0.0,0.0,0.0,0.0,0.0,0.0,0.0,0.0,0.0,0.0,14,2,14.3,1.02,0.15,0.07,0.50,20.2,290,407,71.3,4030,1102,163,193,84.5,94,124,75.8,12,26,46.2,6,13,11,1,32,386,19,3,0,1,9,14,0,2,31,2.25,31,2.25,19,0,6,1,4,1,4,0.29,2,0,1,0,1,0,52,27,27,17,8,28,63,44.4,35,24,2,22,10,62,14,0,13.8,647,16,132,307,214,38,647,52,27,51.9,25,48.1,350,1804,846,28,18,15,49,17,392,78,55000,2860000
Moussa Sissoko,MF,Tottenham,30,25,15,1585.0,17.6,0,0,0,0,0,0,3,0,0.2,0.2,0.1,0.4,0.00,0.00,0.00,0.00,0.01,0.01,0.01,0.02,0.0,0.0,0.0,0.0,0.0,0.0,0.0,0.0,0.0,0.0,0.0,0.0,0.0,0.0,0.0,0.0,0.0,0.0,0.0,0.0,0.0,0.0,0.0,0.0,3,1,33.3,0.17,0.06,0.00,0.00,13.0,679,811,83.7,10344,2252,336,383,87.7,247,282,87.6,44,69,63.8,4,42,6,1,57,758,52,12,0,7,9,40,0,1,17,0.97,17,0.97,16,0,1,0,0,0,2,0.11,2,0,0,0,0,0,22,16,19,3,0,8,20,40.0,12,11,4,7,23,45,25,0,17.6,954,52,270,528,171,11,954,27,18,66.7,9,33.3,523,2805,1404,32,30,5,18,14,593,34,80000,4160000
N'Golo Kanté,MF,Chelsea,29,30,24,2146.0,23.8,0,2,2,0,0,0,7,0,0.6,0.6,1.3,1.9,0.00,0.08,0.08,0.00,0.02,0.05,0.02,0.08,0.0,0.0,0.0,0.0,0.0,0.0,0.0,0.0,0.0,0.0,0.0,0.0,0.0,0.0,0.0,0.0,0.0,0.0,0.0,0.0,0.0,0.0,0.0,0.0,10,3,30.0,0.42,0.13,0.00,0.00,21.3,1325,1542,85.9,20877,5242,639,716,89.2,519,579,89.6,94,126,74.6,22,96,12,1,116,1524,15,13,0,10,8,2,0,3,50,2.10,50,2.10,47,0,2,1,0,0,1,0.04,1,0,0,0,0,0,79,42,39,35,5,27,56,48.2,29,42,4,38,59,138,34,0,23.8,1842,57,447,1073,346,15,1842,38,26,68.4,12,31.6,982,4854,2356,38,41,2,48,15,1227,39,144231,7500000
Naby Keïta,MF,Liverpool,25,10,7,520.0,5.8,0,0,0,0,0,0,1,0,0.4,0.4,0.6,1.0,0.00,0.00,0.00,0.00,0.07,0.11,0.07,0.18,0.0,0.0,0.0,0.0,0.0,0.0,0.0,0.0,0.0,0.0,0.0,0.0,0.0,0.0,0.0,0.0,0.0,0.0,0.0,0.0,0.0,0.0,0.0,0.0,9,2,22.2,1.56,0.35,0.00,0.00,21.2,315,361,87.3,4405,1075,183,204,89.7,109,120,90.8,11,17,64.7,6,30,9,1,33,352,8,3,1,0,3,1,0,1,21,3.62,21,3.62,19,0,0,2,0,0,1,0.17,1,0,0,0,0,0,11,5,1,8,2,7,17,41.2,10,10,0,10,9,20,6,0,5.8,430,5,42,273,119,16,430,10,8,80.0,2,20.0,279,1548,815,18,13,3,14,8,320,19,120000,6240000
Nampalys Mendy,MF,Leicester City,28,23,15,1459.0,16.2,0,1,1,0,0,0,5,0,0.1,0.1,0.2,0.2,0.00,0.06,0.06,0.00,0.00,0.01,0.00,0.01,0.0,0.0,0.0,0.0,0.0,0.0,0.0,0.0,0.0,0.0,0.0,0.0,0.0,0.0,0.0,0.0,0.0,0.0,0.0,0.0,0.0,0.0,0.0,0.0,4,2,50.0,0.25,0.12,0.00,0.00,28.5,886,976,90.8,13245,2758,471,501,94.0,310,342,90.6,51,63,81.0,5,75,1,0,66,966,9,8,0,1,1,1,0,1,22,1.36,22,1.36,14,0,0,0,5,3,2,0.12,2,0,0,0,0,0,26,17,18,6,2,7,20,35.0,13,12,1,11,14,40,8,0,16.2,1103,20,207,751,151,0,1103,12,6,50.0,6,50.0,671,3145,1385,16,13,0,18,11,812,3,55000,2860000
Nathan Aké,DF,Manchester City,25,10,9,797.0,8.9,1,0,1,1,0,0,4,0,0.3,0.3,0.0,0.3,0.11,0.00,0.11,0.11,0.03,0.00,0.03,0.03,0.0,0.0,0.0,0.0,0.0,0.0,0.0,0.0,0.0,0.0,0.0,0.0,0.0,0.0,0.0,0.0,0.0,0.0,0.0,0.0,0.0,0.0,0.0,0.0,3,1,33.3,0.34,0.11,0.33,1.00,15.5,709,763,92.9,11178,3225,348,363,95.9,319,336,94.9,26,35,74.3,1,55,2,0,52,741,22,11,0,0,1,11,0,0,5,0.56,5,0.56,4,0,0,0,1,0,1,0.11,1,0,0,0,0,0,10,5,3,6,1,3,4,75.0,1,2,1,1,9,19,23,0,8.9,819,40,182,570,67,6,819,1,0,0.0,1,100.0,569,2748,1678,12,22,0,2,1,658,6,92308,4800000
Nathan Broadhead,FW,Everton,22,1,0,3.0,0.0,0,0,0,0,0,0,0,0,0.0,0.0,0.0,0.0,0.00,0.00,0.00,0.00,0.00,0.00,0.00,0.00,0.0,0.0,0.0,0.0,0.0,0.0,0.0,0.0,0.0,0.0,0.0,0.0,0.0,0.0,0.0,0.0,0.0,0.0,0.0,0.0,0.0,0.0,0.0,0.0,0,0,,0.00,0.00,,,,2,2,100.0,14,2,1,1,100.0,0,0,,0,0,,0,0,0,0,0,2,0,0,0,0,0,0,0,0,0,0.00,0,0.00,0,0,0,0,0,0,0,0.00,0,0,0,0,0,0,1,1,0,1,0,0,0,,0,0,0,0,0,1,0,0,0.0,3,0,1,2,0,0,3,0,0,,0,,0,0,0,0,0,0,0,0,2,0,0.0,0.0
Nathan Redmond,"MF,FW",Southampton,26,29,17,1738.0,19.3,2,3,5,2,0,0,1,0,3.1,3.1,3.2,6.2,0.10,0.16,0.26,0.10,0.16,0.16,0.16,0.32,0.0,0.0,0.0,0.0,0.0,0.0,0.0,0.0,0.0,0.0,0.0,0.0,0.0,0.0,0.0,0.0,0.0,0.0,0.0,0.0,0.0,0.0,0.0,0.0,45,13,28.9,2.33,0.67,0.04,0.15,18.5,570,765,74.5,8403,2031,311,377,82.5,198,250,79.2,33,57,57.9,29,32,30,4,75,710,51,0,1,4,29,35,1,4,63,3.26,63,3.26,44,0,9,6,3,1,5,0.26,5,0,0,0,0,0,30,17,14,12,4,8,24,33.3,16,24,2,22,11,41,9,0,19.3,1009,8,123,455,447,68,1009,68,39,57.4,29,42.6,581,3591,1692,70,47,22,41,37,704,149,60000,3120000
Nathan Tella,"FW,MF",Southampton,21,18,7,745.0,8.3,1,1,2,1,0,0,2,0,1.6,1.6,0.8,2.4,0.12,0.12,0.24,0.12,0.20,0.09,0.20,0.29,0.0,0.0,0.0,0.0,0.0,0.0,0.0,0.0,0.0,0.0,0.0,0.0,0.0,0.0,0.0,0.0,0.0,0.0,0.0,0.0,0.0,0.0,0.0,0.0,17,8,47.1,2.05,0.97,0.06,0.13,19.2,99,142,69.7,1373,226,63,76,82.9,22,31,71.0,8,12,66.7,6,4,7,1,9,141,1,0,0,0,7,0,0,0,21,2.54,21,2.54,11,0,3,1,6,0,2,0.24,1,0,0,0,1,0,8,5,1,4,3,6,15,40.0,9,13,0,13,3,11,2,0,8.3,262,0,29,111,128,21,262,25,11,44.0,14,56.0,170,1328,565,19,18,8,35,23,180,36,12500,650000
Nathaniel Clyne,DF,Crystal Palace,29,13,13,1145.0,12.7,0,1,1,0,0,0,2,0,0.2,0.2,0.2,0.4,0.00,0.08,0.08,0.00,0.01,0.02,0.01,0.03,0.0,0.0,0.0,0.0,0.0,0.0,0.0,0.0,0.0,0.0,0.0,0.0,0.0,0.0,0.0,0.0,0.0,0.0,0.0,0.0,0.0,0.0,0.0,0.0,4,1,25.0,0.31,0.08,0.00,0.00,21.7,448,593,75.5,6376,2615,272,302,90.1,142,191,74.3,19,54,35.2,4,24,13,5,42,466,125,0,0,1,23,125,0,2,8,0.63,8,0.63,6,1,0,1,0,0,1,0.08,1,0,0,0,0,0,17,10,8,8,1,9,16,56.3,7,7,2,5,18,35,25,1,12.7,698,35,227,331,142,6,698,6,4,66.7,2,33.3,346,1638,820,18,10,0,8,2,364,20,55000,2860000
Nathaniel Phillips,DF,Liverpool,23,17,15,1456.0,16.2,1,1,2,1,0,0,2,0,1.0,1.0,0.5,1.6,0.06,0.06,0.12,0.06,0.06,0.03,0.06,0.10,0.0,0.0,0.0,0.0,0.0,0.0,0.0,0.0,0.0,0.0,0.0,0.0,0.0,0.0,0.0,0.0,0.0,0.0,0.0,0.0,0.0,0.0,0.0,0.0,15,2,13.3,0.93,0.12,0.07,0.50,10.4,948,1127,84.1,16825,5678,383,428,89.5,481,542,88.7,69,124,55.6,7,62,2,0,55,1100,26,18,0,5,1,8,0,1,12,0.74,12,0.74,11,0,0,1,0,0,1,0.06,0,0,0,1,0,0,22,14,15,7,0,11,24,45.8,13,17,14,3,20,42,81,0,16.2,1314,131,550,713,55,24,1314,2,2,100.0,0,0.0,774,3560,1936,9,10,2,8,3,863,3,64615,3360000
Neal Maupay,"FW,MF",Brighton,23,33,29,2512.0,27.9,8,2,10,5,3,4,1,1,13.2,10.1,3.9,13.9,0.29,0.07,0.36,0.18,0.47,0.14,0.36,0.50,0.0,0.0,0.0,0.0,0.0,0.0,0.0,0.0,0.0,0.0,0.0,0.0,0.0,0.0,0.0,0.0,0.0,0.0,0.0,0.0,0.0,0.0,0.0,0.0,67,22,32.8,2.40,0.79,0.07,0.23,14.8,520,672,77.4,7231,1289,271,319,85.0,174,206,84.5,27,45,60.0,32,32,27,4,61,599,71,7,3,4,11,9,0,2,77,2.76,77,2.76,56,1,6,7,6,1,7,0.25,5,0,0,1,1,0,20,8,9,7,4,4,24,16.7,20,20,0,20,13,33,6,0,27.9,940,12,75,407,468,141,936,48,24,50.0,24,50.0,547,2893,1154,44,27,22,74,48,674,181,50000,2600000
Neco Williams,DF,Liverpool,19,6,3,249.0,2.8,0,0,0,0,0,0,1,0,0.1,0.1,0.2,0.3,0.00,0.00,0.00,0.00,0.03,0.06,0.03,0.09,0.0,0.0,0.0,0.0,0.0,0.0,0.0,0.0,0.0,0.0,0.0,0.0,0.0,0.0,0.0,0.0,0.0,0.0,0.0,0.0,0.0,0.0,0.0,0.0,2,0,0.0,0.72,0.00,0.00,,17.2,151,210,71.9,2050,629,104,116,89.7,41,53,77.4,5,24,20.8,3,7,1,1,14,178,30,3,0,0,24,27,0,2,3,1.09,3,1.09,3,0,0,0,0,0,0,0.00,0,0,0,0,0,0,6,5,4,2,0,5,9,55.6,4,3,1,2,6,12,6,0,2.8,244,4,54,99,96,7,244,7,5,71.4,2,28.6,153,700,337,10,7,6,1,3,154,29,12500,650000
Neeskens Kebano,"FW,MF",Fulham,28,5,1,119.0,1.3,0,0,0,0,0,0,0,0,0.3,0.3,0.0,0.3,0.00,0.00,0.00,0.00,0.20,0.01,0.20,0.21,0.0,0.0,0.0,0.0,0.0,0.0,0.0,0.0,0.0,0.0,0.0,0.0,0.0,0.0,0.0,0.0,0.0,0.0,0.0,0.0,0.0,0.0,0.0,0.0,6,0,0.0,4.54,0.00,0.00,,20.0,32,43,74.4,373,90,25,25,100.0,6,15,40.0,0,0,,1,2,0,0,1,41,2,2,0,0,7,0,0,0,3,2.27,3,2.27,2,0,0,1,0,0,0,0.00,0,0,0,0,0,0,0,0,0,0,0,0,1,0.0,1,3,0,3,0,0,0,0,1.3,65,0,8,21,38,5,65,5,3,60.0,2,40.0,45,239,109,7,1,1,7,2,46,15,13462,700024
Neil Taylor,DF,Aston Villa,31,1,0,16.0,0.2,0,0,0,0,0,0,1,0,0.0,0.0,0.0,0.0,0.00,0.00,0.00,0.00,0.00,0.00,0.00,0.00,0.0,0.0,0.0,0.0,0.0,0.0,0.0,0.0,0.0,0.0,0.0,0.0,0.0,0.0,0.0,0.0,0.0,0.0,0.0,0.0,0.0,0.0,0.0,0.0,0,0,,0.00,0.00,,,,9,10,90.0,86,24,9,10,90.0,0,0,,0,0,,0,0,0,0,1,9,1,0,0,0,0,1,0,0,0,0.00,0,0.00,0,0,0,0,0,0,0,0.00,0,0,0,0,0,0,1,1,1,0,0,0,0,,0,1,0,1,0,1,0,0,0.2,13,1,7,4,2,0,13,0,0,,0,,9,20,10,0,0,0,0,0,8,0,31923,1660000
Nemanja Matić,MF,Manchester Utd,31,20,12,1106.0,12.3,0,0,0,0,0,0,2,0,0.3,0.3,0.7,1.0,0.00,0.00,0.00,0.00,0.02,0.06,0.02,0.08,0.0,0.0,0.0,0.0,0.0,0.0,0.0,0.0,0.0,0.0,0.0,0.0,0.0,0.0,0.0,0.0,0.0,0.0,0.0,0.0,0.0,0.0,0.0,0.0,6,3,50.0,0.49,0.24,0.00,0.00,22.8,921,1026,89.8,16133,4698,409,442,92.5,404,432,93.5,88,108,81.5,8,78,11,1,86,984,39,36,1,11,4,3,0,3,24,1.95,24,1.95,22,0,0,2,0,0,3,0.24,3,0,0,0,0,0,25,11,13,12,0,13,31,41.9,18,19,5,14,22,47,10,3,12.3,1137,41,283,708,161,9,1137,21,17,81.0,4,19.0,751,4589,2916,40,21,3,14,8,853,12,120000,6240000
Niall Huggins,DF,Leeds United,19,1,0,38.0,0.4,0,0,0,0,0,0,0,0,0.0,0.0,0.0,0.0,0.00,0.00,0.00,0.00,0.00,0.00,0.00,0.00,0.0,0.0,0.0,0.0,0.0,0.0,0.0,0.0,0.0,0.0,0.0,0.0,0.0,0.0,0.0,0.0,0.0,0.0,0.0,0.0,0.0,0.0,0.0,0.0,0,0,,0.00,0.00,,,,16,19,84.2,204,55,11,11,100.0,4,5,80.0,0,2,0.0,0,0,0,0,1,18,1,0,0,0,1,1,0,0,0,0.00,0,0.00,0,0,0,0,0,0,0,0.00,0,0,0,0,0,0,0,0,0,0,0,0,1,0.0,1,0,0,0,0,0,1,0,0.4,21,1,7,10,4,1,21,0,0,,0,,13,67,31,1,0,1,0,0,12,1,0.0,0.0
Nick Pope,GK,Burnley,28,32,32,2880.0,32.0,0,0,0,0,0,0,1,0,0.0,0.0,0.1,0.1,0.00,0.00,0.00,0.00,0.00,0.00,0.00,0.00,1.16,149,113,77.2,11,34.4,40.2,0.25,254,699,36.3,724,136,67.1,46.3,251,84.9,58.9,523,32,6.1,73,2.28,18.1,0,0,,0.00,0.00,,,,505,989,51.1,20828,18354,35,35,100.0,143,150,95.3,327,789,41.4,2,37,1,0,1,591,384,133,0,3,0,0,0,14,11,0.34,11,0.34,8,3,0,0,0,0,0,0.00,0,0,0,0,0,0,1,1,1,0,0,0,1,0.0,1,0,0,0,2,3,29,2,32.0,1078,836,1051,29,1,1,1078,0,0,,0,,484,3570,2238,0,0,0,2,0,295,0,35000,1820000
Nicolas Pépé,FW,Arsenal,25,29,16,1616.0,18.0,10,1,11,9,1,1,1,1,5.8,5.0,1.0,6.0,0.56,0.06,0.61,0.50,0.32,0.05,0.28,0.33,0.0,0.0,0.0,0.0,0.0,0.0,0.0,0.0,0.0,0.0,0.0,0.0,0.0,0.0,0.0,0.0,0.0,0.0,0.0,0.0,0.0,0.0,0.0,0.0,47,19,40.4,2.62,1.06,0.19,0.47,15.7,519,690,75.2,6655,1281,330,389,84.8,140,182,76.9,14,35,40.0,11,16,17,0,45,654,35,11,1,2,57,3,21,1,43,2.39,43,2.39,27,4,6,4,2,0,8,0.45,4,0,2,1,1,0,20,15,8,6,6,8,23,34.8,15,16,1,15,12,32,19,0,18.0,948,19,122,322,517,115,947,66,27,40.9,39,59.1,585,3520,1646,56,28,36,56,23,704,199,100000,5200000
Niels Nkounkou,"DF,FW",Everton,19,2,1,81.0,0.9,0,0,0,0,0,0,1,0,0.0,0.0,0.0,0.0,0.00,0.00,0.00,0.00,0.03,0.00,0.03,0.03,0.0,0.0,0.0,0.0,0.0,0.0,0.0,0.0,0.0,0.0,0.0,0.0,0.0,0.0,0.0,0.0,0.0,0.0,0.0,0.0,0.0,0.0,0.0,0.0,1,0,0.0,1.11,0.00,0.00,,27.0,29,36,80.6,459,98,18,18,100.0,9,13,69.2,2,4,50.0,0,3,0,0,2,32,4,0,0,1,4,4,0,0,1,1.11,1,1.11,1,0,0,0,0,0,0,0.00,0,0,0,0,0,0,4,3,1,2,1,3,8,37.5,5,4,0,4,0,4,4,0,0.9,58,3,9,32,18,0,58,4,2,50.0,2,50.0,24,211,95,4,2,0,3,1,33,8,4500,234000
Nélson Semedo,"DF,MF",Wolves,26,34,34,2983.0,33.1,1,1,2,1,0,0,5,0,1.3,1.3,1.3,2.6,0.03,0.03,0.06,0.03,0.04,0.04,0.04,0.08,0.0,0.0,0.0,0.0,0.0,0.0,0.0,0.0,0.0,0.0,0.0,0.0,0.0,0.0,0.0,0.0,0.0,0.0,0.0,0.0,0.0,0.0,0.0,0.0,23,11,47.8,0.69,0.33,0.04,0.09,21.2,1586,1976,80.3,22838,6783,985,1082,91.0,459,581,79.0,92,167,55.1,21,117,20,10,138,1620,353,18,1,0,75,331,4,3,70,2.11,70,2.11,56,7,2,3,1,1,7,0.21,6,0,0,1,0,0,85,48,53,23,9,42,72,58.3,30,30,10,20,41,126,78,2,33.1,2372,130,606,1120,673,46,2372,103,62,60.2,41,39.8,1288,7892,4424,111,78,11,53,27,1419,155,76923,4000000
Odion Ighalo,FW,Manchester Utd,31,1,0,10.0,0.1,0,0,0,0,0,0,0,0,0.0,0.0,0.0,0.0,0.00,0.00,0.00,0.00,0.00,0.00,0.00,0.00,0.0,0.0,0.0,0.0,0.0,0.0,0.0,0.0,0.0,0.0,0.0,0.0,0.0,0.0,0.0,0.0,0.0,0.0,0.0,0.0,0.0,0.0,0.0,0.0,0,0,,0.00,0.00,,,,2,2,100.0,16,0,2,2,100.0,0,0,,0,0,,0,0,0,0,0,1,1,0,0,0,0,0,0,0,0,0.00,0,0.00,0,0,0,0,0,0,0,0.00,0,0,0,0,0,0,0,0,0,0,0,0,1,0.0,1,0,0,0,0,0,0,0,0.1,4,0,0,2,2,0,4,0,0,,0,,3,12,0,0,0,0,1,2,4,1,125000,6500000
Okay Yokuşlu,MF,West Brom,26,16,15,1317.0,14.6,0,1,1,0,0,0,4,0,0.9,0.9,0.7,1.5,0.00,0.07,0.07,0.00,0.06,0.05,0.06,0.10,0.0,0.0,0.0,0.0,0.0,0.0,0.0,0.0,0.0,0.0,0.0,0.0,0.0,0.0,0.0,0.0,0.0,0.0,0.0,0.0,0.0,0.0,0.0,0.0,12,0,0.0,0.82,0.00,0.00,,21.1,439,536,81.9,6882,2492,223,258,86.4,151,177,85.3,40,51,78.4,6,39,2,0,54,519,15,7,0,7,2,2,0,2,14,0.96,14,0.96,9,0,0,1,4,0,3,0.21,2,0,0,1,0,0,38,25,21,13,4,17,35,48.6,18,15,3,12,35,73,33,1,14.6,726,57,232,412,95,11,726,25,19,76.0,6,24.0,351,1381,554,5,5,1,23,9,324,5,29615,1540000
Ola Aina,DF,Fulham,23,31,31,2664.0,29.6,2,1,3,2,0,0,3,0,1.2,1.2,1.5,2.8,0.07,0.03,0.10,0.07,0.04,0.05,0.04,0.09,0.0,0.0,0.0,0.0,0.0,0.0,0.0,0.0,0.0,0.0,0.0,0.0,0.0,0.0,0.0,0.0,0.0,0.0,0.0,0.0,0.0,0.0,0.0,0.0,14,4,28.6,0.47,0.14,0.14,0.50,24.6,1352,1769,76.4,22797,9159,642,717,89.5,565,704,80.3,112,257,43.6,15,92,15,9,106,1486,282,28,0,13,52,254,0,1,27,0.91,27,0.91,23,3,0,0,1,0,4,0.14,4,0,0,0,0,0,37,20,22,7,8,21,43,48.8,22,22,6,16,45,82,94,2,29.6,2052,105,781,957,330,17,2052,33,21,63.6,12,36.4,1070,5595,3024,63,40,5,27,10,1254,50,24000,1248000
Oleksandr Zinchenko,DF,Manchester City,23,20,15,1478.0,16.4,0,0,0,0,0,0,0,0,0.7,0.7,0.9,1.6,0.00,0.00,0.00,0.00,0.04,0.06,0.04,0.10,0.0,0.0,0.0,0.0,0.0,0.0,0.0,0.0,0.0,0.0,0.0,0.0,0.0,0.0,0.0,0.0,0.0,0.0,0.0,0.0,0.0,0.0,0.0,0.0,16,4,25.0,0.97,0.24,0.00,0.00,22.7,1340,1517,88.3,19508,5379,745,791,94.2,496,563,88.1,53,86,61.6,15,122,13,1,118,1368,149,28,0,1,39,110,11,0,32,1.95,32,1.95,26,4,0,1,1,0,2,0.12,2,0,0,0,0,0,25,15,12,9,4,14,24,58.3,10,17,4,13,23,48,28,0,16.4,1647,45,320,916,415,11,1647,9,6,66.7,3,33.3,980,4077,2128,38,35,3,15,6,1196,65,20000,1040000
Oliver Burke,FW,Sheffield Utd,23,25,14,1269.0,14.1,1,1,2,1,0,0,2,0,2.1,2.1,2.2,4.3,0.07,0.07,0.14,0.07,0.15,0.16,0.15,0.31,0.0,0.0,0.0,0.0,0.0,0.0,0.0,0.0,0.0,0.0,0.0,0.0,0.0,0.0,0.0,0.0,0.0,0.0,0.0,0.0,0.0,0.0,0.0,0.0,25,6,24.0,1.77,0.43,0.04,0.17,15.6,178,262,67.9,1997,309,114,150,76.0,31,45,68.9,4,8,50.0,15,5,10,0,19,249,13,0,1,1,10,0,0,0,27,1.92,27,1.92,19,0,4,3,0,1,1,0.07,1,0,0,0,0,0,16,8,6,9,1,5,24,20.8,19,24,0,24,2,18,6,0,14.1,431,4,33,170,232,62,431,30,16,53.3,14,46.7,239,1582,613,30,20,21,47,28,307,108,30000,1560000
Oliver McBurnie,FW,Sheffield Utd,24,23,12,1324.0,14.7,1,0,1,1,0,0,2,0,3.9,3.9,1.1,5.0,0.07,0.00,0.07,0.07,0.26,0.07,0.26,0.34,0.0,0.0,0.0,0.0,0.0,0.0,0.0,0.0,0.0,0.0,0.0,0.0,0.0,0.0,0.0,0.0,0.0,0.0,0.0,0.0,0.0,0.0,0.0,0.0,30,12,40.0,2.04,0.82,0.03,0.08,12.5,253,447,56.6,3038,853,165,257,64.2,55,107,51.4,8,11,72.7,15,24,14,0,44,442,2,1,1,0,4,0,0,3,31,2.11,31,2.11,23,0,0,5,3,0,2,0.14,0,0,0,1,1,0,15,7,7,7,1,5,17,29.4,12,10,3,7,6,21,30,0,14.7,610,33,64,252,298,53,610,13,4,30.8,9,69.2,234,931,372,14,12,4,23,17,469,58,20000,1040000
Oliver Norwood,MF,Sheffield Utd,29,32,26,2220.0,24.7,0,0,0,0,0,0,6,0,0.5,0.5,2.0,2.4,0.00,0.00,0.00,0.00,0.02,0.08,0.02,0.10,0.0,0.0,0.0,0.0,0.0,0.0,0.0,0.0,0.0,0.0,0.0,0.0,0.0,0.0,0.0,0.0,0.0,0.0,0.0,0.0,0.0,0.0,0.0,0.0,11,1,9.1,0.45,0.04,0.00,0.00,31.6,1205,1532,78.7,23516,7230,472,526,89.7,524,607,86.3,183,334,54.8,31,134,27,8,125,1388,132,67,1,25,114,1,64,12,53,2.15,53,2.15,38,14,0,0,0,1,1,0.04,1,0,0,0,0,0,49,22,16,28,5,21,72,29.2,51,29,12,17,36,85,51,1,24.7,1741,86,433,993,322,5,1741,4,2,50.0,2,50.0,871,3000,1296,7,11,1,15,7,1111,19,15000,780000
Olivier Giroud,FW,Chelsea,33,17,8,748.0,8.3,4,0,4,4,0,0,1,0,4.2,4.2,1.1,5.3,0.48,0.00,0.48,0.48,0.51,0.13,0.51,0.64,0.0,0.0,0.0,0.0,0.0,0.0,0.0,0.0,0.0,0.0,0.0,0.0,0.0,0.0,0.0,0.0,0.0,0.0,0.0,0.0,0.0,0.0,0.0,0.0,29,10,34.5,3.49,1.20,0.14,0.40,11.6,157,223,70.4,1602,196,105,138,76.1,18,25,72.0,5,5,100.0,6,5,1,0,5,217,6,0,0,0,2,2,0,0,15,1.80,15,1.80,11,0,0,3,0,1,0,0.00,0,0,0,0,0,0,4,2,0,1,3,1,7,14.3,6,4,1,3,5,9,10,0,8.3,307,11,40,128,141,52,307,2,2,100.0,0,0.0,121,279,119,0,1,0,17,6,229,40,110000,5720000
Ollie Watkins,FW,Aston Villa,24,37,37,3328.0,37.0,14,5,19,13,1,2,4,1,14.5,13.0,5.3,18.3,0.38,0.14,0.51,0.35,0.39,0.14,0.35,0.49,0.0,0.0,0.0,0.0,0.0,0.0,0.0,0.0,0.0,0.0,0.0,0.0,0.0,0.0,0.0,0.0,0.0,0.0,0.0,0.0,0.0,0.0,0.0,0.0,95,43,45.3,2.57,1.16,0.14,0.30,13.7,592,843,70.2,6928,1260,407,527,77.2,120,169,71.0,12,24,50.0,45,38,23,4,55,815,26,0,0,1,22,15,1,2,112,3.03,112,3.03,87,0,6,12,6,1,14,0.38,9,0,1,3,1,0,29,17,5,16,8,10,33,30.3,23,21,2,19,7,36,24,0,37.0,1239,28,59,446,752,225,1237,70,40,57.1,30,42.9,712,4084,1775,84,44,56,116,85,1011,290,75000,3900000
Oriol Romeu,MF,Southampton,28,21,20,1763.0,19.6,1,1,2,1,0,0,6,0,0.5,0.5,1.4,1.8,0.05,0.05,0.10,0.05,0.02,0.07,0.02,0.09,0.0,0.0,0.0,0.0,0.0,0.0,0.0,0.0,0.0,0.0,0.0,0.0,0.0,0.0,0.0,0.0,0.0,0.0,0.0,0.0,0.0,0.0,0.0,0.0,14,4,28.6,0.71,0.20,0.07,0.25,25.9,1056,1287,82.1,15539,3730,594,671,88.5,362,431,84.0,51,97,52.6,14,75,16,2,91,1272,13,11,1,5,9,1,0,2,41,2.09,41,2.09,37,0,1,0,1,2,4,0.20,4,0,0,0,0,0,69,35,25,39,5,26,68,38.2,42,28,7,21,30,99,18,0,19.6,1492,44,311,993,198,8,1492,17,14,82.4,3,17.6,773,3642,1884,25,31,2,23,18,1007,15,65000,3380000
Oskar Buur,DF,Wolves,22,1,0,22.0,0.2,0,0,0,0,0,0,0,0,0.0,0.0,0.0,0.0,0.00,0.00,0.00,0.00,0.00,0.00,0.00,0.00,0.0,0.0,0.0,0.0,0.0,0.0,0.0,0.0,0.0,0.0,0.0,0.0,0.0,0.0,0.0,0.0,0.0,0.0,0.0,0.0,0.0,0.0,0.0,0.0,0,0,,0.00,0.00,,,,14,15,93.3,204,40,5,5,100.0,8,8,100.0,0,1,0.0,0,0,0,0,0,14,1,0,0,0,0,1,0,0,0,0.00,0,0.00,0,0,0,0,0,0,0,0.00,0,0,0,0,0,0,0,0,0,0,0,0,2,0.0,2,0,0,0,0,0,0,0,0.2,18,1,7,11,0,0,18,0,0,,0,,8,34,21,1,0,0,0,1,13,0,5000,260000
Owen Otasowie,"MF,FW",Wolves,19,6,2,187.0,2.1,0,1,1,0,0,0,1,0,0.5,0.5,0.1,0.6,0.00,0.48,0.48,0.00,0.24,0.06,0.24,0.30,0.0,0.0,0.0,0.0,0.0,0.0,0.0,0.0,0.0,0.0,0.0,0.0,0.0,0.0,0.0,0.0,0.0,0.0,0.0,0.0,0.0,0.0,0.0,0.0,4,0,0.0,1.93,0.00,0.00,,13.6,43,59,72.9,543,151,25,32,78.1,14,18,77.8,1,2,50.0,2,3,0,0,3,59,0,0,0,0,0,0,0,0,7,3.37,7,3.37,4,0,0,1,2,0,2,0.96,2,0,0,0,0,0,5,5,3,2,0,1,2,50.0,1,1,1,0,3,8,4,0,2.1,97,5,19,53,25,6,97,7,3,42.9,4,57.1,54,277,141,3,5,0,7,3,61,7,1500,78000
Ozan Kabak,DF,Liverpool,20,9,9,801.0,8.9,0,0,0,0,0,0,3,0,0.1,0.1,0.0,0.2,0.00,0.00,0.00,0.00,0.02,0.00,0.02,0.02,0.0,0.0,0.0,0.0,0.0,0.0,0.0,0.0,0.0,0.0,0.0,0.0,0.0,0.0,0.0,0.0,0.0,0.0,0.0,0.0,0.0,0.0,0.0,0.0,1,0,0.0,0.11,0.00,0.00,,4.6,520,588,88.4,9202,2741,204,220,92.7,278,292,95.2,30,62,48.4,1,13,0,0,20,576,10,8,0,2,0,2,0,2,3,0.34,3,0.34,3,0,0,0,0,0,0,0.00,0,0,0,0,0,0,19,10,11,4,4,6,9,66.7,3,2,2,0,12,31,28,1,8.9,669,75,316,346,14,7,669,5,3,60.0,2,40.0,443,2250,1005,3,1,0,4,3,477,1,65000,3380000
Pablo Fornals,"FW,MF",West Ham,24,33,31,2572.0,28.6,5,4,9,5,0,0,3,0,6.0,6.0,2.3,8.4,0.17,0.14,0.31,0.17,0.21,0.08,0.21,0.29,0.0,0.0,0.0,0.0,0.0,0.0,0.0,0.0,0.0,0.0,0.0,0.0,0.0,0.0,0.0,0.0,0.0,0.0,0.0,0.0,0.0,0.0,0.0,0.0,50,15,30.0,1.75,0.52,0.10,0.33,16.3,853,1118,76.3,12592,3756,481,556,86.5,282,362,77.9,45,86,52.3,31,84,30,6,134,1083,28,5,1,5,45,7,2,7,81,2.84,81,2.84,68,3,2,7,1,0,11,0.39,7,1,0,3,0,0,44,26,14,24,6,11,73,15.1,62,43,1,42,36,80,9,0,28.6,1407,22,229,690,511,66,1407,60,29,48.3,31,51.7,821,4358,2061,59,41,11,37,21,963,142,67308,3500000
Pablo Hernández,MF,Leeds United,35,16,3,427.0,4.7,0,2,2,0,0,0,1,0,1.1,1.1,0.7,1.8,0.00,0.42,0.42,0.00,0.23,0.15,0.23,0.38,0.0,0.0,0.0,0.0,0.0,0.0,0.0,0.0,0.0,0.0,0.0,0.0,0.0,0.0,0.0,0.0,0.0,0.0,0.0,0.0,0.0,0.0,0.0,0.0,15,3,20.0,3.16,0.63,0.00,0.00,19.0,299,403,74.2,5225,1877,142,165,86.1,106,134,79.1,35,57,61.4,6,55,19,0,70,378,22,9,1,9,13,9,4,3,29,6.13,29,6.13,21,0,1,5,1,1,4,0.85,3,0,0,0,1,0,5,3,2,1,2,5,16,31.3,11,2,0,2,0,5,0,1,4.7,445,3,67,236,146,16,445,11,10,90.9,1,9.1,257,1708,996,33,19,3,9,1,348,34,19000,988000
Pablo Marí,DF,Arsenal,26,10,10,900.0,10.0,0,0,0,0,0,0,2,0,0.1,0.1,0.3,0.3,0.00,0.00,0.00,0.00,0.01,0.03,0.01,0.03,0.0,0.0,0.0,0.0,0.0,0.0,0.0,0.0,0.0,0.0,0.0,0.0,0.0,0.0,0.0,0.0,0.0,0.0,0.0,0.0,0.0,0.0,0.0,0.0,2,0,0.0,0.20,0.00,0.00,,21.6,552,630,87.6,9934,3287,221,235,94.0,281,302,93.0,44,83,53.0,2,13,0,0,21,622,8,6,0,2,0,1,0,0,3,0.30,3,0.30,2,0,0,1,0,0,0,0.00,0,0,0,0,0,0,15,9,12,3,0,5,10,50.0,5,8,7,1,9,24,30,2,10.0,700,83,390,302,9,3,700,3,3,100.0,0,0.0,455,2154,1336,4,4,0,1,0,518,0,85000,4420000
Pascal Groß,"MF,DF",Brighton,29,34,27,2484.0,27.6,3,8,11,0,3,4,3,0,4.9,1.7,5.2,6.9,0.11,0.29,0.40,0.00,0.18,0.19,0.06,0.25,0.0,0.0,0.0,0.0,0.0,0.0,0.0,0.0,0.0,0.0,0.0,0.0,0.0,0.0,0.0,0.0,0.0,0.0,0.0,0.0,0.0,0.0,0.0,0.0,28,4,14.3,1.01,0.14,0.00,0.00,22.2,1281,1705,75.1,23250,6784,557,653,85.3,499,600,83.2,178,345,51.6,70,102,46,17,165,1439,260,63,1,24,219,56,137,6,126,4.56,126,4.56,74,44,1,4,3,0,10,0.36,7,3,0,0,0,0,45,24,24,15,6,24,53,45.3,29,25,4,21,23,68,18,1,27.6,1915,43,339,882,704,65,1911,20,9,45.0,11,55.0,1011,4586,2013,57,48,5,35,17,1260,168,50000,2600000
Pascal Struijk,"DF,MF",Leeds United,20,27,22,2075.0,23.1,1,0,1,1,0,0,3,0,1.7,1.7,0.1,1.8,0.04,0.00,0.04,0.04,0.07,0.01,0.07,0.08,0.0,0.0,0.0,0.0,0.0,0.0,0.0,0.0,0.0,0.0,0.0,0.0,0.0,0.0,0.0,0.0,0.0,0.0,0.0,0.0,0.0,0.0,0.0,0.0,14,4,28.6,0.61,0.17,0.07,0.25,9.8,1118,1301,85.9,21896,7066,343,390,87.9,653,700,93.3,106,176,60.2,4,53,2,1,71,1271,29,26,0,13,1,3,0,1,15,0.65,15,0.65,14,0,0,1,0,0,2,0.09,2,0,0,0,0,0,49,30,28,19,2,17,28,60.7,11,35,21,14,47,96,92,0,23.1,1580,200,892,615,78,20,1580,5,4,80.0,1,20.0,871,4704,2834,4,8,0,10,9,1012,5,7115,370000
Patrick Bamford,FW,Leeds United,26,38,37,3050.0,33.9,17,7,24,15,2,2,3,0,18.2,16.6,3.5,20.2,0.50,0.21,0.71,0.44,0.54,0.10,0.49,0.60,0.0,0.0,0.0,0.0,0.0,0.0,0.0,0.0,0.0,0.0,0.0,0.0,0.0,0.0,0.0,0.0,0.0,0.0,0.0,0.0,0.0,0.0,0.0,0.0,105,46,43.8,3.10,1.36,0.14,0.33,13.2,394,516,76.4,4378,832,238,290,82.1,85,111,76.6,6,10,60.0,30,18,11,1,31,422,90,1,2,0,3,0,2,4,65,1.92,65,1.92,46,0,5,10,4,0,16,0.47,9,0,2,2,3,0,21,9,2,11,8,8,27,29.6,19,14,4,10,10,31,37,0,33.9,850,47,82,384,394,163,848,40,19,47.5,21,52.5,388,1801,700,32,16,20,81,21,556,167,35000,1820000
Patrick Cutrone,FW,Wolves,22,2,0,25.0,0.3,0,0,0,0,0,0,0,0,0.1,0.1,0.0,0.1,0.00,0.00,0.00,0.00,0.30,0.00,0.30,0.30,0.0,0.0,0.0,0.0,0.0,0.0,0.0,0.0,0.0,0.0,0.0,0.0,0.0,0.0,0.0,0.0,0.0,0.0,0.0,0.0,0.0,0.0,0.0,0.0,1,0,0.0,3.60,0.00,0.00,,10.2,0,2,0.0,0,0,0,1,0.0,0,0,,0,0,,0,0,0,0,0,2,0,0,0,0,0,0,0,0,1,3.60,1,3.60,0,0,0,0,1,0,0,0.00,0,0,0,0,0,0,0,0,0,0,0,0,0,,0,0,0,0,0,0,0,0,0.3,4,0,0,1,3,1,4,0,0,,0,,2,5,0,0,0,0,1,0,4,3,0.0,0.0
Patrick van Aanholt,DF,Crystal Palace,29,22,20,1777.0,19.7,0,1,1,0,0,0,2,0,1.4,1.4,0.7,2.1,0.00,0.05,0.05,0.00,0.07,0.04,0.07,0.11,0.0,0.0,0.0,0.0,0.0,0.0,0.0,0.0,0.0,0.0,0.0,0.0,0.0,0.0,0.0,0.0,0.0,0.0,0.0,0.0,0.0,0.0,0.0,0.0,18,5,27.8,0.91,0.25,0.00,0.00,21.1,906,1164,77.8,13287,5990,545,613,88.9,284,361,78.7,51,105,48.6,11,71,20,4,103,959,192,31,0,4,40,159,2,13,30,1.52,30,1.52,27,2,1,0,0,0,3,0.15,2,1,0,0,0,0,35,22,18,17,0,19,43,44.2,24,18,6,12,30,65,40,2,19.7,1353,61,420,612,329,37,1353,22,10,45.5,12,54.5,728,3406,1622,38,29,9,24,6,800,87,55000,2860000
Paul Dummett,DF,Newcastle Utd,28,15,14,1255.0,13.9,1,0,1,1,0,0,2,0,0.3,0.3,0.2,0.5,0.07,0.00,0.07,0.07,0.02,0.01,0.02,0.04,0.0,0.0,0.0,0.0,0.0,0.0,0.0,0.0,0.0,0.0,0.0,0.0,0.0,0.0,0.0,0.0,0.0,0.0,0.0,0.0,0.0,0.0,0.0,0.0,3,1,33.3,0.22,0.07,0.33,1.00,9.2,423,575,73.6,7227,3656,205,235,87.2,163,201,81.1,42,102,41.2,4,34,5,3,29,516,54,12,0,1,10,42,0,5,8,0.57,8,0.57,6,1,0,1,0,0,1,0.07,1,0,0,0,0,0,16,7,11,5,0,13,21,61.9,8,12,7,5,16,32,74,0,13.9,717,85,367,294,59,5,717,4,3,75.0,1,25.0,317,1091,621,2,2,0,9,0,416,5,35000,1820000
Paul Pogba,"MF,FW",Manchester Utd,27,26,21,1897.0,21.1,3,3,6,3,0,0,3,0,2.8,2.8,2.4,5.2,0.14,0.14,0.28,0.14,0.13,0.11,0.13,0.25,0.0,0.0,0.0,0.0,0.0,0.0,0.0,0.0,0.0,0.0,0.0,0.0,0.0,0.0,0.0,0.0,0.0,0.0,0.0,0.0,0.0,0.0,0.0,0.0,31,11,35.5,1.47,0.52,0.10,0.27,17.0,1112,1367,81.3,19406,4987,541,617,87.7,399,468,85.3,131,187,70.1,26,132,26,1,139,1328,31,27,4,41,22,4,0,8,72,3.41,72,3.41,57,1,2,5,5,2,7,0.33,2,0,2,1,2,0,36,26,15,16,5,11,33,33.3,22,24,2,22,26,62,37,0,21.1,1640,54,324,885,453,58,1640,65,44,67.7,21,32.3,1015,4978,2442,46,33,6,54,50,1258,101,290000,15080000
Pedro Neto,"FW,MF",Wolves,20,31,30,2550.0,28.3,5,6,11,5,0,0,4,0,5.1,5.1,5.4,10.6,0.18,0.21,0.39,0.18,0.18,0.19,0.18,0.37,0.0,0.0,0.0,0.0,0.0,0.0,0.0,0.0,0.0,0.0,0.0,0.0,0.0,0.0,0.0,0.0,0.0,0.0,0.0,0.0,0.0,0.0,0.0,0.0,61,21,34.4,2.15,0.74,0.08,0.24,19.6,962,1229,78.3,13726,2855,590,634,93.1,257,345,74.5,60,138,43.5,61,46,37,24,54,1071,157,39,2,3,205,4,80,1,123,4.34,123,4.34,66,28,13,5,10,1,10,0.35,4,2,1,1,1,1,16,9,4,6,6,6,28,21.4,22,18,2,16,31,47,8,0,28.3,1545,17,136,653,787,100,1545,129,64,49.6,65,50.4,965,8006,4176,154,109,48,77,41,1144,255,50000,2600000
Percy Tau,FW,Brighton,26,3,1,103.0,1.1,0,1,1,0,0,0,0,0,0.0,0.0,0.4,0.4,0.00,0.87,0.87,0.00,0.00,0.36,0.00,0.36,0.0,0.0,0.0,0.0,0.0,0.0,0.0,0.0,0.0,0.0,0.0,0.0,0.0,0.0,0.0,0.0,0.0,0.0,0.0,0.0,0.0,0.0,0.0,0.0,0,0,,0.00,0.00,,,,24,33,72.7,282,53,15,18,83.3,7,7,100.0,0,2,0.0,3,1,0,0,1,31,2,0,1,0,2,0,1,0,5,4.37,5,4.37,4,0,1,0,0,0,1,0.87,1,0,0,0,0,0,1,1,1,0,0,0,2,0.0,2,1,0,1,0,1,1,0,1.1,43,1,5,20,19,2,43,3,3,100.0,0,0.0,29,224,106,4,1,1,5,1,30,11,15962,830000
Phil Bardsley,DF,Burnley,35,4,3,274.0,3.0,0,0,0,0,0,0,2,0,0.1,0.1,0.0,0.1,0.00,0.00,0.00,0.00,0.03,0.00,0.03,0.03,0.0,0.0,0.0,0.0,0.0,0.0,0.0,0.0,0.0,0.0,0.0,0.0,0.0,0.0,0.0,0.0,0.0,0.0,0.0,0.0,0.0,0.0,0.0,0.0,3,0,0.0,0.99,0.00,0.00,,21.5,104,162,64.2,1713,640,50,56,89.3,41,63,65.1,11,30,36.7,0,6,4,2,10,119,41,0,0,0,10,41,0,2,4,1.31,4,1.31,2,0,1,0,1,0,0,0.00,0,0,0,0,0,0,6,5,4,2,0,3,6,50.0,3,3,1,2,6,12,12,0,3.0,196,12,58,102,38,1,196,4,3,75.0,1,25.0,72,335,183,4,6,0,1,1,92,6,25000,1300000
Phil Foden,"FW,MF",Manchester City,20,28,17,1616.0,18.0,9,5,14,9,0,0,0,0,5.0,5.0,3.6,8.6,0.50,0.28,0.78,0.50,0.28,0.20,0.28,0.48,0.0,0.0,0.0,0.0,0.0,0.0,0.0,0.0,0.0,0.0,0.0,0.0,0.0,0.0,0.0,0.0,0.0,0.0,0.0,0.0,0.0,0.0,0.0,0.0,45,20,44.4,2.51,1.11,0.20,0.45,15.0,689,845,81.5,9142,1889,447,488,91.6,175,212,82.5,24,62,38.7,30,36,21,2,69,778,63,3,2,2,74,5,49,4,66,3.68,66,3.68,45,8,7,4,2,0,12,0.67,8,0,1,3,0,0,22,11,12,8,2,9,23,39.1,14,9,0,9,11,33,11,0,18.0,1065,14,93,373,615,121,1065,67,38,56.7,29,43.3,673,3812,2138,81,40,42,47,15,833,213,11923,620000
Phil Jagielka,DF,Sheffield Utd,37,10,6,526.0,5.8,0,0,0,0,0,0,1,1,0.0,0.0,0.0,0.0,0.00,0.00,0.00,0.00,0.00,0.00,0.00,0.00,0.0,0.0,0.0,0.0,0.0,0.0,0.0,0.0,0.0,0.0,0.0,0.0,0.0,0.0,0.0,0.0,0.0,0.0,0.0,0.0,0.0,0.0,0.0,0.0,0,0,,0.00,0.00,,,,148,209,70.8,3289,1135,39,49,79.6,76,98,77.6,30,51,58.8,0,7,0,0,6,196,13,9,0,2,1,4,0,0,1,0.17,1,0.17,1,0,0,0,0,0,0,0.00,0,0,0,0,0,0,5,4,4,0,1,2,7,28.6,5,11,5,6,10,15,26,2,5.8,266,42,150,112,8,1,266,0,0,,0,,121,368,101,1,0,0,3,0,122,2,50000,2600000
Pierre Højbjerg,MF,Tottenham,24,38,38,3420.0,38.0,2,4,6,2,0,0,9,0,1.1,1.1,1.6,2.7,0.05,0.11,0.16,0.05,0.03,0.04,0.03,0.07,0.0,0.0,0.0,0.0,0.0,0.0,0.0,0.0,0.0,0.0,0.0,0.0,0.0,0.0,0.0,0.0,0.0,0.0,0.0,0.0,0.0,0.0,0.0,0.0,14,7,50.0,0.37,0.18,0.14,0.29,24.0,2455,2783,88.2,40417,12152,1161,1263,91.9,1033,1129,91.5,173,257,67.3,16,208,17,1,218,2668,110,100,2,19,6,7,0,5,59,1.55,59,1.55,52,3,0,2,1,1,10,0.26,9,1,0,0,0,0,98,51,45,42,11,54,129,41.9,75,51,9,42,48,146,66,0,38.0,3116,120,712,2126,308,20,3116,32,23,71.9,9,28.1,1794,8521,4176,36,33,2,37,20,2224,26,101923,5300000
Pierre-Emerick Aubameyang,FW,Arsenal,31,29,26,2332.0,25.9,10,3,13,8,2,2,2,0,10.2,8.6,2.4,11.0,0.39,0.12,0.50,0.31,0.39,0.09,0.33,0.42,0.0,0.0,0.0,0.0,0.0,0.0,0.0,0.0,0.0,0.0,0.0,0.0,0.0,0.0,0.0,0.0,0.0,0.0,0.0,0.0,0.0,0.0,0.0,0.0,55,19,34.5,2.12,0.73,0.15,0.42,14.0,499,674,74.0,6849,1366,319,380,83.9,137,197,69.5,24,38,63.2,22,29,22,4,66,651,14,0,1,3,38,3,0,9,48,1.85,48,1.85,40,0,3,2,3,0,7,0.27,6,0,1,0,0,0,12,8,7,4,1,3,20,15.0,17,18,0,18,7,19,17,0,25.9,887,19,113,345,437,119,885,25,12,48.0,13,52.0,525,3124,1692,65,29,28,39,19,703,195,250000,13000000
Raheem Sterling,FW,Manchester City,25,31,28,2536.0,28.2,10,7,17,10,0,1,4,0,11.0,10.2,5.7,15.9,0.35,0.25,0.60,0.35,0.39,0.20,0.36,0.57,0.0,0.0,0.0,0.0,0.0,0.0,0.0,0.0,0.0,0.0,0.0,0.0,0.0,0.0,0.0,0.0,0.0,0.0,0.0,0.0,0.0,0.0,0.0,0.0,69,28,40.6,2.45,0.99,0.14,0.36,14.5,966,1141,84.7,11107,1934,689,748,92.1,187,222,84.2,17,30,56.7,37,45,27,1,67,1120,19,8,0,2,20,6,0,2,107,3.80,107,3.80,76,0,14,8,9,0,15,0.53,9,0,3,2,1,0,21,10,5,12,4,5,12,41.7,7,15,0,15,15,36,4,0,28.2,1449,4,65,568,831,213,1448,122,66,54.1,56,45.9,1037,6339,3294,129,73,81,62,83,1237,351,300000,15600000
Raphinha,"MF,FW",Leeds United,23,30,26,2360.0,26.2,6,9,15,6,0,0,3,0,5.7,5.7,7.9,13.6,0.23,0.34,0.57,0.23,0.22,0.30,0.22,0.52,0.0,0.0,0.0,0.0,0.0,0.0,0.0,0.0,0.0,0.0,0.0,0.0,0.0,0.0,0.0,0.0,0.0,0.0,0.0,0.0,0.0,0.0,0.0,0.0,67,24,35.8,2.56,0.92,0.09,0.25,17.2,687,1064,64.6,11676,4332,347,413,84.0,218,336,64.9,88,204,43.1,64,79,40,7,97,904,154,43,0,9,165,17,93,6,120,4.58,120,4.58,68,26,14,7,4,1,15,0.57,8,3,2,2,0,0,34,17,13,16,5,12,58,20.7,46,31,1,30,29,63,27,0,26.2,1445,39,195,603,664,122,1445,110,56,50.9,54,49.1,829,5308,2909,102,58,38,86,34,957,222,63500,3302000
Rayan Aït-Nouri,DF,Wolves,19,21,16,1404.0,15.6,1,1,2,1,0,0,1,0,0.6,0.6,0.6,1.2,0.06,0.06,0.13,0.06,0.04,0.04,0.04,0.08,0.0,0.0,0.0,0.0,0.0,0.0,0.0,0.0,0.0,0.0,0.0,0.0,0.0,0.0,0.0,0.0,0.0,0.0,0.0,0.0,0.0,0.0,0.0,0.0,15,6,40.0,0.96,0.38,0.07,0.17,19.8,662,805,82.2,9828,2664,362,392,92.3,248,296,83.8,25,57,43.9,14,35,16,6,54,675,129,6,0,3,61,116,7,1,32,2.05,32,2.05,21,4,6,0,1,0,1,0.06,1,0,0,0,0,0,29,16,18,10,1,13,27,48.1,14,14,1,13,15,44,25,0,15.6,996,42,267,430,309,26,996,54,26,48.1,28,51.9,573,2959,1702,47,34,9,30,19,622,85,4500,234000
Raúl Jiménez,FW,Wolves,29,10,10,823.0,9.1,4,0,4,4,0,0,0,0,2.4,2.4,0.3,2.7,0.44,0.00,0.44,0.44,0.27,0.03,0.27,0.29,0.0,0.0,0.0,0.0,0.0,0.0,0.0,0.0,0.0,0.0,0.0,0.0,0.0,0.0,0.0,0.0,0.0,0.0,0.0,0.0,0.0,0.0,0.0,0.0,26,10,38.5,2.84,1.09,0.15,0.40,16.2,207,265,78.1,2947,540,114,135,84.4,51,67,76.1,18,23,78.3,5,20,7,1,26,260,4,2,0,4,4,1,0,1,20,2.19,20,2.19,9,0,4,4,2,1,4,0.44,1,0,1,2,0,0,3,2,1,2,0,0,7,0.0,7,2,0,2,8,11,12,0,9.1,375,14,31,198,150,38,375,21,10,47.6,11,52.4,233,1335,657,23,12,7,32,18,303,46,41154,2140000
Reda Khadra,MF,Brighton,19,1,0,5.0,0.1,0,0,0,0,0,0,0,0,0.0,0.0,0.0,0.0,0.00,0.00,0.00,0.00,0.00,0.00,0.00,0.00,0.0,0.0,0.0,0.0,0.0,0.0,0.0,0.0,0.0,0.0,0.0,0.0,0.0,0.0,0.0,0.0,0.0,0.0,0.0,0.0,0.0,0.0,0.0,0.0,0,0,,0.00,0.00,,,,0,1,0.0,0,0,0,1,0.0,0,0,,0,0,,0,0,0,0,0,1,0,0,0,0,0,0,0,0,0,0.00,0,0.00,0,0,0,0,0,0,0,0.00,0,0,0,0,0,0,0,0,0,0,0,0,0,,0,0,0,0,0,0,0,0,0.1,1,0,0,0,1,1,1,0,0,,0,,1,35,31,1,0,1,0,0,1,1,0.0,0.0
Reece James,DF,Chelsea,20,32,25,2373.0,26.4,1,2,3,1,0,0,3,0,1.6,1.6,3.5,5.0,0.04,0.08,0.11,0.04,0.06,0.13,0.06,0.19,0.0,0.0,0.0,0.0,0.0,0.0,0.0,0.0,0.0,0.0,0.0,0.0,0.0,0.0,0.0,0.0,0.0,0.0,0.0,0.0,0.0,0.0,0.0,0.0,34,11,32.4,1.29,0.42,0.03,0.09,21.6,1706,2028,84.1,27925,6815,835,908,92.0,697,788,88.5,126,220,57.3,41,90,44,19,128,1785,235,22,0,17,144,180,33,8,81,3.07,81,3.07,60,9,2,5,4,1,5,0.19,3,1,0,0,1,0,55,35,24,22,9,21,44,47.7,23,36,7,29,17,72,52,0,26.4,2297,78,557,1019,739,49,2297,51,34,66.7,17,33.3,1292,5900,3052,80,54,20,27,23,1601,204,100000,5200000
Reiss Nelson,"FW,MF",Arsenal,20,2,0,71.0,0.8,0,0,0,0,0,0,0,0,0.1,0.1,0.0,0.1,0.00,0.00,0.00,0.00,0.08,0.00,0.08,0.08,0.0,0.0,0.0,0.0,0.0,0.0,0.0,0.0,0.0,0.0,0.0,0.0,0.0,0.0,0.0,0.0,0.0,0.0,0.0,0.0,0.0,0.0,0.0,0.0,1,0,0.0,1.27,0.00,0.00,,12.1,17,29,58.6,305,72,7,7,100.0,7,12,58.3,2,6,33.3,0,3,1,1,4,22,7,2,0,1,11,1,4,0,1,1.27,1,1.27,1,0,0,0,0,0,0,0.00,0,0,0,0,0,0,1,0,0,0,1,0,0,,0,0,0,0,1,2,1,0,0.8,40,1,7,9,25,4,40,4,1,25.0,3,75.0,22,184,82,4,2,0,0,2,23,6,15000,780000
Rekeem Harper,MF,West Brom,20,2,0,32.0,0.4,0,0,0,0,0,0,0,0,0.0,0.0,0.0,0.0,0.00,0.00,0.00,0.00,0.09,0.00,0.09,0.09,0.0,0.0,0.0,0.0,0.0,0.0,0.0,0.0,0.0,0.0,0.0,0.0,0.0,0.0,0.0,0.0,0.0,0.0,0.0,0.0,0.0,0.0,0.0,0.0,1,1,100.0,2.81,2.81,0.00,0.00,26.1,14,17,82.4,243,41,7,8,87.5,6,6,100.0,1,3,33.3,0,1,0,0,1,17,0,0,0,1,0,0,0,0,0,0.00,0,0.00,0,0,0,0,0,0,0,0.00,0,0,0,0,0,0,0,0,0,0,0,0,0,,0,2,0,2,1,1,0,0,0.4,23,0,1,19,4,0,23,2,2,100.0,0,0.0,10,39,12,0,1,0,2,0,14,1,10000,520000
Rhian Brewster,"FW,MF",Sheffield Utd,20,27,12,1128.0,12.5,0,0,0,0,0,0,1,0,1.8,1.8,1.6,3.4,0.00,0.00,0.00,0.00,0.14,0.13,0.14,0.27,0.0,0.0,0.0,0.0,0.0,0.0,0.0,0.0,0.0,0.0,0.0,0.0,0.0,0.0,0.0,0.0,0.0,0.0,0.0,0.0,0.0,0.0,0.0,0.0,24,7,29.2,1.91,0.56,0.00,0.00,21.8,157,225,69.8,2231,556,98,125,78.4,37,54,68.5,12,22,54.5,11,15,4,3,20,212,11,0,2,3,16,0,0,2,23,1.83,23,1.83,16,0,0,4,3,0,0,0.00,0,0,0,0,0,0,8,5,1,4,3,1,13,7.7,12,15,2,13,5,13,5,0,12.5,342,4,27,140,178,30,342,15,8,53.3,7,46.7,176,801,306,11,11,4,20,18,225,48,50000,2600000
Rhys Williams,DF,Liverpool,19,9,7,661.0,7.3,0,0,0,0,0,0,0,0,0.5,0.5,0.2,0.7,0.00,0.00,0.00,0.00,0.07,0.02,0.07,0.09,0.0,0.0,0.0,0.0,0.0,0.0,0.0,0.0,0.0,0.0,0.0,0.0,0.0,0.0,0.0,0.0,0.0,0.0,0.0,0.0,0.0,0.0,0.0,0.0,7,0,0.0,0.95,0.00,0.00,,10.6,440,504,87.3,8388,2661,142,173,82.1,258,272,94.9,37,53,69.8,2,20,1,0,23,498,6,6,1,3,0,0,0,0,6,0.82,6,0.82,5,0,0,1,0,0,1,0.14,0,0,0,1,0,0,6,4,3,3,0,3,3,100.0,0,4,3,1,6,12,27,1,7.3,558,71,264,279,17,10,558,0,0,,0,,321,1311,572,2,2,0,0,0,380,1,1538,80000
Ricardo Pereira,"DF,FW",Leicester City,26,15,10,959.0,10.7,0,1,1,0,0,0,3,0,0.3,0.3,0.6,1.0,0.00,0.09,0.09,0.00,0.03,0.06,0.03,0.09,0.0,0.0,0.0,0.0,0.0,0.0,0.0,0.0,0.0,0.0,0.0,0.0,0.0,0.0,0.0,0.0,0.0,0.0,0.0,0.0,0.0,0.0,0.0,0.0,7,4,57.1,0.66,0.38,0.00,0.00,20.1,418,548,76.3,6008,1939,255,295,86.4,130,172,75.6,20,38,52.6,10,26,13,2,45,478,68,1,1,1,15,67,0,2,23,2.15,23,2.15,21,0,1,0,0,1,3,0.28,2,0,0,0,0,1,31,22,16,8,7,14,35,40.0,21,24,1,23,15,46,23,0,10.7,714,23,191,281,245,29,714,30,14,46.7,16,53.3,343,1478,691,20,17,4,21,16,427,53,70000,3640000
Richarlison,FW,Everton,23,34,33,2861.0,31.8,7,3,10,6,1,1,4,1,9.7,8.8,3.3,12.1,0.22,0.09,0.31,0.19,0.31,0.10,0.28,0.38,0.0,0.0,0.0,0.0,0.0,0.0,0.0,0.0,0.0,0.0,0.0,0.0,0.0,0.0,0.0,0.0,0.0,0.0,0.0,0.0,0.0,0.0,0.0,0.0,80,31,38.8,2.52,0.98,0.08,0.19,15.1,526,791,66.5,7213,1435,311,390,79.7,158,231,68.4,23,45,51.1,25,26,15,1,58,775,13,2,6,1,37,2,0,3,89,2.80,89,2.80,55,0,10,6,18,0,8,0.25,4,0,2,1,1,0,50,32,21,22,7,16,51,31.4,35,28,3,25,14,64,36,1,31.8,1179,54,187,457,562,145,1178,102,61,59.8,41,40.2,752,5540,2840,113,72,40,70,56,846,195,90000,4680000
Riyad Mahrez,FW,Manchester City,29,27,23,1949.0,21.7,9,6,15,9,0,0,0,0,4.7,4.7,5.0,9.7,0.42,0.28,0.69,0.42,0.22,0.23,0.22,0.45,0.0,0.0,0.0,0.0,0.0,0.0,0.0,0.0,0.0,0.0,0.0,0.0,0.0,0.0,0.0,0.0,0.0,0.0,0.0,0.0,0.0,0.0,0.0,0.0,58,22,37.9,2.68,1.02,0.16,0.41,17.0,916,1096,83.6,12994,2572,556,599,92.8,265,328,80.8,50,84,59.5,43,38,43,5,88,1027,68,11,3,5,81,10,43,1,91,4.20,91,4.20,63,9,5,8,3,3,17,0.79,11,1,3,2,0,0,20,5,2,10,8,6,30,20.0,24,19,0,19,8,28,4,0,21.7,1311,5,61,449,813,138,1311,81,45,55.6,36,44.4,927,5313,2496,88,46,60,46,29,1074,247,120000,6240000
Rob Holding,DF,Arsenal,24,30,28,2558.0,28.4,0,1,1,0,0,0,2,0,1.0,1.0,0.2,1.2,0.00,0.04,0.04,0.00,0.04,0.01,0.04,0.04,0.0,0.0,0.0,0.0,0.0,0.0,0.0,0.0,0.0,0.0,0.0,0.0,0.0,0.0,0.0,0.0,0.0,0.0,0.0,0.0,0.0,0.0,0.0,0.0,14,2,14.3,0.49,0.07,0.00,0.00,12.8,1578,1819,86.8,31638,10249,470,510,92.2,912,989,92.2,183,283,64.7,4,123,6,0,114,1778,37,26,0,14,2,11,0,4,14,0.49,14,0.49,13,0,0,0,0,1,3,0.11,3,0,0,0,0,0,43,20,28,13,2,17,35,48.6,18,37,27,10,24,67,120,0,28.4,2093,283,1051,980,68,22,2093,11,8,72.7,3,27.3,1350,6434,3872,10,10,0,12,6,1486,1,25000,1300000
Robbie Brady,MF,Burnley,28,19,12,1052.0,11.7,1,1,2,1,0,0,3,0,0.8,0.8,0.9,1.7,0.09,0.09,0.17,0.09,0.07,0.08,0.07,0.15,0.0,0.0,0.0,0.0,0.0,0.0,0.0,0.0,0.0,0.0,0.0,0.0,0.0,0.0,0.0,0.0,0.0,0.0,0.0,0.0,0.0,0.0,0.0,0.0,16,5,31.3,1.37,0.43,0.06,0.20,21.1,257,403,63.8,4172,1284,151,182,83.0,68,109,62.4,30,74,40.5,7,23,6,4,26,385,17,6,2,5,43,8,3,1,19,1.63,19,1.63,13,1,1,2,2,0,2,0.17,0,1,0,0,1,0,22,15,12,6,4,12,35,34.3,23,16,0,16,9,31,29,1,11.7,537,43,121,240,185,22,537,15,11,73.3,4,26.7,250,1482,597,14,11,3,17,9,292,40,35000,1820000
Robert Snodgrass,"FW,MF",West Ham,32,3,0,5.0,0.1,0,0,0,0,0,0,0,0,0.0,0.0,0.0,0.0,0.00,0.00,0.00,0.00,0.00,0.00,0.00,0.00,0.0,0.0,0.0,0.0,0.0,0.0,0.0,0.0,0.0,0.0,0.0,0.0,0.0,0.0,0.0,0.0,0.0,0.0,0.0,0.0,0.0,0.0,0.0,0.0,4,1,25.0,0.68,0.17,0.00,0.00,18.3,107,141,75.9,1632,503,56,66,84.8,39,57,68.4,7,9,77.8,3,11,3,1,14,138,2,0,0,0,8,0,0,1,5,0.86,5,0.86,5,0,0,0,0,0,1,0.17,1,0,0,0,0,0,17,12,12,4,1,10,16,62.5,6,11,2,9,1,18,12,0,5.8,217,18,60,91,68,10,217,8,4,50.0,4,50.0,88,372,139,6,1,3,8,4,107,25,40000,2080000
Robert Snodgrass,"MF,FW",West Brom,32,8,6,526.0,5.8,0,0,0,0,0,0,2,0,0.2,0.2,0.4,0.7,0.00,0.00,0.00,0.00,0.04,0.07,0.04,0.12,0.0,0.0,0.0,0.0,0.0,0.0,0.0,0.0,0.0,0.0,0.0,0.0,0.0,0.0,0.0,0.0,0.0,0.0,0.0,0.0,0.0,0.0,0.0,0.0,4,1,25.0,0.68,0.17,0.00,0.00,18.3,107,141,75.9,1632,503,56,66,84.8,39,57,68.4,7,9,77.8,3,11,3,1,14,138,2,0,0,0,8,0,0,1,5,0.86,5,0.86,5,0,0,0,0,0,1,0.17,1,0,0,0,0,0,17,12,12,4,1,10,16,62.5,6,11,2,9,1,18,12,0,5.8,217,18,60,91,68,10,217,8,4,50.0,4,50.0,88,372,139,6,1,3,8,4,107,25,40000,2080000
Robert Sánchez,GK,Brighton,22,27,27,2430.0,27.0,0,0,0,0,0,0,2,0,0.0,0.0,0.0,0.0,0.00,0.00,0.00,0.00,0.00,0.00,0.00,0.00,1.00,91,65,72.5,10,37.0,23.3,0.24,151,411,36.7,925,118,34.7,33.6,177,50.8,41.1,340,22,6.5,29,1.07,14.5,0,0,,0.00,0.00,,,,812,1106,73.4,21987,13945,154,156,98.7,413,420,98.3,243,523,46.5,1,21,0,0,1,879,223,46,0,11,0,0,0,4,2,0.07,2,0.07,2,0,0,0,0,0,0,0.00,0,0,0,0,0,0,1,0,1,0,0,1,1,100.0,0,1,0,1,1,2,11,2,27.0,1162,893,1148,12,2,2,1162,0,0,,0,,711,3591,2228,0,0,0,4,0,680,0,3500,182000
Roberto Firmino,FW,Liverpool,28,36,33,2838.0,31.5,9,7,16,9,0,0,2,0,11.3,11.3,5.6,16.9,0.29,0.22,0.51,0.29,0.36,0.18,0.36,0.54,0.0,0.0,0.0,0.0,0.0,0.0,0.0,0.0,0.0,0.0,0.0,0.0,0.0,0.0,0.0,0.0,0.0,0.0,0.0,0.0,0.0,0.0,0.0,0.0,83,32,38.6,2.63,1.01,0.11,0.28,14.3,1065,1333,79.9,13277,3355,679,780,87.1,252,323,78.0,42,59,71.2,44,84,40,0,140,1287,44,4,5,1,14,16,2,2,111,3.52,111,3.52,84,1,13,11,2,0,11,0.35,10,0,0,1,0,0,33,15,3,17,13,6,32,18.8,26,42,5,37,11,44,12,0,31.5,1663,18,104,789,788,176,1663,83,59,71.1,24,28.9,989,4862,2379,66,44,22,80,47,1279,222,180000,9360000
Robin Koch,"DF,MF",Leeds United,24,17,13,1132.0,12.6,0,0,0,0,0,0,1,0,0.7,0.7,0.1,0.8,0.00,0.00,0.00,0.00,0.06,0.01,0.06,0.07,0.0,0.0,0.0,0.0,0.0,0.0,0.0,0.0,0.0,0.0,0.0,0.0,0.0,0.0,0.0,0.0,0.0,0.0,0.0,0.0,0.0,0.0,0.0,0.0,9,1,11.1,0.72,0.08,0.00,0.00,12.3,664,773,85.9,13042,4385,191,218,87.6,398,428,93.0,64,104,61.5,4,35,3,0,49,755,16,15,0,8,1,1,0,2,11,0.87,11,0.87,11,0,0,0,0,0,2,0.16,2,0,0,0,0,0,27,16,17,10,0,10,19,52.6,9,18,12,6,27,54,34,2,12.6,910,119,470,399,46,11,910,6,4,66.7,2,33.3,549,2928,1958,8,8,0,5,0,606,3,46154,2400000
Robin Olsen,GK,Everton,30,7,7,630.0,7.0,0,0,0,0,0,0,1,0,0.0,0.0,0.0,0.0,0.00,0.00,0.00,0.00,0.00,0.00,0.00,0.00,1.29,30,21,73.3,2,28.6,9.5,0.29,36,93,38.7,148,23,42.6,35.6,51,58.8,42.9,88,4,4.5,4,0.57,12.3,0,0,,0.00,0.00,,,,139,200,69.5,4123,3252,25,25,100.0,58,58,100.0,53,113,46.9,0,1,0,0,0,128,71,20,0,0,0,0,0,1,2,0.29,2,0.29,2,0,0,0,0,0,0,0.00,0,0,0,0,0,0,0,0,0,0,0,0,0,,0,0,0,0,0,0,4,1,7.0,218,190,217,1,0,0,218,0,0,,0,,88,423,268,0,0,0,0,0,92,0,15250,793000
Rodri,MF,Manchester City,24,34,31,2748.0,30.5,2,2,4,1,1,1,6,0,2.4,1.6,1.4,3.1,0.07,0.07,0.13,0.03,0.08,0.05,0.05,0.10,0.0,0.0,0.0,0.0,0.0,0.0,0.0,0.0,0.0,0.0,0.0,0.0,0.0,0.0,0.0,0.0,0.0,0.0,0.0,0.0,0.0,0.0,0.0,0.0,31,7,22.6,1.02,0.23,0.03,0.14,20.8,2545,2801,90.9,44312,10473,1138,1213,93.8,1055,1149,91.8,273,321,85.0,29,217,20,2,227,2760,40,38,2,19,14,1,1,1,85,2.78,85,2.78,74,0,3,5,1,2,9,0.29,7,0,1,1,0,0,72,40,24,40,8,33,66,50.0,33,23,9,14,36,108,54,3,30.5,3082,95,564,2022,522,43,3081,33,28,84.8,5,15.2,1955,8270,4309,42,43,7,25,22,2349,31,121154,6300000
Rodrigo,"MF,FW",Leeds United,29,26,14,1288.0,14.3,7,2,9,7,0,0,3,0,5.1,5.1,3.5,8.7,0.49,0.14,0.63,0.49,0.36,0.25,0.36,0.60,0.0,0.0,0.0,0.0,0.0,0.0,0.0,0.0,0.0,0.0,0.0,0.0,0.0,0.0,0.0,0.0,0.0,0.0,0.0,0.0,0.0,0.0,0.0,0.0,46,18,39.1,3.21,1.26,0.15,0.39,16.4,437,586,74.6,6744,1713,232,276,84.1,136,180,75.6,42,64,65.6,31,42,21,3,80,579,6,0,6,8,22,4,0,1,68,4.75,68,4.75,52,0,4,8,2,2,8,0.56,4,0,1,3,0,0,14,7,8,3,3,4,22,18.2,18,7,0,7,5,19,16,0,14.3,738,18,115,313,317,68,738,25,16,64.0,9,36.0,470,2212,970,30,19,11,39,21,587,118,57692,3000000
Romain Saïss,DF,Wolves,30,27,27,2407.0,26.7,3,0,3,3,0,0,2,0,3.0,3.0,0.2,3.3,0.11,0.00,0.11,0.11,0.11,0.01,0.11,0.12,0.0,0.0,0.0,0.0,0.0,0.0,0.0,0.0,0.0,0.0,0.0,0.0,0.0,0.0,0.0,0.0,0.0,0.0,0.0,0.0,0.0,0.0,0.0,0.0,28,11,39.3,1.05,0.41,0.11,0.27,13.4,1199,1495,80.2,23216,10367,430,477,90.1,622,711,87.5,140,262,53.4,5,113,5,4,100,1421,67,24,0,18,17,43,0,7,19,0.71,19,0.71,16,1,1,1,0,0,2,0.07,2,0,0,0,0,0,35,24,23,12,0,19,33,57.6,14,28,13,15,52,87,115,1,26.7,1786,187,881,773,140,35,1786,15,9,60.0,6,40.0,1003,4495,2550,12,10,1,11,2,1152,24,21923,1140000
Romaine Sawyers,MF,West Brom,28,19,17,1487.0,16.5,0,0,0,0,0,0,2,0,0.1,0.1,0.6,0.7,0.00,0.00,0.00,0.00,0.01,0.03,0.01,0.04,0.0,0.0,0.0,0.0,0.0,0.0,0.0,0.0,0.0,0.0,0.0,0.0,0.0,0.0,0.0,0.0,0.0,0.0,0.0,0.0,0.0,0.0,0.0,0.0,4,0,0.0,0.24,0.00,0.00,,25.4,616,729,84.5,10470,3057,279,310,90.0,261,293,89.1,53,78,67.9,6,58,4,1,67,680,44,22,1,6,3,1,0,5,19,1.15,19,1.15,19,0,0,0,0,0,2,0.12,2,0,0,0,0,0,30,18,16,12,2,14,43,32.6,29,20,4,16,18,48,12,3,16.5,867,29,243,545,91,1,867,21,8,38.1,13,61.9,406,1967,846,11,9,0,14,10,516,9,12500,650000
Ross Barkley,"FW,MF",Chelsea,26,2,0,42.0,0.5,0,0,0,0,0,0,0,0,0.0,0.0,0.1,0.1,0.00,0.00,0.00,0.00,0.05,0.19,0.05,0.24,0.0,0.0,0.0,0.0,0.0,0.0,0.0,0.0,0.0,0.0,0.0,0.0,0.0,0.0,0.0,0.0,0.0,0.0,0.0,0.0,0.0,0.0,0.0,0.0,38,11,28.9,2.23,0.65,0.08,0.27,18.7,640,795,80.5,10363,2800,330,383,86.2,214,255,83.9,65,97,67.0,39,46,25,0,88,685,108,21,0,4,61,6,56,2,76,4.47,76,4.47,44,19,8,2,2,1,5,0.29,2,1,0,1,1,0,6,2,2,4,0,3,15,20.0,12,9,1,8,5,11,6,1,17.0,945,18,114,416,428,53,945,43,29,67.4,11,25.6,507,2834,1398,40,26,12,38,32,655,73,96154,5000000
Ross Barkley,MF,Aston Villa,26,24,18,1531.0,17.0,3,1,4,3,0,0,0,0,3.1,3.1,4.2,7.3,0.18,0.06,0.24,0.18,0.18,0.24,0.18,0.43,0.0,0.0,0.0,0.0,0.0,0.0,0.0,0.0,0.0,0.0,0.0,0.0,0.0,0.0,0.0,0.0,0.0,0.0,0.0,0.0,0.0,0.0,0.0,0.0,38,11,28.9,2.23,0.65,0.08,0.27,18.7,640,795,80.5,10363,2800,330,383,86.2,214,255,83.9,65,97,67.0,39,46,25,0,88,685,108,21,0,4,61,6,56,2,76,4.47,76,4.47,44,19,8,2,2,1,5,0.29,2,1,0,1,1,0,6,2,2,4,0,3,15,20.0,12,9,1,8,5,11,6,1,17.0,945,18,114,416,428,53,945,43,29,67.4,11,25.6,507,2834,1398,40,26,12,38,32,655,73,96154,5000000
Ruben Loftus-Cheek,FW,Chelsea,24,1,1,60.0,0.7,0,0,0,0,0,0,0,0,0.0,0.0,0.0,0.0,0.00,0.00,0.00,0.00,0.00,0.00,0.00,0.00,0.0,0.0,0.0,0.0,0.0,0.0,0.0,0.0,0.0,0.0,0.0,0.0,0.0,0.0,0.0,0.0,0.0,0.0,0.0,0.0,0.0,0.0,0.0,0.0,0,0,,0.00,0.00,,,,11,17,64.7,127,14,10,11,90.9,1,2,50.0,0,1,0.0,0,1,0,0,0,17,0,0,0,0,0,0,0,0,1,1.50,1,1.50,1,0,0,0,0,0,0,0.00,0,0,0,0,0,0,0,0,0,0,0,0,0,,0,0,0,0,0,0,0,0,0.7,25,0,5,15,5,0,25,3,0,0.0,3,100.0,13,85,34,1,1,0,2,1,18,2,60000,3120000
Ruben Loftus-Cheek,"MF,FW",Fulham,24,30,21,1909.0,21.2,1,0,1,1,0,0,3,0,3.4,3.4,1.2,4.6,0.05,0.00,0.05,0.05,0.16,0.06,0.16,0.22,0.0,0.0,0.0,0.0,0.0,0.0,0.0,0.0,0.0,0.0,0.0,0.0,0.0,0.0,0.0,0.0,0.0,0.0,0.0,0.0,0.0,0.0,0.0,0.0,0,0,,0.00,0.00,,,,11,17,64.7,127,14,10,11,90.9,1,2,50.0,0,1,0.0,0,1,0,0,0,17,0,0,0,0,0,0,0,0,1,1.50,1,1.50,1,0,0,0,0,0,0,0.00,0,0,0,0,0,0,0,0,0,0,0,0,0,,0,0,0,0,0,0,0,0,0.7,25,0,5,15,5,0,25,3,0,0.0,3,100.0,13,85,34,1,1,0,2,1,18,2,60000,3120000
Rui Patrício,GK,Wolves,32,37,37,3329.0,37.0,0,0,0,0,0,0,1,0,0.0,0.0,0.0,0.0,0.00,0.00,0.00,0.00,0.00,0.00,0.00,0.00,1.38,148,99,70.3,10,27.0,45.3,0.26,160,383,41.8,540,146,43.9,35.5,268,54.5,36.8,558,21,3.8,12,0.32,10.6,0,0,,0.00,0.00,,,,559,810,69.0,16021,11909,126,127,99.2,191,195,97.9,229,472,48.5,0,1,0,0,0,458,350,82,0,0,0,0,0,2,2,0.05,2,0.05,2,0,0,0,0,0,0,0.00,0,0,0,0,0,0,0,0,0,0,0,0,1,0.0,1,0,0,0,1,1,3,3,37.0,870,808,870,0,0,0,870,0,0,,0,,380,2652,1647,0,0,0,1,0,212,0,100000,5200000
Ryan Bertrand,DF,Southampton,30,29,29,2598.0,28.9,0,1,1,0,0,0,5,0,0.4,0.4,1.3,1.6,0.00,0.03,0.03,0.00,0.01,0.04,0.01,0.06,0.0,0.0,0.0,0.0,0.0,0.0,0.0,0.0,0.0,0.0,0.0,0.0,0.0,0.0,0.0,0.0,0.0,0.0,0.0,0.0,0.0,0.0,0.0,0.0,8,3,37.5,0.28,0.10,0.00,0.00,19.7,1186,1569,75.6,17245,6420,675,773,87.3,417,537,77.7,45,141,31.9,14,64,22,6,101,1214,347,58,0,3,82,282,7,8,43,1.49,43,1.49,29,11,0,0,1,2,4,0.14,3,0,0,0,0,1,60,32,26,27,7,30,48,62.5,18,19,1,18,30,90,41,1,28.9,1803,58,427,894,492,42,1803,9,3,33.3,6,66.7,827,4066,2364,46,41,6,25,8,1030,120,70000,3640000
Ryan Fraser,"FW,MF",Newcastle Utd,26,18,9,928.0,10.3,0,2,2,0,0,0,2,1,0.9,0.9,2.0,2.9,0.00,0.19,0.19,0.00,0.09,0.19,0.09,0.28,0.0,0.0,0.0,0.0,0.0,0.0,0.0,0.0,0.0,0.0,0.0,0.0,0.0,0.0,0.0,0.0,0.0,0.0,0.0,0.0,0.0,0.0,0.0,0.0,13,6,46.2,1.26,0.58,0.00,0.00,21.6,240,372,64.5,3641,1040,132,156,84.6,69,105,65.7,24,72,33.3,26,8,11,10,18,308,64,10,0,1,103,7,45,0,37,3.59,37,3.59,21,13,0,2,1,0,3,0.29,1,1,0,0,1,0,4,1,3,1,0,2,5,40.0,3,1,0,1,6,10,7,0,10.3,431,12,49,138,250,22,431,4,3,75.0,1,25.0,241,1378,660,21,14,4,12,5,292,71,35000,1820000
Ryan Fredericks,"DF,FW",West Ham,27,14,6,569.0,6.3,1,1,2,1,0,0,2,0,0.3,0.3,1.2,1.5,0.16,0.16,0.32,0.16,0.04,0.19,0.04,0.24,0.0,0.0,0.0,0.0,0.0,0.0,0.0,0.0,0.0,0.0,0.0,0.0,0.0,0.0,0.0,0.0,0.0,0.0,0.0,0.0,0.0,0.0,0.0,0.0,4,2,50.0,0.63,0.32,0.25,0.50,14.8,205,282,72.7,2766,1080,128,147,87.1,62,87,71.3,7,23,30.4,12,17,10,5,20,246,36,3,1,0,23,33,0,0,21,3.32,21,3.32,16,0,2,1,1,1,0,0.00,0,0,0,0,0,0,9,5,5,4,0,3,7,42.9,4,6,2,4,11,20,20,0,6.3,353,33,94,148,113,12,353,7,3,42.9,4,57.1,154,758,454,11,8,2,3,3,198,39,40000,2080000
Rúben Dias,DF,Manchester City,23,32,32,2843.0,31.6,1,0,1,1,0,0,4,0,1.9,1.9,0.1,2.0,0.03,0.00,0.03,0.03,0.06,0.00,0.06,0.06,0.0,0.0,0.0,0.0,0.0,0.0,0.0,0.0,0.0,0.0,0.0,0.0,0.0,0.0,0.0,0.0,0.0,0.0,0.0,0.0,0.0,0.0,0.0,0.0,14,6,42.9,0.44,0.19,0.07,0.17,8.3,2531,2722,93.0,48311,16407,792,839,94.4,1499,1554,96.5,210,275,76.4,3,161,5,1,154,2665,52,46,1,5,2,2,0,5,22,0.70,22,0.70,20,0,0,1,1,0,2,0.06,1,0,0,1,0,0,24,13,13,8,3,4,16,25.0,12,31,23,8,35,59,92,0,31.6,2954,245,1046,1846,74,29,2954,8,6,75.0,2,25.0,2087,11819,7375,38,19,0,10,4,2369,5,72500,3770000
Rúben Neves,MF,Wolves,23,36,31,2675.0,29.7,5,1,6,2,3,3,8,0,5.1,2.7,1.9,4.6,0.17,0.03,0.20,0.07,0.17,0.06,0.09,0.15,0.0,0.0,0.0,0.0,0.0,0.0,0.0,0.0,0.0,0.0,0.0,0.0,0.0,0.0,0.0,0.0,0.0,0.0,0.0,0.0,0.0,0.0,0.0,0.0,64,13,20.3,2.15,0.44,0.03,0.15,26.9,1678,2007,83.6,34730,9155,563,627,89.8,798,907,88.0,296,407,72.7,33,214,25,3,212,1946,59,56,1,40,23,3,0,2,78,2.62,78,2.62,63,3,2,4,1,5,4,0.13,4,0,0,0,0,0,86,46,42,38,6,36,88,40.9,52,55,11,44,65,151,46,2,29.7,2378,85,523,1536,337,21,2375,15,10,66.7,5,33.3,1384,5582,2584,22,34,2,26,16,1636,25,50000,2600000
Rúben Vinagre,"MF,DF",Wolves,21,2,1,173.0,1.9,0,0,0,0,0,0,0,0,0.0,0.0,0.1,0.1,0.00,0.00,0.00,0.00,0.00,0.03,0.00,0.03,0.0,0.0,0.0,0.0,0.0,0.0,0.0,0.0,0.0,0.0,0.0,0.0,0.0,0.0,0.0,0.0,0.0,0.0,0.0,0.0,0.0,0.0,0.0,0.0,0,0,,0.00,0.00,,,,86,101,85.1,1206,272,48,53,90.6,27,34,79.4,4,5,80.0,1,2,2,2,2,84,17,0,0,0,4,17,0,0,1,0.52,1,0.52,1,0,0,0,0,0,0,0.00,0,0,0,0,0,0,7,5,5,2,0,3,4,75.0,1,3,0,3,2,9,4,0,1.9,121,2,35,56,31,0,121,4,2,50.0,2,50.0,60,288,176,4,5,0,1,6,71,11,0.0,0.0
Rúnar Alex Rúnarsson,GK,Arsenal,25,1,0,16.0,0.2,0,0,0,0,0,0,0,0,0.0,0.0,0.0,0.0,0.00,0.00,0.00,0.00,0.00,0.00,0.00,0.00,0.00,2,2,100.0,0,,0.1,0.05,0,3,0.0,10,2,30.0,28.2,1,0.0,15.0,3,0,0.0,0,0.00,,0,0,,0.00,0.00,,,,7,11,63.6,100,32,3,3,100.0,4,4,100.0,0,4,0.0,0,0,0,0,0,8,3,2,0,0,0,0,0,0,0,0.00,0,0.00,0,0,0,0,0,0,0,0.00,0,0,0,0,0,0,0,0,0,0,0,0,0,,0,0,0,0,0,0,0,0,0.2,13,10,12,1,0,0,13,0,0,,0,,5,26,12,0,0,0,0,0,6,0,15000,780000
Sadio Mané,FW,Liverpool,28,35,31,2810.0,31.2,11,7,18,11,0,0,3,0,14.1,14.1,7.0,21.0,0.35,0.22,0.58,0.35,0.45,0.22,0.45,0.67,0.0,0.0,0.0,0.0,0.0,0.0,0.0,0.0,0.0,0.0,0.0,0.0,0.0,0.0,0.0,0.0,0.0,0.0,0.0,0.0,0.0,0.0,0.0,0.0,94,34,36.2,3.01,1.09,0.12,0.32,13.7,812,1082,75.0,11380,2510,499,589,84.7,218,289,75.4,48,70,68.6,61,41,66,7,112,1063,15,3,2,3,60,10,2,4,141,4.52,141,4.52,95,1,15,9,18,3,16,0.51,9,0,0,3,2,2,48,30,6,22,20,12,33,36.4,21,30,0,30,15,63,11,0,31.2,1512,16,86,535,912,244,1512,144,82,56.9,61,42.4,1061,7394,3501,142,88,62,101,61,1266,366,100000,5200000
Sam Field,MF,West Brom,22,3,0,62.0,0.7,0,0,0,0,0,0,0,0,0.0,0.0,0.0,0.0,0.00,0.00,0.00,0.00,0.00,0.00,0.00,0.00,0.0,0.0,0.0,0.0,0.0,0.0,0.0,0.0,0.0,0.0,0.0,0.0,0.0,0.0,0.0,0.0,0.0,0.0,0.0,0.0,0.0,0.0,0.0,0.0,0,0,,0.00,0.00,,,,15,25,60.0,209,52,10,14,71.4,2,4,50.0,2,4,50.0,0,1,0,0,2,24,0,0,0,0,0,0,0,1,0,0.00,0,0.00,0,0,0,0,0,0,0,0.00,0,0,0,0,0,0,5,5,3,2,0,0,0,,0,4,1,3,2,7,4,0,0.7,43,4,17,24,2,0,43,1,1,100.0,0,0.0,9,25,1,0,0,0,2,1,10,0,8000,416000
Sam Johnstone,GK,West Brom,27,37,37,3330.0,37.0,0,1,1,0,0,0,1,0,0.0,0.0,0.2,0.2,0.00,0.03,0.03,0.00,0.00,0.01,0.00,0.01,2.00,234,162,71.4,6,16.2,67.2,0.26,293,889,33.0,994,182,63.8,45.0,296,86.1,56.8,645,20,3.1,38,1.03,14.0,0,0,,0.00,0.00,,,,655,1297,50.5,24681,19644,52,53,98.1,217,225,96.4,386,1011,38.2,1,22,0,0,0,799,491,195,0,8,0,0,0,7,5,0.14,5,0.14,3,2,0,0,0,0,1,0.03,1,0,0,0,0,0,0,0,0,0,0,0,0,,0,0,0,0,2,2,15,2,37.0,1416,1106,1388,29,0,0,1416,0,0,,0,,659,4839,2994,0,0,0,0,0,465,0,32500,1690000
Sander Berge,MF,Sheffield Utd,22,15,13,1120.0,12.4,1,1,2,0,1,1,4,0,1.2,0.4,1.1,1.6,0.08,0.08,0.16,0.00,0.10,0.09,0.04,0.13,0.0,0.0,0.0,0.0,0.0,0.0,0.0,0.0,0.0,0.0,0.0,0.0,0.0,0.0,0.0,0.0,0.0,0.0,0.0,0.0,0.0,0.0,0.0,0.0,9,1,11.1,0.72,0.08,0.00,0.00,18.0,378,464,81.5,5944,1357,198,229,86.5,138,154,89.6,28,45,62.2,13,28,4,2,39,454,8,3,0,3,23,3,2,2,23,1.85,23,1.85,20,0,2,1,0,0,1,0.08,0,0,0,1,0,0,16,7,8,5,3,7,15,46.7,8,11,2,9,4,20,18,0,12.4,590,31,109,295,199,31,589,32,20,62.5,12,37.5,363,2831,1397,39,30,10,24,13,390,33,52500,2730000
Saïd Benrahma,"FW,MF",West Ham,24,30,14,1391.0,15.5,1,6,7,1,0,0,0,0,2.6,2.6,4.1,6.7,0.06,0.39,0.45,0.06,0.17,0.26,0.17,0.43,0.0,0.0,0.0,0.0,0.0,0.0,0.0,0.0,0.0,0.0,0.0,0.0,0.0,0.0,0.0,0.0,0.0,0.0,0.0,0.0,0.0,0.0,0.0,0.0,35,12,34.3,2.26,0.78,0.03,0.08,21.2,411,536,76.7,5618,1648,251,279,90.0,120,161,74.5,17,46,37.0,27,43,20,8,60,519,14,1,3,1,44,5,0,3,64,4.14,64,4.14,53,0,4,3,3,1,10,0.65,10,0,0,0,0,0,24,15,8,11,5,8,28,28.6,20,10,0,10,8,32,8,0,15.5,752,13,113,307,351,49,752,80,42,52.5,38,47.5,509,3605,1793,63,35,16,48,33,535,107,20000,1040000
Scott Carson,GK,Manchester City,34,1,1,90.0,1.0,0,0,0,0,0,0,0,0,0.0,0.0,0.0,0.0,0.00,0.00,0.00,0.00,0.00,0.00,0.00,0.00,3.00,5,1,60.0,0,0.0,2.4,0.09,0,1,0.0,14,6,0.0,18.9,2,50.0,29.5,10,0,0.0,0,0.00,16.5,0,0,,0.00,0.00,,,,15,16,93.8,270,190,3,3,100.0,11,11,100.0,0,1,0.0,0,0,0,0,0,14,2,0,0,0,0,0,0,0,0,0.00,0,0.00,0,0,0,0,0,0,0,0.00,0,0,0,0,0,0,0,0,0,0,0,0,0,,0,0,0,0,0,0,0,0,1.0,19,17,19,0,0,0,19,0,0,,0,,12,54,43,0,0,0,0,0,7,0,25000,1300000
Scott Dann,DF,Crystal Palace,33,15,15,1350.0,15.0,1,0,1,1,0,0,1,0,0.3,0.3,0.0,0.3,0.07,0.00,0.07,0.07,0.02,0.00,0.02,0.02,0.0,0.0,0.0,0.0,0.0,0.0,0.0,0.0,0.0,0.0,0.0,0.0,0.0,0.0,0.0,0.0,0.0,0.0,0.0,0.0,0.0,0.0,0.0,0.0,4,1,25.0,0.27,0.07,0.25,1.00,10.2,521,644,80.9,9263,4633,226,248,91.1,238,267,89.1,46,104,44.2,1,25,0,0,34,608,35,32,0,1,0,3,0,1,5,0.33,5,0.33,5,0,0,0,0,0,1,0.07,1,0,0,0,0,0,6,4,5,1,0,4,11,36.4,7,16,14,2,18,24,59,1,15.0,769,103,424,324,25,17,769,4,4,100.0,0,0.0,397,1543,779,2,0,0,5,0,446,0,60000,3120000
Scott McTominay,MF,Manchester Utd,23,32,24,2129.0,23.7,4,1,5,4,0,0,3,0,2.1,2.1,1.7,3.8,0.17,0.04,0.21,0.17,0.09,0.07,0.09,0.16,0.0,0.0,0.0,0.0,0.0,0.0,0.0,0.0,0.0,0.0,0.0,0.0,0.0,0.0,0.0,0.0,0.0,0.0,0.0,0.0,0.0,0.0,0.0,0.0,26,7,26.9,1.10,0.30,0.15,0.57,17.6,1139,1320,86.3,19571,5540,529,585,90.4,480,525,91.4,96,137,70.1,17,115,9,2,118,1278,40,32,0,23,12,8,0,2,33,1.40,33,1.40,24,0,2,2,3,2,3,0.13,1,0,1,0,0,1,51,24,23,25,3,23,36,63.9,13,35,10,25,29,80,46,0,23.7,1603,82,420,906,298,33,1603,35,26,74.3,9,25.7,942,5379,2890,57,37,8,41,17,1127,26,60000,3120000
Sead Kolašinac,DF,Arsenal,27,1,1,90.0,1.0,0,0,0,0,0,0,0,0,0.0,0.0,0.0,0.0,0.00,0.00,0.00,0.00,0.00,0.00,0.00,0.00,0.0,0.0,0.0,0.0,0.0,0.0,0.0,0.0,0.0,0.0,0.0,0.0,0.0,0.0,0.0,0.0,0.0,0.0,0.0,0.0,0.0,0.0,0.0,0.0,0,0,,0.00,0.00,,,,57,67,85.1,814,147,33,36,91.7,22,23,95.7,1,2,50.0,0,3,1,0,2,62,4,1,0,0,1,3,0,1,0,0.00,0,0.00,0,0,0,0,0,0,0,0.00,0,0,0,0,0,0,0,0,0,0,0,0,0,,0,0,0,0,1,1,0,0,1.0,69,2,13,39,17,2,69,0,0,,0,,31,110,62,2,0,1,0,0,50,9,100000,5200000
Sean Longstaff,MF,Newcastle Utd,22,22,15,1412.0,15.7,0,1,1,0,0,0,2,0,1.4,1.4,1.0,2.3,0.00,0.06,0.06,0.00,0.09,0.06,0.09,0.15,0.0,0.0,0.0,0.0,0.0,0.0,0.0,0.0,0.0,0.0,0.0,0.0,0.0,0.0,0.0,0.0,0.0,0.0,0.0,0.0,0.0,0.0,0.0,0.0,15,5,33.3,0.96,0.32,0.00,0.00,19.8,467,591,79.0,8564,2283,212,236,89.8,170,194,87.6,68,120,56.7,12,42,1,0,45,537,52,12,0,15,25,6,22,2,29,1.85,29,1.85,17,7,1,1,3,0,3,0.19,1,1,0,0,1,0,31,14,13,15,3,18,42,42.9,24,26,5,21,19,50,14,2,15.7,751,30,180,417,156,16,751,9,4,44.4,5,55.6,363,1382,572,5,5,1,17,6,445,18,962,50000
Semi Ajayi,DF,West Brom,26,33,31,2780.0,30.9,2,0,2,2,0,0,3,1,1.9,1.9,0.5,2.4,0.06,0.00,0.06,0.06,0.06,0.02,0.06,0.08,0.0,0.0,0.0,0.0,0.0,0.0,0.0,0.0,0.0,0.0,0.0,0.0,0.0,0.0,0.0,0.0,0.0,0.0,0.0,0.0,0.0,0.0,0.0,0.0,13,4,30.8,0.42,0.13,0.15,0.50,9.8,719,999,72.0,13941,6401,264,316,83.5,374,460,81.3,76,188,40.4,7,68,4,0,73,931,61,13,0,10,7,48,0,7,14,0.45,14,0.45,13,0,1,0,0,0,2,0.06,2,0,0,0,0,0,40,14,34,6,0,23,41,56.1,18,51,32,19,42,82,122,2,30.9,1325,223,691,559,86,43,1325,18,10,55.6,8,44.4,536,3098,1537,13,10,2,24,5,652,7,16500,858000
Serge Aurier,DF,Tottenham,27,19,19,1605.0,17.8,2,3,5,2,0,0,0,0,1.1,1.1,3.4,4.5,0.11,0.17,0.28,0.11,0.06,0.19,0.06,0.25,0.0,0.0,0.0,0.0,0.0,0.0,0.0,0.0,0.0,0.0,0.0,0.0,0.0,0.0,0.0,0.0,0.0,0.0,0.0,0.0,0.0,0.0,0.0,0.0,15,6,40.0,0.84,0.34,0.13,0.33,17.5,772,980,78.8,10939,4252,449,499,90.0,255,333,76.6,33,59,55.9,18,31,18,9,59,823,157,4,1,1,35,153,0,0,38,2.13,38,2.13,26,1,4,4,1,2,5,0.28,3,1,1,0,0,0,55,33,33,17,5,15,40,37.5,25,28,5,23,19,74,44,3,17.8,1221,78,416,555,264,25,1221,32,17,53.1,15,46.9,558,2181,1129,28,16,5,29,13,678,82,70000,3640000
Sergio Agüero,FW,Manchester City,32,12,7,559.0,6.2,4,1,5,3,1,2,0,0,3.5,1.9,1.2,3.1,0.64,0.16,0.81,0.48,0.56,0.19,0.31,0.50,0.0,0.0,0.0,0.0,0.0,0.0,0.0,0.0,0.0,0.0,0.0,0.0,0.0,0.0,0.0,0.0,0.0,0.0,0.0,0.0,0.0,0.0,0.0,0.0,17,10,58.8,2.74,1.61,0.18,0.30,14.6,140,173,80.9,1625,219,86,99,86.9,34,38,89.5,2,2,100.0,7,12,5,1,12,163,10,0,0,0,1,1,0,0,18,2.90,18,2.90,13,0,3,1,0,1,3,0.48,2,0,1,0,0,0,4,1,0,2,2,2,11,18.2,9,2,0,2,2,6,0,0,6.2,234,0,5,99,131,45,232,13,8,61.5,5,38.5,155,769,330,12,10,3,15,11,191,39,230192,11970000
Sergio Reguilón,DF,Tottenham,23,27,26,2244.0,24.9,0,3,3,0,0,0,5,0,1.0,1.0,2.0,3.1,0.00,0.12,0.12,0.00,0.04,0.08,0.04,0.12,0.0,0.0,0.0,0.0,0.0,0.0,0.0,0.0,0.0,0.0,0.0,0.0,0.0,0.0,0.0,0.0,0.0,0.0,0.0,0.0,0.0,0.0,0.0,0.0,20,4,20.0,0.80,0.16,0.00,0.00,19.0,1092,1445,75.6,16333,5647,591,687,86.0,402,515,78.1,52,134,38.8,17,53,25,13,73,1245,197,15,0,9,62,180,2,3,42,1.68,42,1.68,29,1,2,5,4,1,9,0.36,8,0,0,0,1,0,47,25,30,13,4,23,48,47.9,25,39,7,32,32,79,50,1,24.9,1731,88,515,760,476,48,1731,49,22,44.9,27,55.1,916,4829,2641,52,54,7,34,15,1083,152,53000,2756000
Shane Long,FW,Southampton,33,11,1,210.0,2.3,0,0,0,0,0,0,0,0,0.1,0.1,0.0,0.1,0.00,0.00,0.00,0.00,0.03,0.00,0.03,0.03,0.0,0.0,0.0,0.0,0.0,0.0,0.0,0.0,0.0,0.0,0.0,0.0,0.0,0.0,0.0,0.0,0.0,0.0,0.0,0.0,0.0,0.0,0.0,0.0,2,1,50.0,0.86,0.43,0.00,0.00,21.3,32,57,56.1,346,115,26,35,74.3,5,8,62.5,0,0,,0,2,0,0,3,56,0,0,0,0,0,0,0,1,3,1.29,3,1.29,3,0,0,0,0,0,0,0.00,0,0,0,0,0,0,2,1,0,0,2,2,3,66.7,1,0,0,0,3,5,1,0,2.3,86,1,8,41,38,5,86,5,2,40.0,3,60.0,41,180,35,1,4,0,5,7,64,10,60000,3120000
Shkodran Mustafi,DF,Arsenal,28,3,0,47.0,0.5,0,0,0,0,0,0,0,0,0.0,0.0,0.0,0.0,0.00,0.00,0.00,0.00,0.00,0.00,0.00,0.00,0.0,0.0,0.0,0.0,0.0,0.0,0.0,0.0,0.0,0.0,0.0,0.0,0.0,0.0,0.0,0.0,0.0,0.0,0.0,0.0,0.0,0.0,0.0,0.0,0,0,,0.00,0.00,,,,44,50,88.0,976,212,5,7,71.4,35,35,100.0,4,7,57.1,0,2,0,0,7,48,2,1,0,1,0,1,0,0,0,0.00,0,0.00,0,0,0,0,0,0,0,0.00,0,0,0,0,0,0,1,1,1,0,0,1,1,100.0,0,1,0,1,0,1,3,0,0.5,55,5,16,39,1,0,55,0,0,,0,,43,348,206,0,0,0,0,0,42,1,90000,4680000
Shola Shoretire,FW,Manchester Utd,16,2,0,11.0,0.1,0,0,0,0,0,0,0,0,0.0,0.0,0.0,0.0,0.00,0.00,0.00,0.00,0.00,0.00,0.00,0.00,0.0,0.0,0.0,0.0,0.0,0.0,0.0,0.0,0.0,0.0,0.0,0.0,0.0,0.0,0.0,0.0,0.0,0.0,0.0,0.0,0.0,0.0,0.0,0.0,0,0,,0.00,0.00,,,,5,6,83.3,57,6,3,3,100.0,1,1,100.0,0,0,,0,1,0,0,0,6,0,0,0,0,0,0,0,0,0,0.00,0,0.00,0,0,0,0,0,0,0,0.00,0,0,0,0,0,0,0,0,0,0,0,0,0,,0,0,0,0,0,0,0,0,0.1,10,0,1,6,4,0,10,0,0,,0,,6,26,10,0,0,0,2,0,9,2,0.0,0.0
Sidnei Tavares,MF,Leicester City,18,2,1,85.0,0.9,0,0,0,0,0,0,0,0,0.1,0.1,0.0,0.1,0.00,0.00,0.00,0.00,0.06,0.00,0.06,0.06,0.0,0.0,0.0,0.0,0.0,0.0,0.0,0.0,0.0,0.0,0.0,0.0,0.0,0.0,0.0,0.0,0.0,0.0,0.0,0.0,0.0,0.0,0.0,0.0,1,1,100.0,1.06,1.06,0.00,0.00,24.6,18,26,69.2,273,42,10,18,55.6,8,8,100.0,0,0,,0,0,0,0,2,25,1,1,0,0,0,0,0,0,1,1.06,1,1.06,0,0,0,1,0,0,0,0.00,0,0,0,0,0,0,1,1,0,1,0,0,0,,0,1,1,0,0,1,0,0,0.9,33,0,6,20,8,0,33,1,1,100.0,0,0.0,25,156,34,1,1,1,2,3,27,6,0.0,0.0
Solly March,"DF,MF",Brighton,26,21,19,1672.0,18.6,2,1,3,2,0,0,0,0,1.7,1.7,1.5,3.2,0.11,0.05,0.16,0.11,0.09,0.08,0.09,0.17,0.0,0.0,0.0,0.0,0.0,0.0,0.0,0.0,0.0,0.0,0.0,0.0,0.0,0.0,0.0,0.0,0.0,0.0,0.0,0.0,0.0,0.0,0.0,0.0,22,4,18.2,1.18,0.22,0.09,0.50,17.0,676,979,69.1,11623,3652,326,376,86.7,258,358,72.1,72,165,43.6,27,41,34,9,79,779,195,18,0,16,120,137,40,5,58,3.12,58,3.12,44,8,1,2,2,1,3,0.16,3,0,0,0,0,0,49,23,24,15,10,18,34,52.9,16,30,5,25,22,71,30,0,18.6,1185,44,245,445,515,50,1185,63,44,69.8,19,30.2,605,4400,2101,74,34,18,22,24,662,146,30000,1560000
Son Heung-min,FW,Tottenham,28,37,36,3114.0,34.6,17,10,27,16,1,1,0,0,9.7,8.9,8.4,17.4,0.49,0.29,0.78,0.46,0.28,0.24,0.26,0.50,0.0,0.0,0.0,0.0,0.0,0.0,0.0,0.0,0.0,0.0,0.0,0.0,0.0,0.0,0.0,0.0,0.0,0.0,0.0,0.0,0.0,0.0,0.0,0.0,67,35,52.2,1.94,1.01,0.24,0.46,17.5,929,1223,76.0,12798,2837,550,626,87.9,218,294,74.1,63,141,44.7,75,38,23,3,87,1061,155,36,1,11,148,11,96,7,129,3.73,129,3.73,83,28,8,3,5,2,18,0.52,12,2,3,1,0,0,32,18,11,14,7,18,72,25.0,54,28,3,25,14,46,8,0,34.6,1506,15,157,603,757,129,1505,72,39,54.2,33,45.8,882,5297,2414,88,46,37,59,50,1091,266,140000,7280000
Steven Alzate,MF,Brighton,21,15,10,896.0,10.0,1,0,1,1,0,0,2,0,0.8,0.8,0.6,1.4,0.10,0.00,0.10,0.10,0.08,0.06,0.08,0.14,0.0,0.0,0.0,0.0,0.0,0.0,0.0,0.0,0.0,0.0,0.0,0.0,0.0,0.0,0.0,0.0,0.0,0.0,0.0,0.0,0.0,0.0,0.0,0.0,7,2,28.6,0.70,0.20,0.14,0.50,18.7,403,449,89.8,6190,1326,216,235,91.9,142,150,94.7,30,35,85.7,11,37,6,1,39,438,11,1,0,1,3,9,0,0,24,2.41,24,2.41,20,0,1,3,0,0,1,0.10,1,0,0,0,0,0,17,8,10,4,3,6,15,40.0,9,8,1,7,8,25,10,0,10.0,536,17,105,308,128,12,536,16,8,50.0,8,50.0,323,1638,807,16,8,1,13,9,393,16,15000,780000
Steven Bergwijn,"FW,MF",Tottenham,22,21,13,1208.0,13.4,1,3,4,1,0,0,3,0,2.0,2.0,0.9,2.9,0.07,0.22,0.30,0.07,0.15,0.06,0.15,0.21,0.0,0.0,0.0,0.0,0.0,0.0,0.0,0.0,0.0,0.0,0.0,0.0,0.0,0.0,0.0,0.0,0.0,0.0,0.0,0.0,0.0,0.0,0.0,0.0,15,6,40.0,1.12,0.45,0.07,0.17,17.1,350,430,81.4,4248,714,228,254,89.8,90,117,76.9,4,17,23.5,13,15,8,0,25,421,9,2,0,1,13,1,4,0,35,2.61,35,2.61,24,1,2,3,5,0,7,0.52,3,0,2,1,1,0,15,7,8,3,4,7,20,35.0,13,7,1,6,5,20,9,0,13.4,556,11,81,238,250,33,556,45,22,48.9,23,51.1,354,2096,999,32,31,11,30,15,411,83,75000,3900000
Stuart Armstrong,MF,Southampton,28,33,32,2764.0,30.7,4,5,9,4,0,0,3,0,2.7,2.7,2.6,5.3,0.13,0.16,0.29,0.13,0.09,0.08,0.09,0.17,0.0,0.0,0.0,0.0,0.0,0.0,0.0,0.0,0.0,0.0,0.0,0.0,0.0,0.0,0.0,0.0,0.0,0.0,0.0,0.0,0.0,0.0,0.0,0.0,55,11,20.0,1.79,0.36,0.07,0.36,21.6,1021,1298,78.7,15050,4362,563,653,86.2,360,420,85.7,51,78,65.4,35,80,40,7,144,1203,89,14,2,4,40,16,2,6,91,2.96,91,2.96,64,3,7,6,8,3,15,0.49,7,0,2,3,2,1,60,41,19,32,9,27,75,36.0,48,26,1,25,24,84,19,0,30.7,1669,38,234,946,512,53,1669,106,68,64.2,38,35.8,985,7033,3521,109,75,10,77,68,1132,118,50000,2600000
Stuart Dallas,"MF,DF",Leeds United,29,38,38,3409.0,37.9,8,2,10,8,0,0,7,0,4.2,4.2,1.8,6.1,0.21,0.05,0.26,0.21,0.11,0.05,0.11,0.16,0.0,0.0,0.0,0.0,0.0,0.0,0.0,0.0,0.0,0.0,0.0,0.0,0.0,0.0,0.0,0.0,0.0,0.0,0.0,0.0,0.0,0.0,0.0,0.0,48,18,37.5,1.27,0.48,0.17,0.44,20.5,1830,2235,81.9,27976,8737,1011,1113,90.8,654,783,83.5,109,206,52.9,26,154,38,8,233,2005,223,22,3,17,82,185,16,7,89,2.35,89,2.35,75,3,4,4,1,2,7,0.18,7,0,0,0,0,0,74,45,46,22,6,30,88,34.1,58,41,3,38,44,118,52,1,37.9,2600,86,691,1299,636,58,2600,33,22,66.7,11,33.3,1475,8193,4303,95,68,10,53,34,1747,126,8000,416000
Séamus Coleman,"DF,MF",Everton,31,25,18,1613.0,17.9,0,3,3,0,0,0,0,0,0.9,0.9,1.8,2.7,0.00,0.17,0.17,0.00,0.05,0.10,0.05,0.15,0.0,0.0,0.0,0.0,0.0,0.0,0.0,0.0,0.0,0.0,0.0,0.0,0.0,0.0,0.0,0.0,0.0,0.0,0.0,0.0,0.0,0.0,0.0,0.0,12,4,33.3,0.67,0.22,0.00,0.00,19.7,620,765,81.0,9779,3467,350,385,90.9,205,254,80.7,48,84,57.1,19,32,14,3,49,678,85,2,0,7,35,83,0,2,34,1.90,34,1.90,27,0,2,2,3,0,5,0.28,4,0,0,0,1,0,39,26,21,14,4,21,30,70.0,9,22,6,16,13,52,37,2,17.9,964,73,320,422,237,29,964,33,20,60.6,13,39.4,540,3113,1426,31,28,4,27,23,579,90,70000,3640000
Sébastien Haller,FW,West Ham,26,16,10,937.0,10.4,3,0,3,3,0,0,0,0,2.9,2.9,1.4,4.3,0.29,0.00,0.29,0.29,0.28,0.14,0.28,0.41,0.0,0.0,0.0,0.0,0.0,0.0,0.0,0.0,0.0,0.0,0.0,0.0,0.0,0.0,0.0,0.0,0.0,0.0,0.0,0.0,0.0,0.0,0.0,0.0,25,11,44.0,2.40,1.06,0.12,0.27,10.2,158,248,63.7,2283,509,100,138,72.5,33,54,61.1,16,23,69.6,10,15,5,1,19,245,2,0,0,2,2,0,0,1,16,1.54,16,1.54,13,0,0,0,3,0,0,0.00,0,0,0,0,0,0,14,9,1,6,7,4,20,20.0,16,7,1,6,5,19,7,0,10.4,373,13,29,186,160,50,373,13,9,69.2,4,30.8,176,735,180,4,5,3,41,22,294,52,75000,3900000
Takumi Minamino,"MF,FW",Liverpool,25,9,2,293.0,3.3,1,0,1,1,0,0,0,0,1.1,1.1,0.0,1.1,0.31,0.00,0.31,0.31,0.34,0.00,0.34,0.34,0.0,0.0,0.0,0.0,0.0,0.0,0.0,0.0,0.0,0.0,0.0,0.0,0.0,0.0,0.0,0.0,0.0,0.0,0.0,0.0,0.0,0.0,0.0,0.0,13,4,30.8,1.65,0.51,0.15,0.50,18.3,183,261,70.1,2416,504,110,132,83.3,47,67,70.1,10,22,45.5,5,9,5,0,15,257,1,0,0,1,9,0,0,3,15,1.90,15,1.90,11,0,0,2,2,0,1,0.13,1,0,0,0,0,0,7,3,2,5,0,2,19,10.5,17,13,1,12,4,11,9,0,7.9,351,13,57,185,116,17,351,13,4,30.8,9,69.2,201,1199,592,19,16,6,16,6,237,42,75000,3900000
Takumi Minamino,MF,Southampton,25,10,9,711.0,7.9,2,0,2,2,0,0,1,0,1.5,1.5,0.5,2.0,0.25,0.00,0.25,0.25,0.18,0.06,0.18,0.25,0.0,0.0,0.0,0.0,0.0,0.0,0.0,0.0,0.0,0.0,0.0,0.0,0.0,0.0,0.0,0.0,0.0,0.0,0.0,0.0,0.0,0.0,0.0,0.0,13,4,30.8,1.65,0.51,0.15,0.50,18.3,183,261,70.1,2416,504,110,132,83.3,47,67,70.1,10,22,45.5,5,9,5,0,15,257,1,0,0,1,9,0,0,3,15,1.90,15,1.90,11,0,0,2,2,0,1,0.13,1,0,0,0,0,0,7,3,2,5,0,2,19,10.5,17,13,1,12,4,11,9,0,7.9,351,13,57,185,116,17,351,13,4,30.8,9,69.2,201,1199,592,19,16,6,16,6,237,42,75000,3900000
Tammy Abraham,FW,Chelsea,22,22,12,1040.0,11.6,6,1,7,6,0,0,0,0,5.9,5.9,0.7,6.6,0.52,0.09,0.61,0.52,0.51,0.06,0.51,0.57,0.0,0.0,0.0,0.0,0.0,0.0,0.0,0.0,0.0,0.0,0.0,0.0,0.0,0.0,0.0,0.0,0.0,0.0,0.0,0.0,0.0,0.0,0.0,0.0,32,13,40.6,2.77,1.13,0.19,0.46,10.7,149,211,70.6,1714,297,85,111,76.6,33,46,71.7,4,8,50.0,9,14,1,0,11,195,16,2,0,0,6,0,0,0,17,1.47,17,1.47,9,0,2,4,2,0,2,0.17,1,0,0,0,1,0,7,5,3,3,1,1,7,14.3,6,6,0,6,5,12,17,0,11.6,358,20,35,171,154,61,358,18,6,33.3,12,66.7,154,694,266,12,5,8,33,7,239,66,57692,3000000
Tanguy Ndombele,MF,Tottenham,23,33,28,2091.0,23.2,3,2,5,3,0,0,3,0,1.6,1.6,1.8,3.4,0.13,0.09,0.22,0.13,0.07,0.08,0.07,0.15,0.0,0.0,0.0,0.0,0.0,0.0,0.0,0.0,0.0,0.0,0.0,0.0,0.0,0.0,0.0,0.0,0.0,0.0,0.0,0.0,0.0,0.0,0.0,0.0,18,7,38.9,0.77,0.30,0.17,0.43,18.4,1008,1186,85.0,14050,3728,570,632,90.2,323,370,87.3,43,63,68.3,14,96,18,2,114,1142,40,19,8,3,7,3,0,4,58,2.50,58,2.50,45,0,5,2,5,1,8,0.34,7,0,0,1,0,0,41,20,11,21,9,18,44,40.9,26,28,4,24,19,60,15,0,23.2,1444,26,241,899,333,38,1444,99,74,74.7,25,25.3,897,4952,2550,60,46,16,57,33,1086,58,200000,10400000
Tariq Lamptey,"DF,MF",Brighton,19,11,11,886.0,9.8,1,1,2,1,0,0,4,1,0.7,0.7,0.8,1.5,0.10,0.10,0.20,0.10,0.07,0.08,0.07,0.15,0.0,0.0,0.0,0.0,0.0,0.0,0.0,0.0,0.0,0.0,0.0,0.0,0.0,0.0,0.0,0.0,0.0,0.0,0.0,0.0,0.0,0.0,0.0,0.0,6,2,33.3,0.61,0.20,0.17,0.50,11.9,372,494,75.3,5371,1288,213,237,89.9,124,174,71.3,17,39,43.6,9,15,12,8,26,405,89,3,1,1,34,86,0,0,23,2.34,23,2.34,18,0,0,0,5,0,4,0.41,2,0,0,0,2,0,17,9,7,6,4,6,13,46.2,7,8,1,7,19,36,12,1,9.8,623,21,156,252,225,27,623,29,13,44.8,16,55.2,346,2269,1190,40,36,10,21,6,376,76,35000,1820000
Terence Kongolo,DF,Fulham,26,1,1,90.0,1.0,0,0,0,0,0,0,0,0,0.0,0.0,0.0,0.0,0.00,0.00,0.00,0.00,0.00,0.00,0.00,0.00,0.0,0.0,0.0,0.0,0.0,0.0,0.0,0.0,0.0,0.0,0.0,0.0,0.0,0.0,0.0,0.0,0.0,0.0,0.0,0.0,0.0,0.0,0.0,0.0,0,0,,0.00,0.00,,,,37,45,82.2,610,219,19,22,86.4,18,21,85.7,0,0,,0,2,1,1,3,44,1,1,0,0,1,0,0,0,1,1.00,1,1.00,1,0,0,0,0,0,0,0.00,0,0,0,0,0,0,3,2,1,2,0,1,1,100.0,0,0,0,0,2,5,3,0,1.0,54,5,26,27,2,1,54,0,0,,0,,14,53,35,0,0,0,0,0,30,1,22000,1144000
Theo Corbeanu,FW,Wolves,18,1,0,9.0,0.1,0,0,0,0,0,0,0,0,0.0,0.0,0.0,0.0,0.00,0.00,0.00,0.00,0.00,0.42,0.00,0.42,0.0,0.0,0.0,0.0,0.0,0.0,0.0,0.0,0.0,0.0,0.0,0.0,0.0,0.0,0.0,0.0,0.0,0.0,0.0,0.0,0.0,0.0,0.0,0.0,0,0,,0.00,0.00,,,,3,3,100.0,52,23,2,2,100.0,0,0,,1,1,100.0,1,0,1,1,0,3,0,0,0,0,1,0,0,0,1,10.00,1,10.00,1,0,0,0,0,0,0,0.00,0,0,0,0,0,0,2,1,0,2,0,1,1,100.0,0,0,0,0,1,3,0,0,0.1,8,0,0,7,1,0,8,0,0,,0,,5,27,7,0,0,0,2,0,5,1,0.0,0.0
Theo Walcott,"MF,FW",Southampton,31,21,20,1618.0,18.0,3,3,6,3,0,0,0,0,2.3,2.3,1.0,3.3,0.17,0.17,0.33,0.17,0.13,0.06,0.13,0.18,0.0,0.0,0.0,0.0,0.0,0.0,0.0,0.0,0.0,0.0,0.0,0.0,0.0,0.0,0.0,0.0,0.0,0.0,0.0,0.0,0.0,0.0,0.0,0.0,29,11,37.9,1.61,0.61,0.10,0.27,20.2,304,432,70.4,3913,874,187,229,81.7,82,122,67.2,10,22,45.5,17,13,13,2,37,427,3,0,1,0,29,2,1,2,31,1.72,31,1.72,23,0,1,3,3,1,6,0.33,2,0,1,1,2,0,23,11,8,9,6,11,32,34.4,21,16,0,16,14,37,5,0,18.0,646,13,90,273,287,60,646,51,17,33.3,34,66.7,371,2248,1113,37,36,12,56,27,449,105,75000,3900000
Theo Walcott,FW,Everton,31,1,0,13.0,0.1,0,0,0,0,0,0,0,0,0.0,0.0,0.0,0.0,0.00,0.00,0.00,0.00,0.00,0.00,0.00,0.00,0.0,0.0,0.0,0.0,0.0,0.0,0.0,0.0,0.0,0.0,0.0,0.0,0.0,0.0,0.0,0.0,0.0,0.0,0.0,0.0,0.0,0.0,0.0,0.0,29,11,37.9,1.61,0.61,0.10,0.27,20.2,304,432,70.4,3913,874,187,229,81.7,82,122,67.2,10,22,45.5,17,13,13,2,37,427,3,0,1,0,29,2,1,2,31,1.72,31,1.72,23,0,1,3,3,1,6,0.33,2,0,1,1,2,0,23,11,8,9,6,11,32,34.4,21,16,0,16,14,37,5,0,18.0,646,13,90,273,287,60,646,51,17,33.3,34,66.7,371,2248,1113,37,36,12,56,27,449,105,75000,3900000
Thiago Alcántara,MF,Liverpool,29,24,20,1854.0,20.6,1,0,1,1,0,0,4,0,1.2,1.2,2.3,3.5,0.05,0.00,0.05,0.05,0.06,0.11,0.06,0.17,0.0,0.0,0.0,0.0,0.0,0.0,0.0,0.0,0.0,0.0,0.0,0.0,0.0,0.0,0.0,0.0,0.0,0.0,0.0,0.0,0.0,0.0,0.0,0.0,22,5,22.7,1.07,0.24,0.05,0.20,23.3,1545,1735,89.0,26781,7745,704,746,94.4,597,658,90.7,177,221,80.1,30,205,24,0,203,1686,44,30,3,19,7,3,0,5,81,3.93,81,3.93,69,2,2,3,3,2,3,0.15,2,0,0,1,0,0,61,36,20,30,11,17,49,34.7,32,26,0,26,30,91,14,0,20.6,1946,31,296,1226,438,16,1946,48,33,68.8,15,31.3,1252,5861,2930,27,58,4,23,18,1475,25,200000,10400000
Thiago Silva,DF,Chelsea,35,23,23,1935.0,21.5,2,0,2,2,0,0,5,1,1.7,1.7,0.3,2.0,0.09,0.00,0.09,0.09,0.08,0.01,0.08,0.09,0.0,0.0,0.0,0.0,0.0,0.0,0.0,0.0,0.0,0.0,0.0,0.0,0.0,0.0,0.0,0.0,0.0,0.0,0.0,0.0,0.0,0.0,0.0,0.0,13,4,30.8,0.60,0.19,0.15,0.50,8.8,1809,1952,92.7,34651,13251,615,647,95.1,997,1035,96.3,176,233,75.5,5,107,8,0,82,1892,55,51,0,8,3,4,0,5,25,1.16,25,1.16,24,0,0,1,0,0,1,0.05,1,0,0,0,0,0,20,12,11,8,1,14,21,66.7,7,21,13,8,33,53,86,1,21.5,2136,243,934,1151,53,19,2136,3,2,66.7,1,33.3,1374,7624,4757,6,13,0,8,2,1634,1,110000,5720000
Thomas Partey,MF,Arsenal,27,24,18,1534.0,17.0,0,2,2,0,0,0,5,0,1.3,1.3,1.0,2.4,0.00,0.12,0.12,0.00,0.08,0.06,0.08,0.14,0.0,0.0,0.0,0.0,0.0,0.0,0.0,0.0,0.0,0.0,0.0,0.0,0.0,0.0,0.0,0.0,0.0,0.0,0.0,0.0,0.0,0.0,0.0,0.0,26,4,15.4,1.53,0.23,0.00,0.00,27.1,994,1149,86.5,16695,5283,475,520,91.3,403,443,91.0,90,132,68.2,12,143,11,0,121,1115,31,31,2,9,6,0,0,3,31,1.82,31,1.82,28,0,2,1,0,0,3,0.18,3,0,0,0,0,0,44,21,16,24,4,24,56,42.9,32,17,5,12,23,67,18,0,17.0,1333,42,293,850,203,9,1333,35,28,80.0,7,20.0,841,4386,2431,33,37,1,21,10,947,18,200000,10400000
Tim Ream,DF,Fulham,32,7,7,630.0,7.0,0,0,0,0,0,0,0,0,0.0,0.0,0.0,0.0,0.00,0.00,0.00,0.00,0.00,0.00,0.00,0.00,0.0,0.0,0.0,0.0,0.0,0.0,0.0,0.0,0.0,0.0,0.0,0.0,0.0,0.0,0.0,0.0,0.0,0.0,0.0,0.0,0.0,0.0,0.0,0.0,0,0,,0.00,0.00,,,,424,468,90.6,8479,3047,125,130,96.2,249,265,94.0,48,66,72.7,0,29,0,0,31,467,1,1,0,6,0,0,0,0,3,0.43,3,0.43,3,0,0,0,0,0,0,0.00,0,0,0,0,0,0,12,5,9,3,0,8,11,72.7,3,8,5,3,6,18,26,1,7.0,525,74,295,227,6,1,525,2,1,50.0,1,50.0,338,1790,1136,7,1,0,2,1,382,0,27000,1404000
Timo Werner,"FW,MF",Chelsea,24,35,29,2602.0,28.9,6,8,14,6,0,0,2,0,11.4,11.4,5.6,17.0,0.21,0.28,0.48,0.21,0.39,0.19,0.39,0.59,0.0,0.0,0.0,0.0,0.0,0.0,0.0,0.0,0.0,0.0,0.0,0.0,0.0,0.0,0.0,0.0,0.0,0.0,0.0,0.0,0.0,0.0,0.0,0.0,79,31,39.2,2.73,1.07,0.08,0.19,13.8,629,824,76.3,8141,1532,380,462,82.3,185,223,83.0,16,35,45.7,36,36,23,5,69,788,31,2,1,1,35,5,1,5,89,3.08,89,3.08,60,0,7,11,11,0,15,0.52,8,0,2,1,4,0,20,9,6,11,3,7,43,16.3,36,23,1,22,8,28,8,0,28.9,1148,5,82,445,631,179,1148,80,29,36.3,51,63.8,713,4907,2524,103,49,59,86,28,914,238,170000,8840000
Timothy Castagne,DF,Leicester City,24,27,27,2345.0,26.1,2,3,5,2,0,0,1,0,1.1,1.1,2.2,3.4,0.08,0.12,0.19,0.08,0.04,0.09,0.04,0.13,0.0,0.0,0.0,0.0,0.0,0.0,0.0,0.0,0.0,0.0,0.0,0.0,0.0,0.0,0.0,0.0,0.0,0.0,0.0,0.0,0.0,0.0,0.0,0.0,8,3,37.5,0.31,0.12,0.25,0.67,10.9,1284,1545,83.1,18542,6211,754,838,90.0,443,524,84.5,54,101,53.5,22,96,22,7,91,1361,178,10,0,1,46,168,0,6,49,1.88,49,1.88,45,3,0,0,0,1,4,0.15,4,0,0,0,0,0,52,32,29,18,5,24,44,54.5,20,29,5,24,29,81,62,1,26.1,1800,70,522,848,440,40,1800,24,11,45.8,13,54.2,919,3963,2154,52,27,3,24,11,1160,148,63000,3276000
Timothy Fosu-Mensah,DF,Manchester Utd,22,1,1,80.0,0.9,0,0,0,0,0,0,1,0,0.0,0.0,0.3,0.3,0.00,0.00,0.00,0.00,0.03,0.31,0.03,0.33,0.0,0.0,0.0,0.0,0.0,0.0,0.0,0.0,0.0,0.0,0.0,0.0,0.0,0.0,0.0,0.0,0.0,0.0,0.0,0.0,0.0,0.0,0.0,0.0,1,0,0.0,1.13,0.00,0.00,,30.9,64,74,86.5,982,244,31,35,88.6,29,31,93.5,3,6,50.0,2,6,1,0,5,70,4,0,0,0,4,4,0,0,5,5.63,5,5.63,5,0,0,0,0,0,0,0.00,0,0,0,0,0,0,2,0,1,1,0,1,1,100.0,0,0,0,0,3,5,1,0,0.9,84,1,15,38,31,4,84,2,2,100.0,0,0.0,45,202,94,2,2,1,0,2,65,13,15000,780000
Toby Alderweireld,DF,Tottenham,31,25,25,2240.0,24.9,1,0,1,1,0,0,2,0,0.7,0.7,0.7,1.4,0.04,0.00,0.04,0.04,0.03,0.03,0.03,0.06,0.0,0.0,0.0,0.0,0.0,0.0,0.0,0.0,0.0,0.0,0.0,0.0,0.0,0.0,0.0,0.0,0.0,0.0,0.0,0.0,0.0,0.0,0.0,0.0,10,3,30.0,0.40,0.12,0.10,0.33,8.5,1199,1453,82.5,24372,8025,365,398,91.7,658,713,92.3,157,303,51.8,8,64,5,1,59,1377,74,61,2,16,1,13,0,2,22,0.88,22,0.88,19,0,0,3,0,0,3,0.12,3,0,0,0,0,0,35,22,22,11,2,18,30,60.0,12,40,28,12,10,45,121,0,24.9,1687,267,932,726,35,14,1687,4,4,100.0,0,0.0,987,4485,2370,3,5,0,2,2,1114,1,80000,4160000
Tom Cairney,MF,Fulham,29,10,9,759.0,8.4,1,1,2,1,0,0,2,0,0.5,0.5,1.1,1.6,0.12,0.12,0.24,0.12,0.06,0.13,0.06,0.19,0.0,0.0,0.0,0.0,0.0,0.0,0.0,0.0,0.0,0.0,0.0,0.0,0.0,0.0,0.0,0.0,0.0,0.0,0.0,0.0,0.0,0.0,0.0,0.0,12,4,33.3,1.42,0.47,0.08,0.25,21.0,560,632,88.6,9963,2060,247,258,95.7,226,246,91.9,69,96,71.9,17,51,10,6,72,593,38,20,1,7,37,0,16,1,38,4.51,38,4.51,24,8,3,1,2,0,2,0.24,2,0,0,0,0,0,9,3,1,4,4,1,4,25.0,3,6,0,6,0,9,3,0,8.4,687,8,86,369,238,14,687,17,16,94.1,1,5.9,467,2264,1034,22,15,4,15,11,567,25,40000,2080000
Tom Davies,MF,Everton,22,25,17,1423.0,15.8,0,1,1,0,0,0,3,0,0.2,0.2,0.9,1.1,0.00,0.06,0.06,0.00,0.01,0.06,0.01,0.07,0.0,0.0,0.0,0.0,0.0,0.0,0.0,0.0,0.0,0.0,0.0,0.0,0.0,0.0,0.0,0.0,0.0,0.0,0.0,0.0,0.0,0.0,0.0,0.0,7,0,0.0,0.44,0.00,0.00,,25.8,572,706,81.0,9594,2599,276,321,86.0,237,269,88.1,46,68,67.6,6,42,5,1,49,696,9,5,1,1,5,3,0,1,26,1.65,26,1.65,24,0,1,0,1,0,2,0.13,2,0,0,0,0,0,31,18,17,12,2,16,39,41.0,23,15,9,6,34,65,21,2,15.8,866,57,278,497,105,4,866,24,18,75.0,6,25.0,507,2495,1166,11,7,1,21,10,576,17,25000,1300000
Tomáš Souček,MF,West Ham,25,38,38,3419.0,38.0,10,1,11,10,0,0,7,1,8.4,8.4,2.0,10.4,0.26,0.03,0.29,0.26,0.22,0.05,0.22,0.27,0.0,0.0,0.0,0.0,0.0,0.0,0.0,0.0,0.0,0.0,0.0,0.0,0.0,0.0,0.0,0.0,0.0,0.0,0.0,0.0,0.0,0.0,0.0,0.0,64,23,35.9,1.68,0.61,0.16,0.43,12.3,1218,1623,75.0,20258,5713,586,774,75.7,450,583,77.2,121,151,80.1,18,127,7,1,165,1594,26,22,0,13,9,4,0,3,58,1.53,58,1.53,44,1,1,6,5,1,8,0.21,7,0,0,1,0,0,78,41,37,36,5,28,77,36.4,49,43,18,25,62,140,107,0,38.0,2083,157,577,1134,388,102,2083,29,16,55.2,13,44.8,886,4201,1719,27,34,4,42,21,1166,47,67308,3500000
Tosin Adarabioyo,DF,Fulham,22,33,33,2953.0,32.8,0,0,0,0,0,0,1,0,1.1,1.1,0.3,1.4,0.00,0.00,0.00,0.00,0.03,0.01,0.03,0.04,0.0,0.0,0.0,0.0,0.0,0.0,0.0,0.0,0.0,0.0,0.0,0.0,0.0,0.0,0.0,0.0,0.0,0.0,0.0,0.0,0.0,0.0,0.0,0.0,18,5,27.8,0.55,0.15,0.00,0.00,10.5,1647,1918,85.9,33255,12650,484,551,87.8,949,1008,94.1,196,318,61.6,5,71,5,0,75,1872,42,35,0,8,2,7,0,4,18,0.55,18,0.55,18,0,0,0,0,0,1,0.03,1,0,0,0,0,0,37,19,30,6,1,19,40,47.5,21,26,20,6,42,79,197,2,32.8,2272,398,1310,900,67,35,2272,14,11,78.6,3,21.4,1337,5844,3132,5,5,0,12,5,1522,3,40500,2106000
Trent Alexander-Arnold,DF,Liverpool,21,36,34,3031.0,33.7,2,7,9,2,0,0,2,0,2.6,2.6,8.6,11.2,0.06,0.21,0.27,0.06,0.08,0.26,0.08,0.33,0.0,0.0,0.0,0.0,0.0,0.0,0.0,0.0,0.0,0.0,0.0,0.0,0.0,0.0,0.0,0.0,0.0,0.0,0.0,0.0,0.0,0.0,0.0,0.0,55,12,21.8,1.63,0.36,0.04,0.17,24.9,2245,3015,74.5,40719,15754,1064,1184,89.9,897,1145,78.3,256,545,47.0,77,193,101,29,251,2516,488,56,6,55,297,326,106,11,131,3.89,131,3.89,84,34,6,7,0,0,13,0.39,8,2,1,2,0,0,56,33,31,18,7,36,56,64.3,20,24,3,21,49,105,50,3,33.7,3318,73,699,1494,1151,81,3318,61,32,52.5,29,47.5,1992,9462,5442,98,95,24,31,22,2202,249,40000,2080000
Trézéguet,FW,Aston Villa,25,21,12,1166.0,13.0,2,1,3,2,0,0,0,0,3.8,3.8,2.1,5.9,0.15,0.08,0.23,0.15,0.29,0.16,0.29,0.46,0.0,0.0,0.0,0.0,0.0,0.0,0.0,0.0,0.0,0.0,0.0,0.0,0.0,0.0,0.0,0.0,0.0,0.0,0.0,0.0,0.0,0.0,0.0,0.0,35,12,34.3,2.70,0.93,0.06,0.17,14.2,223,317,70.3,3261,947,126,155,81.3,66,91,72.5,13,29,44.8,13,21,5,3,35,313,2,0,1,2,26,1,1,2,34,2.63,34,2.63,24,0,2,3,5,0,2,0.15,2,0,0,0,0,0,33,18,14,15,4,13,45,28.9,32,13,1,12,19,52,17,0,13.0,508,17,93,193,234,65,508,31,17,54.8,14,45.2,277,1753,934,31,25,14,28,13,313,79,52500,2730000
Tyler Roberts,"MF,FW",Leeds United,21,27,14,1340.0,14.9,1,2,3,1,0,0,3,0,1.8,1.8,2.3,4.1,0.07,0.13,0.20,0.07,0.12,0.16,0.12,0.28,0.0,0.0,0.0,0.0,0.0,0.0,0.0,0.0,0.0,0.0,0.0,0.0,0.0,0.0,0.0,0.0,0.0,0.0,0.0,0.0,0.0,0.0,0.0,0.0,26,12,46.2,1.75,0.81,0.04,0.08,19.4,334,478,69.9,4621,1109,191,233,82.0,92,123,74.8,20,46,43.5,16,29,17,1,53,472,3,1,3,2,12,0,0,3,39,2.62,39,2.62,29,0,3,1,6,0,2,0.13,2,0,0,0,0,0,15,13,1,11,3,5,22,22.7,17,17,2,15,9,24,12,0,14.9,625,16,74,310,249,36,625,25,17,68.0,8,32.0,368,2360,1061,33,34,6,32,15,476,89,3500,182000
Tyrese Francois,DF,Fulham,20,1,0,15.0,0.2,0,0,0,0,0,0,0,0,0.0,0.0,0.0,0.0,0.00,0.00,0.00,0.00,0.00,0.00,0.00,0.00,0.0,0.0,0.0,0.0,0.0,0.0,0.0,0.0,0.0,0.0,0.0,0.0,0.0,0.0,0.0,0.0,0.0,0.0,0.0,0.0,0.0,0.0,0.0,0.0,0,0,,0.00,0.00,,,,14,15,93.3,251,101,6,7,85.7,7,7,100.0,1,1,100.0,0,1,0,0,1,13,2,0,0,0,0,2,0,0,0,0.00,0,0.00,0,0,0,0,0,0,0,0.00,0,0,0,0,0,0,0,0,0,0,0,0,0,,0,0,0,0,0,0,0,0,0.2,18,0,6,7,5,0,18,1,0,0.0,1,100.0,13,57,42,2,1,0,0,0,14,2,0.0,0.0
Tyrick Mitchell,DF,Crystal Palace,20,19,19,1710.0,19.0,1,1,2,1,0,0,1,0,0.8,0.8,0.2,1.1,0.05,0.05,0.11,0.05,0.04,0.01,0.04,0.06,0.0,0.0,0.0,0.0,0.0,0.0,0.0,0.0,0.0,0.0,0.0,0.0,0.0,0.0,0.0,0.0,0.0,0.0,0.0,0.0,0.0,0.0,0.0,0.0,2,2,100.0,0.11,0.11,0.50,0.50,7.8,556,809,68.7,8181,5063,320,396,80.8,194,277,70.0,27,76,35.5,3,51,11,5,77,620,187,6,0,0,27,181,0,2,12,0.63,12,0.63,11,0,0,0,0,1,3,0.16,3,0,0,0,0,0,64,35,48,9,7,23,40,57.5,17,29,10,19,21,85,62,1,19.0,1021,77,401,419,205,7,1021,18,11,61.1,7,38.9,432,1889,947,15,11,0,16,12,476,30,1500,78000
Tyrone Mings,DF,Aston Villa,27,36,36,3194.0,35.5,2,2,4,2,0,0,6,1,1.9,1.9,0.4,2.4,0.06,0.06,0.11,0.06,0.05,0.01,0.05,0.07,0.0,0.0,0.0,0.0,0.0,0.0,0.0,0.0,0.0,0.0,0.0,0.0,0.0,0.0,0.0,0.0,0.0,0.0,0.0,0.0,0.0,0.0,0.0,0.0,19,7,36.8,0.54,0.20,0.11,0.29,9.9,1315,1697,77.5,27335,12308,381,440,86.6,745,816,91.3,165,379,43.5,7,97,4,1,104,1631,59,53,0,21,5,5,0,7,23,0.65,23,0.65,17,2,1,2,0,1,2,0.06,2,0,0,0,0,0,32,16,23,7,2,16,24,66.7,8,59,40,19,41,73,172,3,35.5,2076,343,1203,804,85,37,2076,8,6,75.0,2,25.0,1085,6061,3047,12,10,1,19,4,1211,5,65000,3380000
Vicente Guaita,GK,Crystal Palace,33,37,37,3330.0,37.0,0,0,0,0,0,0,2,0,0.0,0.0,0.0,0.0,0.00,0.00,0.00,0.00,0.00,0.00,0.00,0.00,1.73,169,104,63.9,8,21.6,50.2,0.28,223,651,34.3,762,156,50.5,38.5,315,84.4,56.0,604,19,3.1,24,0.65,13.3,0,0,,0.00,0.00,,,,610,1081,56.4,20832,16995,97,98,99.0,208,215,96.7,300,759,39.5,0,12,0,0,0,654,423,108,0,0,0,0,0,4,2,0.05,2,0.05,1,1,0,0,0,0,0,0.00,0,0,0,0,0,0,1,1,1,0,0,1,1,100.0,0,0,0,0,1,2,11,1,37.0,1152,986,1150,2,0,0,1152,0,0,,0,,548,3364,2288,0,0,0,0,0,388,0,76923,4000000
Victor Lindelöf,DF,Manchester Utd,26,29,29,2585.0,28.7,1,1,2,1,0,0,0,0,0.6,0.6,0.3,0.9,0.03,0.03,0.07,0.03,0.02,0.01,0.02,0.03,0.0,0.0,0.0,0.0,0.0,0.0,0.0,0.0,0.0,0.0,0.0,0.0,0.0,0.0,0.0,0.0,0.0,0.0,0.0,0.0,0.0,0.0,0.0,0.0,4,1,25.0,0.14,0.03,0.25,1.00,6.4,1686,1882,89.6,29559,11270,698,751,92.9,862,909,94.8,108,181,59.7,6,92,5,0,92,1832,49,34,1,6,1,15,0,1,15,0.52,15,0.52,15,0,0,0,0,0,4,0.14,4,0,0,0,0,0,22,10,12,10,0,12,24,50.0,12,22,14,8,30,52,95,1,28.7,2095,263,1061,961,81,8,2095,4,2,50.0,2,50.0,1281,8460,4626,18,18,0,9,3,1488,2,120000,6240000
Virgil van Dijk,DF,Liverpool,29,5,5,370.0,4.1,1,0,1,1,0,0,1,0,0.2,0.2,0.0,0.2,0.24,0.00,0.24,0.24,0.06,0.00,0.06,0.06,0.0,0.0,0.0,0.0,0.0,0.0,0.0,0.0,0.0,0.0,0.0,0.0,0.0,0.0,0.0,0.0,0.0,0.0,0.0,0.0,0.0,0.0,0.0,0.0,4,2,50.0,0.97,0.49,0.25,0.50,14.8,307,342,89.8,6110,2077,104,113,92.0,166,175,94.9,36,52,69.2,0,22,0,0,30,338,3,3,0,4,0,0,0,1,2,0.49,2,0.49,2,0,0,0,0,0,1,0.24,1,0,0,0,0,0,3,2,1,2,0,0,0,,0,1,1,0,5,8,8,1,4.1,364,23,123,231,12,5,364,0,0,,0,,282,1153,527,0,1,0,1,0,295,1,180000,9360000
Vitinha,MF,Wolves,20,19,5,520.0,5.8,0,1,1,0,0,0,0,0,0.5,0.5,0.6,1.2,0.00,0.17,0.17,0.00,0.09,0.11,0.09,0.20,0.0,0.0,0.0,0.0,0.0,0.0,0.0,0.0,0.0,0.0,0.0,0.0,0.0,0.0,0.0,0.0,0.0,0.0,0.0,0.0,0.0,0.0,0.0,0.0,8,4,50.0,1.38,0.69,0.00,0.00,22.6,302,346,87.3,4427,776,172,188,91.5,92,102,90.2,22,31,71.0,12,26,4,1,20,329,15,6,3,1,14,0,9,2,23,3.99,23,3.99,19,2,1,1,0,0,2,0.35,2,0,0,0,0,0,7,3,2,5,0,3,8,37.5,5,3,0,3,3,10,1,0,5.8,389,2,31,239,122,8,389,12,8,66.7,4,33.3,261,1532,753,11,15,2,17,3,311,18,1900,98800
Vladimír Coufal,DF,West Ham,27,34,34,3054.0,33.9,0,7,7,0,0,0,3,0,1.3,1.3,5.5,6.7,0.00,0.21,0.21,0.00,0.04,0.16,0.04,0.20,0.0,0.0,0.0,0.0,0.0,0.0,0.0,0.0,0.0,0.0,0.0,0.0,0.0,0.0,0.0,0.0,0.0,0.0,0.0,0.0,0.0,0.0,0.0,0.0,15,5,33.3,0.44,0.15,0.00,0.00,16.5,1196,1746,68.5,18589,9100,654,749,87.3,414,619,66.9,93,236,39.4,45,90,37,23,128,1384,356,27,0,1,132,329,0,6,83,2.45,83,2.45,62,13,1,2,3,2,10,0.29,10,0,0,0,0,0,73,36,50,15,8,52,89,58.4,37,41,7,34,41,114,102,1,33.9,2096,162,629,897,588,42,2096,24,15,62.5,9,37.5,897,4638,2079,70,38,9,36,16,1057,159,35000,1820000
Wes Morgan,DF,Leicester City,36,3,0,18.0,0.2,0,0,0,0,0,0,0,0,0.0,0.0,0.0,0.0,0.00,0.00,0.00,0.00,0.00,0.00,0.00,0.00,0.0,0.0,0.0,0.0,0.0,0.0,0.0,0.0,0.0,0.0,0.0,0.0,0.0,0.0,0.0,0.0,0.0,0.0,0.0,0.0,0.0,0.0,0.0,0.0,0,0,,0.00,0.00,,,,5,5,100.0,82,76,3,3,100.0,2,2,100.0,0,0,,0,0,0,0,2,5,0,0,0,0,0,0,0,0,0,0.00,0,0.00,0,0,0,0,0,0,0,0.00,0,0,0,0,0,0,0,0,0,0,0,0,0,,0,0,0,0,0,0,1,0,0.2,6,1,2,4,0,0,6,0,0,,0,,2,5,3,0,0,0,0,0,3,0,60000,3120000
Wesley Fofana,DF,Leicester City,19,28,27,2262.0,25.1,0,0,0,0,0,0,7,0,1.0,1.0,0.3,1.3,0.00,0.00,0.00,0.00,0.04,0.01,0.04,0.05,0.0,0.0,0.0,0.0,0.0,0.0,0.0,0.0,0.0,0.0,0.0,0.0,0.0,0.0,0.0,0.0,0.0,0.0,0.0,0.0,0.0,0.0,0.0,0.0,11,2,18.2,0.44,0.08,0.00,0.00,9.9,1501,1740,86.3,28164,8486,546,611,89.4,790,868,91.0,141,213,66.2,6,105,1,0,93,1649,89,41,1,12,2,48,0,2,19,0.76,19,0.76,16,0,0,1,2,0,1,0.04,0,0,0,0,1,0,51,37,27,22,2,31,46,67.4,15,28,16,12,61,112,94,0,25.1,2036,186,865,1118,78,20,2036,21,15,71.4,6,28.6,1273,8129,4806,37,23,1,27,12,1344,8,19231,1000000
Wesley Moraes,FW,Aston Villa,23,3,0,18.0,0.2,0,0,0,0,0,0,0,0,0.0,0.0,0.0,0.0,0.00,0.00,0.00,0.00,0.23,0.00,0.23,0.23,0.0,0.0,0.0,0.0,0.0,0.0,0.0,0.0,0.0,0.0,0.0,0.0,0.0,0.0,0.0,0.0,0.0,0.0,0.0,0.0,0.0,0.0,0.0,0.0,1,1,100.0,5.00,5.00,0.00,0.00,12.6,4,4,100.0,33,0,4,4,100.0,0,0,,0,0,,0,0,0,0,0,4,0,0,0,0,0,0,0,0,1,5.29,1,5.29,0,0,0,0,1,0,0,0.00,0,0,0,0,0,0,0,0,0,0,0,0,1,0.0,1,0,0,0,0,0,0,0,0.2,8,0,0,0,8,1,8,0,0,,0,,4,11,6,0,0,0,1,0,4,1,35000,1820000
Wilfred Ndidi,"MF,DF",Leicester City,23,26,25,2176.0,24.2,1,4,5,1,0,0,6,0,0.7,0.7,1.3,2.0,0.04,0.17,0.21,0.04,0.03,0.05,0.03,0.08,0.0,0.0,0.0,0.0,0.0,0.0,0.0,0.0,0.0,0.0,0.0,0.0,0.0,0.0,0.0,0.0,0.0,0.0,0.0,0.0,0.0,0.0,0.0,0.0,16,1,6.3,0.66,0.04,0.06,1.00,20.0,1245,1441,86.4,20490,5041,572,643,89.0,538,590,91.2,93,130,71.5,16,95,4,0,73,1421,17,16,1,4,5,1,0,3,39,1.61,39,1.61,32,0,0,0,1,6,8,0.33,7,0,0,0,0,1,96,63,45,44,7,26,66,39.4,40,38,11,27,61,157,55,0,24.2,1755,110,600,1006,168,14,1755,30,16,53.3,14,46.7,912,3963,1359,7,22,1,25,14,1079,17,75000,3900000
Wilfried Zaha,FW,Crystal Palace,27,30,29,2612.0,29.0,11,2,13,9,2,2,6,0,8.1,6.5,3.1,9.6,0.38,0.07,0.45,0.31,0.28,0.11,0.22,0.33,0.0,0.0,0.0,0.0,0.0,0.0,0.0,0.0,0.0,0.0,0.0,0.0,0.0,0.0,0.0,0.0,0.0,0.0,0.0,0.0,0.0,0.0,0.0,0.0,58,18,31.0,2.00,0.62,0.16,0.50,16.9,586,784,74.7,7821,1763,359,434,82.7,157,198,79.3,28,51,54.9,30,35,33,2,72,768,12,2,2,2,41,5,1,4,96,3.31,96,3.31,52,0,21,4,18,1,10,0.34,6,0,2,0,2,0,26,18,8,15,3,11,30,36.7,19,21,0,21,9,35,4,0,29.0,1167,2,83,471,633,146,1165,117,55,47.0,62,53.0,851,5803,2845,103,66,62,108,77,954,259,130000,6760000
Will Fish,FW,Manchester Utd,17,1,0,1.0,0.0,0,0,0,0,0,0,0,0,0.0,0.0,0.0,0.0,0.00,0.00,0.00,0.00,0.00,0.00,0.00,0.00,0.0,0.0,0.0,0.0,0.0,0.0,0.0,0.0,0.0,0.0,0.0,0.0,0.0,0.0,0.0,0.0,0.0,0.0,0.0,0.0,0.0,0.0,0.0,0.0,0,0,,0.00,0.00,,,,0,0,,0,0,0,0,,0,0,,0,0,,0,0,0,0,0,0,0,0,0,0,0,0,0,0,0,0.00,0,0.00,0,0,0,0,0,0,0,0.00,0,0,0,0,0,0,0,0,0,0,0,0,0,,0,0,0,0,0,0,0,0,0.0,0,0,0,0,0,0,0,0,0,,0,,0,0,0,0,0,0,0,0,0,0,0.0,0.0
Will Norris,GK,Burnley,26,2,2,180.0,2.0,0,0,0,0,0,0,0,0,0.0,0.0,0.0,0.0,0.00,0.00,0.00,0.00,0.00,0.02,0.00,0.02,2.00,6,2,33.3,0,0.0,0.9,0.15,20,48,41.7,39,1,82.1,54.5,18,88.9,62.8,27,2,7.4,1,0.50,10.0,0,0,,0.00,0.00,,,,27,57,47.4,1411,1356,0,0,,5,5,100.0,22,52,42.3,1,7,1,0,0,31,26,8,0,0,0,0,0,0,2,1.00,2,1.00,2,0,0,0,0,0,0,0.00,0,0,0,0,0,0,0,0,0,0,0,0,0,,0,0,0,0,0,0,0,0,2.0,57,46,52,5,0,0,57,0,0,,0,,25,153,96,0,0,0,0,0,22,0,5769,300000
William Smallbone,MF,Southampton,20,3,2,172.0,1.9,0,0,0,0,0,0,0,0,0.1,0.1,0.0,0.1,0.00,0.00,0.00,0.00,0.03,0.00,0.03,0.03,0.0,0.0,0.0,0.0,0.0,0.0,0.0,0.0,0.0,0.0,0.0,0.0,0.0,0.0,0.0,0.0,0.0,0.0,0.0,0.0,0.0,0.0,0.0,0.0,1,1,100.0,0.52,0.52,0.00,0.00,19.6,61,78,78.2,920,189,35,35,100.0,21,28,75.0,4,10,40.0,0,5,1,0,7,78,0,0,0,1,5,0,0,0,4,2.09,4,2.09,3,0,0,1,0,0,0,0.00,0,0,0,0,0,0,6,3,2,4,0,1,3,33.3,2,5,0,5,2,8,1,0,1.9,95,1,12,54,30,1,95,0,0,,0,,58,281,146,5,6,1,2,2,62,10,17308,900000
Willian,FW,Arsenal,31,25,16,1406.0,15.6,1,5,6,1,0,0,0,0,1.9,1.9,3.0,5.0,0.06,0.32,0.38,0.06,0.12,0.19,0.12,0.32,0.0,0.0,0.0,0.0,0.0,0.0,0.0,0.0,0.0,0.0,0.0,0.0,0.0,0.0,0.0,0.0,0.0,0.0,0.0,0.0,0.0,0.0,0.0,0.0,20,3,15.0,1.28,0.19,0.05,0.33,19.4,625,790,79.1,10684,2098,316,345,91.6,220,273,80.6,71,128,55.5,32,34,33,8,78,683,103,22,2,11,104,5,72,4,66,4.23,66,4.23,42,13,2,4,5,0,11,0.70,5,2,0,3,1,0,13,7,6,6,1,6,16,37.5,10,13,0,13,8,21,8,0,15.6,912,9,102,326,488,36,912,18,13,72.2,5,27.8,538,3524,1730,51,36,10,23,15,667,119,138462,7200000
Willian José,FW,Wolves,28,17,12,1110.0,12.3,1,0,1,1,0,0,0,0,1.6,1.6,1.2,2.8,0.08,0.00,0.08,0.08,0.13,0.10,0.13,0.23,0.0,0.0,0.0,0.0,0.0,0.0,0.0,0.0,0.0,0.0,0.0,0.0,0.0,0.0,0.0,0.0,0.0,0.0,0.0,0.0,0.0,0.0,0.0,0.0,19,7,36.8,1.54,0.57,0.05,0.14,15.1,244,306,79.7,3814,519,132,148,89.2,65,85,76.5,29,38,76.3,12,14,3,0,15,290,15,0,1,6,6,1,0,1,27,2.19,27,2.19,18,0,2,6,1,0,1,0.08,0,0,0,0,1,0,2,1,1,1,0,1,4,25.0,3,6,1,5,1,3,12,0,12.3,387,14,36,222,132,32,387,11,8,72.7,3,27.3,205,885,297,12,7,0,29,13,291,55,49808,2590000
Willy Boly,DF,Wolves,29,21,21,1879.0,20.9,1,1,2,1,0,0,2,0,1.1,1.1,0.3,1.4,0.05,0.05,0.10,0.05,0.05,0.01,0.05,0.06,0.0,0.0,0.0,0.0,0.0,0.0,0.0,0.0,0.0,0.0,0.0,0.0,0.0,0.0,0.0,0.0,0.0,0.0,0.0,0.0,0.0,0.0,0.0,0.0,15,3,20.0,0.72,0.14,0.07,0.33,13.3,855,1037,82.4,14746,5591,339,389,87.1,430,479,89.8,58,125,46.4,3,49,1,0,44,1019,17,17,0,1,0,0,0,1,12,0.57,12,0.57,10,0,0,2,0,0,1,0.05,1,0,0,0,0,0,33,20,26,7,0,13,24,54.2,11,18,12,6,32,65,84,1,20.9,1243,126,599,603,47,23,1243,4,4,100.0,0,0.0,687,2742,1284,5,8,2,10,3,826,1,50000,2600000
Willy Caballero,GK,Chelsea,38,1,1,90.0,1.0,0,0,0,0,0,0,0,0,0.0,0.0,0.0,0.0,0.00,0.00,0.00,0.00,0.00,0.00,0.00,0.00,3.00,3,0,0.0,0,0.0,1.5,0.50,1,3,33.3,20,2,15.0,21.6,6,0.0,19.2,9,0,0.0,3,3.00,28.0,0,0,,0.00,0.00,,,,24,26,92.3,449,362,9,9,100.0,12,12,100.0,3,5,60.0,0,0,0,0,0,19,7,1,0,0,0,0,0,0,0,0.00,0,0.00,0,0,0,0,0,0,0,0.00,0,0,0,0,0,0,0,0,0,0,0,0,0,,0,0,0,0,0,0,0,0,1.0,26,19,26,0,0,0,26,0,0,,0,,13,46,34,0,0,0,0,0,16,0,35000,1820000
Xherdan Shaqiri,"MF,FW",Liverpool,28,14,5,556.0,6.2,0,2,2,0,0,0,2,0,0.5,0.5,2.5,3.0,0.00,0.32,0.32,0.00,0.08,0.41,0.08,0.48,0.0,0.0,0.0,0.0,0.0,0.0,0.0,0.0,0.0,0.0,0.0,0.0,0.0,0.0,0.0,0.0,0.0,0.0,0.0,0.0,0.0,0.0,0.0,0.0,11,0,0.0,1.78,0.00,0.00,,22.8,361,428,84.3,5174,1362,201,221,91.0,114,134,85.1,23,35,65.7,19,24,26,4,54,404,23,1,5,1,22,6,13,1,32,5.18,32,5.18,29,2,0,0,0,1,2,0.32,2,0,0,0,0,0,7,4,3,1,3,2,7,28.6,5,4,0,4,2,9,0,0,6.2,477,2,44,204,236,12,477,9,6,66.7,3,33.3,307,1086,437,5,9,0,13,7,364,32,80000,4160000
Yan Valery,"DF,MF",Southampton,21,3,1,103.0,1.1,0,0,0,0,0,0,0,0,0.2,0.2,0.1,0.2,0.00,0.00,0.00,0.00,0.16,0.05,0.16,0.21,0.0,0.0,0.0,0.0,0.0,0.0,0.0,0.0,0.0,0.0,0.0,0.0,0.0,0.0,0.0,0.0,0.0,0.0,0.0,0.0,0.0,0.0,0.0,0.0,2,0,0.0,1.75,0.00,0.00,,25.0,54,64,84.4,831,266,27,28,96.4,24,28,85.7,1,3,33.3,1,1,3,2,3,48,16,1,0,0,4,15,0,0,1,0.87,1,0.87,1,0,0,0,0,0,0,0.00,0,0,0,0,0,0,5,3,2,3,0,1,5,20.0,4,2,0,2,2,7,5,0,1.1,95,5,34,36,26,1,95,4,0,0.0,4,100.0,54,389,149,6,3,1,6,5,48,9,1923,100000
Yerry Mina,DF,Everton,25,24,23,1937.0,21.5,2,0,2,2,0,0,2,0,1.6,1.6,0.0,1.6,0.09,0.00,0.09,0.09,0.07,0.00,0.07,0.08,0.0,0.0,0.0,0.0,0.0,0.0,0.0,0.0,0.0,0.0,0.0,0.0,0.0,0.0,0.0,0.0,0.0,0.0,0.0,0.0,0.0,0.0,0.0,0.0,17,4,23.5,0.79,0.19,0.12,0.50,11.2,1134,1259,90.1,20517,7002,395,415,95.2,630,663,95.0,75,128,58.6,1,40,0,0,48,1226,32,28,0,6,0,1,0,1,6,0.28,6,0.28,5,0,0,0,0,1,0,0.00,0,0,0,0,0,0,21,14,17,4,0,8,12,66.7,4,30,23,7,24,45,110,1,21.5,1481,208,817,642,33,26,1481,3,1,33.3,2,66.7,940,5532,3525,9,5,1,3,1,1049,2,120000,6240000
Youri Tielemans,MF,Leicester City,23,38,37,3357.0,37.3,6,4,10,4,2,2,6,0,4.4,2.8,3.1,5.9,0.16,0.11,0.27,0.11,0.12,0.08,0.08,0.16,0.0,0.0,0.0,0.0,0.0,0.0,0.0,0.0,0.0,0.0,0.0,0.0,0.0,0.0,0.0,0.0,0.0,0.0,0.0,0.0,0.0,0.0,0.0,0.0,47,18,38.3,1.26,0.48,0.09,0.22,23.5,2061,2642,78.0,35122,9750,905,1022,88.6,847,1010,83.9,206,424,48.6,49,223,41,7,272,2445,188,76,11,14,138,13,99,9,126,3.38,126,3.38,96,15,4,5,3,3,16,0.43,14,0,1,0,0,1,86,45,32,38,16,45,108,41.7,63,35,8,27,46,132,20,1,37.3,2997,53,549,1768,712,44,2995,64,43,67.2,21,32.8,1562,6376,3455,52,39,9,41,35,2121,66,33077,1720000
Yves Bissouma,MF,Brighton,23,36,35,3111.0,34.6,1,0,1,1,0,0,8,1,1.4,1.4,0.9,2.3,0.03,0.00,0.03,0.03,0.04,0.03,0.04,0.07,0.0,0.0,0.0,0.0,0.0,0.0,0.0,0.0,0.0,0.0,0.0,0.0,0.0,0.0,0.0,0.0,0.0,0.0,0.0,0.0,0.0,0.0,0.0,0.0,42,3,7.1,1.22,0.09,0.02,0.33,26.5,1476,1697,87.0,25694,5672,637,693,91.9,661,725,91.2,135,189,71.4,16,145,16,1,146,1661,35,31,2,10,7,4,0,1,59,1.71,59,1.71,47,0,4,3,2,3,3,0.09,3,0,0,0,0,0,104,68,50,48,6,33,67,49.3,34,42,6,36,64,168,67,0,34.6,2106,99,500,1272,371,11,2106,73,53,72.6,20,27.4,1211,7336,3269,55,45,2,33,29,1364,26,25000,1300000
Zack Steffen,GK,Manchester City,25,1,1,90.0,1.0,0,0,0,0,0,0,0,0,0.0,0.0,0.0,0.0,0.00,0.00,0.00,0.00,0.00,0.00,0.00,0.00,1.00,2,1,50.0,0,0.0,0.9,0.47,0,4,0.0,22,4,13.6,27.0,8,12.5,12.3,14,0,0.0,0,0.00,,0,0,,0.00,0.00,,,,25,30,83.3,443,257,10,10,100.0,10,10,100.0,3,8,37.5,0,0,0,0,0,22,8,0,0,0,0,0,0,0,0,0.00,0,0.00,0,0,0,0,0,0,0,0.00,0,0,0,0,0,0,0,0,0,0,0,0,0,,0,0,0,0,0,0,0,0,1.0,30,26,30,0,0,0,30,0,0,,0,,18,45,23,0,0,0,0,0,18,0,50000,2600000
Çağlar Söyüncü,DF,Leicester City,24,23,19,1819.0,20.2,1,0,1,1,0,0,2,0,0.7,0.7,0.5,1.2,0.05,0.00,0.05,0.05,0.03,0.02,0.03,0.06,0.0,0.0,0.0,0.0,0.0,0.0,0.0,0.0,0.0,0.0,0.0,0.0,0.0,0.0,0.0,0.0,0.0,0.0,0.0,0.0,0.0,0.0,0.0,0.0,10,3,30.0,0.49,0.15,0.10,0.33,10.4,1244,1423,87.4,21098,7015,528,572,92.3,617,682,90.5,73,133,54.9,7,76,5,3,90,1370,52,21,0,16,10,31,0,1,11,0.54,11,0.54,7,1,1,1,0,1,0,0.00,0,0,0,0,0,0,27,17,13,14,0,17,30,56.7,13,12,9,3,28,55,80,1,20.2,1609,137,701,847,67,25,1609,6,4,66.7,2,33.3,990,5904,3440,27,18,0,8,4,1138,2,45000,2340000
Érik Lamela,"FW,MF",Tottenham,28,23,5,717.0,8.0,1,0,1,1,0,0,6,1,1.1,1.1,1.0,2.1,0.13,0.00,0.13,0.13,0.14,0.12,0.14,0.26,0.0,0.0,0.0,0.0,0.0,0.0,0.0,0.0,0.0,0.0,0.0,0.0,0.0,0.0,0.0,0.0,0.0,0.0,0.0,0.0,0.0,0.0,0.0,0.0,21,9,42.9,2.64,1.13,0.05,0.11,20.4,284,363,78.2,4124,873,157,180,87.2,93,109,85.3,14,33,42.4,8,20,10,0,36,328,34,8,1,2,23,1,16,1,31,3.89,31,3.89,19,2,3,2,5,0,4,0.50,3,0,0,1,0,0,17,9,1,11,5,8,21,38.1,13,11,1,10,6,23,2,0,8.0,474,4,45,245,196,22,474,40,25,62.5,15,37.5,286,2230,954,28,25,4,20,13,346,49,80000,4160000
İlkay Gündoğan,MF,Manchester City,29,28,23,2029.0,22.5,13,2,15,12,1,2,1,0,9.0,7.4,3.5,10.9,0.58,0.09,0.67,0.53,0.40,0.15,0.33,0.48,0.0,0.0,0.0,0.0,0.0,0.0,0.0,0.0,0.0,0.0,0.0,0.0,0.0,0.0,0.0,0.0,0.0,0.0,0.0,0.0,0.0,0.0,0.0,0.0,52,21,40.4,2.31,0.93,0.23,0.57,17.3,1583,1751,90.4,22988,4674,888,942,94.3,525,569,92.3,84,118,71.2,40,133,31,1,167,1693,53,28,4,9,30,2,20,5,88,3.91,88,3.91,67,4,6,6,2,3,9,0.40,3,1,2,1,1,1,25,15,8,12,5,10,39,25.6,29,13,4,9,20,45,9,0,22.5,1928,20,198,1076,665,79,1926,39,27,69.2,12,30.8,1183,6098,3066,69,69,10,30,13,1593,92,140000,7280000
Łukasz Fabiański,GK,West Ham,35,35,35,3150.0,35.0,0,0,0,0,0,0,2,0,0.0,0.0,0.0,0.0,0.00,0.00,0.00,0.00,0.00,0.00,0.00,0.00,1.26,138,97,70.3,10,28.6,40.8,0.27,238,609,39.1,738,154,54.9,40.4,272,75.0,51.9,516,26,5.0,15,0.43,10.8,0,0,,0.00,0.00,,,,622,1015,61.3,21886,17885,77,77,100.0,214,217,98.6,328,713,46.0,0,14,0,0,0,633,377,105,0,1,0,0,0,5,4,0.11,4,0.11,1,3,0,0,0,0,0,0.00,0,0,0,0,0,0,1,0,1,0,0,1,1,100.0,0,1,0,1,1,2,12,3,35.0,1077,934,1075,2,0,0,1077,0,0,,0,,560,3883,2240,0,0,0,1,0,356,0,65000,3380000
