Player,Pos,Squad,Age,MP,Starts,Min,90s_x,Gls,Ast,G+A,G-PK,PK,PKatt,CrdY,CrdR,xG,npxG,xAG,npxG+xAG,Gls/90,Ast/90,G+A/90,G-PK/90,xG/90,xAG/90,npxG/90,npxG+xAG/90,Gls Against 90,SoTA,Saves,Save%,CS,CS%,PSxG,PSxG/SoT,GK Cmp 40y,GK 40y Att,GK Cmp 40y%,Pass Att (GK),Thr Att (GK),Launch%,AvgLen_Pass (GK),GoalKick Att,GoalKick Launch%,AvgLen_GoalKick,Opp Crosses,Crosses Stp,Crosses Stp%,#OPA,#OPA/90,AvgDist,Sh,SoT,SoT%,Sh/90,SoT/90,G/Sh,G/SoT,Dist,Cmp_tot,Att_tot,Cmp%_tot,TotDist_Passed,PrgDist_Passed,Cmp_short,Att_short,Cmp%_short,Cmp_medium,Att_medium,Cmp%_medium,Cmp_long,Att_long,Cmp%_long,KP,1/3,PPA,CrsPA,PrgP,Live_Passes,Dead,FK,TB,Sw,Crs,TI,CK,Off,SCA,SCA90,SCA,SCA90,PassLive_SCA,PassDead_SCA,TO_SCA,Sh_SCA,Fld_SCA,Def_SCA,GCA,GCA90,PassLive_GCA,PassDead_GCA,TO_GCA,Sh_GCA,Fld_GCA,Def_GCA,Tkl,TklW,Def 3rd Tackles,Mid 3rd Tackles,Att 3rd Tackles,Tkl_Challenge,Att_Challenge,Tkl%_Challenge,Lost_Challenge,Blocks,Sh_block,Pass_block,Int,Tkl+Int,Clr,Err,90s_y,Touches,Def Pen Touches,Def 3rd Touches,Mid 3rd Touches,Att 3rd Touches,Att Pen Touches,Live_Touches,Att_takeon,Succ_takeon,Succ%_takeon,Tkld_takeon,Tkld%_takeon,Carries,TotDist_Carried,PrgDist_Carried,PrgC,1/3_carries,CPA,Mis,Dis,Rec,PrgR,Weekly Wages,Annual Wages
Aaron Connolly,"FW,MF",Brighton,21,4,1,156.0,1.7,0,0,0,0,0,0,0,0,0.4,0.4,0.1,0.5,0.00,0.00,0.00,0.00,0.21,0.06,0.21,0.26,0.0,0.0,0.0,0.0,0.0,0.0,0.0,0.0,0.0,0.0,0.0,0.0,0.0,0.0,0.0,0.0,0.0,0.0,0.0,0.0,0.0,0.0,0.0,0.0,2,0,0.0,1.15,0.00,0.00,,15.5,14,19,73.7,172,16,8,8,100.0,5,5,100.0,0,1,0.0,1,0,0,0,1,18,1,0,0,0,0,0,0,0,2,1.15,2,1.15,2,0,0,0,0,0,0,0.00,0,0,0,0,0,0,0,0,0,0,0,0,1,0.0,1,2,0,2,0,0,0,0,1.7,33,0,0,13,20,4,33,2,0,0.0,2,100.0,22,121,38,3,0,0,2,2,22,7,23077,1200000
Aaron Cresswell,DF,West Ham,31,31,31,2726.0,30.3,2,3,5,2,0,0,3,0,1.1,1.1,3.2,4.2,0.07,0.10,0.17,0.07,0.04,0.10,0.04,0.14,0.0,0.0,0.0,0.0,0.0,0.0,0.0,0.0,0.0,0.0,0.0,0.0,0.0,0.0,0.0,0.0,0.0,0.0,0.0,0.0,0.0,0.0,0.0,0.0,18,3,16.7,0.59,0.10,0.11,0.67,20.5,1656,2096,79.0,27331,11135,837,912,91.8,650,755,86.1,134,318,42.1,31,131,19,12,186,1736,350,67,0,6,145,232,51,10,53,1.75,53,1.75,31,20,0,2,0,0,6,0.20,2,4,0,0,0,0,28,18,18,6,4,13,25,52.0,12,31,18,13,35,63,66,0,30.3,2312,126,674,1078,576,22,2312,17,8,47.1,9,52.9,1305,5741,2727,54,45,2,14,4,1497,99,50000,2600000
Aaron Lennon,"MF,FW",Burnley,34,28,17,1551.0,17.2,2,0,2,2,0,0,2,0,1.1,1.1,0.5,1.6,0.12,0.00,0.12,0.12,0.06,0.03,0.06,0.09,0.0,0.0,0.0,0.0,0.0,0.0,0.0,0.0,0.0,0.0,0.0,0.0,0.0,0.0,0.0,0.0,0.0,0.0,0.0,0.0,0.0,0.0,0.0,0.0,12,4,33.3,0.70,0.23,0.17,0.50,20.1,252,382,66.0,3280,783,156,197,79.2,65,102,63.7,10,28,35.7,9,14,4,2,19,370,9,1,0,1,40,3,2,3,33,1.92,33,1.92,21,0,5,2,5,0,4,0.23,1,0,2,0,1,0,33,17,10,13,10,10,34,29.4,24,26,4,22,9,42,14,0,17.2,542,21,85,222,243,42,542,30,13,43.3,17,56.7,286,1641,738,38,10,20,25,13,334,77,20000,1040000
Aaron Ramsdale,GK,Arsenal,23,34,34,3060.0,34.0,0,0,0,0,0,0,1,0,0.0,0.0,0.0,0.0,0.00,0.00,0.00,0.00,0.00,0.00,0.00,0.00,1.15,128,90,73.4,12,35.3,38.2,0.26,134,480,27.9,993,162,34.8,33.2,181,74.0,55.1,414,26,6.3,60,1.76,16.4,0,0,,0.00,0.00,,,,795,1178,67.5,20520,14378,196,199,98.5,394,404,97.5,203,566,35.9,0,26,0,0,1,913,261,78,0,4,0,2,0,4,2,0.06,2,0.06,0,2,0,0,0,0,0,0.00,0,0,0,0,0,0,2,1,2,0,0,1,2,50.0,1,0,0,0,0,2,26,3,34.0,1258,927,1245,15,0,0,1258,1,1,100.0,0,0.0,807,4165,2486,0,0,0,1,0,630,0,61923,3220000
Aaron Wan-Bissaka,DF,Manchester Utd,23,20,20,1793.0,19.9,0,0,0,0,0,0,2,0,0.3,0.3,0.9,1.2,0.00,0.00,0.00,0.00,0.02,0.04,0.02,0.06,0.0,0.0,0.0,0.0,0.0,0.0,0.0,0.0,0.0,0.0,0.0,0.0,0.0,0.0,0.0,0.0,0.0,0.0,0.0,0.0,0.0,0.0,0.0,0.0,5,1,20.0,0.25,0.05,0.00,0.00,14.1,925,1141,81.1,12449,4048,598,657,91.0,255,307,83.1,36,67,53.7,14,52,12,8,61,968,171,4,0,6,35,167,0,2,35,1.76,35,1.76,29,0,3,1,1,1,1,0.05,1,0,0,0,0,0,49,36,25,18,6,14,20,70.0,6,24,14,10,34,83,41,2,19.9,1365,75,454,565,366,28,1365,61,36,59.0,25,41.0,716,4088,2131,55,41,8,23,13,815,90,90000,4680000
Abdoulaye Doucouré,MF,Everton,28,30,29,2537.0,28.2,2,4,6,2,0,0,6,0,2.2,2.2,2.0,4.2,0.07,0.14,0.21,0.07,0.08,0.07,0.08,0.15,0.0,0.0,0.0,0.0,0.0,0.0,0.0,0.0,0.0,0.0,0.0,0.0,0.0,0.0,0.0,0.0,0.0,0.0,0.0,0.0,0.0,0.0,0.0,0.0,34,11,32.4,1.21,0.39,0.06,0.18,17.9,864,1097,78.8,12771,3058,490,581,84.3,296,351,84.3,45,72,62.5,19,81,19,0,113,1078,17,11,3,3,11,1,0,2,57,2.02,57,2.02,50,0,3,3,0,1,7,0.25,5,0,1,1,0,0,75,43,30,37,8,32,71,45.1,39,33,8,25,28,103,32,0,28.2,1390,63,329,745,339,44,1390,41,21,51.2,20,48.8,694,3500,1770,33,28,6,43,22,764,54,75000,3900000
Adam Armstrong,FW,Southampton,24,23,17,1413.0,15.7,2,2,4,2,0,0,1,0,4.5,4.5,1.6,6.2,0.13,0.13,0.25,0.13,0.29,0.10,0.29,0.39,0.0,0.0,0.0,0.0,0.0,0.0,0.0,0.0,0.0,0.0,0.0,0.0,0.0,0.0,0.0,0.0,0.0,0.0,0.0,0.0,0.0,0.0,0.0,0.0,47,14,29.8,2.99,0.89,0.04,0.14,17.2,229,324,70.7,3453,610,111,142,78.2,93,126,73.8,12,22,54.5,13,11,13,0,30,283,40,0,4,1,18,2,0,1,36,2.29,36,2.29,22,0,5,6,3,0,3,0.19,2,0,0,0,1,0,10,4,2,2,6,0,6,0.0,6,13,1,12,3,13,6,0,15.7,493,9,40,184,275,75,493,42,16,38.1,26,61.9,287,1882,768,39,24,22,45,13,335,105,50000,2600000
Adam Forshaw,MF,Leeds United,29,22,17,1530.0,17.0,0,1,1,0,0,0,5,0,0.5,0.5,1.0,1.5,0.00,0.06,0.06,0.00,0.03,0.06,0.03,0.09,0.0,0.0,0.0,0.0,0.0,0.0,0.0,0.0,0.0,0.0,0.0,0.0,0.0,0.0,0.0,0.0,0.0,0.0,0.0,0.0,0.0,0.0,0.0,0.0,14,4,28.6,0.82,0.24,0.00,0.00,25.0,695,842,82.5,11652,3225,342,389,87.9,253,290,87.2,73,103,70.9,13,68,8,0,80,805,31,25,6,6,5,5,0,6,35,2.06,35,2.06,31,0,1,3,0,0,2,0.12,2,0,0,0,0,0,53,23,21,27,5,21,54,38.9,33,17,1,16,19,72,12,2,17.0,995,25,265,578,167,9,995,19,12,63.2,7,36.8,539,2507,1137,19,12,2,24,11,629,26,20000,1040000
Adam Idah,"FW,MF",Norwich City,20,17,6,625.0,6.9,1,1,2,1,0,0,0,0,2.3,2.3,0.6,2.9,0.14,0.14,0.29,0.14,0.33,0.09,0.33,0.42,0.0,0.0,0.0,0.0,0.0,0.0,0.0,0.0,0.0,0.0,0.0,0.0,0.0,0.0,0.0,0.0,0.0,0.0,0.0,0.0,0.0,0.0,0.0,0.0,14,4,28.6,2.02,0.58,0.07,0.25,13.9,95,150,63.3,1466,288,53,68,77.9,32,46,69.6,5,10,50.0,5,8,5,2,10,143,5,0,0,1,13,3,0,2,17,2.45,17,2.45,10,1,2,1,3,0,1,0.14,1,0,0,0,0,0,9,6,2,5,2,2,3,66.7,1,4,2,2,3,12,7,0,6.9,232,11,27,92,116,30,232,20,12,60.0,8,40.0,138,924,245,11,3,3,23,13,163,48,5000,260000
Adam Lallana,MF,Brighton,33,24,18,1561.0,17.3,0,1,1,0,0,0,4,0,1.1,1.1,0.9,2.0,0.00,0.06,0.06,0.00,0.06,0.05,0.06,0.11,0.0,0.0,0.0,0.0,0.0,0.0,0.0,0.0,0.0,0.0,0.0,0.0,0.0,0.0,0.0,0.0,0.0,0.0,0.0,0.0,0.0,0.0,0.0,0.0,19,4,21.1,1.10,0.23,0.00,0.00,19.8,836,962,86.9,11641,2793,502,552,90.9,265,288,92.0,28,53,52.8,8,58,17,1,76,949,12,9,1,2,3,1,0,1,28,1.62,28,1.62,24,0,0,2,2,0,4,0.23,4,0,0,0,0,0,34,17,14,14,6,12,41,29.3,29,16,6,10,16,50,13,1,17.3,1123,40,243,632,255,35,1123,23,14,60.9,9,39.1,618,2312,1084,17,21,2,24,15,793,47,90385,4700000
Adam Masina,DF,Watford,27,15,13,1077.0,12.0,0,1,1,0,0,0,0,0,0.3,0.3,0.7,1.0,0.00,0.08,0.08,0.00,0.03,0.06,0.03,0.08,0.0,0.0,0.0,0.0,0.0,0.0,0.0,0.0,0.0,0.0,0.0,0.0,0.0,0.0,0.0,0.0,0.0,0.0,0.0,0.0,0.0,0.0,0.0,0.0,5,0,0.0,0.42,0.00,0.00,,13.5,375,549,68.3,7252,3197,147,183,80.3,178,230,77.4,47,121,38.8,7,33,7,6,37,437,111,11,0,7,30,96,4,1,13,1.09,13,1.09,9,2,0,0,1,1,1,0.08,1,0,0,0,0,0,24,13,11,10,3,12,29,41.4,17,18,6,12,18,42,45,0,12.0,680,61,268,296,122,5,680,11,9,81.8,2,18.2,271,1311,645,9,11,0,10,1,316,12,27885,1450000
Adam Webster,DF,Brighton,26,22,16,1434.0,15.9,2,0,2,2,0,0,5,0,0.9,0.9,0.0,0.9,0.13,0.00,0.13,0.13,0.06,0.00,0.06,0.06,0.0,0.0,0.0,0.0,0.0,0.0,0.0,0.0,0.0,0.0,0.0,0.0,0.0,0.0,0.0,0.0,0.0,0.0,0.0,0.0,0.0,0.0,0.0,0.0,8,2,25.0,0.50,0.13,0.25,1.00,11.2,950,1176,80.8,18182,7344,308,351,87.7,512,587,87.2,103,188,54.8,1,104,1,0,109,1136,39,22,3,16,6,17,0,1,18,1.13,18,1.13,17,0,0,1,0,0,3,0.19,2,0,0,1,0,0,26,8,17,7,2,13,20,65.0,7,25,17,8,17,43,66,2,15.9,1323,120,582,661,88,13,1323,12,10,83.3,2,16.7,763,4197,2676,19,21,1,8,1,907,7,38077,1980000
Adama Traoré,"FW,MF",Wolves,25,20,10,1067.0,11.9,1,0,1,1,0,0,0,0,3.0,3.0,1.4,4.4,0.08,0.00,0.08,0.08,0.25,0.12,0.25,0.37,0.0,0.0,0.0,0.0,0.0,0.0,0.0,0.0,0.0,0.0,0.0,0.0,0.0,0.0,0.0,0.0,0.0,0.0,0.0,0.0,0.0,0.0,0.0,0.0,23,5,21.7,1.94,0.42,0.04,0.20,19.7,242,339,71.4,3655,663,126,158,79.7,79,109,72.5,21,31,67.7,18,15,12,6,29,336,2,0,2,2,39,1,0,1,60,5.06,60,5.06,32,0,20,2,4,2,2,0.17,1,0,0,0,1,0,8,3,6,0,2,3,7,42.9,4,4,1,3,2,10,1,0,11.9,474,3,47,189,265,51,474,102,83,81.4,19,18.6,341,3864,2076,84,42,25,46,29,397,85,43077,2240000
Ademola Lookman,"FW,MF",Leicester City,23,26,16,1453.0,16.1,6,0,6,6,0,0,2,0,4.5,4.5,1.9,6.4,0.37,0.00,0.37,0.37,0.28,0.11,0.28,0.40,0.0,0.0,0.0,0.0,0.0,0.0,0.0,0.0,0.0,0.0,0.0,0.0,0.0,0.0,0.0,0.0,0.0,0.0,0.0,0.0,0.0,0.0,0.0,0.0,26,12,46.2,1.61,0.74,0.23,0.50,15.0,405,536,75.6,5124,1306,260,313,83.1,113,136,83.1,8,21,38.1,23,19,20,1,54,510,21,5,3,1,18,6,4,5,46,2.85,46,2.85,35,1,4,3,3,0,3,0.19,2,0,0,0,1,0,32,14,10,13,9,10,28,35.7,18,19,1,18,10,42,4,0,16.1,755,7,93,327,345,88,755,58,38,65.5,20,34.5,501,2680,1278,43,26,24,59,52,558,139,49038,2550000
Ainsley Maitland-Niles,MF,Arsenal,23,8,2,268.0,3.0,0,0,0,0,0,0,0,0,0.1,0.1,0.3,0.3,0.00,0.00,0.00,0.00,0.02,0.09,0.02,0.12,0.0,0.0,0.0,0.0,0.0,0.0,0.0,0.0,0.0,0.0,0.0,0.0,0.0,0.0,0.0,0.0,0.0,0.0,0.0,0.0,0.0,0.0,0.0,0.0,2,0,0.0,0.67,0.00,0.00,,30.3,106,138,76.8,1811,549,46,58,79.3,54,62,87.1,6,13,46.2,3,16,4,1,15,135,3,2,1,0,2,1,0,0,7,2.35,7,2.35,5,0,0,1,0,1,0,0.00,0,0,0,0,0,0,8,4,5,3,0,2,4,50.0,2,2,0,2,4,12,4,0,3.0,171,8,41,97,34,0,171,8,4,50.0,4,50.0,87,393,171,2,5,0,4,5,110,8,35000,1820000
Albert Sambi Lokonga,MF,Arsenal,21,19,12,1134.0,12.6,0,0,0,0,0,0,5,0,0.6,0.6,1.0,1.6,0.00,0.00,0.00,0.00,0.05,0.08,0.05,0.13,0.0,0.0,0.0,0.0,0.0,0.0,0.0,0.0,0.0,0.0,0.0,0.0,0.0,0.0,0.0,0.0,0.0,0.0,0.0,0.0,0.0,0.0,0.0,0.0,20,8,40.0,1.59,0.63,0.00,0.00,26.8,727,824,88.2,12262,3171,331,367,90.2,324,352,92.0,54,78,69.2,18,68,14,1,84,795,28,24,6,8,2,3,0,1,39,3.09,39,3.09,36,0,0,1,1,1,0,0.00,0,0,0,0,0,0,22,18,11,9,2,12,14,85.7,2,12,7,5,13,35,12,4,12.6,929,33,217,534,185,4,929,4,3,75.0,1,25.0,606,3394,1921,28,20,1,13,8,696,16,51923,2700000
Alejandro Garnacho,"FW,MF",Manchester Utd,17,2,0,13.0,0.1,0,0,0,0,0,0,0,0,0.0,0.0,0.0,0.0,0.00,0.00,0.00,0.00,0.00,0.00,0.00,0.00,0.0,0.0,0.0,0.0,0.0,0.0,0.0,0.0,0.0,0.0,0.0,0.0,0.0,0.0,0.0,0.0,0.0,0.0,0.0,0.0,0.0,0.0,0.0,0.0,0,0,,0.00,0.00,,,,3,3,100.0,22,1,2,2,100.0,0,0,,0,0,,0,0,0,0,0,3,0,0,0,0,0,0,0,0,0,0.00,0,0.00,0,0,0,0,0,0,0,0.00,0,0,0,0,0,0,0,0,0,0,0,0,1,0.0,1,0,0,0,0,0,0,0,0.1,3,0,0,2,1,0,3,0,0,,0,,3,20,10,0,0,0,0,0,3,0,0.0,0.0
Alex Iwobi,"MF,DF",Everton,25,28,22,2035.0,22.6,2,2,4,2,0,0,1,0,2.3,2.3,2.6,4.9,0.09,0.09,0.18,0.09,0.10,0.12,0.10,0.22,0.0,0.0,0.0,0.0,0.0,0.0,0.0,0.0,0.0,0.0,0.0,0.0,0.0,0.0,0.0,0.0,0.0,0.0,0.0,0.0,0.0,0.0,0.0,0.0,24,6,25.0,1.06,0.27,0.08,0.33,16.4,599,782,76.6,9080,3232,324,366,88.5,192,248,77.4,48,89,53.9,36,61,40,6,103,721,57,2,6,6,32,50,1,4,66,2.92,66,2.92,59,3,2,2,0,0,7,0.31,6,0,1,0,0,0,40,19,23,12,5,21,52,40.4,31,39,3,36,20,60,25,2,22.6,1052,40,234,396,436,61,1052,57,32,56.1,25,43.9,581,3314,1660,44,37,19,44,27,638,104,50000,2600000
Alex Král,MF,West Ham,23,1,0,1.0,0.0,0,0,0,0,0,0,0,0,0.0,0.0,0.0,0.0,0.00,0.00,0.00,0.00,0.00,0.00,0.00,0.00,0.0,0.0,0.0,0.0,0.0,0.0,0.0,0.0,0.0,0.0,0.0,0.0,0.0,0.0,0.0,0.0,0.0,0.0,0.0,0.0,0.0,0.0,0.0,0.0,0,0,,0.00,0.00,,,,0,2,0.0,0,0,0,1,0.0,0,1,0.0,0,0,,0,0,0,0,0,2,0,0,0,0,0,0,0,0,0,0.00,0,0.00,0,0,0,0,0,0,0,0.00,0,0,0,0,0,0,0,0,0,0,0,0,0,,0,0,0,0,0,0,0,0,0.0,2,0,0,2,0,0,2,0,0,,0,,1,2,2,0,0,0,0,0,1,0,20769,1080000
Alex McCarthy,GK,Southampton,31,17,17,1530.0,17.0,0,0,0,0,0,0,1,0,0.0,0.0,0.0,0.0,0.00,0.00,0.00,0.00,0.00,0.00,0.00,0.00,1.59,71,44,62.0,5,29.4,21.5,0.31,74,246,30.1,383,78,40.7,34.7,125,72.0,50.6,255,22,8.6,5,0.29,9.6,0,0,,0.00,0.00,,,,318,508,62.6,8708,6548,79,79,100.0,139,141,98.6,97,283,34.3,1,9,0,0,0,343,165,40,0,0,0,0,0,0,2,0.12,2,0.12,1,1,0,0,0,0,0,0.00,0,0,0,0,0,0,0,0,0,0,0,0,0,,0,0,0,0,0,0,4,0,17.0,536,427,533,3,0,0,536,0,0,,0,,278,1311,913,0,0,0,0,0,231,0,50000,2600000
Alex Oxlade-Chamberlain,"MF,FW",Liverpool,27,17,9,785.0,8.7,2,1,3,2,0,0,0,0,1.3,1.3,1.1,2.5,0.23,0.11,0.34,0.23,0.15,0.13,0.15,0.28,0.0,0.0,0.0,0.0,0.0,0.0,0.0,0.0,0.0,0.0,0.0,0.0,0.0,0.0,0.0,0.0,0.0,0.0,0.0,0.0,0.0,0.0,0.0,0.0,21,3,14.3,2.41,0.34,0.10,0.67,21.5,316,407,77.6,5588,1406,136,161,84.5,133,157,84.7,36,55,65.5,10,45,16,4,61,395,10,3,3,3,26,1,2,2,25,2.86,25,2.86,22,0,2,0,1,0,1,0.11,1,0,0,0,0,0,15,11,2,8,5,3,14,21.4,11,12,2,10,6,21,5,0,8.7,508,5,45,238,231,31,508,17,12,70.6,5,29.4,319,1945,1033,34,28,8,16,10,372,63,120000,6240000
Alex Telles,DF,Manchester Utd,28,21,18,1660.0,18.4,0,4,4,0,0,0,1,0,0.4,0.4,1.9,2.3,0.00,0.22,0.22,0.00,0.02,0.10,0.02,0.12,0.0,0.0,0.0,0.0,0.0,0.0,0.0,0.0,0.0,0.0,0.0,0.0,0.0,0.0,0.0,0.0,0.0,0.0,0.0,0.0,0.0,0.0,0.0,0.0,10,3,30.0,0.54,0.16,0.00,0.00,23.1,898,1205,74.5,13213,5198,531,592,89.7,288,389,74.0,53,163,32.5,26,53,16,9,66,988,212,23,2,1,127,138,51,5,51,2.77,51,2.77,27,18,1,2,2,1,5,0.27,0,4,0,0,1,0,48,27,35,9,4,27,43,62.8,16,17,4,13,26,74,45,0,18.4,1396,66,407,562,438,18,1396,22,12,54.5,10,45.5,745,3421,1904,36,37,1,15,10,850,102,93077,4840000
Alexandre Lacazette,FW,Arsenal,30,30,20,1782.0,19.8,4,7,11,2,2,3,0,0,8.4,6.0,3.0,9.1,0.20,0.35,0.56,0.10,0.42,0.15,0.30,0.46,0.0,0.0,0.0,0.0,0.0,0.0,0.0,0.0,0.0,0.0,0.0,0.0,0.0,0.0,0.0,0.0,0.0,0.0,0.0,0.0,0.0,0.0,0.0,0.0,43,12,27.9,2.17,0.61,0.05,0.17,15.4,343,455,75.4,4595,1048,215,264,81.4,89,117,76.1,12,21,57.1,29,30,19,1,52,442,10,1,5,1,7,1,0,3,71,3.58,71,3.58,49,0,4,6,10,2,9,0.45,6,0,0,1,1,1,27,10,8,13,6,7,21,33.3,14,12,1,11,5,32,6,0,19.8,638,4,58,273,317,106,635,33,19,57.6,14,42.4,349,1538,611,19,15,13,43,29,489,106,182115,9470000
Alexis Mac Allister,"MF,FW",Brighton,22,33,22,2123.0,23.6,5,2,7,3,2,3,4,0,6.3,4.0,1.9,5.9,0.21,0.08,0.30,0.13,0.27,0.08,0.17,0.25,0.0,0.0,0.0,0.0,0.0,0.0,0.0,0.0,0.0,0.0,0.0,0.0,0.0,0.0,0.0,0.0,0.0,0.0,0.0,0.0,0.0,0.0,0.0,0.0,57,9,15.8,2.42,0.38,0.05,0.33,22.0,858,1066,80.5,14410,4157,411,473,86.9,328,370,88.6,78,133,58.6,31,104,25,2,137,986,78,22,4,9,66,3,46,2,83,3.52,83,3.52,57,10,3,3,7,3,5,0.21,2,2,0,1,0,0,65,40,23,30,12,29,68,42.6,39,37,7,30,13,78,22,0,23.6,1368,41,222,652,510,49,1365,42,21,50.0,21,50.0,719,3238,1502,30,38,2,43,23,854,66,30769,1600000
Alisson,GK,Liverpool,28,36,36,3240.0,36.0,0,1,1,0,0,0,0,0,0.0,0.0,0.2,0.2,0.00,0.03,0.03,0.00,0.00,0.01,0.00,0.01,0.67,99,76,75.8,20,55.6,24.4,0.25,114,258,44.2,1216,211,16.5,26.3,172,33.1,33.4,340,22,6.5,89,2.47,18.7,0,0,,0.00,0.00,,,,1214,1388,87.5,28439,18286,275,276,99.6,686,699,98.1,249,409,60.9,1,16,1,0,1,1154,234,62,0,3,0,0,0,0,2,0.06,2,0.06,2,0,0,0,0,0,1,0.03,1,0,0,0,0,0,3,1,3,0,0,3,5,60.0,2,1,0,1,0,3,28,1,36.0,1469,1042,1452,17,0,0,1469,1,1,100.0,0,0.0,873,3573,2223,0,0,0,1,0,836,0,150000,7800000
Allan,MF,Everton,30,28,25,2183.0,24.3,0,2,2,0,0,0,7,1,0.2,0.2,0.8,1.1,0.00,0.08,0.08,0.00,0.01,0.03,0.01,0.04,0.0,0.0,0.0,0.0,0.0,0.0,0.0,0.0,0.0,0.0,0.0,0.0,0.0,0.0,0.0,0.0,0.0,0.0,0.0,0.0,0.0,0.0,0.0,0.0,7,3,42.9,0.29,0.12,0.00,0.00,24.5,778,982,79.2,12868,4192,356,405,87.9,337,402,83.8,57,102,55.9,15,103,20,3,130,912,66,19,1,2,10,10,0,4,38,1.57,38,1.57,35,0,1,0,1,1,7,0.29,5,0,1,0,1,0,74,44,28,39,7,34,105,32.4,71,40,9,31,23,97,39,1,24.3,1259,77,324,763,191,7,1259,31,21,67.7,10,32.3,650,3118,1603,26,24,4,38,24,672,18,70000,3640000
Allan Saint-Maximin,"FW,MF",Newcastle Utd,24,35,31,2804.0,31.2,5,5,10,5,0,0,6,0,5.2,5.2,4.3,9.5,0.16,0.16,0.32,0.16,0.17,0.14,0.17,0.30,0.0,0.0,0.0,0.0,0.0,0.0,0.0,0.0,0.0,0.0,0.0,0.0,0.0,0.0,0.0,0.0,0.0,0.0,0.0,0.0,0.0,0.0,0.0,0.0,64,26,40.6,2.05,0.83,0.08,0.19,19.7,529,747,70.8,7953,1853,299,359,83.3,165,225,73.3,38,75,50.7,50,51,32,8,87,721,19,0,11,11,60,5,0,7,130,4.17,130,4.17,84,1,31,5,7,2,11,0.35,8,0,2,1,0,0,13,8,6,4,3,3,17,17.6,14,13,2,11,11,24,3,0,31.2,1162,7,86,476,649,111,1162,241,150,62.2,91,37.8,859,8944,4517,180,119,63,120,90,913,167,38462,2000000
Alphonse Areola,GK,West Ham,28,1,1,90.0,1.0,0,0,0,0,0,0,0,0,0.0,0.0,0.0,0.0,0.00,0.00,0.00,0.00,0.00,0.00,0.00,0.00,1.00,3,2,66.7,0,0.0,1.2,0.39,9,28,32.1,26,3,69.2,46.3,14,71.4,48.5,15,1,6.7,0,0.00,5.5,0,0,,0.00,0.00,,,,21,40,52.5,785,656,2,2,100.0,8,8,100.0,11,30,36.7,0,0,0,0,0,23,17,3,0,0,0,0,0,0,0,0.00,0,0.00,0,0,0,0,0,0,0,0.00,0,0,0,0,0,0,0,0,0,0,0,0,0,,0,0,0,0,0,0,1,0,1.0,42,40,42,0,0,0,42,0,0,,0,,20,85,41,0,0,0,0,0,20,0,120000,6240000
Andreas Christensen,DF,Chelsea,25,19,17,1496.0,16.6,0,0,0,0,0,0,2,0,0.6,0.6,0.2,0.8,0.00,0.00,0.00,0.00,0.04,0.01,0.04,0.05,0.0,0.0,0.0,0.0,0.0,0.0,0.0,0.0,0.0,0.0,0.0,0.0,0.0,0.0,0.0,0.0,0.0,0.0,0.0,0.0,0.0,0.0,0.0,0.0,5,0,0.0,0.30,0.00,0.00,,19.7,1201,1336,89.9,21164,7424,495,535,92.5,586,631,92.9,100,135,74.1,6,88,6,1,81,1289,46,33,1,4,1,13,0,1,9,0.54,9,0.54,8,0,1,0,0,0,0,0.00,0,0,0,0,0,0,14,8,9,4,1,4,7,57.1,3,14,6,8,29,43,57,1,16.6,1477,147,645,772,68,5,1477,4,4,100.0,0,0.0,823,3835,2215,14,15,0,3,1,1058,5,80000,4160000
Andrew Omobamidele,DF,Norwich City,19,5,4,382.0,4.2,1,0,1,1,0,0,1,0,0.2,0.2,0.0,0.2,0.24,0.00,0.24,0.24,0.06,0.00,0.06,0.06,0.0,0.0,0.0,0.0,0.0,0.0,0.0,0.0,0.0,0.0,0.0,0.0,0.0,0.0,0.0,0.0,0.0,0.0,0.0,0.0,0.0,0.0,0.0,0.0,2,1,50.0,0.47,0.24,0.50,1.00,8.3,197,235,83.8,3559,1026,75,85,88.2,100,115,87.0,18,27,66.7,0,10,0,0,14,220,15,7,0,1,0,8,0,0,3,0.71,3,0.71,3,0,0,0,0,0,0,0.00,0,0,0,0,0,0,8,6,5,3,0,5,11,45.5,6,8,8,0,5,13,13,0,4.2,279,27,138,124,18,2,279,0,0,,0,,162,897,465,6,3,0,6,0,162,1,18077,940000
Andrew Robertson,DF,Liverpool,27,29,29,2537.0,28.2,3,10,13,3,0,0,5,1,1.4,1.4,5.6,7.0,0.11,0.35,0.46,0.11,0.05,0.20,0.05,0.25,0.0,0.0,0.0,0.0,0.0,0.0,0.0,0.0,0.0,0.0,0.0,0.0,0.0,0.0,0.0,0.0,0.0,0.0,0.0,0.0,0.0,0.0,0.0,0.0,18,8,44.4,0.64,0.28,0.17,0.38,16.9,1885,2350,80.2,30530,10280,980,1078,90.9,759,906,83.8,120,268,44.8,55,131,45,13,186,1986,356,56,3,10,195,219,81,8,112,3.97,112,3.97,81,24,1,2,3,1,17,0.60,14,3,0,0,0,0,36,21,16,15,5,20,35,57.1,15,24,3,21,23,59,61,0,28.2,2556,77,528,1172,882,88,2556,23,13,56.5,10,43.5,1436,7043,4330,96,85,19,24,15,1731,239,50000,2600000
Andriy Yarmolenko,"FW,MF",West Ham,31,19,1,316.0,3.5,1,0,1,1,0,0,1,0,0.8,0.8,0.3,1.1,0.28,0.00,0.28,0.28,0.22,0.08,0.22,0.30,0.0,0.0,0.0,0.0,0.0,0.0,0.0,0.0,0.0,0.0,0.0,0.0,0.0,0.0,0.0,0.0,0.0,0.0,0.0,0.0,0.0,0.0,0.0,0.0,11,5,45.5,3.13,1.42,0.09,0.20,15.2,80,109,73.4,1285,237,40,52,76.9,31,36,86.1,6,9,66.7,4,3,4,1,12,106,3,0,1,0,8,0,0,0,9,2.56,9,2.56,6,0,2,1,0,0,0,0.00,0,0,0,0,0,0,4,2,2,2,0,2,8,25.0,6,4,2,2,0,4,2,0,3.5,147,6,23,48,76,19,147,8,3,37.5,5,62.5,92,529,271,12,3,8,4,1,117,28,115000,5980000
Andros Townsend,"MF,FW",Everton,30,21,17,1455.0,16.2,3,2,5,2,1,1,3,0,2.2,1.5,3.1,4.5,0.19,0.12,0.31,0.12,0.14,0.19,0.09,0.28,0.0,0.0,0.0,0.0,0.0,0.0,0.0,0.0,0.0,0.0,0.0,0.0,0.0,0.0,0.0,0.0,0.0,0.0,0.0,0.0,0.0,0.0,0.0,0.0,20,9,45.0,1.24,0.56,0.10,0.22,22.1,342,497,68.8,5285,1870,185,219,84.5,114,153,74.5,28,82,34.1,31,24,26,16,50,440,56,18,1,0,96,7,25,1,55,3.40,55,3.40,39,9,1,2,4,0,4,0.25,4,0,0,0,0,0,31,17,15,6,10,15,40,37.5,25,28,2,26,14,45,6,1,16.2,708,13,118,257,343,27,707,48,26,54.2,22,45.8,400,2570,1151,41,28,7,44,19,430,100,45000,2340000
André Gomes,MF,Everton,28,14,7,619.0,6.9,0,1,1,0,0,0,3,0,0.7,0.7,0.2,0.8,0.00,0.15,0.15,0.00,0.10,0.03,0.10,0.12,0.0,0.0,0.0,0.0,0.0,0.0,0.0,0.0,0.0,0.0,0.0,0.0,0.0,0.0,0.0,0.0,0.0,0.0,0.0,0.0,0.0,0.0,0.0,0.0,14,4,28.6,2.04,0.58,0.00,0.00,23.5,218,282,77.3,3491,1060,116,134,86.6,75,89,84.3,19,37,51.4,4,29,4,2,25,269,13,4,0,0,6,0,1,0,21,3.04,21,3.04,14,0,5,1,1,0,3,0.43,2,0,1,0,0,0,16,4,6,6,4,8,32,25.0,24,8,2,6,1,17,7,1,6.9,376,14,64,211,107,6,376,18,12,66.7,6,33.3,196,858,445,6,8,1,21,16,224,13,112308,5840000
Angelo Ogbonna,DF,West Ham,33,11,11,921.0,10.2,1,0,1,1,0,0,1,0,0.3,0.3,0.0,0.3,0.10,0.00,0.10,0.10,0.03,0.00,0.03,0.03,0.0,0.0,0.0,0.0,0.0,0.0,0.0,0.0,0.0,0.0,0.0,0.0,0.0,0.0,0.0,0.0,0.0,0.0,0.0,0.0,0.0,0.0,0.0,0.0,3,1,33.3,0.29,0.10,0.33,1.00,12.6,405,477,84.9,7815,2674,123,127,96.9,244,271,90.0,34,69,49.3,0,16,0,0,14,470,5,3,0,0,0,1,0,2,3,0.29,3,0.29,2,0,0,1,0,0,1,0.10,1,0,0,0,0,0,7,4,5,2,0,3,7,42.9,4,5,4,1,11,18,29,0,10.2,542,63,290,242,13,6,542,1,1,100.0,0,0.0,324,1623,741,2,0,0,2,1,376,0,70000,3640000
Angus Gunn,GK,Norwich City,25,9,9,810.0,9.0,0,0,0,0,0,0,0,0,0.0,0.0,0.0,0.0,0.00,0.00,0.00,0.00,0.00,0.00,0.00,0.00,2.44,57,34,64.9,1,11.1,19.3,0.30,45,129,34.9,219,47,43.4,34.5,86,39.5,34.5,175,3,1.7,14,1.56,17.3,0,0,,0.00,0.00,,,,208,307,67.8,5494,3524,60,60,100.0,72,73,98.6,74,168,44.0,0,1,0,0,0,177,128,42,0,1,0,0,0,2,0,0.00,0,0.00,0,0,0,0,0,0,0,0.00,0,0,0,0,0,0,0,0,0,0,0,0,0,,0,0,0,0,0,0,11,0,9.0,343,290,341,2,0,0,343,0,0,,0,,166,909,488,0,0,0,0,0,112,0,25000,1300000
Anthony Elanga,FW,Manchester Utd,19,21,14,1214.0,13.5,2,2,4,2,0,0,0,0,2.6,2.6,2.4,5.1,0.15,0.15,0.30,0.15,0.19,0.18,0.19,0.37,0.0,0.0,0.0,0.0,0.0,0.0,0.0,0.0,0.0,0.0,0.0,0.0,0.0,0.0,0.0,0.0,0.0,0.0,0.0,0.0,0.0,0.0,0.0,0.0,21,7,33.3,1.56,0.52,0.10,0.29,15.7,340,450,75.6,4282,910,229,265,86.4,71,97,73.2,12,21,57.1,9,11,8,2,18,434,14,0,2,1,21,14,0,2,21,1.56,21,1.56,12,0,2,1,4,2,5,0.37,2,0,1,0,1,1,26,20,12,12,2,15,29,51.7,14,17,1,16,9,35,7,0,13.5,619,11,111,214,296,56,619,31,11,35.5,20,64.5,354,2063,993,32,24,10,37,15,447,114,9038,470000
Anthony Gordon,"MF,FW",Everton,20,35,25,2285.0,25.4,4,2,6,4,0,0,4,0,3.5,3.5,3.8,7.3,0.16,0.08,0.24,0.16,0.14,0.15,0.14,0.29,0.0,0.0,0.0,0.0,0.0,0.0,0.0,0.0,0.0,0.0,0.0,0.0,0.0,0.0,0.0,0.0,0.0,0.0,0.0,0.0,0.0,0.0,0.0,0.0,44,18,40.9,1.73,0.71,0.09,0.22,18.8,482,743,64.9,6816,1929,265,340,77.9,151,224,67.4,28,92,30.4,35,27,21,8,51,649,89,25,2,3,119,6,50,5,77,3.03,77,3.03,38,14,6,3,14,2,5,0.20,1,2,0,0,2,0,54,32,20,30,4,21,59,35.6,38,49,3,46,22,76,17,0,25.4,1116,21,163,386,592,78,1116,80,38,47.5,42,52.5,602,4905,2291,74,53,31,74,37,674,137,10000,520000
Anthony Martial,FW,Manchester Utd,25,8,2,212.0,2.4,1,0,1,1,0,0,0,0,0.7,0.7,0.0,0.7,0.42,0.00,0.42,0.42,0.28,0.00,0.28,0.28,0.0,0.0,0.0,0.0,0.0,0.0,0.0,0.0,0.0,0.0,0.0,0.0,0.0,0.0,0.0,0.0,0.0,0.0,0.0,0.0,0.0,0.0,0.0,0.0,5,2,40.0,2.12,0.85,0.20,0.50,13.0,67,86,77.9,946,198,43,51,84.3,23,28,82.1,0,2,0.0,0,5,5,0,14,85,1,0,1,0,4,0,0,0,5,2.12,5,2.12,4,0,0,0,1,0,1,0.42,1,0,0,0,0,0,0,0,0,0,0,0,1,0.0,1,1,0,1,0,0,1,0,2.4,109,1,8,38,65,14,109,7,4,57.1,3,42.9,74,478,274,10,5,4,6,4,97,32,250000,13000000
Antonio Rüdiger,DF,Chelsea,28,34,34,3035.0,33.7,3,0,3,3,0,0,9,0,2.3,2.3,0.7,3.0,0.09,0.00,0.09,0.09,0.07,0.02,0.07,0.09,0.0,0.0,0.0,0.0,0.0,0.0,0.0,0.0,0.0,0.0,0.0,0.0,0.0,0.0,0.0,0.0,0.0,0.0,0.0,0.0,0.0,0.0,0.0,0.0,48,13,27.1,1.42,0.39,0.06,0.23,19.9,2217,2534,87.5,41765,13323,865,926,93.4,1079,1167,92.5,247,369,66.9,12,219,24,3,188,2462,63,50,7,34,15,13,0,9,45,1.33,45,1.33,38,0,0,4,2,1,9,0.27,6,0,0,1,2,0,48,28,29,15,4,36,48,75.0,12,20,11,9,28,76,91,1,33.7,2820,211,1014,1521,298,48,2820,12,6,50.0,6,50.0,1782,8886,5212,54,72,3,20,8,2185,21,100000,5200000
Anwar El Ghazi,"FW,MF",Aston Villa,26,9,4,386.0,4.3,1,1,2,0,1,1,2,0,1.1,0.3,0.4,0.7,0.23,0.23,0.47,0.00,0.25,0.10,0.06,0.16,0.0,0.0,0.0,0.0,0.0,0.0,0.0,0.0,0.0,0.0,0.0,0.0,0.0,0.0,0.0,0.0,0.0,0.0,0.0,0.0,0.0,0.0,0.0,0.0,7,2,28.6,1.63,0.47,0.00,0.00,22.3,84,119,70.6,1091,314,60,70,85.7,17,30,56.7,3,5,60.0,5,0,4,3,5,117,2,0,1,0,14,2,0,0,11,2.56,11,2.56,8,1,1,0,1,0,2,0.47,2,0,0,0,0,0,4,4,2,2,0,2,7,28.6,5,6,0,6,1,5,2,0,4.3,181,4,18,58,110,14,180,10,4,40.0,6,60.0,114,754,314,13,7,5,22,7,134,38,30962,1610000
Anwar El Ghazi,"FW,MF",Everton,26,2,0,13.0,0.1,0,0,0,0,0,0,0,0,0.0,0.0,0.0,0.0,0.00,0.00,0.00,0.00,0.00,0.00,0.00,0.00,0.0,0.0,0.0,0.0,0.0,0.0,0.0,0.0,0.0,0.0,0.0,0.0,0.0,0.0,0.0,0.0,0.0,0.0,0.0,0.0,0.0,0.0,0.0,0.0,7,2,28.6,1.63,0.47,0.00,0.00,22.3,84,119,70.6,1091,314,60,70,85.7,17,30,56.7,3,5,60.0,5,0,4,3,5,117,2,0,1,0,14,2,0,0,11,2.56,11,2.56,8,1,1,0,1,0,2,0.47,2,0,0,0,0,0,4,4,2,2,0,2,7,28.6,5,6,0,6,1,5,2,0,4.3,181,4,18,58,110,14,180,10,4,40.0,6,60.0,114,754,314,13,7,5,22,7,134,38,30962,1610000
Armando Broja,FW,Southampton,19,32,21,1975.0,21.9,6,0,6,6,0,0,2,0,5.9,5.9,1.0,6.9,0.27,0.00,0.27,0.27,0.27,0.05,0.27,0.32,0.0,0.0,0.0,0.0,0.0,0.0,0.0,0.0,0.0,0.0,0.0,0.0,0.0,0.0,0.0,0.0,0.0,0.0,0.0,0.0,0.0,0.0,0.0,0.0,45,19,42.2,2.05,0.87,0.13,0.32,13.0,243,404,60.1,2594,572,167,249,67.1,48,87,55.2,1,7,14.3,10,13,2,0,29,402,2,0,1,1,8,0,0,0,38,1.73,38,1.73,19,0,7,7,4,1,4,0.18,0,0,2,0,2,0,12,5,2,7,3,2,9,22.2,7,17,1,16,3,15,11,0,21.9,673,15,51,278,360,101,673,70,33,47.1,37,52.9,364,2447,1247,56,28,33,68,50,488,114,7500,390000
Arthur Masuaku,"DF,FW",West Ham,27,13,6,650.0,7.2,1,1,2,1,0,0,1,0,0.1,0.1,0.8,0.9,0.14,0.14,0.28,0.14,0.01,0.12,0.01,0.12,0.0,0.0,0.0,0.0,0.0,0.0,0.0,0.0,0.0,0.0,0.0,0.0,0.0,0.0,0.0,0.0,0.0,0.0,0.0,0.0,0.0,0.0,0.0,0.0,4,1,25.0,0.55,0.14,0.25,1.00,26.5,289,382,75.7,4058,1291,171,189,90.5,87,121,71.9,15,40,37.5,2,30,6,2,33,336,44,5,0,1,23,39,0,2,7,0.97,7,0.97,6,1,0,0,0,0,2,0.28,1,1,0,0,0,0,31,23,19,11,1,14,23,60.9,9,9,1,8,9,40,17,0,7.2,479,26,138,198,145,9,479,17,10,58.8,7,41.2,223,1001,525,16,8,5,8,9,272,26,40000,2080000
Ashley Barnes,FW,Burnley,31,23,8,808.0,9.0,1,0,1,0,1,1,4,0,2.1,1.4,0.9,2.2,0.11,0.00,0.11,0.00,0.24,0.10,0.15,0.25,0.0,0.0,0.0,0.0,0.0,0.0,0.0,0.0,0.0,0.0,0.0,0.0,0.0,0.0,0.0,0.0,0.0,0.0,0.0,0.0,0.0,0.0,0.0,0.0,15,5,33.3,1.67,0.56,0.00,0.00,17.3,122,198,61.6,1577,452,81,108,75.0,30,52,57.7,5,10,50.0,8,21,5,1,17,191,1,0,1,1,2,0,0,6,18,2.00,18,2.00,12,0,0,3,3,0,1,0.11,1,0,0,0,0,0,11,2,2,7,2,2,9,22.2,7,8,1,7,2,13,5,0,9.0,302,6,22,163,120,25,301,8,5,62.5,3,37.5,139,530,215,5,5,1,37,22,224,47,40000,2080000
Ashley Fletcher,FW,Watford,25,3,0,30.0,0.3,0,0,0,0,0,0,0,0,0.6,0.6,0.0,0.6,0.00,0.00,0.00,0.00,1.80,0.00,1.80,1.80,0.0,0.0,0.0,0.0,0.0,0.0,0.0,0.0,0.0,0.0,0.0,0.0,0.0,0.0,0.0,0.0,0.0,0.0,0.0,0.0,0.0,0.0,0.0,0.0,2,1,50.0,6.00,3.00,0.00,0.00,17.6,3,7,42.9,23,10,2,2,100.0,0,0,,0,0,,0,0,0,0,0,7,0,0,0,0,1,0,0,0,2,6.00,2,6.00,1,0,0,1,0,0,0,0.00,0,0,0,0,0,0,2,1,1,1,0,1,1,100.0,0,1,1,0,0,2,0,0,0.3,14,1,2,5,7,2,14,0,0,,0,,10,53,31,1,1,1,1,1,10,1,15000,780000
Ashley Westwood,MF,Burnley,31,27,26,2287.0,25.4,0,3,3,0,0,0,7,0,0.6,0.6,4.1,4.7,0.00,0.12,0.12,0.00,0.02,0.16,0.02,0.19,0.0,0.0,0.0,0.0,0.0,0.0,0.0,0.0,0.0,0.0,0.0,0.0,0.0,0.0,0.0,0.0,0.0,0.0,0.0,0.0,0.0,0.0,0.0,0.0,14,1,7.1,0.55,0.04,0.00,0.00,21.0,871,1254,69.5,16111,5915,347,418,83.0,361,468,77.1,119,276,43.1,33,118,32,5,130,1056,183,49,7,10,122,4,73,15,64,2.52,64,2.52,41,18,0,3,1,1,8,0.31,6,2,0,0,0,0,21,12,8,12,1,10,31,32.3,21,21,9,12,30,51,16,1,25.4,1415,45,223,826,379,16,1415,18,10,55.6,8,44.4,628,2394,948,12,12,3,29,14,804,27,36000,1872000
Ashley Young,"DF,FW",Aston Villa,36,24,10,1250.0,13.9,0,2,2,0,0,0,2,0,0.4,0.4,1.0,1.4,0.00,0.14,0.14,0.00,0.03,0.07,0.03,0.10,0.0,0.0,0.0,0.0,0.0,0.0,0.0,0.0,0.0,0.0,0.0,0.0,0.0,0.0,0.0,0.0,0.0,0.0,0.0,0.0,0.0,0.0,0.0,0.0,10,3,30.0,0.72,0.22,0.00,0.00,21.2,492,645,76.3,7689,2712,282,314,89.8,155,204,76.0,38,78,48.7,13,48,10,3,45,535,106,16,0,7,44,78,5,4,31,2.24,31,2.24,20,6,2,1,2,0,4,0.29,2,1,1,0,0,0,18,6,9,6,3,11,16,68.8,5,10,4,6,13,31,25,1,13.9,756,37,207,349,214,14,756,16,9,56.3,7,43.8,428,2105,1080,27,16,7,11,3,471,57,49423,2570000
Asmir Begović,GK,Everton,34,3,3,270.0,3.0,0,0,0,0,0,0,0,0,0.0,0.0,0.0,0.0,0.00,0.00,0.00,0.00,0.00,0.00,0.00,0.00,2.67,18,11,61.1,1,33.3,4.2,0.18,20,62,32.3,54,5,74.1,48.9,31,71.0,51.3,50,3,6.0,2,0.67,10.7,0,0,,0.00,0.00,,,,39,85,45.9,1601,1416,2,2,100.0,14,14,100.0,23,68,33.8,0,0,0,0,0,46,39,8,0,0,0,0,0,0,0,0.00,0,0.00,0,0,0,0,0,0,0,0.00,0,0,0,0,0,0,0,0,0,0,0,0,0,,0,0,0,0,0,0,3,0,3.0,97,90,97,0,0,0,97,0,0,,0,,34,240,138,0,0,0,0,0,26,0,40000,2080000
Axel Tuanzebe,DF,Aston Villa,23,9,6,508.0,5.6,0,0,0,0,0,0,1,0,0.1,0.1,0.0,0.1,0.00,0.00,0.00,0.00,0.02,0.00,0.02,0.02,0.0,0.0,0.0,0.0,0.0,0.0,0.0,0.0,0.0,0.0,0.0,0.0,0.0,0.0,0.0,0.0,0.0,0.0,0.0,0.0,0.0,0.0,0.0,0.0,2,1,50.0,0.35,0.18,0.00,0.00,10.1,207,241,85.9,3996,1437,66,73,90.4,111,123,90.2,25,39,64.1,0,4,0,0,6,236,5,5,0,1,1,0,0,0,2,0.35,2,0.35,2,0,0,0,0,0,0,0.00,0,0,0,0,0,0,5,3,3,2,0,2,5,40.0,3,5,4,1,5,10,12,1,5.6,280,42,157,117,8,6,280,0,0,,0,,177,747,423,1,0,0,3,0,181,0,50000,2600000
Aymeric Laporte,DF,Manchester City,27,33,33,2828.0,31.4,4,0,4,4,0,0,5,1,4.9,4.9,0.6,5.5,0.13,0.00,0.13,0.13,0.16,0.02,0.16,0.18,0.0,0.0,0.0,0.0,0.0,0.0,0.0,0.0,0.0,0.0,0.0,0.0,0.0,0.0,0.0,0.0,0.0,0.0,0.0,0.0,0.0,0.0,0.0,0.0,35,7,20.0,1.11,0.22,0.11,0.57,11.6,2782,2940,94.6,53607,17549,933,966,96.6,1575,1624,97.0,251,316,79.4,9,309,9,2,271,2888,50,37,4,22,5,13,0,2,40,1.27,40,1.27,34,0,1,4,1,0,6,0.19,3,0,0,2,1,0,33,15,22,10,1,14,20,70.0,6,15,10,5,20,53,64,2,31.4,3135,210,1048,1937,158,42,3135,8,6,75.0,2,25.0,2325,12799,9256,51,49,0,4,7,2550,8,120000,6240000
Ayoze Pérez,"MF,FW",Leicester City,28,14,6,445.0,4.9,2,3,5,2,0,0,0,1,1.6,1.6,1.6,3.2,0.40,0.61,1.01,0.40,0.32,0.32,0.32,0.64,0.0,0.0,0.0,0.0,0.0,0.0,0.0,0.0,0.0,0.0,0.0,0.0,0.0,0.0,0.0,0.0,0.0,0.0,0.0,0.0,0.0,0.0,0.0,0.0,11,6,54.5,2.22,1.21,0.18,0.33,15.3,123,156,78.8,1552,421,75,89,84.3,29,35,82.9,5,8,62.5,11,12,5,0,18,150,4,0,1,0,3,1,0,2,20,4.04,20,4.04,16,0,3,1,0,0,2,0.40,2,0,0,0,0,0,4,2,0,3,1,0,13,0.0,13,11,1,10,2,6,5,0,4.9,233,5,39,117,83,18,233,16,10,62.5,6,37.5,128,656,365,16,10,5,16,12,156,30,45000,2340000
Bali Mumba,DF,Norwich City,19,1,0,45.0,0.5,0,0,0,0,0,0,0,0,0.0,0.0,0.0,0.0,0.00,0.00,0.00,0.00,0.00,0.00,0.00,0.00,0.0,0.0,0.0,0.0,0.0,0.0,0.0,0.0,0.0,0.0,0.0,0.0,0.0,0.0,0.0,0.0,0.0,0.0,0.0,0.0,0.0,0.0,0.0,0.0,0,0,,0.00,0.00,,,,7,10,70.0,78,27,6,6,100.0,1,1,100.0,0,2,0.0,0,0,0,0,1,9,0,0,1,0,0,0,0,1,0,0.00,0,0.00,0,0,0,0,0,0,0,0.00,0,0,0,0,0,0,1,1,1,0,0,0,0,,0,0,0,0,0,1,5,0,0.5,19,8,13,3,3,0,19,1,0,0.0,1,100.0,9,44,16,1,1,0,0,0,8,0,2308,120000
Ben Chilwell,DF,Chelsea,24,7,6,542.0,6.0,3,1,4,3,0,0,0,0,0.9,0.9,0.8,1.7,0.50,0.17,0.66,0.50,0.15,0.13,0.15,0.28,0.0,0.0,0.0,0.0,0.0,0.0,0.0,0.0,0.0,0.0,0.0,0.0,0.0,0.0,0.0,0.0,0.0,0.0,0.0,0.0,0.0,0.0,0.0,0.0,13,6,46.2,2.16,1.00,0.23,0.50,17.7,268,347,77.2,3845,959,164,179,91.6,75,98,76.5,15,41,36.6,10,7,6,1,18,266,80,11,0,0,32,44,25,1,18,2.99,18,2.99,10,7,0,1,0,0,1,0.17,0,1,0,0,0,0,8,3,2,6,0,2,5,40.0,3,7,0,7,4,12,14,1,6.0,420,9,85,143,195,24,420,6,3,50.0,3,50.0,207,925,485,14,7,4,13,3,258,46,190000,9880000
Ben Davies,DF,Tottenham,28,29,28,2538.0,28.2,1,1,2,1,0,0,6,0,2.3,2.3,0.5,2.9,0.04,0.04,0.07,0.04,0.08,0.02,0.08,0.10,0.0,0.0,0.0,0.0,0.0,0.0,0.0,0.0,0.0,0.0,0.0,0.0,0.0,0.0,0.0,0.0,0.0,0.0,0.0,0.0,0.0,0.0,0.0,0.0,18,7,38.9,0.64,0.25,0.06,0.14,17.1,1391,1648,84.4,22461,7504,696,757,91.9,602,681,88.4,68,137,49.6,11,112,14,3,137,1567,80,34,1,19,19,46,0,1,30,1.06,30,1.06,28,1,0,1,0,0,3,0.11,2,0,0,1,0,0,36,21,20,12,4,13,26,50.0,13,32,19,13,30,66,75,1,28.2,1888,140,727,906,266,31,1888,11,7,63.6,4,36.4,1211,7055,4295,62,61,0,22,10,1344,60,60000,3120000
Ben Foster,GK,Watford,38,26,26,2340.0,26.0,0,1,1,0,0,0,0,0,0.0,0.0,0.1,0.1,0.00,0.04,0.04,0.00,0.00,0.00,0.00,0.00,1.88,116,67,60.3,4,15.4,37.1,0.29,196,623,31.5,657,76,64.1,44.7,224,90.2,60.7,455,20,4.4,37,1.42,15.9,0,0,,0.00,0.00,,,,428,887,48.3,16732,14440,38,39,97.4,137,148,92.6,253,693,36.5,1,33,1,0,0,552,329,105,0,3,0,0,0,6,8,0.31,8,0.31,8,0,0,0,0,0,1,0.04,1,0,0,0,0,0,0,0,0,0,0,0,3,0.0,3,0,0,0,0,0,9,4,26.0,940,719,925,16,0,0,940,1,1,100.0,0,0.0,450,2800,1448,0,0,0,0,0,338,0,30000,1560000
Ben Gibson,DF,Norwich City,28,28,28,2494.0,27.7,0,0,0,0,0,0,5,1,1.4,1.4,0.2,1.5,0.00,0.00,0.00,0.00,0.05,0.01,0.05,0.05,0.0,0.0,0.0,0.0,0.0,0.0,0.0,0.0,0.0,0.0,0.0,0.0,0.0,0.0,0.0,0.0,0.0,0.0,0.0,0.0,0.0,0.0,0.0,0.0,8,4,50.0,0.29,0.14,0.00,0.00,10.6,1117,1382,80.8,22279,9598,361,400,90.3,627,688,91.1,121,268,45.1,3,74,5,0,68,1319,57,47,0,10,1,9,0,6,14,0.51,14,0.51,13,0,0,1,0,0,1,0.04,1,0,0,0,0,0,23,16,17,6,0,7,12,58.3,5,36,30,6,27,50,139,2,27.7,1640,336,1009,591,46,22,1640,7,5,71.4,2,28.6,966,4380,2686,11,8,0,6,2,1071,0,40000,2080000
Ben Godfrey,DF,Everton,23,23,23,2029.0,22.5,0,0,0,0,0,0,6,0,1.4,1.4,0.8,2.2,0.00,0.00,0.00,0.00,0.06,0.03,0.06,0.10,0.0,0.0,0.0,0.0,0.0,0.0,0.0,0.0,0.0,0.0,0.0,0.0,0.0,0.0,0.0,0.0,0.0,0.0,0.0,0.0,0.0,0.0,0.0,0.0,18,6,33.3,0.80,0.27,0.00,0.00,17.2,611,808,75.6,10370,3667,277,335,82.7,285,354,80.5,36,79,45.6,12,47,13,4,67,705,102,12,0,0,12,90,0,1,32,1.42,32,1.42,25,2,1,2,0,2,2,0.09,1,0,0,1,0,0,47,32,29,14,4,24,39,61.5,15,41,19,22,15,62,100,2,22.5,1080,141,499,443,148,23,1080,12,9,75.0,3,25.0,456,2466,1280,23,24,0,24,4,521,26,76923,4000000
Ben Johnson,DF,West Ham,21,20,16,1397.0,15.5,1,0,1,1,0,0,1,0,0.2,0.2,0.6,0.7,0.06,0.00,0.06,0.06,0.01,0.04,0.01,0.05,0.0,0.0,0.0,0.0,0.0,0.0,0.0,0.0,0.0,0.0,0.0,0.0,0.0,0.0,0.0,0.0,0.0,0.0,0.0,0.0,0.0,0.0,0.0,0.0,5,1,20.0,0.32,0.06,0.20,1.00,21.7,519,763,68.0,9212,3629,252,295,85.4,201,281,71.5,57,139,41.0,9,50,14,12,64,612,149,5,0,14,55,144,0,2,24,1.55,24,1.55,19,2,0,0,2,1,3,0.19,2,1,0,0,0,0,33,16,15,15,3,21,28,75.0,7,16,8,8,22,55,55,0,15.5,952,85,337,410,212,9,952,10,7,70.0,3,30.0,455,2021,922,23,23,1,23,9,510,67,19231,1000000
Ben Mee,DF,Burnley,31,21,21,1839.0,20.4,3,0,3,3,0,0,3,0,2.3,2.3,1.0,3.4,0.15,0.00,0.15,0.15,0.11,0.05,0.11,0.17,0.0,0.0,0.0,0.0,0.0,0.0,0.0,0.0,0.0,0.0,0.0,0.0,0.0,0.0,0.0,0.0,0.0,0.0,0.0,0.0,0.0,0.0,0.0,0.0,19,4,21.1,0.93,0.20,0.16,0.75,8.7,535,763,70.1,11809,4762,175,215,81.4,245,301,81.4,111,218,50.9,5,51,2,1,38,734,26,21,0,17,4,5,0,3,13,0.64,13,0.64,8,0,0,4,1,0,0,0.00,0,0,0,0,0,0,26,12,16,7,3,12,19,63.2,7,28,22,6,24,50,94,1,20.4,980,137,477,463,47,31,980,5,4,80.0,1,20.0,437,1967,957,3,1,0,4,0,446,2,55000,2860000
Ben White,DF,Arsenal,23,32,32,2880.0,32.0,0,0,0,0,0,0,3,0,1.0,1.0,1.3,2.3,0.00,0.00,0.00,0.00,0.03,0.04,0.03,0.07,0.0,0.0,0.0,0.0,0.0,0.0,0.0,0.0,0.0,0.0,0.0,0.0,0.0,0.0,0.0,0.0,0.0,0.0,0.0,0.0,0.0,0.0,0.0,0.0,12,3,25.0,0.37,0.09,0.00,0.00,15.2,1554,1839,84.5,29470,10724,539,610,88.4,857,933,91.9,143,254,56.3,13,148,2,0,124,1770,64,40,5,17,0,24,0,5,33,1.03,33,1.03,25,0,2,4,1,1,4,0.12,2,0,2,0,0,0,44,23,30,8,6,28,45,62.2,17,42,24,18,42,86,102,0,32.0,2145,220,994,1051,114,19,2145,20,10,50.0,10,50.0,1295,6680,4213,38,15,1,18,11,1442,4,120000,6240000
Benjamin Mendy,DF,Manchester City,27,1,1,78.0,0.9,0,0,0,0,0,0,0,0,0.0,0.0,0.1,0.1,0.00,0.00,0.00,0.00,0.00,0.16,0.00,0.16,0.0,0.0,0.0,0.0,0.0,0.0,0.0,0.0,0.0,0.0,0.0,0.0,0.0,0.0,0.0,0.0,0.0,0.0,0.0,0.0,0.0,0.0,0.0,0.0,0,0,,0.00,0.00,,,,80,94,85.1,1225,387,42,46,91.3,33,35,94.3,3,7,42.9,2,9,1,1,9,82,12,4,0,0,9,8,0,0,5,5.77,5,5.77,5,0,0,0,0,0,0,0.00,0,0,0,0,0,0,2,2,1,1,0,2,6,33.3,4,0,0,0,0,2,0,0,0.9,100,0,13,64,23,1,100,3,2,66.7,1,33.3,67,335,253,4,4,0,1,0,73,4,90000,4680000
Bernardo Silva,"MF,FW",Manchester City,26,35,33,2857.0,31.7,8,4,12,8,0,0,6,0,6.7,6.7,6.5,13.2,0.25,0.13,0.38,0.25,0.21,0.21,0.21,0.42,0.0,0.0,0.0,0.0,0.0,0.0,0.0,0.0,0.0,0.0,0.0,0.0,0.0,0.0,0.0,0.0,0.0,0.0,0.0,0.0,0.0,0.0,0.0,0.0,47,19,40.4,1.48,0.60,0.17,0.42,12.6,1728,1977,87.4,24552,4453,1027,1113,92.3,543,614,88.4,73,109,67.0,59,106,42,6,170,1887,87,26,6,5,58,28,16,3,137,4.32,137,4.32,110,2,10,9,6,0,17,0.54,13,1,0,2,1,0,57,29,19,19,19,31,67,46.3,36,24,2,22,20,77,19,0,31.7,2283,36,290,1009,1002,179,2283,92,53,57.6,39,42.4,1552,9305,5010,146,102,34,54,25,1766,277,150000,7800000
Bernd Leno,GK,Arsenal,29,4,4,360.0,4.0,0,0,0,0,0,0,0,0,0.0,0.0,0.0,0.0,0.00,0.00,0.00,0.00,0.00,0.00,0.00,0.00,2.25,19,10,52.6,1,25.0,9.4,0.50,17,53,32.1,77,13,35.1,33.8,37,70.3,50.4,73,6,8.2,1,0.25,7.3,0,0,,0.00,0.00,,,,76,115,66.1,2214,1594,18,18,100.0,28,28,100.0,29,67,43.3,0,0,0,0,0,71,43,6,0,0,0,0,0,1,0,0.00,0,0.00,0,0,0,0,0,0,0,0.00,0,0,0,0,0,0,1,1,1,0,0,1,1,100.0,0,0,0,0,0,1,1,0,4.0,125,100,125,0,0,0,125,0,0,,0,,61,326,179,0,0,0,0,0,49,0,100000,5200000
Bertrand Traoré,"MF,FW",Aston Villa,25,9,1,220.0,2.4,0,0,0,0,0,0,0,0,0.3,0.3,0.0,0.3,0.00,0.00,0.00,0.00,0.13,0.00,0.13,0.13,0.0,0.0,0.0,0.0,0.0,0.0,0.0,0.0,0.0,0.0,0.0,0.0,0.0,0.0,0.0,0.0,0.0,0.0,0.0,0.0,0.0,0.0,0.0,0.0,8,1,12.5,3.27,0.41,0.00,0.00,18.5,61,84,72.6,923,210,34,41,82.9,24,32,75.0,2,5,40.0,0,5,5,0,12,82,2,0,0,0,5,1,0,0,11,4.50,11,4.50,6,0,3,1,1,0,2,0.82,0,0,1,0,1,0,3,3,0,1,2,1,2,50.0,1,0,0,0,0,3,1,0,2.4,125,1,6,58,63,14,125,19,10,52.6,9,47.4,92,768,271,12,4,6,12,2,94,13,77885,4050000
Billy Gilmour,MF,Norwich City,20,24,21,1855.0,20.6,0,1,1,0,0,0,2,0,0.9,0.9,1.4,2.3,0.00,0.05,0.05,0.00,0.04,0.07,0.04,0.11,0.0,0.0,0.0,0.0,0.0,0.0,0.0,0.0,0.0,0.0,0.0,0.0,0.0,0.0,0.0,0.0,0.0,0.0,0.0,0.0,0.0,0.0,0.0,0.0,18,3,16.7,0.87,0.15,0.00,0.00,23.3,991,1243,79.7,18498,5588,456,514,88.7,357,419,85.2,152,258,58.9,25,94,17,3,112,1110,130,41,2,22,98,6,64,3,55,2.67,55,2.67,30,23,0,2,0,0,2,0.10,1,1,0,0,0,0,41,21,16,21,4,14,52,26.9,38,21,4,17,17,58,29,0,20.6,1423,44,359,778,301,5,1423,22,15,68.2,7,31.8,841,4409,1888,30,23,0,29,11,958,17,43269,2250000
Boubakary Soumaré,MF,Leicester City,22,19,12,1102.0,12.2,0,1,1,0,0,0,0,0,0.4,0.4,0.4,0.7,0.00,0.08,0.08,0.00,0.03,0.03,0.03,0.06,0.0,0.0,0.0,0.0,0.0,0.0,0.0,0.0,0.0,0.0,0.0,0.0,0.0,0.0,0.0,0.0,0.0,0.0,0.0,0.0,0.0,0.0,0.0,0.0,6,2,33.3,0.49,0.16,0.00,0.00,18.6,444,542,81.9,6701,1678,241,280,86.1,156,184,84.8,31,46,67.4,6,38,5,1,45,539,2,1,0,5,4,1,0,1,18,1.47,18,1.47,14,0,2,0,1,1,2,0.16,2,0,0,0,0,0,19,13,10,8,1,8,17,47.1,9,13,1,12,14,33,18,0,12.2,664,28,174,396,101,7,664,24,14,58.3,10,41.7,359,1772,585,10,16,1,25,13,475,16,80000,4160000
Brandon Williams,DF,Norwich City,20,26,23,2120.0,23.6,0,1,1,0,0,0,8,0,0.2,0.2,1.9,2.2,0.00,0.04,0.04,0.00,0.01,0.08,0.01,0.09,0.0,0.0,0.0,0.0,0.0,0.0,0.0,0.0,0.0,0.0,0.0,0.0,0.0,0.0,0.0,0.0,0.0,0.0,0.0,0.0,0.0,0.0,0.0,0.0,4,1,25.0,0.17,0.04,0.00,0.00,21.2,899,1130,79.6,14660,5198,454,524,86.6,371,460,80.7,62,106,58.5,21,48,19,3,90,927,197,21,4,7,14,176,0,6,44,1.87,44,1.87,35,1,1,0,5,2,2,0.08,1,0,0,0,0,1,55,37,35,18,2,36,64,56.3,28,26,6,20,44,99,50,0,23.6,1415,110,524,594,318,30,1415,39,20,51.3,19,48.7,784,5226,2711,57,47,9,39,17,781,58,65000,3380000
Bruno Fernandes,MF,Manchester Utd,26,36,35,3111.0,34.6,10,6,16,10,0,2,10,0,9.7,8.1,9.0,17.1,0.29,0.17,0.46,0.29,0.28,0.26,0.23,0.50,0.0,0.0,0.0,0.0,0.0,0.0,0.0,0.0,0.0,0.0,0.0,0.0,0.0,0.0,0.0,0.0,0.0,0.0,0.0,0.0,0.0,0.0,0.0,0.0,87,29,33.3,2.52,0.84,0.11,0.34,21.9,1549,2093,74.0,26517,7848,792,925,85.6,509,636,80.0,195,371,52.6,88,170,81,14,237,1891,180,39,22,29,148,22,68,22,155,4.48,155,4.48,115,19,5,10,5,1,11,0.32,8,0,1,2,0,0,54,28,26,22,6,26,91,28.6,65,36,0,36,17,71,42,2,34.6,2445,64,359,1135,965,100,2443,52,26,50.0,26,50.0,1450,6657,3514,78,65,24,46,40,1799,190,180000,9360000
Bruno Guimarães,MF,Newcastle Utd,23,17,11,1034.0,11.5,5,1,6,5,0,0,4,0,3.1,3.1,1.1,4.2,0.44,0.09,0.52,0.44,0.27,0.10,0.27,0.37,0.0,0.0,0.0,0.0,0.0,0.0,0.0,0.0,0.0,0.0,0.0,0.0,0.0,0.0,0.0,0.0,0.0,0.0,0.0,0.0,0.0,0.0,0.0,0.0,23,12,52.2,2.00,1.04,0.22,0.42,18.0,441,522,84.5,7876,1942,208,231,90.0,156,178,87.6,59,73,80.8,12,41,13,4,54,503,17,12,4,7,12,3,0,2,31,2.70,31,2.70,22,0,1,6,1,1,4,0.35,1,0,0,3,0,0,44,23,18,22,4,21,38,55.3,17,25,6,19,9,53,13,0,11.5,701,31,162,377,176,21,701,40,22,55.0,18,45.0,426,2333,795,18,15,4,24,29,462,15,120000,6240000
Bryan Gil,"FW,MF",Tottenham,20,9,0,94.0,1.0,0,0,0,0,0,0,0,0,0.1,0.1,0.1,0.2,0.00,0.00,0.00,0.00,0.06,0.11,0.06,0.17,0.0,0.0,0.0,0.0,0.0,0.0,0.0,0.0,0.0,0.0,0.0,0.0,0.0,0.0,0.0,0.0,0.0,0.0,0.0,0.0,0.0,0.0,0.0,0.0,1,1,100.0,0.96,0.96,0.00,0.00,15.6,50,64,78.1,660,188,32,36,88.9,11,15,73.3,3,4,75.0,2,0,4,2,7,62,2,0,0,0,6,2,0,0,5,4.79,5,4.79,4,0,0,1,0,0,1,0.96,1,0,0,0,0,0,3,0,1,0,2,1,2,50.0,1,2,0,2,0,3,0,0,1.0,79,2,10,13,56,3,79,6,4,66.7,2,33.3,53,350,220,6,4,0,6,2,60,17,80000,4160000
Bryan Mbeumo,FW,Brentford,21,35,34,2905.0,32.3,4,7,11,3,1,1,4,0,9.3,8.5,3.7,12.2,0.12,0.22,0.34,0.09,0.29,0.11,0.26,0.38,0.0,0.0,0.0,0.0,0.0,0.0,0.0,0.0,0.0,0.0,0.0,0.0,0.0,0.0,0.0,0.0,0.0,0.0,0.0,0.0,0.0,0.0,0.0,0.0,76,19,25.0,2.35,0.59,0.04,0.16,16.3,527,817,64.5,7739,1649,315,409,77.0,149,229,65.1,38,81,46.9,34,33,28,7,56,762,49,20,5,3,75,6,21,6,86,2.66,86,2.66,53,10,10,6,7,0,12,0.37,10,1,0,0,1,0,28,16,1,12,15,6,20,30.0,14,21,6,15,11,39,20,0,32.3,1188,18,126,427,655,137,1187,80,39,48.8,41,51.3,713,4405,2052,81,39,33,87,57,828,273,20000,1040000
Bukayo Saka,"FW,MF",Arsenal,19,38,36,2978.0,33.1,11,7,18,9,2,2,6,0,10.3,8.7,7.5,16.3,0.33,0.21,0.54,0.27,0.31,0.23,0.26,0.49,0.0,0.0,0.0,0.0,0.0,0.0,0.0,0.0,0.0,0.0,0.0,0.0,0.0,0.0,0.0,0.0,0.0,0.0,0.0,0.0,0.0,0.0,0.0,0.0,95,29,30.5,2.87,0.88,0.09,0.31,17.1,893,1196,74.7,13040,2831,527,612,86.1,289,374,77.3,46,106,43.4,68,40,31,6,101,1096,97,16,4,4,110,21,59,3,158,4.78,158,4.78,108,20,9,10,11,0,18,0.54,9,4,0,2,3,0,40,21,12,17,11,13,39,33.3,26,28,2,26,22,62,23,0,33.1,1631,29,175,496,979,214,1629,102,43,42.2,59,57.8,1033,6525,3662,140,78,68,85,48,1182,388,30000,1560000
CJ Egan-Riley,DF,Manchester City,18,1,0,4.0,0.0,0,0,0,0,0,0,0,0,0.0,0.0,0.0,0.0,0.00,0.00,0.00,0.00,0.00,0.00,0.00,0.00,0.0,0.0,0.0,0.0,0.0,0.0,0.0,0.0,0.0,0.0,0.0,0.0,0.0,0.0,0.0,0.0,0.0,0.0,0.0,0.0,0.0,0.0,0.0,0.0,0,0,,0.00,0.00,,,,1,1,100.0,29,27,0,0,,1,1,100.0,0,0,,0,0,0,0,0,1,0,0,0,0,0,0,0,0,0,0.00,0,0.00,0,0,0,0,0,0,0,0.00,0,0,0,0,0,0,1,1,1,0,0,1,1,100.0,0,0,0,0,0,1,0,0,0.0,1,1,1,0,0,0,1,0,0,,0,,0,0,0,0,0,0,0,0,0,0,0.0,0.0
Callum Hudson-Odoi,"MF,FW",Chelsea,20,15,11,962.0,10.7,1,2,3,1,0,0,1,0,2.5,2.5,2.1,4.6,0.09,0.19,0.28,0.09,0.23,0.20,0.23,0.43,0.0,0.0,0.0,0.0,0.0,0.0,0.0,0.0,0.0,0.0,0.0,0.0,0.0,0.0,0.0,0.0,0.0,0.0,0.0,0.0,0.0,0.0,0.0,0.0,18,7,38.9,1.68,0.65,0.06,0.14,13.3,317,399,79.4,4453,981,203,232,87.5,87,109,79.8,15,33,45.5,25,9,18,4,41,380,18,1,0,2,32,12,5,1,55,5.15,55,5.15,41,0,6,3,5,0,6,0.56,2,0,2,0,2,0,14,10,5,6,3,8,23,34.8,15,8,0,8,2,16,6,1,10.7,497,8,37,166,303,56,497,26,16,61.5,10,38.5,344,2593,1577,67,31,30,22,20,400,102,120000,6240000
Callum Wilson,FW,Newcastle Utd,29,18,16,1386.0,15.4,8,0,8,6,2,2,4,0,6.2,4.6,0.5,5.1,0.52,0.00,0.52,0.39,0.40,0.03,0.30,0.33,0.0,0.0,0.0,0.0,0.0,0.0,0.0,0.0,0.0,0.0,0.0,0.0,0.0,0.0,0.0,0.0,0.0,0.0,0.0,0.0,0.0,0.0,0.0,0.0,33,12,36.4,2.14,0.78,0.18,0.50,14.2,107,159,67.3,1319,286,63,84,75.0,26,40,65.0,3,5,60.0,10,6,3,1,9,144,13,0,1,1,3,3,0,2,25,1.62,25,1.62,17,1,1,1,3,2,0,0.00,0,0,0,0,0,0,9,8,1,5,3,1,4,25.0,3,7,2,5,3,12,10,0,15.4,320,12,29,125,169,69,318,21,10,47.6,11,52.4,192,829,309,14,9,15,59,27,243,52,46154,2400000
Calum Chambers,DF,Arsenal,26,2,2,170.0,1.9,0,0,0,0,0,0,0,0,0.1,0.1,0.1,0.2,0.00,0.00,0.00,0.00,0.04,0.05,0.04,0.08,0.0,0.0,0.0,0.0,0.0,0.0,0.0,0.0,0.0,0.0,0.0,0.0,0.0,0.0,0.0,0.0,0.0,0.0,0.0,0.0,0.0,0.0,0.0,0.0,2,0,0.0,1.06,0.00,0.00,,20.4,77,97,79.4,1255,366,45,50,90.0,23,28,82.1,9,15,60.0,1,5,1,1,7,81,15,4,0,0,3,11,0,1,1,0.53,1,0.53,1,0,0,0,0,0,0,0.00,0,0,0,0,0,0,5,3,3,1,1,3,4,75.0,1,6,3,3,0,5,10,0,1.9,123,17,51,56,17,1,123,0,0,,0,,60,164,81,0,1,0,1,1,67,5,50000,2600000
Calum Chambers,DF,Aston Villa,26,11,9,831.0,9.2,1,0,1,1,0,0,1,0,0.2,0.2,0.1,0.3,0.11,0.00,0.11,0.11,0.02,0.01,0.02,0.03,0.0,0.0,0.0,0.0,0.0,0.0,0.0,0.0,0.0,0.0,0.0,0.0,0.0,0.0,0.0,0.0,0.0,0.0,0.0,0.0,0.0,0.0,0.0,0.0,2,0,0.0,1.06,0.00,0.00,,20.4,77,97,79.4,1255,366,45,50,90.0,23,28,82.1,9,15,60.0,1,5,1,1,7,81,15,4,0,0,3,11,0,1,1,0.53,1,0.53,1,0,0,0,0,0,0,0.00,0,0,0,0,0,0,5,3,3,1,1,3,4,75.0,1,6,3,3,0,5,10,0,1.9,123,17,51,56,17,1,123,0,0,,0,,60,164,81,0,1,0,1,1,67,5,50000,2600000
Cameron Archer,"FW,MF",Aston Villa,20,3,0,27.0,0.3,0,0,0,0,0,0,0,0,0.0,0.0,0.0,0.0,0.00,0.00,0.00,0.00,0.15,0.00,0.15,0.15,0.0,0.0,0.0,0.0,0.0,0.0,0.0,0.0,0.0,0.0,0.0,0.0,0.0,0.0,0.0,0.0,0.0,0.0,0.0,0.0,0.0,0.0,0.0,0.0,1,0,0.0,3.33,0.00,0.00,,12.6,4,4,100.0,62,29,3,3,100.0,1,1,100.0,0,0,,0,0,0,0,0,4,0,0,0,0,0,0,0,0,0,0.00,0,0.00,0,0,0,0,0,0,0,0.00,0,0,0,0,0,0,0,0,0,0,0,0,0,,0,0,0,0,0,0,0,0,0.3,11,0,1,3,7,1,11,1,0,0.0,1,100.0,7,44,10,0,1,0,1,2,7,1,0.0,0.0
Caoimhín Kelleher,GK,Liverpool,22,2,2,180.0,2.0,0,0,0,0,0,0,0,0,0.0,0.0,0.0,0.0,0.00,0.00,0.00,0.00,0.00,0.00,0.00,0.00,1.00,8,6,75.0,1,50.0,2.2,0.28,2,10,20.0,78,13,11.5,22.7,13,7.7,23.0,20,0,0.0,3,1.50,17.1,0,0,,0.00,0.00,,,,83,91,91.2,1669,806,21,21,100.0,51,51,100.0,10,18,55.6,0,0,0,0,0,74,17,4,0,0,0,0,0,0,0,0.00,0,0.00,0,0,0,0,0,0,0,0.00,0,0,0,0,0,0,1,1,1,0,0,1,1,100.0,0,0,0,0,0,1,1,0,2.0,95,71,95,0,0,0,95,0,0,,0,,64,205,126,0,0,0,0,0,58,0,5962,310000
Carney Chukwuemeka,"MF,FW",Aston Villa,17,12,2,301.0,3.3,0,1,1,0,0,0,0,0,0.6,0.6,1.0,1.6,0.00,0.30,0.30,0.00,0.19,0.28,0.19,0.47,0.0,0.0,0.0,0.0,0.0,0.0,0.0,0.0,0.0,0.0,0.0,0.0,0.0,0.0,0.0,0.0,0.0,0.0,0.0,0.0,0.0,0.0,0.0,0.0,4,1,25.0,1.20,0.30,0.00,0.00,17.1,98,121,81.0,1261,218,66,74,89.2,26,30,86.7,3,3,100.0,2,5,0,0,7,118,2,1,0,0,0,0,0,1,5,1.49,5,1.49,5,0,0,0,0,0,2,0.59,2,0,0,0,0,0,7,1,2,5,0,3,5,60.0,2,3,0,3,1,8,2,1,3.3,167,3,22,89,58,11,167,10,6,60.0,4,40.0,111,710,323,9,6,5,9,6,123,14,1538,80000
Cenk Tosun,MF,Everton,30,1,0,7.0,0.1,0,0,0,0,0,0,0,0,0.0,0.0,0.0,0.0,0.00,0.00,0.00,0.00,0.00,0.00,0.00,0.00,0.0,0.0,0.0,0.0,0.0,0.0,0.0,0.0,0.0,0.0,0.0,0.0,0.0,0.0,0.0,0.0,0.0,0.0,0.0,0.0,0.0,0.0,0.0,0.0,0,0,,0.00,0.00,,,,1,1,100.0,22,0,0,0,,1,1,100.0,0,0,,0,0,0,0,0,1,0,0,0,0,0,0,0,0,0,0.00,0,0.00,0,0,0,0,0,0,0,0.00,0,0,0,0,0,0,0,0,0,0,0,0,0,,0,0,0,0,0,0,0,0,0.1,3,0,0,3,0,0,3,0,0,,0,,3,2,0,0,0,0,1,0,2,0,60000,3120000
Charlie Cresswell,DF,Leeds United,18,5,1,141.0,1.6,0,0,0,0,0,0,1,0,0.1,0.1,0.0,0.1,0.00,0.00,0.00,0.00,0.05,0.00,0.05,0.05,0.0,0.0,0.0,0.0,0.0,0.0,0.0,0.0,0.0,0.0,0.0,0.0,0.0,0.0,0.0,0.0,0.0,0.0,0.0,0.0,0.0,0.0,0.0,0.0,1,0,0.0,0.64,0.00,0.00,,9.2,75,106,70.8,1560,592,23,29,79.3,43,50,86.0,9,24,37.5,0,3,0,0,4,104,1,1,0,2,1,0,0,1,2,1.28,2,1.28,2,0,0,0,0,0,0,0.00,0,0,0,0,0,0,5,2,1,4,0,3,3,100.0,0,1,1,0,2,7,6,0,1.6,124,11,71,50,3,1,124,0,0,,0,,68,394,271,1,0,0,1,0,77,0,5000,260000
Charlie Goode,DF,Brentford,25,6,4,450.0,5.0,0,0,0,0,0,0,3,0,0.1,0.1,1.0,1.0,0.00,0.00,0.00,0.00,0.01,0.19,0.01,0.20,0.0,0.0,0.0,0.0,0.0,0.0,0.0,0.0,0.0,0.0,0.0,0.0,0.0,0.0,0.0,0.0,0.0,0.0,0.0,0.0,0.0,0.0,0.0,0.0,2,0,0.0,0.40,0.00,0.00,,11.4,195,304,64.1,4380,1512,46,66,69.7,113,154,73.4,36,73,49.3,7,17,2,2,18,229,74,7,0,3,6,67,0,1,12,2.40,12,2.40,2,7,1,1,0,1,0,0.00,0,0,0,0,0,0,7,5,5,2,0,4,4,100.0,0,4,2,2,2,9,8,0,5.0,339,20,114,160,66,10,339,7,5,71.4,2,28.6,145,755,419,5,3,0,3,1,164,9,7500,390000
Charlie Taylor,DF,Burnley,27,31,30,2731.0,30.3,0,3,3,0,0,0,3,0,0.2,0.2,3.8,4.0,0.00,0.10,0.10,0.00,0.01,0.13,0.01,0.13,0.0,0.0,0.0,0.0,0.0,0.0,0.0,0.0,0.0,0.0,0.0,0.0,0.0,0.0,0.0,0.0,0.0,0.0,0.0,0.0,0.0,0.0,0.0,0.0,7,0,0.0,0.23,0.00,0.00,,22.4,968,1375,70.4,16556,7025,497,563,88.3,344,455,75.6,101,262,38.5,21,72,25,19,91,1070,294,14,0,7,104,280,0,11,52,1.71,52,1.71,39,4,2,0,7,0,8,0.26,5,1,1,0,1,0,45,26,31,11,3,26,44,59.1,18,42,20,22,58,103,95,2,30.3,1744,170,591,730,442,13,1744,53,27,50.9,26,49.1,759,5150,2143,58,36,7,31,15,816,77,25000,1300000
Che Adams,FW,Southampton,25,30,23,2039.0,22.7,7,3,10,7,0,0,0,0,7.1,7.1,3.0,10.1,0.31,0.13,0.44,0.31,0.31,0.13,0.31,0.45,0.0,0.0,0.0,0.0,0.0,0.0,0.0,0.0,0.0,0.0,0.0,0.0,0.0,0.0,0.0,0.0,0.0,0.0,0.0,0.0,0.0,0.0,0.0,0.0,49,24,49.0,2.16,1.06,0.14,0.29,13.3,304,472,64.4,4188,1017,188,256,73.4,73,106,68.9,18,34,52.9,26,24,10,0,33,468,2,0,4,5,8,1,0,2,51,2.25,51,2.25,32,0,2,4,11,2,5,0.22,3,0,1,0,0,1,13,6,5,5,3,2,16,12.5,14,18,2,16,8,21,18,0,22.7,712,22,81,293,344,94,712,35,20,57.1,15,42.9,394,1804,651,19,13,13,59,34,537,153,30000,1560000
Cheikhou Kouyaté,MF,Crystal Palace,31,27,23,1974.0,21.9,0,1,1,0,0,0,3,0,0.5,0.5,0.8,1.3,0.00,0.05,0.05,0.00,0.02,0.04,0.02,0.06,0.0,0.0,0.0,0.0,0.0,0.0,0.0,0.0,0.0,0.0,0.0,0.0,0.0,0.0,0.0,0.0,0.0,0.0,0.0,0.0,0.0,0.0,0.0,0.0,7,0,0.0,0.32,0.00,0.00,,21.6,656,804,81.6,10088,2834,338,390,86.7,253,308,82.1,36,58,62.1,5,44,3,1,54,786,18,17,0,0,4,1,0,0,15,0.68,15,0.68,13,0,1,0,0,1,1,0.05,1,0,0,0,0,0,52,38,28,22,2,18,39,46.2,21,40,14,26,38,90,39,0,21.9,1058,72,389,581,100,7,1058,17,13,76.5,4,23.5,477,1839,778,7,7,0,30,11,529,9,65000,3380000
Chem Campbell,MF,Wolves,18,1,0,13.0,0.1,0,0,0,0,0,0,0,0,0.0,0.0,0.0,0.0,0.00,0.00,0.00,0.00,0.00,0.00,0.00,0.00,0.0,0.0,0.0,0.0,0.0,0.0,0.0,0.0,0.0,0.0,0.0,0.0,0.0,0.0,0.0,0.0,0.0,0.0,0.0,0.0,0.0,0.0,0.0,0.0,0,0,,0.00,0.00,,,,9,10,90.0,90,14,8,9,88.9,1,1,100.0,0,0,,0,0,0,0,0,9,1,0,0,0,0,1,0,0,1,6.92,1,6.92,1,0,0,0,0,0,0,0.00,0,0,0,0,0,0,1,1,0,1,0,0,0,,0,0,0,0,0,1,0,0,0.1,11,0,0,3,8,1,11,0,0,,0,,5,30,11,0,0,0,0,0,9,4,0.0,0.0
Chiquinho,"DF,FW",Wolves,21,8,1,208.0,2.3,0,3,3,0,0,0,0,0,0.6,0.6,0.7,1.3,0.00,1.30,1.30,0.00,0.26,0.30,0.26,0.56,0.0,0.0,0.0,0.0,0.0,0.0,0.0,0.0,0.0,0.0,0.0,0.0,0.0,0.0,0.0,0.0,0.0,0.0,0.0,0.0,0.0,0.0,0.0,0.0,5,2,40.0,2.16,0.87,0.00,0.00,9.0,70,108,64.8,1130,423,45,57,78.9,17,27,63.0,7,16,43.8,5,4,4,4,7,100,8,0,0,0,25,8,0,0,10,4.33,10,4.33,6,1,1,0,2,0,3,1.30,3,0,0,0,0,0,9,6,4,5,0,4,5,80.0,1,5,0,5,2,11,1,0,2.3,147,2,23,52,75,16,147,17,10,58.8,7,41.2,92,650,236,10,4,6,9,6,101,35,18269,950000
Chris Wood,FW,Burnley,29,17,17,1367.0,15.2,3,0,3,3,0,0,1,0,4.2,4.2,0.5,4.7,0.20,0.00,0.20,0.20,0.28,0.03,0.28,0.31,0.0,0.0,0.0,0.0,0.0,0.0,0.0,0.0,0.0,0.0,0.0,0.0,0.0,0.0,0.0,0.0,0.0,0.0,0.0,0.0,0.0,0.0,0.0,0.0,30,11,36.7,1.98,0.72,0.10,0.27,12.7,178,310,57.4,2190,520,124,203,61.1,37,63,58.7,4,6,66.7,9,27,4,0,23,307,2,0,0,2,5,0,1,1,21,1.38,21,1.38,17,0,0,2,2,0,2,0.13,2,0,0,0,0,0,7,5,0,3,4,3,10,30.0,7,13,4,9,0,7,3,0,15.2,431,7,19,196,217,46,431,8,4,50.0,4,50.0,172,489,164,5,2,2,40,12,342,69,50000,2600000
Chris Wood,FW,Newcastle Utd,29,17,15,1327.0,14.7,2,0,2,1,1,1,0,0,3.1,2.3,1.1,3.4,0.14,0.00,0.14,0.07,0.21,0.07,0.16,0.23,0.0,0.0,0.0,0.0,0.0,0.0,0.0,0.0,0.0,0.0,0.0,0.0,0.0,0.0,0.0,0.0,0.0,0.0,0.0,0.0,0.0,0.0,0.0,0.0,30,11,36.7,1.98,0.72,0.10,0.27,12.7,178,310,57.4,2190,520,124,203,61.1,37,63,58.7,4,6,66.7,9,27,4,0,23,307,2,0,0,2,5,0,1,1,21,1.38,21,1.38,17,0,0,2,2,0,2,0.13,2,0,0,0,0,0,7,5,0,3,4,3,10,30.0,7,13,4,9,0,7,3,0,15.2,431,7,19,196,217,46,431,8,4,50.0,4,50.0,172,489,164,5,2,2,40,12,342,69,50000,2600000
Christian Benteke,FW,Crystal Palace,30,25,11,1145.0,12.7,4,1,5,4,0,0,3,0,4.9,4.9,1.3,6.2,0.31,0.08,0.39,0.31,0.38,0.10,0.38,0.49,0.0,0.0,0.0,0.0,0.0,0.0,0.0,0.0,0.0,0.0,0.0,0.0,0.0,0.0,0.0,0.0,0.0,0.0,0.0,0.0,0.0,0.0,0.0,0.0,39,13,33.3,3.07,1.02,0.10,0.31,12.5,196,305,64.3,2718,483,116,159,73.0,54,89,60.7,10,15,66.7,13,12,10,0,24,279,23,1,2,1,0,4,0,3,23,1.81,23,1.81,19,0,1,1,2,0,2,0.16,1,0,0,0,1,0,3,2,1,2,0,2,6,33.3,4,7,3,4,2,5,33,0,12.7,450,38,61,196,197,72,450,13,9,69.2,4,30.8,203,947,391,15,8,9,39,17,345,79,120000,6240000
Christian Eriksen,MF,Brentford,29,11,10,939.0,10.4,1,4,5,1,0,0,1,0,1.3,1.3,3.5,4.8,0.10,0.38,0.48,0.10,0.12,0.34,0.12,0.46,0.0,0.0,0.0,0.0,0.0,0.0,0.0,0.0,0.0,0.0,0.0,0.0,0.0,0.0,0.0,0.0,0.0,0.0,0.0,0.0,0.0,0.0,0.0,0.0,22,8,36.4,2.11,0.77,0.05,0.13,24.6,478,639,74.8,9842,3756,193,210,91.9,171,215,79.5,102,179,57.0,30,84,17,7,82,524,111,43,4,8,86,5,54,4,57,5.46,57,5.46,26,27,1,1,1,1,7,0.67,2,5,0,0,0,0,13,6,4,5,4,8,17,47.1,9,9,1,8,9,22,14,0,10.4,740,18,137,374,238,12,740,16,8,50.0,8,50.0,409,1889,1044,21,16,3,18,9,475,22,23462,1220000
Christian Kabasele,DF,Watford,30,16,12,1193.0,13.3,0,0,0,0,0,0,0,0,0.9,0.9,0.2,1.0,0.00,0.00,0.00,0.00,0.07,0.01,0.07,0.08,0.0,0.0,0.0,0.0,0.0,0.0,0.0,0.0,0.0,0.0,0.0,0.0,0.0,0.0,0.0,0.0,0.0,0.0,0.0,0.0,0.0,0.0,0.0,0.0,7,0,0.0,0.53,0.00,0.00,,10.3,373,474,78.7,7689,2857,94,112,83.9,236,268,88.1,41,85,48.2,2,19,1,1,21,465,9,5,0,2,1,4,0,0,4,0.30,4,0.30,3,0,0,1,0,0,0,0.00,0,0,0,0,0,0,11,5,10,1,0,7,10,70.0,3,20,16,4,14,25,67,1,13.3,615,102,376,224,17,11,615,3,1,33.3,2,66.7,300,1255,555,5,0,0,7,1,336,1,30000,1560000
Christian Nørgaard,MF,Brentford,27,35,35,3054.0,33.9,3,4,7,3,0,0,8,0,3.8,3.8,3.3,7.1,0.09,0.12,0.21,0.09,0.11,0.10,0.11,0.21,0.0,0.0,0.0,0.0,0.0,0.0,0.0,0.0,0.0,0.0,0.0,0.0,0.0,0.0,0.0,0.0,0.0,0.0,0.0,0.0,0.0,0.0,0.0,0.0,27,8,29.6,0.80,0.24,0.11,0.38,14.1,1337,1685,79.3,21669,6947,667,789,84.5,543,651,83.4,87,145,60.0,29,149,24,3,169,1590,91,35,6,9,13,3,0,4,58,1.71,58,1.71,50,0,2,3,2,1,6,0.18,6,0,0,0,0,0,109,60,42,58,9,52,101,51.5,49,48,9,39,64,173,58,1,33.9,2079,109,571,1219,308,59,2079,27,18,66.7,9,33.3,879,3316,1627,17,22,3,26,26,1104,31,20000,1040000
Christian Pulisic,"MF,FW",Chelsea,22,22,13,1290.0,14.3,6,2,8,6,0,0,2,0,4.9,4.9,1.3,6.2,0.42,0.14,0.56,0.42,0.34,0.09,0.34,0.43,0.0,0.0,0.0,0.0,0.0,0.0,0.0,0.0,0.0,0.0,0.0,0.0,0.0,0.0,0.0,0.0,0.0,0.0,0.0,0.0,0.0,0.0,0.0,0.0,28,11,39.3,1.95,0.77,0.21,0.55,13.2,362,464,78.0,4638,921,240,279,86.0,100,121,82.6,7,13,53.8,15,19,6,0,38,445,17,0,2,0,14,11,0,2,36,2.51,36,2.51,24,0,1,4,6,1,5,0.35,4,0,0,1,0,0,10,7,6,3,1,3,17,17.6,14,12,0,12,5,15,10,0,14.3,664,7,73,258,346,69,664,57,25,43.9,32,56.1,439,2805,1233,44,31,18,50,25,511,108,150000,7800000
Christoph Zimmermann,DF,Norwich City,28,3,2,157.0,1.7,0,0,0,0,0,0,0,0,0.0,0.0,0.0,0.0,0.00,0.00,0.00,0.00,0.03,0.00,0.03,0.03,0.0,0.0,0.0,0.0,0.0,0.0,0.0,0.0,0.0,0.0,0.0,0.0,0.0,0.0,0.0,0.0,0.0,0.0,0.0,0.0,0.0,0.0,0.0,0.0,2,1,50.0,1.15,0.57,0.00,0.00,21.6,46,63,73.0,817,404,15,19,78.9,23,27,85.2,5,12,41.7,0,3,1,0,4,60,3,3,0,0,0,0,0,0,1,0.57,1,0.57,0,0,1,0,0,0,0,0.00,0,0,0,0,0,0,6,3,5,1,0,3,4,75.0,1,0,0,0,1,7,4,0,1.7,77,10,39,35,3,1,77,1,1,100.0,0,0.0,47,336,165,1,0,0,0,0,46,0,19423,1010000
Christos Tzolis,"FW,MF",Norwich City,19,14,3,336.0,3.7,0,0,0,0,0,0,0,0,0.4,0.4,0.7,1.1,0.00,0.00,0.00,0.00,0.12,0.18,0.12,0.30,0.0,0.0,0.0,0.0,0.0,0.0,0.0,0.0,0.0,0.0,0.0,0.0,0.0,0.0,0.0,0.0,0.0,0.0,0.0,0.0,0.0,0.0,0.0,0.0,6,2,33.3,1.61,0.54,0.00,0.00,18.5,75,104,72.1,1152,287,41,51,80.4,26,31,83.9,5,15,33.3,8,1,3,0,13,102,2,0,0,2,7,1,1,0,12,3.22,12,3.22,12,0,0,0,0,0,0,0.00,0,0,0,0,0,0,5,3,3,1,1,2,9,22.2,7,3,0,3,1,6,1,0,3.7,140,4,25,43,73,18,140,2,0,0.0,2,100.0,90,426,213,8,7,4,10,4,100,31,30000,1560000
Ciaran Clark,DF,Newcastle Utd,31,13,12,1014.0,11.3,0,1,1,0,0,0,2,1,1.1,1.1,0.3,1.4,0.00,0.09,0.09,0.00,0.10,0.03,0.10,0.12,0.0,0.0,0.0,0.0,0.0,0.0,0.0,0.0,0.0,0.0,0.0,0.0,0.0,0.0,0.0,0.0,0.0,0.0,0.0,0.0,0.0,0.0,0.0,0.0,7,1,14.3,0.62,0.09,0.00,0.00,7.8,290,370,78.4,5127,1772,110,126,87.3,152,181,84.0,20,41,48.8,4,15,1,1,17,360,7,5,0,0,1,2,0,3,8,0.71,8,0.71,7,0,0,1,0,0,1,0.09,1,0,0,0,0,0,13,10,4,7,2,9,14,64.3,5,14,11,3,13,26,43,1,11.3,464,73,258,175,33,22,464,5,4,80.0,1,20.0,231,807,361,2,3,0,3,2,259,6,35000,1820000
Cody Drameh,"DF,MF",Leeds United,19,3,1,128.0,1.4,0,0,0,0,0,0,1,0,0.0,0.0,0.0,0.0,0.00,0.00,0.00,0.00,0.00,0.02,0.00,0.02,0.0,0.0,0.0,0.0,0.0,0.0,0.0,0.0,0.0,0.0,0.0,0.0,0.0,0.0,0.0,0.0,0.0,0.0,0.0,0.0,0.0,0.0,0.0,0.0,0,0,,0.00,0.00,,,,62,82,75.6,826,362,29,38,76.3,24,26,92.3,2,4,50.0,1,4,2,1,6,55,27,2,0,0,2,25,0,0,2,1.41,2,1.41,2,0,0,0,0,0,0,0.00,0,0,0,0,0,0,4,2,3,1,0,1,3,33.3,2,0,0,0,1,5,4,0,1.4,101,4,40,42,19,2,101,4,2,50.0,2,50.0,37,216,78,3,2,0,5,0,45,3,0.0,0.0
Cole Palmer,"FW,MF",Manchester City,19,4,1,123.0,1.4,0,0,0,0,0,0,0,0,0.4,0.4,0.2,0.6,0.00,0.00,0.00,0.00,0.31,0.16,0.31,0.47,0.0,0.0,0.0,0.0,0.0,0.0,0.0,0.0,0.0,0.0,0.0,0.0,0.0,0.0,0.0,0.0,0.0,0.0,0.0,0.0,0.0,0.0,0.0,0.0,4,1,25.0,2.93,0.73,0.00,0.00,21.6,46,54,85.2,561,109,32,33,97.0,9,12,75.0,3,5,60.0,2,2,3,0,3,54,0,0,1,0,3,0,0,0,7,5.12,7,5.12,4,0,0,2,1,0,1,0.73,0,0,0,1,0,0,2,1,1,1,0,0,2,0.0,2,3,0,3,1,3,0,0,1.4,76,0,1,28,48,10,76,2,1,50.0,1,50.0,45,190,80,3,2,2,7,3,62,15,13462,700000
Connor Roberts,DF,Burnley,25,21,19,1692.0,18.8,1,1,2,1,0,0,2,0,0.4,0.4,1.2,1.6,0.05,0.05,0.11,0.05,0.02,0.07,0.02,0.09,0.0,0.0,0.0,0.0,0.0,0.0,0.0,0.0,0.0,0.0,0.0,0.0,0.0,0.0,0.0,0.0,0.0,0.0,0.0,0.0,0.0,0.0,0.0,0.0,6,4,66.7,0.32,0.21,0.17,0.25,21.7,579,863,67.1,9841,4321,271,314,86.3,232,355,65.4,55,138,39.9,13,46,17,5,61,664,197,9,1,4,29,186,2,2,29,1.54,29,1.54,24,1,0,1,2,1,1,0.05,1,0,0,0,0,0,20,13,10,7,3,10,15,66.7,5,25,5,20,22,42,62,1,18.8,1045,76,297,482,274,18,1045,12,6,50.0,6,50.0,443,2347,1324,23,20,4,10,6,502,44,35000,1820000
Conor Coady,DF,Wolves,28,38,38,3361.0,37.3,4,0,4,4,0,0,4,0,2.8,2.8,0.1,2.8,0.11,0.00,0.11,0.11,0.07,0.00,0.07,0.08,0.0,0.0,0.0,0.0,0.0,0.0,0.0,0.0,0.0,0.0,0.0,0.0,0.0,0.0,0.0,0.0,0.0,0.0,0.0,0.0,0.0,0.0,0.0,0.0,12,4,33.3,0.32,0.11,0.33,1.00,12.5,1514,1692,89.5,33155,12540,322,348,92.5,927,977,94.9,257,343,74.9,3,51,3,0,35,1654,35,35,2,2,2,0,0,3,8,0.21,8,0.21,8,0,0,0,0,0,0,0.00,0,0,0,0,0,0,31,14,23,7,1,16,28,57.1,12,46,40,6,28,59,140,0,37.3,1971,419,1300,649,31,19,1971,1,1,100.0,0,0.0,1144,5288,2626,6,3,1,6,1,1373,3,16538,860000
Conor Gallagher,MF,Crystal Palace,21,34,33,2845.0,31.6,8,3,11,8,0,0,10,0,6.3,6.3,3.1,9.4,0.25,0.09,0.35,0.25,0.20,0.10,0.20,0.30,0.0,0.0,0.0,0.0,0.0,0.0,0.0,0.0,0.0,0.0,0.0,0.0,0.0,0.0,0.0,0.0,0.0,0.0,0.0,0.0,0.0,0.0,0.0,0.0,52,22,42.3,1.64,0.70,0.15,0.36,17.5,890,1188,74.9,14543,3809,443,517,85.7,305,386,79.0,88,173,50.9,38,86,20,9,94,1030,151,70,2,8,128,4,62,7,91,2.88,91,2.88,48,24,3,8,7,1,10,0.32,7,0,2,0,1,0,69,38,35,20,14,21,69,30.4,48,58,9,49,29,98,26,0,31.6,1578,45,285,737,579,80,1578,75,42,56.0,33,44.0,829,3922,1514,42,23,12,62,50,933,118,15000,780000
Craig Cathcart,DF,Watford,32,31,27,2396.0,26.6,0,1,1,0,0,0,3,0,0.2,0.2,1.2,1.4,0.00,0.04,0.04,0.00,0.01,0.05,0.01,0.05,0.0,0.0,0.0,0.0,0.0,0.0,0.0,0.0,0.0,0.0,0.0,0.0,0.0,0.0,0.0,0.0,0.0,0.0,0.0,0.0,0.0,0.0,0.0,0.0,3,0,0.0,0.11,0.00,0.00,,10.2,767,953,80.5,16030,5348,231,276,83.7,418,476,87.8,112,184,60.9,3,48,4,1,52,896,55,11,0,13,4,44,0,2,6,0.23,6,0.23,6,0,0,0,0,0,0,0.00,0,0,0,0,0,0,32,15,25,6,1,16,30,53.3,14,39,29,10,28,60,132,3,26.6,1209,204,662,497,55,11,1209,1,0,0.0,1,100.0,554,2073,917,6,6,0,6,2,636,0,23462,1220000
Craig Dawson,DF,West Ham,31,34,30,2754.0,30.6,2,2,4,2,0,0,5,1,3.0,3.0,1.0,4.0,0.07,0.07,0.13,0.07,0.10,0.03,0.10,0.13,0.0,0.0,0.0,0.0,0.0,0.0,0.0,0.0,0.0,0.0,0.0,0.0,0.0,0.0,0.0,0.0,0.0,0.0,0.0,0.0,0.0,0.0,0.0,0.0,25,5,20.0,0.82,0.16,0.08,0.40,8.5,1035,1285,80.5,21842,7575,328,360,91.1,539,603,89.4,161,292,55.1,4,85,0,0,54,1254,26,21,0,13,1,3,0,5,18,0.59,18,0.59,12,0,1,5,0,0,5,0.16,3,0,0,2,0,0,29,17,20,8,1,14,25,56.0,11,59,52,7,29,58,139,0,30.6,1606,273,844,691,73,45,1606,4,4,100.0,0,0.0,892,3899,2085,4,4,0,10,5,970,3,42500,2210000
Cristian Romero,DF,Tottenham,23,22,21,1844.0,20.5,1,0,1,1,0,0,8,0,0.5,0.5,0.3,0.7,0.05,0.00,0.05,0.05,0.02,0.01,0.02,0.04,0.0,0.0,0.0,0.0,0.0,0.0,0.0,0.0,0.0,0.0,0.0,0.0,0.0,0.0,0.0,0.0,0.0,0.0,0.0,0.0,0.0,0.0,0.0,0.0,6,2,33.3,0.29,0.10,0.17,0.50,13.9,1149,1325,86.7,20261,7099,473,517,91.5,551,590,93.4,93,159,58.5,6,57,7,0,65,1281,43,35,2,13,0,8,0,1,19,0.93,19,0.93,16,1,0,0,1,1,2,0.10,1,0,0,0,0,1,62,39,39,21,2,22,34,64.7,12,46,21,25,33,95,74,1,20.5,1581,231,811,688,100,22,1581,14,9,64.3,5,35.7,997,5247,3167,23,22,1,14,5,1044,9,165000,8580000
Cristiano Ronaldo,FW,Manchester Utd,36,30,27,2456.0,27.3,18,3,21,15,3,3,8,0,17.7,15.4,2.9,18.2,0.66,0.11,0.77,0.55,0.65,0.11,0.56,0.67,0.0,0.0,0.0,0.0,0.0,0.0,0.0,0.0,0.0,0.0,0.0,0.0,0.0,0.0,0.0,0.0,0.0,0.0,0.0,0.0,0.0,0.0,0.0,0.0,107,39,36.4,3.92,1.43,0.14,0.38,15.5,726,904,80.3,8929,1337,469,541,86.7,174,218,79.8,20,29,69.0,26,46,16,0,64,866,35,3,2,3,15,7,0,3,82,3.00,82,3.00,62,0,9,6,5,0,9,0.33,4,0,2,1,2,0,8,6,1,5,2,2,6,33.3,4,8,0,8,2,10,29,0,27.3,1168,30,102,500,573,170,1165,32,20,62.5,12,37.5,631,3252,1744,67,40,37,50,30,952,192,515385,26800000
Crysencio Summerville,"MF,FW",Leeds United,19,6,0,130.0,1.4,0,0,0,0,0,0,0,0,0.2,0.2,0.0,0.3,0.00,0.00,0.00,0.00,0.17,0.03,0.17,0.19,0.0,0.0,0.0,0.0,0.0,0.0,0.0,0.0,0.0,0.0,0.0,0.0,0.0,0.0,0.0,0.0,0.0,0.0,0.0,0.0,0.0,0.0,0.0,0.0,2,0,0.0,1.38,0.00,0.00,,12.7,51,70,72.9,638,142,32,37,86.5,14,21,66.7,1,3,33.3,2,2,4,0,7,69,1,0,0,0,3,1,0,0,3,2.08,3,2.08,3,0,0,0,0,0,0,0.00,0,0,0,0,0,0,5,3,1,1,3,2,3,66.7,1,2,0,2,2,7,0,0,1.4,93,1,16,26,51,9,93,7,4,57.1,3,42.9,56,309,159,5,0,0,4,2,62,16,7500,390000
Cucho,"FW,MF",Watford,22,25,11,1147.0,12.7,5,2,7,5,0,0,3,0,2.5,2.5,1.9,4.3,0.39,0.16,0.55,0.39,0.19,0.15,0.19,0.34,0.0,0.0,0.0,0.0,0.0,0.0,0.0,0.0,0.0,0.0,0.0,0.0,0.0,0.0,0.0,0.0,0.0,0.0,0.0,0.0,0.0,0.0,0.0,0.0,34,10,29.4,2.67,0.78,0.15,0.50,19.0,239,394,60.7,3852,1368,126,172,73.3,68,106,64.2,31,66,47.0,20,21,15,6,39,359,35,7,1,5,52,5,16,0,44,3.45,44,3.45,26,5,6,6,1,0,5,0.39,3,1,0,1,0,0,13,5,5,5,3,5,27,18.5,22,13,1,12,5,18,9,0,12.7,545,19,78,196,277,39,545,39,18,46.2,21,53.8,308,1647,797,22,19,5,23,14,352,85,16731,870000
Curtis Jones,MF,Liverpool,20,15,10,851.0,9.5,1,1,2,1,0,0,0,0,0.9,0.9,0.6,1.5,0.11,0.11,0.21,0.11,0.10,0.07,0.10,0.16,0.0,0.0,0.0,0.0,0.0,0.0,0.0,0.0,0.0,0.0,0.0,0.0,0.0,0.0,0.0,0.0,0.0,0.0,0.0,0.0,0.0,0.0,0.0,0.0,20,7,35.0,2.12,0.74,0.05,0.14,23.2,538,599,89.8,8198,1811,289,305,94.8,204,219,93.2,31,44,70.5,11,53,10,1,58,582,16,5,1,3,6,5,4,1,28,2.96,28,2.96,17,1,2,3,3,2,3,0.32,2,0,0,1,0,0,11,9,3,6,2,1,10,10.0,9,4,0,4,6,17,4,0,9.5,685,8,85,380,226,17,685,33,25,75.8,8,24.2,476,2572,1152,25,18,3,17,18,565,54,7500,390000
Cédric Soares,DF,Arsenal,29,21,16,1486.0,16.5,1,1,2,1,0,0,3,0,0.6,0.6,1.6,2.1,0.06,0.06,0.12,0.06,0.03,0.09,0.03,0.13,0.0,0.0,0.0,0.0,0.0,0.0,0.0,0.0,0.0,0.0,0.0,0.0,0.0,0.0,0.0,0.0,0.0,0.0,0.0,0.0,0.0,0.0,0.0,0.0,12,1,8.3,0.73,0.06,0.08,1.00,22.1,873,1112,78.5,14331,4550,442,490,90.2,353,421,83.8,59,149,39.6,18,86,22,16,84,917,190,26,1,9,100,133,31,5,37,2.24,37,2.24,27,9,0,1,0,0,3,0.18,2,1,0,0,0,0,38,26,23,9,6,16,25,64.0,9,18,7,11,16,54,31,1,16.5,1252,52,320,568,376,13,1252,12,8,66.7,4,33.3,677,2841,1224,17,22,1,15,11,769,56,75000,3900000
César Azpilicueta,DF,Chelsea,31,27,24,2070.0,23.0,1,2,3,1,0,0,3,0,0.9,0.9,1.8,2.6,0.04,0.09,0.13,0.04,0.04,0.08,0.04,0.11,0.0,0.0,0.0,0.0,0.0,0.0,0.0,0.0,0.0,0.0,0.0,0.0,0.0,0.0,0.0,0.0,0.0,0.0,0.0,0.0,0.0,0.0,0.0,0.0,11,4,36.4,0.48,0.17,0.09,0.25,14.7,1486,1787,83.2,22185,8377,809,904,89.5,565,643,87.9,65,139,46.8,17,104,19,2,138,1627,153,25,1,0,47,128,0,7,48,2.09,48,2.09,43,0,2,3,0,0,8,0.35,6,0,1,1,0,0,51,28,18,27,6,16,35,45.7,19,32,9,23,23,74,65,1,23.0,2017,112,616,932,480,53,2017,19,15,78.9,4,21.1,1098,4607,2789,49,33,7,21,10,1420,132,150000,7800000
Dale Stephens,MF,Burnley,32,3,1,124.0,1.4,0,0,0,0,0,0,1,0,0.0,0.0,0.0,0.1,0.00,0.00,0.00,0.00,0.02,0.02,0.02,0.04,0.0,0.0,0.0,0.0,0.0,0.0,0.0,0.0,0.0,0.0,0.0,0.0,0.0,0.0,0.0,0.0,0.0,0.0,0.0,0.0,0.0,0.0,0.0,0.0,1,0,0.0,0.73,0.00,0.00,,22.8,46,57,80.7,812,228,20,27,74.1,17,20,85.0,7,7,100.0,1,4,2,0,5,57,0,0,0,1,0,0,0,0,1,0.73,1,0.73,1,0,0,0,0,0,0,0.00,0,0,0,0,0,0,4,1,0,3,1,3,8,37.5,5,4,1,3,1,5,1,0,1.4,71,3,10,54,7,0,71,0,0,,0,,25,102,26,0,1,0,2,0,35,1,37500,1950000
Dan Burn,DF,Newcastle Utd,29,16,16,1440.0,16.0,0,1,1,0,0,0,4,0,0.7,0.7,0.4,1.1,0.00,0.06,0.06,0.00,0.04,0.03,0.04,0.07,0.0,0.0,0.0,0.0,0.0,0.0,0.0,0.0,0.0,0.0,0.0,0.0,0.0,0.0,0.0,0.0,0.0,0.0,0.0,0.0,0.0,0.0,0.0,0.0,11,1,9.1,0.69,0.06,0.00,0.00,10.3,459,587,78.2,8701,2825,154,186,82.8,263,304,86.5,35,82,42.7,4,32,0,0,31,582,5,2,0,4,0,3,0,0,6,0.37,6,0.37,6,0,0,0,0,0,1,0.06,1,0,0,0,0,0,16,11,11,4,1,7,11,63.6,4,22,14,8,20,36,101,0,16.0,782,129,417,326,42,22,782,0,0,,0,,340,1761,738,6,3,1,4,3,384,2,19231,1000000
Dan Burn,DF,Brighton,29,13,12,1022.0,11.4,1,0,1,1,0,0,4,0,1.6,1.5,0.5,2.0,0.09,0.00,0.09,0.09,0.14,0.04,0.13,0.17,0.0,0.0,0.0,0.0,0.0,0.0,0.0,0.0,0.0,0.0,0.0,0.0,0.0,0.0,0.0,0.0,0.0,0.0,0.0,0.0,0.0,0.0,0.0,0.0,11,1,9.1,0.69,0.06,0.00,0.00,10.3,459,587,78.2,8701,2825,154,186,82.8,263,304,86.5,35,82,42.7,4,32,0,0,31,582,5,2,0,4,0,3,0,0,6,0.37,6,0.37,6,0,0,0,0,0,1,0.06,1,0,0,0,0,0,16,11,11,4,1,7,11,63.6,4,22,14,8,20,36,101,0,16.0,782,129,417,326,42,22,782,0,0,,0,,340,1761,738,6,3,1,4,3,384,2,19231,1000000
Dan Gosling,MF,Watford,31,4,2,166.0,1.8,1,0,1,1,0,0,0,0,0.2,0.2,0.0,0.3,0.54,0.00,0.54,0.54,0.12,0.02,0.12,0.14,0.0,0.0,0.0,0.0,0.0,0.0,0.0,0.0,0.0,0.0,0.0,0.0,0.0,0.0,0.0,0.0,0.0,0.0,0.0,0.0,0.0,0.0,0.0,0.0,2,1,50.0,1.08,0.54,0.50,1.00,16.6,55,65,84.6,836,216,31,33,93.9,19,22,86.4,4,6,66.7,1,4,0,0,4,64,0,0,0,1,1,0,0,1,2,1.08,2,1.08,1,0,0,0,1,0,0,0.00,0,0,0,0,0,0,2,1,1,1,0,2,6,33.3,4,2,0,2,0,2,3,0,1.8,83,9,29,38,18,4,83,2,2,100.0,0,0.0,45,262,102,2,1,1,2,1,50,5,35000,1820000
Dane Scarlett,MF,Tottenham,17,1,0,4.0,0.0,0,0,0,0,0,0,0,0,0.0,0.0,0.0,0.0,0.00,0.00,0.00,0.00,0.00,0.00,0.00,0.00,0.0,0.0,0.0,0.0,0.0,0.0,0.0,0.0,0.0,0.0,0.0,0.0,0.0,0.0,0.0,0.0,0.0,0.0,0.0,0.0,0.0,0.0,0.0,0.0,0,0,,0.00,0.00,,,,1,1,100.0,9,0,1,1,100.0,0,0,,0,0,,0,0,0,0,0,1,0,0,0,0,0,0,0,0,0,0.00,0,0.00,0,0,0,0,0,0,0,0.00,0,0,0,0,0,0,0,0,0,0,0,0,0,,0,0,0,0,0,0,0,0,0.0,1,0,0,1,0,0,1,1,1,100.0,0,0.0,1,12,4,0,0,0,0,0,1,0,0.0,0.0
Daniel Amartey,DF,Leicester City,26,28,23,2123.0,23.6,0,0,0,0,0,0,4,0,0.0,0.0,0.2,0.2,0.00,0.00,0.00,0.00,0.00,0.01,0.00,0.01,0.0,0.0,0.0,0.0,0.0,0.0,0.0,0.0,0.0,0.0,0.0,0.0,0.0,0.0,0.0,0.0,0.0,0.0,0.0,0.0,0.0,0.0,0.0,0.0,2,1,50.0,0.08,0.04,0.00,0.00,34.1,1399,1546,90.5,25246,8400,508,550,92.4,769,810,94.9,103,140,73.6,4,71,1,0,62,1516,28,19,0,2,0,9,0,2,18,0.76,18,0.76,18,0,0,0,0,0,1,0.04,1,0,0,0,0,0,26,13,19,7,0,19,29,65.5,10,30,22,8,21,47,93,4,23.6,1752,246,872,832,52,6,1752,7,6,85.7,1,14.3,1133,5040,2786,14,12,1,7,1,1278,0,20962,1090000
Daniel Bachmann,GK,Watford,27,12,12,1080.0,12.0,0,0,0,0,0,0,0,0,0.0,0.0,0.0,0.0,0.00,0.00,0.00,0.00,0.00,0.00,0.00,0.00,2.33,72,46,65.3,0,0.0,23.2,0.30,71,207,34.3,275,47,53.8,40.9,87,67.8,47.8,187,7,3.7,12,1.00,16.1,0,0,,0.00,0.00,,,,216,364,59.3,7080,5483,19,19,100.0,104,109,95.4,93,234,39.7,0,9,0,0,0,237,125,38,0,0,0,0,0,2,0,0.00,0,0.00,0,0,0,0,0,0,0,0.00,0,0,0,0,0,0,0,0,0,0,0,0,0,,0,0,0,0,1,1,5,0,12.0,401,325,399,2,0,0,401,1,1,100.0,0,0.0,214,1241,835,0,0,0,0,0,148,0,3269,170000
Daniel Chesters,MF,West Ham,19,1,0,1.0,0.0,0,0,0,0,0,0,0,0,0.0,0.0,0.0,0.0,0.00,0.00,0.00,0.00,0.00,0.00,0.00,0.00,0.0,0.0,0.0,0.0,0.0,0.0,0.0,0.0,0.0,0.0,0.0,0.0,0.0,0.0,0.0,0.0,0.0,0.0,0.0,0.0,0.0,0.0,0.0,0.0,0,0,,0.00,0.00,,,,0,0,,0,0,0,0,,0,0,,0,0,,0,0,0,0,0,0,0,0,0,0,0,0,0,0,0,0.00,0,0.00,0,0,0,0,0,0,0,0.00,0,0,0,0,0,0,0,0,0,0,0,0,0,,0,0,0,0,0,0,0,0,0.0,0,0,0,0,0,0,0,0,0,,0,,0,0,0,0,0,0,0,0,0,0,0.0,0.0
Daniel James,FW,Manchester Utd,23,2,2,126.0,1.4,0,0,0,0,0,0,0,0,0.2,0.2,0.3,0.6,0.00,0.00,0.00,0.00,0.18,0.24,0.18,0.42,0.0,0.0,0.0,0.0,0.0,0.0,0.0,0.0,0.0,0.0,0.0,0.0,0.0,0.0,0.0,0.0,0.0,0.0,0.0,0.0,0.0,0.0,0.0,0.0,4,1,25.0,2.86,0.71,0.00,0.00,15.7,20,34,58.8,193,40,15,19,78.9,2,5,40.0,0,1,0.0,2,1,0,0,3,34,0,0,0,0,5,0,0,0,3,2.14,3,2.14,2,0,0,1,0,0,0,0.00,0,0,0,0,0,0,2,1,0,2,0,0,0,,0,2,0,2,0,2,1,0,1.4,52,1,2,20,30,8,52,1,0,0.0,1,100.0,26,214,97,5,2,1,4,3,34,16,50000,2600000
Daniel James,"FW,MF",Leeds United,23,32,29,2366.0,26.3,4,4,8,4,0,0,7,1,6.1,6.1,2.9,8.9,0.15,0.15,0.30,0.15,0.23,0.11,0.23,0.34,0.0,0.0,0.0,0.0,0.0,0.0,0.0,0.0,0.0,0.0,0.0,0.0,0.0,0.0,0.0,0.0,0.0,0.0,0.0,0.0,0.0,0.0,0.0,0.0,4,1,25.0,2.86,0.71,0.00,0.00,15.7,20,34,58.8,193,40,15,19,78.9,2,5,40.0,0,1,0.0,2,1,0,0,3,34,0,0,0,0,5,0,0,0,3,2.14,3,2.14,2,0,0,1,0,0,0,0.00,0,0,0,0,0,0,2,1,0,2,0,0,0,,0,2,0,2,0,2,1,0,1.4,52,1,2,20,30,8,52,1,0,0.0,1,100.0,26,214,97,5,2,1,4,3,34,16,50000,2600000
Daniel Podence,"FW,MF",Wolves,25,26,15,1484.0,16.5,2,3,5,2,0,0,2,0,2.0,2.0,3.9,5.9,0.12,0.18,0.30,0.12,0.12,0.23,0.12,0.36,0.0,0.0,0.0,0.0,0.0,0.0,0.0,0.0,0.0,0.0,0.0,0.0,0.0,0.0,0.0,0.0,0.0,0.0,0.0,0.0,0.0,0.0,0.0,0.0,35,15,42.9,2.12,0.91,0.06,0.13,22.0,449,637,70.5,6967,2148,248,302,82.1,121,184,65.8,49,78,62.8,36,32,36,10,75,598,38,3,8,9,50,10,18,1,66,4.00,66,4.00,50,0,3,7,4,2,5,0.30,3,0,0,1,0,1,18,11,10,5,3,4,17,23.5,13,8,1,7,10,28,1,0,16.5,813,1,85,342,398,52,813,66,35,53.0,31,47.0,542,3651,1803,63,47,21,35,34,625,102,60000,3120000
Danny Ings,FW,Aston Villa,29,30,22,1898.0,21.1,7,6,13,6,1,1,4,0,7.1,6.3,1.6,8.0,0.33,0.28,0.62,0.28,0.34,0.08,0.30,0.38,0.0,0.0,0.0,0.0,0.0,0.0,0.0,0.0,0.0,0.0,0.0,0.0,0.0,0.0,0.0,0.0,0.0,0.0,0.0,0.0,0.0,0.0,0.0,0.0,48,17,35.4,2.28,0.81,0.13,0.35,13.6,251,378,66.4,3233,781,147,189,77.8,60,90,66.7,13,28,46.4,15,19,13,0,39,354,21,1,3,6,13,1,0,3,32,1.52,32,1.52,25,0,2,4,1,0,9,0.43,9,0,0,0,0,0,23,16,2,16,5,13,37,35.1,24,31,2,29,6,29,22,0,21.1,617,21,63,246,314,112,616,31,10,32.3,21,67.7,321,1568,625,24,15,8,50,21,394,117,120000,6240000
Danny Rose,DF,Watford,31,8,7,689.0,7.7,0,0,0,0,0,0,4,0,0.2,0.2,0.8,1.0,0.00,0.00,0.00,0.00,0.03,0.10,0.03,0.13,0.0,0.0,0.0,0.0,0.0,0.0,0.0,0.0,0.0,0.0,0.0,0.0,0.0,0.0,0.0,0.0,0.0,0.0,0.0,0.0,0.0,0.0,0.0,0.0,4,1,25.0,0.52,0.13,0.00,0.00,20.6,227,340,66.8,4251,2344,104,118,88.1,90,128,70.3,29,71,40.8,5,29,7,1,33,225,113,18,4,5,24,87,8,2,15,1.96,15,1.96,11,3,0,0,1,0,1,0.13,0,1,0,0,0,0,16,10,11,4,1,10,24,41.7,14,8,5,3,14,30,11,1,7.7,409,30,138,178,98,3,409,15,9,60.0,6,40.0,175,900,414,12,8,1,10,1,174,19,60000,3120000
Danny Ward,GK,Leicester City,28,1,1,90.0,1.0,0,0,0,0,0,0,0,0,0.0,0.0,0.0,0.0,0.00,0.00,0.00,0.00,0.00,0.00,0.00,0.00,1.00,5,4,80.0,0,0.0,1.4,0.28,2,5,40.0,26,8,19.2,25.8,7,0.0,19.3,18,1,5.6,1,1.00,10.7,0,0,,0.00,0.00,,,,30,33,90.9,646,380,6,6,100.0,20,20,100.0,4,7,57.1,0,0,0,0,0,25,8,1,0,0,0,0,0,0,0,0.00,0,0.00,0,0,0,0,0,0,0,0.00,0,0,0,0,0,0,0,0,0,0,0,0,0,,0,0,0,0,0,0,1,0,1.0,37,33,37,0,0,0,37,0,0,,0,,24,82,56,0,0,0,0,0,17,0,20000,1040000
Danny Welbeck,"FW,MF",Brighton,30,25,15,1478.0,16.4,6,2,8,6,0,0,0,0,6.6,6.6,1.2,7.8,0.37,0.12,0.49,0.37,0.40,0.08,0.40,0.47,0.0,0.0,0.0,0.0,0.0,0.0,0.0,0.0,0.0,0.0,0.0,0.0,0.0,0.0,0.0,0.0,0.0,0.0,0.0,0.0,0.0,0.0,0.0,0.0,43,21,48.8,2.62,1.28,0.14,0.29,12.8,213,277,76.9,2412,411,144,173,83.2,43,56,76.8,4,6,66.7,18,10,9,0,23,274,2,0,0,0,1,2,0,1,38,2.32,38,2.32,28,0,0,5,5,0,3,0.18,1,0,0,1,1,0,14,7,2,8,4,3,10,30.0,7,18,2,16,5,19,18,0,16.4,471,20,34,146,293,71,471,21,10,47.6,11,52.4,277,1341,514,22,12,8,51,22,358,105,55000,2860000
David Raya,GK,Brentford,25,24,24,2160.0,24.0,0,0,0,0,0,0,1,0,0.0,0.0,0.0,0.0,0.00,0.00,0.00,0.00,0.00,0.00,0.00,0.00,1.13,103,76,77.7,8,33.3,26.2,0.22,225,527,42.7,876,118,44.4,36.2,202,68.3,49.9,402,27,6.7,35,1.46,15.8,0,0,,0.00,0.00,,,,737,1085,67.9,22782,17533,137,138,99.3,302,310,97.4,296,625,47.4,1,45,0,0,3,798,280,78,0,3,0,0,0,7,7,0.29,7,0.29,6,1,0,0,0,0,1,0.04,1,0,0,0,0,0,0,0,0,0,0,0,0,,0,1,0,1,0,0,10,1,24.0,1139,874,1106,33,0,0,1139,0,0,,0,,691,3813,2250,0,0,0,2,0,576,0,25000,1300000
David de Gea,GK,Manchester Utd,30,38,38,3420.0,38.0,0,0,0,0,0,0,0,0,0.0,0.0,0.0,0.0,0.00,0.00,0.00,0.00,0.00,0.00,0.00,0.00,1.50,180,124,70.0,8,21.1,55.1,0.29,103,315,32.7,623,134,30.0,30.9,299,42.8,35.9,525,8,1.5,25,0.66,14.0,0,0,,0.00,0.00,,,,677,924,73.3,16463,11234,176,178,98.9,332,343,96.8,166,397,41.8,0,5,0,0,0,564,358,59,0,3,0,0,0,2,3,0.08,3,0.08,3,0,0,0,0,0,0,0.00,0,0,0,0,0,0,0,0,0,0,0,0,0,,0,0,0,0,0,0,11,2,38.0,1020,928,1019,1,0,0,1020,0,0,,0,,466,2450,1468,0,0,0,0,0,371,0,375000,19500000
Davinson Sánchez,DF,Tottenham,25,23,17,1631.0,18.1,2,0,2,2,0,0,4,0,2.1,2.1,0.3,2.4,0.11,0.00,0.11,0.11,0.11,0.02,0.11,0.13,0.0,0.0,0.0,0.0,0.0,0.0,0.0,0.0,0.0,0.0,0.0,0.0,0.0,0.0,0.0,0.0,0.0,0.0,0.0,0.0,0.0,0.0,0.0,0.0,13,3,23.1,0.72,0.17,0.15,0.67,9.6,994,1133,87.7,17192,5242,398,433,91.9,515,546,94.3,59,111,53.2,5,70,6,1,65,1108,24,20,1,6,2,4,0,1,20,1.10,20,1.10,19,0,0,1,0,0,1,0.06,1,0,0,0,0,0,41,22,25,14,2,19,28,67.9,9,24,16,8,30,71,54,3,18.1,1317,128,558,666,99,22,1317,6,4,66.7,2,33.3,853,4246,2257,21,26,0,9,2,914,8,65000,3380000
Declan Rice,MF,West Ham,22,36,35,3179.0,35.3,1,4,5,1,0,0,8,0,1.1,1.1,1.7,2.8,0.03,0.11,0.14,0.03,0.03,0.05,0.03,0.08,0.0,0.0,0.0,0.0,0.0,0.0,0.0,0.0,0.0,0.0,0.0,0.0,0.0,0.0,0.0,0.0,0.0,0.0,0.0,0.0,0.0,0.0,0.0,0.0,26,8,30.8,0.74,0.23,0.04,0.13,22.8,1986,2197,90.4,35788,9260,848,903,93.9,887,938,94.6,203,258,78.7,24,256,26,4,256,2169,21,14,1,31,30,7,0,7,78,2.21,78,2.21,67,0,5,3,0,3,9,0.25,9,0,0,0,0,0,80,42,45,32,3,38,71,53.5,33,45,21,24,63,143,52,1,35.3,2548,127,638,1548,400,51,2548,72,50,69.4,22,30.6,1640,11377,5857,104,99,16,26,20,1777,44,3077,160000
Dejan Kulusevski,"MF,FW",Tottenham,21,18,14,1261.0,14.0,5,8,13,5,0,0,3,0,2.7,2.7,3.4,6.2,0.36,0.57,0.93,0.36,0.20,0.25,0.20,0.44,0.0,0.0,0.0,0.0,0.0,0.0,0.0,0.0,0.0,0.0,0.0,0.0,0.0,0.0,0.0,0.0,0.0,0.0,0.0,0.0,0.0,0.0,0.0,0.0,26,9,34.6,1.86,0.64,0.19,0.56,16.9,404,486,83.1,5431,1144,259,287,90.2,107,127,84.3,17,24,70.8,25,15,24,5,35,455,30,3,7,0,25,4,1,1,51,3.64,51,3.64,39,0,5,6,1,0,13,0.93,11,0,1,1,0,0,19,13,7,10,2,5,23,21.7,18,14,0,14,13,32,3,0,14.0,643,4,97,258,297,67,643,44,25,56.8,19,43.2,399,2594,1264,51,27,24,38,18,449,100,110000,5720000
Dele Alli,MF,Tottenham,25,10,8,657.0,7.3,1,0,1,0,1,1,1,0,1.6,0.8,0.3,1.1,0.14,0.00,0.14,0.00,0.22,0.04,0.11,0.15,0.0,0.0,0.0,0.0,0.0,0.0,0.0,0.0,0.0,0.0,0.0,0.0,0.0,0.0,0.0,0.0,0.0,0.0,0.0,0.0,0.0,0.0,0.0,0.0,3,2,66.7,0.41,0.27,0.00,0.00,21.4,177,228,77.6,2353,563,105,124,84.7,45,53,84.9,10,20,50.0,2,14,4,1,18,210,17,4,1,1,5,4,0,1,7,0.96,7,0.96,4,0,0,0,3,0,1,0.14,0,0,0,0,1,0,14,8,10,3,1,5,17,29.4,12,22,5,17,6,20,16,0,7.3,339,24,74,188,82,14,338,27,12,44.4,15,55.6,184,923,358,8,8,0,13,19,203,22,100000,5200000
Dele Alli,"MF,FW",Everton,25,11,1,338.0,3.8,0,0,0,0,0,0,3,0,0.1,0.1,0.4,0.5,0.00,0.00,0.00,0.00,0.03,0.09,0.03,0.12,0.0,0.0,0.0,0.0,0.0,0.0,0.0,0.0,0.0,0.0,0.0,0.0,0.0,0.0,0.0,0.0,0.0,0.0,0.0,0.0,0.0,0.0,0.0,0.0,3,2,66.7,0.41,0.27,0.00,0.00,21.4,177,228,77.6,2353,563,105,124,84.7,45,53,84.9,10,20,50.0,2,14,4,1,18,210,17,4,1,1,5,4,0,1,7,0.96,7,0.96,4,0,0,0,3,0,1,0.14,0,0,0,0,1,0,14,8,10,3,1,5,17,29.4,12,22,5,17,6,20,16,0,7.3,339,24,74,188,82,14,338,27,12,44.4,15,55.6,184,923,358,8,8,0,13,19,203,22,100000,5200000
Demarai Gray,"MF,FW",Everton,25,34,28,2338.0,26.0,5,4,9,5,0,0,3,0,4.0,4.0,3.6,7.6,0.19,0.15,0.35,0.19,0.15,0.14,0.15,0.29,0.0,0.0,0.0,0.0,0.0,0.0,0.0,0.0,0.0,0.0,0.0,0.0,0.0,0.0,0.0,0.0,0.0,0.0,0.0,0.0,0.0,0.0,0.0,0.0,65,17,26.2,2.50,0.65,0.08,0.29,20.5,555,769,72.2,9290,2076,277,315,87.9,182,246,74.0,65,129,50.4,41,23,23,7,59,662,106,31,3,5,129,6,56,1,88,3.39,88,3.39,50,15,11,7,5,0,5,0.19,3,1,0,1,0,0,30,19,13,10,7,10,22,45.5,12,30,2,28,15,45,21,1,26.0,1093,18,117,377,624,87,1093,106,55,51.9,50,47.2,655,5185,2405,93,59,38,70,36,717,169,40000,2080000
Diego Llorente,DF,Leeds United,27,28,28,2340.0,26.0,3,0,3,3,0,0,7,0,1.0,1.0,0.1,1.0,0.12,0.00,0.12,0.12,0.04,0.00,0.04,0.04,0.0,0.0,0.0,0.0,0.0,0.0,0.0,0.0,0.0,0.0,0.0,0.0,0.0,0.0,0.0,0.0,0.0,0.0,0.0,0.0,0.0,0.0,0.0,0.0,10,3,30.0,0.38,0.12,0.30,1.00,10.6,1115,1373,81.2,21989,7473,335,389,86.1,648,712,91.0,118,225,52.4,2,68,3,0,97,1329,41,30,1,16,2,11,0,3,9,0.35,9,0.35,7,0,0,0,1,1,0,0.00,0,0,0,0,0,0,53,31,32,19,2,33,47,70.2,14,35,17,18,40,93,77,2,26.0,1654,193,897,720,49,11,1654,13,8,61.5,5,38.5,980,6495,4314,20,2,1,20,3,1015,1,22000,1144000
Dimitris Giannoulis,DF,Norwich City,25,18,14,1169.0,13.0,0,1,1,0,0,0,2,0,0.1,0.1,0.6,0.7,0.00,0.08,0.08,0.00,0.01,0.05,0.01,0.06,0.0,0.0,0.0,0.0,0.0,0.0,0.0,0.0,0.0,0.0,0.0,0.0,0.0,0.0,0.0,0.0,0.0,0.0,0.0,0.0,0.0,0.0,0.0,0.0,2,1,50.0,0.15,0.08,0.00,0.00,16.2,530,714,74.2,7839,2988,320,367,87.2,189,253,74.7,16,62,25.8,9,24,14,2,40,585,127,8,0,3,44,115,4,2,22,1.69,22,1.69,18,1,1,0,2,0,2,0.15,2,0,0,0,0,0,36,21,17,17,2,24,36,66.7,12,22,6,16,19,55,41,1,13.0,894,68,339,395,173,10,894,46,29,63.0,17,37.0,479,2788,1726,33,16,4,24,11,484,58,7500,390000
Diogo Dalot,DF,Manchester Utd,22,24,19,1801.0,20.0,0,0,0,0,0,0,4,0,0.6,0.6,1.2,1.7,0.00,0.00,0.00,0.00,0.03,0.06,0.03,0.09,0.0,0.0,0.0,0.0,0.0,0.0,0.0,0.0,0.0,0.0,0.0,0.0,0.0,0.0,0.0,0.0,0.0,0.0,0.0,0.0,0.0,0.0,0.0,0.0,13,4,30.8,0.65,0.20,0.00,0.00,21.0,934,1193,78.3,17062,6008,407,477,85.3,396,490,80.8,117,181,64.6,16,80,21,7,105,1001,189,16,2,9,58,171,2,3,42,2.10,42,2.10,37,1,3,0,1,0,5,0.25,5,0,0,0,0,0,55,41,35,12,8,31,57,54.4,26,24,13,11,29,84,59,0,20.0,1422,86,450,649,337,27,1422,25,17,68.0,8,32.0,734,3825,2193,53,29,13,25,8,826,75,25000,1300000
Diogo Jota,FW,Liverpool,24,35,27,2364.0,26.3,15,4,19,15,0,0,3,0,16.3,16.3,5.8,22.0,0.57,0.15,0.72,0.57,0.62,0.22,0.62,0.84,0.0,0.0,0.0,0.0,0.0,0.0,0.0,0.0,0.0,0.0,0.0,0.0,0.0,0.0,0.0,0.0,0.0,0.0,0.0,0.0,0.0,0.0,0.0,0.0,90,32,35.6,3.43,1.22,0.17,0.47,12.3,559,770,72.6,7799,1928,324,397,81.6,183,231,79.2,22,46,47.8,40,46,26,2,87,765,0,0,10,1,21,0,0,5,98,3.73,98,3.73,63,0,12,9,13,1,13,0.49,7,0,2,2,2,0,39,18,12,18,9,13,55,23.6,42,19,2,17,6,45,6,0,26.3,1097,13,87,434,596,182,1097,69,27,39.1,42,60.9,649,3861,2029,74,52,34,63,33,844,191,90000,4680000
Divock Origi,FW,Liverpool,26,7,0,133.0,1.5,3,0,3,3,0,0,0,0,1.5,1.5,0.0,1.5,2.03,0.00,2.03,2.03,1.02,0.00,1.02,1.02,0.0,0.0,0.0,0.0,0.0,0.0,0.0,0.0,0.0,0.0,0.0,0.0,0.0,0.0,0.0,0.0,0.0,0.0,0.0,0.0,0.0,0.0,0.0,0.0,10,5,50.0,6.77,3.38,0.30,0.60,14.9,28,37,75.7,297,47,18,23,78.3,3,5,60.0,1,1,100.0,0,0,1,0,2,37,0,0,0,1,0,0,0,0,3,2.03,3,2.03,1,0,0,2,0,0,2,1.35,1,0,0,1,0,0,0,0,0,0,0,0,2,0.0,2,1,0,1,1,1,2,0,1.5,64,2,6,13,45,15,64,3,1,33.3,2,66.7,38,174,52,3,1,1,8,3,50,9,60000,3120000
Dominic Calvert-Lewin,FW,Everton,24,17,15,1283.0,14.3,5,2,7,3,2,3,2,0,6.5,4.2,1.6,5.7,0.35,0.14,0.49,0.21,0.46,0.11,0.29,0.40,0.0,0.0,0.0,0.0,0.0,0.0,0.0,0.0,0.0,0.0,0.0,0.0,0.0,0.0,0.0,0.0,0.0,0.0,0.0,0.0,0.0,0.0,0.0,0.0,30,11,36.7,2.10,0.77,0.10,0.27,13.8,167,280,59.6,1807,408,111,169,65.7,31,51,60.8,3,4,75.0,10,10,4,0,17,276,3,0,0,0,2,0,0,1,30,2.10,30,2.10,22,0,2,1,4,1,4,0.28,3,0,0,0,1,0,11,8,1,6,4,3,8,37.5,5,5,2,3,3,14,12,0,14.3,448,15,41,194,213,52,445,11,2,18.2,9,81.8,194,879,217,9,3,2,50,13,328,50,20000,1040000
Dominic Thompson,DF,Brentford,21,2,2,146.0,1.6,0,0,0,0,0,0,0,0,0.1,0.1,0.0,0.1,0.00,0.00,0.00,0.00,0.04,0.00,0.04,0.04,0.0,0.0,0.0,0.0,0.0,0.0,0.0,0.0,0.0,0.0,0.0,0.0,0.0,0.0,0.0,0.0,0.0,0.0,0.0,0.0,0.0,0.0,0.0,0.0,1,0,0.0,0.62,0.00,0.00,,14.7,21,41,51.2,297,81,13,18,72.2,8,13,61.5,0,8,0.0,0,0,0,0,0,38,2,1,0,0,2,1,0,1,1,0.62,1,0.62,0,1,0,0,0,0,0,0.00,0,0,0,0,0,0,1,0,1,0,0,0,1,0.0,1,2,2,0,2,3,3,0,1.6,57,8,31,15,12,2,57,2,0,0.0,2,100.0,25,96,37,0,0,0,2,0,29,3,3462,180000
Donny van de Beek,MF,Manchester Utd,24,8,0,75.0,0.8,1,0,1,1,0,0,0,0,0.5,0.5,0.4,0.9,1.20,0.00,1.20,1.20,0.57,0.47,0.57,1.04,0.0,0.0,0.0,0.0,0.0,0.0,0.0,0.0,0.0,0.0,0.0,0.0,0.0,0.0,0.0,0.0,0.0,0.0,0.0,0.0,0.0,0.0,0.0,0.0,2,1,50.0,2.40,1.20,0.50,1.00,9.0,26,34,76.5,348,170,18,21,85.7,5,6,83.3,1,1,100.0,3,2,3,0,4,33,0,0,1,0,0,0,0,1,6,7.20,6,7.20,5,0,1,0,0,0,1,1.20,1,0,0,0,0,0,6,4,4,1,1,1,2,50.0,1,5,1,4,2,8,1,0,0.8,56,2,22,19,17,3,56,5,1,20.0,4,80.0,25,116,27,0,1,0,3,3,31,4,120000,6240000
Donny van de Beek,MF,Everton,24,7,5,483.0,5.4,1,0,1,1,0,0,1,0,1.1,1.1,0.1,1.1,0.19,0.00,0.19,0.19,0.20,0.01,0.20,0.21,0.0,0.0,0.0,0.0,0.0,0.0,0.0,0.0,0.0,0.0,0.0,0.0,0.0,0.0,0.0,0.0,0.0,0.0,0.0,0.0,0.0,0.0,0.0,0.0,2,1,50.0,2.40,1.20,0.50,1.00,9.0,26,34,76.5,348,170,18,21,85.7,5,6,83.3,1,1,100.0,3,2,3,0,4,33,0,0,1,0,0,0,0,1,6,7.20,6,7.20,5,0,1,0,0,0,1,1.20,1,0,0,0,0,0,6,4,4,1,1,1,2,50.0,1,5,1,4,2,8,1,0,0.8,56,2,22,19,17,3,56,5,1,20.0,4,80.0,25,116,27,0,1,0,3,3,31,4,120000,6240000
Douglas Luiz,MF,Aston Villa,23,34,31,2715.0,30.2,2,3,5,2,0,0,7,0,2.0,2.0,2.5,4.4,0.07,0.10,0.17,0.07,0.07,0.08,0.07,0.15,0.0,0.0,0.0,0.0,0.0,0.0,0.0,0.0,0.0,0.0,0.0,0.0,0.0,0.0,0.0,0.0,0.0,0.0,0.0,0.0,0.0,0.0,0.0,0.0,23,8,34.8,0.76,0.27,0.09,0.25,25.3,1290,1550,83.2,21991,7065,567,644,88.0,559,629,88.9,121,210,57.6,37,107,19,2,105,1346,200,130,7,3,83,11,57,4,89,2.95,89,2.95,60,21,1,2,5,0,9,0.30,6,2,0,1,0,0,59,39,30,24,5,21,72,29.2,51,30,7,23,34,93,28,1,30.2,1823,84,459,1060,319,8,1823,43,24,55.8,19,44.2,1006,5053,2345,28,16,1,50,17,1116,44,32692,1700000
Dwight Gayle,"FW,DF",Newcastle Utd,30,8,0,38.0,0.4,0,0,0,0,0,0,1,0,0.6,0.6,0.3,0.9,0.00,0.00,0.00,0.00,1.31,0.71,1.31,2.02,0.0,0.0,0.0,0.0,0.0,0.0,0.0,0.0,0.0,0.0,0.0,0.0,0.0,0.0,0.0,0.0,0.0,0.0,0.0,0.0,0.0,0.0,0.0,0.0,2,0,0.0,4.74,0.00,0.00,,7.3,13,16,81.3,104,12,11,12,91.7,0,1,0.0,0,0,,2,1,0,0,0,16,0,0,0,0,0,0,0,0,3,7.11,3,7.11,3,0,0,0,0,0,0,0.00,0,0,0,0,0,0,1,0,0,1,0,0,1,0.0,1,0,0,0,1,2,0,0,0.4,22,0,0,10,12,3,22,0,0,,0,,8,34,26,0,1,0,1,0,17,4,60000,3120000
Dwight McNeil,MF,Burnley,21,38,35,3107.0,34.5,0,1,1,0,0,0,1,0,2.3,2.3,4.6,6.9,0.00,0.03,0.03,0.00,0.07,0.13,0.07,0.20,0.0,0.0,0.0,0.0,0.0,0.0,0.0,0.0,0.0,0.0,0.0,0.0,0.0,0.0,0.0,0.0,0.0,0.0,0.0,0.0,0.0,0.0,0.0,0.0,52,15,28.8,1.51,0.43,0.00,0.00,22.8,782,1154,67.8,14022,4010,377,434,86.9,265,358,74.0,112,245,45.7,47,67,43,21,104,1042,106,46,9,15,199,10,48,6,112,3.24,112,3.24,62,22,11,7,7,3,6,0.17,4,2,0,0,0,0,78,49,27,38,13,33,73,45.2,40,64,11,53,35,113,31,1,34.5,1620,46,280,731,668,57,1620,150,90,60.0,60,40.0,933,6787,2598,93,81,16,79,51,942,112,5000,260000
Eberechi Eze,"MF,FW",Crystal Palace,23,13,6,605.0,6.7,1,1,2,1,0,0,1,0,0.4,0.4,0.9,1.3,0.15,0.15,0.30,0.15,0.07,0.13,0.07,0.20,0.0,0.0,0.0,0.0,0.0,0.0,0.0,0.0,0.0,0.0,0.0,0.0,0.0,0.0,0.0,0.0,0.0,0.0,0.0,0.0,0.0,0.0,0.0,0.0,10,1,10.0,1.49,0.15,0.10,1.00,20.8,234,304,77.0,3880,972,124,145,85.5,82,101,81.2,25,41,61.0,11,22,7,2,33,268,33,12,1,3,27,1,16,3,24,3.57,24,3.57,12,8,1,1,1,1,2,0.30,1,1,0,0,0,0,10,6,5,2,3,6,11,54.5,5,4,1,3,5,15,1,0,6.7,376,4,48,190,143,11,376,23,14,60.9,9,39.1,222,1381,662,20,16,3,20,10,262,38,30000,1560000
Eddie Nketiah,FW,Arsenal,22,21,8,835.0,9.3,5,1,6,5,0,0,3,0,4.4,4.4,2.0,6.4,0.54,0.11,0.65,0.54,0.47,0.22,0.47,0.69,0.0,0.0,0.0,0.0,0.0,0.0,0.0,0.0,0.0,0.0,0.0,0.0,0.0,0.0,0.0,0.0,0.0,0.0,0.0,0.0,0.0,0.0,0.0,0.0,29,13,44.8,3.13,1.40,0.17,0.38,14.6,175,230,76.1,2484,379,96,115,83.5,66,78,84.6,5,8,62.5,13,7,4,0,21,227,2,0,1,0,4,1,0,1,26,2.81,26,2.81,17,0,5,3,1,0,2,0.22,1,0,0,1,0,0,9,4,1,4,4,1,4,25.0,3,9,2,7,4,13,5,0,9.3,358,8,35,137,188,61,358,30,14,46.7,16,53.3,210,1478,708,27,20,11,26,11,271,66,45000,2340000
Ederson,GK,Manchester City,27,37,37,3330.0,37.0,0,0,0,0,0,0,3,0,0.0,0.0,0.0,0.0,0.00,0.00,0.00,0.00,0.00,0.00,0.00,0.00,0.70,83,57,69.9,20,54.1,25.7,0.30,87,182,47.8,988,165,15.7,25.7,138,19.6,26.8,300,21,7.0,55,1.49,19.0,0,0,,0.00,0.00,,,,1016,1128,90.1,22789,14725,280,280,100.0,519,523,99.2,212,316,67.1,0,7,1,0,3,951,175,36,1,2,0,1,0,2,2,0.05,2,0.05,2,0,0,0,0,0,1,0.03,1,0,0,0,0,0,2,1,2,0,0,0,2,0.0,2,0,0,0,0,2,12,0,37.0,1169,906,1159,10,0,0,1169,0,0,,0,,795,3425,2214,0,0,0,0,0,714,0,65000,3380000
Edinson Cavani,FW,Manchester Utd,34,15,7,766.0,8.5,2,1,3,2,0,0,0,0,3.4,3.4,1.2,4.7,0.23,0.12,0.35,0.23,0.40,0.14,0.40,0.55,0.0,0.0,0.0,0.0,0.0,0.0,0.0,0.0,0.0,0.0,0.0,0.0,0.0,0.0,0.0,0.0,0.0,0.0,0.0,0.0,0.0,0.0,0.0,0.0,18,6,33.3,2.11,0.70,0.11,0.33,12.6,176,233,75.5,2277,238,105,129,81.4,43,59,72.9,7,11,63.6,7,4,2,0,9,224,9,2,0,5,2,1,0,0,11,1.29,11,1.29,8,0,0,2,1,0,2,0.23,1,0,0,1,0,0,4,1,0,3,1,2,8,25.0,6,6,0,6,2,6,8,0,8.5,298,12,54,131,114,30,298,5,4,80.0,1,20.0,144,358,111,2,5,2,12,4,217,32,250000,13000000
Edo Kayembe,MF,Watford,23,13,9,799.0,8.9,0,0,0,0,0,0,0,0,0.1,0.1,0.3,0.5,0.00,0.00,0.00,0.00,0.02,0.04,0.02,0.05,0.0,0.0,0.0,0.0,0.0,0.0,0.0,0.0,0.0,0.0,0.0,0.0,0.0,0.0,0.0,0.0,0.0,0.0,0.0,0.0,0.0,0.0,0.0,0.0,6,0,0.0,0.68,0.00,0.00,,29.8,374,442,84.6,6881,1938,159,176,90.3,166,187,88.8,43,59,72.9,6,42,1,0,47,432,10,6,2,7,8,1,3,0,16,1.80,16,1.80,13,1,0,1,1,0,0,0.00,0,0,0,0,0,0,21,13,11,9,1,8,16,50.0,8,6,1,5,9,30,13,0,8.9,531,26,162,311,62,1,531,17,12,70.6,5,29.4,303,1625,716,9,6,0,10,11,326,8,14808,770000
Edouard Mendy,GK,Chelsea,29,34,34,3060.0,34.0,0,0,0,0,0,0,3,0,0.0,0.0,0.0,0.0,0.00,0.00,0.00,0.00,0.00,0.00,0.00,0.00,0.91,102,72,75.5,14,41.2,28.4,0.22,83,193,43.0,779,154,18.9,25.3,177,26.0,24.9,375,28,7.5,46,1.35,14.9,0,0,,0.00,0.00,,,,811,957,84.7,17070,11353,282,284,99.3,333,344,96.8,157,288,54.5,0,5,0,0,0,733,223,46,0,3,0,0,0,1,1,0.03,1,0.03,1,0,0,0,0,0,0,0.00,0,0,0,0,0,0,1,0,1,0,0,1,3,33.3,2,0,0,0,0,1,13,4,34.0,1017,880,1012,5,0,0,1017,0,0,,0,,580,2341,1233,0,0,0,2,0,527,0,51923,2700000
Ellis Simms,FW,Everton,20,1,1,61.0,0.7,0,0,0,0,0,0,0,0,0.0,0.0,0.0,0.0,0.00,0.00,0.00,0.00,0.00,0.00,0.00,0.00,0.0,0.0,0.0,0.0,0.0,0.0,0.0,0.0,0.0,0.0,0.0,0.0,0.0,0.0,0.0,0.0,0.0,0.0,0.0,0.0,0.0,0.0,0.0,0.0,0,0,,0.00,0.00,,,,7,12,58.3,66,19,5,9,55.6,1,1,100.0,0,0,,0,0,0,0,0,12,0,0,0,0,0,0,0,0,1,1.48,1,1.48,1,0,0,0,0,0,0,0.00,0,0,0,0,0,0,0,0,0,0,0,0,0,,0,1,1,0,0,0,1,0,0.7,18,2,3,10,5,0,18,0,0,,0,,3,9,3,0,0,0,1,1,13,2,0.0,0.0
Emerson,"DF,MF",Tottenham,22,31,26,2286.0,25.4,1,1,2,1,0,0,5,0,1.5,1.5,2.2,3.6,0.04,0.04,0.08,0.04,0.06,0.09,0.06,0.14,0.0,0.0,0.0,0.0,0.0,0.0,0.0,0.0,0.0,0.0,0.0,0.0,0.0,0.0,0.0,0.0,0.0,0.0,0.0,0.0,0.0,0.0,0.0,0.0,15,4,26.7,0.59,0.16,0.07,0.25,14.6,1170,1450,80.7,16330,4045,686,762,90.0,368,459,80.2,52,94,55.3,28,32,28,14,68,1194,254,16,1,2,74,238,0,2,50,1.97,50,1.97,42,0,4,2,2,0,4,0.16,4,0,0,0,0,0,72,47,50,16,6,36,67,53.7,31,25,2,23,22,94,92,1,25.4,1765,98,579,666,530,56,1765,34,17,50.0,17,50.0,911,4344,2277,68,28,8,27,18,1019,175,41731,2170000
Emerson Palmieri,DF,Chelsea,26,1,0,5.0,0.1,0,0,0,0,0,0,0,0,0.0,0.0,0.0,0.0,0.00,0.00,0.00,0.00,0.00,0.00,0.00,0.00,0.0,0.0,0.0,0.0,0.0,0.0,0.0,0.0,0.0,0.0,0.0,0.0,0.0,0.0,0.0,0.0,0.0,0.0,0.0,0.0,0.0,0.0,0.0,0.0,0,0,,0.00,0.00,,,,1,2,50.0,6,0,1,1,100.0,0,0,,0,0,,0,0,0,0,0,2,0,0,0,0,0,0,0,0,0,0.00,0,0.00,0,0,0,0,0,0,0,0.00,0,0,0,0,0,0,0,0,0,0,0,0,0,,0,0,0,0,0,0,0,0,0.1,2,0,0,1,1,1,2,0,0,,0,,2,3,3,0,0,0,0,0,2,1,0.0,0.0
Emi Buendía,"MF,FW",Aston Villa,24,35,22,1899.0,21.1,4,6,10,4,0,0,1,0,3.4,3.4,5.8,9.1,0.19,0.28,0.47,0.19,0.16,0.27,0.16,0.43,0.0,0.0,0.0,0.0,0.0,0.0,0.0,0.0,0.0,0.0,0.0,0.0,0.0,0.0,0.0,0.0,0.0,0.0,0.0,0.0,0.0,0.0,0.0,0.0,44,13,29.5,2.09,0.62,0.09,0.31,17.9,711,902,78.8,10017,2688,418,482,86.7,199,248,80.2,42,79,53.2,48,71,43,3,117,834,63,18,21,3,34,12,17,5,83,3.93,83,3.93,65,3,7,3,5,0,10,0.47,7,0,2,1,0,0,38,18,16,13,9,21,51,41.2,30,21,3,18,9,47,11,0,21.1,1146,27,134,548,476,69,1146,64,40,62.5,24,37.5,673,3378,1622,40,41,7,42,41,806,84,75000,3900000
Emil Krafth,DF,Newcastle Utd,26,20,18,1634.0,18.2,0,1,1,0,0,0,5,0,0.3,0.3,1.0,1.3,0.00,0.06,0.06,0.00,0.02,0.06,0.02,0.07,0.0,0.0,0.0,0.0,0.0,0.0,0.0,0.0,0.0,0.0,0.0,0.0,0.0,0.0,0.0,0.0,0.0,0.0,0.0,0.0,0.0,0.0,0.0,0.0,6,1,16.7,0.33,0.06,0.00,0.00,20.4,551,780,70.6,8120,3587,292,348,83.9,203,287,70.7,24,78,30.8,6,35,7,1,50,606,171,6,0,1,21,165,0,3,19,1.05,19,1.05,11,4,1,1,1,1,2,0.11,2,0,0,0,0,0,37,16,25,11,1,27,36,75.0,9,16,10,6,25,62,56,0,18.2,961,76,388,387,192,9,961,4,2,50.0,2,50.0,370,1754,1016,29,21,3,9,4,425,24,57692,3000000
Emile Smith Rowe,"MF,FW",Arsenal,21,33,21,1921.0,21.3,10,2,12,10,0,0,1,0,6.0,6.0,2.0,8.0,0.47,0.09,0.56,0.47,0.28,0.09,0.28,0.38,0.0,0.0,0.0,0.0,0.0,0.0,0.0,0.0,0.0,0.0,0.0,0.0,0.0,0.0,0.0,0.0,0.0,0.0,0.0,0.0,0.0,0.0,0.0,0.0,40,23,57.5,1.87,1.08,0.25,0.43,15.8,682,823,82.9,9733,1935,401,441,90.9,230,268,85.8,25,58,43.1,30,41,20,1,85,778,41,6,4,3,45,7,25,4,67,3.14,67,3.14,52,4,5,4,2,0,6,0.28,5,1,0,0,0,0,14,7,7,7,0,4,20,20.0,16,18,1,17,15,29,10,1,21.3,1025,19,142,418,479,62,1025,53,32,60.4,21,39.6,636,3990,2131,65,44,20,41,25,749,139,20000,1040000
Emiliano Martínez,GK,Aston Villa,28,36,36,3240.0,36.0,0,0,0,0,0,0,4,0,0.0,0.0,0.0,0.0,0.00,0.00,0.00,0.00,0.00,0.00,0.00,0.00,1.33,140,93,68.6,11,30.6,42.1,0.27,146,406,36.0,824,162,36.4,33.6,275,38.5,34.1,474,34,7.2,33,0.92,15.4,0,0,,0.00,0.00,,,,816,1103,74.0,21013,14329,202,203,99.5,383,390,98.2,227,502,45.2,0,15,0,0,0,722,377,102,0,2,0,0,0,4,5,0.14,5,0.14,3,2,0,0,0,0,1,0.03,1,0,0,0,0,0,1,1,1,0,0,1,3,33.3,2,0,0,0,0,1,6,1,36.0,1158,987,1140,19,0,0,1158,0,0,,0,,642,3642,2252,0,0,0,0,0,454,0,47500,2470000
Emmanuel Dennis,"FW,MF",Watford,23,33,30,2581.0,28.7,10,6,16,10,0,0,9,1,7.3,7.3,4.1,11.3,0.35,0.21,0.56,0.35,0.26,0.14,0.25,0.40,0.0,0.0,0.0,0.0,0.0,0.0,0.0,0.0,0.0,0.0,0.0,0.0,0.0,0.0,0.0,0.0,0.0,0.0,0.0,0.0,0.0,0.0,0.0,0.0,60,26,43.3,2.09,0.91,0.17,0.38,15.5,411,628,65.4,5461,1617,261,349,74.8,100,147,68.0,21,37,56.8,33,26,19,4,61,593,31,1,6,0,39,10,6,4,85,2.96,85,2.96,52,2,13,8,9,1,12,0.42,7,0,1,2,1,1,51,35,20,22,9,17,52,32.7,35,36,2,34,15,66,13,0,28.7,1078,22,134,414,556,131,1078,156,68,43.6,88,56.4,643,4552,2346,90,53,48,107,63,706,172,25000,1300000
Enock Mwepu,MF,Brighton,23,18,12,996.0,11.1,2,4,6,2,0,0,2,0,2.1,2.1,1.6,3.7,0.18,0.36,0.54,0.18,0.19,0.14,0.19,0.33,0.0,0.0,0.0,0.0,0.0,0.0,0.0,0.0,0.0,0.0,0.0,0.0,0.0,0.0,0.0,0.0,0.0,0.0,0.0,0.0,0.0,0.0,0.0,0.0,19,8,42.1,1.72,0.72,0.11,0.25,20.0,289,393,73.5,3992,899,159,191,83.2,98,127,77.2,10,29,34.5,9,18,4,0,27,388,5,1,4,1,7,1,0,0,26,2.35,26,2.35,18,0,2,3,3,0,7,0.63,6,0,0,0,1,0,22,12,10,10,2,5,27,18.5,22,20,2,18,12,34,19,0,11.1,549,22,108,274,179,34,549,23,15,65.2,8,34.8,305,1661,867,22,16,3,26,9,339,44,30000,1560000
Eric Bailly,DF,Manchester Utd,27,4,3,217.0,2.4,0,0,0,0,0,0,1,0,0.0,0.0,0.0,0.0,0.00,0.00,0.00,0.00,0.00,0.00,0.00,0.00,0.0,0.0,0.0,0.0,0.0,0.0,0.0,0.0,0.0,0.0,0.0,0.0,0.0,0.0,0.0,0.0,0.0,0.0,0.0,0.0,0.0,0.0,0.0,0.0,0,0,,0.00,0.00,,,,68,85,80.0,1229,484,28,31,90.3,36,40,90.0,4,13,30.8,0,3,0,0,5,81,4,4,0,1,0,0,0,0,1,0.41,1,0.41,1,0,0,0,0,0,0,0.00,0,0,0,0,0,0,5,4,4,0,1,3,4,75.0,1,4,2,2,3,8,11,0,2.4,114,25,73,38,3,0,114,1,0,0.0,1,100.0,55,340,155,1,0,0,3,1,59,0,80000,4160000
Eric Dier,DF,Tottenham,27,35,35,3071.0,34.1,0,0,0,0,0,0,1,0,1.2,1.2,1.1,2.3,0.00,0.00,0.00,0.00,0.04,0.03,0.04,0.07,0.0,0.0,0.0,0.0,0.0,0.0,0.0,0.0,0.0,0.0,0.0,0.0,0.0,0.0,0.0,0.0,0.0,0.0,0.0,0.0,0.0,0.0,0.0,0.0,13,4,30.8,0.38,0.12,0.00,0.00,14.4,2056,2341,87.8,39774,16697,680,719,94.6,1138,1216,93.6,211,351,60.1,7,98,9,1,103,2270,62,52,5,14,1,6,0,9,30,0.88,30,0.88,25,0,0,4,0,1,5,0.15,3,0,0,2,0,0,15,9,6,8,1,7,14,50.0,7,37,32,5,27,42,142,1,34.1,2610,421,1452,1111,57,23,2610,2,1,50.0,1,50.0,1737,9384,5011,13,13,3,5,2,1971,6,72308,3760000
Erik Pieters,DF,Burnley,32,12,8,730.0,8.1,0,1,1,0,0,0,1,0,0.2,0.2,1.0,1.2,0.00,0.12,0.12,0.00,0.02,0.12,0.02,0.14,0.0,0.0,0.0,0.0,0.0,0.0,0.0,0.0,0.0,0.0,0.0,0.0,0.0,0.0,0.0,0.0,0.0,0.0,0.0,0.0,0.0,0.0,0.0,0.0,7,0,0.0,0.86,0.00,0.00,,24.9,242,348,69.5,3727,1517,131,160,81.9,85,112,75.9,15,43,34.9,2,16,1,1,15,266,79,2,1,3,14,77,0,3,12,1.48,12,1.48,8,2,0,1,1,0,1,0.12,1,0,0,0,0,0,28,15,15,11,2,17,28,60.7,11,18,7,11,10,38,38,0,8.1,475,53,163,226,91,5,475,5,3,60.0,2,40.0,170,678,413,7,6,1,14,2,178,11,48077,2500000
Ethan Pinnock,DF,Brentford,28,32,32,2694.0,29.9,1,1,2,1,0,0,1,0,1.2,1.2,1.2,2.4,0.03,0.03,0.07,0.03,0.04,0.04,0.04,0.08,0.0,0.0,0.0,0.0,0.0,0.0,0.0,0.0,0.0,0.0,0.0,0.0,0.0,0.0,0.0,0.0,0.0,0.0,0.0,0.0,0.0,0.0,0.0,0.0,16,8,50.0,0.53,0.27,0.06,0.13,10.0,1218,1647,74.0,21899,8784,506,605,83.6,591,768,77.0,105,227,46.3,11,81,6,4,77,1391,248,46,0,8,21,202,0,8,31,1.04,31,1.04,22,6,0,2,0,1,4,0.13,2,1,0,1,0,0,51,35,37,12,2,25,38,65.8,13,30,11,19,44,95,154,1,29.9,1993,263,1063,720,217,55,1993,11,9,81.8,2,18.2,830,3502,2200,11,7,0,12,7,983,18,15000,780000
Evan Ferguson,MF,Brighton,16,1,0,23.0,0.3,0,0,0,0,0,0,0,0,0.0,0.0,0.0,0.0,0.00,0.00,0.00,0.00,0.00,0.00,0.00,0.00,0.0,0.0,0.0,0.0,0.0,0.0,0.0,0.0,0.0,0.0,0.0,0.0,0.0,0.0,0.0,0.0,0.0,0.0,0.0,0.0,0.0,0.0,0.0,0.0,0,0,,0.00,0.00,,,,5,6,83.3,73,0,3,4,75.0,0,0,,1,1,100.0,0,0,0,0,0,6,0,0,0,0,1,0,0,0,0,0.00,0,0.00,0,0,0,0,0,0,0,0.00,0,0,0,0,0,0,0,0,0,0,0,0,0,,0,0,0,0,0,0,0,0,0.3,7,0,0,2,5,1,7,0,0,,0,,1,0,0,0,0,0,1,0,7,1,0.0,0.0
Ezri Konsa,DF,Aston Villa,23,29,29,2477.0,27.5,2,0,2,2,0,0,6,2,1.6,1.6,0.3,1.9,0.07,0.00,0.07,0.07,0.06,0.01,0.06,0.07,0.0,0.0,0.0,0.0,0.0,0.0,0.0,0.0,0.0,0.0,0.0,0.0,0.0,0.0,0.0,0.0,0.0,0.0,0.0,0.0,0.0,0.0,0.0,0.0,15,6,40.0,0.55,0.22,0.13,0.33,8.1,875,1013,86.4,15392,5885,345,381,90.6,470,505,93.1,46,94,48.9,4,30,0,0,45,975,38,30,0,3,1,7,0,0,13,0.47,13,0.47,11,0,0,2,0,0,0,0.00,0,0,0,0,0,0,25,15,13,11,1,10,13,76.9,3,31,22,9,15,40,86,2,27.5,1237,201,713,463,70,37,1237,9,6,66.7,3,33.3,714,2992,1722,8,5,1,10,6,789,7,8000,416000
Fabian Delph,MF,Everton,31,11,8,662.0,7.4,0,0,0,0,0,0,2,0,0.0,0.0,0.1,0.1,0.00,0.00,0.00,0.00,0.00,0.01,0.00,0.01,0.0,0.0,0.0,0.0,0.0,0.0,0.0,0.0,0.0,0.0,0.0,0.0,0.0,0.0,0.0,0.0,0.0,0.0,0.0,0.0,0.0,0.0,0.0,0.0,2,0,0.0,0.27,0.00,0.00,,27.3,259,309,83.8,4612,1427,125,138,90.6,90,103,87.4,35,48,72.9,4,37,2,0,34,304,4,3,2,0,1,1,0,1,6,0.82,6,0.82,5,0,0,0,0,1,0,0.00,0,0,0,0,0,0,18,15,10,7,1,8,21,38.1,13,12,5,7,14,32,10,0,7.4,382,20,103,231,50,0,382,7,5,71.4,2,28.6,215,868,337,2,2,0,8,0,226,3,80000,4160000
Fabian Schär,DF,Newcastle Utd,29,25,25,2158.0,24.0,2,2,4,2,0,0,4,0,1.2,1.2,1.1,2.3,0.08,0.08,0.17,0.08,0.05,0.05,0.05,0.10,0.0,0.0,0.0,0.0,0.0,0.0,0.0,0.0,0.0,0.0,0.0,0.0,0.0,0.0,0.0,0.0,0.0,0.0,0.0,0.0,0.0,0.0,0.0,0.0,21,8,38.1,0.88,0.33,0.10,0.25,19.5,698,1012,69.0,15904,7292,199,251,79.3,332,402,82.6,156,326,47.9,9,69,15,1,59,923,82,70,1,19,7,12,0,7,31,1.29,31,1.29,18,6,2,4,1,0,4,0.17,3,0,1,0,0,0,16,11,11,3,2,8,16,50.0,8,27,18,9,32,48,95,2,24.0,1234,159,644,537,74,27,1234,10,6,60.0,4,40.0,645,3685,2225,20,15,0,12,5,669,2,40000,2080000
Fabinho,MF,Liverpool,27,29,26,2314.0,25.7,5,1,6,3,2,2,7,0,3.9,2.4,1.3,3.7,0.19,0.04,0.23,0.12,0.15,0.05,0.09,0.14,0.0,0.0,0.0,0.0,0.0,0.0,0.0,0.0,0.0,0.0,0.0,0.0,0.0,0.0,0.0,0.0,0.0,0.0,0.0,0.0,0.0,0.0,0.0,0.0,19,7,36.8,0.74,0.27,0.16,0.43,19.9,1350,1550,87.1,21821,5712,676,741,91.2,548,608,90.1,94,135,69.6,16,151,12,1,134,1525,23,23,5,4,6,0,0,2,53,2.06,53,2.06,42,0,0,3,6,2,5,0.19,3,0,0,2,0,0,46,25,17,23,6,24,70,34.3,46,33,10,23,39,85,25,1,25.7,1788,42,343,1175,281,21,1786,15,11,73.3,4,26.7,942,3953,1874,18,27,1,24,13,1231,37,180000,9360000
Federico Fernández,DF,Newcastle Utd,32,7,5,523.0,5.8,0,0,0,0,0,0,0,0,0.4,0.4,0.3,0.7,0.00,0.00,0.00,0.00,0.07,0.06,0.07,0.13,0.0,0.0,0.0,0.0,0.0,0.0,0.0,0.0,0.0,0.0,0.0,0.0,0.0,0.0,0.0,0.0,0.0,0.0,0.0,0.0,0.0,0.0,0.0,0.0,6,1,16.7,1.03,0.17,0.00,0.00,10.2,182,211,86.3,3540,1534,60,63,95.2,99,108,91.7,21,35,60.0,1,6,0,0,12,202,8,6,1,1,1,2,0,1,4,0.69,4,0.69,1,0,0,3,0,0,1,0.17,0,0,0,1,0,0,3,0,3,0,0,2,5,40.0,3,10,10,0,4,7,28,0,5.8,265,53,157,100,11,8,265,0,0,,0,,152,619,311,0,0,0,1,0,169,1,47308,2460000
Fernandinho,"MF,DF",Manchester City,36,19,10,964.0,10.7,2,1,3,2,0,0,1,0,1.6,1.6,1.0,2.5,0.19,0.09,0.28,0.19,0.15,0.09,0.15,0.24,0.0,0.0,0.0,0.0,0.0,0.0,0.0,0.0,0.0,0.0,0.0,0.0,0.0,0.0,0.0,0.0,0.0,0.0,0.0,0.0,0.0,0.0,0.0,0.0,18,3,16.7,1.68,0.28,0.11,0.67,16.7,746,842,88.6,12820,3829,344,368,93.5,326,360,90.6,56,79,70.9,10,74,17,1,81,833,8,7,6,2,2,1,0,1,30,2.80,30,2.80,23,0,0,4,3,0,4,0.37,4,0,0,0,0,0,21,10,7,10,4,9,27,33.3,18,8,2,6,8,29,13,1,10.7,927,35,172,622,137,17,927,11,9,81.8,2,18.2,637,2931,1483,16,18,0,6,7,742,11,150000,7800000
Fernando Marçal,"MF,DF",Wolves,32,18,17,1449.0,16.1,0,0,0,0,0,0,3,0,0.4,0.4,0.6,1.0,0.00,0.00,0.00,0.00,0.02,0.04,0.02,0.06,0.0,0.0,0.0,0.0,0.0,0.0,0.0,0.0,0.0,0.0,0.0,0.0,0.0,0.0,0.0,0.0,0.0,0.0,0.0,0.0,0.0,0.0,0.0,0.0,11,1,9.1,0.68,0.06,0.00,0.00,23.3,669,887,75.4,10434,3383,356,394,90.4,264,347,76.1,35,87,40.2,10,35,9,4,50,743,137,4,0,1,60,130,3,7,22,1.37,22,1.37,19,1,0,1,1,0,2,0.12,0,1,0,1,0,0,42,22,27,14,1,21,37,56.8,16,25,4,21,28,70,52,0,16.1,1093,59,348,443,312,24,1093,14,7,50.0,7,50.0,526,2466,1447,39,26,4,25,6,624,98,35000,1820000
Ferrán Torres,FW,Manchester City,21,4,4,303.0,3.4,2,1,3,2,0,0,0,0,2.8,2.8,0.0,2.8,0.59,0.30,0.89,0.59,0.83,0.01,0.83,0.84,0.0,0.0,0.0,0.0,0.0,0.0,0.0,0.0,0.0,0.0,0.0,0.0,0.0,0.0,0.0,0.0,0.0,0.0,0.0,0.0,0.0,0.0,0.0,0.0,13,4,30.8,3.86,1.19,0.15,0.50,14.2,54,74,73.0,711,64,32,39,82.1,15,20,75.0,2,3,66.7,1,0,1,0,4,69,5,0,1,0,4,0,0,0,5,1.49,5,1.49,4,0,0,1,0,0,2,0.59,2,0,0,0,0,0,2,2,0,1,1,0,3,0.0,3,2,0,2,0,2,1,0,3.4,100,0,7,27,66,24,100,6,4,66.7,2,33.3,57,246,90,5,1,3,4,2,77,26,46154,2400000
Finley Stevens,DF,Brentford,18,1,0,15.0,0.2,0,0,0,0,0,0,0,0,0.0,0.0,0.1,0.1,0.00,0.00,0.00,0.00,0.00,0.33,0.00,0.33,0.0,0.0,0.0,0.0,0.0,0.0,0.0,0.0,0.0,0.0,0.0,0.0,0.0,0.0,0.0,0.0,0.0,0.0,0.0,0.0,0.0,0.0,0.0,0.0,0,0,,0.00,0.00,,,,5,7,71.4,82,39,3,3,100.0,1,2,50.0,1,2,50.0,1,0,1,0,2,7,0,0,0,0,1,0,0,0,1,6.00,1,6.00,1,0,0,0,0,0,0,0.00,0,0,0,0,0,0,3,1,0,3,0,1,1,100.0,0,0,0,0,0,3,0,0,0.2,9,1,1,5,3,1,9,0,0,,0,,5,17,4,0,0,0,0,0,5,2,5385,280000
Folarin Balogun,FW,Arsenal,20,2,1,70.0,0.8,0,0,0,0,0,0,0,0,0.2,0.2,0.0,0.2,0.00,0.00,0.00,0.00,0.29,0.00,0.29,0.29,0.0,0.0,0.0,0.0,0.0,0.0,0.0,0.0,0.0,0.0,0.0,0.0,0.0,0.0,0.0,0.0,0.0,0.0,0.0,0.0,0.0,0.0,0.0,0.0,3,0,0.0,3.86,0.00,0.00,,14.4,4,9,44.4,46,7,3,4,75.0,1,3,33.3,0,0,,0,0,0,0,0,9,0,0,1,0,0,0,0,0,0,0.00,0,0.00,0,0,0,0,0,0,0,0.00,0,0,0,0,0,0,1,1,0,0,1,0,0,,0,1,0,1,0,1,1,0,0.8,22,1,2,7,13,6,22,2,0,0.0,2,100.0,8,22,8,0,0,0,4,0,14,4,30000,1560000
Francisco Sierralta,DF,Watford,24,5,5,427.0,4.7,0,0,0,0,0,0,0,0,0.1,0.1,0.0,0.1,0.00,0.00,0.00,0.00,0.01,0.00,0.01,0.01,0.0,0.0,0.0,0.0,0.0,0.0,0.0,0.0,0.0,0.0,0.0,0.0,0.0,0.0,0.0,0.0,0.0,0.0,0.0,0.0,0.0,0.0,0.0,0.0,1,1,100.0,0.21,0.21,0.00,0.00,10.0,142,183,77.6,3070,927,16,26,61.5,111,121,91.7,13,30,43.3,0,1,0,0,2,179,3,3,0,0,0,0,0,1,2,0.42,2,0.42,2,0,0,0,0,0,0,0.00,0,0,0,0,0,0,7,3,7,0,0,5,8,62.5,3,7,2,5,6,13,35,0,4.7,248,60,187,59,2,2,248,2,2,100.0,0,0.0,118,587,299,1,0,0,1,0,137,0,9423,490000
Francisco Trincão,"FW,MF",Wolves,21,28,16,1336.0,14.8,2,1,3,2,0,0,0,0,3.7,3.7,1.6,5.4,0.13,0.07,0.20,0.13,0.25,0.11,0.25,0.36,0.0,0.0,0.0,0.0,0.0,0.0,0.0,0.0,0.0,0.0,0.0,0.0,0.0,0.0,0.0,0.0,0.0,0.0,0.0,0.0,0.0,0.0,0.0,0.0,32,13,40.6,2.16,0.88,0.06,0.15,18.6,356,463,76.9,5329,1095,201,230,87.4,104,127,81.9,30,55,54.5,14,29,11,3,40,438,24,8,2,6,33,2,14,1,44,2.97,44,2.97,28,4,9,0,2,1,2,0.13,2,0,0,0,0,0,28,15,9,13,6,3,19,15.8,16,17,1,16,12,40,1,1,14.8,676,2,64,309,316,46,676,86,44,51.2,42,48.8,396,2896,1504,56,27,16,45,18,470,93,131154,6820000
Frank Onyeka,MF,Brentford,23,20,12,1045.0,11.6,0,0,0,0,0,0,4,0,0.8,0.8,0.2,1.0,0.00,0.00,0.00,0.00,0.07,0.02,0.07,0.09,0.0,0.0,0.0,0.0,0.0,0.0,0.0,0.0,0.0,0.0,0.0,0.0,0.0,0.0,0.0,0.0,0.0,0.0,0.0,0.0,0.0,0.0,0.0,0.0,16,5,31.3,1.38,0.43,0.00,0.00,18.0,259,332,78.0,4083,990,135,159,84.9,94,115,81.7,18,30,60.0,4,23,7,1,35,324,8,1,0,1,12,7,0,0,17,1.46,17,1.46,11,0,0,2,4,0,1,0.09,0,0,0,0,1,0,25,17,13,9,3,8,27,29.6,19,16,2,14,14,39,13,0,11.6,470,22,119,248,109,15,470,17,11,64.7,6,35.3,245,1272,615,18,7,3,22,14,270,27,30000,1560000
Fraser Forster,GK,Southampton,33,19,19,1710.0,19.0,0,0,0,0,0,0,1,0,0.0,0.0,0.0,0.0,0.00,0.00,0.00,0.00,0.00,0.00,0.00,0.00,1.84,101,68,67.3,3,15.8,32.4,0.31,105,330,31.8,461,71,50.1,39.6,140,70.7,49.5,285,19,6.7,24,1.26,12.3,0,0,,0.00,0.00,,,,360,603,59.7,11459,8540,48,49,98.0,167,173,96.5,144,377,38.2,0,11,0,0,0,393,208,68,0,0,0,0,0,2,3,0.16,3,0.16,1,2,0,0,0,0,0,0.00,0,0,0,0,0,0,1,0,1,0,0,0,1,0.0,1,0,0,0,0,1,23,2,19.0,673,513,669,4,0,0,673,0,0,,0,,336,2160,1197,0,0,0,0,0,260,0,70000,3640000
Fred,MF,Manchester Utd,28,28,24,2028.0,22.5,4,4,8,4,0,0,5,0,1.3,1.3,2.2,3.5,0.18,0.18,0.36,0.18,0.06,0.10,0.06,0.16,0.0,0.0,0.0,0.0,0.0,0.0,0.0,0.0,0.0,0.0,0.0,0.0,0.0,0.0,0.0,0.0,0.0,0.0,0.0,0.0,0.0,0.0,0.0,0.0,15,9,60.0,0.67,0.40,0.27,0.44,21.3,1137,1358,83.7,18842,5515,547,626,87.4,448,506,88.5,92,118,78.0,28,131,13,1,138,1319,35,27,11,13,3,8,0,4,56,2.49,56,2.49,52,0,0,0,4,0,9,0.40,8,0,0,0,1,0,63,27,32,24,7,22,79,27.8,57,38,11,27,32,95,24,0,22.5,1623,65,392,965,275,17,1623,36,21,58.3,15,41.7,840,3252,1564,17,16,1,41,25,1093,41,120000,6240000
Freddie Woodman,GK,Newcastle Utd,24,4,4,360.0,4.0,0,0,0,0,0,0,0,0,0.0,0.0,0.0,0.0,0.00,0.00,0.00,0.00,0.00,0.00,0.00,0.00,3.00,22,9,54.5,0,0.0,8.8,0.29,23,66,34.8,79,11,50.6,38.1,39,66.7,47.9,55,3,5.5,0,0.00,7.8,0,0,,0.00,0.00,,,,74,120,61.7,2295,1690,14,14,100.0,33,33,100.0,27,71,38.0,0,5,0,0,0,73,45,6,0,0,0,0,0,2,0,0.00,0,0.00,0,0,0,0,0,0,0,0.00,0,0,0,0,0,0,0,0,0,0,0,0,0,,0,0,0,0,0,0,0,1,4.0,128,114,128,0,0,0,128,0,0,,0,,65,417,198,0,0,0,0,0,48,0,15000,780000
Fábio Silva,FW,Wolves,19,22,6,572.0,6.4,0,0,0,0,0,0,0,0,1.8,1.8,0.2,1.9,0.00,0.00,0.00,0.00,0.28,0.03,0.28,0.30,0.0,0.0,0.0,0.0,0.0,0.0,0.0,0.0,0.0,0.0,0.0,0.0,0.0,0.0,0.0,0.0,0.0,0.0,0.0,0.0,0.0,0.0,0.0,0.0,19,5,26.3,2.99,0.79,0.00,0.00,13.7,93,138,67.4,1117,264,64,84,76.2,18,27,66.7,2,4,50.0,3,5,6,0,14,125,13,0,1,0,2,0,0,0,16,2.51,16,2.51,9,0,4,3,0,0,2,0.31,1,0,0,1,0,0,3,2,0,2,1,0,8,0.0,8,2,0,2,1,4,1,0,6.4,201,1,11,92,102,37,201,19,7,36.8,12,63.2,97,668,417,14,13,4,18,14,143,41,80000,4160000
Gabriel Jesus,FW,Manchester City,24,28,21,1877.0,20.9,8,8,16,7,1,1,1,0,9.8,9.0,5.7,14.7,0.38,0.38,0.77,0.34,0.47,0.28,0.43,0.71,0.0,0.0,0.0,0.0,0.0,0.0,0.0,0.0,0.0,0.0,0.0,0.0,0.0,0.0,0.0,0.0,0.0,0.0,0.0,0.0,0.0,0.0,0.0,0.0,63,20,31.7,3.02,0.96,0.11,0.35,13.8,637,770,82.7,8461,1409,398,457,87.1,175,206,85.0,21,31,67.7,38,15,30,4,55,749,20,1,4,5,24,6,0,1,85,4.08,85,4.08,56,0,16,7,4,2,18,0.86,11,0,2,1,2,2,18,12,2,4,12,6,26,23.1,20,18,0,18,15,33,8,0,20.9,1023,12,81,315,634,161,1022,71,46,64.8,25,35.2,667,3637,1501,51,20,32,66,27,798,220,90000,4680000
Gabriel Magalhães,DF,Arsenal,23,35,35,3063.0,34.0,5,0,5,5,0,0,8,1,3.2,3.2,0.7,3.9,0.15,0.00,0.15,0.15,0.09,0.02,0.09,0.12,0.0,0.0,0.0,0.0,0.0,0.0,0.0,0.0,0.0,0.0,0.0,0.0,0.0,0.0,0.0,0.0,0.0,0.0,0.0,0.0,0.0,0.0,0.0,0.0,29,12,41.4,0.85,0.35,0.17,0.42,11.2,1828,2049,89.2,34814,11568,602,634,95.0,1069,1129,94.7,144,248,58.1,9,126,2,0,110,1968,75,39,3,18,1,4,0,6,22,0.65,22,0.65,19,0,0,2,0,1,1,0.03,1,0,0,0,0,0,50,30,36,12,2,30,41,73.2,11,34,26,8,13,63,112,4,34.0,2343,312,1150,1106,100,47,2343,4,4,100.0,0,0.0,1554,8318,5214,12,14,1,18,5,1700,9,50000,2600000
Gabriel Martinelli,"FW,MF",Arsenal,20,29,21,1860.0,20.7,6,6,12,5,1,1,3,1,7.3,6.6,4.3,11.0,0.29,0.29,0.58,0.24,0.35,0.21,0.32,0.53,0.0,0.0,0.0,0.0,0.0,0.0,0.0,0.0,0.0,0.0,0.0,0.0,0.0,0.0,0.0,0.0,0.0,0.0,0.0,0.0,0.0,0.0,0.0,0.0,51,15,29.4,2.47,0.73,0.10,0.33,14.7,439,611,71.8,6765,1235,252,303,83.2,150,204,73.5,29,62,46.8,34,11,16,5,37,567,41,3,5,1,74,8,30,3,72,3.49,72,3.49,48,4,8,8,2,2,13,0.63,6,2,2,3,0,0,27,19,7,14,6,10,29,34.5,19,26,1,25,20,47,15,0,20.7,898,25,102,256,556,117,897,79,45,57.0,34,43.0,554,4204,2058,79,32,43,58,34,593,207,90000,4680000
Giovani Lo Celso,"MF,FW",Tottenham,25,9,2,238.0,2.6,0,0,0,0,0,0,0,0,0.6,0.6,0.7,1.3,0.00,0.00,0.00,0.00,0.23,0.26,0.23,0.49,0.0,0.0,0.0,0.0,0.0,0.0,0.0,0.0,0.0,0.0,0.0,0.0,0.0,0.0,0.0,0.0,0.0,0.0,0.0,0.0,0.0,0.0,0.0,0.0,9,0,0.0,3.40,0.00,0.00,,19.4,128,161,79.5,1757,346,76,81,93.8,28,40,70.0,10,13,76.9,5,10,0,0,8,143,18,4,0,2,10,1,10,0,10,3.78,10,3.78,5,2,1,1,1,0,0,0.00,0,0,0,0,0,0,8,4,4,2,2,4,10,40.0,6,6,1,5,1,9,0,1,2.6,210,1,23,100,90,10,210,15,9,60.0,6,40.0,121,831,340,10,11,2,11,3,155,15,70000,3640000
Granit Xhaka,"MF,DF",Arsenal,28,27,27,2327.0,25.9,1,2,3,1,0,0,10,1,1.4,1.4,2.3,3.7,0.04,0.08,0.12,0.04,0.05,0.09,0.05,0.14,0.0,0.0,0.0,0.0,0.0,0.0,0.0,0.0,0.0,0.0,0.0,0.0,0.0,0.0,0.0,0.0,0.0,0.0,0.0,0.0,0.0,0.0,0.0,0.0,27,5,18.5,1.04,0.19,0.04,0.20,23.4,1367,1589,86.0,23204,6399,634,713,88.9,594,667,89.1,109,150,72.7,32,194,41,7,230,1519,70,43,8,15,25,21,0,0,87,3.36,87,3.36,80,2,1,2,1,1,5,0.19,5,0,0,0,0,0,32,18,16,12,4,16,41,39.0,25,21,6,15,21,53,31,0,25.9,1786,61,311,1028,461,36,1786,26,19,73.1,7,26.9,1030,4746,2374,39,29,4,23,23,1297,67,100000,5200000
Grant Hanley,DF,Norwich City,29,33,33,2897.0,32.2,1,0,1,1,0,0,2,0,2.1,2.1,0.9,3.0,0.03,0.00,0.03,0.03,0.07,0.03,0.07,0.09,0.0,0.0,0.0,0.0,0.0,0.0,0.0,0.0,0.0,0.0,0.0,0.0,0.0,0.0,0.0,0.0,0.0,0.0,0.0,0.0,0.0,0.0,0.0,0.0,20,4,20.0,0.62,0.12,0.05,0.25,9.2,1089,1310,83.1,20556,6269,381,445,85.6,590,650,90.8,101,183,55.2,6,23,3,0,27,1250,60,60,1,8,0,0,0,0,14,0.43,14,0.43,9,1,0,4,0,0,0,0.00,0,0,0,0,0,0,44,25,28,14,2,18,35,51.4,17,56,45,11,56,100,176,2,32.2,1702,369,1104,552,53,35,1702,3,1,33.3,2,66.7,850,3128,1390,2,5,0,9,1,942,3,20000,1040000
Hakim Ziyech,"MF,FW",Chelsea,28,23,14,1319.0,14.7,4,3,7,4,0,0,3,0,3.4,3.4,2.9,6.3,0.27,0.20,0.48,0.27,0.23,0.20,0.23,0.43,0.0,0.0,0.0,0.0,0.0,0.0,0.0,0.0,0.0,0.0,0.0,0.0,0.0,0.0,0.0,0.0,0.0,0.0,0.0,0.0,0.0,0.0,0.0,0.0,52,19,36.5,3.55,1.30,0.08,0.21,21.2,544,755,72.1,7935,2498,336,380,88.4,141,204,69.1,40,98,40.8,29,48,28,8,88,690,58,12,4,5,101,15,31,7,67,4.57,67,4.57,48,5,6,4,4,0,6,0.41,6,0,0,0,0,0,19,10,5,12,2,10,36,27.8,26,11,1,10,10,29,10,0,14.7,968,9,80,345,553,52,968,65,28,43.1,37,56.9,646,3238,1463,50,31,20,45,24,707,142,100000,5200000
Hamza Choudhury,"DF,MF",Leicester City,23,6,4,285.0,3.2,0,0,0,0,0,0,1,0,0.0,0.0,0.0,0.0,0.00,0.00,0.00,0.00,0.01,0.00,0.01,0.01,0.0,0.0,0.0,0.0,0.0,0.0,0.0,0.0,0.0,0.0,0.0,0.0,0.0,0.0,0.0,0.0,0.0,0.0,0.0,0.0,0.0,0.0,0.0,0.0,1,0,0.0,0.32,0.00,0.00,,14.0,128,156,82.1,2041,543,68,74,91.9,47,54,87.0,10,18,55.6,0,3,0,0,5,145,11,4,0,1,0,7,0,0,3,0.95,3,0.95,1,0,0,1,1,0,0,0.00,0,0,0,0,0,0,9,3,4,4,1,3,5,60.0,2,0,0,0,12,21,10,0,3.2,206,18,94,105,8,2,206,3,2,66.7,1,33.3,94,359,118,0,4,1,8,2,124,1,7500,390000
Hannibal Mejbri,FW,Manchester Utd,18,2,1,68.0,0.8,0,0,0,0,0,0,2,0,0.1,0.1,0.0,0.1,0.00,0.00,0.00,0.00,0.09,0.00,0.09,0.09,0.0,0.0,0.0,0.0,0.0,0.0,0.0,0.0,0.0,0.0,0.0,0.0,0.0,0.0,0.0,0.0,0.0,0.0,0.0,0.0,0.0,0.0,0.0,0.0,1,1,100.0,1.32,1.32,0.00,0.00,22.9,17,21,81.0,180,9,12,13,92.3,3,3,100.0,0,1,0.0,0,1,0,0,0,21,0,0,0,0,0,0,0,0,0,0.00,0,0.00,0,0,0,0,0,0,0,0.00,0,0,0,0,0,0,2,1,1,1,0,1,1,100.0,0,0,0,0,0,2,0,0,0.8,32,0,6,13,14,0,32,2,1,50.0,1,50.0,18,111,28,0,2,0,1,1,23,4,0.0,0.0
Harrison Ashby,DF,West Ham,19,1,0,7.0,0.1,0,0,0,0,0,0,0,0,0.0,0.0,0.0,0.0,0.00,0.00,0.00,0.00,0.00,0.00,0.00,0.00,0.0,0.0,0.0,0.0,0.0,0.0,0.0,0.0,0.0,0.0,0.0,0.0,0.0,0.0,0.0,0.0,0.0,0.0,0.0,0.0,0.0,0.0,0.0,0.0,0,0,,0.00,0.00,,,,7,7,100.0,110,8,5,5,100.0,1,1,100.0,1,1,100.0,0,0,0,0,0,6,1,0,0,0,0,1,0,0,0,0.00,0,0.00,0,0,0,0,0,0,0,0.00,0,0,0,0,0,0,0,0,0,0,0,0,0,,0,1,0,1,1,1,1,0,0.1,9,1,3,1,5,0,9,0,0,,0,,5,35,6,0,0,0,0,0,6,0,0.0,0.0
Harry Kane,FW,Tottenham,28,37,36,3232.0,35.9,17,9,26,13,4,4,5,0,18.6,15.4,9.1,24.5,0.47,0.25,0.72,0.36,0.52,0.25,0.43,0.68,0.0,0.0,0.0,0.0,0.0,0.0,0.0,0.0,0.0,0.0,0.0,0.0,0.0,0.0,0.0,0.0,0.0,0.0,0.0,0.0,0.0,0.0,0.0,0.0,129,49,38.0,3.59,1.36,0.10,0.27,17.3,637,945,67.4,11124,3759,305,397,76.8,197,283,69.6,91,140,65.0,49,89,42,6,143,887,47,10,22,13,42,18,0,11,128,3.56,128,3.56,94,2,10,16,6,0,21,0.58,17,0,1,3,0,0,15,5,2,10,3,7,18,38.9,11,26,8,18,3,18,39,0,35.9,1387,51,137,632,639,170,1383,100,54,54.0,46,46.0,891,5061,2208,87,57,31,97,61,1095,212,200000,10400000
Harry Maguire,DF,Manchester Utd,28,30,28,2515.0,27.9,1,0,1,1,0,0,9,1,1.9,1.9,0.1,2.1,0.04,0.00,0.04,0.04,0.07,0.00,0.07,0.07,0.0,0.0,0.0,0.0,0.0,0.0,0.0,0.0,0.0,0.0,0.0,0.0,0.0,0.0,0.0,0.0,0.0,0.0,0.0,0.0,0.0,0.0,0.0,0.0,23,10,43.5,0.82,0.36,0.04,0.10,12.8,1353,1578,85.7,27400,9647,436,476,91.6,722,792,91.2,174,265,65.7,4,116,2,0,115,1521,47,44,0,25,2,3,0,10,24,0.86,24,0.86,14,2,1,5,0,2,0,0.00,0,0,0,0,0,0,34,21,22,8,4,19,31,61.3,12,36,29,7,32,66,101,3,27.9,1843,236,851,903,102,42,1843,5,4,80.0,1,20.0,1068,6087,3525,22,15,1,13,5,1212,5,190000,9880000
Harry Winks,MF,Tottenham,25,19,9,912.0,10.1,0,1,1,0,0,0,2,0,0.1,0.1,1.5,1.6,0.00,0.10,0.10,0.00,0.01,0.15,0.01,0.16,0.0,0.0,0.0,0.0,0.0,0.0,0.0,0.0,0.0,0.0,0.0,0.0,0.0,0.0,0.0,0.0,0.0,0.0,0.0,0.0,0.0,0.0,0.0,0.0,3,1,33.3,0.30,0.10,0.00,0.00,26.6,585,683,85.7,9806,3088,248,272,91.2,258,286,90.2,50,80,62.5,11,79,13,3,73,658,22,9,8,1,26,1,9,3,29,2.86,29,2.86,22,3,1,1,2,0,4,0.39,4,0,0,0,0,0,15,10,4,9,2,8,21,38.1,13,14,3,11,16,31,10,2,10.1,768,21,162,473,142,2,768,15,8,53.3,7,46.7,538,2446,973,10,14,1,16,6,592,18,50000,2600000
Harvey Barnes,"FW,MF",Leicester City,23,32,24,2101.0,23.3,6,10,16,6,0,0,2,0,5.6,5.6,4.6,10.2,0.26,0.43,0.69,0.26,0.24,0.20,0.24,0.44,0.0,0.0,0.0,0.0,0.0,0.0,0.0,0.0,0.0,0.0,0.0,0.0,0.0,0.0,0.0,0.0,0.0,0.0,0.0,0.0,0.0,0.0,0.0,0.0,66,24,36.4,2.83,1.03,0.09,0.25,16.1,550,756,72.8,6899,1906,366,442,82.8,137,199,68.8,15,34,44.1,29,26,24,7,59,747,7,0,7,2,45,5,0,2,63,2.70,63,2.70,48,0,7,4,3,1,13,0.56,11,0,0,2,0,0,31,16,9,11,11,7,23,30.4,16,24,1,23,5,36,7,0,23.3,1052,17,115,361,589,130,1052,75,31,41.3,44,58.7,732,5181,2962,107,61,48,58,43,834,237,10000,520000
Harvey Elliott,MF,Liverpool,18,6,4,346.0,3.8,0,0,0,0,0,0,0,0,0.8,0.8,0.6,1.4,0.00,0.00,0.00,0.00,0.21,0.16,0.21,0.37,0.0,0.0,0.0,0.0,0.0,0.0,0.0,0.0,0.0,0.0,0.0,0.0,0.0,0.0,0.0,0.0,0.0,0.0,0.0,0.0,0.0,0.0,0.0,0.0,10,1,10.0,2.60,0.26,0.00,0.00,18.5,209,256,81.6,3057,789,121,135,89.6,68,79,86.1,11,14,78.6,9,21,6,2,36,246,8,0,1,1,10,3,2,2,25,6.52,25,6.52,18,1,0,4,2,0,2,0.52,2,0,0,0,0,0,3,0,1,1,1,0,6,0.0,6,8,1,7,4,7,2,0,3.8,302,1,23,130,151,19,302,9,2,22.2,7,77.8,174,882,486,10,15,2,8,0,226,38,15000,780000
Hassane Kamara,DF,Watford,27,19,18,1623.0,18.0,1,0,1,1,0,0,5,1,0.2,0.2,0.6,0.8,0.06,0.00,0.06,0.06,0.01,0.03,0.01,0.04,0.0,0.0,0.0,0.0,0.0,0.0,0.0,0.0,0.0,0.0,0.0,0.0,0.0,0.0,0.0,0.0,0.0,0.0,0.0,0.0,0.0,0.0,0.0,0.0,5,1,20.0,0.28,0.06,0.20,1.00,25.7,637,917,69.5,10140,4864,352,416,84.6,223,311,71.7,48,137,35.0,10,47,10,4,55,725,188,6,3,0,23,182,0,4,18,1.00,18,1.00,16,0,1,1,0,0,0,0.00,0,0,0,0,0,0,53,34,31,16,6,27,43,62.8,16,20,4,16,69,122,67,0,18.0,1182,79,547,488,158,9,1182,30,15,50.0,15,50.0,529,2922,1403,32,14,2,16,6,505,25,26538,1380000
Hugo Lloris,GK,Tottenham,34,38,38,3420.0,38.0,0,0,0,0,0,0,2,0,0.0,0.0,0.2,0.2,0.00,0.00,0.00,0.00,0.00,0.01,0.00,0.01,1.05,137,98,72.3,16,42.1,37.6,0.26,115,279,41.2,676,161,29.6,31.0,278,28.4,26.5,567,33,5.8,45,1.18,14.2,0,0,,0.00,0.00,,,,767,957,80.1,18629,12234,247,252,98.0,295,299,98.7,211,388,54.4,2,15,1,0,0,629,325,47,1,0,0,0,0,3,6,0.16,6,0.16,6,0,0,0,0,0,3,0.08,3,0,0,0,0,0,1,1,1,0,0,1,2,50.0,1,0,0,0,1,2,24,3,38.0,1046,951,1043,3,0,0,1046,0,0,,0,,544,3199,1979,0,0,0,2,0,377,0,100000,5200000
Hwang Hee-chan,"FW,MF",Wolves,25,30,20,1816.0,20.2,5,1,6,5,0,0,2,0,4.4,4.4,1.3,5.8,0.25,0.05,0.30,0.25,0.22,0.07,0.22,0.29,0.0,0.0,0.0,0.0,0.0,0.0,0.0,0.0,0.0,0.0,0.0,0.0,0.0,0.0,0.0,0.0,0.0,0.0,0.0,0.0,0.0,0.0,0.0,0.0,27,12,44.4,1.34,0.59,0.19,0.42,15.4,513,639,80.3,7634,1456,291,341,85.3,160,187,85.6,37,51,72.5,16,31,14,0,57,626,11,1,7,2,7,4,2,2,37,1.83,37,1.83,26,0,5,2,3,1,2,0.10,1,0,1,0,0,0,27,13,9,16,2,14,44,31.8,30,10,0,10,13,40,7,1,20.2,844,13,116,404,337,72,844,69,33,47.8,36,52.2,548,3734,1722,66,36,27,47,24,651,114,24615,1280000
Hélder Costa,MF,Leeds United,27,1,0,22.0,0.2,0,0,0,0,0,0,0,0,0.0,0.0,0.0,0.0,0.00,0.00,0.00,0.00,0.03,0.00,0.03,0.03,0.0,0.0,0.0,0.0,0.0,0.0,0.0,0.0,0.0,0.0,0.0,0.0,0.0,0.0,0.0,0.0,0.0,0.0,0.0,0.0,0.0,0.0,0.0,0.0,1,0,0.0,4.09,0.00,0.00,,23.3,5,5,100.0,79,0,2,2,100.0,3,3,100.0,0,0,,0,0,0,0,0,5,0,0,0,0,0,0,0,0,1,4.29,1,4.29,0,0,0,0,1,0,0,0.00,0,0,0,0,0,0,0,0,0,0,0,0,0,,0,1,0,1,0,0,0,0,0.2,9,0,2,4,3,0,9,0,0,,0,,6,18,1,0,0,0,1,0,6,2,0.0,0.0
Ibrahima Diallo,MF,Southampton,22,23,10,1023.0,11.4,0,2,2,0,0,0,1,0,0.4,0.4,1.0,1.5,0.00,0.18,0.18,0.00,0.04,0.09,0.04,0.13,0.0,0.0,0.0,0.0,0.0,0.0,0.0,0.0,0.0,0.0,0.0,0.0,0.0,0.0,0.0,0.0,0.0,0.0,0.0,0.0,0.0,0.0,0.0,0.0,8,4,50.0,0.70,0.35,0.00,0.00,21.3,361,453,79.7,5657,1490,190,232,81.9,132,155,85.2,26,35,74.3,16,43,3,2,57,446,5,5,0,1,7,0,0,2,30,2.64,30,2.64,24,0,4,0,1,1,3,0.26,3,0,0,0,0,0,22,11,10,9,3,10,24,41.7,14,7,0,7,9,31,10,0,11.4,546,23,93,318,143,10,546,21,16,76.2,5,23.8,321,1717,855,17,24,1,18,13,360,20,55000,2860000
Ibrahima Konaté,DF,Liverpool,22,11,11,990.0,11.0,0,0,0,0,0,0,2,0,0.2,0.2,0.0,0.2,0.00,0.00,0.00,0.00,0.02,0.00,0.02,0.02,0.0,0.0,0.0,0.0,0.0,0.0,0.0,0.0,0.0,0.0,0.0,0.0,0.0,0.0,0.0,0.0,0.0,0.0,0.0,0.0,0.0,0.0,0.0,0.0,4,0,0.0,0.36,0.00,0.00,,11.5,663,754,87.9,12042,5092,237,257,92.2,379,410,92.4,38,67,56.7,0,47,5,0,51,745,7,5,2,1,0,2,0,2,6,0.55,6,0.55,5,0,0,0,0,1,3,0.27,3,0,0,0,0,0,16,10,9,6,1,7,10,70.0,3,13,9,4,16,32,37,1,11.0,855,69,341,496,20,6,855,3,2,66.7,1,33.3,497,2286,1467,7,2,0,4,1,581,2,70000,3640000
Illan Meslier,GK,Leeds United,21,38,38,3384.0,37.6,0,0,0,0,0,0,2,0,0.0,0.0,0.0,0.0,0.00,0.00,0.00,0.00,0.00,0.00,0.00,0.00,2.10,220,142,66.4,5,13.2,61.8,0.26,108,410,26.3,1101,274,27.5,29.3,288,37.2,33.3,438,23,5.3,45,1.20,14.2,0,0,,0.00,0.00,,,,1037,1392,74.5,24030,14107,249,253,98.4,558,571,97.7,227,560,40.5,0,3,0,0,0,1023,366,78,0,3,0,0,0,3,3,0.08,3,0.08,2,1,0,0,0,0,0,0.00,0,0,0,0,0,0,1,1,1,0,0,1,1,100.0,0,0,0,0,0,1,27,1,37.6,1489,1295,1483,7,0,0,1489,2,2,100.0,0,0.0,856,4644,2876,0,0,0,4,0,721,0,22000,1144000
Imran Louza,MF,Watford,22,20,17,1416.0,15.7,0,0,0,0,0,0,6,0,1.2,1.2,1.1,2.3,0.00,0.00,0.00,0.00,0.08,0.07,0.08,0.15,0.0,0.0,0.0,0.0,0.0,0.0,0.0,0.0,0.0,0.0,0.0,0.0,0.0,0.0,0.0,0.0,0.0,0.0,0.0,0.0,0.0,0.0,0.0,0.0,17,4,23.5,1.08,0.25,0.00,0.00,27.5,521,711,73.3,9666,3088,208,254,81.9,226,284,79.6,75,143,52.4,15,63,8,1,67,627,84,40,2,7,54,7,31,0,34,2.16,34,2.16,16,11,1,2,1,3,2,0.13,2,0,0,0,0,0,41,21,18,20,3,16,38,42.1,22,28,6,22,42,83,20,1,15.7,911,42,236,538,160,10,911,24,14,58.3,10,41.7,385,2088,949,17,9,2,19,9,446,24,45000,2340000
Isaac Hayden,"MF,DF",Newcastle Utd,26,14,12,1002.0,11.1,1,0,1,1,0,0,5,0,0.4,0.4,0.0,0.5,0.09,0.00,0.09,0.09,0.04,0.00,0.04,0.04,0.0,0.0,0.0,0.0,0.0,0.0,0.0,0.0,0.0,0.0,0.0,0.0,0.0,0.0,0.0,0.0,0.0,0.0,0.0,0.0,0.0,0.0,0.0,0.0,5,1,20.0,0.45,0.09,0.20,1.00,14.1,261,341,76.5,4160,911,129,151,85.4,99,120,82.5,18,34,52.9,2,20,0,0,15,324,16,8,0,1,8,0,0,1,6,0.54,6,0.54,6,0,0,0,0,0,1,0.09,1,0,0,0,0,0,28,14,11,14,3,12,29,41.4,17,17,8,9,14,42,24,0,11.1,467,42,179,228,68,10,467,15,9,60.0,6,40.0,221,849,276,3,8,1,16,8,248,10,21923,1140000
Isaac Price,MF,Everton,17,1,0,14.0,0.2,0,0,0,0,0,0,0,0,0.1,0.1,0.0,0.1,0.00,0.00,0.00,0.00,0.56,0.00,0.56,0.56,0.0,0.0,0.0,0.0,0.0,0.0,0.0,0.0,0.0,0.0,0.0,0.0,0.0,0.0,0.0,0.0,0.0,0.0,0.0,0.0,0.0,0.0,0.0,0.0,1,0,0.0,6.43,0.00,0.00,,8.9,1,2,50.0,16,0,0,0,,1,2,50.0,0,0,,0,0,0,0,0,2,0,0,0,0,0,0,0,0,0,0.00,0,0.00,0,0,0,0,0,0,0,0.00,0,0,0,0,0,0,0,0,0,0,0,0,0,,0,1,0,1,0,0,0,0,0.2,5,0,1,2,2,2,5,0,0,,0,,3,10,2,0,0,0,0,1,3,1,0.0,0.0
Ismaila Sarr,"FW,MF",Watford,23,22,21,1861.0,20.7,5,2,7,5,0,1,2,0,4.8,4.0,2.9,6.9,0.24,0.10,0.34,0.24,0.23,0.14,0.19,0.34,0.0,0.0,0.0,0.0,0.0,0.0,0.0,0.0,0.0,0.0,0.0,0.0,0.0,0.0,0.0,0.0,0.0,0.0,0.0,0.0,0.0,0.0,0.0,0.0,39,15,38.5,1.89,0.73,0.13,0.33,18.3,332,478,69.5,4981,1253,182,225,80.9,105,144,72.9,21,41,51.2,21,21,22,4,52,468,9,1,1,1,61,3,0,1,52,2.51,52,2.51,38,0,5,2,6,1,4,0.19,3,0,0,1,0,0,12,7,4,3,5,5,19,26.3,14,10,1,9,9,21,10,0,20.7,720,18,93,251,393,71,719,71,34,47.9,37,52.1,493,3614,1811,79,50,23,71,40,529,158,63077,3280000
Issa Diop,DF,West Ham,24,13,10,963.0,10.7,0,1,1,0,0,0,0,0,0.1,0.1,0.4,0.5,0.00,0.09,0.09,0.00,0.01,0.04,0.01,0.05,0.0,0.0,0.0,0.0,0.0,0.0,0.0,0.0,0.0,0.0,0.0,0.0,0.0,0.0,0.0,0.0,0.0,0.0,0.0,0.0,0.0,0.0,0.0,0.0,2,2,100.0,0.19,0.19,0.00,0.00,9.9,407,478,85.1,6741,2822,166,181,91.7,203,225,90.2,21,49,42.9,1,15,0,0,14,465,13,5,2,0,0,1,0,0,2,0.19,2,0.19,2,0,0,0,0,0,1,0.09,1,0,0,0,0,0,10,8,5,5,0,4,11,36.4,7,14,13,1,7,17,44,0,10.7,572,81,312,254,11,7,572,0,0,,0,,311,1630,859,4,0,0,2,1,353,1,66923,3480000
Ivan Toney,FW,Brentford,25,33,32,2909.0,32.3,12,5,17,7,5,5,8,0,11.4,7.4,5.8,13.3,0.37,0.15,0.53,0.22,0.35,0.18,0.23,0.41,0.0,0.0,0.0,0.0,0.0,0.0,0.0,0.0,0.0,0.0,0.0,0.0,0.0,0.0,0.0,0.0,0.0,0.0,0.0,0.0,0.0,0.0,0.0,0.0,83,24,28.9,2.57,0.74,0.08,0.29,15.8,440,779,56.5,5786,2033,266,411,64.7,108,204,52.9,23,51,45.1,43,56,25,2,83,756,17,4,16,2,28,12,0,6,94,2.91,94,2.91,57,1,2,18,14,2,10,0.31,5,0,1,0,4,0,33,21,5,20,8,12,38,31.6,26,16,2,14,14,47,44,1,32.3,1198,53,144,515,550,158,1193,50,24,48.0,26,52.0,640,2577,1042,28,26,13,109,44,910,168,21154,1100000
Jack Butland,GK,Crystal Palace,28,9,8,765.0,8.5,0,0,0,0,0,0,0,0,0.0,0.0,0.0,0.0,0.00,0.00,0.00,0.00,0.00,0.00,0.00,0.00,1.53,28,16,53.6,1,12.5,9.7,0.31,25,93,26.9,221,40,28.5,29.8,66,45.5,36.3,139,11,7.9,7,0.82,11.2,0,0,,0.00,0.00,,,,214,287,74.6,4835,2860,61,61,100.0,108,108,100.0,40,113,35.4,0,2,0,0,0,193,94,28,0,0,0,0,0,0,0,0.00,0,0.00,0,0,0,0,0,0,0,0.00,0,0,0,0,0,0,0,0,0,0,0,0,0,,0,0,0,0,0,0,1,0,8.5,296,259,295,1,0,0,296,0,0,,0,,162,755,337,0,0,0,0,0,138,0,45000,2340000
Jack Cork,MF,Burnley,32,20,20,1670.0,18.6,1,0,1,1,0,0,4,0,0.7,0.7,0.3,1.0,0.05,0.00,0.05,0.05,0.04,0.02,0.04,0.05,0.0,0.0,0.0,0.0,0.0,0.0,0.0,0.0,0.0,0.0,0.0,0.0,0.0,0.0,0.0,0.0,0.0,0.0,0.0,0.0,0.0,0.0,0.0,0.0,7,1,14.3,0.38,0.05,0.14,1.00,18.0,423,577,73.3,6846,1918,217,273,79.5,143,191,74.9,43,71,60.6,6,45,5,1,46,567,7,3,0,5,8,1,0,3,11,0.59,11,0.59,10,0,0,0,1,0,0,0.00,0,0,0,0,0,0,20,6,6,11,3,7,20,35.0,13,17,4,13,17,37,29,1,18.6,740,39,130,492,121,10,740,13,7,53.8,6,46.2,309,1204,430,12,7,0,18,20,389,12,38077,1980000
Jack Grealish,FW,Manchester City,25,26,22,1914.0,21.3,3,3,6,3,0,0,3,0,5.3,5.3,6.0,11.3,0.14,0.14,0.28,0.14,0.25,0.28,0.25,0.53,0.0,0.0,0.0,0.0,0.0,0.0,0.0,0.0,0.0,0.0,0.0,0.0,0.0,0.0,0.0,0.0,0.0,0.0,0.0,0.0,0.0,0.0,0.0,0.0,45,16,35.6,2.12,0.75,0.07,0.19,14.6,833,971,85.8,11275,2149,543,578,93.9,230,260,88.5,30,42,71.4,53,30,43,1,100,938,30,5,2,2,32,8,10,3,119,5.60,119,5.60,98,1,4,5,10,1,6,0.28,6,0,0,0,0,0,18,17,4,10,4,5,13,38.5,8,11,1,10,8,26,7,0,21.3,1173,15,68,359,761,162,1173,68,40,58.8,28,41.2,906,7308,3915,153,74,83,31,29,997,267,300000,15600000
Jack Harrison,"FW,MF",Leeds United,24,35,32,2639.0,29.3,8,1,9,8,0,0,3,0,4.4,4.4,3.2,7.6,0.27,0.03,0.31,0.27,0.15,0.11,0.15,0.26,0.0,0.0,0.0,0.0,0.0,0.0,0.0,0.0,0.0,0.0,0.0,0.0,0.0,0.0,0.0,0.0,0.0,0.0,0.0,0.0,0.0,0.0,0.0,0.0,43,17,39.5,1.47,0.58,0.19,0.47,17.2,656,1045,62.8,9472,3280,407,510,79.8,187,300,62.3,36,117,30.8,42,49,35,8,89,983,55,5,7,2,142,26,24,7,86,2.93,86,2.93,55,7,11,8,4,1,4,0.14,1,0,1,2,0,0,57,37,22,22,13,31,76,40.8,45,35,1,34,21,78,19,0,29.3,1448,30,260,558,651,95,1448,114,54,47.4,60,52.6,858,5585,2996,120,60,35,87,66,948,234,15000,780000
Jack Stephens,DF,Southampton,27,11,9,811.0,9.0,0,0,0,0,0,0,3,0,0.0,0.0,0.3,0.3,0.00,0.00,0.00,0.00,0.00,0.04,0.00,0.04,0.0,0.0,0.0,0.0,0.0,0.0,0.0,0.0,0.0,0.0,0.0,0.0,0.0,0.0,0.0,0.0,0.0,0.0,0.0,0.0,0.0,0.0,0.0,0.0,0,0,,0.00,0.00,,,,361,474,76.2,6659,2565,143,158,90.5,184,219,84.0,29,79,36.7,4,24,1,0,28,451,21,13,0,3,0,8,0,2,6,0.67,6,0.67,6,0,0,0,0,0,0,0.00,0,0,0,0,0,0,19,12,13,5,1,6,16,37.5,10,12,7,5,19,38,42,0,9.0,566,77,288,260,21,3,566,2,2,100.0,0,0.0,307,1542,991,7,9,0,2,1,318,3,47885,2490000
Jacob Murphy,"FW,DF",Newcastle Utd,26,33,13,1473.0,16.4,1,2,3,1,0,0,4,0,2.2,2.2,2.6,4.8,0.06,0.12,0.18,0.06,0.13,0.16,0.13,0.29,0.0,0.0,0.0,0.0,0.0,0.0,0.0,0.0,0.0,0.0,0.0,0.0,0.0,0.0,0.0,0.0,0.0,0.0,0.0,0.0,0.0,0.0,0.0,0.0,27,5,18.5,1.65,0.31,0.04,0.20,19.3,364,581,62.7,5480,1975,182,233,78.1,119,183,65.0,29,82,35.4,20,33,19,6,44,492,86,9,1,3,54,73,4,3,46,2.81,46,2.81,34,2,2,5,3,0,6,0.37,3,0,0,2,1,0,49,26,34,11,4,26,41,63.4,15,20,2,18,23,72,17,0,16.4,795,33,215,300,298,57,795,29,13,44.8,16,55.2,405,2839,1419,51,28,21,29,21,421,80,25000,1300000
Jacob Ramsey,MF,Aston Villa,20,34,29,2467.0,27.4,6,1,7,6,0,0,6,0,4.0,4.0,1.9,5.9,0.22,0.04,0.26,0.22,0.15,0.07,0.15,0.22,0.0,0.0,0.0,0.0,0.0,0.0,0.0,0.0,0.0,0.0,0.0,0.0,0.0,0.0,0.0,0.0,0.0,0.0,0.0,0.0,0.0,0.0,0.0,0.0,34,11,32.4,1.24,0.40,0.18,0.55,18.3,889,1045,85.1,13297,3505,484,548,88.3,323,359,90.0,48,64,75.0,21,92,21,4,132,1030,13,7,3,1,26,3,0,2,75,2.74,75,2.74,55,0,7,2,9,2,6,0.22,5,0,0,1,0,0,67,44,31,28,8,30,69,43.5,39,36,7,29,24,91,28,0,27.4,1361,49,243,725,406,59,1361,48,30,62.5,18,37.5,905,6506,3090,91,63,22,58,36,993,92,7500,390000
Jaden Philogene Bidace,FW,Aston Villa,19,1,0,5.0,0.1,0,0,0,0,0,0,0,0,0.0,0.0,0.0,0.0,0.00,0.00,0.00,0.00,0.00,0.00,0.00,0.00,0.0,0.0,0.0,0.0,0.0,0.0,0.0,0.0,0.0,0.0,0.0,0.0,0.0,0.0,0.0,0.0,0.0,0.0,0.0,0.0,0.0,0.0,0.0,0.0,0,0,,0.00,0.00,,,,0,2,0.0,0,0,0,0,,0,0,,0,0,,0,0,0,0,0,2,0,0,0,0,0,0,0,0,1,18.00,1,18.00,0,0,0,0,1,0,0,0.00,0,0,0,0,0,0,0,0,0,0,0,0,0,,0,0,0,0,0,0,0,0,0.1,3,0,0,2,1,0,3,0,0,,0,,3,20,0,0,1,0,0,3,3,0,0.0,0.0
Jadon Sancho,"FW,MF",Manchester Utd,21,29,20,1900.0,21.1,3,3,6,3,0,0,0,0,3.6,3.6,4.1,7.7,0.14,0.14,0.28,0.14,0.17,0.19,0.17,0.37,0.0,0.0,0.0,0.0,0.0,0.0,0.0,0.0,0.0,0.0,0.0,0.0,0.0,0.0,0.0,0.0,0.0,0.0,0.0,0.0,0.0,0.0,0.0,0.0,26,9,34.6,1.23,0.43,0.12,0.33,14.1,805,984,81.8,10392,2336,525,602,87.2,218,271,80.4,21,30,70.0,41,31,39,7,88,955,26,0,5,2,28,18,7,3,88,4.17,88,4.17,73,3,9,2,1,0,9,0.43,7,0,2,0,0,0,14,8,9,4,1,8,22,36.4,14,19,0,19,15,29,5,3,21.1,1188,11,146,451,610,105,1188,85,47,55.3,38,44.7,770,5515,3067,111,70,43,44,27,928,222,350000,18200000
Jakob Sørensen,"MF,DF",Norwich City,23,10,6,604.0,6.7,0,0,0,0,0,0,0,0,0.5,0.5,0.0,0.5,0.00,0.00,0.00,0.00,0.07,0.00,0.07,0.07,0.0,0.0,0.0,0.0,0.0,0.0,0.0,0.0,0.0,0.0,0.0,0.0,0.0,0.0,0.0,0.0,0.0,0.0,0.0,0.0,0.0,0.0,0.0,0.0,5,1,20.0,0.75,0.15,0.00,0.00,16.5,251,309,81.2,4615,1347,98,111,88.3,117,132,88.6,29,50,58.0,0,21,2,1,20,299,9,4,0,5,2,4,1,1,5,0.75,5,0.75,3,0,0,0,0,2,0,0.00,0,0,0,0,0,0,22,11,6,14,2,10,20,50.0,10,7,3,4,10,32,19,0,6.7,381,33,154,195,37,8,381,4,3,75.0,1,25.0,219,1063,524,4,1,0,2,2,233,4,10000,520000
Jakub Moder,MF,Brighton,22,28,19,1701.0,18.9,0,3,3,0,0,0,1,0,2.6,2.6,2.2,4.8,0.00,0.16,0.16,0.00,0.14,0.12,0.14,0.25,0.0,0.0,0.0,0.0,0.0,0.0,0.0,0.0,0.0,0.0,0.0,0.0,0.0,0.0,0.0,0.0,0.0,0.0,0.0,0.0,0.0,0.0,0.0,0.0,28,6,21.4,1.48,0.32,0.00,0.00,16.6,581,814,71.4,8501,2438,320,399,80.2,194,264,73.5,28,55,50.9,16,57,20,5,89,786,26,10,6,1,45,7,7,2,41,2.17,41,2.17,27,2,3,7,1,1,4,0.21,3,0,0,1,0,0,42,25,18,17,7,23,42,54.8,19,25,2,23,10,52,22,1,18.9,1058,36,189,432,451,61,1058,29,12,41.4,17,58.6,567,2737,1277,42,42,8,50,19,729,102,10000,520000
Jamaal Lascelles,DF,Newcastle Utd,27,26,22,2058.0,22.9,1,0,1,1,0,0,5,0,0.9,0.9,0.4,1.3,0.04,0.00,0.04,0.04,0.04,0.02,0.04,0.06,0.0,0.0,0.0,0.0,0.0,0.0,0.0,0.0,0.0,0.0,0.0,0.0,0.0,0.0,0.0,0.0,0.0,0.0,0.0,0.0,0.0,0.0,0.0,0.0,17,4,23.5,0.74,0.17,0.06,0.25,10.2,516,696,74.1,10069,3526,133,184,72.3,331,392,84.4,43,95,45.3,4,20,1,0,18,679,12,4,0,6,0,1,0,5,10,0.44,10,0.44,9,0,0,1,0,0,1,0.04,1,0,0,0,0,0,15,7,9,5,1,4,12,33.3,8,38,28,10,22,37,121,1,22.9,949,221,624,262,67,52,949,2,1,50.0,1,50.0,413,1575,687,0,2,1,9,2,483,5,40000,2080000
Jamal Lewis,DF,Newcastle Utd,23,5,4,262.0,2.9,0,0,0,0,0,0,1,0,0.0,0.0,0.0,0.0,0.00,0.00,0.00,0.00,0.00,0.01,0.00,0.01,0.0,0.0,0.0,0.0,0.0,0.0,0.0,0.0,0.0,0.0,0.0,0.0,0.0,0.0,0.0,0.0,0.0,0.0,0.0,0.0,0.0,0.0,0.0,0.0,0,0,,0.00,0.00,,,,79,104,76.0,1281,448,34,40,85.0,38,47,80.9,4,10,40.0,1,3,0,0,7,81,23,1,0,0,3,22,0,0,2,0.69,2,0.69,2,0,0,0,0,0,1,0.34,1,0,0,0,0,0,8,6,6,1,1,3,4,75.0,1,3,2,1,3,11,8,0,2.9,131,8,54,45,32,1,131,3,0,0.0,3,100.0,59,251,100,3,0,0,1,7,66,7,38462,2000000
James Justin,DF,Leicester City,23,13,11,998.0,11.1,0,0,0,0,0,0,0,0,0.3,0.3,1.0,1.3,0.00,0.00,0.00,0.00,0.03,0.09,0.03,0.12,0.0,0.0,0.0,0.0,0.0,0.0,0.0,0.0,0.0,0.0,0.0,0.0,0.0,0.0,0.0,0.0,0.0,0.0,0.0,0.0,0.0,0.0,0.0,0.0,5,1,20.0,0.45,0.09,0.00,0.00,11.1,540,677,79.8,7701,2669,328,360,91.1,166,208,79.8,24,57,42.1,9,23,7,3,44,565,110,8,0,4,15,102,0,2,17,1.53,17,1.53,16,0,0,0,1,0,2,0.18,2,0,0,0,0,0,22,13,11,8,3,7,15,46.7,8,16,4,12,17,39,34,0,11.1,798,43,263,357,182,15,798,15,5,33.3,10,66.7,405,1922,911,23,18,1,5,10,470,52,8269,430000
James Maddison,"MF,FW",Leicester City,24,35,28,2459.0,27.3,12,8,20,12,0,0,3,0,7.5,7.5,5.1,12.7,0.44,0.29,0.73,0.44,0.28,0.19,0.28,0.46,0.0,0.0,0.0,0.0,0.0,0.0,0.0,0.0,0.0,0.0,0.0,0.0,0.0,0.0,0.0,0.0,0.0,0.0,0.0,0.0,0.0,0.0,0.0,0.0,72,33,45.8,2.64,1.21,0.17,0.36,20.7,796,1089,73.1,13401,4128,389,453,85.9,292,365,80.0,89,198,44.9,48,82,38,7,136,941,143,48,14,8,124,5,79,5,106,3.88,106,3.88,65,14,7,9,9,2,18,0.66,13,1,1,1,2,0,40,20,8,24,8,14,46,30.4,32,18,3,15,11,51,12,0,27.3,1343,19,173,648,535,73,1343,48,31,64.6,17,35.4,851,4504,1981,53,43,13,42,32,973,141,110000,5720000
James McArthur,MF,Crystal Palace,33,21,15,1439.0,16.0,0,3,3,0,0,0,4,0,0.3,0.3,1.4,1.7,0.00,0.19,0.19,0.00,0.02,0.09,0.02,0.11,0.0,0.0,0.0,0.0,0.0,0.0,0.0,0.0,0.0,0.0,0.0,0.0,0.0,0.0,0.0,0.0,0.0,0.0,0.0,0.0,0.0,0.0,0.0,0.0,9,3,33.3,0.56,0.19,0.00,0.00,20.9,773,940,82.2,13033,3152,357,397,89.9,330,366,90.2,61,114,53.5,16,64,19,4,84,887,52,26,3,1,18,12,2,1,35,2.19,35,2.19,30,1,1,1,2,0,4,0.25,4,0,0,0,0,0,33,23,13,19,1,16,44,36.4,28,23,9,14,30,63,27,0,16.0,1127,45,271,641,226,19,1127,30,21,70.0,9,30.0,629,3305,1472,29,26,4,22,14,699,22,55000,2860000
James Mcatee,"MF,FW",Manchester City,18,2,0,20.0,0.2,0,0,0,0,0,0,0,0,0.1,0.1,0.0,0.1,0.00,0.00,0.00,0.00,0.37,0.00,0.37,0.37,0.0,0.0,0.0,0.0,0.0,0.0,0.0,0.0,0.0,0.0,0.0,0.0,0.0,0.0,0.0,0.0,0.0,0.0,0.0,0.0,0.0,0.0,0.0,0.0,1,0,0.0,4.50,0.00,0.00,,10.7,9,13,69.2,141,7,3,5,60.0,6,6,100.0,0,1,0.0,0,0,0,0,1,13,0,0,0,0,0,0,0,0,0,0.00,0,0.00,0,0,0,0,0,0,0,0.00,0,0,0,0,0,0,0,0,0,0,0,0,2,0.0,2,0,0,0,0,0,0,0,0.2,16,0,1,10,5,3,16,1,1,100.0,0,0.0,7,55,30,2,0,1,1,2,12,3,0.0,0.0
James Milner,"MF,DF",Liverpool,35,24,9,853.0,9.5,0,1,1,0,0,0,2,0,0.4,0.4,2.2,2.5,0.00,0.11,0.11,0.00,0.04,0.23,0.04,0.26,0.0,0.0,0.0,0.0,0.0,0.0,0.0,0.0,0.0,0.0,0.0,0.0,0.0,0.0,0.0,0.0,0.0,0.0,0.0,0.0,0.0,0.0,0.0,0.0,10,2,20.0,1.06,0.21,0.00,0.00,23.8,646,777,83.1,11063,3500,301,327,92.0,264,312,84.6,62,95,65.3,22,73,18,6,73,715,60,16,2,4,43,30,14,2,40,4.22,40,4.22,29,8,1,1,1,0,2,0.21,1,1,0,0,0,0,28,16,12,11,5,12,29,41.4,17,19,5,14,17,45,20,0,9.5,903,39,166,488,252,12,903,6,2,33.3,4,66.7,492,1686,798,9,9,1,12,5,624,38,140000,7280000
James Tarkowski,DF,Burnley,28,35,35,3106.0,34.5,1,2,3,1,0,0,11,0,2.5,2.5,0.5,3.0,0.03,0.06,0.09,0.03,0.07,0.01,0.07,0.09,0.0,0.0,0.0,0.0,0.0,0.0,0.0,0.0,0.0,0.0,0.0,0.0,0.0,0.0,0.0,0.0,0.0,0.0,0.0,0.0,0.0,0.0,0.0,0.0,22,6,27.3,0.64,0.17,0.05,0.17,11.3,816,1190,68.6,18096,8529,259,356,72.8,369,479,77.0,172,314,54.8,10,75,12,0,97,1160,25,21,1,34,1,4,0,5,28,0.81,28,0.81,24,1,0,2,0,1,2,0.06,2,0,0,0,0,0,65,45,47,17,1,33,47,70.2,14,75,61,14,48,113,186,4,34.5,1623,276,819,702,115,67,1623,7,5,71.4,2,28.6,596,2550,1226,3,6,0,13,5,702,11,50000,2600000
James Tomkins,DF,Crystal Palace,32,8,6,547.0,6.1,1,0,1,1,0,0,2,0,0.5,0.5,0.2,0.7,0.16,0.00,0.16,0.16,0.08,0.03,0.08,0.11,0.0,0.0,0.0,0.0,0.0,0.0,0.0,0.0,0.0,0.0,0.0,0.0,0.0,0.0,0.0,0.0,0.0,0.0,0.0,0.0,0.0,0.0,0.0,0.0,4,2,50.0,0.66,0.33,0.25,0.50,13.7,277,320,86.6,6021,1857,58,68,85.3,177,188,94.1,40,61,65.6,2,5,0,0,8,301,19,17,0,2,0,1,0,0,3,0.49,3,0.49,3,0,0,0,0,0,0,0.00,0,0,0,0,0,0,8,3,6,2,0,6,8,75.0,2,8,8,0,4,12,18,0,6.1,373,78,260,104,9,8,373,1,1,100.0,0,0.0,211,797,313,1,0,0,2,0,249,1,50000,2600000
James Ward-Prowse,MF,Southampton,26,36,36,3215.0,35.7,10,5,15,6,4,4,3,1,5.4,2.2,6.5,8.7,0.28,0.14,0.42,0.17,0.15,0.18,0.06,0.24,0.0,0.0,0.0,0.0,0.0,0.0,0.0,0.0,0.0,0.0,0.0,0.0,0.0,0.0,0.0,0.0,0.0,0.0,0.0,0.0,0.0,0.0,0.0,0.0,51,20,39.2,1.43,0.56,0.12,0.30,27.9,1657,2137,77.5,27629,9209,813,880,92.4,635,760,83.6,156,390,40.0,71,169,16,10,189,1802,330,103,5,15,302,3,212,5,132,3.70,132,3.70,71,53,0,5,0,3,7,0.20,3,4,0,0,0,0,41,24,12,24,5,19,70,27.1,51,43,15,28,40,81,45,1,35.7,2438,77,415,1288,748,20,2434,20,12,60.0,8,40.0,1070,3992,1726,21,29,3,20,25,1362,42,45000,2340000
Jamie Shackleton,"DF,MF",Leeds United,21,14,7,709.0,7.9,0,0,0,0,0,0,4,0,0.2,0.2,0.0,0.2,0.00,0.00,0.00,0.00,0.02,0.00,0.02,0.02,0.0,0.0,0.0,0.0,0.0,0.0,0.0,0.0,0.0,0.0,0.0,0.0,0.0,0.0,0.0,0.0,0.0,0.0,0.0,0.0,0.0,0.0,0.0,0.0,4,1,25.0,0.51,0.13,0.00,0.00,18.3,353,409,86.3,5216,1417,180,194,92.8,151,166,91.0,9,18,50.0,1,23,2,0,36,347,62,3,0,0,4,59,0,0,10,1.27,10,1.27,8,1,0,1,0,0,1,0.13,0,0,0,1,0,0,27,16,19,7,1,13,25,52.0,12,11,7,4,8,35,12,1,7.9,499,26,190,225,91,14,499,17,11,64.7,6,35.3,246,1329,719,20,13,4,5,2,276,20,1500,78000
Jamie Vardy,FW,Leicester City,34,25,20,1806.0,20.1,15,2,17,15,0,0,2,0,10.8,10.8,1.4,12.2,0.75,0.10,0.85,0.75,0.54,0.07,0.54,0.61,0.0,0.0,0.0,0.0,0.0,0.0,0.0,0.0,0.0,0.0,0.0,0.0,0.0,0.0,0.0,0.0,0.0,0.0,0.0,0.0,0.0,0.0,0.0,0.0,54,25,46.3,2.69,1.25,0.28,0.60,12.4,184,265,69.4,2679,550,86,121,71.1,69,88,78.4,8,13,61.5,18,9,15,2,28,225,38,1,2,0,12,0,0,2,39,1.94,39,1.94,29,0,4,3,2,1,6,0.30,2,0,2,1,1,0,6,5,0,4,2,1,7,14.3,6,9,0,9,1,7,17,0,20.1,409,18,26,152,234,104,409,22,9,40.9,13,59.1,200,1392,748,37,17,25,25,8,273,112,140000,7280000
Jan Bednarek,DF,Southampton,25,31,30,2629.0,29.2,4,0,4,4,0,0,10,0,2.2,2.2,0.4,2.6,0.14,0.00,0.14,0.14,0.08,0.01,0.08,0.09,0.0,0.0,0.0,0.0,0.0,0.0,0.0,0.0,0.0,0.0,0.0,0.0,0.0,0.0,0.0,0.0,0.0,0.0,0.0,0.0,0.0,0.0,0.0,0.0,19,7,36.8,0.65,0.24,0.21,0.57,8.9,1201,1490,80.6,22224,8000,462,523,88.3,597,693,86.1,117,231,50.6,6,81,1,1,61,1399,90,45,0,6,1,43,0,1,22,0.75,22,0.75,16,3,0,1,0,2,1,0.03,1,0,0,0,0,0,32,15,18,13,1,19,33,57.6,14,48,27,21,72,104,141,0,29.2,1828,206,865,904,72,33,1828,1,1,100.0,0,0.0,873,3515,1642,0,8,0,7,4,993,5,20000,1040000
Jannik Vestergaard,DF,Leicester City,28,10,6,567.0,6.3,0,0,0,0,0,0,2,0,0.1,0.1,0.0,0.1,0.00,0.00,0.00,0.00,0.02,0.00,0.02,0.02,0.0,0.0,0.0,0.0,0.0,0.0,0.0,0.0,0.0,0.0,0.0,0.0,0.0,0.0,0.0,0.0,0.0,0.0,0.0,0.0,0.0,0.0,0.0,0.0,1,0,0.0,0.16,0.00,0.00,,4.0,335,377,88.9,6618,2247,118,129,91.5,171,182,94.0,42,59,71.2,1,14,1,0,19,368,9,9,0,6,0,0,0,0,3,0.48,3,0.48,3,0,0,0,0,0,0,0.00,0,0,0,0,0,0,15,10,12,3,0,8,15,53.3,7,10,8,2,7,22,36,0,6.3,457,93,255,192,10,5,457,4,4,100.0,0,0.0,273,1189,563,2,3,0,4,0,308,0,75000,3900000
Japhet Tanganga,DF,Tottenham,22,11,10,735.0,8.2,0,0,0,0,0,0,4,1,0.4,0.4,0.2,0.7,0.00,0.00,0.00,0.00,0.05,0.03,0.05,0.08,0.0,0.0,0.0,0.0,0.0,0.0,0.0,0.0,0.0,0.0,0.0,0.0,0.0,0.0,0.0,0.0,0.0,0.0,0.0,0.0,0.0,0.0,0.0,0.0,7,2,28.6,0.86,0.24,0.00,0.00,13.3,333,407,81.8,4995,1531,175,191,91.6,124,158,78.5,19,36,52.8,2,9,4,1,20,352,55,5,0,3,11,50,0,0,3,0.37,3,0.37,2,0,0,1,0,0,0,0.00,0,0,0,0,0,0,14,8,7,6,1,9,19,47.4,10,13,5,8,9,23,31,0,8.2,493,45,163,241,94,10,493,7,5,71.4,2,28.6,275,1388,782,13,11,2,7,5,315,21,23077,1200000
Jarrad Branthwaite,DF,Everton,19,6,4,388.0,4.3,1,0,1,1,0,0,0,1,0.5,0.5,0.0,0.5,0.23,0.00,0.23,0.23,0.12,0.00,0.12,0.12,0.0,0.0,0.0,0.0,0.0,0.0,0.0,0.0,0.0,0.0,0.0,0.0,0.0,0.0,0.0,0.0,0.0,0.0,0.0,0.0,0.0,0.0,0.0,0.0,3,2,66.7,0.70,0.46,0.33,0.50,14.0,89,117,76.1,1392,666,45,53,84.9,33,42,78.6,7,15,46.7,0,9,0,0,12,108,9,7,0,0,0,2,0,0,0,0.00,0,0.00,0,0,0,0,0,0,0,0.00,0,0,0,0,0,0,4,1,3,1,0,3,8,37.5,5,3,2,1,1,5,20,0,4.3,158,24,77,79,5,2,158,2,1,50.0,1,50.0,62,242,125,1,0,0,4,1,72,0,15000,780000
Jarrod Bowen,FW,West Ham,24,36,34,2983.0,33.1,12,10,22,12,0,0,6,0,11.9,11.9,6.1,18.0,0.36,0.30,0.66,0.36,0.36,0.18,0.36,0.54,0.0,0.0,0.0,0.0,0.0,0.0,0.0,0.0,0.0,0.0,0.0,0.0,0.0,0.0,0.0,0.0,0.0,0.0,0.0,0.0,0.0,0.0,0.0,0.0,79,34,43.0,2.38,1.03,0.15,0.35,15.7,574,863,66.5,9502,2529,302,372,81.2,167,225,74.2,74,171,43.3,41,30,24,3,66,748,110,18,3,11,141,3,85,5,98,2.96,98,2.96,56,16,11,9,5,1,19,0.57,9,3,3,1,3,0,36,20,20,11,5,17,44,38.6,27,29,2,27,21,57,14,0,33.1,1225,27,171,460,625,139,1225,88,50,56.8,38,43.2,710,4968,1928,74,43,43,65,52,769,204,96154,5000000
Jason Steele,GK,Brighton,30,1,1,90.0,1.0,0,0,0,0,0,0,0,0,0.0,0.0,0.0,0.0,0.00,0.00,0.00,0.00,0.00,0.00,0.00,0.00,2.00,5,3,60.0,0,0.0,1.6,0.33,2,6,33.3,32,2,9.4,23.9,6,50.0,40.0,16,0,0.0,0,0.00,9.3,0,0,,0.00,0.00,,,,34,38,89.5,744,408,9,9,100.0,21,21,100.0,4,8,50.0,0,0,0,0,0,32,6,0,0,0,0,0,0,0,0,0.00,0,0.00,0,0,0,0,0,0,0,0.00,0,0,0,0,0,0,0,0,0,0,0,0,0,,0,0,0,0,0,0,0,0,1.0,41,37,41,1,0,0,41,0,0,,0,,19,98,28,0,0,0,0,0,28,0,15962,830000
Javier Manquillo,DF,Newcastle Utd,27,19,15,1257.0,14.0,1,2,3,1,0,0,5,0,0.3,0.3,0.3,0.6,0.07,0.14,0.21,0.07,0.02,0.02,0.02,0.04,0.0,0.0,0.0,0.0,0.0,0.0,0.0,0.0,0.0,0.0,0.0,0.0,0.0,0.0,0.0,0.0,0.0,0.0,0.0,0.0,0.0,0.0,0.0,0.0,4,2,50.0,0.29,0.14,0.25,0.50,15.2,308,424,72.6,4133,1621,194,223,87.0,85,124,68.5,12,38,31.6,4,19,0,0,22,321,102,3,0,0,9,99,0,1,13,0.93,13,0.93,11,0,0,0,2,0,4,0.29,3,0,0,0,1,0,39,29,28,10,1,21,36,58.3,15,15,6,9,10,49,32,0,14.0,573,56,244,215,119,8,573,18,10,55.6,8,44.4,214,1018,442,6,11,0,14,3,230,25,35000,1820000
Jay Rodriguez,FW,Burnley,32,29,13,1382.0,15.4,2,2,4,2,0,0,3,0,4.8,4.8,2.1,6.9,0.13,0.13,0.26,0.13,0.31,0.14,0.31,0.45,0.0,0.0,0.0,0.0,0.0,0.0,0.0,0.0,0.0,0.0,0.0,0.0,0.0,0.0,0.0,0.0,0.0,0.0,0.0,0.0,0.0,0.0,0.0,0.0,41,11,26.8,2.67,0.72,0.05,0.18,15.1,185,313,59.1,2439,672,127,185,68.6,39,78,50.0,9,19,47.4,12,16,3,1,19,307,3,0,1,1,7,1,0,3,29,1.89,29,1.89,18,1,1,6,3,0,4,0.26,2,1,0,1,0,0,20,12,8,8,4,4,14,28.6,10,19,1,18,4,24,12,0,15.4,492,16,74,202,220,54,492,15,8,53.3,7,46.7,230,1132,445,18,18,3,29,13,336,60,35000,1820000
Jaïro Riedewald,MF,Crystal Palace,24,3,1,118.0,1.3,0,0,0,0,0,0,0,0,0.0,0.0,0.1,0.1,0.00,0.00,0.00,0.00,0.00,0.07,0.00,0.07,0.0,0.0,0.0,0.0,0.0,0.0,0.0,0.0,0.0,0.0,0.0,0.0,0.0,0.0,0.0,0.0,0.0,0.0,0.0,0.0,0.0,0.0,0.0,0.0,0,0,,0.00,0.00,,,,47,56,83.9,795,204,27,31,87.1,16,16,100.0,4,7,57.1,2,4,0,0,4,51,5,2,0,1,2,1,2,0,4,3.08,4,3.08,2,1,1,0,0,0,0,0.00,0,0,0,0,0,0,1,1,0,1,0,1,2,50.0,1,1,0,1,1,2,2,0,1.3,65,3,19,37,12,1,65,2,1,50.0,1,50.0,39,155,74,1,4,0,1,1,43,2,55000,2860000
Jean-Philippe Gbamin,MF,Everton,25,3,1,67.0,0.7,0,0,0,0,0,0,0,0,0.0,0.0,0.0,0.0,0.00,0.00,0.00,0.00,0.00,0.00,0.00,0.00,0.0,0.0,0.0,0.0,0.0,0.0,0.0,0.0,0.0,0.0,0.0,0.0,0.0,0.0,0.0,0.0,0.0,0.0,0.0,0.0,0.0,0.0,0.0,0.0,0,0,,0.00,0.00,,,,16,22,72.7,207,38,11,13,84.6,4,6,66.7,0,1,0.0,0,1,0,0,0,21,1,1,0,1,0,0,0,0,0,0.00,0,0.00,0,0,0,0,0,0,0,0.00,0,0,0,0,0,0,1,1,1,0,0,0,2,0.0,2,0,0,0,1,2,1,0,0.7,31,1,7,23,1,0,31,3,2,66.7,1,33.3,15,106,51,1,0,0,2,2,21,0,75000,3900000
Jean-Philippe Mateta,FW,Crystal Palace,24,22,13,1145.0,12.7,5,1,6,5,0,0,2,0,5.8,5.8,1.3,7.1,0.39,0.08,0.47,0.39,0.46,0.10,0.46,0.56,0.0,0.0,0.0,0.0,0.0,0.0,0.0,0.0,0.0,0.0,0.0,0.0,0.0,0.0,0.0,0.0,0.0,0.0,0.0,0.0,0.0,0.0,0.0,0.0,37,18,48.6,2.91,1.41,0.14,0.28,11.2,158,238,66.4,1749,253,106,142,74.6,29,44,65.9,2,7,28.6,7,4,3,1,6,225,11,0,0,0,6,0,0,2,20,1.57,20,1.57,14,0,0,4,0,2,2,0.16,1,0,0,1,0,0,8,4,2,5,1,3,18,16.7,15,11,3,8,4,12,13,0,12.7,387,16,36,194,160,63,387,17,10,58.8,7,41.2,199,882,366,16,6,7,28,23,273,46,53462,2780000
Jed Steer,GK,Aston Villa,28,1,1,90.0,1.0,0,0,0,0,0,0,0,0,0.0,0.0,0.0,0.0,0.00,0.00,0.00,0.00,0.00,0.00,0.00,0.00,3.00,4,1,25.0,0,0.0,2.2,0.55,3,11,27.3,32,7,28.1,30.4,6,33.3,31.2,11,1,9.1,1,1.00,16.3,0,0,,0.00,0.00,,,,30,38,78.9,700,558,8,8,100.0,17,17,100.0,5,13,38.5,0,0,0,0,0,29,9,3,0,0,0,0,0,0,0,0.00,0,0.00,0,0,0,0,0,0,0,0.00,0,0,0,0,0,0,0,0,0,0,0,0,0,,0,0,0,0,0,0,0,0,1.0,38,34,37,1,0,0,38,0,0,,0,,19,123,70,0,0,0,0,0,18,0,8077,420000
Jeff Hendrick,MF,Newcastle Utd,29,3,0,72.0,0.8,1,0,1,1,0,0,0,0,0.1,0.1,0.0,0.1,1.25,0.00,1.25,1.25,0.11,0.03,0.11,0.14,0.0,0.0,0.0,0.0,0.0,0.0,0.0,0.0,0.0,0.0,0.0,0.0,0.0,0.0,0.0,0.0,0.0,0.0,0.0,0.0,0.0,0.0,0.0,0.0,1,1,100.0,1.25,1.25,1.00,1.00,28.1,27,29,93.1,489,43,12,13,92.3,12,12,100.0,3,4,75.0,1,2,0,0,0,28,1,0,0,1,0,0,0,0,1,1.23,1,1.23,1,0,0,0,0,0,0,0.00,0,0,0,0,0,0,1,1,0,1,0,1,1,100.0,0,0,0,0,0,1,1,0,0.8,37,1,3,26,8,1,37,1,0,0.0,1,100.0,22,95,28,1,0,0,2,1,26,1,35000,1820000
Jeffrey Schlupp,"MF,FW",Crystal Palace,28,32,20,1851.0,20.6,4,1,5,4,0,0,1,0,3.4,3.4,1.6,4.9,0.19,0.05,0.24,0.19,0.16,0.08,0.16,0.24,0.0,0.0,0.0,0.0,0.0,0.0,0.0,0.0,0.0,0.0,0.0,0.0,0.0,0.0,0.0,0.0,0.0,0.0,0.0,0.0,0.0,0.0,0.0,0.0,33,9,27.3,1.60,0.44,0.12,0.44,14.3,493,668,73.8,7971,2386,249,302,82.5,201,253,79.4,29,55,52.7,18,46,12,2,70,654,8,6,3,5,20,1,0,6,46,2.24,46,2.24,33,0,6,4,3,0,7,0.34,3,0,1,1,2,0,46,25,16,23,7,24,50,48.0,26,39,9,30,18,64,32,0,20.6,971,46,235,509,243,59,971,58,35,60.3,23,39.7,520,2680,1218,31,25,11,42,33,565,60,55962,2910000
Jeremy Ngakia,DF,Watford,20,16,9,903.0,10.0,0,0,0,0,0,0,0,0,0.1,0.1,0.5,0.6,0.00,0.00,0.00,0.00,0.01,0.05,0.01,0.06,0.0,0.0,0.0,0.0,0.0,0.0,0.0,0.0,0.0,0.0,0.0,0.0,0.0,0.0,0.0,0.0,0.0,0.0,0.0,0.0,0.0,0.0,0.0,0.0,5,0,0.0,0.50,0.00,0.00,,27.2,322,442,72.9,5489,2535,147,175,84.0,139,172,80.8,26,61,42.6,4,37,7,3,39,352,87,6,1,1,25,78,3,3,16,1.59,16,1.59,8,4,0,1,3,0,2,0.20,1,0,0,0,1,0,31,18,23,5,3,11,26,42.3,15,11,4,7,12,43,32,0,10.0,567,41,234,226,113,2,567,17,9,52.9,8,47.1,245,1240,685,18,9,1,10,5,259,20,2500,130000
Jeremy Sarmiento,"FW,MF",Brighton,19,5,1,48.0,0.5,0,0,0,0,0,0,0,0,0.0,0.0,0.0,0.0,0.00,0.00,0.00,0.00,0.00,0.00,0.00,0.00,0.0,0.0,0.0,0.0,0.0,0.0,0.0,0.0,0.0,0.0,0.0,0.0,0.0,0.0,0.0,0.0,0.0,0.0,0.0,0.0,0.0,0.0,0.0,0.0,0,0,,0.00,0.00,,,,14,20,70.0,156,37,8,12,66.7,5,5,100.0,0,0,,0,1,1,0,1,18,1,0,0,0,0,1,0,1,0,0.00,0,0.00,0,0,0,0,0,0,0,0.00,0,0,0,0,0,0,1,1,0,0,1,0,2,0.0,2,2,0,2,0,1,0,0,0.5,31,0,2,9,21,1,31,4,1,25.0,3,75.0,18,195,103,4,1,1,4,1,19,3,0.0,0.0
Jesse Lingard,"FW,MF",Manchester Utd,28,16,2,367.0,4.1,2,0,2,2,0,0,1,0,0.6,0.6,0.3,1.0,0.49,0.00,0.49,0.49,0.16,0.08,0.16,0.24,0.0,0.0,0.0,0.0,0.0,0.0,0.0,0.0,0.0,0.0,0.0,0.0,0.0,0.0,0.0,0.0,0.0,0.0,0.0,0.0,0.0,0.0,0.0,0.0,8,6,75.0,1.96,1.47,0.25,0.33,18.6,128,153,83.7,1533,382,75,85,88.2,33,41,80.5,0,4,0.0,8,11,2,0,13,152,1,0,2,0,8,0,0,0,16,3.92,16,3.92,13,0,0,2,1,0,1,0.25,0,0,0,1,0,0,9,7,4,3,2,2,6,33.3,4,4,0,4,0,9,1,0,4.1,200,2,18,89,93,8,200,6,2,33.3,4,66.7,127,542,311,9,5,1,12,5,152,22,75000,3900000
Jesurun Rak Sakyi,"FW,MF",Crystal Palace,18,2,1,80.0,0.9,0,0,0,0,0,0,0,0,0.0,0.0,0.0,0.0,0.00,0.00,0.00,0.00,0.00,0.00,0.00,0.00,0.0,0.0,0.0,0.0,0.0,0.0,0.0,0.0,0.0,0.0,0.0,0.0,0.0,0.0,0.0,0.0,0.0,0.0,0.0,0.0,0.0,0.0,0.0,0.0,0,0,,0.00,0.00,,,,22,26,84.6,246,32,17,17,100.0,2,2,100.0,1,1,100.0,0,1,0,0,0,24,2,2,0,0,2,0,0,0,0,0.00,0,0.00,0,0,0,0,0,0,0,0.00,0,0,0,0,0,0,0,0,0,0,0,0,1,0.0,1,3,0,3,1,1,0,0,0.9,41,1,6,21,14,1,41,2,0,0.0,2,100.0,25,160,81,2,1,0,3,2,27,4,0.0,0.0
Joachim Andersen,DF,Crystal Palace,25,34,32,2916.0,32.4,0,3,3,0,0,0,4,0,0.7,0.7,1.7,2.4,0.00,0.09,0.09,0.00,0.02,0.05,0.02,0.07,0.0,0.0,0.0,0.0,0.0,0.0,0.0,0.0,0.0,0.0,0.0,0.0,0.0,0.0,0.0,0.0,0.0,0.0,0.0,0.0,0.0,0.0,0.0,0.0,8,3,37.5,0.25,0.09,0.00,0.00,15.3,1911,2351,81.3,44144,15836,410,480,85.4,1138,1224,93.0,349,604,57.8,20,151,11,2,100,2252,95,86,3,32,8,5,0,4,33,1.02,33,1.02,30,1,0,1,0,1,4,0.12,3,0,0,1,0,0,30,23,21,9,0,16,27,59.3,11,29,19,10,37,67,125,3,32.4,2614,425,1538,1005,80,32,2614,9,7,77.8,2,22.2,1604,8191,4478,14,5,2,8,8,1865,4,70000,3640000
Joe Gelhardt,"FW,MF",Leeds United,19,20,5,746.0,8.3,2,2,4,2,0,0,4,0,3.0,3.0,1.6,4.6,0.24,0.24,0.48,0.24,0.36,0.20,0.36,0.56,0.0,0.0,0.0,0.0,0.0,0.0,0.0,0.0,0.0,0.0,0.0,0.0,0.0,0.0,0.0,0.0,0.0,0.0,0.0,0.0,0.0,0.0,0.0,0.0,23,9,39.1,2.77,1.09,0.09,0.22,15.4,106,163,65.0,1166,344,58,81,71.6,28,46,60.9,2,5,40.0,9,5,10,2,15,136,27,0,1,0,3,0,0,0,26,3.14,26,3.14,16,0,4,1,5,0,6,0.72,2,0,2,0,2,0,4,3,1,0,3,2,10,20.0,8,9,0,9,0,4,3,0,8.3,274,5,17,123,137,44,274,29,17,58.6,12,41.4,158,869,463,17,12,11,30,19,199,55,16538,860000
Joe Gomez,DF,Liverpool,24,8,4,331.0,3.7,0,1,1,0,0,0,2,0,0.0,0.0,0.8,0.8,0.00,0.27,0.27,0.00,0.01,0.21,0.01,0.22,0.0,0.0,0.0,0.0,0.0,0.0,0.0,0.0,0.0,0.0,0.0,0.0,0.0,0.0,0.0,0.0,0.0,0.0,0.0,0.0,0.0,0.0,0.0,0.0,1,0,0.0,0.27,0.00,0.00,,30.3,230,292,78.8,4200,1139,103,119,86.6,101,126,80.2,24,37,64.9,3,27,3,2,36,251,39,7,0,1,19,32,0,2,7,1.90,7,1.90,6,0,0,0,1,0,2,0.54,2,0,0,0,0,0,10,6,5,2,3,5,9,55.6,4,4,1,3,5,15,6,0,3.7,332,4,64,168,103,6,332,8,4,50.0,4,50.0,163,757,338,11,10,2,5,2,206,29,75000,3900000
Joe Rodon,DF,Tottenham,23,3,0,89.0,1.0,0,0,0,0,0,0,0,0,0.0,0.0,0.0,0.0,0.00,0.00,0.00,0.00,0.00,0.00,0.00,0.00,0.0,0.0,0.0,0.0,0.0,0.0,0.0,0.0,0.0,0.0,0.0,0.0,0.0,0.0,0.0,0.0,0.0,0.0,0.0,0.0,0.0,0.0,0.0,0.0,0,0,,0.00,0.00,,,,29,35,82.9,509,133,9,11,81.8,15,17,88.2,3,4,75.0,0,0,0,0,0,35,0,0,0,0,0,0,0,0,0,0.00,0,0.00,0,0,0,0,0,0,0,0.00,0,0,0,0,0,0,0,0,0,0,0,0,0,,0,2,1,1,0,0,7,0,1.0,46,12,19,27,0,0,46,0,0,,0,,22,50,11,0,0,0,0,0,24,0,9615,500000
Joe Willock,MF,Newcastle Utd,21,29,24,2038.0,22.6,2,0,2,2,0,0,0,0,3.2,3.2,1.2,4.4,0.09,0.00,0.09,0.09,0.14,0.05,0.14,0.20,0.0,0.0,0.0,0.0,0.0,0.0,0.0,0.0,0.0,0.0,0.0,0.0,0.0,0.0,0.0,0.0,0.0,0.0,0.0,0.0,0.0,0.0,0.0,0.0,35,11,31.4,1.55,0.49,0.06,0.18,17.2,450,565,79.6,6691,1794,253,299,84.6,150,177,84.7,28,40,70.0,18,38,7,1,58,533,31,5,1,3,16,4,0,1,51,2.25,51,2.25,33,0,9,1,6,2,4,0.18,1,0,1,0,2,0,64,37,30,28,6,29,68,42.6,39,37,6,31,21,85,10,1,22.6,864,19,194,414,283,59,864,71,36,50.7,35,49.3,494,3203,1571,48,30,14,56,20,496,77,20000,1040000
Joel Ward,DF,Crystal Palace,31,28,27,2487.0,27.6,0,0,0,0,0,0,8,0,0.3,0.3,0.5,0.8,0.00,0.00,0.00,0.00,0.01,0.02,0.01,0.03,0.0,0.0,0.0,0.0,0.0,0.0,0.0,0.0,0.0,0.0,0.0,0.0,0.0,0.0,0.0,0.0,0.0,0.0,0.0,0.0,0.0,0.0,0.0,0.0,10,1,10.0,0.36,0.04,0.00,0.00,20.4,1372,1741,78.8,22621,8364,675,746,90.5,574,683,84.0,99,234,42.3,6,104,12,4,119,1460,277,28,0,10,43,249,0,4,18,0.65,18,0.65,16,2,0,0,0,0,2,0.07,2,0,0,0,0,0,44,26,30,11,3,30,57,52.6,27,24,11,13,32,76,107,1,27.6,2038,150,783,938,330,12,2038,26,20,76.9,6,23.1,1028,4386,2409,27,24,0,29,18,1212,37,35000,1820000
Joelinton,"MF,FW",Newcastle Utd,24,35,30,2558.0,28.4,4,1,5,4,0,0,8,0,3.3,3.3,1.9,5.2,0.14,0.04,0.18,0.14,0.12,0.07,0.12,0.18,0.0,0.0,0.0,0.0,0.0,0.0,0.0,0.0,0.0,0.0,0.0,0.0,0.0,0.0,0.0,0.0,0.0,0.0,0.0,0.0,0.0,0.0,0.0,0.0,45,14,31.1,1.58,0.49,0.09,0.29,17.6,718,944,76.1,10060,2661,421,515,81.7,216,275,78.5,35,54,64.8,29,68,17,2,92,931,11,0,1,4,22,9,0,2,67,2.36,67,2.36,49,0,6,9,3,0,5,0.18,4,0,0,1,0,0,72,38,30,33,9,26,61,42.6,35,46,11,35,34,106,50,2,28.4,1395,83,297,692,429,78,1395,70,37,52.9,33,47.1,719,4203,1946,45,42,10,85,60,836,90,80000,4160000
John McGinn,MF,Aston Villa,26,35,35,3090.0,34.3,3,4,7,3,0,0,8,0,1.5,1.5,5.3,6.8,0.09,0.12,0.20,0.09,0.04,0.15,0.04,0.20,0.0,0.0,0.0,0.0,0.0,0.0,0.0,0.0,0.0,0.0,0.0,0.0,0.0,0.0,0.0,0.0,0.0,0.0,0.0,0.0,0.0,0.0,0.0,0.0,43,16,37.2,1.25,0.47,0.07,0.19,25.1,1023,1365,74.9,20891,8296,394,464,84.9,416,515,80.8,187,318,58.8,51,163,48,12,196,1220,137,76,15,23,110,6,52,8,103,3.00,103,3.00,72,21,4,2,3,1,6,0.17,4,1,1,0,0,0,106,64,35,55,16,54,104,51.9,50,53,6,47,35,141,34,0,34.3,1754,70,346,962,466,26,1754,68,44,64.7,24,35.3,991,4882,2410,52,32,7,48,28,1075,67,25000,1300000
John Ruddy,GK,Wolves,34,2,1,135.0,1.5,0,0,0,0,0,0,0,0,0.0,0.0,0.0,0.0,0.00,0.00,0.00,0.00,0.00,0.00,0.00,0.00,2.00,7,4,57.1,0,0.0,2.9,0.42,1,11,9.1,19,4,42.1,36.1,14,21.4,28.5,13,1,7.7,1,0.67,14.2,0,0,,0.00,0.00,,,,22,33,66.7,458,296,11,12,91.7,6,6,100.0,4,14,28.6,0,1,0,0,0,17,16,2,0,0,0,0,0,0,0,0.00,0,0.00,0,0,0,0,0,0,0,0.00,0,0,0,0,0,0,0,0,0,0,0,0,0,,0,0,0,0,0,0,3,0,1.5,39,37,39,0,0,0,39,0,0,,0,,13,99,45,0,0,0,0,0,11,0,5769,300000
John Stones,DF,Manchester City,27,14,12,1119.0,12.4,1,0,1,1,0,0,0,0,0.9,0.9,0.2,1.1,0.08,0.00,0.08,0.08,0.07,0.01,0.07,0.09,0.0,0.0,0.0,0.0,0.0,0.0,0.0,0.0,0.0,0.0,0.0,0.0,0.0,0.0,0.0,0.0,0.0,0.0,0.0,0.0,0.0,0.0,0.0,0.0,9,5,55.6,0.72,0.40,0.11,0.20,13.2,911,1001,91.0,16544,4754,391,420,93.1,426,455,93.6,83,102,81.4,4,82,4,0,63,964,35,13,0,6,3,21,0,2,13,1.05,13,1.05,12,0,0,1,0,0,1,0.08,0,0,0,1,0,0,5,3,3,2,0,2,3,66.7,1,3,3,0,11,16,27,1,12.4,1072,82,356,631,91,10,1072,9,8,88.9,1,11.1,768,4519,2638,28,23,0,4,1,846,7,250000,13000000
Jon Rowe,"FW,MF",Norwich City,18,13,0,223.0,2.5,0,1,1,0,0,0,0,0,0.3,0.3,0.5,0.8,0.00,0.40,0.40,0.00,0.10,0.21,0.10,0.31,0.0,0.0,0.0,0.0,0.0,0.0,0.0,0.0,0.0,0.0,0.0,0.0,0.0,0.0,0.0,0.0,0.0,0.0,0.0,0.0,0.0,0.0,0.0,0.0,3,2,66.7,1.21,0.81,0.00,0.00,16.1,48,72,66.7,534,142,34,42,81.0,8,10,80.0,1,7,14.3,5,4,2,0,3,68,2,0,1,0,4,0,2,2,8,3.24,8,3.24,4,1,3,0,0,0,0,0.00,0,0,0,0,0,0,3,2,2,1,0,2,3,66.7,1,7,0,7,3,6,1,0,2.5,112,2,17,47,49,8,112,13,4,30.8,9,69.2,76,485,211,4,2,3,6,10,77,21,0.0,0.0
Jonas Lössl,GK,Brentford,32,2,2,180.0,2.0,0,0,0,0,0,0,0,0,0.0,0.0,0.0,0.0,0.00,0.00,0.00,0.00,0.00,0.00,0.00,0.00,2.50,7,2,28.6,0,0.0,3.2,0.46,9,25,36.0,48,6,43.8,35.7,13,30.8,31.7,30,1,3.3,5,2.50,22.7,0,0,,0.00,0.00,,,,42,61,68.9,1177,782,6,6,100.0,17,18,94.4,18,36,50.0,0,2,0,0,1,46,15,2,0,0,0,0,0,0,0,0.00,0,0.00,0,0,0,0,0,0,0,0.00,0,0,0,0,0,0,0,0,0,0,0,0,0,,0,0,0,0,0,0,1,0,2.0,64,46,62,2,0,0,64,0,0,,0,,37,186,103,0,0,0,0,0,34,0,1731,90000
Jonjo Shelvey,MF,Newcastle Utd,29,24,22,1983.0,22.0,2,1,3,2,0,0,7,1,0.9,0.9,1.0,1.9,0.09,0.05,0.14,0.09,0.04,0.05,0.04,0.09,0.0,0.0,0.0,0.0,0.0,0.0,0.0,0.0,0.0,0.0,0.0,0.0,0.0,0.0,0.0,0.0,0.0,0.0,0.0,0.0,0.0,0.0,0.0,0.0,30,14,46.7,1.36,0.64,0.07,0.14,27.8,743,948,78.4,15780,5306,260,303,85.8,299,351,85.2,165,256,64.5,16,91,9,1,84,861,84,36,4,17,43,3,27,3,43,1.95,43,1.95,33,7,1,0,1,1,1,0.05,1,0,0,0,0,0,30,17,12,18,0,14,34,41.2,20,22,7,15,22,52,20,2,22.0,1113,56,317,648,167,3,1113,12,9,75.0,3,25.0,559,2486,1011,11,12,1,19,5,640,7,70000,3640000
Jonjoe Kenny,DF,Everton,24,15,11,1018.0,11.3,0,1,1,0,0,0,3,1,0.2,0.2,0.8,1.0,0.00,0.09,0.09,0.00,0.02,0.07,0.02,0.09,0.0,0.0,0.0,0.0,0.0,0.0,0.0,0.0,0.0,0.0,0.0,0.0,0.0,0.0,0.0,0.0,0.0,0.0,0.0,0.0,0.0,0.0,0.0,0.0,5,0,0.0,0.44,0.00,0.00,,23.7,351,478,73.4,5670,2338,185,209,88.5,122,166,73.5,32,71,45.1,11,35,10,7,36,381,93,3,1,0,23,90,0,4,21,1.86,21,1.86,16,2,2,1,0,0,2,0.18,2,0,0,0,0,0,17,7,11,6,0,13,21,61.9,8,8,1,7,20,37,31,0,11.3,583,33,162,280,148,8,583,9,4,44.4,5,55.6,278,1113,556,9,13,2,8,3,287,25,15000,780000
Jonny Castro,DF,Wolves,27,13,10,1024.0,11.4,2,0,2,2,0,0,1,0,1.0,1.0,1.3,2.3,0.18,0.00,0.18,0.18,0.09,0.12,0.09,0.21,0.0,0.0,0.0,0.0,0.0,0.0,0.0,0.0,0.0,0.0,0.0,0.0,0.0,0.0,0.0,0.0,0.0,0.0,0.0,0.0,0.0,0.0,0.0,0.0,10,5,50.0,0.88,0.44,0.20,0.40,18.9,509,610,83.4,7860,2250,280,317,88.3,188,218,86.2,31,42,73.8,11,20,7,4,35,515,95,6,1,1,14,89,0,0,27,2.37,27,2.37,22,0,1,0,2,2,0,0.00,0,0,0,0,0,0,25,15,13,11,1,11,20,55.0,9,14,3,11,13,38,11,0,11.4,735,22,194,348,202,21,735,25,14,56.0,11,44.0,404,2109,1081,25,16,9,21,20,483,56,36673,1907000
Jonny Evans,DF,Leicester City,33,18,16,1348.0,15.0,1,1,2,1,0,0,3,0,0.6,0.6,0.8,1.4,0.07,0.07,0.13,0.07,0.04,0.05,0.04,0.09,0.0,0.0,0.0,0.0,0.0,0.0,0.0,0.0,0.0,0.0,0.0,0.0,0.0,0.0,0.0,0.0,0.0,0.0,0.0,0.0,0.0,0.0,0.0,0.0,3,2,66.7,0.20,0.13,0.33,0.50,5.6,846,1020,82.9,16742,6172,251,290,86.6,492,532,92.5,95,177,53.7,4,52,5,0,49,974,44,36,1,1,3,8,0,2,10,0.67,10,0.67,8,2,0,0,0,0,2,0.13,1,1,0,0,0,0,24,14,14,8,2,14,22,63.6,8,17,13,4,20,44,59,0,15.0,1147,154,632,484,38,12,1147,3,2,66.7,1,33.3,657,2803,1537,1,3,0,4,0,747,4,80000,4160000
Jordan Ayew,FW,Crystal Palace,29,31,23,2019.0,22.4,3,3,6,3,0,0,2,0,3.1,3.1,2.8,5.9,0.13,0.13,0.27,0.13,0.14,0.12,0.14,0.26,0.0,0.0,0.0,0.0,0.0,0.0,0.0,0.0,0.0,0.0,0.0,0.0,0.0,0.0,0.0,0.0,0.0,0.0,0.0,0.0,0.0,0.0,0.0,0.0,35,8,22.9,1.56,0.36,0.09,0.38,16.8,576,754,76.4,7894,1509,346,389,88.9,180,228,78.9,17,54,31.5,23,31,16,6,51,738,14,3,8,2,74,9,2,2,61,2.72,61,2.72,41,1,2,3,13,1,6,0.27,5,0,0,0,1,0,47,30,20,20,7,17,31,54.8,14,33,3,30,15,62,15,0,22.4,1087,15,149,514,450,67,1087,71,34,47.9,37,52.1,696,4590,2316,98,49,24,84,77,779,151,32500,1690000
Jordan Henderson,MF,Liverpool,31,35,29,2597.0,28.9,2,5,7,2,0,0,3,0,1.5,1.5,3.5,5.0,0.07,0.17,0.24,0.07,0.05,0.12,0.05,0.17,0.0,0.0,0.0,0.0,0.0,0.0,0.0,0.0,0.0,0.0,0.0,0.0,0.0,0.0,0.0,0.0,0.0,0.0,0.0,0.0,0.0,0.0,0.0,0.0,31,6,19.4,1.07,0.21,0.06,0.33,24.5,1886,2246,84.0,31808,8574,874,975,89.6,801,921,87.0,153,228,67.1,38,215,52,14,245,2158,82,25,9,13,56,27,2,6,96,3.33,96,3.33,86,4,2,2,1,1,14,0.49,14,0,0,0,0,0,36,20,9,25,2,17,44,38.6,27,25,1,24,23,59,14,0,28.9,2444,34,292,1468,694,38,2444,25,16,64.0,9,36.0,1405,6113,2738,54,47,5,28,12,1859,116,140000,7280000
Jordan Pickford,GK,Everton,27,35,35,3150.0,35.0,0,0,0,0,0,0,2,0,0.0,0.0,0.1,0.1,0.00,0.00,0.00,0.00,0.00,0.00,0.00,0.00,1.66,170,116,66.5,7,20.0,51.7,0.31,272,782,34.8,873,119,64.6,46.4,267,81.6,60.5,518,23,4.4,35,1.00,14.9,0,0,,0.00,0.00,,,,608,1147,53.0,23302,19151,83,83,100.0,204,208,98.1,321,848,37.9,4,64,3,0,0,739,401,134,1,8,0,0,0,7,13,0.37,13,0.37,9,4,0,0,0,0,2,0.06,2,0,0,0,0,0,1,1,1,0,0,0,1,0.0,1,1,0,1,1,2,14,1,35.0,1230,951,1189,41,0,0,1230,1,1,100.0,0,0.0,640,4569,2602,0,0,0,0,0,470,0,100000,5200000
Jorginho,MF,Chelsea,29,29,26,2273.0,25.3,6,2,8,0,6,7,5,0,5.8,0.3,2.7,3.0,0.24,0.08,0.32,0.00,0.23,0.11,0.01,0.12,0.0,0.0,0.0,0.0,0.0,0.0,0.0,0.0,0.0,0.0,0.0,0.0,0.0,0.0,0.0,0.0,0.0,0.0,0.0,0.0,0.0,0.0,0.0,0.0,9,2,22.2,0.36,0.08,0.00,0.00,32.6,1681,1887,89.1,26181,7227,862,928,92.9,669,730,91.6,91,140,65.0,27,186,36,0,178,1844,42,42,8,4,3,0,0,1,70,2.77,70,2.77,61,2,1,2,3,1,8,0.32,8,0,0,0,0,0,64,33,27,31,6,29,83,34.9,54,27,4,23,36,100,21,1,25.3,2106,51,422,1299,399,13,2099,21,16,76.2,5,23.8,1175,4913,2414,18,27,1,22,19,1581,19,110000,5720000
Josh Brownhill,MF,Burnley,25,35,32,2955.0,32.8,2,3,5,2,0,0,10,0,1.4,1.4,2.6,3.9,0.06,0.09,0.15,0.06,0.04,0.08,0.04,0.12,0.0,0.0,0.0,0.0,0.0,0.0,0.0,0.0,0.0,0.0,0.0,0.0,0.0,0.0,0.0,0.0,0.0,0.0,0.0,0.0,0.0,0.0,0.0,0.0,29,9,31.0,0.88,0.27,0.07,0.22,23.8,891,1196,74.5,13793,4197,463,547,84.6,291,389,74.8,77,147,52.4,40,97,22,3,106,1114,70,22,1,10,53,6,22,12,75,2.28,75,2.28,50,18,2,2,2,1,3,0.09,1,2,0,0,0,0,73,37,25,42,6,21,53,39.6,32,37,12,25,68,141,42,1,32.8,1528,77,321,828,401,32,1528,30,15,50.0,15,50.0,614,2557,992,18,29,6,40,18,749,37,40000,2080000
Josh Dasilva,"MF,FW",Brentford,22,9,2,257.0,2.9,0,0,0,0,0,0,0,1,0.1,0.1,0.1,0.2,0.00,0.00,0.00,0.00,0.03,0.05,0.03,0.08,0.0,0.0,0.0,0.0,0.0,0.0,0.0,0.0,0.0,0.0,0.0,0.0,0.0,0.0,0.0,0.0,0.0,0.0,0.0,0.0,0.0,0.0,0.0,0.0,1,0,0.0,0.35,0.00,0.00,,13.2,75,93,80.6,1172,336,38,43,88.4,32,40,80.0,2,4,50.0,3,6,4,0,11,88,5,2,0,0,4,2,0,0,8,2.80,8,2.80,6,0,2,0,0,0,0,0.00,0,0,0,0,0,0,2,1,0,1,1,1,2,50.0,1,3,0,3,1,3,7,0,2.9,123,10,28,54,42,6,123,11,7,63.6,4,36.4,74,562,333,10,6,3,5,5,66,10,18077,940000
Josh Sargent,"FW,MF",Norwich City,21,26,18,1572.0,17.5,2,1,3,2,0,0,1,0,2.5,2.5,0.9,3.4,0.11,0.06,0.17,0.11,0.14,0.05,0.14,0.19,0.0,0.0,0.0,0.0,0.0,0.0,0.0,0.0,0.0,0.0,0.0,0.0,0.0,0.0,0.0,0.0,0.0,0.0,0.0,0.0,0.0,0.0,0.0,0.0,24,2,8.3,1.37,0.11,0.08,1.00,17.1,292,410,71.2,3577,820,208,258,80.6,63,96,65.6,8,16,50.0,11,8,5,0,12,401,9,0,1,0,11,6,0,0,25,1.43,25,1.43,17,0,1,3,4,0,3,0.17,2,0,1,0,0,0,26,14,15,7,4,14,39,35.9,25,29,2,27,11,37,18,2,17.5,634,32,126,248,272,56,634,32,16,50.0,16,50.0,312,1723,663,21,14,6,52,25,388,88,30000,1560000
Joshua King,FW,Watford,29,32,27,2248.0,25.0,5,3,8,4,1,1,5,0,8.9,8.1,3.8,11.9,0.20,0.12,0.32,0.16,0.36,0.15,0.32,0.48,0.0,0.0,0.0,0.0,0.0,0.0,0.0,0.0,0.0,0.0,0.0,0.0,0.0,0.0,0.0,0.0,0.0,0.0,0.0,0.0,0.0,0.0,0.0,0.0,49,16,32.7,1.96,0.64,0.08,0.25,15.2,369,519,71.1,4984,1028,227,290,78.3,109,153,71.2,13,18,72.2,35,29,17,4,39,479,34,0,3,2,13,1,0,6,63,2.52,63,2.52,51,0,2,6,4,0,9,0.36,6,0,1,2,0,0,19,15,7,6,6,4,17,23.5,13,15,4,11,8,27,31,0,25.0,837,41,106,356,389,105,836,67,30,44.8,37,55.2,430,2638,1122,41,25,20,84,42,569,157,50000,2600000
José Sá,GK,Wolves,28,37,37,3285.0,36.5,0,1,1,0,0,0,3,0,0.0,0.0,0.9,0.9,0.00,0.03,0.03,0.00,0.00,0.02,0.00,0.02,1.10,160,121,80.6,11,29.7,46.3,0.24,121,412,29.4,844,216,35.4,34.7,261,43.3,36.9,549,43,7.8,40,1.10,13.3,0,0,,0.00,0.00,,,,770,1109,69.4,20016,12844,161,164,98.2,379,386,98.2,223,548,40.7,3,14,1,0,2,748,357,96,0,0,0,0,0,4,4,0.11,4,0.11,3,1,0,0,0,0,1,0.03,0,1,0,0,0,0,2,1,2,0,0,2,4,50.0,2,0,0,0,2,4,19,5,36.5,1206,1106,1198,8,0,0,1206,4,4,100.0,0,0.0,642,4203,2879,0,1,1,2,0,400,0,40000,2080000
João Cancelo,DF,Manchester City,27,36,36,3227.0,35.9,1,7,8,1,0,0,7,0,4.0,4.0,5.4,9.3,0.03,0.20,0.22,0.03,0.11,0.15,0.11,0.26,0.0,0.0,0.0,0.0,0.0,0.0,0.0,0.0,0.0,0.0,0.0,0.0,0.0,0.0,0.0,0.0,0.0,0.0,0.0,0.0,0.0,0.0,0.0,0.0,81,23,28.4,2.26,0.64,0.01,0.04,22.0,2809,3365,83.5,44538,12620,1610,1732,93.0,938,1130,83.0,208,346,60.1,39,308,96,12,357,3019,338,55,21,41,124,282,1,8,126,3.51,126,3.51,98,1,8,16,2,1,18,0.50,13,1,1,3,0,0,83,54,33,35,15,46,91,50.5,45,25,3,22,59,142,45,1,35.9,3769,67,618,1931,1245,101,3769,106,56,52.8,50,47.2,2411,11313,5785,125,129,36,45,24,2749,270,80000,4160000
João Moutinho,MF,Wolves,34,35,34,2970.0,33.0,2,1,3,2,0,0,4,0,1.3,1.3,2.7,3.9,0.06,0.03,0.09,0.06,0.04,0.08,0.04,0.12,0.0,0.0,0.0,0.0,0.0,0.0,0.0,0.0,0.0,0.0,0.0,0.0,0.0,0.0,0.0,0.0,0.0,0.0,0.0,0.0,0.0,0.0,0.0,0.0,20,7,35.0,0.61,0.21,0.10,0.29,24.3,1700,2039,83.4,31501,7578,700,779,89.9,734,825,89.0,221,331,66.8,39,170,18,4,196,1851,184,96,5,25,108,7,77,4,82,2.48,82,2.48,53,22,1,4,0,2,4,0.12,3,1,0,0,0,0,74,39,34,27,13,30,106,28.3,76,48,8,40,34,108,36,2,33.0,2324,63,524,1338,482,12,2324,21,16,76.2,5,23.8,1195,5504,2719,42,43,2,30,20,1486,37,100000,5200000
João Pedro,"FW,MF",Watford,19,28,15,1644.0,18.3,3,1,4,3,0,0,1,0,3.6,3.6,2.8,6.3,0.16,0.05,0.22,0.16,0.20,0.15,0.20,0.35,0.0,0.0,0.0,0.0,0.0,0.0,0.0,0.0,0.0,0.0,0.0,0.0,0.0,0.0,0.0,0.0,0.0,0.0,0.0,0.0,0.0,0.0,0.0,0.0,47,16,34.0,2.57,0.88,0.06,0.19,16.3,390,581,67.1,6100,1580,210,299,70.2,122,163,74.8,38,57,66.7,19,43,20,3,77,545,30,3,4,3,24,3,4,6,60,3.28,60,3.28,38,0,10,6,5,1,4,0.22,3,0,0,1,0,0,20,14,7,8,5,6,23,26.1,17,23,3,20,15,35,17,0,18.3,885,19,76,404,426,79,885,106,62,58.5,44,41.5,519,3595,1487,54,45,19,63,58,634,102,12500,650000
Joël Matip,DF,Liverpool,29,31,31,2790.0,31.0,3,3,6,3,0,0,2,0,3.4,3.4,1.3,4.6,0.10,0.10,0.19,0.10,0.11,0.04,0.11,0.15,0.0,0.0,0.0,0.0,0.0,0.0,0.0,0.0,0.0,0.0,0.0,0.0,0.0,0.0,0.0,0.0,0.0,0.0,0.0,0.0,0.0,0.0,0.0,0.0,35,7,20.0,1.13,0.23,0.09,0.43,9.9,2074,2344,88.5,39370,13117,675,757,89.2,1170,1262,92.7,202,271,74.5,12,186,9,0,186,2280,61,40,3,5,1,21,0,3,42,1.35,42,1.35,33,0,0,8,1,0,9,0.29,7,0,0,1,1,0,47,34,23,19,5,20,31,64.5,11,26,14,12,44,91,93,1,31.0,2651,232,991,1489,185,63,2651,10,9,90.0,1,10.0,1612,9763,7174,55,62,2,13,7,1837,7,100000,5200000
Joël Veltman,DF,Brighton,29,34,33,2874.0,31.9,1,1,2,1,0,0,6,0,0.7,0.7,1.6,2.3,0.03,0.03,0.06,0.03,0.02,0.05,0.02,0.07,0.0,0.0,0.0,0.0,0.0,0.0,0.0,0.0,0.0,0.0,0.0,0.0,0.0,0.0,0.0,0.0,0.0,0.0,0.0,0.0,0.0,0.0,0.0,0.0,12,2,16.7,0.38,0.06,0.08,0.50,18.1,1439,1869,77.0,25694,9691,577,662,87.2,742,909,81.6,102,220,46.4,17,118,22,6,124,1592,272,34,3,7,42,238,0,5,44,1.38,44,1.38,33,6,1,1,2,1,2,0.06,2,0,0,0,0,0,74,48,47,21,6,21,53,39.6,32,46,16,30,45,119,89,0,31.9,2235,176,811,1053,389,25,2235,32,16,50.0,16,50.0,1139,4847,2093,25,24,2,28,10,1249,65,38462,2000000
Juan Mata,MF,Manchester Utd,33,7,2,235.0,2.6,0,0,0,0,0,0,0,0,0.3,0.3,0.2,0.6,0.00,0.00,0.00,0.00,0.12,0.09,0.12,0.22,0.0,0.0,0.0,0.0,0.0,0.0,0.0,0.0,0.0,0.0,0.0,0.0,0.0,0.0,0.0,0.0,0.0,0.0,0.0,0.0,0.0,0.0,0.0,0.0,5,1,20.0,1.91,0.38,0.00,0.00,16.2,187,217,86.2,2589,580,119,127,93.7,43,52,82.7,14,19,73.7,2,16,6,2,16,211,4,2,1,2,6,1,1,2,9,3.45,9,3.45,9,0,0,0,0,0,0,0.00,0,0,0,0,0,0,6,4,2,3,1,3,5,60.0,2,1,0,1,1,7,1,0,2.6,245,0,38,124,85,7,245,6,3,50.0,3,50.0,157,821,355,8,8,0,6,2,194,13,160000,8320000
Junior Firpo,"DF,MF",Leeds United,24,24,19,1711.0,19.0,0,2,2,0,0,0,11,0,0.9,0.9,1.9,2.8,0.00,0.11,0.11,0.00,0.05,0.10,0.05,0.15,0.0,0.0,0.0,0.0,0.0,0.0,0.0,0.0,0.0,0.0,0.0,0.0,0.0,0.0,0.0,0.0,0.0,0.0,0.0,0.0,0.0,0.0,0.0,0.0,11,1,9.1,0.58,0.05,0.00,0.00,14.6,768,952,80.7,12029,4281,417,475,87.8,299,362,82.6,38,71,53.5,22,70,16,6,111,799,149,5,0,3,26,144,0,4,52,2.73,52,2.73,40,4,2,3,3,0,4,0.21,2,1,1,0,0,0,61,29,30,26,5,31,59,52.5,28,22,6,16,24,85,37,0,19.0,1152,60,346,562,257,38,1152,28,16,57.1,12,42.9,585,2858,1718,36,29,2,17,7,670,72,55000,2860000
Juraj Kucka,MF,Watford,34,26,22,1920.0,21.3,1,1,2,1,0,0,5,1,3.2,3.2,0.9,4.1,0.05,0.05,0.09,0.05,0.15,0.04,0.15,0.19,0.0,0.0,0.0,0.0,0.0,0.0,0.0,0.0,0.0,0.0,0.0,0.0,0.0,0.0,0.0,0.0,0.0,0.0,0.0,0.0,0.0,0.0,0.0,0.0,46,11,23.9,2.16,0.52,0.02,0.09,20.8,485,713,68.0,7757,2545,244,322,75.8,176,247,71.3,39,76,51.3,10,41,7,4,60,684,28,7,1,7,16,18,1,1,42,1.97,42,1.97,27,0,5,2,7,1,2,0.09,1,0,1,0,0,0,59,39,32,25,2,27,73,37.0,46,30,9,21,27,86,46,2,21.3,1030,74,297,521,223,31,1030,33,17,51.5,16,48.5,458,2360,1013,21,20,2,48,19,514,31,36346,1890000
Jóhann Berg Guðmundsson,MF,Burnley,30,18,13,1102.0,12.2,0,1,1,0,0,0,2,0,1.6,1.6,0.5,2.0,0.00,0.08,0.08,0.00,0.13,0.04,0.13,0.17,0.0,0.0,0.0,0.0,0.0,0.0,0.0,0.0,0.0,0.0,0.0,0.0,0.0,0.0,0.0,0.0,0.0,0.0,0.0,0.0,0.0,0.0,0.0,0.0,19,5,26.3,1.55,0.41,0.00,0.00,19.9,209,341,61.3,2955,687,132,166,79.5,50,85,58.8,15,45,33.3,6,7,11,9,16,336,2,0,2,2,44,1,1,3,23,1.88,23,1.88,16,0,1,4,2,0,2,0.16,2,0,0,0,0,0,16,6,7,7,2,5,20,25.0,15,11,2,9,12,28,22,0,12.2,474,20,77,176,229,22,474,22,14,63.6,8,36.4,270,1466,653,27,20,3,15,19,295,75,30000,1560000
Jürgen Locadia,"MF,FW",Brighton,27,1,0,23.0,0.3,0,0,0,0,0,0,0,0,0.2,0.2,0.0,0.2,0.00,0.00,0.00,0.00,0.61,0.00,0.61,0.61,0.0,0.0,0.0,0.0,0.0,0.0,0.0,0.0,0.0,0.0,0.0,0.0,0.0,0.0,0.0,0.0,0.0,0.0,0.0,0.0,0.0,0.0,0.0,0.0,1,0,0.0,3.91,0.00,0.00,,20.2,1,1,100.0,25,0,0,0,,1,1,100.0,0,0,,0,0,0,0,0,1,0,0,0,0,0,0,0,0,0,0.00,0,0.00,0,0,0,0,0,0,0,0.00,0,0,0,0,0,0,0,0,0,0,0,0,0,,0,0,0,0,0,0,0,0,0.3,3,0,0,1,2,0,3,0,0,,0,,3,16,0,0,0,0,1,1,3,0,45000,2340000
Kai Havertz,"FW,MF",Chelsea,22,29,22,1809.0,20.1,8,3,11,8,0,0,3,0,8.7,8.7,2.2,10.9,0.40,0.15,0.55,0.40,0.43,0.11,0.43,0.54,0.0,0.0,0.0,0.0,0.0,0.0,0.0,0.0,0.0,0.0,0.0,0.0,0.0,0.0,0.0,0.0,0.0,0.0,0.0,0.0,0.0,0.0,0.0,0.0,56,23,41.1,2.79,1.14,0.14,0.35,13.0,537,669,80.3,6322,1194,360,408,88.2,111,143,77.6,12,16,75.0,21,34,19,1,62,635,30,1,3,2,8,3,0,4,61,3.03,61,3.03,46,0,3,7,5,0,6,0.30,4,0,0,1,1,0,17,8,5,7,5,4,14,28.6,10,28,1,27,4,21,32,1,20.1,943,34,90,352,506,128,943,42,18,42.9,24,57.1,537,3107,1419,64,23,34,66,32,739,203,150000,7800000
Kaide Gordon,FW,Liverpool,16,1,0,9.0,0.1,0,0,0,0,0,0,0,0,0.4,0.4,0.0,0.4,0.00,0.00,0.00,0.00,4.50,0.00,4.50,4.50,0.0,0.0,0.0,0.0,0.0,0.0,0.0,0.0,0.0,0.0,0.0,0.0,0.0,0.0,0.0,0.0,0.0,0.0,0.0,0.0,0.0,0.0,0.0,0.0,1,1,100.0,10.00,10.00,0.00,0.00,19.7,4,4,100.0,35,0,1,1,100.0,1,1,100.0,0,0,,0,0,0,0,0,4,0,0,0,0,0,0,0,0,0,0.00,0,0.00,0,0,0,0,0,0,0,0.00,0,0,0,0,0,0,1,0,0,0,1,0,0,,0,0,0,0,0,1,0,0,0.1,7,0,0,4,3,0,7,1,0,0.0,1,100.0,3,34,14,1,0,0,0,1,6,3,0.0,0.0
Kalvin Phillips,MF,Leeds United,25,20,18,1596.0,17.7,0,1,1,0,0,0,4,0,0.7,0.7,0.7,1.4,0.00,0.06,0.06,0.00,0.04,0.04,0.04,0.08,0.0,0.0,0.0,0.0,0.0,0.0,0.0,0.0,0.0,0.0,0.0,0.0,0.0,0.0,0.0,0.0,0.0,0.0,0.0,0.0,0.0,0.0,0.0,0.0,15,3,20.0,0.85,0.17,0.00,0.00,24.0,786,971,80.9,15278,4563,284,320,88.8,396,440,90.0,98,170,57.6,9,79,12,2,93,923,46,37,1,8,16,5,4,2,30,1.69,30,1.69,23,3,0,2,0,2,4,0.23,3,1,0,0,0,0,54,25,24,25,5,24,57,42.1,33,37,9,28,24,78,18,0,17.7,1188,65,369,668,157,7,1188,12,7,58.3,5,41.7,603,2509,1021,6,5,1,32,16,708,14,4500,234000
Karl Darlow,GK,Newcastle Utd,30,8,8,720.0,8.0,0,0,0,0,0,0,1,0,0.0,0.0,0.0,0.0,0.00,0.00,0.00,0.00,0.00,0.00,0.00,0.00,1.87,37,23,64.9,0,0.0,9.5,0.21,72,163,44.2,187,28,61.5,44.5,62,77.4,56.7,106,5,4.7,4,0.50,10.5,0,0,,0.00,0.00,,,,155,250,62.0,6276,4923,13,13,100.0,42,43,97.7,99,191,51.8,0,10,0,0,0,151,98,36,0,4,0,0,0,1,0,0.00,0,0.00,0,0,0,0,0,0,0,0.00,0,0,0,0,0,0,0,0,0,0,0,0,0,,0,0,0,0,0,0,5,1,8.0,266,214,262,4,0,0,266,0,0,,0,,137,793,437,0,0,0,0,0,92,0,25000,1300000
Kasey McAteer,FW,Leicester City,19,1,0,3.0,0.0,0,0,0,0,0,0,0,0,0.0,0.0,0.0,0.0,0.00,0.00,0.00,0.00,0.00,0.00,0.00,0.00,0.0,0.0,0.0,0.0,0.0,0.0,0.0,0.0,0.0,0.0,0.0,0.0,0.0,0.0,0.0,0.0,0.0,0.0,0.0,0.0,0.0,0.0,0.0,0.0,0,0,,0.00,0.00,,,,1,1,100.0,5,0,1,1,100.0,0,0,,0,0,,0,0,0,0,0,1,0,0,0,0,0,0,0,0,0,0.00,0,0.00,0,0,0,0,0,0,0,0.00,0,0,0,0,0,0,0,0,0,0,0,0,0,,0,0,0,0,0,0,0,0,0.0,2,0,1,0,1,0,2,0,0,,0,,2,1,0,0,0,0,1,0,2,0,0.0,0.0
Kasper Schmeichel,GK,Leicester City,34,37,37,3330.0,37.0,0,0,0,0,0,0,2,0,0.0,0.0,0.0,0.0,0.00,0.00,0.00,0.00,0.00,0.00,0.00,0.00,1.57,187,128,72.7,7,18.9,55.5,0.26,194,486,39.9,999,166,36.0,34.1,291,43.3,37.5,533,15,2.8,38,1.03,14.8,0,0,,0.00,0.00,,,,945,1294,73.0,26527,17896,149,150,99.3,462,474,97.5,329,660,49.8,1,8,1,0,2,859,431,139,0,10,0,1,0,4,7,0.19,7,0.19,7,0,0,0,0,0,3,0.08,3,0,0,0,0,0,0,0,0,0,0,0,2,0.0,2,0,0,0,1,1,15,2,37.0,1386,1213,1373,13,0,0,1386,1,1,100.0,0,0.0,718,3805,2301,1,0,0,2,0,600,0,130000,6760000
Kayky Chagas,FW,Manchester City,18,1,0,7.0,0.1,0,0,0,0,0,0,0,0,0.0,0.0,0.0,0.0,0.00,0.00,0.00,0.00,0.00,0.00,0.00,0.00,0.0,0.0,0.0,0.0,0.0,0.0,0.0,0.0,0.0,0.0,0.0,0.0,0.0,0.0,0.0,0.0,0.0,0.0,0.0,0.0,0.0,0.0,0.0,0.0,0,0,,0.00,0.00,,,,2,2,100.0,21,0,2,2,100.0,0,0,,0,0,,0,0,0,0,0,2,0,0,0,0,0,0,0,0,0,0.00,0,0.00,0,0,0,0,0,0,0,0.00,0,0,0,0,0,0,0,0,0,0,0,0,0,,0,0,0,0,0,0,0,0,0.1,3,0,0,1,2,0,3,0,0,,0,,3,38,20,1,1,0,1,0,3,1,0.0,0.0
Keinan Davis,FW,Aston Villa,23,1,0,12.0,0.1,0,0,0,0,0,0,0,0,0.0,0.0,0.0,0.0,0.00,0.00,0.00,0.00,0.00,0.00,0.00,0.00,0.0,0.0,0.0,0.0,0.0,0.0,0.0,0.0,0.0,0.0,0.0,0.0,0.0,0.0,0.0,0.0,0.0,0.0,0.0,0.0,0.0,0.0,0.0,0.0,0,0,,0.00,0.00,,,,3,3,100.0,44,24,1,1,100.0,2,2,100.0,0,0,,0,0,0,0,0,3,0,0,0,0,0,0,0,0,1,7.50,1,7.50,0,0,0,0,1,0,0,0.00,0,0,0,0,0,0,0,0,0,0,0,0,0,,0,0,0,0,0,0,0,0,0.1,5,0,0,3,2,0,5,0,0,,0,,7,13,6,0,0,0,2,1,7,1,45000,2340000
Kelechi Iheanacho,FW,Leicester City,24,26,13,1264.0,14.0,4,5,9,4,0,0,1,0,3.6,3.6,2.5,6.1,0.28,0.36,0.64,0.28,0.26,0.18,0.26,0.43,0.0,0.0,0.0,0.0,0.0,0.0,0.0,0.0,0.0,0.0,0.0,0.0,0.0,0.0,0.0,0.0,0.0,0.0,0.0,0.0,0.0,0.0,0.0,0.0,31,12,38.7,2.21,0.85,0.13,0.33,18.0,276,361,76.5,3603,768,170,195,87.2,66,85,77.6,12,24,50.0,17,22,13,1,37,343,16,1,10,3,6,4,1,2,38,2.71,38,2.71,30,1,2,2,1,2,8,0.57,5,0,0,1,0,2,10,7,2,5,3,3,14,21.4,11,19,0,19,4,14,10,0,14.0,531,11,46,232,260,50,531,33,16,48.5,17,51.5,314,1599,677,28,18,11,52,21,396,85,60000,3120000
Ken Sema,"MF,FW",Watford,27,18,7,852.0,9.5,0,0,0,0,0,0,1,0,0.1,0.1,1.3,1.4,0.00,0.00,0.00,0.00,0.01,0.13,0.01,0.15,0.0,0.0,0.0,0.0,0.0,0.0,0.0,0.0,0.0,0.0,0.0,0.0,0.0,0.0,0.0,0.0,0.0,0.0,0.0,0.0,0.0,0.0,0.0,0.0,3,1,33.3,0.32,0.11,0.00,0.00,20.5,140,224,62.5,2280,758,84,108,77.8,35,53,66.0,15,39,38.5,12,7,3,2,8,202,22,8,0,2,31,5,9,0,22,2.32,22,2.32,7,9,1,0,4,1,1,0.11,0,1,0,0,0,0,16,6,11,4,1,9,20,45.0,11,10,0,10,5,21,11,0,9.5,325,19,88,133,111,15,325,27,12,44.4,15,55.6,182,1221,444,19,8,4,18,25,187,36,15000,780000
Kenedy,DF,Chelsea,25,1,1,58.0,0.6,0,1,1,0,0,0,0,0,0.0,0.0,0.6,0.6,0.00,1.55,1.55,0.00,0.06,0.94,0.06,1.00,0.0,0.0,0.0,0.0,0.0,0.0,0.0,0.0,0.0,0.0,0.0,0.0,0.0,0.0,0.0,0.0,0.0,0.0,0.0,0.0,0.0,0.0,0.0,0.0,1,0,0.0,1.55,0.00,0.00,,16.3,36,50,72.0,565,139,18,24,75.0,15,18,83.3,2,5,40.0,2,2,4,0,5,47,3,0,0,0,1,3,0,0,2,3.10,2,3.10,1,0,0,1,0,0,0,0.00,0,0,0,0,0,0,5,2,1,2,2,2,3,66.7,1,0,0,0,0,5,0,0,0.6,62,1,13,21,30,4,62,1,1,100.0,0,0.0,49,253,89,2,2,1,2,3,46,10,25000,1300000
Kenny McLean,MF,Norwich City,29,31,29,2706.0,30.1,1,0,1,1,0,0,3,0,1.8,1.8,0.8,2.6,0.03,0.00,0.03,0.03,0.06,0.03,0.06,0.09,0.0,0.0,0.0,0.0,0.0,0.0,0.0,0.0,0.0,0.0,0.0,0.0,0.0,0.0,0.0,0.0,0.0,0.0,0.0,0.0,0.0,0.0,0.0,0.0,33,6,18.2,1.10,0.20,0.03,0.17,20.4,786,1090,72.1,13086,4130,390,488,79.9,301,386,78.0,71,143,49.7,10,73,21,0,99,1054,31,15,4,11,37,13,1,5,41,1.36,41,1.36,34,3,0,3,0,1,2,0.07,2,0,0,0,0,0,42,22,18,20,4,17,59,28.8,42,29,7,22,34,76,54,0,30.1,1387,71,363,715,328,44,1387,30,19,63.3,11,36.7,776,3976,1631,32,25,4,41,14,903,61,25000,1300000
Kepa Arrizabalaga,GK,Chelsea,26,4,4,360.0,4.0,0,0,0,0,0,0,0,0,0.0,0.0,0.0,0.0,0.00,0.00,0.00,0.00,0.00,0.00,0.00,0.00,0.50,13,11,84.6,2,50.0,3.2,0.25,8,29,27.6,117,29,19.7,26.4,21,28.6,27.6,44,2,4.5,8,2.00,18.8,0,0,,0.00,0.00,,,,115,138,83.3,2398,1340,36,36,100.0,55,55,100.0,21,44,47.7,0,1,0,0,0,110,28,7,0,0,0,0,0,0,0,0.00,0,0.00,0,0,0,0,0,0,0,0.00,0,0,0,0,0,0,0,0,0,0,0,0,0,,0,0,0,0,0,0,4,0,4.0,146,125,146,0,0,0,146,0,0,,0,,101,389,218,0,0,0,0,0,80,0,150000,7800000
Kevin De Bruyne,MF,Manchester City,30,30,25,2201.0,24.5,15,8,23,15,0,0,2,0,5.7,5.7,10.4,16.1,0.61,0.33,0.94,0.61,0.23,0.42,0.23,0.66,0.0,0.0,0.0,0.0,0.0,0.0,0.0,0.0,0.0,0.0,0.0,0.0,0.0,0.0,0.0,0.0,0.0,0.0,0.0,0.0,0.0,0.0,0.0,0.0,78,31,39.7,3.19,1.27,0.19,0.48,19.2,1170,1568,74.6,19948,5365,581,663,87.6,434,558,77.8,122,249,49.0,87,143,65,10,204,1389,169,49,20,19,180,20,96,10,152,6.22,152,6.22,105,30,5,9,3,0,14,0.57,10,3,1,0,0,0,32,16,4,15,13,12,37,32.4,25,32,2,30,6,38,16,0,24.5,1821,25,127,685,1027,107,1821,55,31,56.4,24,43.6,1126,5397,3213,84,85,20,40,20,1350,175,400000,20800000
Kevin Long,DF,Burnley,30,6,4,410.0,4.6,0,0,0,0,0,0,1,0,0.2,0.2,0.0,0.2,0.00,0.00,0.00,0.00,0.03,0.00,0.03,0.03,0.0,0.0,0.0,0.0,0.0,0.0,0.0,0.0,0.0,0.0,0.0,0.0,0.0,0.0,0.0,0.0,0.0,0.0,0.0,0.0,0.0,0.0,0.0,0.0,4,0,0.0,0.88,0.00,0.00,,13.3,79,102,77.5,1696,601,19,22,86.4,46,54,85.2,14,21,66.7,0,2,0,0,4,101,1,1,0,0,0,0,0,0,1,0.22,1,0.22,1,0,0,0,0,0,0,0.00,0,0,0,0,0,0,3,2,1,2,0,1,2,50.0,1,4,1,3,1,4,20,0,4.6,141,25,81,53,7,7,141,0,0,,0,,52,286,125,1,0,0,2,0,69,0,23077,1200000
Ki-Jana Hoever,"DF,MF",Wolves,19,8,4,308.0,3.4,0,0,0,0,0,0,1,0,0.0,0.0,0.1,0.1,0.00,0.00,0.00,0.00,0.01,0.02,0.01,0.03,0.0,0.0,0.0,0.0,0.0,0.0,0.0,0.0,0.0,0.0,0.0,0.0,0.0,0.0,0.0,0.0,0.0,0.0,0.0,0.0,0.0,0.0,0.0,0.0,1,0,0.0,0.29,0.00,0.00,,17.9,110,160,68.8,1691,512,54,71,76.1,51,68,75.0,4,8,50.0,1,3,2,1,5,124,35,2,0,0,8,33,0,1,3,0.88,3,0.88,3,0,0,0,0,0,0,0.00,0,0,0,0,0,0,10,6,5,5,0,7,12,58.3,5,6,0,6,6,16,8,0,3.4,200,9,52,97,51,3,200,7,4,57.1,3,42.9,86,520,280,9,2,4,2,4,106,22,40385,2100000
Kieran Dowell,"FW,MF",Norwich City,23,19,11,912.0,10.1,1,1,2,1,0,0,0,0,1.1,1.1,1.5,2.6,0.10,0.10,0.20,0.10,0.10,0.15,0.10,0.26,0.0,0.0,0.0,0.0,0.0,0.0,0.0,0.0,0.0,0.0,0.0,0.0,0.0,0.0,0.0,0.0,0.0,0.0,0.0,0.0,0.0,0.0,0.0,0.0,8,2,25.0,0.79,0.20,0.13,0.50,20.8,223,334,66.8,3517,1068,123,157,78.3,69,89,77.5,19,53,35.8,16,21,9,3,31,304,28,11,3,5,38,1,16,2,26,2.57,26,2.57,19,7,0,0,0,0,1,0.10,1,0,0,0,0,0,18,7,8,7,3,9,32,28.1,23,10,1,9,7,25,4,0,10.1,415,6,60,171,189,13,415,14,7,50.0,7,50.0,218,1086,437,14,8,3,13,15,284,49,7500,390000
Kieran Tierney,DF,Arsenal,24,22,22,1915.0,21.3,1,3,4,1,0,0,0,0,0.6,0.6,1.8,2.4,0.05,0.14,0.19,0.05,0.03,0.09,0.03,0.11,0.0,0.0,0.0,0.0,0.0,0.0,0.0,0.0,0.0,0.0,0.0,0.0,0.0,0.0,0.0,0.0,0.0,0.0,0.0,0.0,0.0,0.0,0.0,0.0,15,5,33.3,0.70,0.23,0.07,0.20,20.8,900,1165,77.3,16286,5207,379,427,88.8,431,513,84.0,82,174,47.1,20,81,24,12,105,975,183,7,0,13,79,175,1,7,44,2.07,44,2.07,36,5,1,1,1,0,2,0.09,2,0,0,0,0,0,18,14,11,7,0,10,11,90.9,1,23,5,18,15,33,54,0,21.3,1347,62,338,581,436,35,1347,23,9,39.1,14,60.9,730,3752,2187,62,32,7,18,8,832,128,110000,5720000
Kieran Trippier,DF,Newcastle Utd,30,6,5,429.0,4.8,2,0,2,2,0,0,0,0,0.2,0.2,0.3,0.5,0.42,0.00,0.42,0.42,0.05,0.06,0.05,0.10,0.0,0.0,0.0,0.0,0.0,0.0,0.0,0.0,0.0,0.0,0.0,0.0,0.0,0.0,0.0,0.0,0.0,0.0,0.0,0.0,0.0,0.0,0.0,0.0,2,2,100.0,0.42,0.42,1.00,1.00,24.5,189,284,66.5,3454,1758,93,112,83.0,59,87,67.8,33,69,47.8,7,15,5,0,17,197,87,19,0,2,28,53,15,0,11,2.31,11,2.31,2,9,0,0,0,0,1,0.21,1,0,0,0,0,0,17,10,8,8,1,10,16,62.5,6,10,3,7,10,27,10,0,4.8,339,22,109,155,79,0,339,3,1,33.3,2,66.7,106,317,169,2,3,1,1,1,129,8,144231,7500000
Kiernan Dewsbury-Hall,MF,Leicester City,22,28,23,2105.0,23.4,1,2,3,1,0,0,4,0,1.2,1.2,2.7,3.9,0.04,0.09,0.13,0.04,0.05,0.12,0.05,0.17,0.0,0.0,0.0,0.0,0.0,0.0,0.0,0.0,0.0,0.0,0.0,0.0,0.0,0.0,0.0,0.0,0.0,0.0,0.0,0.0,0.0,0.0,0.0,0.0,21,3,14.3,0.90,0.13,0.05,0.33,21.6,950,1250,76.0,13947,3778,542,623,87.0,308,394,78.2,55,134,41.0,35,103,26,7,132,1193,51,12,5,8,86,10,26,6,77,3.29,77,3.29,58,5,8,3,3,0,6,0.26,5,1,0,0,0,0,39,24,20,14,5,19,40,47.5,21,37,8,29,21,60,26,1,23.4,1516,47,286,756,498,41,1516,49,30,61.2,19,38.8,910,5877,3083,82,66,7,56,46,1076,98,20000,1040000
Kiko Femenía,DF,Watford,30,27,26,2142.0,23.8,0,5,5,0,0,0,2,0,0.1,0.1,3.6,3.8,0.00,0.21,0.21,0.00,0.00,0.15,0.00,0.16,0.0,0.0,0.0,0.0,0.0,0.0,0.0,0.0,0.0,0.0,0.0,0.0,0.0,0.0,0.0,0.0,0.0,0.0,0.0,0.0,0.0,0.0,0.0,0.0,3,1,33.3,0.13,0.04,0.00,0.00,20.7,867,1228,70.6,13397,6151,485,566,85.7,300,425,70.6,54,166,32.5,25,56,22,9,100,917,308,29,0,1,106,242,37,3,45,1.89,45,1.89,33,11,0,0,1,0,6,0.25,5,1,0,0,0,0,35,22,23,10,2,21,37,56.8,16,24,8,16,37,72,51,0,23.8,1431,101,455,569,418,11,1431,14,7,50.0,7,50.0,611,3099,1626,40,34,6,41,7,667,48,22500,1170000
Kortney Hause,DF,Aston Villa,26,7,4,397.0,4.4,1,0,1,1,0,0,0,0,0.1,0.1,0.0,0.1,0.23,0.00,0.23,0.23,0.03,0.00,0.03,0.03,0.0,0.0,0.0,0.0,0.0,0.0,0.0,0.0,0.0,0.0,0.0,0.0,0.0,0.0,0.0,0.0,0.0,0.0,0.0,0.0,0.0,0.0,0.0,0.0,2,2,100.0,0.45,0.45,0.50,0.50,10.5,175,222,78.8,3322,1231,65,73,89.0,89,101,88.1,19,40,47.5,0,11,0,0,14,218,4,4,1,3,0,0,0,0,2,0.45,2,0.45,2,0,0,0,0,0,0,0.00,0,0,0,0,0,0,3,3,2,0,1,3,4,75.0,1,8,5,3,6,9,13,0,4.4,266,34,136,119,14,9,266,4,3,75.0,1,25.0,158,906,517,2,2,1,4,1,151,3,8077,420000
Kostas Tsimikas,DF,Liverpool,25,13,9,877.0,9.7,0,2,2,0,0,0,3,0,0.6,0.6,2.7,3.3,0.00,0.21,0.21,0.00,0.06,0.27,0.06,0.34,0.0,0.0,0.0,0.0,0.0,0.0,0.0,0.0,0.0,0.0,0.0,0.0,0.0,0.0,0.0,0.0,0.0,0.0,0.0,0.0,0.0,0.0,0.0,0.0,8,2,25.0,0.82,0.21,0.00,0.00,16.9,508,705,72.1,8423,2744,249,278,89.6,219,288,76.0,36,98,36.7,25,34,16,7,47,573,131,11,0,2,116,76,44,1,42,4.31,42,4.31,26,13,1,2,0,0,3,0.31,2,1,0,0,0,0,27,12,12,8,7,12,16,75.0,4,6,2,4,10,37,22,2,9.7,809,39,170,313,332,32,809,20,8,40.0,12,60.0,430,2581,1422,48,22,7,8,5,485,109,60000,3120000
Kristoffer Ajer,DF,Brentford,23,24,23,1995.0,22.2,1,3,4,1,0,0,5,0,0.8,0.8,1.7,2.5,0.05,0.14,0.18,0.05,0.04,0.08,0.04,0.11,0.0,0.0,0.0,0.0,0.0,0.0,0.0,0.0,0.0,0.0,0.0,0.0,0.0,0.0,0.0,0.0,0.0,0.0,0.0,0.0,0.0,0.0,0.0,0.0,7,1,14.3,0.32,0.05,0.14,1.00,8.8,627,892,70.3,10133,4740,303,372,81.5,255,342,74.6,47,105,44.8,8,41,13,2,82,734,154,6,2,3,17,148,0,4,33,1.50,33,1.50,22,6,2,1,1,1,7,0.32,3,1,2,0,1,0,29,18,21,6,2,13,21,61.9,8,19,11,8,26,55,74,0,22.2,1101,108,442,484,181,31,1101,18,13,72.2,5,27.8,488,2991,1717,30,25,2,25,7,530,29,35000,1820000
Kristoffer Klaesson,GK,Leeds United,20,1,0,36.0,0.4,0,0,0,0,0,0,0,0,0.0,0.0,0.0,0.0,0.00,0.00,0.00,0.00,0.00,0.00,0.00,0.00,0.00,4,4,100.0,0,,0.6,0.14,1,3,33.3,8,2,25.0,30.4,3,33.3,28.7,7,0,0.0,2,5.00,23.7,0,0,,0.00,0.00,,,,9,11,81.8,219,164,2,2,100.0,5,5,100.0,2,4,50.0,0,0,0,0,0,8,3,0,0,0,0,0,0,0,0,0.00,0,0.00,0,0,0,0,0,0,0,0.00,0,0,0,0,0,0,0,0,0,0,0,0,0,,0,0,0,0,0,0,0,0,0.4,13,10,13,0,0,0,13,0,0,,0,,7,45,37,0,0,0,0,0,4,0,15000,780000
Kurt Zouma,DF,West Ham,26,24,24,2078.0,23.1,1,0,1,1,0,0,1,0,1.1,1.1,0.1,1.2,0.04,0.00,0.04,0.04,0.05,0.00,0.05,0.05,0.0,0.0,0.0,0.0,0.0,0.0,0.0,0.0,0.0,0.0,0.0,0.0,0.0,0.0,0.0,0.0,0.0,0.0,0.0,0.0,0.0,0.0,0.0,0.0,6,2,33.3,0.26,0.09,0.17,0.50,6.1,875,999,87.6,16585,5514,300,323,92.9,502,541,92.8,64,121,52.9,2,24,2,0,33,965,34,28,0,7,1,2,0,0,9,0.39,9,0.39,6,2,0,1,0,0,0,0.00,0,0,0,0,0,0,11,6,8,3,0,4,7,57.1,3,31,26,5,34,45,132,0,23.1,1247,245,702,520,34,15,1247,3,1,33.3,2,66.7,712,3270,1767,11,6,0,6,0,774,2,120000,6240000
Kyle Walker,DF,Manchester City,31,20,20,1755.0,19.5,0,2,2,0,0,0,1,0,0.3,0.3,1.3,1.5,0.00,0.10,0.10,0.00,0.01,0.06,0.01,0.08,0.0,0.0,0.0,0.0,0.0,0.0,0.0,0.0,0.0,0.0,0.0,0.0,0.0,0.0,0.0,0.0,0.0,0.0,0.0,0.0,0.0,0.0,0.0,0.0,8,2,25.0,0.41,0.10,0.00,0.00,23.7,1478,1668,88.6,26238,7085,654,697,93.8,672,732,91.8,136,192,70.8,11,178,17,4,146,1518,143,16,2,28,35,127,0,7,45,2.31,45,2.31,40,0,0,2,3,0,4,0.21,3,0,0,0,1,0,15,6,7,7,1,8,17,47.1,9,14,4,10,14,29,16,1,19.5,1770,39,344,1045,387,23,1770,14,7,50.0,7,50.0,1128,4752,2145,43,36,5,15,6,1356,65,110000,5720000
Kyle Walker-Peters,DF,Southampton,24,32,29,2633.0,29.3,1,2,3,1,0,0,5,0,1.1,1.1,2.7,3.8,0.03,0.07,0.10,0.03,0.04,0.09,0.04,0.13,0.0,0.0,0.0,0.0,0.0,0.0,0.0,0.0,0.0,0.0,0.0,0.0,0.0,0.0,0.0,0.0,0.0,0.0,0.0,0.0,0.0,0.0,0.0,0.0,26,7,26.9,0.89,0.24,0.04,0.14,18.6,1071,1368,78.3,16094,5790,606,686,88.3,368,470,78.3,65,113,57.5,24,64,36,1,147,1125,240,13,2,3,50,227,0,3,70,2.39,70,2.39,49,0,9,3,7,2,9,0.31,5,0,1,0,2,1,57,33,28,21,8,26,38,68.4,12,29,8,21,37,94,53,1,29.3,1715,86,427,714,608,76,1715,95,64,67.4,31,32.6,941,6571,3883,134,92,33,42,43,981,165,20000,1040000
Leander Dendoncker,MF,Wolves,26,30,21,1950.0,21.7,2,2,4,2,0,0,4,0,2.2,2.2,1.1,3.3,0.09,0.09,0.18,0.09,0.10,0.05,0.10,0.15,0.0,0.0,0.0,0.0,0.0,0.0,0.0,0.0,0.0,0.0,0.0,0.0,0.0,0.0,0.0,0.0,0.0,0.0,0.0,0.0,0.0,0.0,0.0,0.0,23,10,43.5,1.06,0.46,0.09,0.20,16.1,709,822,86.3,11172,2199,328,377,87.0,301,328,91.8,45,57,78.9,11,52,4,0,64,805,16,12,0,1,5,4,0,1,27,1.25,27,1.25,25,0,0,1,0,1,7,0.32,5,0,0,1,0,1,42,17,25,14,3,22,50,44.0,28,37,10,27,9,51,38,1,21.7,1024,59,282,542,203,33,1024,10,5,50.0,5,50.0,461,1863,722,9,14,0,25,9,651,45,90000,4680000
Leandro Trossard,"FW,MF",Brighton,26,34,32,2805.0,31.2,8,3,11,7,1,1,2,0,6.7,5.9,4.8,10.7,0.26,0.10,0.35,0.22,0.21,0.15,0.19,0.34,0.0,0.0,0.0,0.0,0.0,0.0,0.0,0.0,0.0,0.0,0.0,0.0,0.0,0.0,0.0,0.0,0.0,0.0,0.0,0.0,0.0,0.0,0.0,0.0,73,26,35.6,2.34,0.83,0.10,0.27,18.7,898,1188,75.6,14462,3283,479,569,84.2,282,357,79.0,90,130,69.2,47,71,53,3,154,1147,36,8,8,26,51,12,7,5,113,3.63,113,3.63,82,4,18,6,3,0,13,0.42,8,1,3,0,1,0,34,20,12,9,13,4,31,12.9,27,33,4,29,15,49,10,0,31.2,1535,23,146,573,834,151,1534,80,56,70.0,24,30.0,987,5847,2686,97,52,43,93,73,1163,222,42500,2210000
Leo Fuhr Hjelde,"MF,DF",Leeds United,17,2,0,150.0,1.7,0,0,0,0,0,0,0,0,0.0,0.0,0.0,0.0,0.00,0.00,0.00,0.00,0.00,0.01,0.00,0.01,0.0,0.0,0.0,0.0,0.0,0.0,0.0,0.0,0.0,0.0,0.0,0.0,0.0,0.0,0.0,0.0,0.0,0.0,0.0,0.0,0.0,0.0,0.0,0.0,0,0,,0.00,0.00,,,,79,108,73.1,1120,430,48,57,84.2,22,32,68.8,5,13,38.5,1,3,0,0,3,83,25,0,0,1,3,25,0,0,3,1.80,3,1.80,3,0,0,0,0,0,0,0.00,0,0,0,0,0,0,5,4,3,2,0,3,3,100.0,0,3,3,0,4,9,7,0,1.7,130,9,55,60,16,1,130,0,0,,0,,59,178,89,1,1,0,2,0,63,4,0.0,0.0
Leon Bailey,"FW,MF",Aston Villa,23,18,7,761.0,8.5,1,2,3,1,0,0,3,0,1.5,1.5,0.8,2.3,0.12,0.24,0.35,0.12,0.18,0.09,0.18,0.27,0.0,0.0,0.0,0.0,0.0,0.0,0.0,0.0,0.0,0.0,0.0,0.0,0.0,0.0,0.0,0.0,0.0,0.0,0.0,0.0,0.0,0.0,0.0,0.0,21,8,38.1,2.48,0.95,0.05,0.13,19.4,150,226,66.4,2354,518,76,95,80.0,47,66,71.2,15,36,41.7,7,6,9,1,24,209,16,1,1,3,33,4,11,1,20,2.37,20,2.37,15,0,1,2,2,0,1,0.12,1,0,0,0,0,0,17,11,6,8,3,6,13,46.2,7,10,1,9,1,18,2,0,8.5,348,3,29,119,206,35,348,29,13,44.8,16,55.2,232,1679,693,34,14,10,33,24,244,61,85000,4420000
Lewis Bate,MF,Leeds United,18,3,1,146.0,1.6,0,0,0,0,0,0,0,0,0.0,0.0,0.0,0.0,0.00,0.00,0.00,0.00,0.01,0.00,0.01,0.01,0.0,0.0,0.0,0.0,0.0,0.0,0.0,0.0,0.0,0.0,0.0,0.0,0.0,0.0,0.0,0.0,0.0,0.0,0.0,0.0,0.0,0.0,0.0,0.0,1,0,0.0,0.62,0.00,0.00,,28.9,45,61,73.8,654,199,23,30,76.7,15,17,88.2,3,5,60.0,0,2,0,0,6,60,1,0,0,1,0,0,0,0,3,1.85,3,1.85,2,0,0,1,0,0,0,0.00,0,0,0,0,0,0,1,0,0,0,1,0,8,0.0,8,1,0,1,1,2,1,0,1.6,86,3,27,51,9,0,86,5,1,20.0,4,80.0,47,267,57,0,2,0,9,2,53,1,0.0,0.0
Lewis Brunt,MF,Leicester City,20,1,0,24.0,0.3,0,0,0,0,0,0,0,0,0.0,0.0,0.0,0.0,0.00,0.00,0.00,0.00,0.00,0.00,0.00,0.00,0.0,0.0,0.0,0.0,0.0,0.0,0.0,0.0,0.0,0.0,0.0,0.0,0.0,0.0,0.0,0.0,0.0,0.0,0.0,0.0,0.0,0.0,0.0,0.0,0,0,,0.00,0.00,,,,21,21,100.0,365,28,10,10,100.0,10,10,100.0,1,1,100.0,0,1,0,0,2,21,0,0,0,1,0,0,0,0,0,0.00,0,0.00,0,0,0,0,0,0,0,0.00,0,0,0,0,0,0,0,0,0,0,0,0,0,,0,1,0,1,0,0,0,0,0.3,26,0,0,22,4,1,26,1,1,100.0,0,0.0,22,99,36,1,0,0,1,2,22,2,0.0,0.0
Lewis Dobbin,"FW,MF",Everton,18,3,0,32.0,0.4,0,0,0,0,0,0,1,0,0.0,0.0,0.0,0.0,0.00,0.00,0.00,0.00,0.00,0.00,0.00,0.00,0.0,0.0,0.0,0.0,0.0,0.0,0.0,0.0,0.0,0.0,0.0,0.0,0.0,0.0,0.0,0.0,0.0,0.0,0.0,0.0,0.0,0.0,0.0,0.0,0,0,,0.00,0.00,,,,5,8,62.5,92,22,3,3,100.0,0,2,0.0,2,3,66.7,0,2,0,0,1,7,1,0,0,0,0,0,0,0,0,0.00,0,0.00,0,0,0,0,0,0,0,0.00,0,0,0,0,0,0,2,1,0,1,1,1,2,50.0,1,0,0,0,0,2,0,0,0.4,13,0,1,7,5,2,13,1,0,0.0,1,100.0,10,75,41,1,0,2,1,1,8,2,0.0,0.0
Lewis Dunk,DF,Brighton,29,29,29,2573.0,28.6,1,0,1,1,0,0,3,1,1.3,1.3,0.4,1.8,0.03,0.00,0.03,0.03,0.05,0.01,0.05,0.06,0.0,0.0,0.0,0.0,0.0,0.0,0.0,0.0,0.0,0.0,0.0,0.0,0.0,0.0,0.0,0.0,0.0,0.0,0.0,0.0,0.0,0.0,0.0,0.0,19,7,36.8,0.66,0.24,0.05,0.14,10.8,1726,1958,88.2,35875,11690,467,508,91.9,1019,1077,94.6,228,338,67.5,3,87,4,1,83,1885,69,62,0,16,3,6,0,4,20,0.70,20,0.70,16,1,0,3,0,0,3,0.10,2,1,0,0,0,0,10,8,5,5,0,5,11,45.5,6,32,28,4,27,37,113,3,28.6,2197,281,1180,949,76,37,2197,4,4,100.0,0,0.0,1306,5934,2863,14,7,2,11,3,1575,3,45000,2340000
Liam Cooper,DF,Leeds United,29,21,21,1814.0,20.2,0,1,1,0,0,0,5,0,0.4,0.4,0.1,0.5,0.00,0.05,0.05,0.00,0.02,0.01,0.02,0.02,0.0,0.0,0.0,0.0,0.0,0.0,0.0,0.0,0.0,0.0,0.0,0.0,0.0,0.0,0.0,0.0,0.0,0.0,0.0,0.0,0.0,0.0,0.0,0.0,6,1,16.7,0.30,0.05,0.00,0.00,10.8,981,1183,82.9,18604,6591,335,378,88.6,547,600,91.2,86,171,50.3,4,31,0,0,46,1151,30,25,1,7,1,5,0,2,13,0.64,13,0.64,11,0,1,1,0,0,2,0.10,1,0,0,1,0,0,41,23,27,13,1,23,33,69.7,10,29,18,11,43,84,72,2,20.2,1405,152,857,530,27,13,1405,4,3,75.0,1,25.0,748,3635,2147,7,3,0,9,1,822,2,6500,338000
Liam Delap,FW,Manchester City,18,1,0,10.0,0.1,0,0,0,0,0,0,0,0,0.0,0.0,0.0,0.0,0.00,0.00,0.00,0.00,0.00,0.00,0.00,0.00,0.0,0.0,0.0,0.0,0.0,0.0,0.0,0.0,0.0,0.0,0.0,0.0,0.0,0.0,0.0,0.0,0.0,0.0,0.0,0.0,0.0,0.0,0.0,0.0,0,0,,0.00,0.00,,,,1,1,100.0,13,9,1,1,100.0,0,0,,0,0,,0,0,0,0,1,1,0,0,0,0,0,0,0,0,1,10.00,1,10.00,0,0,0,0,1,0,0,0.00,0,0,0,0,0,0,0,0,0,0,0,0,0,,0,0,0,0,0,0,0,0,0.1,1,0,0,1,0,0,1,0,0,,0,,1,1,0,0,0,0,0,0,1,0,0.0,0.0
Liam McCarron,FW,Leeds United,20,1,0,10.0,0.1,0,0,0,0,0,0,0,0,0.0,0.0,0.0,0.0,0.00,0.00,0.00,0.00,0.00,0.00,0.00,0.00,0.0,0.0,0.0,0.0,0.0,0.0,0.0,0.0,0.0,0.0,0.0,0.0,0.0,0.0,0.0,0.0,0.0,0.0,0.0,0.0,0.0,0.0,0.0,0.0,0,0,,0.00,0.00,,,,2,2,100.0,42,0,1,1,100.0,0,0,,1,1,100.0,0,0,0,0,0,2,0,0,0,0,0,0,0,0,0,0.00,0,0.00,0,0,0,0,0,0,0,0.00,0,0,0,0,0,0,0,0,0,0,0,0,0,,0,1,0,1,0,0,0,0,0.1,3,0,1,2,0,0,3,0,0,,0,,2,15,6,0,0,0,0,0,1,0,769,40000
Lucas Digne,DF,Aston Villa,28,16,16,1269.0,14.1,0,4,4,0,0,0,2,0,0.5,0.5,2.2,2.7,0.00,0.28,0.28,0.00,0.04,0.16,0.04,0.19,0.0,0.0,0.0,0.0,0.0,0.0,0.0,0.0,0.0,0.0,0.0,0.0,0.0,0.0,0.0,0.0,0.0,0.0,0.0,0.0,0.0,0.0,0.0,0.0,9,2,22.2,0.64,0.14,0.00,0.00,18.0,629,838,75.1,9033,3799,389,436,89.2,189,251,75.3,35,104,33.7,30,33,24,14,48,645,192,18,1,6,101,135,39,1,53,3.75,53,3.75,37,14,1,0,1,0,8,0.57,5,2,0,0,1,0,13,10,8,3,2,9,19,47.4,10,15,8,7,23,36,40,0,14.1,978,63,285,332,369,21,978,13,3,23.1,10,76.9,495,2252,1148,34,28,3,13,13,544,121,163462,8500000
Lucas Digne,DF,Everton,28,13,13,1170.0,13.0,0,0,0,0,0,0,4,0,0.3,0.3,1.4,1.8,0.00,0.00,0.00,0.00,0.03,0.11,0.03,0.14,0.0,0.0,0.0,0.0,0.0,0.0,0.0,0.0,0.0,0.0,0.0,0.0,0.0,0.0,0.0,0.0,0.0,0.0,0.0,0.0,0.0,0.0,0.0,0.0,9,2,22.2,0.64,0.14,0.00,0.00,18.0,629,838,75.1,9033,3799,389,436,89.2,189,251,75.3,35,104,33.7,30,33,24,14,48,645,192,18,1,6,101,135,39,1,53,3.75,53,3.75,37,14,1,0,1,0,8,0.57,5,2,0,0,1,0,13,10,8,3,2,9,19,47.4,10,15,8,7,23,36,40,0,14.1,978,63,285,332,369,21,978,13,3,23.1,10,76.9,495,2252,1148,34,28,3,13,13,544,121,163462,8500000
Lucas Moura,"FW,MF",Tottenham,28,34,19,1775.0,19.7,2,6,8,2,0,0,4,0,2.7,2.7,5.0,7.7,0.10,0.30,0.41,0.10,0.14,0.25,0.14,0.39,0.0,0.0,0.0,0.0,0.0,0.0,0.0,0.0,0.0,0.0,0.0,0.0,0.0,0.0,0.0,0.0,0.0,0.0,0.0,0.0,0.0,0.0,0.0,0.0,37,11,29.7,1.88,0.56,0.05,0.18,16.7,567,774,73.3,7667,2267,340,413,82.3,180,243,74.1,17,38,44.7,34,59,27,4,99,745,20,8,8,0,33,7,1,9,67,3.40,67,3.40,52,0,7,2,6,0,12,0.61,10,0,1,0,1,0,25,10,7,14,4,8,35,22.9,27,19,0,19,18,43,19,0,19.7,1021,21,103,510,428,62,1021,92,56,60.9,36,39.1,649,3811,1802,48,61,9,59,33,772,87,80000,4160000
Luis Díaz,FW,Liverpool,24,13,11,958.0,10.6,4,3,7,4,0,0,0,0,3.6,3.6,2.6,6.2,0.38,0.28,0.66,0.38,0.33,0.25,0.33,0.58,0.0,0.0,0.0,0.0,0.0,0.0,0.0,0.0,0.0,0.0,0.0,0.0,0.0,0.0,0.0,0.0,0.0,0.0,0.0,0.0,0.0,0.0,0.0,0.0,38,13,34.2,3.57,1.22,0.11,0.31,16.7,392,455,86.2,5406,1093,240,264,90.9,116,133,87.2,22,25,88.0,20,14,22,4,38,453,2,0,0,2,14,2,0,0,60,5.64,60,5.64,41,0,11,6,1,1,4,0.38,3,0,0,1,0,0,9,7,3,5,1,2,8,25.0,6,7,0,7,4,13,2,0,10.6,595,4,32,219,349,77,595,49,31,63.3,18,36.7,399,2712,1293,53,22,31,27,26,476,127,56000,2912000
Luka Milivojević,MF,Crystal Palace,30,15,9,774.0,8.6,0,0,0,0,0,0,1,0,0.3,0.3,0.7,1.0,0.00,0.00,0.00,0.00,0.03,0.08,0.03,0.11,0.0,0.0,0.0,0.0,0.0,0.0,0.0,0.0,0.0,0.0,0.0,0.0,0.0,0.0,0.0,0.0,0.0,0.0,0.0,0.0,0.0,0.0,0.0,0.0,8,0,0.0,0.93,0.00,0.00,,26.6,400,493,81.1,7100,2097,182,202,90.1,157,185,84.9,46,79,58.2,11,36,6,3,37,444,49,20,1,5,43,0,29,0,20,2.33,20,2.33,8,10,0,0,1,1,0,0.00,0,0,0,0,0,0,18,9,9,6,3,10,16,62.5,6,6,1,5,11,29,15,0,8.6,562,21,138,315,113,1,562,2,2,100.0,0,0.0,285,1005,464,2,7,0,3,3,338,4,55000,2860000
Lukas Rupp,MF,Norwich City,30,19,7,769.0,8.5,0,0,0,0,0,0,0,0,0.7,0.7,1.4,2.0,0.00,0.00,0.00,0.00,0.08,0.16,0.08,0.24,0.0,0.0,0.0,0.0,0.0,0.0,0.0,0.0,0.0,0.0,0.0,0.0,0.0,0.0,0.0,0.0,0.0,0.0,0.0,0.0,0.0,0.0,0.0,0.0,12,2,16.7,1.40,0.23,0.00,0.00,21.2,322,391,82.4,4884,1244,170,191,89.0,116,129,89.9,22,35,62.9,9,24,5,1,35,385,3,2,2,2,3,1,0,3,25,2.93,25,2.93,20,0,3,1,1,0,1,0.12,1,0,0,0,0,0,9,4,5,3,1,4,15,26.7,11,11,1,10,9,18,7,0,8.5,488,21,99,264,132,16,488,27,18,66.7,9,33.3,309,1521,686,17,14,1,20,19,349,23,22500,1170000
Luke Ayling,DF,Leeds United,29,26,26,2272.0,25.2,2,2,4,2,0,0,4,1,1.2,1.2,1.8,3.1,0.08,0.08,0.16,0.08,0.05,0.07,0.05,0.12,0.0,0.0,0.0,0.0,0.0,0.0,0.0,0.0,0.0,0.0,0.0,0.0,0.0,0.0,0.0,0.0,0.0,0.0,0.0,0.0,0.0,0.0,0.0,0.0,19,3,15.8,0.75,0.12,0.11,0.67,13.0,1224,1592,76.9,22964,10551,535,606,88.3,517,619,83.5,154,294,52.4,12,98,11,4,135,1412,171,36,5,24,31,134,0,9,33,1.31,33,1.31,24,1,0,7,0,1,5,0.20,1,0,0,3,0,1,74,42,46,23,5,51,97,52.6,46,46,25,21,28,102,52,1,25.2,1884,178,905,758,244,35,1884,37,23,62.2,14,37.8,1002,5566,3583,45,23,2,42,10,1147,51,8000,416000
Luke Cundle,MF,Wolves,19,4,2,180.0,2.0,0,0,0,0,0,0,0,0,0.0,0.0,0.2,0.2,0.00,0.00,0.00,0.00,0.00,0.12,0.00,0.12,0.0,0.0,0.0,0.0,0.0,0.0,0.0,0.0,0.0,0.0,0.0,0.0,0.0,0.0,0.0,0.0,0.0,0.0,0.0,0.0,0.0,0.0,0.0,0.0,0,0,,0.00,0.00,,,,96,105,91.4,1485,302,48,51,94.1,38,42,90.5,7,9,77.8,2,11,2,0,9,103,2,0,2,1,2,0,2,0,3,1.50,3,1.50,3,0,0,0,0,0,0,0.00,0,0,0,0,0,0,4,3,0,4,0,1,1,100.0,0,0,0,0,1,5,1,0,2.0,116,3,30,68,18,1,116,1,0,0.0,1,100.0,48,188,103,3,1,0,2,1,86,3,11538,600000
Luke Shaw,DF,Manchester Utd,26,20,19,1601.0,17.8,0,3,3,0,0,0,8,0,0.1,0.1,3.6,3.7,0.00,0.17,0.17,0.00,0.01,0.20,0.01,0.21,0.0,0.0,0.0,0.0,0.0,0.0,0.0,0.0,0.0,0.0,0.0,0.0,0.0,0.0,0.0,0.0,0.0,0.0,0.0,0.0,0.0,0.0,0.0,0.0,6,1,16.7,0.34,0.06,0.00,0.00,24.7,944,1193,79.1,14230,5275,551,612,90.0,294,361,81.4,64,134,47.8,39,74,16,5,82,963,223,15,3,6,109,153,55,7,69,3.88,69,3.88,45,21,1,0,0,2,6,0.34,5,1,0,0,0,0,21,13,9,9,3,12,21,57.1,9,22,11,11,9,30,22,2,17.8,1316,55,293,597,436,15,1316,14,7,50.0,7,50.0,682,3798,2191,48,42,3,11,14,836,69,150000,7800000
Luke Thomas,DF,Leicester City,20,22,21,1912.0,21.2,0,1,1,0,0,0,2,0,0.1,0.1,1.3,1.5,0.00,0.05,0.05,0.00,0.01,0.06,0.01,0.07,0.0,0.0,0.0,0.0,0.0,0.0,0.0,0.0,0.0,0.0,0.0,0.0,0.0,0.0,0.0,0.0,0.0,0.0,0.0,0.0,0.0,0.0,0.0,0.0,4,0,0.0,0.19,0.00,0.00,,19.0,1007,1272,79.2,14404,5124,597,660,90.5,346,434,79.7,37,96,38.5,12,75,13,3,95,1040,231,12,3,1,33,217,2,1,28,1.32,28,1.32,17,6,2,2,0,1,1,0.05,1,0,0,0,0,0,50,31,33,13,4,28,65,43.1,37,35,14,21,40,90,55,0,21.2,1533,86,489,737,316,15,1533,23,15,65.2,8,34.8,744,2969,1632,28,28,2,33,20,882,59,11538,600000
Lyanco,DF,Southampton,24,15,9,911.0,10.1,0,0,0,0,0,0,2,0,0.3,0.3,0.1,0.4,0.00,0.00,0.00,0.00,0.03,0.01,0.03,0.04,0.0,0.0,0.0,0.0,0.0,0.0,0.0,0.0,0.0,0.0,0.0,0.0,0.0,0.0,0.0,0.0,0.0,0.0,0.0,0.0,0.0,0.0,0.0,0.0,6,1,16.7,0.59,0.10,0.00,0.00,16.9,282,397,71.0,5428,2134,94,107,87.9,158,189,83.6,25,89,28.1,3,25,2,0,18,382,13,10,0,1,4,2,0,2,10,0.99,10,0.99,6,0,1,2,0,1,1,0.10,1,0,0,0,0,0,18,15,11,7,0,10,18,55.6,8,18,13,5,13,31,50,1,10.1,530,104,272,245,19,4,530,4,4,100.0,0,0.0,280,1232,536,3,1,0,5,2,265,1,50000,2600000
Mads Bech Sørensen,DF,Brentford,22,11,9,835.0,9.3,0,0,0,0,0,0,3,0,0.1,0.1,0.4,0.4,0.00,0.00,0.00,0.00,0.01,0.04,0.01,0.05,0.0,0.0,0.0,0.0,0.0,0.0,0.0,0.0,0.0,0.0,0.0,0.0,0.0,0.0,0.0,0.0,0.0,0.0,0.0,0.0,0.0,0.0,0.0,0.0,2,0,0.0,0.22,0.00,0.00,,12.8,393,514,76.5,7386,3006,143,161,88.8,209,262,79.8,37,75,49.3,7,19,4,3,20,435,78,6,0,0,10,72,0,1,11,1.19,11,1.19,4,7,0,0,0,0,0,0.00,0,0,0,0,0,0,8,7,6,2,0,6,7,85.7,1,9,6,3,6,14,25,0,9.3,576,65,291,218,71,6,576,1,0,0.0,1,100.0,296,1631,1014,9,4,0,2,0,325,4,4038,210000
Mads Bidstrup,MF,Brentford,20,4,0,41.0,0.5,0,0,0,0,0,0,0,0,0.0,0.0,0.0,0.0,0.00,0.00,0.00,0.00,0.00,0.00,0.00,0.00,0.0,0.0,0.0,0.0,0.0,0.0,0.0,0.0,0.0,0.0,0.0,0.0,0.0,0.0,0.0,0.0,0.0,0.0,0.0,0.0,0.0,0.0,0.0,0.0,0,0,,0.00,0.00,,,,10,13,76.9,140,31,4,5,80.0,4,5,80.0,1,1,100.0,0,0,0,0,0,13,0,0,0,0,0,0,0,0,0,0.00,0,0.00,0,0,0,0,0,0,0,0.00,0,0,0,0,0,0,1,0,0,1,0,0,3,0.0,3,0,0,0,1,2,2,0,0.5,20,2,8,10,2,0,20,0,0,,0,,6,21,10,0,0,0,2,1,9,0,10000,520000
Mads Roerslev,DF,Brentford,22,21,12,1240.0,13.8,1,1,2,1,0,0,1,0,0.4,0.4,0.6,0.9,0.07,0.07,0.15,0.07,0.03,0.04,0.03,0.07,0.0,0.0,0.0,0.0,0.0,0.0,0.0,0.0,0.0,0.0,0.0,0.0,0.0,0.0,0.0,0.0,0.0,0.0,0.0,0.0,0.0,0.0,0.0,0.0,5,2,40.0,0.36,0.15,0.20,0.50,17.4,230,358,64.2,3857,1221,107,138,77.5,100,149,67.1,17,45,37.8,7,16,8,7,22,332,25,0,0,0,35,25,0,1,15,1.09,15,1.09,11,0,1,1,2,0,3,0.22,2,0,0,1,0,0,23,12,19,2,2,14,32,43.8,18,14,5,9,16,39,29,0,13.8,493,45,187,181,127,12,493,15,4,26.7,11,73.3,244,1011,394,14,12,1,9,4,259,54,5000,260000
Malang Sarr,DF,Chelsea,22,8,6,546.0,6.1,0,0,0,0,0,0,2,0,0.0,0.0,0.4,0.4,0.00,0.00,0.00,0.00,0.01,0.06,0.01,0.07,0.0,0.0,0.0,0.0,0.0,0.0,0.0,0.0,0.0,0.0,0.0,0.0,0.0,0.0,0.0,0.0,0.0,0.0,0.0,0.0,0.0,0.0,0.0,0.0,1,0,0.0,0.16,0.00,0.00,,21.6,432,493,87.6,7202,2241,191,206,92.7,211,226,93.4,26,48,54.2,3,36,2,1,23,457,36,14,2,1,4,22,0,0,6,0.99,6,0.99,6,0,0,0,0,0,0,0.00,0,0,0,0,0,0,14,7,10,2,2,7,12,58.3,5,6,3,3,11,25,20,0,6.1,555,31,208,300,48,0,555,0,0,,0,,350,1458,744,9,13,1,6,2,391,15,120000,6240000
Manuel Lanzini,"MF,FW",West Ham,28,30,19,1786.0,19.8,5,3,8,2,3,3,2,0,3.7,1.3,2.4,3.7,0.25,0.15,0.40,0.10,0.19,0.12,0.07,0.19,0.0,0.0,0.0,0.0,0.0,0.0,0.0,0.0,0.0,0.0,0.0,0.0,0.0,0.0,0.0,0.0,0.0,0.0,0.0,0.0,0.0,0.0,0.0,0.0,13,4,30.8,0.66,0.20,0.15,0.50,23.1,1118,1237,90.4,16115,3945,642,678,94.7,372,407,91.4,52,77,67.5,23,87,22,3,119,1159,77,10,2,4,28,6,20,1,60,3.02,60,3.02,51,4,3,0,1,1,9,0.45,7,0,1,0,0,1,28,15,10,11,7,10,35,28.6,25,16,0,16,19,47,10,0,19.8,1402,23,217,820,379,35,1399,36,25,69.4,11,30.6,889,4207,1876,29,37,6,31,16,1026,57,70000,3640000
Marc Albrighton,"FW,DF",Leicester City,31,17,11,1132.0,12.6,1,2,3,1,0,0,3,0,0.5,0.5,2.0,2.5,0.08,0.16,0.24,0.08,0.04,0.16,0.04,0.20,0.0,0.0,0.0,0.0,0.0,0.0,0.0,0.0,0.0,0.0,0.0,0.0,0.0,0.0,0.0,0.0,0.0,0.0,0.0,0.0,0.0,0.0,0.0,0.0,4,1,25.0,0.32,0.08,0.25,1.00,16.3,347,558,62.2,5152,2040,220,258,85.3,86,145,59.3,26,94,27.7,11,23,8,6,26,452,101,15,2,3,78,48,37,5,19,1.51,19,1.51,12,4,0,0,3,0,2,0.16,2,0,0,0,0,0,31,19,16,9,6,10,47,21.3,37,15,3,12,14,45,20,0,12.6,705,35,166,302,243,12,705,40,15,37.5,25,62.5,357,1616,691,21,14,2,21,8,397,56,45000,2340000
Marc Cucurella,DF,Brighton,23,35,35,3089.0,34.3,1,1,2,1,0,0,6,0,0.7,0.7,2.7,3.4,0.03,0.03,0.06,0.03,0.02,0.08,0.02,0.10,0.0,0.0,0.0,0.0,0.0,0.0,0.0,0.0,0.0,0.0,0.0,0.0,0.0,0.0,0.0,0.0,0.0,0.0,0.0,0.0,0.0,0.0,0.0,0.0,18,3,16.7,0.52,0.09,0.06,0.33,20.9,1890,2356,80.2,29046,9900,1014,1131,89.7,718,856,83.9,110,219,50.2,42,158,49,17,191,1994,356,17,5,12,115,334,5,6,101,2.94,101,2.94,88,8,1,2,1,1,3,0.09,2,1,0,0,0,0,93,62,43,32,18,44,71,62.0,27,42,14,28,30,123,74,0,34.3,2717,115,683,1205,848,53,2717,55,28,50.9,27,49.1,1431,6642,4085,104,64,8,40,15,1638,208,42885,2230000
Marc Guéhi,DF,Crystal Palace,21,36,36,3222.0,35.8,2,1,3,2,0,0,4,0,2.5,2.5,1.3,3.8,0.06,0.03,0.08,0.06,0.07,0.04,0.07,0.11,0.0,0.0,0.0,0.0,0.0,0.0,0.0,0.0,0.0,0.0,0.0,0.0,0.0,0.0,0.0,0.0,0.0,0.0,0.0,0.0,0.0,0.0,0.0,0.0,19,5,26.3,0.53,0.14,0.11,0.40,11.1,2057,2360,87.2,40390,14502,664,722,92.0,1162,1261,92.1,214,342,62.6,6,116,3,0,111,2290,65,59,1,32,3,6,0,5,25,0.70,25,0.70,20,0,1,2,2,0,3,0.08,1,0,0,1,1,0,35,17,24,10,1,15,16,93.8,1,34,26,8,30,65,127,0,35.8,2654,376,1512,1070,82,32,2654,13,12,92.3,1,7.7,1663,7932,4727,17,15,0,14,7,1925,7,42308,2200000
Marcos Alonso,DF,Chelsea,30,28,25,2167.0,24.1,4,4,8,4,0,0,8,0,2.8,2.8,4.5,7.3,0.17,0.17,0.33,0.17,0.12,0.19,0.12,0.30,0.0,0.0,0.0,0.0,0.0,0.0,0.0,0.0,0.0,0.0,0.0,0.0,0.0,0.0,0.0,0.0,0.0,0.0,0.0,0.0,0.0,0.0,0.0,0.0,43,10,23.3,1.79,0.42,0.09,0.40,18.7,1142,1486,76.9,17781,5763,624,709,88.0,387,478,81.0,84,194,43.3,43,67,34,15,93,1190,293,27,2,8,149,199,67,3,93,3.86,93,3.86,66,16,3,6,2,0,10,0.42,7,2,0,1,0,0,41,29,20,12,9,17,36,47.2,19,29,5,24,43,84,53,0,24.1,1791,72,451,626,730,69,1791,35,15,42.9,20,57.1,882,4325,2172,51,32,10,43,25,1037,192,100000,5200000
Marcus Forss,"FW,MF",Brentford,22,7,1,209.0,2.3,0,1,1,0,0,0,0,0,0.3,0.3,0.2,0.6,0.00,0.43,0.43,0.00,0.14,0.10,0.14,0.24,0.0,0.0,0.0,0.0,0.0,0.0,0.0,0.0,0.0,0.0,0.0,0.0,0.0,0.0,0.0,0.0,0.0,0.0,0.0,0.0,0.0,0.0,0.0,0.0,5,0,0.0,2.15,0.00,0.00,,15.8,22,38,57.9,341,115,12,19,63.2,5,9,55.6,3,3,100.0,1,5,1,0,6,34,3,0,0,1,1,0,0,1,1,0.43,1,0.43,0,0,0,1,0,0,1,0.43,0,0,0,1,0,0,3,3,0,2,1,2,4,50.0,2,5,0,5,1,4,0,0,2.3,69,0,2,39,28,6,69,4,1,25.0,3,75.0,29,126,44,2,0,0,9,1,37,12,5000,260000
Marcus Rashford,"FW,MF",Manchester Utd,23,25,13,1235.0,13.7,4,2,6,4,0,0,2,0,2.9,2.9,2.1,5.0,0.29,0.15,0.44,0.29,0.21,0.15,0.21,0.36,0.0,0.0,0.0,0.0,0.0,0.0,0.0,0.0,0.0,0.0,0.0,0.0,0.0,0.0,0.0,0.0,0.0,0.0,0.0,0.0,0.0,0.0,0.0,0.0,22,12,54.5,1.60,0.87,0.18,0.33,17.7,304,424,71.7,3973,706,199,252,79.0,82,110,74.5,7,20,35.0,9,18,10,1,28,406,14,2,0,1,22,5,0,4,27,1.97,27,1.97,16,0,5,2,4,0,3,0.22,3,0,0,0,0,0,6,5,1,4,1,2,13,15.4,11,10,1,9,5,11,5,1,13.7,570,6,50,219,310,69,570,53,22,41.5,31,58.5,359,2401,1184,50,30,26,39,26,463,118,200000,10400000
Mark Noble,MF,West Ham,34,11,3,332.0,3.7,1,0,1,0,1,2,0,0,1.6,0.0,0.0,0.0,0.27,0.00,0.27,0.00,0.43,0.00,0.00,0.00,0.0,0.0,0.0,0.0,0.0,0.0,0.0,0.0,0.0,0.0,0.0,0.0,0.0,0.0,0.0,0.0,0.0,0.0,0.0,0.0,0.0,0.0,0.0,0.0,0,0,,0.00,0.00,,,,262,301,87.0,4287,1128,127,137,92.7,109,119,91.6,21,32,65.6,1,21,0,0,14,286,14,10,0,1,2,1,1,1,6,1.63,6,1.63,6,0,0,0,0,0,0,0.00,0,0,0,0,0,0,8,2,7,1,0,5,11,45.5,6,4,1,3,4,12,2,1,3.7,325,5,80,210,40,2,323,4,3,75.0,1,25.0,217,869,350,2,9,0,0,4,248,3,50000,2600000
Martin Dúbravka,GK,Newcastle Utd,32,26,26,2340.0,26.0,0,0,0,0,0,0,1,0,0.0,0.0,0.0,0.0,0.00,0.00,0.00,0.00,0.00,0.00,0.00,0.00,1.35,106,72,67.9,8,30.8,34.0,0.32,207,497,41.6,605,88,46.3,37.0,236,91.9,60.5,360,22,6.1,14,0.54,11.9,0,0,,0.00,0.00,,,,534,846,63.1,18819,14800,62,62,100.0,228,233,97.9,242,544,44.5,2,13,0,0,0,501,340,104,0,1,0,0,0,5,3,0.12,3,0.12,1,2,0,0,0,0,0,0.00,0,0,0,0,0,0,1,1,1,0,0,0,1,0.0,1,0,0,0,0,1,8,2,26.0,895,688,887,9,0,0,895,0,0,,0,,462,2679,1338,0,0,0,0,0,324,0,38077,1980000
Martin Ødegaard,"MF,FW",Arsenal,22,36,32,2785.0,30.9,7,4,11,7,0,0,4,0,4.8,4.8,6.3,11.1,0.23,0.13,0.36,0.23,0.15,0.20,0.15,0.36,0.0,0.0,0.0,0.0,0.0,0.0,0.0,0.0,0.0,0.0,0.0,0.0,0.0,0.0,0.0,0.0,0.0,0.0,0.0,0.0,0.0,0.0,0.0,0.0,53,21,39.6,1.71,0.68,0.13,0.33,21.0,1368,1633,83.8,21846,5049,681,763,89.3,541,612,88.4,90,145,62.1,77,113,71,3,224,1490,136,34,19,9,59,8,31,7,159,5.14,159,5.14,129,12,6,9,2,1,15,0.48,15,0,0,0,0,0,49,21,6,24,19,22,61,36.1,39,18,1,17,11,60,11,1,30.9,1867,16,197,886,796,59,1867,46,25,54.3,21,45.7,1133,5740,2460,57,58,10,39,48,1375,146,79038,4110000
Marvelous Nakamba,MF,Aston Villa,27,16,10,904.0,10.0,0,0,0,0,0,0,5,0,0.0,0.0,0.0,0.0,0.00,0.00,0.00,0.00,0.00,0.00,0.00,0.00,0.0,0.0,0.0,0.0,0.0,0.0,0.0,0.0,0.0,0.0,0.0,0.0,0.0,0.0,0.0,0.0,0.0,0.0,0.0,0.0,0.0,0.0,0.0,0.0,0,0,,0.00,0.00,,,,327,385,84.9,4835,1518,187,219,85.4,114,129,88.4,18,21,85.7,2,33,1,0,24,374,11,6,1,2,1,0,0,0,10,1.00,10,1.00,9,0,0,0,1,0,0,0.00,0,0,0,0,0,0,32,19,18,14,0,12,34,35.3,22,14,4,10,12,44,17,1,10.0,494,40,161,287,51,0,494,16,14,87.5,2,12.5,279,1135,423,5,5,0,14,10,261,0,32500,1690000
Mason Greenwood,"FW,MF",Manchester Utd,19,18,16,1271.0,14.1,5,1,6,5,0,0,1,0,4.3,4.3,1.8,6.1,0.35,0.07,0.42,0.35,0.30,0.13,0.30,0.43,0.0,0.0,0.0,0.0,0.0,0.0,0.0,0.0,0.0,0.0,0.0,0.0,0.0,0.0,0.0,0.0,0.0,0.0,0.0,0.0,0.0,0.0,0.0,0.0,48,18,37.5,3.40,1.27,0.10,0.28,19.1,394,501,78.6,6461,1375,204,236,86.4,137,162,84.6,37,64,57.8,17,31,13,3,39,483,15,2,7,14,34,0,12,3,52,3.68,52,3.68,42,0,6,2,2,0,7,0.50,6,0,0,1,0,0,15,9,9,1,5,3,9,33.3,6,5,0,5,1,16,6,0,14.1,652,6,78,277,310,60,652,52,32,61.5,20,38.5,425,3069,1586,48,31,23,26,16,509,109,75000,3900000
Mason Holgate,DF,Everton,24,25,23,2134.0,23.7,2,1,3,2,0,0,7,1,1.3,1.3,0.1,1.4,0.08,0.04,0.13,0.08,0.06,0.00,0.06,0.06,0.0,0.0,0.0,0.0,0.0,0.0,0.0,0.0,0.0,0.0,0.0,0.0,0.0,0.0,0.0,0.0,0.0,0.0,0.0,0.0,0.0,0.0,0.0,0.0,7,2,28.6,0.30,0.08,0.29,1.00,9.8,584,876,66.7,12159,4600,192,260,73.8,289,368,78.5,94,213,44.1,3,43,2,0,40,805,68,42,0,16,4,26,0,3,5,0.21,5,0.21,4,1,0,0,0,0,1,0.04,1,0,0,0,0,0,35,18,26,9,0,11,26,42.3,15,25,17,8,26,61,95,1,23.7,1091,156,546,495,58,14,1091,4,2,50.0,2,50.0,477,2469,1334,4,7,1,3,7,507,2,25000,1300000
Mason Mount,MF,Chelsea,22,32,27,2363.0,26.3,11,10,21,10,1,1,4,0,8.0,7.2,6.7,14.0,0.42,0.38,0.80,0.38,0.31,0.26,0.28,0.53,0.0,0.0,0.0,0.0,0.0,0.0,0.0,0.0,0.0,0.0,0.0,0.0,0.0,0.0,0.0,0.0,0.0,0.0,0.0,0.0,0.0,0.0,0.0,0.0,75,27,36.0,2.86,1.03,0.13,0.37,17.9,998,1278,78.1,13767,4197,609,673,90.5,266,346,76.9,56,128,43.8,58,70,61,10,164,1159,113,16,10,8,153,4,90,6,119,4.53,119,4.53,80,22,2,10,5,0,19,0.72,12,5,0,1,1,0,41,16,10,17,14,10,34,29.4,24,18,1,17,13,54,12,0,26.3,1564,17,125,524,928,137,1563,42,18,42.9,24,57.1,920,4706,2525,92,79,26,70,34,1175,276,88462,4600000
Mateo Kovačić,MF,Chelsea,27,25,16,1558.0,17.3,2,5,7,2,0,0,4,0,1.6,1.6,3.2,4.7,0.12,0.29,0.40,0.12,0.09,0.18,0.09,0.27,0.0,0.0,0.0,0.0,0.0,0.0,0.0,0.0,0.0,0.0,0.0,0.0,0.0,0.0,0.0,0.0,0.0,0.0,0.0,0.0,0.0,0.0,0.0,0.0,22,6,27.3,1.27,0.35,0.09,0.33,20.3,1061,1203,88.2,17022,4072,537,580,92.6,405,453,89.4,77,106,72.6,27,127,23,1,135,1183,17,15,12,8,6,1,0,3,69,3.98,69,3.98,58,0,4,3,3,1,8,0.46,7,0,0,0,0,1,51,31,14,26,11,17,35,48.6,18,19,4,15,7,58,9,1,17.3,1368,22,217,826,343,15,1368,51,38,74.5,13,25.5,875,5069,2523,42,63,3,18,22,1076,37,150000,7800000
Mateusz Klich,MF,Leeds United,31,33,26,2073.0,23.0,1,2,3,1,0,0,5,0,2.8,2.8,2.2,5.0,0.04,0.09,0.13,0.04,0.12,0.10,0.12,0.22,0.0,0.0,0.0,0.0,0.0,0.0,0.0,0.0,0.0,0.0,0.0,0.0,0.0,0.0,0.0,0.0,0.0,0.0,0.0,0.0,0.0,0.0,0.0,0.0,42,18,42.9,1.82,0.78,0.02,0.06,21.4,800,1026,78.0,11259,3630,453,514,88.1,240,314,76.4,38,84,45.2,31,72,23,3,105,977,43,19,6,7,30,13,3,6,77,3.34,77,3.34,64,3,3,4,3,0,8,0.35,7,0,0,1,0,0,47,25,18,23,6,25,66,37.9,41,22,4,18,11,58,20,0,23.0,1253,29,259,626,386,53,1253,35,20,57.1,15,42.9,717,3666,1747,45,33,9,39,22,834,129,7750,403000
Mathias Jensen,MF,Brentford,25,31,19,1601.0,17.8,0,1,1,0,0,0,0,0,2.9,2.9,3.2,6.2,0.00,0.06,0.06,0.00,0.17,0.18,0.17,0.35,0.0,0.0,0.0,0.0,0.0,0.0,0.0,0.0,0.0,0.0,0.0,0.0,0.0,0.0,0.0,0.0,0.0,0.0,0.0,0.0,0.0,0.0,0.0,0.0,19,5,26.3,1.07,0.28,0.00,0.00,21.0,574,795,72.2,11460,3742,247,294,84.0,201,260,77.3,115,203,56.7,35,74,28,10,103,689,101,38,3,11,79,5,47,5,66,3.71,66,3.71,43,19,0,2,0,2,3,0.17,2,1,0,0,0,0,33,18,12,16,5,22,63,34.9,41,32,3,29,22,55,13,0,17.8,968,30,191,488,304,27,968,24,15,62.5,9,37.5,482,2100,1008,14,21,0,26,15,559,54,20000,1040000
Mathias Jørgensen,DF,Brentford,31,8,6,518.0,5.8,1,0,1,1,0,0,2,0,0.1,0.1,0.3,0.4,0.17,0.00,0.17,0.17,0.02,0.05,0.02,0.07,0.0,0.0,0.0,0.0,0.0,0.0,0.0,0.0,0.0,0.0,0.0,0.0,0.0,0.0,0.0,0.0,0.0,0.0,0.0,0.0,0.0,0.0,0.0,0.0,2,1,50.0,0.35,0.17,0.50,1.00,7.8,258,337,76.6,4576,2071,122,141,86.5,105,140,75.0,29,51,56.9,3,14,1,1,18,268,68,8,0,2,7,60,0,1,7,1.22,7,1.22,3,3,0,1,0,0,0,0.00,0,0,0,0,0,0,10,4,3,5,2,7,10,70.0,3,6,1,5,10,20,13,0,5.8,388,25,153,173,64,5,388,1,0,0.0,1,100.0,166,766,544,5,3,0,1,3,200,1,20000,1040000
Mathias Normann,MF,Norwich City,25,23,20,1645.0,18.3,1,2,3,1,0,0,6,0,0.9,0.9,1.8,2.7,0.05,0.11,0.16,0.05,0.05,0.10,0.05,0.15,0.0,0.0,0.0,0.0,0.0,0.0,0.0,0.0,0.0,0.0,0.0,0.0,0.0,0.0,0.0,0.0,0.0,0.0,0.0,0.0,0.0,0.0,0.0,0.0,26,5,19.2,1.42,0.27,0.04,0.20,28.2,546,795,68.7,10908,3882,213,262,81.3,226,314,72.0,90,175,51.4,13,59,14,1,75,727,65,33,8,21,34,11,20,3,37,2.02,37,2.02,19,5,6,3,4,0,3,0.16,3,0,0,0,0,0,34,21,19,14,1,17,46,37.0,29,17,8,9,19,53,43,1,18.3,990,76,331,516,156,5,990,30,17,56.7,13,43.3,522,2631,1144,16,10,2,27,17,570,8,24808,1290000
Matt Doherty,DF,Tottenham,29,15,9,875.0,9.7,2,4,6,2,0,0,0,0,2.5,2.5,2.0,4.5,0.21,0.41,0.62,0.21,0.25,0.20,0.25,0.46,0.0,0.0,0.0,0.0,0.0,0.0,0.0,0.0,0.0,0.0,0.0,0.0,0.0,0.0,0.0,0.0,0.0,0.0,0.0,0.0,0.0,0.0,0.0,0.0,16,6,37.5,1.65,0.62,0.13,0.33,14.1,437,533,82.0,6693,1596,252,286,88.1,145,175,82.9,32,45,71.1,15,13,10,4,24,469,63,3,4,5,20,60,0,1,30,3.09,30,3.09,24,0,1,5,0,0,4,0.41,4,0,0,0,0,0,18,12,5,11,2,8,14,57.1,6,11,2,9,13,31,20,0,9.7,644,35,183,260,204,32,644,10,6,60.0,4,40.0,382,2090,1017,29,16,9,17,6,420,80,65385,3400000
Matt Ritchie,DF,Newcastle Utd,31,18,14,1337.0,14.9,0,2,2,0,0,0,5,0,0.7,0.7,2.0,2.7,0.00,0.13,0.13,0.00,0.05,0.13,0.05,0.18,0.0,0.0,0.0,0.0,0.0,0.0,0.0,0.0,0.0,0.0,0.0,0.0,0.0,0.0,0.0,0.0,0.0,0.0,0.0,0.0,0.0,0.0,0.0,0.0,10,1,10.0,0.67,0.07,0.00,0.00,22.4,510,714,71.4,9145,4445,262,288,91.0,156,207,75.4,79,181,43.6,28,42,16,8,48,528,183,32,0,8,104,103,48,3,47,3.16,47,3.16,22,22,0,2,0,1,3,0.20,2,1,0,0,0,0,22,15,10,10,2,10,27,37.0,17,10,2,8,13,35,26,0,14.9,828,43,257,341,237,7,828,6,4,66.7,2,33.3,372,1353,584,8,8,1,11,5,409,40,45000,2340000
Matt Targett,DF,Aston Villa,25,17,17,1431.0,15.9,1,1,2,1,0,0,2,0,0.5,0.5,1.7,2.2,0.06,0.06,0.13,0.06,0.03,0.11,0.03,0.14,0.0,0.0,0.0,0.0,0.0,0.0,0.0,0.0,0.0,0.0,0.0,0.0,0.0,0.0,0.0,0.0,0.0,0.0,0.0,0.0,0.0,0.0,0.0,0.0,7,2,28.6,0.44,0.13,0.14,0.50,13.5,592,823,71.9,10224,4703,287,338,84.9,238,299,79.6,56,131,42.7,21,68,20,8,83,680,142,14,1,10,59,120,8,1,36,2.26,36,2.26,30,5,0,1,0,0,2,0.13,2,0,0,0,0,0,34,18,28,5,1,24,45,53.3,21,16,9,7,23,57,35,0,15.9,984,60,293,437,259,15,984,6,1,16.7,5,83.3,466,1618,886,19,16,2,9,4,543,79,35000,1820000
Matt Targett,DF,Newcastle Utd,25,16,16,1440.0,16.0,0,0,0,0,0,0,1,0,0.3,0.3,1.9,2.2,0.00,0.00,0.00,0.00,0.02,0.12,0.02,0.14,0.0,0.0,0.0,0.0,0.0,0.0,0.0,0.0,0.0,0.0,0.0,0.0,0.0,0.0,0.0,0.0,0.0,0.0,0.0,0.0,0.0,0.0,0.0,0.0,7,2,28.6,0.44,0.13,0.14,0.50,13.5,592,823,71.9,10224,4703,287,338,84.9,238,299,79.6,56,131,42.7,21,68,20,8,83,680,142,14,1,10,59,120,8,1,36,2.26,36,2.26,30,5,0,1,0,0,2,0.13,2,0,0,0,0,0,34,18,28,5,1,24,45,53.3,21,16,9,7,23,57,35,0,15.9,984,60,293,437,259,15,984,6,1,16.7,5,83.3,466,1618,886,19,16,2,9,4,543,79,35000,1820000
Matthew Lowton,DF,Burnley,32,25,20,1772.0,19.7,1,2,3,1,0,0,3,1,0.7,0.7,2.1,2.8,0.05,0.10,0.15,0.05,0.03,0.11,0.03,0.14,0.0,0.0,0.0,0.0,0.0,0.0,0.0,0.0,0.0,0.0,0.0,0.0,0.0,0.0,0.0,0.0,0.0,0.0,0.0,0.0,0.0,0.0,0.0,0.0,10,2,20.0,0.51,0.10,0.10,0.50,21.6,599,887,67.5,10846,5050,302,344,87.8,197,286,68.9,90,208,43.3,18,65,21,9,74,682,200,18,4,11,51,182,0,5,34,1.73,34,1.73,25,4,0,1,2,2,2,0.10,1,0,0,1,0,0,38,24,20,10,8,20,37,54.1,17,25,11,14,26,64,68,0,19.7,1090,94,314,507,279,5,1090,21,10,47.6,11,52.4,419,1585,915,21,14,0,11,6,481,39,25000,1300000
Matty Cash,DF,Aston Villa,23,38,38,3377.0,37.5,4,3,7,4,0,0,8,0,2.7,2.7,2.8,5.4,0.11,0.08,0.19,0.11,0.07,0.07,0.07,0.14,0.0,0.0,0.0,0.0,0.0,0.0,0.0,0.0,0.0,0.0,0.0,0.0,0.0,0.0,0.0,0.0,0.0,0.0,0.0,0.0,0.0,0.0,0.0,0.0,37,13,35.1,0.99,0.35,0.11,0.31,17.9,1113,1627,68.4,18719,7079,547,631,86.7,435,606,71.8,101,291,34.7,28,71,32,16,96,1286,336,30,2,12,98,305,1,5,65,1.73,65,1.73,45,7,6,2,5,0,7,0.19,4,2,1,0,0,0,89,50,52,34,3,47,78,60.3,31,54,16,38,49,138,100,2,37.5,2093,140,713,868,538,92,2093,59,33,55.9,26,44.1,1007,5923,2897,89,54,20,56,31,1030,174,65000,3380000
Matěj Vydra,FW,Burnley,29,22,5,679.0,7.5,2,3,5,2,0,0,1,0,2.9,2.9,0.7,3.7,0.27,0.40,0.66,0.27,0.39,0.10,0.39,0.49,0.0,0.0,0.0,0.0,0.0,0.0,0.0,0.0,0.0,0.0,0.0,0.0,0.0,0.0,0.0,0.0,0.0,0.0,0.0,0.0,0.0,0.0,0.0,0.0,19,7,36.8,2.52,0.93,0.11,0.29,15.1,75,107,70.1,789,190,52,70,74.3,10,16,62.5,1,2,50.0,6,1,2,0,7,105,1,0,0,0,2,1,0,1,14,1.86,14,1.86,13,0,0,0,1,0,3,0.40,3,0,0,0,0,0,12,7,3,4,5,3,7,42.9,4,5,1,4,0,12,9,0,7.5,208,9,22,64,124,36,208,13,6,46.2,7,53.8,119,452,132,2,4,2,30,9,140,43,35000,1820000
Max Aarons,DF,Norwich City,21,34,32,2881.0,32.0,0,2,2,0,0,0,8,0,0.8,0.8,1.7,2.5,0.00,0.06,0.06,0.00,0.03,0.05,0.03,0.08,0.0,0.0,0.0,0.0,0.0,0.0,0.0,0.0,0.0,0.0,0.0,0.0,0.0,0.0,0.0,0.0,0.0,0.0,0.0,0.0,0.0,0.0,0.0,0.0,13,2,15.4,0.41,0.06,0.00,0.00,19.9,1107,1469,75.4,16588,6133,645,713,90.5,383,511,75.0,57,160,35.6,20,50,37,9,117,1130,332,17,5,4,50,315,0,7,46,1.44,46,1.44,34,3,2,3,3,1,3,0.09,3,0,0,0,0,0,64,44,49,15,0,37,55,67.3,18,39,19,20,28,92,96,1,32.0,1841,160,721,703,440,23,1841,68,34,50.0,34,50.0,953,6454,3377,78,47,12,38,23,1030,85,22500,1170000
Max Kilman,DF,Wolves,24,30,30,2687.0,29.9,1,0,1,1,0,0,3,0,1.1,1.1,0.2,1.3,0.03,0.00,0.03,0.03,0.04,0.01,0.04,0.04,0.0,0.0,0.0,0.0,0.0,0.0,0.0,0.0,0.0,0.0,0.0,0.0,0.0,0.0,0.0,0.0,0.0,0.0,0.0,0.0,0.0,0.0,0.0,0.0,13,4,30.8,0.44,0.13,0.08,0.25,9.4,1313,1535,85.5,23958,8631,537,588,91.3,626,692,90.5,131,210,62.4,3,98,3,0,95,1507,26,18,0,14,2,8,0,2,10,0.33,10,0.33,7,0,1,1,0,1,2,0.07,1,0,0,1,0,0,50,26,38,10,2,24,37,64.9,13,36,21,15,45,95,113,3,29.9,1846,206,925,844,92,22,1846,20,17,85.0,3,15.0,1039,5650,3243,31,23,0,21,5,1221,7,15000,780000
Maxwel Cornet,"FW,MF",Burnley,24,26,21,1766.0,19.6,9,1,10,9,0,1,2,0,6.7,5.9,1.7,7.7,0.46,0.05,0.51,0.46,0.34,0.09,0.30,0.39,0.0,0.0,0.0,0.0,0.0,0.0,0.0,0.0,0.0,0.0,0.0,0.0,0.0,0.0,0.0,0.0,0.0,0.0,0.0,0.0,0.0,0.0,0.0,0.0,46,22,47.8,2.34,1.12,0.20,0.41,16.9,281,437,64.3,3679,860,168,222,75.7,68,99,68.7,15,48,31.3,15,15,14,4,30,393,44,3,3,3,55,5,34,0,34,1.73,34,1.73,22,3,1,3,5,0,7,0.36,2,1,1,1,2,0,16,9,7,5,4,7,15,46.7,8,13,4,9,10,26,14,0,19.6,664,17,95,212,364,81,663,38,13,34.2,25,65.8,355,1771,790,28,13,11,61,33,424,125,45000,2340000
Michael Keane,DF,Everton,28,32,31,2792.0,31.0,3,2,5,3,0,0,4,1,1.2,1.2,1.6,2.8,0.10,0.06,0.16,0.10,0.04,0.05,0.04,0.09,0.0,0.0,0.0,0.0,0.0,0.0,0.0,0.0,0.0,0.0,0.0,0.0,0.0,0.0,0.0,0.0,0.0,0.0,0.0,0.0,0.0,0.0,0.0,0.0,20,6,30.0,0.64,0.19,0.15,0.50,12.7,927,1214,76.4,19535,8021,299,364,82.1,457,535,85.4,154,276,55.8,8,83,5,0,79,1180,32,32,1,15,1,0,0,2,19,0.61,19,0.61,13,1,0,4,0,1,1,0.03,1,0,0,0,0,0,46,25,32,13,1,28,45,62.2,17,33,28,5,62,108,128,2,31.0,1541,232,776,717,59,32,1541,8,7,87.5,1,12.5,726,3617,1751,9,6,1,7,2,822,4,65000,3380000
Michael Olise,"FW,MF",Crystal Palace,19,26,12,1141.0,12.7,2,5,7,2,0,0,4,0,1.7,1.7,3.9,5.6,0.16,0.39,0.55,0.16,0.13,0.30,0.13,0.44,0.0,0.0,0.0,0.0,0.0,0.0,0.0,0.0,0.0,0.0,0.0,0.0,0.0,0.0,0.0,0.0,0.0,0.0,0.0,0.0,0.0,0.0,0.0,0.0,19,10,52.6,1.50,0.79,0.11,0.20,17.0,476,662,71.9,7870,2233,254,290,87.6,143,207,69.1,57,108,52.8,24,39,26,9,63,578,78,34,4,9,96,13,31,6,44,3.47,44,3.47,34,4,2,2,2,0,9,0.71,8,0,0,1,0,0,22,18,8,11,3,7,24,29.2,17,17,0,17,6,28,6,0,12.7,829,16,102,348,396,42,829,62,28,45.2,34,54.8,500,3377,1746,55,37,10,27,21,589,110,35000,1820000
Michail Antonio,FW,West Ham,31,36,34,2971.0,33.0,10,8,18,10,0,1,8,1,10.8,10.2,6.0,16.2,0.30,0.24,0.55,0.30,0.33,0.18,0.31,0.49,0.0,0.0,0.0,0.0,0.0,0.0,0.0,0.0,0.0,0.0,0.0,0.0,0.0,0.0,0.0,0.0,0.0,0.0,0.0,0.0,0.0,0.0,0.0,0.0,82,27,32.9,2.48,0.82,0.12,0.37,14.9,438,702,62.4,6545,1294,252,324,77.8,121,192,63.0,37,63,58.7,45,24,27,12,46,675,20,2,4,9,63,16,0,7,97,2.94,97,2.94,65,1,11,11,9,0,17,0.51,10,0,1,4,2,0,23,17,5,9,9,7,18,38.9,11,19,1,18,3,26,13,0,33.0,1095,17,59,398,663,159,1094,93,50,53.8,43,46.2,681,4270,1921,77,46,35,136,72,885,246,70000,3640000
Miguel Almirón,"MF,FW",Newcastle Utd,27,30,19,1716.0,19.1,1,0,1,1,0,0,2,0,1.7,1.7,0.9,2.6,0.05,0.00,0.05,0.05,0.09,0.05,0.09,0.14,0.0,0.0,0.0,0.0,0.0,0.0,0.0,0.0,0.0,0.0,0.0,0.0,0.0,0.0,0.0,0.0,0.0,0.0,0.0,0.0,0.0,0.0,0.0,0.0,32,7,21.9,1.68,0.37,0.03,0.14,19.6,402,511,78.7,5720,1254,229,264,86.7,118,149,79.2,23,38,60.5,16,26,5,0,46,500,8,3,0,2,20,3,0,3,49,2.57,49,2.57,36,0,3,8,2,0,4,0.21,3,0,1,0,0,0,47,29,23,17,7,11,44,25.0,33,14,1,13,20,67,13,0,19.1,728,22,135,302,307,43,728,39,26,66.7,13,33.3,446,2959,1319,44,21,12,44,24,471,85,42308,2200000
Milot Rashica,"FW,MF",Norwich City,25,31,25,2229.0,24.8,1,2,3,1,0,0,0,0,2.6,2.6,2.1,4.7,0.04,0.08,0.12,0.04,0.11,0.08,0.11,0.19,0.0,0.0,0.0,0.0,0.0,0.0,0.0,0.0,0.0,0.0,0.0,0.0,0.0,0.0,0.0,0.0,0.0,0.0,0.0,0.0,0.0,0.0,0.0,0.0,44,17,38.6,1.78,0.69,0.02,0.06,22.3,363,602,60.3,6213,1883,190,240,79.2,117,207,56.5,45,105,42.9,36,33,20,8,46,521,78,23,3,6,128,12,43,3,68,2.74,68,2.74,37,14,5,4,6,2,5,0.20,4,1,0,0,0,0,31,19,12,12,7,11,30,36.7,19,22,3,19,15,46,23,0,24.8,911,38,178,318,434,59,911,73,16,21.9,57,78.1,526,3977,2046,76,44,21,68,38,558,138,40000,2080000
Mohamed Elneny,MF,Arsenal,29,14,8,806.0,9.0,0,2,2,0,0,0,1,0,0.2,0.2,0.4,0.6,0.00,0.22,0.22,0.00,0.02,0.05,0.02,0.07,0.0,0.0,0.0,0.0,0.0,0.0,0.0,0.0,0.0,0.0,0.0,0.0,0.0,0.0,0.0,0.0,0.0,0.0,0.0,0.0,0.0,0.0,0.0,0.0,8,2,25.0,0.89,0.22,0.00,0.00,26.9,528,565,93.5,8669,2398,248,263,94.3,236,242,97.5,32,39,82.1,9,59,2,0,43,549,16,14,1,0,0,0,0,0,17,1.90,17,1.90,15,1,0,1,0,0,3,0.33,3,0,0,0,0,0,16,8,10,5,1,7,12,58.3,5,7,1,6,14,30,13,0,9.0,630,33,145,391,97,3,630,1,0,0.0,1,100.0,365,1508,713,5,4,1,4,3,467,2,50000,2600000
Mohamed Elyounoussi,"MF,FW",Southampton,26,30,23,2042.0,22.7,4,2,6,4,0,0,4,0,5.5,5.5,2.3,7.8,0.18,0.09,0.26,0.18,0.24,0.10,0.24,0.34,0.0,0.0,0.0,0.0,0.0,0.0,0.0,0.0,0.0,0.0,0.0,0.0,0.0,0.0,0.0,0.0,0.0,0.0,0.0,0.0,0.0,0.0,0.0,0.0,43,17,39.5,1.90,0.75,0.09,0.24,14.7,432,638,67.7,5864,1378,279,367,76.0,118,168,70.2,15,38,39.5,28,39,19,3,81,629,6,1,5,1,29,2,1,3,57,2.51,57,2.51,42,0,5,6,3,1,6,0.26,3,0,0,3,0,0,36,17,14,15,7,11,39,28.2,28,23,2,21,12,48,28,0,22.7,933,37,133,370,443,84,933,45,28,62.2,17,37.8,485,3240,1513,59,52,13,63,38,594,124,60000,3120000
Mohamed Salah,FW,Liverpool,29,35,30,2762.0,30.7,23,13,36,18,5,6,1,0,22.7,17.8,10.0,27.8,0.75,0.42,1.17,0.59,0.74,0.33,0.58,0.91,0.0,0.0,0.0,0.0,0.0,0.0,0.0,0.0,0.0,0.0,0.0,0.0,0.0,0.0,0.0,0.0,0.0,0.0,0.0,0.0,0.0,0.0,0.0,0.0,133,49,36.8,4.33,1.60,0.14,0.37,15.8,875,1136,77.0,11516,3063,567,648,87.5,233,309,75.4,29,49,59.2,62,46,57,4,122,1112,15,1,18,3,41,7,1,9,141,4.59,141,4.59,104,0,17,18,2,0,25,0.81,17,0,5,2,1,0,17,8,5,9,3,6,19,31.6,13,7,1,6,6,23,5,0,30.7,1552,7,55,455,1056,301,1546,124,53,42.7,71,57.3,1030,5898,2909,125,57,97,99,81,1300,451,200000,10400000
Mohammed Salisu,DF,Southampton,22,34,33,2972.0,33.0,0,0,0,0,0,0,10,1,2.0,2.0,0.8,2.7,0.00,0.00,0.00,0.00,0.06,0.02,0.06,0.08,0.0,0.0,0.0,0.0,0.0,0.0,0.0,0.0,0.0,0.0,0.0,0.0,0.0,0.0,0.0,0.0,0.0,0.0,0.0,0.0,0.0,0.0,0.0,0.0,24,9,37.5,0.73,0.27,0.00,0.00,12.2,1388,1851,75.0,24582,11429,582,672,86.6,664,829,80.1,116,280,41.4,9,150,5,2,136,1707,142,44,0,10,13,94,0,2,34,1.03,34,1.03,29,1,0,3,0,1,5,0.15,3,0,0,1,0,1,80,47,54,22,4,40,65,61.5,25,49,26,23,78,158,158,4,33.0,2285,277,1038,1069,194,35,2285,16,13,81.3,3,18.8,1135,6254,3429,31,20,0,16,10,1216,7,23077,1200000
Moise Kean,FW,Everton,21,1,0,1.0,0.0,0,0,0,0,0,0,0,0,0.0,0.0,0.0,0.0,0.00,0.00,0.00,0.00,0.00,0.00,0.00,0.00,0.0,0.0,0.0,0.0,0.0,0.0,0.0,0.0,0.0,0.0,0.0,0.0,0.0,0.0,0.0,0.0,0.0,0.0,0.0,0.0,0.0,0.0,0.0,0.0,0,0,,0.00,0.00,,,,1,1,100.0,11,0,1,1,100.0,0,0,,0,0,,0,0,0,0,0,1,0,0,0,0,0,0,0,0,0,0.00,0,0.00,0,0,0,0,0,0,0,0.00,0,0,0,0,0,0,0,0,0,0,0,0,0,,0,0,0,0,0,0,0,0,0.0,1,0,0,1,0,0,1,0,0,,0,,1,8,0,0,1,0,0,1,2,0,0.0,0.0
Moisés Caicedo,MF,Brighton,19,8,8,660.0,7.3,1,1,2,1,0,0,2,0,0.8,0.8,0.3,1.1,0.14,0.14,0.27,0.14,0.11,0.04,0.11,0.16,0.0,0.0,0.0,0.0,0.0,0.0,0.0,0.0,0.0,0.0,0.0,0.0,0.0,0.0,0.0,0.0,0.0,0.0,0.0,0.0,0.0,0.0,0.0,0.0,10,4,40.0,1.36,0.55,0.10,0.25,18.4,225,275,81.8,3117,843,144,164,87.8,59,75,78.7,12,17,70.6,4,19,2,0,22,274,0,0,1,0,0,0,0,1,13,1.77,13,1.77,10,0,1,1,0,1,3,0.41,3,0,0,0,0,0,16,10,7,7,2,5,12,41.7,7,18,4,14,10,26,7,0,7.3,358,21,81,193,91,13,358,10,7,70.0,3,30.0,179,736,405,9,9,1,10,10,206,8,3462,180000
Morgan Gibbs-White,"DF,FW",Wolves,21,2,0,9.0,0.1,0,0,0,0,0,0,1,0,0.1,0.1,0.0,0.1,0.00,0.00,0.00,0.00,1.40,0.00,1.40,1.40,0.0,0.0,0.0,0.0,0.0,0.0,0.0,0.0,0.0,0.0,0.0,0.0,0.0,0.0,0.0,0.0,0.0,0.0,0.0,0.0,0.0,0.0,0.0,0.0,2,0,0.0,20.00,0.00,0.00,,16.8,7,10,70.0,77,26,6,7,85.7,1,1,100.0,0,1,0.0,0,2,0,0,2,9,1,0,0,0,1,0,1,0,1,10.00,1,10.00,0,0,0,1,0,0,0,0.00,0,0,0,0,0,0,0,0,0,0,0,0,0,,0,1,0,1,0,0,0,0,0.1,14,0,4,3,7,3,14,0,0,,0,,4,6,4,0,0,0,0,0,7,2,0.0,0.0
Morgan Sanson,MF,Aston Villa,26,10,3,356.0,4.0,0,0,0,0,0,0,0,0,0.0,0.0,0.0,0.0,0.00,0.00,0.00,0.00,0.00,0.01,0.00,0.01,0.0,0.0,0.0,0.0,0.0,0.0,0.0,0.0,0.0,0.0,0.0,0.0,0.0,0.0,0.0,0.0,0.0,0.0,0.0,0.0,0.0,0.0,0.0,0.0,1,0,0.0,0.25,0.00,0.00,,33.2,123,162,75.9,1851,506,72,78,92.3,40,53,75.5,6,15,40.0,1,18,1,1,21,160,2,1,3,0,8,1,0,0,2,0.51,2,0.51,2,0,0,0,0,0,0,0.00,0,0,0,0,0,0,12,8,7,2,3,3,7,42.9,4,13,0,13,10,22,2,1,4.0,223,6,45,140,47,1,223,16,13,81.3,3,18.8,146,971,489,16,10,1,5,10,141,10,48077,2500000
Moussa Djenepo,MF,Southampton,23,12,5,457.0,5.1,0,0,0,0,0,0,3,0,1.5,1.5,0.3,1.8,0.00,0.00,0.00,0.00,0.29,0.06,0.29,0.35,0.0,0.0,0.0,0.0,0.0,0.0,0.0,0.0,0.0,0.0,0.0,0.0,0.0,0.0,0.0,0.0,0.0,0.0,0.0,0.0,0.0,0.0,0.0,0.0,11,1,9.1,2.17,0.20,0.00,0.00,16.3,109,147,74.1,1480,513,58,68,85.3,39,51,76.5,4,10,40.0,6,10,9,2,18,145,2,1,1,0,6,1,0,0,18,3.54,18,3.54,15,0,1,1,1,0,1,0.20,1,0,0,0,0,0,9,3,3,5,1,3,11,27.3,8,6,1,5,2,11,6,1,5.1,246,7,32,93,123,26,246,29,12,41.4,17,58.6,155,1221,522,20,8,13,23,9,150,30,55000,2860000
Moussa Sissoko,MF,Watford,31,36,36,3220.0,35.8,2,1,3,2,0,0,5,0,3.8,3.7,3.1,6.8,0.06,0.03,0.08,0.06,0.11,0.09,0.10,0.19,0.0,0.0,0.0,0.0,0.0,0.0,0.0,0.0,0.0,0.0,0.0,0.0,0.0,0.0,0.0,0.0,0.0,0.0,0.0,0.0,0.0,0.0,0.0,0.0,25,8,32.0,0.70,0.22,0.08,0.25,16.8,922,1188,77.6,14966,4705,469,570,82.3,321,398,80.7,89,131,67.9,37,95,24,11,116,1148,36,20,5,8,26,14,0,4,75,2.10,75,2.10,62,0,4,3,1,5,3,0.08,1,0,1,0,0,1,53,27,27,20,6,28,42,66.7,14,42,13,29,30,83,64,0,35.8,1554,125,417,849,325,36,1554,76,52,68.4,24,31.6,746,3992,2076,51,35,3,49,53,822,71,80000,4160000
N'Golo Kanté,MF,Chelsea,30,26,21,1773.0,19.7,2,4,6,2,0,0,2,0,1.5,1.5,2.1,3.6,0.10,0.20,0.30,0.10,0.08,0.11,0.08,0.19,0.0,0.0,0.0,0.0,0.0,0.0,0.0,0.0,0.0,0.0,0.0,0.0,0.0,0.0,0.0,0.0,0.0,0.0,0.0,0.0,0.0,0.0,0.0,0.0,17,9,52.9,0.86,0.46,0.12,0.22,19.6,1121,1308,85.7,16188,4538,630,695,90.6,397,450,88.2,43,61,70.5,24,105,29,0,159,1301,2,2,8,4,11,0,0,5,69,3.50,69,3.50,59,0,3,3,0,4,16,0.81,14,0,1,1,0,0,59,31,20,27,12,25,40,62.5,15,37,2,35,31,90,8,0,19.7,1545,23,275,772,515,29,1545,48,35,72.9,13,27.1,916,5063,2743,72,65,10,35,28,1156,62,289423,15050000
Naby Keïta,MF,Liverpool,26,23,14,1173.0,13.0,3,1,4,3,0,0,3,0,2.2,2.2,1.9,4.1,0.23,0.08,0.31,0.23,0.17,0.14,0.17,0.31,0.0,0.0,0.0,0.0,0.0,0.0,0.0,0.0,0.0,0.0,0.0,0.0,0.0,0.0,0.0,0.0,0.0,0.0,0.0,0.0,0.0,0.0,0.0,0.0,26,7,26.9,1.99,0.54,0.12,0.43,22.6,643,757,84.9,9141,2501,380,425,89.4,219,251,87.3,22,33,66.7,15,56,21,0,75,741,14,0,6,0,8,4,0,2,46,3.53,46,3.53,39,0,0,4,0,3,6,0.46,5,0,0,1,0,0,46,23,17,19,10,26,42,61.9,16,33,2,31,14,60,8,0,13.0,933,13,121,518,303,30,933,24,15,62.5,9,37.5,514,2819,1592,39,30,8,30,10,658,42,120000,6240000
Nampalys Mendy,MF,Leicester City,29,14,12,1032.0,11.5,0,0,0,0,0,0,3,0,0.0,0.0,0.0,0.0,0.00,0.00,0.00,0.00,0.00,0.00,0.00,0.00,0.0,0.0,0.0,0.0,0.0,0.0,0.0,0.0,0.0,0.0,0.0,0.0,0.0,0.0,0.0,0.0,0.0,0.0,0.0,0.0,0.0,0.0,0.0,0.0,1,1,100.0,0.09,0.09,0.00,0.00,25.3,593,645,91.9,9282,1636,304,323,94.1,233,247,94.3,35,43,81.4,1,39,0,0,36,633,12,12,0,3,0,0,0,0,5,0.44,5,0.44,5,0,0,0,0,0,3,0.26,3,0,0,0,0,0,12,6,8,4,0,6,17,35.3,11,7,4,3,11,23,11,1,11.5,725,21,186,486,58,0,725,4,4,100.0,0,0.0,470,2378,989,9,12,0,12,9,542,8,55000,2860000
Nathan Aké,DF,Manchester City,26,14,10,923.0,10.3,2,0,2,2,0,0,0,0,0.7,0.7,0.6,1.2,0.20,0.00,0.20,0.20,0.07,0.06,0.07,0.12,0.0,0.0,0.0,0.0,0.0,0.0,0.0,0.0,0.0,0.0,0.0,0.0,0.0,0.0,0.0,0.0,0.0,0.0,0.0,0.0,0.0,0.0,0.0,0.0,5,2,40.0,0.49,0.20,0.40,1.00,7.3,796,878,90.7,13200,4534,373,399,93.5,384,416,92.3,29,42,69.0,2,63,3,0,57,836,41,15,1,2,1,26,0,1,5,0.49,5,0.49,5,0,0,0,0,0,0,0.00,0,0,0,0,0,0,16,9,7,8,1,6,8,75.0,2,7,5,2,8,24,23,0,10.3,956,56,332,525,103,10,956,2,0,0.0,2,100.0,677,3333,2158,12,12,0,4,3,741,8,92308,4800000
Nathan Collins,DF,Burnley,20,19,18,1670.0,18.6,2,0,2,2,0,0,2,1,1.5,1.5,1.5,3.0,0.11,0.00,0.11,0.11,0.08,0.08,0.08,0.16,0.0,0.0,0.0,0.0,0.0,0.0,0.0,0.0,0.0,0.0,0.0,0.0,0.0,0.0,0.0,0.0,0.0,0.0,0.0,0.0,0.0,0.0,0.0,0.0,15,5,33.3,0.81,0.27,0.13,0.40,9.3,448,652,68.7,8648,3847,158,201,78.6,232,297,78.1,50,127,39.4,6,46,5,1,44,626,23,7,1,4,3,16,0,3,18,0.97,18,0.97,12,1,1,3,1,0,1,0.05,1,0,0,0,0,0,37,15,27,8,2,17,27,63.0,10,38,25,13,24,61,83,2,18.6,882,149,433,376,81,38,882,8,5,62.5,3,37.5,382,2003,944,7,6,2,10,4,375,8,15000,780000
Nathan Ferguson,DF,Crystal Palace,20,1,0,9.0,0.1,0,0,0,0,0,0,0,0,0.0,0.0,0.0,0.0,0.00,0.00,0.00,0.00,0.00,0.00,0.00,0.00,0.0,0.0,0.0,0.0,0.0,0.0,0.0,0.0,0.0,0.0,0.0,0.0,0.0,0.0,0.0,0.0,0.0,0.0,0.0,0.0,0.0,0.0,0.0,0.0,0,0,,0.00,0.00,,,,3,5,60.0,29,30,3,3,100.0,0,0,,0,2,0.0,0,0,0,0,0,3,2,0,0,0,0,2,0,0,0,0.00,0,0.00,0,0,0,0,0,0,0,0.00,0,0,0,0,0,0,0,0,0,0,0,0,0,,0,0,0,0,0,0,0,0,0.1,5,0,4,1,0,0,5,0,0,,0,,1,5,0,0,0,0,0,0,1,0,28846,1500000
Nathan Redmond,"MF,FW",Southampton,27,27,20,1833.0,20.4,1,5,6,1,0,0,0,0,1.7,1.7,3.9,5.6,0.05,0.25,0.29,0.05,0.08,0.19,0.08,0.27,0.0,0.0,0.0,0.0,0.0,0.0,0.0,0.0,0.0,0.0,0.0,0.0,0.0,0.0,0.0,0.0,0.0,0.0,0.0,0.0,0.0,0.0,0.0,0.0,26,9,34.6,1.28,0.44,0.04,0.11,21.2,510,735,69.4,7900,2509,277,338,82.0,172,247,69.6,37,92,40.2,34,38,44,13,95,699,34,1,7,4,60,3,13,2,73,3.58,73,3.58,62,4,0,5,2,0,8,0.39,6,1,0,0,1,0,22,14,9,9,4,7,30,23.3,23,21,2,19,8,30,16,0,20.4,925,24,136,353,450,46,925,39,21,53.8,18,46.2,524,3452,1745,71,46,17,28,15,602,131,60000,3120000
Nathan Tella,"MF,FW",Southampton,22,14,10,804.0,8.9,0,1,1,0,0,0,2,0,0.6,0.6,0.6,1.2,0.00,0.11,0.11,0.00,0.07,0.07,0.07,0.13,0.0,0.0,0.0,0.0,0.0,0.0,0.0,0.0,0.0,0.0,0.0,0.0,0.0,0.0,0.0,0.0,0.0,0.0,0.0,0.0,0.0,0.0,0.0,0.0,12,5,41.7,1.34,0.56,0.00,0.00,21.8,103,177,58.2,1445,383,61,81,75.3,31,55,56.4,4,13,30.8,7,11,4,3,17,168,8,0,1,1,12,3,2,1,23,2.57,23,2.57,13,0,2,2,6,0,4,0.45,3,0,0,0,1,0,13,9,5,7,1,6,17,35.3,11,13,0,13,6,19,9,0,8.9,324,8,60,126,150,20,324,26,10,38.5,16,61.5,194,1473,671,22,22,4,40,24,183,44,12500,650000
Nathan Young-Coombes,MF,Brentford,18,1,0,4.0,0.0,0,0,0,0,0,0,0,0,0.0,0.0,0.0,0.0,0.00,0.00,0.00,0.00,0.00,0.00,0.00,0.00,0.0,0.0,0.0,0.0,0.0,0.0,0.0,0.0,0.0,0.0,0.0,0.0,0.0,0.0,0.0,0.0,0.0,0.0,0.0,0.0,0.0,0.0,0.0,0.0,0,0,,0.00,0.00,,,,0,0,,0,0,0,0,,0,0,,0,0,,0,0,0,0,0,0,0,0,0,0,0,0,0,0,0,0.00,0,0.00,0,0,0,0,0,0,0,0.00,0,0,0,0,0,0,0,0,0,0,0,0,0,,0,0,0,0,0,0,0,0,0.0,1,0,0,0,1,0,1,0,0,,0,,1,0,0,0,0,0,1,0,1,0,0.0,0.0
Nathaniel Clyne,DF,Crystal Palace,30,16,15,1351.0,15.0,0,1,1,0,0,0,1,0,0.1,0.1,0.4,0.5,0.00,0.07,0.07,0.00,0.01,0.03,0.01,0.04,0.0,0.0,0.0,0.0,0.0,0.0,0.0,0.0,0.0,0.0,0.0,0.0,0.0,0.0,0.0,0.0,0.0,0.0,0.0,0.0,0.0,0.0,0.0,0.0,3,2,66.7,0.20,0.13,0.00,0.00,26.1,561,727,77.2,8523,3116,289,322,89.8,228,292,78.1,22,64,34.4,6,24,7,3,36,561,164,14,1,1,17,150,0,2,12,0.80,12,0.80,10,2,0,0,0,0,2,0.13,2,0,0,0,0,0,21,10,11,9,1,10,20,50.0,10,7,2,5,15,36,32,0,15.0,827,39,310,384,140,1,827,6,4,66.7,2,33.3,377,1769,840,14,9,0,10,4,443,25,80769,4200000
Neal Maupay,FW,Brighton,24,32,25,2276.0,25.3,8,2,10,7,1,2,7,0,8.7,7.1,2.4,9.5,0.32,0.08,0.40,0.28,0.34,0.10,0.28,0.38,0.0,0.0,0.0,0.0,0.0,0.0,0.0,0.0,0.0,0.0,0.0,0.0,0.0,0.0,0.0,0.0,0.0,0.0,0.0,0.0,0.0,0.0,0.0,0.0,59,14,23.7,2.33,0.55,0.12,0.50,16.8,479,622,77.0,6208,920,279,326,85.6,144,174,82.8,11,19,57.9,23,20,25,2,48,552,67,3,7,3,8,8,1,3,59,2.33,59,2.33,42,0,3,9,5,0,3,0.12,3,0,0,0,0,0,17,10,2,6,9,4,18,22.2,14,21,2,19,2,19,2,0,25.3,843,8,40,338,474,108,841,41,21,51.2,20,48.8,499,2081,808,21,34,7,53,51,615,164,50000,2600000
Neco Williams,DF,Liverpool,20,1,0,8.0,0.1,0,1,1,0,0,0,0,0,0.0,0.0,0.7,0.7,0.00,11.25,11.25,0.00,0.00,7.82,0.00,7.82,0.0,0.0,0.0,0.0,0.0,0.0,0.0,0.0,0.0,0.0,0.0,0.0,0.0,0.0,0.0,0.0,0.0,0.0,0.0,0.0,0.0,0.0,0.0,0.0,0,0,,0.00,0.00,,,,9,9,100.0,143,16,5,5,100.0,4,4,100.0,0,0,,1,0,0,0,0,8,1,0,0,0,0,1,0,0,2,22.50,2,22.50,1,0,1,0,0,0,2,22.50,1,0,1,0,0,0,0,0,0,0,0,0,0,,0,0,0,0,0,0,0,0,0.1,10,0,1,5,4,1,10,1,1,100.0,0,0.0,7,39,29,1,0,1,0,0,9,2,25000,1300000
Nemanja Matić,MF,Manchester Utd,32,23,16,1382.0,15.4,0,4,4,0,0,0,3,0,0.2,0.2,2.0,2.2,0.00,0.26,0.26,0.00,0.01,0.13,0.01,0.14,0.0,0.0,0.0,0.0,0.0,0.0,0.0,0.0,0.0,0.0,0.0,0.0,0.0,0.0,0.0,0.0,0.0,0.0,0.0,0.0,0.0,0.0,0.0,0.0,6,1,16.7,0.39,0.07,0.00,0.00,23.5,911,1053,86.5,15189,4882,447,493,90.7,344,384,89.6,88,110,80.0,13,97,7,2,98,1013,37,32,6,5,6,5,0,3,30,1.96,30,1.96,28,0,1,0,0,1,6,0.39,6,0,0,0,0,0,31,18,19,11,1,15,31,48.4,16,21,6,15,31,62,21,3,15.4,1215,55,335,709,182,8,1215,22,17,77.3,5,22.7,715,4173,2561,32,32,2,19,21,851,7,120000,6240000
Nick Pope,GK,Burnley,29,36,36,3240.0,36.0,0,0,0,0,0,0,1,0,0.0,0.0,0.1,0.1,0.00,0.00,0.00,0.00,0.00,0.00,0.00,0.00,1.31,165,119,74.5,9,25.0,44.3,0.25,319,807,39.5,793,147,69.2,46.2,283,91.2,61.2,605,46,7.6,80,2.22,17.4,0,0,,0.00,0.00,,,,556,1088,51.1,24142,21499,35,40,87.5,129,135,95.6,392,901,43.5,2,49,3,0,0,655,421,138,0,3,0,0,0,12,8,0.22,8,0.22,4,4,0,0,0,0,0,0.00,0,0,0,0,0,0,0,0,0,0,0,0,2,0.0,2,0,0,0,2,2,30,3,36.0,1194,882,1162,37,0,0,1194,0,0,,0,,565,3936,2499,0,0,0,0,0,323,0,35000,1820000
Nicolas Nkoulou,DF,Watford,31,3,2,168.0,1.9,0,0,0,0,0,0,0,0,0.0,0.0,0.0,0.0,0.00,0.00,0.00,0.00,0.00,0.01,0.00,0.01,0.0,0.0,0.0,0.0,0.0,0.0,0.0,0.0,0.0,0.0,0.0,0.0,0.0,0.0,0.0,0.0,0.0,0.0,0.0,0.0,0.0,0.0,0.0,0.0,0,0,,0.00,0.00,,,,50,57,87.7,1025,223,15,16,93.8,27,30,90.0,6,8,75.0,1,2,0,0,2,57,0,0,0,0,0,0,0,0,1,0.54,1,0.54,1,0,0,0,0,0,0,0.00,0,0,0,0,0,0,1,0,0,1,0,0,0,,0,2,1,1,2,3,8,0,1.9,73,9,36,35,2,0,73,1,1,100.0,0,0.0,35,138,34,0,0,0,0,1,41,0,24615,1280000
Nicolas Pépé,"FW,MF",Arsenal,26,20,5,696.0,7.7,1,2,3,1,0,0,0,0,2.6,2.6,1.7,4.3,0.13,0.26,0.39,0.13,0.34,0.22,0.34,0.56,0.0,0.0,0.0,0.0,0.0,0.0,0.0,0.0,0.0,0.0,0.0,0.0,0.0,0.0,0.0,0.0,0.0,0.0,0.0,0.0,0.0,0.0,0.0,0.0,23,7,30.4,2.97,0.91,0.04,0.14,15.1,283,365,77.5,4064,843,171,196,87.2,85,109,78.0,15,32,46.9,12,12,9,3,17,323,38,2,1,0,37,5,31,4,36,4.66,36,4.66,20,9,4,3,0,0,4,0.52,1,0,0,3,0,0,8,5,3,5,0,3,9,33.3,6,9,1,8,8,16,2,0,7.7,508,12,59,152,304,56,508,44,19,43.2,25,56.8,285,1424,533,20,11,15,34,18,343,97,140000,7280000
Nikola Vlašić,"FW,MF",West Ham,23,19,6,560.0,6.2,1,0,1,1,0,0,0,0,1.3,1.3,0.6,2.0,0.16,0.00,0.16,0.16,0.21,0.10,0.21,0.31,0.0,0.0,0.0,0.0,0.0,0.0,0.0,0.0,0.0,0.0,0.0,0.0,0.0,0.0,0.0,0.0,0.0,0.0,0.0,0.0,0.0,0.0,0.0,0.0,7,3,42.9,1.13,0.48,0.14,0.33,18.5,165,218,75.7,2200,370,106,122,86.9,44,57,77.2,7,16,43.8,9,6,3,1,14,217,1,1,0,2,15,0,0,0,22,3.54,22,3.54,17,0,2,1,2,0,0,0.00,0,0,0,0,0,0,11,7,4,6,1,5,20,25.0,15,4,0,4,2,13,1,0,6.2,277,1,31,126,126,22,277,18,9,50.0,9,50.0,179,1223,538,21,12,10,12,9,209,48,70000,3640000
Nuno Tavares,DF,Arsenal,21,22,13,1176.0,13.1,1,1,2,1,0,0,2,0,1.9,1.9,1.1,2.9,0.08,0.08,0.15,0.08,0.14,0.08,0.14,0.22,0.0,0.0,0.0,0.0,0.0,0.0,0.0,0.0,0.0,0.0,0.0,0.0,0.0,0.0,0.0,0.0,0.0,0.0,0.0,0.0,0.0,0.0,0.0,0.0,23,2,8.7,1.76,0.15,0.04,0.50,19.8,581,727,79.9,8861,2473,324,357,90.8,220,260,84.6,25,59,42.4,10,37,10,5,42,613,113,13,0,9,40,100,0,1,27,2.07,27,2.07,19,0,4,1,2,1,3,0.23,2,0,0,1,0,0,21,14,10,7,4,8,18,44.4,10,15,5,10,9,30,33,1,13.1,902,51,278,346,291,39,902,36,18,50.0,18,50.0,510,3094,1682,47,29,12,29,13,560,91,27000,1404000
Nélson Semedo,"MF,DF",Wolves,27,25,25,2131.0,23.7,0,1,1,0,0,0,1,0,1.6,1.6,1.3,2.9,0.00,0.04,0.04,0.00,0.07,0.06,0.07,0.12,0.0,0.0,0.0,0.0,0.0,0.0,0.0,0.0,0.0,0.0,0.0,0.0,0.0,0.0,0.0,0.0,0.0,0.0,0.0,0.0,0.0,0.0,0.0,0.0,19,4,21.1,0.80,0.17,0.00,0.00,20.2,916,1169,78.4,12766,4408,567,628,90.3,290,367,79.0,31,92,33.7,18,62,12,2,78,941,223,3,1,1,32,220,0,5,44,1.86,44,1.86,33,1,5,2,2,1,1,0.04,1,0,0,0,0,0,58,39,39,17,2,25,49,51.0,24,23,4,19,21,79,64,1,23.7,1487,90,416,605,481,52,1487,64,39,60.9,25,39.1,762,4570,2599,79,63,17,51,27,846,146,76923,4000000
Odsonne Édouard,FW,Crystal Palace,23,28,18,1564.0,17.4,6,3,9,5,1,1,4,0,6.4,5.6,1.9,7.5,0.35,0.17,0.52,0.29,0.37,0.11,0.32,0.43,0.0,0.0,0.0,0.0,0.0,0.0,0.0,0.0,0.0,0.0,0.0,0.0,0.0,0.0,0.0,0.0,0.0,0.0,0.0,0.0,0.0,0.0,0.0,0.0,39,17,43.6,2.24,0.98,0.13,0.29,13.3,309,429,72.0,3784,791,210,265,79.2,75,105,71.4,5,7,71.4,21,24,10,0,42,406,19,0,0,0,7,3,0,4,51,2.94,51,2.94,33,0,8,9,0,1,4,0.23,2,0,1,1,0,0,16,10,2,7,7,7,21,33.3,14,20,5,15,0,16,18,0,17.4,679,20,71,303,316,82,678,67,30,44.8,37,55.2,381,2143,1122,42,24,16,62,27,479,109,80000,4160000
Oghenekaro Etebo,MF,Watford,25,9,4,401.0,4.5,0,0,0,0,0,0,3,0,0.1,0.1,0.1,0.2,0.00,0.00,0.00,0.00,0.01,0.02,0.01,0.03,0.0,0.0,0.0,0.0,0.0,0.0,0.0,0.0,0.0,0.0,0.0,0.0,0.0,0.0,0.0,0.0,0.0,0.0,0.0,0.0,0.0,0.0,0.0,0.0,3,0,0.0,0.67,0.00,0.00,,31.0,151,168,89.9,3035,923,50,54,92.6,79,85,92.9,21,26,80.8,2,15,3,1,16,156,11,11,0,2,2,0,0,1,5,1.12,5,1.12,5,0,0,0,0,0,0,0.00,0,0,0,0,0,0,11,8,7,4,0,3,8,37.5,5,3,1,2,5,16,5,0,4.5,204,15,65,130,12,0,204,10,6,60.0,4,40.0,106,548,248,3,1,0,3,2,123,1,30000,1560000
Oleksandr Zinchenko,DF,Manchester City,24,15,10,1047.0,11.6,0,4,4,0,0,0,0,0,0.5,0.5,2.7,3.2,0.00,0.34,0.34,0.00,0.04,0.23,0.04,0.27,0.0,0.0,0.0,0.0,0.0,0.0,0.0,0.0,0.0,0.0,0.0,0.0,0.0,0.0,0.0,0.0,0.0,0.0,0.0,0.0,0.0,0.0,0.0,0.0,12,4,33.3,1.03,0.34,0.00,0.00,22.4,953,1073,88.8,14439,4109,529,562,94.1,354,387,91.5,46,75,61.3,16,104,22,5,113,987,84,10,2,5,31,69,5,2,46,3.95,46,3.95,38,3,3,1,0,1,11,0.95,8,0,1,1,0,1,20,14,7,10,3,11,20,55.0,9,11,3,8,14,34,15,1,11.6,1169,24,189,622,364,21,1169,12,7,58.3,5,41.7,720,3163,1844,32,36,2,10,6,879,88,20000,1040000
Oliver Skipp,MF,Tottenham,20,18,14,1350.0,15.0,0,0,0,0,0,0,6,0,0.2,0.2,0.7,1.0,0.00,0.00,0.00,0.00,0.02,0.05,0.02,0.07,0.0,0.0,0.0,0.0,0.0,0.0,0.0,0.0,0.0,0.0,0.0,0.0,0.0,0.0,0.0,0.0,0.0,0.0,0.0,0.0,0.0,0.0,0.0,0.0,4,1,25.0,0.27,0.07,0.00,0.00,24.8,763,851,89.7,11665,2984,383,408,93.9,302,323,93.5,36,59,61.0,8,78,11,2,76,836,15,15,3,4,6,0,0,0,24,1.60,24,1.60,22,0,1,1,0,0,3,0.20,3,0,0,0,0,0,33,19,14,18,1,15,31,48.4,16,19,7,12,12,45,10,1,15.0,973,26,171,653,152,11,973,6,4,66.7,2,33.3,581,2877,1454,27,28,3,15,11,711,18,15000,780000
Ollie Watkins,FW,Aston Villa,25,35,33,2952.0,32.8,11,2,13,10,1,1,7,0,11.6,11.0,3.4,14.4,0.34,0.06,0.40,0.30,0.35,0.10,0.34,0.44,0.0,0.0,0.0,0.0,0.0,0.0,0.0,0.0,0.0,0.0,0.0,0.0,0.0,0.0,0.0,0.0,0.0,0.0,0.0,0.0,0.0,0.0,0.0,0.0,76,31,40.8,2.32,0.95,0.13,0.32,13.6,484,699,69.2,5923,1163,315,403,78.2,115,173,66.5,10,24,41.7,34,29,17,0,60,671,25,2,4,2,15,7,0,3,82,2.50,82,2.50,56,0,10,8,6,2,9,0.27,4,0,2,2,1,0,17,13,2,7,8,2,15,13.3,13,25,3,22,12,29,27,0,32.8,1046,30,61,423,575,173,1045,68,37,54.4,31,45.6,630,3174,1581,74,32,49,86,53,820,226,75000,3900000
Oriol Romeu,MF,Southampton,29,36,34,2889.0,32.1,2,2,4,2,0,0,9,0,1.4,1.4,2.9,4.3,0.06,0.06,0.12,0.06,0.04,0.09,0.04,0.13,0.0,0.0,0.0,0.0,0.0,0.0,0.0,0.0,0.0,0.0,0.0,0.0,0.0,0.0,0.0,0.0,0.0,0.0,0.0,0.0,0.0,0.0,0.0,0.0,24,4,16.7,0.75,0.12,0.08,0.50,22.4,1377,1691,81.4,23235,6190,676,787,85.9,535,614,87.1,133,198,67.2,37,148,23,3,156,1657,29,29,7,20,13,0,0,5,74,2.31,74,2.31,70,0,2,0,0,2,4,0.12,4,0,0,0,0,0,77,39,25,45,7,28,73,38.4,45,39,8,31,51,128,43,0,32.1,2016,82,431,1224,382,51,2016,40,30,75.0,10,25.0,1036,5261,2652,38,45,7,41,16,1243,29,65000,3380000
Ozan Kabak,DF,Norwich City,21,11,11,922.0,10.2,0,0,0,0,0,0,2,0,0.3,0.3,0.0,0.3,0.00,0.00,0.00,0.00,0.03,0.00,0.03,0.03,0.0,0.0,0.0,0.0,0.0,0.0,0.0,0.0,0.0,0.0,0.0,0.0,0.0,0.0,0.0,0.0,0.0,0.0,0.0,0.0,0.0,0.0,0.0,0.0,4,2,50.0,0.39,0.20,0.00,0.00,14.7,350,431,81.2,6460,2309,127,147,86.4,190,213,89.2,28,56,50.0,2,16,1,0,20,419,12,11,0,4,1,1,0,0,10,0.98,10,0.98,4,0,2,1,3,0,0,0.00,0,0,0,0,0,0,10,5,4,6,0,5,9,55.6,4,19,11,8,16,26,26,0,10.2,532,63,326,201,13,5,532,20,16,80.0,4,20.0,281,1619,896,9,4,1,4,6,336,0,32885,1710000
Ozan Tufan,MF,Watford,26,7,4,334.0,3.7,0,0,0,0,0,0,0,0,0.6,0.6,0.3,0.9,0.00,0.00,0.00,0.00,0.15,0.09,0.15,0.24,0.0,0.0,0.0,0.0,0.0,0.0,0.0,0.0,0.0,0.0,0.0,0.0,0.0,0.0,0.0,0.0,0.0,0.0,0.0,0.0,0.0,0.0,0.0,0.0,3,0,0.0,0.81,0.00,0.00,,18.1,85,122,69.7,1332,409,42,53,79.2,34,47,72.3,4,8,50.0,4,13,2,0,16,111,11,3,1,0,7,0,5,0,6,1.62,6,1.62,5,1,0,0,0,0,0,0.00,0,0,0,0,0,0,3,2,1,1,1,1,5,20.0,4,2,0,2,2,5,4,0,3.7,155,4,22,87,47,9,155,6,3,50.0,3,50.0,70,422,136,2,3,1,5,3,90,13,33077,1720000
Pablo Fornals,"FW,MF",West Ham,25,36,32,2795.0,31.1,6,3,9,6,0,0,4,0,4.6,4.6,6.3,10.9,0.19,0.10,0.29,0.19,0.15,0.20,0.15,0.35,0.0,0.0,0.0,0.0,0.0,0.0,0.0,0.0,0.0,0.0,0.0,0.0,0.0,0.0,0.0,0.0,0.0,0.0,0.0,0.0,0.0,0.0,0.0,0.0,43,11,25.6,1.38,0.35,0.14,0.55,18.7,1052,1417,74.2,17266,5582,529,613,86.3,363,484,75.0,111,205,54.1,48,111,51,8,191,1339,73,5,11,19,87,9,41,5,109,3.51,109,3.51,86,9,5,5,3,1,11,0.35,9,1,0,1,0,0,54,28,21,21,12,22,84,26.2,62,49,2,47,27,81,16,1,31.1,1731,33,262,819,665,65,1731,54,23,42.6,31,57.4,981,4917,2219,49,37,11,47,28,1184,200,67308,3500000
Pablo Marí,DF,Arsenal,27,2,2,180.0,2.0,0,0,0,0,0,0,1,0,0.1,0.1,0.1,0.2,0.00,0.00,0.00,0.00,0.04,0.06,0.04,0.10,0.0,0.0,0.0,0.0,0.0,0.0,0.0,0.0,0.0,0.0,0.0,0.0,0.0,0.0,0.0,0.0,0.0,0.0,0.0,0.0,0.0,0.0,0.0,0.0,1,0,0.0,0.50,0.00,0.00,,5.8,79,92,85.9,1437,481,33,37,89.2,40,41,97.6,5,11,45.5,1,6,0,0,9,91,1,1,0,1,0,0,0,0,2,1.00,2,1.00,2,0,0,0,0,0,0,0.00,0,0,0,0,0,0,5,3,1,3,1,3,6,50.0,3,5,4,1,3,8,10,0,2.0,120,14,46,71,4,3,120,0,0,,0,,68,363,202,0,0,0,2,0,67,0,85000,4420000
Pascal Groß,"MF,DF",Brighton,30,29,24,2038.0,22.6,2,4,6,2,0,1,1,0,2.9,2.1,5.5,7.7,0.09,0.18,0.26,0.09,0.13,0.24,0.09,0.34,0.0,0.0,0.0,0.0,0.0,0.0,0.0,0.0,0.0,0.0,0.0,0.0,0.0,0.0,0.0,0.0,0.0,0.0,0.0,0.0,0.0,0.0,0.0,0.0,23,7,30.4,1.02,0.31,0.09,0.29,17.5,1012,1345,75.2,18387,5413,446,508,87.8,397,481,82.5,135,267,50.6,60,94,37,12,149,1131,206,67,8,17,189,37,100,8,100,4.41,100,4.41,56,37,2,5,0,0,7,0.31,2,3,1,1,0,0,28,15,15,11,2,12,33,36.4,21,34,8,26,18,46,23,0,22.6,1537,43,227,697,618,61,1536,18,9,50.0,9,50.0,796,3313,1486,39,35,7,27,15,1001,141,50000,2600000
Pascal Struijk,"DF,MF",Leeds United,21,29,22,2055.0,22.8,1,0,1,1,0,0,6,1,1.4,1.4,0.4,1.9,0.04,0.00,0.04,0.04,0.06,0.02,0.06,0.08,0.0,0.0,0.0,0.0,0.0,0.0,0.0,0.0,0.0,0.0,0.0,0.0,0.0,0.0,0.0,0.0,0.0,0.0,0.0,0.0,0.0,0.0,0.0,0.0,11,3,27.3,0.48,0.13,0.09,0.33,9.1,1089,1278,85.2,20168,6807,372,423,87.9,616,665,92.6,85,148,57.4,11,62,1,0,86,1219,56,35,1,12,0,21,0,3,21,0.92,21,0.92,18,0,0,2,0,1,1,0.04,0,0,0,1,0,0,61,39,34,23,4,30,50,60.0,20,35,23,12,33,94,60,2,22.8,1533,172,801,653,85,21,1533,3,2,66.7,1,33.3,803,3748,2049,8,5,0,18,5,932,10,7115,370000
Patrick Bamford,FW,Leeds United,27,9,7,559.0,6.2,2,2,4,2,0,0,2,0,3.0,3.0,1.1,4.0,0.32,0.32,0.64,0.32,0.48,0.17,0.48,0.65,0.0,0.0,0.0,0.0,0.0,0.0,0.0,0.0,0.0,0.0,0.0,0.0,0.0,0.0,0.0,0.0,0.0,0.0,0.0,0.0,0.0,0.0,0.0,0.0,20,5,25.0,3.22,0.81,0.10,0.40,14.0,88,108,81.5,1103,200,60,68,88.2,20,25,80.0,3,6,50.0,5,5,6,1,12,89,19,0,1,0,3,1,0,0,13,2.09,13,2.09,9,0,1,2,1,0,3,0.48,2,0,1,0,0,0,1,0,0,1,0,0,3,0.0,3,8,2,6,2,3,8,0,6.2,173,10,15,83,76,33,173,7,4,57.1,3,42.9,92,486,196,8,4,3,18,3,111,24,35000,1820000
Patson Daka,FW,Leicester City,22,23,13,1159.0,12.9,5,3,8,5,0,0,2,0,4.2,4.2,2.0,6.1,0.39,0.23,0.62,0.39,0.32,0.15,0.32,0.48,0.0,0.0,0.0,0.0,0.0,0.0,0.0,0.0,0.0,0.0,0.0,0.0,0.0,0.0,0.0,0.0,0.0,0.0,0.0,0.0,0.0,0.0,0.0,0.0,26,15,57.7,2.02,1.16,0.19,0.33,15.2,165,223,74.0,2158,323,99,125,79.2,49,59,83.1,4,7,57.1,13,6,5,0,17,204,19,0,1,0,1,2,0,0,30,2.33,30,2.33,23,0,0,3,2,2,9,0.70,6,0,0,1,0,2,15,10,2,8,5,2,19,10.5,17,7,0,7,2,17,8,0,12.9,370,10,31,170,171,50,370,16,3,18.8,13,81.3,195,766,299,10,4,3,42,18,244,66,80000,4160000
Paul Dummett,DF,Newcastle Utd,29,3,2,198.0,2.2,0,0,0,0,0,0,2,0,0.0,0.0,0.0,0.0,0.00,0.00,0.00,0.00,0.00,0.00,0.00,0.00,0.0,0.0,0.0,0.0,0.0,0.0,0.0,0.0,0.0,0.0,0.0,0.0,0.0,0.0,0.0,0.0,0.0,0.0,0.0,0.0,0.0,0.0,0.0,0.0,0,0,,0.00,0.00,,,,51,73,69.9,771,363,31,36,86.1,17,26,65.4,3,10,30.0,0,3,0,0,5,55,18,0,0,0,3,18,0,0,1,0.45,1,0.45,1,0,0,0,0,0,1,0.45,1,0,0,0,0,0,7,3,3,4,0,5,8,62.5,3,5,0,5,3,10,5,0,2.2,96,9,33,51,12,0,96,0,0,,0,,33,128,36,0,1,0,1,0,37,2,35000,1820000
Paul Pogba,"MF,FW",Manchester Utd,28,20,16,1349.0,15.0,1,9,10,1,0,0,7,1,2.6,2.6,3.5,6.1,0.07,0.60,0.67,0.07,0.18,0.23,0.18,0.41,0.0,0.0,0.0,0.0,0.0,0.0,0.0,0.0,0.0,0.0,0.0,0.0,0.0,0.0,0.0,0.0,0.0,0.0,0.0,0.0,0.0,0.0,0.0,0.0,32,8,25.0,2.13,0.53,0.03,0.13,18.0,736,893,82.4,13244,3871,350,400,87.5,255,296,86.1,105,132,79.5,24,99,24,2,117,874,16,13,8,26,12,1,1,3,57,3.80,57,3.80,45,1,6,1,4,0,11,0.73,10,1,0,0,0,0,13,9,5,7,1,6,28,21.4,22,11,0,11,13,26,16,0,15.0,1078,26,161,612,318,46,1078,54,39,72.2,15,27.8,670,3319,1820,34,26,7,42,27,843,62,290000,15080000
Pedro Neto,"FW,MF",Wolves,21,13,5,466.0,5.2,1,1,2,1,0,0,3,0,1.5,1.5,1.0,2.5,0.19,0.19,0.39,0.19,0.29,0.20,0.29,0.49,0.0,0.0,0.0,0.0,0.0,0.0,0.0,0.0,0.0,0.0,0.0,0.0,0.0,0.0,0.0,0.0,0.0,0.0,0.0,0.0,0.0,0.0,0.0,0.0,17,4,23.5,3.28,0.77,0.06,0.25,19.7,181,237,76.4,2805,542,97,106,91.5,61,82,74.4,13,29,44.8,13,4,4,2,10,205,32,6,1,2,37,1,17,0,25,4.82,25,4.82,11,4,3,2,3,2,1,0.19,1,0,0,0,0,0,4,4,2,0,2,0,9,0.0,9,0,0,0,6,10,1,0,5.2,308,1,21,117,174,24,308,23,12,52.2,11,47.8,206,1499,719,27,22,10,21,12,237,49,50000,2600000
Phil Foden,FW,Manchester City,21,28,24,2128.0,23.6,9,5,14,9,0,0,1,0,9.4,9.4,6.3,15.7,0.38,0.21,0.59,0.38,0.40,0.27,0.40,0.66,0.0,0.0,0.0,0.0,0.0,0.0,0.0,0.0,0.0,0.0,0.0,0.0,0.0,0.0,0.0,0.0,0.0,0.0,0.0,0.0,0.0,0.0,0.0,0.0,57,22,38.6,2.41,0.93,0.16,0.41,14.5,881,1102,79.9,12909,2621,542,595,91.1,235,294,79.9,56,115,48.7,40,50,37,9,98,995,104,19,7,8,132,7,65,3,89,3.76,89,3.76,63,13,3,7,2,1,13,0.55,8,3,0,2,0,0,16,8,10,4,2,7,17,41.2,10,9,0,9,11,27,5,0,23.6,1303,6,66,426,820,137,1303,58,37,63.8,21,36.2,872,4436,1941,71,43,39,48,34,1023,248,11923,620000
Phil Jones,DF,Manchester Utd,29,4,2,163.0,1.8,0,0,0,0,0,0,0,0,0.0,0.0,0.0,0.0,0.00,0.00,0.00,0.00,0.00,0.00,0.00,0.00,0.0,0.0,0.0,0.0,0.0,0.0,0.0,0.0,0.0,0.0,0.0,0.0,0.0,0.0,0.0,0.0,0.0,0.0,0.0,0.0,0.0,0.0,0.0,0.0,0,0,,0.00,0.00,,,,71,81,87.7,1169,448,33,36,91.7,36,37,97.3,1,4,25.0,0,5,0,0,2,81,0,0,0,0,0,0,0,0,1,0.55,1,0.55,0,0,0,0,1,0,0,0.00,0,0,0,0,0,0,5,5,3,1,1,2,3,66.7,1,4,4,0,3,8,8,0,1.8,101,17,48,50,4,0,101,1,1,100.0,0,0.0,58,214,103,1,0,0,1,0,63,0,75000,3900000
Philippe Coutinho,"MF,FW",Aston Villa,29,19,16,1329.0,14.8,5,3,8,5,0,0,0,0,3.8,3.8,2.9,6.7,0.34,0.20,0.54,0.34,0.25,0.20,0.25,0.45,0.0,0.0,0.0,0.0,0.0,0.0,0.0,0.0,0.0,0.0,0.0,0.0,0.0,0.0,0.0,0.0,0.0,0.0,0.0,0.0,0.0,0.0,0.0,0.0,43,16,37.2,2.91,1.08,0.12,0.31,21.2,531,655,81.1,8091,2160,292,340,85.9,175,205,85.4,38,61,62.3,25,71,16,3,94,615,35,7,3,2,18,3,6,5,62,4.19,62,4.19,47,4,3,6,2,0,8,0.54,6,0,1,1,0,0,17,12,4,11,2,6,21,28.6,15,11,1,10,7,24,4,0,14.8,815,7,57,441,330,47,815,43,21,48.8,22,51.2,568,3066,1595,48,36,9,35,20,632,62,125000,6500000
Pierre Højbjerg,MF,Tottenham,25,36,36,3196.0,35.5,2,2,4,2,0,0,3,0,1.9,1.9,2.3,4.2,0.06,0.06,0.11,0.06,0.05,0.06,0.05,0.12,0.0,0.0,0.0,0.0,0.0,0.0,0.0,0.0,0.0,0.0,0.0,0.0,0.0,0.0,0.0,0.0,0.0,0.0,0.0,0.0,0.0,0.0,0.0,0.0,31,10,32.3,0.87,0.28,0.06,0.20,22.2,2287,2570,89.0,37884,10800,1115,1199,93.0,877,961,91.3,194,269,72.1,25,229,36,3,242,2448,114,95,8,28,18,13,2,8,86,2.42,86,2.42,71,3,6,1,1,4,7,0.20,7,0,0,0,0,0,78,45,31,38,9,38,85,44.7,47,61,13,48,48,126,54,0,35.5,2903,115,714,1776,444,30,2903,60,42,70.0,18,30.0,1765,8364,4032,46,42,7,32,22,2102,47,101923,5300000
Pierre Lees-Melou,MF,Norwich City,28,33,27,2265.0,25.2,1,0,1,1,0,0,5,0,1.6,1.6,1.9,3.6,0.04,0.00,0.04,0.04,0.06,0.08,0.06,0.14,0.0,0.0,0.0,0.0,0.0,0.0,0.0,0.0,0.0,0.0,0.0,0.0,0.0,0.0,0.0,0.0,0.0,0.0,0.0,0.0,0.0,0.0,0.0,0.0,33,9,27.3,1.31,0.36,0.03,0.11,24.5,807,1033,78.1,13876,4105,413,483,85.5,252,299,84.3,107,169,63.3,25,81,26,9,114,1012,20,8,7,28,33,9,1,1,55,2.18,55,2.18,48,1,1,1,1,3,2,0.08,1,0,0,0,1,0,58,36,23,29,6,25,92,27.2,67,37,11,26,25,83,23,0,25.2,1265,76,360,616,308,23,1265,30,19,63.3,11,36.7,742,3433,1533,33,26,6,27,17,822,60,35000,1820000
Pierre-Emerick Aubameyang,FW,Arsenal,32,14,12,1037.0,11.5,4,1,5,4,0,2,3,0,5.9,4.2,1.0,5.2,0.35,0.09,0.43,0.35,0.51,0.09,0.36,0.45,0.0,0.0,0.0,0.0,0.0,0.0,0.0,0.0,0.0,0.0,0.0,0.0,0.0,0.0,0.0,0.0,0.0,0.0,0.0,0.0,0.0,0.0,0.0,0.0,33,16,48.5,2.86,1.39,0.12,0.25,15.0,137,208,65.9,1801,404,90,115,78.3,37,64,57.8,4,9,44.4,9,6,8,0,26,204,2,0,2,0,11,1,0,2,22,1.91,22,1.91,14,0,2,4,2,0,3,0.26,2,0,0,1,0,0,11,5,6,4,1,3,10,30.0,7,12,1,11,0,11,4,0,11.5,319,2,33,117,171,50,317,7,2,28.6,5,71.4,142,779,456,21,9,10,16,4,220,47,250000,13000000
Pontus Jansson,DF,Brentford,30,37,37,3321.0,36.9,3,1,4,3,0,0,7,0,3.0,3.0,0.3,3.3,0.08,0.03,0.11,0.08,0.08,0.01,0.08,0.09,0.0,0.0,0.0,0.0,0.0,0.0,0.0,0.0,0.0,0.0,0.0,0.0,0.0,0.0,0.0,0.0,0.0,0.0,0.0,0.0,0.0,0.0,0.0,0.0,22,10,45.5,0.60,0.27,0.14,0.30,8.9,1218,1507,80.8,22414,7103,421,498,84.5,703,821,85.6,77,145,53.1,5,35,0,0,67,1448,55,40,1,3,1,13,0,4,14,0.38,14,0.38,7,0,0,6,1,0,4,0.11,1,0,0,2,1,0,40,21,32,8,0,22,34,64.7,12,37,27,10,52,92,187,0,36.9,1893,389,1176,650,71,57,1893,2,2,100.0,0,0.0,919,3896,2019,4,5,1,10,5,1025,5,25000,1300000
Przemysław Płacheta,"FW,MF",Norwich City,23,12,6,504.0,5.6,0,0,0,0,0,0,1,0,0.4,0.4,0.8,1.1,0.00,0.00,0.00,0.00,0.07,0.14,0.07,0.20,0.0,0.0,0.0,0.0,0.0,0.0,0.0,0.0,0.0,0.0,0.0,0.0,0.0,0.0,0.0,0.0,0.0,0.0,0.0,0.0,0.0,0.0,0.0,0.0,8,7,87.5,1.43,1.25,0.00,0.00,16.7,109,163,66.9,1640,469,65,77,84.4,30,44,68.2,8,19,42.1,4,6,5,2,10,142,19,1,1,3,23,6,12,2,16,2.85,16,2.85,6,2,4,0,4,0,0,0.00,0,0,0,0,0,0,4,3,3,1,0,2,7,28.6,5,3,1,2,2,6,5,1,5.6,223,7,50,79,99,14,223,19,10,52.6,9,47.4,136,1070,520,19,7,6,7,11,139,35,6154,320000
Raheem Sterling,FW,Manchester City,26,30,23,2128.0,23.6,13,5,18,11,2,3,1,0,14.0,11.5,5.5,17.0,0.55,0.21,0.76,0.47,0.59,0.23,0.49,0.72,0.0,0.0,0.0,0.0,0.0,0.0,0.0,0.0,0.0,0.0,0.0,0.0,0.0,0.0,0.0,0.0,0.0,0.0,0.0,0.0,0.0,0.0,0.0,0.0,54,25,46.3,2.28,1.06,0.20,0.44,14.0,714,880,81.1,9140,1729,479,527,90.9,184,226,81.4,14,29,48.3,42,15,48,9,65,863,11,3,4,2,50,4,2,6,93,3.93,93,3.93,72,1,12,4,4,0,10,0.42,5,0,0,2,3,0,23,10,3,11,9,10,23,43.5,13,12,0,12,12,35,3,0,23.6,1173,8,51,339,797,191,1170,112,53,47.3,59,52.7,886,5297,2574,108,54,65,62,54,991,317,300000,15600000
Raphaël Varane,DF,Manchester Utd,28,22,20,1831.0,20.3,1,1,2,1,0,0,0,0,0.7,0.7,0.2,0.9,0.05,0.05,0.10,0.05,0.03,0.01,0.03,0.05,0.0,0.0,0.0,0.0,0.0,0.0,0.0,0.0,0.0,0.0,0.0,0.0,0.0,0.0,0.0,0.0,0.0,0.0,0.0,0.0,0.0,0.0,0.0,0.0,9,1,11.1,0.44,0.05,0.11,1.00,9.6,1014,1156,87.7,20563,6918,305,339,90.0,584,629,92.8,118,168,70.2,4,65,1,0,49,1119,36,33,0,11,1,3,0,1,9,0.44,9,0.44,9,0,0,0,0,0,2,0.10,2,0,0,0,0,0,28,19,21,6,1,10,22,45.5,12,18,9,9,18,46,82,1,20.3,1336,162,645,659,40,15,1336,3,2,66.7,1,33.3,818,4704,2662,11,8,0,7,0,897,2,340000,17680000
Raphinha,"FW,MF",Leeds United,24,35,34,2915.0,32.4,11,3,14,7,4,4,7,0,10.2,7.0,7.5,14.5,0.34,0.09,0.43,0.22,0.31,0.23,0.22,0.45,0.0,0.0,0.0,0.0,0.0,0.0,0.0,0.0,0.0,0.0,0.0,0.0,0.0,0.0,0.0,0.0,0.0,0.0,0.0,0.0,0.0,0.0,0.0,0.0,84,21,25.0,2.59,0.65,0.08,0.33,21.4,824,1301,63.3,13788,5181,399,497,80.3,275,420,65.5,99,259,38.2,65,91,49,11,134,1111,188,46,16,20,162,63,76,2,136,4.20,136,4.20,77,25,15,9,8,2,10,0.31,5,0,2,0,2,1,51,29,25,14,12,22,71,31.0,49,43,0,43,29,80,28,1,32.4,1796,46,248,753,826,130,1792,146,62,42.5,84,57.5,991,5995,2879,89,55,40,99,35,1185,286,63500,3302000
Rayan Aït-Nouri,"DF,MF",Wolves,20,23,20,1828.0,20.3,1,2,3,1,0,0,4,0,0.6,0.6,1.6,2.2,0.05,0.10,0.15,0.05,0.03,0.08,0.03,0.11,0.0,0.0,0.0,0.0,0.0,0.0,0.0,0.0,0.0,0.0,0.0,0.0,0.0,0.0,0.0,0.0,0.0,0.0,0.0,0.0,0.0,0.0,0.0,0.0,13,4,30.8,0.64,0.20,0.08,0.25,17.6,763,1025,74.4,12151,4064,418,472,88.6,273,361,75.6,54,141,38.3,17,28,14,10,49,811,211,10,1,7,96,172,29,3,45,2.22,45,2.22,30,8,4,0,2,1,6,0.30,4,1,0,0,1,0,64,36,46,15,3,22,44,50.0,22,24,2,22,22,86,39,1,20.3,1293,49,459,458,392,39,1293,81,42,51.9,39,48.1,659,3744,1969,60,38,19,44,27,736,127,4500,234000
Raúl Jiménez,FW,Wolves,30,34,30,2631.0,29.2,6,4,10,5,1,1,9,2,6.1,5.4,3.1,8.5,0.21,0.14,0.34,0.17,0.21,0.10,0.19,0.29,0.0,0.0,0.0,0.0,0.0,0.0,0.0,0.0,0.0,0.0,0.0,0.0,0.0,0.0,0.0,0.0,0.0,0.0,0.0,0.0,0.0,0.0,0.0,0.0,56,15,26.8,1.92,0.51,0.09,0.33,16.9,549,775,70.8,7513,1631,325,409,79.5,147,206,71.4,31,50,62.0,38,38,19,2,65,715,55,2,8,7,10,9,0,5,71,2.43,71,2.43,52,1,7,6,4,1,14,0.48,7,0,4,3,0,0,29,14,6,16,7,6,30,20.0,24,31,5,26,13,42,26,0,29.2,1150,35,106,601,456,126,1149,87,36,41.4,51,58.6,644,3407,1278,40,37,21,99,57,850,163,41154,2140000
Reece James,DF,Chelsea,21,26,22,1864.0,20.7,5,9,14,5,0,0,4,1,3.1,3.1,5.9,9.1,0.24,0.43,0.68,0.24,0.15,0.29,0.15,0.44,0.0,0.0,0.0,0.0,0.0,0.0,0.0,0.0,0.0,0.0,0.0,0.0,0.0,0.0,0.0,0.0,0.0,0.0,0.0,0.0,0.0,0.0,0.0,0.0,37,10,27.0,1.79,0.48,0.14,0.50,20.5,1450,1687,86.0,22184,5499,803,856,93.8,509,593,85.8,93,133,69.9,48,67,51,15,149,1439,244,33,2,8,108,196,15,4,88,4.25,88,4.25,69,7,4,5,3,0,11,0.53,9,1,1,0,0,0,33,25,14,18,1,9,22,40.9,13,20,2,18,17,50,22,0,20.7,1881,35,326,800,773,69,1881,47,36,76.6,11,23.4,1122,5150,2381,52,51,19,26,22,1343,203,58077,3020000
Reiss Nelson,FW,Arsenal,21,1,0,20.0,0.2,0,0,0,0,0,0,0,0,0.1,0.1,0.0,0.1,0.00,0.00,0.00,0.00,0.24,0.21,0.24,0.45,0.0,0.0,0.0,0.0,0.0,0.0,0.0,0.0,0.0,0.0,0.0,0.0,0.0,0.0,0.0,0.0,0.0,0.0,0.0,0.0,0.0,0.0,0.0,0.0,1,0,0.0,4.50,0.00,0.00,,18.8,8,12,66.7,66,0,7,10,70.0,0,1,0.0,0,0,,1,0,0,0,0,12,0,0,0,0,0,0,0,0,3,13.50,3,13.50,2,0,0,1,0,0,0,0.00,0,0,0,0,0,0,1,0,0,0,1,0,1,0.0,1,1,0,1,0,1,0,0,0.2,16,0,0,5,11,2,16,0,0,,0,,10,21,8,0,0,0,0,0,11,4,0.0,0.0
Ricardo Pereira,DF,Leicester City,27,14,13,991.0,11.0,1,3,4,1,0,0,3,0,0.7,0.7,1.3,2.0,0.09,0.27,0.36,0.09,0.06,0.12,0.06,0.18,0.0,0.0,0.0,0.0,0.0,0.0,0.0,0.0,0.0,0.0,0.0,0.0,0.0,0.0,0.0,0.0,0.0,0.0,0.0,0.0,0.0,0.0,0.0,0.0,10,2,20.0,0.91,0.18,0.10,0.50,16.6,519,655,79.2,7167,2380,329,370,88.9,162,206,78.6,18,38,47.4,10,19,17,2,43,549,106,3,0,1,14,103,0,0,32,2.91,32,2.91,24,1,3,1,2,1,6,0.54,4,0,1,0,1,0,37,20,19,13,5,21,40,52.5,19,13,1,12,17,54,39,0,11.0,816,39,247,379,198,18,816,19,11,57.9,8,42.1,372,1735,1059,28,18,5,12,6,470,34,70000,3640000
Richarlison,FW,Everton,24,30,28,2523.0,28.0,10,5,15,7,3,3,9,0,9.2,6.8,3.6,10.4,0.36,0.18,0.54,0.25,0.33,0.13,0.24,0.37,0.0,0.0,0.0,0.0,0.0,0.0,0.0,0.0,0.0,0.0,0.0,0.0,0.0,0.0,0.0,0.0,0.0,0.0,0.0,0.0,0.0,0.0,0.0,0.0,69,20,29.0,2.46,0.71,0.10,0.35,16.4,339,568,59.7,4539,967,192,278,69.1,96,141,68.1,15,41,36.6,29,21,13,1,42,556,8,1,3,3,38,2,0,4,69,2.46,69,2.46,45,0,3,9,11,1,9,0.32,5,0,0,3,1,0,40,23,18,15,7,15,31,48.4,16,42,4,38,12,52,34,0,28.0,999,37,137,347,536,135,996,82,40,48.8,41,50.0,576,3374,1271,44,26,16,93,54,658,146,90000,4680000
Rico Henry,DF,Brentford,24,34,33,2776.0,30.8,3,0,3,3,0,0,2,0,1.5,1.5,1.7,3.3,0.10,0.00,0.10,0.10,0.05,0.06,0.05,0.11,0.0,0.0,0.0,0.0,0.0,0.0,0.0,0.0,0.0,0.0,0.0,0.0,0.0,0.0,0.0,0.0,0.0,0.0,0.0,0.0,0.0,0.0,0.0,0.0,14,5,35.7,0.45,0.16,0.21,0.60,16.7,876,1215,72.1,13166,4427,504,592,85.1,287,396,72.5,58,132,43.9,18,60,29,15,81,1092,120,5,0,0,74,115,0,3,50,1.62,50,1.62,41,2,5,0,2,0,4,0.13,2,1,1,0,0,0,28,20,18,8,2,12,34,35.3,22,31,10,21,26,54,76,1,30.8,1542,95,502,620,436,40,1542,60,27,45.0,33,55.0,783,4164,1967,61,39,12,40,34,836,131,11923,620000
Riyad Mahrez,FW,Manchester City,30,28,15,1498.0,16.6,11,5,16,7,4,5,0,0,10.1,6.2,4.2,10.4,0.66,0.30,0.96,0.42,0.61,0.25,0.37,0.62,0.0,0.0,0.0,0.0,0.0,0.0,0.0,0.0,0.0,0.0,0.0,0.0,0.0,0.0,0.0,0.0,0.0,0.0,0.0,0.0,0.0,0.0,0.0,0.0,56,18,32.1,3.36,1.08,0.13,0.39,17.9,777,947,82.0,11969,2132,443,486,91.2,264,313,84.3,53,102,52.0,39,27,34,6,70,842,99,11,7,6,97,18,70,6,73,4.38,73,4.38,55,12,1,4,1,0,10,0.60,7,2,0,1,0,0,11,3,5,4,2,5,19,26.3,14,15,1,14,6,17,6,0,16.6,1135,11,81,318,746,127,1130,50,26,52.0,24,48.0,775,4744,2037,74,35,44,42,21,847,234,120000,6240000
Rob Holding,DF,Arsenal,25,15,9,845.0,9.4,1,0,1,1,0,0,4,1,0.4,0.4,0.0,0.4,0.11,0.00,0.11,0.11,0.04,0.00,0.04,0.04,0.0,0.0,0.0,0.0,0.0,0.0,0.0,0.0,0.0,0.0,0.0,0.0,0.0,0.0,0.0,0.0,0.0,0.0,0.0,0.0,0.0,0.0,0.0,0.0,4,1,25.0,0.43,0.11,0.25,1.00,8.4,420,483,87.0,7860,2536,147,160,91.9,241,261,92.3,29,55,52.7,0,30,0,0,23,468,15,7,0,2,0,7,0,0,3,0.32,3,0.32,3,0,0,0,0,0,0,0.00,0,0,0,0,0,0,13,9,11,1,1,5,6,83.3,1,23,18,5,10,23,42,1,9.4,587,84,299,275,15,7,587,1,0,0.0,1,100.0,331,1150,661,4,1,0,4,3,368,0,40000,2080000
Robert Sánchez,GK,Brighton,23,37,37,3329.0,37.0,0,0,0,0,0,0,3,1,0.0,0.0,0.4,0.4,0.00,0.00,0.00,0.00,0.00,0.01,0.00,0.01,1.14,141,99,72.3,11,29.7,40.9,0.28,158,561,28.2,1285,186,31.9,33.0,234,64.5,48.9,517,60,11.6,36,0.97,12.9,0,0,,0.00,0.00,,,,1082,1525,71.0,28041,16948,200,200,100.0,601,612,98.2,277,699,39.6,3,26,0,0,1,1207,312,78,1,11,0,0,0,6,5,0.14,5,0.14,5,0,0,0,0,0,0,0.00,0,0,0,0,0,0,2,1,2,0,0,1,1,100.0,0,1,0,1,0,2,11,4,37.0,1612,1185,1591,21,0,0,1612,0,0,,0,,988,5245,3617,0,0,0,0,0,931,0,10000,520000
Roberto Firmino,FW,Liverpool,29,20,10,990.0,11.0,5,4,9,5,0,0,3,0,4.7,4.7,1.7,6.4,0.45,0.36,0.82,0.45,0.43,0.16,0.43,0.59,0.0,0.0,0.0,0.0,0.0,0.0,0.0,0.0,0.0,0.0,0.0,0.0,0.0,0.0,0.0,0.0,0.0,0.0,0.0,0.0,0.0,0.0,0.0,0.0,30,11,36.7,2.73,1.00,0.17,0.45,15.3,390,501,77.8,5132,1178,237,266,89.1,107,150,71.3,15,21,71.4,16,31,12,1,40,486,15,1,5,2,8,7,0,0,40,3.64,40,3.64,35,0,1,3,1,0,5,0.46,4,0,0,1,0,0,23,14,5,8,10,3,16,18.8,13,20,0,20,4,27,3,0,11.0,664,4,49,302,322,68,664,33,17,51.5,16,48.5,370,1882,883,27,24,6,33,25,500,100,180000,9360000
Robin Koch,"MF,DF",Leeds United,25,20,17,1574.0,17.5,0,0,0,0,0,0,3,0,0.8,0.8,0.4,1.2,0.00,0.00,0.00,0.00,0.04,0.02,0.04,0.07,0.0,0.0,0.0,0.0,0.0,0.0,0.0,0.0,0.0,0.0,0.0,0.0,0.0,0.0,0.0,0.0,0.0,0.0,0.0,0.0,0.0,0.0,0.0,0.0,13,1,7.7,0.74,0.06,0.00,0.00,16.1,555,718,77.3,10037,3504,224,279,80.3,268,326,82.2,45,73,61.6,5,47,6,0,52,693,24,9,0,5,4,15,0,1,24,1.37,24,1.37,21,1,0,1,1,0,2,0.11,2,0,0,0,0,0,21,13,9,10,2,9,34,26.5,25,26,10,16,20,41,44,0,17.5,889,118,397,408,88,18,889,8,5,62.5,3,37.5,376,1538,673,3,7,1,16,6,518,14,46154,2400000
Robin Olsen,GK,Aston Villa,31,1,1,90.0,1.0,0,0,0,0,0,0,0,0,0.0,0.0,0.0,0.0,0.00,0.00,0.00,0.00,0.00,0.00,0.00,0.00,3.00,5,2,40.0,0,0.0,2.2,0.44,8,25,32.0,26,7,46.2,38.3,20,65.0,48.6,28,5,17.9,0,0.00,5.8,0,0,,0.00,0.00,,,,25,47,53.2,847,651,6,6,100.0,8,8,100.0,11,31,35.5,0,0,0,0,0,24,22,2,0,0,0,0,0,1,1,1.00,1,1.00,0,1,0,0,0,0,1,1.00,0,1,0,0,0,0,0,0,0,0,0,0,0,,0,0,0,0,0,0,0,0,1.0,47,46,47,0,0,0,47,0,0,,0,,22,132,114,0,0,0,0,0,13,0,19231,1000000
Rodri,MF,Manchester City,25,33,33,2884.0,32.0,7,2,9,7,0,0,5,0,2.3,2.3,1.4,3.7,0.22,0.06,0.28,0.22,0.07,0.04,0.07,0.11,0.0,0.0,0.0,0.0,0.0,0.0,0.0,0.0,0.0,0.0,0.0,0.0,0.0,0.0,0.0,0.0,0.0,0.0,0.0,0.0,0.0,0.0,0.0,0.0,45,14,31.1,1.40,0.44,0.16,0.50,19.8,2640,2887,91.4,48233,11300,1107,1185,93.4,1207,1271,95.0,294,358,82.1,29,284,37,3,285,2837,44,37,4,25,9,7,0,6,93,2.90,93,2.90,82,1,1,5,1,3,6,0.19,6,0,0,0,0,0,72,43,24,38,10,32,59,54.2,27,28,5,23,28,100,45,0,32.0,3171,90,585,1985,622,58,3171,22,12,54.5,10,45.5,2003,8513,4473,43,54,7,18,23,2429,47,121154,6300000
Rodrigo,"MF,FW",Leeds United,30,31,27,2265.0,25.2,6,1,7,5,1,1,9,0,4.2,3.5,3.1,6.6,0.24,0.04,0.28,0.20,0.17,0.12,0.14,0.26,0.0,0.0,0.0,0.0,0.0,0.0,0.0,0.0,0.0,0.0,0.0,0.0,0.0,0.0,0.0,0.0,0.0,0.0,0.0,0.0,0.0,0.0,0.0,0.0,46,17,37.0,1.83,0.68,0.11,0.29,18.9,682,914,74.6,10330,2668,371,453,81.9,188,243,77.4,63,96,65.6,38,54,31,6,105,861,51,10,9,12,29,11,9,2,80,3.18,80,3.18,64,3,5,3,2,3,4,0.16,2,0,2,0,0,0,20,9,7,6,7,4,32,12.5,28,12,0,12,11,31,27,1,25.2,1160,29,162,570,439,77,1159,42,22,52.4,20,47.6,670,3443,1551,47,39,9,74,27,859,164,57692,3000000
Rodrigo Bentancur,MF,Tottenham,24,17,16,1361.0,15.1,0,4,4,0,0,0,5,0,0.8,0.8,2.6,3.4,0.00,0.26,0.26,0.00,0.05,0.17,0.05,0.23,0.0,0.0,0.0,0.0,0.0,0.0,0.0,0.0,0.0,0.0,0.0,0.0,0.0,0.0,0.0,0.0,0.0,0.0,0.0,0.0,0.0,0.0,0.0,0.0,14,2,14.3,0.93,0.13,0.00,0.00,19.5,912,1019,89.5,14966,3399,420,454,92.5,384,409,93.9,64,88,72.7,15,81,4,2,76,1002,17,14,5,8,9,3,0,0,38,2.51,38,2.51,33,0,1,2,1,1,7,0.46,6,0,0,1,0,0,36,18,14,14,8,16,32,50.0,16,24,9,15,20,56,35,0,15.1,1184,59,255,747,193,15,1184,20,14,70.0,6,30.0,760,3623,1781,20,21,2,12,13,898,11,75000,3900000
Romain Perraud,DF,Southampton,23,20,18,1623.0,18.0,0,1,1,0,0,0,3,0,0.5,0.5,0.7,1.2,0.00,0.06,0.06,0.00,0.03,0.04,0.03,0.07,0.0,0.0,0.0,0.0,0.0,0.0,0.0,0.0,0.0,0.0,0.0,0.0,0.0,0.0,0.0,0.0,0.0,0.0,0.0,0.0,0.0,0.0,0.0,0.0,19,3,15.8,1.05,0.17,0.00,0.00,20.7,478,749,63.8,6658,2707,296,361,82.0,148,236,62.7,19,84,22.6,8,36,8,5,48,592,153,8,1,3,69,142,3,4,24,1.33,24,1.33,19,1,1,2,1,0,3,0.17,3,0,0,0,0,0,34,22,18,14,2,16,29,55.2,13,24,6,18,17,51,42,0,18.0,957,53,251,386,327,25,957,18,8,44.4,10,55.6,476,2566,1221,34,24,5,31,9,502,91,40000,2080000
Romain Saïss,DF,Wolves,31,31,31,2705.0,30.1,2,0,2,2,0,0,6,0,2.7,2.7,0.3,3.1,0.07,0.00,0.07,0.07,0.09,0.01,0.09,0.10,0.0,0.0,0.0,0.0,0.0,0.0,0.0,0.0,0.0,0.0,0.0,0.0,0.0,0.0,0.0,0.0,0.0,0.0,0.0,0.0,0.0,0.0,0.0,0.0,18,6,33.3,0.60,0.20,0.11,0.33,12.3,1437,1808,79.5,26860,12453,585,658,88.9,691,812,85.1,148,298,49.7,7,159,1,0,137,1745,58,45,1,30,9,13,0,5,16,0.53,16,0.53,15,0,0,1,0,0,0,0.00,0,0,0,0,0,0,40,27,28,11,1,19,33,57.6,14,41,21,20,58,98,158,2,30.1,2163,281,1188,864,118,33,2163,10,7,70.0,3,30.0,1168,4917,2771,18,20,0,10,5,1412,9,21923,1140000
Romelu Lukaku,FW,Chelsea,28,26,16,1589.0,17.7,8,0,8,7,1,1,1,0,6.6,5.8,3.0,8.8,0.45,0.00,0.45,0.40,0.38,0.17,0.33,0.50,0.0,0.0,0.0,0.0,0.0,0.0,0.0,0.0,0.0,0.0,0.0,0.0,0.0,0.0,0.0,0.0,0.0,0.0,0.0,0.0,0.0,0.0,0.0,0.0,42,14,33.3,2.38,0.79,0.17,0.50,13.8,231,327,70.6,2627,415,157,194,80.9,43,65,66.2,6,12,50.0,24,10,9,0,19,296,28,0,2,0,7,0,0,3,50,2.83,50,2.83,35,0,5,3,6,1,5,0.28,0,0,3,0,2,0,2,1,0,1,1,1,5,20.0,4,11,1,10,0,2,20,0,17.7,483,21,29,198,259,90,482,25,13,52.0,12,48.0,237,1184,570,29,15,17,37,25,360,125,325000,16900000
Ross Barkley,"MF,FW",Chelsea,27,6,1,179.0,2.0,1,0,1,1,0,0,0,0,1.0,1.0,0.5,1.5,0.50,0.00,0.50,0.50,0.49,0.24,0.49,0.73,0.0,0.0,0.0,0.0,0.0,0.0,0.0,0.0,0.0,0.0,0.0,0.0,0.0,0.0,0.0,0.0,0.0,0.0,0.0,0.0,0.0,0.0,0.0,0.0,9,4,44.4,4.53,2.01,0.11,0.25,22.3,106,128,82.8,1633,369,59,66,89.4,32,39,82.1,9,11,81.8,8,6,7,0,14,121,7,0,1,0,7,0,7,0,18,9.00,18,9.00,13,3,1,1,0,0,3,1.50,3,0,0,0,0,0,0,0,0,0,0,0,1,0.0,1,1,0,1,1,1,0,0,2.0,153,0,6,49,98,7,153,8,7,87.5,1,12.5,94,715,373,14,10,0,3,7,124,17,96154,5000000
Ruben Loftus-Cheek,"MF,DF",Chelsea,25,24,13,1394.0,15.5,0,2,2,0,0,0,1,0,1.2,1.2,2.4,3.6,0.00,0.13,0.13,0.00,0.08,0.16,0.08,0.24,0.0,0.0,0.0,0.0,0.0,0.0,0.0,0.0,0.0,0.0,0.0,0.0,0.0,0.0,0.0,0.0,0.0,0.0,0.0,0.0,0.0,0.0,0.0,0.0,19,6,31.6,1.23,0.39,0.00,0.00,18.6,876,981,89.3,13025,3046,507,547,92.7,315,355,88.7,33,42,78.6,18,77,20,0,108,956,24,10,5,1,7,14,0,1,56,3.62,56,3.62,44,0,3,4,3,2,6,0.39,3,0,0,2,0,1,29,10,16,11,2,10,19,52.6,9,15,6,9,11,40,17,0,15.5,1172,20,182,682,327,40,1172,60,42,70.0,18,30.0,724,4399,2651,69,50,9,27,33,887,53,60000,3120000
Ryan Bertrand,DF,Leicester City,31,4,4,337.0,3.7,0,0,0,0,0,0,1,0,0.0,0.0,0.0,0.0,0.00,0.00,0.00,0.00,0.00,0.00,0.00,0.00,0.0,0.0,0.0,0.0,0.0,0.0,0.0,0.0,0.0,0.0,0.0,0.0,0.0,0.0,0.0,0.0,0.0,0.0,0.0,0.0,0.0,0.0,0.0,0.0,0,0,,0.00,0.00,,,,151,191,79.1,2212,828,88,97,90.7,51,63,81.0,8,18,44.4,0,12,1,0,17,142,49,5,0,0,12,34,10,0,2,0.53,2,0.53,2,0,0,0,0,0,0,0.00,0,0,0,0,0,0,8,5,3,4,1,2,5,40.0,3,8,3,5,1,9,7,0,3.7,229,16,65,113,53,4,229,0,0,,0,,101,412,192,2,2,1,6,4,124,8,80000,4160000
Ryan Fraser,"FW,MF",Newcastle Utd,27,27,18,1465.0,16.3,2,3,5,2,0,0,3,0,2.7,2.7,2.1,4.7,0.12,0.18,0.31,0.12,0.16,0.13,0.16,0.29,0.0,0.0,0.0,0.0,0.0,0.0,0.0,0.0,0.0,0.0,0.0,0.0,0.0,0.0,0.0,0.0,0.0,0.0,0.0,0.0,0.0,0.0,0.0,0.0,24,7,29.2,1.47,0.43,0.08,0.29,18.0,334,482,69.3,5352,1620,197,234,84.2,86,128,67.2,40,84,47.6,25,18,24,15,34,432,44,9,1,2,88,2,29,6,56,3.44,56,3.44,34,10,0,6,6,0,7,0.43,4,1,0,1,1,0,10,3,5,3,2,5,13,38.5,8,11,1,10,11,21,11,0,16.3,590,22,102,192,301,42,590,4,1,25.0,3,75.0,370,1823,970,35,23,11,22,11,410,86,35000,1820000
Ryan Fredericks,DF,West Ham,28,7,3,307.0,3.4,0,0,0,0,0,0,1,0,0.0,0.0,0.1,0.1,0.00,0.00,0.00,0.00,0.00,0.04,0.00,0.04,0.0,0.0,0.0,0.0,0.0,0.0,0.0,0.0,0.0,0.0,0.0,0.0,0.0,0.0,0.0,0.0,0.0,0.0,0.0,0.0,0.0,0.0,0.0,0.0,0,0,,0.00,0.00,,,,113,150,75.3,1514,465,72,85,84.7,34,48,70.8,3,6,50.0,2,2,2,1,6,128,21,0,0,0,9,21,0,1,4,1.17,4,1.17,3,1,0,0,0,0,0,0.00,0,0,0,0,0,0,2,2,2,0,0,0,1,0.0,1,2,1,1,4,6,6,0,3.4,172,14,50,78,44,2,172,1,0,0.0,1,100.0,87,343,188,4,3,0,2,1,99,14,40000,2080000
Ryan Sessegnon,"DF,MF",Tottenham,21,15,13,1047.0,11.6,0,2,2,0,0,0,2,0,0.3,0.3,2.7,3.0,0.00,0.17,0.17,0.00,0.03,0.23,0.03,0.26,0.0,0.0,0.0,0.0,0.0,0.0,0.0,0.0,0.0,0.0,0.0,0.0,0.0,0.0,0.0,0.0,0.0,0.0,0.0,0.0,0.0,0.0,0.0,0.0,6,1,16.7,0.52,0.09,0.00,0.00,13.5,315,428,73.6,4537,1156,185,218,84.9,96,132,72.7,20,41,48.8,14,13,12,4,22,357,69,2,0,1,38,65,2,2,20,1.72,20,1.72,19,1,0,0,0,0,4,0.34,4,0,0,0,0,0,25,19,14,7,4,11,22,50.0,11,18,3,15,7,32,26,0,11.6,574,38,166,188,223,39,574,19,6,31.6,13,68.4,302,1779,931,30,7,10,33,12,325,80,57692,3000000
Rúben Dias,DF,Manchester City,24,29,27,2402.0,26.7,2,4,6,2,0,0,5,0,2.7,2.7,3.2,5.9,0.07,0.15,0.22,0.07,0.10,0.12,0.10,0.22,0.0,0.0,0.0,0.0,0.0,0.0,0.0,0.0,0.0,0.0,0.0,0.0,0.0,0.0,0.0,0.0,0.0,0.0,0.0,0.0,0.0,0.0,0.0,0.0,18,3,16.7,0.67,0.11,0.11,0.67,11.8,2133,2287,93.3,40019,12614,742,786,94.4,1201,1248,96.2,173,218,79.4,15,209,3,0,139,2233,52,36,1,6,3,15,0,2,36,1.35,36,1.35,31,0,0,4,0,1,7,0.26,5,0,0,2,0,0,26,19,11,12,3,8,15,53.3,7,19,13,6,23,49,66,0,26.7,2471,151,777,1606,92,33,2471,4,2,50.0,2,50.0,1715,9468,6448,33,17,0,9,3,1977,4,160000,8320000
Rúben Neves,MF,Wolves,24,33,31,2661.0,29.6,4,2,6,4,0,0,9,0,1.1,1.1,3.1,4.3,0.14,0.07,0.20,0.14,0.04,0.11,0.04,0.14,0.0,0.0,0.0,0.0,0.0,0.0,0.0,0.0,0.0,0.0,0.0,0.0,0.0,0.0,0.0,0.0,0.0,0.0,0.0,0.0,0.0,0.0,0.0,0.0,42,16,38.1,1.42,0.54,0.10,0.25,27.4,1635,1992,82.1,34995,8702,487,553,88.1,827,937,88.3,299,416,71.9,25,200,30,5,202,1907,70,61,16,39,44,4,5,15,67,2.27,67,2.27,58,1,1,4,2,1,4,0.14,4,0,0,0,0,0,68,37,23,41,4,24,87,27.6,63,39,5,34,41,109,49,3,29.6,2281,90,553,1424,332,6,2281,32,26,81.3,6,18.8,1300,5392,2607,34,34,1,33,17,1607,19,50000,2600000
Sadio Mané,FW,Liverpool,29,34,32,2819.0,31.3,16,2,18,16,0,0,5,0,17.2,17.2,5.2,22.5,0.51,0.06,0.57,0.51,0.55,0.17,0.55,0.72,0.0,0.0,0.0,0.0,0.0,0.0,0.0,0.0,0.0,0.0,0.0,0.0,0.0,0.0,0.0,0.0,0.0,0.0,0.0,0.0,0.0,0.0,0.0,0.0,98,37,37.8,3.13,1.18,0.16,0.43,14.2,818,1100,74.4,12061,2748,460,550,83.6,274,360,76.1,44,67,65.7,41,63,61,5,130,1082,12,3,16,3,50,8,0,6,114,3.64,114,3.64,79,0,8,17,10,0,13,0.41,7,0,1,4,1,0,33,20,7,14,12,8,26,30.8,18,30,1,29,8,41,15,0,31.3,1492,20,94,617,806,201,1492,77,47,61.0,29,37.7,1027,5897,2663,105,57,45,104,59,1218,305,100000,5200000
Salomón Rondón,FW,Everton,31,20,8,790.0,8.8,1,1,2,1,0,0,3,1,1.8,1.8,0.7,2.6,0.11,0.11,0.23,0.11,0.21,0.08,0.21,0.29,0.0,0.0,0.0,0.0,0.0,0.0,0.0,0.0,0.0,0.0,0.0,0.0,0.0,0.0,0.0,0.0,0.0,0.0,0.0,0.0,0.0,0.0,0.0,0.0,21,6,28.6,2.39,0.68,0.05,0.17,12.0,117,193,60.6,1410,190,77,116,66.4,23,41,56.1,5,5,100.0,8,4,1,0,9,190,3,0,0,0,6,1,0,0,18,2.05,18,2.05,13,0,2,3,0,0,0,0.00,0,0,0,0,0,0,6,1,1,2,3,4,14,28.6,10,5,0,5,0,6,10,0,8.8,285,12,30,113,143,42,285,10,4,40.0,6,60.0,129,492,140,5,4,1,25,10,205,41,45000,2340000
Sam Byram,DF,Norwich City,27,15,11,1027.0,11.4,0,0,0,0,0,0,3,0,0.6,0.6,0.2,0.9,0.00,0.00,0.00,0.00,0.06,0.02,0.06,0.08,0.0,0.0,0.0,0.0,0.0,0.0,0.0,0.0,0.0,0.0,0.0,0.0,0.0,0.0,0.0,0.0,0.0,0.0,0.0,0.0,0.0,0.0,0.0,0.0,7,1,14.3,0.61,0.09,0.00,0.00,10.1,393,515,76.3,5981,1974,219,248,88.3,144,197,73.1,17,36,47.2,4,15,2,0,23,441,73,9,0,2,9,64,0,1,11,0.96,11,0.96,6,1,1,2,1,0,2,0.18,0,0,0,1,1,0,24,15,17,6,1,19,27,70.4,8,21,11,10,22,46,48,0,11.4,669,82,309,250,115,15,669,8,3,37.5,5,62.5,317,1495,692,11,7,2,8,4,332,16,30000,1560000
Sam Greenwood,"MF,FW",Leeds United,19,7,1,237.0,2.6,0,2,2,0,0,0,0,0,0.3,0.3,0.2,0.5,0.00,0.76,0.76,0.00,0.11,0.09,0.11,0.20,0.0,0.0,0.0,0.0,0.0,0.0,0.0,0.0,0.0,0.0,0.0,0.0,0.0,0.0,0.0,0.0,0.0,0.0,0.0,0.0,0.0,0.0,0.0,0.0,4,0,0.0,1.52,0.00,0.00,,20.3,54,80,67.5,731,134,30,37,81.1,18,24,75.0,1,10,10.0,4,5,1,0,5,75,4,2,1,0,6,0,1,1,5,1.91,5,1.91,3,0,0,1,0,1,1,0.38,1,0,0,0,0,0,8,5,0,5,3,4,7,57.1,3,3,0,3,2,10,1,0,2.6,106,2,14,61,33,6,106,5,2,40.0,3,60.0,55,252,88,3,2,1,1,0,59,10,1346,70000
Saman Ghoddos,"MF,DF",Brentford,27,17,4,536.0,6.0,1,1,2,1,0,0,2,0,0.5,0.5,1.2,1.7,0.17,0.17,0.34,0.17,0.08,0.20,0.08,0.28,0.0,0.0,0.0,0.0,0.0,0.0,0.0,0.0,0.0,0.0,0.0,0.0,0.0,0.0,0.0,0.0,0.0,0.0,0.0,0.0,0.0,0.0,0.0,0.0,8,3,37.5,1.34,0.50,0.13,0.33,20.4,143,216,66.2,2264,747,79,105,75.2,50,66,75.8,11,32,34.4,6,11,11,3,25,189,26,12,2,2,21,4,8,1,27,4.53,27,4.53,19,0,0,3,3,2,2,0.34,1,0,0,0,1,0,17,10,8,6,3,9,15,60.0,6,2,0,2,3,20,16,0,6.0,296,17,60,125,118,19,296,7,5,71.4,2,28.6,147,591,337,7,3,1,14,4,159,40,15000,780000
Samir Santos,DF,Watford,26,19,19,1673.0,18.6,0,0,0,0,0,0,4,0,0.5,0.5,0.1,0.6,0.00,0.00,0.00,0.00,0.03,0.00,0.03,0.03,0.0,0.0,0.0,0.0,0.0,0.0,0.0,0.0,0.0,0.0,0.0,0.0,0.0,0.0,0.0,0.0,0.0,0.0,0.0,0.0,0.0,0.0,0.0,0.0,8,2,25.0,0.43,0.11,0.00,0.00,13.0,538,669,80.4,10401,3673,185,202,91.6,292,328,89.0,55,125,44.0,2,27,2,0,24,655,12,12,0,5,0,0,0,2,7,0.38,7,0.38,4,0,0,2,1,0,0,0.00,0,0,0,0,0,0,24,11,18,6,0,8,19,42.1,11,21,11,10,43,67,85,3,18.6,872,118,549,311,18,10,872,3,2,66.7,1,33.3,405,1676,843,1,4,1,6,3,452,2,11731,610000
Samuel Kalu,FW,Watford,23,4,2,222.0,2.5,0,0,0,0,0,0,0,0,0.4,0.4,0.1,0.5,0.00,0.00,0.00,0.00,0.16,0.04,0.16,0.20,0.0,0.0,0.0,0.0,0.0,0.0,0.0,0.0,0.0,0.0,0.0,0.0,0.0,0.0,0.0,0.0,0.0,0.0,0.0,0.0,0.0,0.0,0.0,0.0,4,1,25.0,1.62,0.41,0.00,0.00,22.3,56,69,81.2,771,196,40,44,90.9,11,14,78.6,3,8,37.5,1,3,3,0,8,63,6,4,0,0,8,0,2,0,7,2.84,7,2.84,4,0,0,0,2,1,1,0.41,0,0,0,0,1,0,2,2,0,2,0,1,1,100.0,0,2,0,2,3,5,3,0,2.5,98,4,16,32,52,6,98,10,4,40.0,6,60.0,57,307,140,7,5,3,7,5,70,18,14038,730000
Saïd Benrahma,"FW,MF",West Ham,25,32,26,2168.0,24.1,8,6,14,8,0,0,0,0,4.8,4.8,3.7,8.5,0.33,0.25,0.58,0.33,0.20,0.15,0.20,0.35,0.0,0.0,0.0,0.0,0.0,0.0,0.0,0.0,0.0,0.0,0.0,0.0,0.0,0.0,0.0,0.0,0.0,0.0,0.0,0.0,0.0,0.0,0.0,0.0,63,20,31.7,2.62,0.83,0.13,0.40,19.6,632,841,75.1,8891,2023,367,432,85.0,191,250,76.4,32,68,47.1,32,37,29,10,73,813,27,4,5,5,74,4,1,1,75,3.11,75,3.11,58,0,7,7,3,0,8,0.33,7,0,0,1,0,0,28,17,16,9,3,15,38,39.5,23,17,1,16,9,37,8,0,24.1,1121,12,136,422,577,87,1121,80,37,46.3,43,53.8,725,4411,2034,73,42,26,62,30,807,222,20000,1040000
Saúl Ñíguez,"DF,MF",Chelsea,26,10,5,480.0,5.3,0,0,0,0,0,0,1,0,0.3,0.3,0.5,0.9,0.00,0.00,0.00,0.00,0.07,0.10,0.07,0.16,0.0,0.0,0.0,0.0,0.0,0.0,0.0,0.0,0.0,0.0,0.0,0.0,0.0,0.0,0.0,0.0,0.0,0.0,0.0,0.0,0.0,0.0,0.0,0.0,5,1,20.0,0.94,0.19,0.00,0.00,23.1,306,353,86.7,4777,1025,168,185,90.8,108,122,88.5,20,29,69.0,3,15,2,2,15,329,24,6,0,1,10,18,0,0,7,1.31,7,1.31,6,0,0,1,0,0,0,0.00,0,0,0,0,0,0,20,9,11,9,0,9,16,56.3,7,14,3,11,7,27,10,1,5.3,430,11,110,219,102,13,430,3,2,66.7,1,33.3,202,887,351,4,4,1,9,11,297,27,198269,10310000
Scott McTominay,MF,Manchester Utd,24,30,28,2387.0,26.5,1,1,2,1,0,0,9,0,1.4,1.4,1.5,2.9,0.04,0.04,0.08,0.04,0.05,0.06,0.05,0.11,0.0,0.0,0.0,0.0,0.0,0.0,0.0,0.0,0.0,0.0,0.0,0.0,0.0,0.0,0.0,0.0,0.0,0.0,0.0,0.0,0.0,0.0,0.0,0.0,27,7,25.9,1.02,0.26,0.04,0.14,20.9,1060,1254,84.5,18096,5343,492,561,87.7,427,482,88.6,108,134,80.6,23,113,9,2,125,1216,32,30,1,14,13,2,0,6,51,1.92,51,1.92,43,0,3,1,2,2,6,0.23,4,0,0,1,0,1,65,33,32,24,9,30,61,49.2,31,45,10,35,31,96,60,1,26.5,1585,92,386,919,297,27,1585,47,36,76.6,11,23.4,902,5275,2529,40,36,3,44,32,997,37,60000,3120000
Sead Kolašinac,DF,Arsenal,28,2,1,91.0,1.0,0,0,0,0,0,0,1,0,0.0,0.0,0.0,0.0,0.00,0.00,0.00,0.00,0.00,0.00,0.00,0.00,0.0,0.0,0.0,0.0,0.0,0.0,0.0,0.0,0.0,0.0,0.0,0.0,0.0,0.0,0.0,0.0,0.0,0.0,0.0,0.0,0.0,0.0,0.0,0.0,0,0,,0.00,0.00,,,,13,16,81.3,215,49,5,6,83.3,7,9,77.8,0,0,,0,1,0,0,0,14,2,0,0,0,0,2,0,0,0,0.00,0,0.00,0,0,0,0,0,0,0,0.00,0,0,0,0,0,0,0,0,0,0,0,0,0,,0,0,0,0,4,4,1,0,1.0,23,2,13,10,0,0,23,0,0,,0,,12,21,2,0,0,0,0,0,10,0,100000,5200000
Sean Longstaff,MF,Newcastle Utd,23,24,15,1464.0,16.3,1,1,2,1,0,0,1,0,0.7,0.7,0.8,1.6,0.06,0.06,0.12,0.06,0.05,0.05,0.05,0.10,0.0,0.0,0.0,0.0,0.0,0.0,0.0,0.0,0.0,0.0,0.0,0.0,0.0,0.0,0.0,0.0,0.0,0.0,0.0,0.0,0.0,0.0,0.0,0.0,15,2,13.3,0.92,0.12,0.07,0.50,26.0,481,604,79.6,8348,2303,229,271,84.5,177,200,88.5,52,89,58.4,7,44,4,0,43,571,31,14,1,12,11,1,1,2,26,1.60,26,1.60,22,2,0,1,0,1,3,0.18,2,1,0,0,0,0,54,34,18,31,5,24,65,36.9,41,18,6,12,9,63,18,0,16.3,775,43,201,439,138,14,775,11,6,54.5,5,45.5,372,1366,429,2,7,1,22,18,430,15,962,50000
Sergi Canós,"DF,FW",Brentford,24,31,25,2083.0,23.1,3,2,5,3,0,0,8,1,3.0,3.0,1.7,4.6,0.13,0.09,0.22,0.13,0.13,0.07,0.13,0.20,0.0,0.0,0.0,0.0,0.0,0.0,0.0,0.0,0.0,0.0,0.0,0.0,0.0,0.0,0.0,0.0,0.0,0.0,0.0,0.0,0.0,0.0,0.0,0.0,33,12,36.4,1.43,0.52,0.09,0.25,16.3,449,774,58.0,7092,2936,253,316,80.1,140,235,59.6,38,134,28.4,17,47,24,9,59,726,46,10,5,3,87,17,17,2,37,1.60,37,1.60,29,3,3,2,0,0,5,0.22,3,1,0,1,0,0,56,25,32,15,9,33,60,55.0,27,32,3,29,22,78,38,0,23.1,1070,64,303,444,339,50,1070,50,23,46.0,27,54.0,581,3331,1833,52,44,12,47,25,601,100,15000,780000
Sergio Reguilón,"DF,MF",Tottenham,24,25,22,1916.0,21.3,2,3,5,2,0,0,4,0,3.0,3.0,3.3,6.4,0.09,0.14,0.23,0.09,0.14,0.16,0.14,0.30,0.0,0.0,0.0,0.0,0.0,0.0,0.0,0.0,0.0,0.0,0.0,0.0,0.0,0.0,0.0,0.0,0.0,0.0,0.0,0.0,0.0,0.0,0.0,0.0,21,9,42.9,0.99,0.42,0.10,0.22,15.2,750,994,75.5,11784,3362,394,453,87.0,271,355,76.3,54,99,54.5,29,35,31,21,50,831,159,14,1,10,84,135,10,4,58,2.72,58,2.72,44,2,4,4,3,1,5,0.23,5,0,0,0,0,0,40,24,15,18,7,22,43,51.2,21,20,8,12,31,71,45,1,21.3,1239,67,341,480,430,48,1239,46,19,41.3,27,58.7,647,3546,1793,63,36,18,30,13,753,144,53000,2756000
Shandon Baptiste,MF,Brentford,23,22,9,910.0,10.1,1,0,1,1,0,0,2,1,0.7,0.7,0.5,1.3,0.10,0.00,0.10,0.10,0.07,0.05,0.07,0.12,0.0,0.0,0.0,0.0,0.0,0.0,0.0,0.0,0.0,0.0,0.0,0.0,0.0,0.0,0.0,0.0,0.0,0.0,0.0,0.0,0.0,0.0,0.0,0.0,12,4,33.3,1.19,0.40,0.08,0.25,20.1,257,308,83.4,3885,900,140,156,89.7,85,99,85.9,17,30,56.7,9,21,6,1,35,305,3,1,0,0,8,2,0,0,21,2.07,21,2.07,16,0,4,1,0,0,1,0.10,1,0,0,0,0,0,14,4,9,4,1,6,15,40.0,9,10,0,10,11,25,12,0,10.1,418,15,83,216,126,15,418,28,19,67.9,9,32.1,252,1225,603,14,13,4,21,12,269,29,11923,620000
Shane Duffy,DF,Brighton,29,18,15,1436.0,16.0,1,0,1,1,0,0,7,0,1.0,1.0,0.2,1.2,0.06,0.00,0.06,0.06,0.06,0.01,0.06,0.07,0.0,0.0,0.0,0.0,0.0,0.0,0.0,0.0,0.0,0.0,0.0,0.0,0.0,0.0,0.0,0.0,0.0,0.0,0.0,0.0,0.0,0.0,0.0,0.0,22,5,22.7,1.38,0.31,0.05,0.20,11.3,906,1039,87.2,18829,5992,249,277,89.9,535,572,93.5,117,177,66.1,4,50,1,0,41,1018,20,12,0,10,1,8,0,1,9,0.56,9,0.56,7,0,0,2,0,0,1,0.06,0,0,0,1,0,0,15,12,12,3,0,8,14,57.1,6,24,18,6,16,31,76,1,16.0,1218,189,678,492,52,31,1218,1,1,100.0,0,0.0,627,2379,1312,3,7,0,7,0,851,3,40000,2080000
Shane Long,FW,Southampton,34,13,3,308.0,3.4,1,0,1,1,0,0,1,0,0.9,0.9,0.1,1.0,0.29,0.00,0.29,0.29,0.25,0.04,0.25,0.30,0.0,0.0,0.0,0.0,0.0,0.0,0.0,0.0,0.0,0.0,0.0,0.0,0.0,0.0,0.0,0.0,0.0,0.0,0.0,0.0,0.0,0.0,0.0,0.0,9,5,55.6,2.63,1.46,0.11,0.20,11.3,43,72,59.7,411,97,32,46,69.6,5,11,45.5,0,1,0.0,2,4,1,0,3,72,0,0,0,0,1,0,0,0,5,1.46,5,1.46,2,0,0,0,3,0,0,0.00,0,0,0,0,0,0,9,5,2,4,3,1,1,100.0,0,4,0,4,0,9,2,0,3.4,129,2,8,47,75,18,129,4,1,25.0,3,75.0,61,247,68,5,3,2,12,11,104,24,60000,3120000
Shola Shoretire,MF,Manchester Utd,17,1,0,16.0,0.2,0,0,0,0,0,0,0,0,0.0,0.0,0.0,0.0,0.00,0.00,0.00,0.00,0.00,0.00,0.00,0.00,0.0,0.0,0.0,0.0,0.0,0.0,0.0,0.0,0.0,0.0,0.0,0.0,0.0,0.0,0.0,0.0,0.0,0.0,0.0,0.0,0.0,0.0,0.0,0.0,0,0,,0.00,0.00,,,,5,5,100.0,69,14,2,2,100.0,1,1,100.0,1,1,100.0,0,0,0,0,0,5,0,0,0,0,0,0,0,0,0,0.00,0,0.00,0,0,0,0,0,0,0,0.00,0,0,0,0,0,0,0,0,0,0,0,0,0,,0,0,0,0,0,0,0,0,0.2,6,1,2,0,4,0,6,0,0,,0,,3,17,3,0,0,0,0,0,3,1,0.0,0.0
Solly March,"DF,FW",Brighton,27,31,17,1746.0,19.4,0,2,2,0,0,0,1,0,1.2,1.2,2.3,3.5,0.00,0.10,0.10,0.00,0.06,0.12,0.06,0.18,0.0,0.0,0.0,0.0,0.0,0.0,0.0,0.0,0.0,0.0,0.0,0.0,0.0,0.0,0.0,0.0,0.0,0.0,0.0,0.0,0.0,0.0,0.0,0.0,20,10,50.0,1.03,0.52,0.00,0.00,18.3,556,771,72.1,9536,2619,291,348,83.6,178,245,72.7,67,115,58.3,35,30,33,8,69,683,88,14,1,13,94,39,34,0,71,3.66,71,3.66,44,14,7,0,4,2,3,0.15,2,0,0,0,1,0,30,17,11,9,10,7,22,31.8,15,22,3,19,17,47,25,0,19.4,961,45,149,336,488,60,961,38,23,60.5,15,39.5,545,3555,1747,71,30,20,26,29,608,148,30000,1560000
Son Heung-min,"MF,FW",Tottenham,29,35,35,3006.0,33.4,23,7,30,23,0,0,2,0,15.9,15.9,7.5,23.4,0.69,0.21,0.90,0.69,0.48,0.22,0.48,0.70,0.0,0.0,0.0,0.0,0.0,0.0,0.0,0.0,0.0,0.0,0.0,0.0,0.0,0.0,0.0,0.0,0.0,0.0,0.0,0.0,0.0,0.0,0.0,0.0,86,48,55.8,2.57,1.44,0.27,0.48,15.7,928,1219,76.1,12453,3148,569,623,91.3,239,316,75.6,48,151,31.8,72,33,42,4,90,1007,207,37,2,3,192,7,157,5,135,4.04,135,4.04,82,35,2,9,6,1,13,0.39,7,3,0,0,3,0,15,6,5,7,3,5,23,21.7,18,27,6,21,13,28,8,0,33.4,1545,15,146,564,867,146,1545,92,51,55.4,40,43.5,912,6351,3123,116,68,50,75,46,1078,242,192000,9984000
Sonny Perkins,MF,West Ham,17,1,0,4.0,0.0,0,0,0,0,0,0,0,0,0.0,0.0,0.0,0.0,0.00,0.00,0.00,0.00,0.00,0.00,0.00,0.00,0.0,0.0,0.0,0.0,0.0,0.0,0.0,0.0,0.0,0.0,0.0,0.0,0.0,0.0,0.0,0.0,0.0,0.0,0.0,0.0,0.0,0.0,0.0,0.0,0,0,,0.00,0.00,,,,0,1,0.0,0,0,0,1,0.0,0,0,,0,0,,0,0,0,0,0,1,0,0,0,0,0,0,0,0,0,0.00,0,0.00,0,0,0,0,0,0,0,0.00,0,0,0,0,0,0,0,0,0,0,0,0,0,,0,0,0,0,0,0,0,0,0.0,1,0,0,1,0,0,1,0,0,,0,,0,0,0,0,0,0,0,0,1,0,0.0,0.0
Steven Alzate,MF,Brighton,22,9,5,404.0,4.5,0,0,0,0,0,0,0,0,0.1,0.1,0.2,0.2,0.00,0.00,0.00,0.00,0.02,0.03,0.02,0.05,0.0,0.0,0.0,0.0,0.0,0.0,0.0,0.0,0.0,0.0,0.0,0.0,0.0,0.0,0.0,0.0,0.0,0.0,0.0,0.0,0.0,0.0,0.0,0.0,1,1,100.0,0.22,0.22,0.00,0.00,16.1,204,233,87.6,3213,865,105,116,90.5,72,78,92.3,17,24,70.8,2,18,1,0,21,230,3,2,1,0,0,1,0,0,6,1.34,6,1.34,6,0,0,0,0,0,1,0.22,1,0,0,0,0,0,10,4,4,5,1,4,7,57.1,3,2,1,1,10,20,10,0,4.5,292,14,79,165,50,3,292,8,6,75.0,2,25.0,148,650,330,3,7,1,8,3,177,6,15000,780000
Steven Bergwijn,"FW,MF",Tottenham,23,25,4,565.0,6.3,3,1,4,3,0,0,1,0,2.5,2.5,0.9,3.5,0.48,0.16,0.64,0.48,0.40,0.15,0.40,0.55,0.0,0.0,0.0,0.0,0.0,0.0,0.0,0.0,0.0,0.0,0.0,0.0,0.0,0.0,0.0,0.0,0.0,0.0,0.0,0.0,0.0,0.0,0.0,0.0,19,10,52.6,3.03,1.59,0.16,0.30,16.3,144,177,81.4,1756,392,98,113,86.7,30,38,78.9,4,7,57.1,8,9,6,0,17,171,6,1,1,0,8,4,1,0,21,3.35,21,3.35,15,1,2,1,2,0,3,0.48,1,0,1,0,1,0,3,2,2,1,0,1,10,10.0,9,3,0,3,1,4,8,0,6.3,258,5,33,91,142,40,258,20,10,50.0,10,50.0,171,1294,728,26,16,10,28,14,203,53,75000,3900000
Stuart Armstrong,MF,Southampton,29,25,15,1473.0,16.4,2,0,2,2,0,0,1,0,2.5,2.5,1.5,4.0,0.12,0.00,0.12,0.12,0.15,0.09,0.15,0.24,0.0,0.0,0.0,0.0,0.0,0.0,0.0,0.0,0.0,0.0,0.0,0.0,0.0,0.0,0.0,0.0,0.0,0.0,0.0,0.0,0.0,0.0,0.0,0.0,38,9,23.7,2.32,0.55,0.05,0.22,20.5,590,744,79.3,8618,2144,321,386,83.2,217,250,86.8,25,42,59.5,25,46,23,4,83,701,40,3,3,2,35,8,2,3,54,3.30,54,3.30,42,2,2,3,4,1,3,0.18,1,0,1,0,1,0,27,19,15,6,6,9,23,39.1,14,10,1,9,8,35,15,0,16.4,946,22,124,408,428,41,946,54,27,50.0,27,50.0,595,4052,1934,63,50,12,40,27,661,78,50000,2600000
Stuart Dallas,"DF,MF",Leeds United,30,34,34,2919.0,32.4,1,1,2,1,0,0,5,0,1.9,1.9,2.3,4.1,0.03,0.03,0.06,0.03,0.06,0.07,0.06,0.13,0.0,0.0,0.0,0.0,0.0,0.0,0.0,0.0,0.0,0.0,0.0,0.0,0.0,0.0,0.0,0.0,0.0,0.0,0.0,0.0,0.0,0.0,0.0,0.0,30,8,26.7,0.92,0.25,0.03,0.13,21.7,1306,1685,77.5,20351,7389,730,812,89.9,440,539,81.6,99,227,43.6,31,108,24,5,170,1355,322,45,7,9,101,224,53,8,74,2.28,74,2.28,46,18,4,1,3,2,3,0.09,2,0,0,0,0,1,93,55,58,31,4,56,105,53.3,49,45,14,31,57,150,63,2,32.4,2056,103,665,923,504,28,2056,43,29,67.4,14,32.6,985,5629,3146,82,53,8,39,25,1113,79,8000,416000
Stuart McKinstry,MF,Leeds United,18,1,0,4.0,0.0,0,0,0,0,0,0,0,0,0.0,0.0,0.0,0.0,0.00,0.00,0.00,0.00,0.00,0.00,0.00,0.00,0.0,0.0,0.0,0.0,0.0,0.0,0.0,0.0,0.0,0.0,0.0,0.0,0.0,0.0,0.0,0.0,0.0,0.0,0.0,0.0,0.0,0.0,0.0,0.0,0,0,,0.00,0.00,,,,2,3,66.7,28,0,1,1,100.0,1,2,50.0,0,0,,0,0,0,0,0,3,0,0,0,0,0,0,0,0,0,0.00,0,0.00,0,0,0,0,0,0,0,0.00,0,0,0,0,0,0,0,0,0,0,0,0,0,,0,0,0,0,0,0,0,0,0.0,5,0,1,4,0,0,5,0,0,,0,,3,14,12,0,0,0,0,0,3,1,0.0,0.0
Séamus Coleman,DF,Everton,32,30,30,2656.0,29.5,1,0,1,1,0,0,4,0,1.2,1.2,0.8,2.0,0.03,0.00,0.03,0.03,0.04,0.03,0.04,0.07,0.0,0.0,0.0,0.0,0.0,0.0,0.0,0.0,0.0,0.0,0.0,0.0,0.0,0.0,0.0,0.0,0.0,0.0,0.0,0.0,0.0,0.0,0.0,0.0,8,1,12.5,0.27,0.03,0.13,1.00,18.3,914,1255,72.8,14739,6578,497,569,87.3,316,447,70.7,76,168,45.2,13,86,26,13,96,981,269,11,0,5,41,258,0,5,47,1.59,47,1.59,37,3,2,2,3,0,5,0.17,3,0,0,0,2,0,61,36,35,16,10,33,51,64.7,18,30,11,19,32,93,80,2,29.5,1549,123,501,733,335,32,1549,49,34,69.4,15,30.6,697,3773,1872,40,30,4,30,20,713,77,70000,3640000
Takehiro Tomiyasu,DF,Arsenal,22,21,20,1679.0,18.7,0,1,1,0,0,0,2,0,0.6,0.6,1.0,1.6,0.00,0.05,0.05,0.00,0.03,0.05,0.03,0.09,0.0,0.0,0.0,0.0,0.0,0.0,0.0,0.0,0.0,0.0,0.0,0.0,0.0,0.0,0.0,0.0,0.0,0.0,0.0,0.0,0.0,0.0,0.0,0.0,11,2,18.2,0.59,0.11,0.00,0.00,17.1,888,1098,80.9,14779,5387,441,497,88.7,375,449,83.5,57,107,53.3,13,91,17,12,96,936,158,16,1,6,31,142,0,4,34,1.82,34,1.82,32,0,1,0,0,1,4,0.21,4,0,0,0,0,0,35,17,19,13,3,21,32,65.6,11,22,3,19,24,59,64,2,18.7,1310,73,402,632,285,20,1310,15,9,60.0,6,40.0,633,3064,1472,32,26,4,27,12,743,41,55962,2910000
Takumi Minamino,"FW,MF",Liverpool,26,11,1,186.0,2.1,3,0,3,3,0,0,1,0,1.6,1.6,0.5,2.2,1.45,0.00,1.45,1.45,0.79,0.25,0.79,1.04,0.0,0.0,0.0,0.0,0.0,0.0,0.0,0.0,0.0,0.0,0.0,0.0,0.0,0.0,0.0,0.0,0.0,0.0,0.0,0.0,0.0,0.0,0.0,0.0,7,4,57.1,3.39,1.94,0.43,0.75,15.2,58,69,84.1,648,146,42,45,93.3,10,15,66.7,2,2,100.0,2,6,3,0,5,68,0,0,1,0,0,0,0,1,8,3.87,8,3.87,6,0,0,0,1,1,1,0.48,1,0,0,0,0,0,3,2,1,1,1,2,8,25.0,6,2,0,2,1,4,2,0,2.1,93,1,8,36,50,9,93,5,1,20.0,4,80.0,58,241,92,2,1,2,2,5,75,15,75000,3900000
Tanguy Ndombele,MF,Tottenham,24,9,6,484.0,5.4,1,1,2,1,0,0,1,0,0.4,0.4,0.4,0.8,0.19,0.19,0.37,0.19,0.08,0.07,0.08,0.16,0.0,0.0,0.0,0.0,0.0,0.0,0.0,0.0,0.0,0.0,0.0,0.0,0.0,0.0,0.0,0.0,0.0,0.0,0.0,0.0,0.0,0.0,0.0,0.0,9,3,33.3,1.67,0.56,0.11,0.33,17.4,230,267,86.1,3175,787,124,136,91.2,78,90,86.7,10,13,76.9,4,22,3,0,21,258,9,2,7,0,3,0,0,0,15,2.79,15,2.79,10,0,1,2,2,0,1,0.19,1,0,0,0,0,0,10,7,3,5,2,1,8,12.5,7,5,0,5,1,11,1,0,5.4,339,5,43,211,92,11,339,20,11,55.0,9,45.0,216,1172,531,14,19,5,20,20,272,25,200000,10400000
Tariq Lamptey,"DF,FW",Brighton,20,30,16,1561.0,17.3,0,2,2,0,0,0,4,0,0.8,0.8,2.6,3.4,0.00,0.12,0.12,0.00,0.05,0.15,0.05,0.20,0.0,0.0,0.0,0.0,0.0,0.0,0.0,0.0,0.0,0.0,0.0,0.0,0.0,0.0,0.0,0.0,0.0,0.0,0.0,0.0,0.0,0.0,0.0,0.0,19,4,21.1,1.10,0.23,0.00,0.00,20.0,593,770,77.0,8281,1729,373,416,89.7,186,252,73.8,19,50,38.0,21,26,24,15,36,703,65,4,2,2,93,61,0,2,54,3.11,54,3.11,37,2,4,3,7,1,3,0.17,3,0,0,0,0,0,36,25,14,17,5,15,25,60.0,10,13,3,10,21,57,23,0,17.3,1008,31,197,378,452,40,1008,61,29,47.5,32,52.5,642,4275,2285,81,51,15,46,21,695,153,35000,1820000
Tariqe Fosu,DF,Brentford,25,1,0,17.0,0.2,0,0,0,0,0,0,0,0,0.0,0.0,0.0,0.0,0.00,0.00,0.00,0.00,0.22,0.00,0.22,0.22,0.0,0.0,0.0,0.0,0.0,0.0,0.0,0.0,0.0,0.0,0.0,0.0,0.0,0.0,0.0,0.0,0.0,0.0,0.0,0.0,0.0,0.0,0.0,0.0,1,1,100.0,5.29,5.29,0.00,0.00,17.0,6,7,85.7,103,13,2,2,100.0,4,5,80.0,0,0,,0,0,0,0,1,7,0,0,0,0,1,0,0,0,1,5.29,1,5.29,0,0,0,1,0,0,0,0.00,0,0,0,0,0,0,0,0,0,0,0,0,0,,0,1,0,1,0,0,0,0,0.2,10,0,0,3,7,3,10,0,0,,0,,7,62,53,3,1,1,0,0,8,4,5000,260000
Taylor Richards,MF,Brighton,20,2,0,25.0,0.3,0,0,0,0,0,0,0,0,0.0,0.0,0.0,0.0,0.00,0.00,0.00,0.00,0.05,0.04,0.05,0.09,0.0,0.0,0.0,0.0,0.0,0.0,0.0,0.0,0.0,0.0,0.0,0.0,0.0,0.0,0.0,0.0,0.0,0.0,0.0,0.0,0.0,0.0,0.0,0.0,1,0,0.0,3.60,0.00,0.00,,24.0,21,27,77.8,346,81,11,14,78.6,8,9,88.9,2,2,100.0,1,2,0,0,3,27,0,0,0,0,0,0,0,0,1,3.60,1,3.60,1,0,0,0,0,0,0,0.00,0,0,0,0,0,0,1,0,0,1,0,1,2,50.0,1,0,0,0,0,1,0,0,0.3,32,0,0,17,15,0,32,1,0,0.0,1,100.0,26,108,48,1,1,0,0,0,26,7,15000,780000
Teemu Pukki,FW,Norwich City,31,37,37,3253.0,36.1,11,3,14,8,3,3,4,0,11.4,9.1,3.8,12.9,0.30,0.08,0.39,0.22,0.32,0.11,0.25,0.36,0.0,0.0,0.0,0.0,0.0,0.0,0.0,0.0,0.0,0.0,0.0,0.0,0.0,0.0,0.0,0.0,0.0,0.0,0.0,0.0,0.0,0.0,0.0,0.0,68,24,35.3,1.88,0.66,0.12,0.33,15.2,399,540,73.9,5175,838,257,308,83.4,94,124,75.8,19,27,70.4,27,21,6,1,34,444,95,0,2,2,13,2,0,1,63,1.74,63,1.74,40,0,8,3,12,0,4,0.11,3,0,0,0,1,0,23,11,2,14,7,6,29,20.7,23,21,1,20,4,27,3,0,36.1,816,8,42,370,416,149,813,60,27,45.0,33,55.0,429,2777,1282,62,27,35,71,42,511,186,25000,1300000
Theo Walcott,"MF,FW",Southampton,32,9,5,379.0,4.2,0,0,0,0,0,0,0,0,0.6,0.6,0.0,0.7,0.00,0.00,0.00,0.00,0.15,0.01,0.15,0.16,0.0,0.0,0.0,0.0,0.0,0.0,0.0,0.0,0.0,0.0,0.0,0.0,0.0,0.0,0.0,0.0,0.0,0.0,0.0,0.0,0.0,0.0,0.0,0.0,6,0,0.0,1.42,0.00,0.00,,16.4,59,87,67.8,759,128,36,43,83.7,15,27,55.6,3,4,75.0,1,2,1,0,5,86,1,0,0,0,5,1,0,0,5,1.19,5,1.19,5,0,0,0,0,0,1,0.24,1,0,0,0,0,0,4,2,2,0,2,1,5,20.0,4,3,0,3,5,9,2,0,4.2,125,3,26,41,60,18,125,3,1,33.3,2,66.7,71,371,109,3,2,3,10,1,86,19,75000,3900000
Thiago Alcántara,MF,Liverpool,30,25,17,1534.0,17.0,1,4,5,1,0,0,2,0,1.9,1.9,2.3,4.2,0.06,0.23,0.29,0.06,0.11,0.14,0.11,0.25,0.0,0.0,0.0,0.0,0.0,0.0,0.0,0.0,0.0,0.0,0.0,0.0,0.0,0.0,0.0,0.0,0.0,0.0,0.0,0.0,0.0,0.0,0.0,0.0,25,6,24.0,1.47,0.35,0.04,0.17,19.3,1340,1508,88.9,24737,7150,573,624,91.8,594,640,92.8,150,190,78.9,29,211,26,1,214,1488,18,10,4,17,4,4,1,2,67,3.93,67,3.93,57,0,1,7,1,1,6,0.35,6,0,0,0,0,0,48,29,14,24,10,10,42,23.8,32,22,2,20,26,74,13,2,17.0,1700,32,247,1106,362,20,1700,32,20,62.5,12,37.5,1039,5003,2393,24,43,1,16,13,1279,45,200000,10400000
Thiago Silva,DF,Chelsea,36,32,28,2650.0,29.4,3,0,3,3,0,0,2,0,0.9,0.9,0.2,1.1,0.10,0.00,0.10,0.10,0.03,0.01,0.03,0.04,0.0,0.0,0.0,0.0,0.0,0.0,0.0,0.0,0.0,0.0,0.0,0.0,0.0,0.0,0.0,0.0,0.0,0.0,0.0,0.0,0.0,0.0,0.0,0.0,18,5,27.8,0.61,0.17,0.17,0.60,12.2,2436,2634,92.5,45456,20402,911,953,95.6,1243,1292,96.2,237,319,74.3,7,197,18,1,145,2565,62,55,1,4,2,3,0,7,33,1.12,33,1.12,26,0,1,4,1,1,1,0.03,0,0,0,0,1,0,32,21,19,12,1,11,22,50.0,11,54,31,23,44,76,100,0,29.4,2902,363,1255,1571,84,24,2902,7,6,85.7,1,14.3,1846,9914,6409,14,24,0,7,3,2168,2,110000,5720000
Thomas Partey,MF,Arsenal,28,24,23,2028.0,22.5,2,1,3,2,0,0,6,0,2.8,2.8,1.0,3.8,0.09,0.04,0.13,0.09,0.12,0.05,0.12,0.17,0.0,0.0,0.0,0.0,0.0,0.0,0.0,0.0,0.0,0.0,0.0,0.0,0.0,0.0,0.0,0.0,0.0,0.0,0.0,0.0,0.0,0.0,0.0,0.0,44,9,20.5,1.95,0.40,0.05,0.22,22.5,1032,1214,85.0,18440,5553,452,501,90.2,453,511,88.6,114,158,72.2,17,120,12,0,119,1186,24,22,9,12,3,2,0,4,61,2.71,61,2.71,49,0,5,4,3,0,4,0.18,3,0,0,1,0,0,43,29,22,17,4,18,44,40.9,26,22,4,18,23,66,35,2,22.5,1447,62,373,828,262,22,1447,43,35,81.4,8,18.6,807,3830,1971,20,29,1,34,17,1012,11,200000,10400000
Tim Iroegbunam,MF,Aston Villa,18,3,1,92.0,1.0,0,0,0,0,0,0,1,0,0.1,0.1,0.0,0.1,0.00,0.00,0.00,0.00,0.11,0.00,0.11,0.11,0.0,0.0,0.0,0.0,0.0,0.0,0.0,0.0,0.0,0.0,0.0,0.0,0.0,0.0,0.0,0.0,0.0,0.0,0.0,0.0,0.0,0.0,0.0,0.0,1,0,0.0,0.98,0.00,0.00,,11.2,22,27,81.5,288,155,14,18,77.8,8,9,88.9,0,0,,0,3,0,0,4,27,0,0,0,0,0,0,0,0,0,0.00,0,0.00,0,0,0,0,0,0,0,0.00,0,0,0,0,0,0,5,4,2,3,0,1,1,100.0,0,0,0,0,2,7,1,0,1.0,36,1,7,26,3,1,36,0,0,,0,,16,109,60,1,0,0,0,0,14,0,0.0,0.0
Tim Krul,GK,Norwich City,33,29,29,2610.0,29.0,0,0,0,0,0,0,1,0,0.0,0.0,0.6,0.6,0.00,0.00,0.00,0.00,0.00,0.02,0.00,0.02,2.14,165,105,66.7,5,17.2,48.3,0.27,134,399,33.6,847,168,34.5,34.3,224,47.8,40.1,442,14,3.2,19,0.66,12.6,0,0,,0.00,0.00,,,,759,1073,70.7,21441,14060,104,105,99.0,370,382,96.9,284,583,48.7,1,7,1,0,1,741,330,106,1,4,0,0,0,2,6,0.21,6,0.21,3,3,0,0,0,0,0,0.00,0,0,0,0,0,0,1,1,1,0,0,1,4,25.0,3,0,0,0,0,1,10,4,29.0,1149,953,1128,21,1,0,1149,0,0,,0,,621,3149,2036,0,0,0,1,0,506,0,25000,1300000
Timo Werner,"FW,MF",Chelsea,25,21,15,1283.0,14.3,4,1,5,4,0,0,1,0,6.8,6.8,0.3,7.1,0.28,0.07,0.35,0.28,0.48,0.02,0.48,0.50,0.0,0.0,0.0,0.0,0.0,0.0,0.0,0.0,0.0,0.0,0.0,0.0,0.0,0.0,0.0,0.0,0.0,0.0,0.0,0.0,0.0,0.0,0.0,0.0,45,16,35.6,3.16,1.12,0.09,0.25,13.3,297,402,73.9,3577,478,197,230,85.7,69,92,75.0,8,16,50.0,8,9,9,1,18,386,14,1,3,1,23,5,1,2,30,2.10,30,2.10,23,0,2,5,0,0,5,0.35,4,0,0,1,0,0,8,4,3,3,2,2,20,10.0,18,9,0,9,2,10,4,0,14.3,550,2,31,170,357,110,550,33,10,30.3,23,69.7,323,2246,1009,46,17,29,34,19,442,144,271923,14140000
Timothy Castagne,DF,Leicester City,25,27,22,2127.0,23.6,1,0,1,1,0,0,1,0,0.7,0.7,1.5,2.2,0.04,0.00,0.04,0.04,0.03,0.06,0.03,0.09,0.0,0.0,0.0,0.0,0.0,0.0,0.0,0.0,0.0,0.0,0.0,0.0,0.0,0.0,0.0,0.0,0.0,0.0,0.0,0.0,0.0,0.0,0.0,0.0,7,3,42.9,0.30,0.13,0.14,0.33,15.2,1077,1330,81.0,16391,5539,611,694,88.0,393,467,84.2,56,101,55.4,15,66,14,8,72,1132,195,10,0,1,40,185,0,3,27,1.14,27,1.14,25,2,0,0,0,0,1,0.04,1,0,0,0,0,0,67,31,38,22,7,27,43,62.8,16,28,9,19,29,96,54,1,23.6,1600,98,551,757,295,21,1600,19,6,31.6,13,68.4,781,3239,1657,32,22,0,27,11,947,115,63000,3276000
Todd Cantwell,"FW,MF",Norwich City,23,8,5,441.0,4.9,0,0,0,0,0,0,2,0,0.1,0.1,0.1,0.3,0.00,0.00,0.00,0.00,0.03,0.03,0.03,0.06,0.0,0.0,0.0,0.0,0.0,0.0,0.0,0.0,0.0,0.0,0.0,0.0,0.0,0.0,0.0,0.0,0.0,0.0,0.0,0.0,0.0,0.0,0.0,0.0,5,0,0.0,1.02,0.00,0.00,,28.5,130,157,82.8,1766,386,84,93,90.3,35,43,81.4,5,10,50.0,2,13,2,0,10,148,9,5,4,1,3,3,0,0,10,2.04,10,2.04,9,0,0,0,1,0,1,0.20,1,0,0,0,0,0,15,13,8,6,1,6,17,35.3,11,2,0,2,3,18,2,0,4.9,205,4,48,102,56,5,205,10,5,50.0,5,50.0,128,604,200,2,5,1,15,8,143,17,25000,1300000
Tom Cleverley,MF,Watford,31,28,20,1616.0,18.0,0,2,2,0,0,0,2,0,0.7,0.7,2.1,2.8,0.00,0.11,0.11,0.00,0.04,0.12,0.04,0.15,0.0,0.0,0.0,0.0,0.0,0.0,0.0,0.0,0.0,0.0,0.0,0.0,0.0,0.0,0.0,0.0,0.0,0.0,0.0,0.0,0.0,0.0,0.0,0.0,12,7,58.3,0.67,0.39,0.00,0.00,21.0,479,658,72.8,7468,2178,239,280,85.4,169,212,79.7,40,109,36.7,20,42,8,5,64,569,87,27,1,3,54,6,32,2,36,2.00,36,2.00,22,10,0,1,3,0,3,0.17,2,1,0,0,0,0,37,20,19,17,1,18,33,54.5,15,23,6,17,18,55,19,3,18.0,803,34,176,394,241,10,803,6,3,50.0,3,50.0,348,1052,397,8,13,5,16,16,440,40,50000,2600000
Tom Davies,MF,Everton,23,6,2,234.0,2.6,1,0,1,1,0,0,1,0,0.8,0.8,0.0,0.8,0.38,0.00,0.38,0.38,0.32,0.00,0.32,0.32,0.0,0.0,0.0,0.0,0.0,0.0,0.0,0.0,0.0,0.0,0.0,0.0,0.0,0.0,0.0,0.0,0.0,0.0,0.0,0.0,0.0,0.0,0.0,0.0,6,2,33.3,2.31,0.77,0.17,0.50,17.3,60,82,73.2,822,261,35,38,92.1,18,24,75.0,2,6,33.3,0,4,1,0,7,81,0,0,1,0,0,0,0,1,5,1.91,5,1.91,4,0,0,1,0,0,0,0.00,0,0,0,0,0,0,3,1,1,1,1,2,5,40.0,3,2,1,1,2,5,9,0,2.6,124,10,31,62,32,9,124,3,2,66.7,1,33.3,59,206,79,1,0,1,6,1,68,3,25000,1300000
Tomáš Souček,MF,West Ham,26,35,34,3062.0,34.0,5,1,6,5,0,0,3,0,5.5,4.8,2.2,7.0,0.15,0.03,0.18,0.15,0.16,0.06,0.14,0.20,0.0,0.0,0.0,0.0,0.0,0.0,0.0,0.0,0.0,0.0,0.0,0.0,0.0,0.0,0.0,0.0,0.0,0.0,0.0,0.0,0.0,0.0,0.0,0.0,45,11,24.4,1.32,0.32,0.11,0.45,12.8,1036,1361,76.1,17344,4438,510,638,79.9,403,495,81.4,91,134,67.9,21,105,12,2,141,1337,24,20,0,21,13,4,0,0,42,1.23,42,1.23,36,0,0,3,2,1,4,0.12,4,0,0,0,0,0,66,32,27,33,6,28,65,43.1,37,34,13,21,52,118,98,1,34.0,1759,151,468,963,340,86,1759,16,10,62.5,6,37.5,802,3715,1522,36,24,3,40,16,1026,54,67308,3500000
Tony Springett,"MF,FW",Norwich City,18,3,1,141.0,1.6,0,0,0,0,0,0,1,0,0.2,0.2,0.5,0.7,0.00,0.00,0.00,0.00,0.11,0.34,0.11,0.45,0.0,0.0,0.0,0.0,0.0,0.0,0.0,0.0,0.0,0.0,0.0,0.0,0.0,0.0,0.0,0.0,0.0,0.0,0.0,0.0,0.0,0.0,0.0,0.0,1,1,100.0,0.64,0.64,0.00,0.00,12.9,25,38,65.8,348,78,16,22,72.7,9,10,90.0,0,2,0.0,2,1,1,1,2,38,0,0,0,0,2,0,0,0,3,1.91,3,1.91,2,0,0,1,0,0,0,0.00,0,0,0,0,0,0,2,1,1,1,0,1,4,25.0,3,0,0,0,0,2,2,0,1.6,52,2,15,22,18,5,52,2,1,50.0,1,50.0,39,324,203,8,2,3,2,3,39,11,0.0,0.0
Toti Gomes,DF,Wolves,22,4,4,360.0,4.0,0,0,0,0,0,0,1,0,0.0,0.0,0.0,0.0,0.00,0.00,0.00,0.00,0.01,0.00,0.01,0.01,0.0,0.0,0.0,0.0,0.0,0.0,0.0,0.0,0.0,0.0,0.0,0.0,0.0,0.0,0.0,0.0,0.0,0.0,0.0,0.0,0.0,0.0,0.0,0.0,1,0,0.0,0.25,0.00,0.00,,9.4,153,203,75.4,2485,981,75,91,82.4,67,79,84.8,8,27,29.6,0,12,0,0,7,200,3,2,0,0,1,1,0,0,0,0.00,0,0.00,0,0,0,0,0,0,0,0.00,0,0,0,0,0,0,11,7,10,1,0,7,9,77.8,2,6,3,3,8,19,15,0,4.0,255,30,114,126,18,4,255,6,5,83.3,1,16.7,148,783,474,2,3,1,3,2,153,2,2692,140000
Trent Alexander-Arnold,DF,Liverpool,22,32,32,2853.0,31.7,2,12,14,2,0,0,2,0,2.4,2.4,12.0,14.4,0.06,0.38,0.44,0.06,0.07,0.38,0.07,0.46,0.0,0.0,0.0,0.0,0.0,0.0,0.0,0.0,0.0,0.0,0.0,0.0,0.0,0.0,0.0,0.0,0.0,0.0,0.0,0.0,0.0,0.0,0.0,0.0,51,15,29.4,1.61,0.47,0.04,0.13,24.0,2039,2757,74.0,40112,15683,841,964,87.2,811,1048,77.4,344,636,54.1,90,245,85,25,267,2204,548,93,17,69,273,324,131,5,160,5.05,160,5.05,96,53,3,7,1,0,18,0.57,13,4,0,1,0,0,40,23,19,13,8,27,60,45.0,33,22,4,18,43,83,40,0,31.7,3036,71,602,1386,1070,83,3036,39,19,48.7,20,51.3,1504,5687,2824,53,55,14,41,19,1897,201,180000,9360000
Trevoh Chalobah,DF,Chelsea,22,20,17,1449.0,16.1,3,1,4,3,0,0,2,0,1.1,1.1,0.3,1.4,0.19,0.06,0.25,0.19,0.07,0.02,0.07,0.09,0.0,0.0,0.0,0.0,0.0,0.0,0.0,0.0,0.0,0.0,0.0,0.0,0.0,0.0,0.0,0.0,0.0,0.0,0.0,0.0,0.0,0.0,0.0,0.0,9,7,77.8,0.56,0.43,0.33,0.43,18.8,1158,1283,90.3,18559,5304,564,607,92.9,517,548,94.3,60,94,63.8,4,106,6,0,88,1246,36,27,3,3,4,9,0,1,14,0.87,14,0.87,12,0,0,1,1,0,2,0.12,2,0,0,0,0,0,40,27,22,18,0,24,31,77.4,7,16,6,10,19,59,43,2,16.1,1442,68,478,833,138,10,1442,12,10,83.3,2,16.7,816,3176,1703,24,34,0,10,7,1070,14,11923,620000
Troy Deeney,FW,Watford,33,2,0,25.0,0.3,0,0,0,0,0,0,0,0,0.1,0.1,0.1,0.1,0.00,0.00,0.00,0.00,0.28,0.25,0.28,0.54,0.0,0.0,0.0,0.0,0.0,0.0,0.0,0.0,0.0,0.0,0.0,0.0,0.0,0.0,0.0,0.0,0.0,0.0,0.0,0.0,0.0,0.0,0.0,0.0,2,0,0.0,7.20,0.00,0.00,,12.7,3,7,42.9,24,10,3,5,60.0,0,1,0.0,0,0,,1,1,0,0,1,7,0,0,0,0,0,0,0,0,1,3.60,1,3.60,1,0,0,0,0,0,0,0.00,0,0,0,0,0,0,0,0,0,0,0,0,1,0.0,1,0,0,0,0,0,2,0,0.3,12,2,2,1,9,5,12,0,0,,0,,2,5,3,0,0,0,1,0,10,5,0.0,0.0
Trézéguet,FW,Aston Villa,26,1,0,11.0,0.1,0,0,0,0,0,0,0,0,0.0,0.0,0.0,0.0,0.00,0.00,0.00,0.00,0.38,0.00,0.38,0.38,0.0,0.0,0.0,0.0,0.0,0.0,0.0,0.0,0.0,0.0,0.0,0.0,0.0,0.0,0.0,0.0,0.0,0.0,0.0,0.0,0.0,0.0,0.0,0.0,1,0,0.0,8.18,0.00,0.00,,22.0,6,6,100.0,98,10,4,4,100.0,1,1,100.0,1,1,100.0,0,1,0,0,1,6,0,0,0,0,0,0,0,0,1,8.18,1,8.18,0,0,0,1,0,0,0,0.00,0,0,0,0,0,0,0,0,0,0,0,0,0,,0,0,0,0,0,0,0,0,0.1,10,0,0,3,7,1,10,1,1,100.0,0,0.0,9,60,19,0,0,0,2,0,9,4,52500,2730000
Tyler Morton,MF,Liverpool,18,2,1,66.0,0.7,0,0,0,0,0,0,1,0,0.0,0.0,0.0,0.0,0.00,0.00,0.00,0.00,0.00,0.00,0.00,0.00,0.0,0.0,0.0,0.0,0.0,0.0,0.0,0.0,0.0,0.0,0.0,0.0,0.0,0.0,0.0,0.0,0.0,0.0,0.0,0.0,0.0,0.0,0.0,0.0,0,0,,0.00,0.00,,,,30,35,85.7,527,116,15,16,93.8,9,9,100.0,5,7,71.4,0,5,0,0,4,35,0,0,0,1,0,0,0,0,1,1.36,1,1.36,1,0,0,0,0,0,0,0.00,0,0,0,0,0,0,0,0,0,0,0,0,2,0.0,2,0,0,0,3,3,0,0,0.7,41,0,2,33,6,0,41,0,0,,0,,24,54,12,0,1,0,2,0,23,0,0.0,0.0
Tyler Onyango,MF,Everton,18,3,0,28.0,0.3,0,0,0,0,0,0,0,0,0.0,0.0,0.0,0.0,0.00,0.00,0.00,0.00,0.15,0.00,0.15,0.15,0.0,0.0,0.0,0.0,0.0,0.0,0.0,0.0,0.0,0.0,0.0,0.0,0.0,0.0,0.0,0.0,0.0,0.0,0.0,0.0,0.0,0.0,0.0,0.0,1,0,0.0,3.21,0.00,0.00,,12.1,1,2,50.0,17,5,0,1,0.0,1,1,100.0,0,0,,0,0,0,0,0,2,0,0,0,0,0,0,0,0,0,0.00,0,0.00,0,0,0,0,0,0,0,0.00,0,0,0,0,0,0,0,0,0,0,0,0,0,,0,0,0,0,0,0,1,0,0.3,8,0,1,3,4,1,8,1,0,0.0,1,100.0,2,4,0,0,1,0,0,0,4,0,0.0,0.0
Tyler Roberts,"MF,FW",Leeds United,22,23,7,987.0,11.0,1,1,2,1,0,0,5,0,2.4,2.4,1.0,3.4,0.09,0.09,0.18,0.09,0.22,0.09,0.22,0.31,0.0,0.0,0.0,0.0,0.0,0.0,0.0,0.0,0.0,0.0,0.0,0.0,0.0,0.0,0.0,0.0,0.0,0.0,0.0,0.0,0.0,0.0,0.0,0.0,30,12,40.0,2.74,1.09,0.03,0.08,19.7,214,300,71.3,3004,771,124,154,80.5,61,81,75.3,13,29,44.8,15,17,10,2,29,283,16,2,1,1,14,5,0,1,30,2.74,30,2.74,23,1,1,3,2,0,1,0.09,1,0,0,0,0,0,16,7,6,7,3,9,16,56.3,7,11,1,10,5,21,11,0,11.0,430,13,62,196,177,38,430,22,12,54.5,10,45.5,252,1552,675,17,18,5,26,14,293,63,3500,182000
Tyrick Mitchell,DF,Crystal Palace,21,36,35,3101.0,34.5,0,2,2,0,0,0,1,0,0.2,0.2,1.7,1.9,0.00,0.06,0.06,0.00,0.01,0.05,0.01,0.05,0.0,0.0,0.0,0.0,0.0,0.0,0.0,0.0,0.0,0.0,0.0,0.0,0.0,0.0,0.0,0.0,0.0,0.0,0.0,0.0,0.0,0.0,0.0,0.0,4,0,0.0,0.12,0.00,0.00,,17.3,1393,1930,72.2,21564,10421,745,864,86.2,526,700,75.1,84,236,35.6,21,103,33,15,134,1522,400,29,1,0,62,367,4,8,51,1.48,51,1.48,42,5,1,0,1,2,7,0.20,6,1,0,0,0,0,104,57,67,26,11,46,67,68.7,21,47,5,42,41,145,101,0,34.5,2320,137,905,945,490,26,2320,29,16,55.2,13,44.8,1074,4380,2208,41,37,4,45,26,1188,116,28846,1500000
Tyrone Mings,DF,Aston Villa,28,36,35,3189.0,35.4,1,3,4,1,0,0,11,0,1.6,1.6,1.6,3.3,0.03,0.08,0.11,0.03,0.05,0.05,0.05,0.09,0.0,0.0,0.0,0.0,0.0,0.0,0.0,0.0,0.0,0.0,0.0,0.0,0.0,0.0,0.0,0.0,0.0,0.0,0.0,0.0,0.0,0.0,0.0,0.0,21,5,23.8,0.59,0.14,0.05,0.20,12.3,1336,1684,79.3,26051,10825,446,513,86.9,744,820,90.7,130,302,43.0,10,85,5,0,91,1615,66,47,3,8,4,18,0,3,30,0.85,30,0.85,23,0,1,3,2,1,5,0.14,4,0,0,1,0,0,23,12,17,3,3,14,22,63.6,8,47,30,17,46,69,153,2,35.4,2031,321,1168,774,108,51,2031,12,11,91.7,1,8.3,1212,6651,3776,23,17,2,17,4,1242,17,80000,4160000
Valentino Livramento,DF,Southampton,18,28,25,2202.0,24.5,1,1,2,1,0,0,2,0,1.4,1.4,2.7,4.1,0.04,0.04,0.08,0.04,0.06,0.11,0.06,0.17,0.0,0.0,0.0,0.0,0.0,0.0,0.0,0.0,0.0,0.0,0.0,0.0,0.0,0.0,0.0,0.0,0.0,0.0,0.0,0.0,0.0,0.0,0.0,0.0,12,3,25.0,0.49,0.12,0.08,0.33,15.9,864,1166,74.1,12649,4429,507,587,86.4,281,388,72.4,43,106,40.6,20,44,27,8,80,952,213,16,2,3,62,197,0,1,44,1.80,44,1.80,37,0,2,1,3,1,3,0.12,1,0,1,0,1,0,54,28,30,18,6,27,45,60.0,18,23,9,14,47,101,50,1,24.5,1486,74,407,675,441,47,1486,55,30,54.5,25,45.5,742,5095,2722,79,54,16,52,19,763,118,10000,520000
Vicente Guaita,GK,Crystal Palace,34,30,30,2655.0,29.5,0,0,0,0,0,0,2,0,0.0,0.0,0.0,0.0,0.00,0.00,0.00,0.00,0.00,0.00,0.00,0.00,1.12,116,83,74.1,11,36.7,28.8,0.23,105,282,37.2,778,182,26.6,28.3,201,37.3,31.5,386,17,4.4,36,1.22,16.3,0,0,,0.00,0.00,,,,776,982,79.0,17570,10060,241,242,99.6,345,348,99.1,171,369,46.3,0,3,0,0,0,725,254,53,0,2,0,0,0,3,1,0.03,1,0.03,1,0,0,0,0,0,0,0.00,0,0,0,0,0,0,1,0,1,0,0,1,1,100.0,0,0,0,0,1,2,8,1,29.5,1033,912,1030,3,0,0,1033,0,0,,0,,622,3147,1886,0,0,0,1,0,485,0,76923,4000000
Victor Lindelöf,DF,Manchester Utd,27,28,26,2355.0,26.2,0,2,2,0,0,0,4,0,0.2,0.2,0.6,0.8,0.00,0.08,0.08,0.00,0.01,0.02,0.01,0.03,0.0,0.0,0.0,0.0,0.0,0.0,0.0,0.0,0.0,0.0,0.0,0.0,0.0,0.0,0.0,0.0,0.0,0.0,0.0,0.0,0.0,0.0,0.0,0.0,3,2,66.7,0.11,0.08,0.00,0.00,8.6,1215,1385,87.7,22399,8069,452,486,93.0,637,691,92.2,107,165,64.8,4,75,6,0,72,1351,32,26,4,10,0,6,0,2,13,0.50,13,0.50,12,0,0,0,0,1,4,0.15,3,0,0,0,0,1,16,11,9,7,0,9,14,64.3,5,26,17,9,25,41,96,0,26.2,1595,221,881,680,46,10,1595,3,3,100.0,0,0.0,919,5814,3385,14,17,3,8,1,1025,3,120000,6240000
Virgil van Dijk,DF,Liverpool,30,34,34,3060.0,34.0,3,1,4,3,0,0,3,0,2.0,2.0,1.5,3.6,0.09,0.03,0.12,0.09,0.06,0.05,0.06,0.11,0.0,0.0,0.0,0.0,0.0,0.0,0.0,0.0,0.0,0.0,0.0,0.0,0.0,0.0,0.0,0.0,0.0,0.0,0.0,0.0,0.0,0.0,0.0,0.0,35,14,40.0,1.03,0.41,0.09,0.21,13.3,2376,2655,89.5,46859,18162,780,848,92.0,1298,1375,94.4,278,395,70.4,9,156,4,0,145,2575,78,71,6,18,0,7,0,2,31,0.91,31,0.91,22,1,0,6,0,2,6,0.18,4,0,0,2,0,0,16,10,11,5,0,11,16,68.8,5,21,14,7,31,47,109,0,34.0,2894,300,1296,1514,90,57,2894,8,6,75.0,2,25.0,1717,6530,3379,11,4,0,5,3,2096,4,220000,11440000
Vitaliy Mykolenko,DF,Everton,22,13,12,1055.0,11.7,1,0,1,1,0,0,0,0,0.5,0.5,0.8,1.2,0.09,0.00,0.09,0.09,0.04,0.06,0.04,0.11,0.0,0.0,0.0,0.0,0.0,0.0,0.0,0.0,0.0,0.0,0.0,0.0,0.0,0.0,0.0,0.0,0.0,0.0,0.0,0.0,0.0,0.0,0.0,0.0,8,2,25.0,0.68,0.17,0.13,0.50,19.0,319,465,68.6,4900,2092,188,216,87.0,96,155,61.9,25,66,37.9,8,21,7,5,27,342,123,16,1,0,41,104,3,0,16,1.36,16,1.36,10,5,0,0,1,0,3,0.26,1,1,0,0,1,0,25,15,15,7,3,12,21,57.1,9,15,2,13,16,41,37,0,11.7,603,43,197,212,200,13,603,9,3,33.3,6,66.7,227,999,433,8,6,1,11,4,241,27,32115,1670000
Vitaly Janelt,MF,Brentford,23,31,27,2298.0,25.5,4,0,4,4,0,0,3,0,2.4,2.4,1.9,4.2,0.16,0.00,0.16,0.16,0.09,0.07,0.09,0.17,0.0,0.0,0.0,0.0,0.0,0.0,0.0,0.0,0.0,0.0,0.0,0.0,0.0,0.0,0.0,0.0,0.0,0.0,0.0,0.0,0.0,0.0,0.0,0.0,30,12,40.0,1.17,0.47,0.13,0.33,18.4,755,1005,75.1,12860,4122,341,413,82.6,321,388,82.7,65,136,47.8,23,80,13,3,103,941,60,28,4,8,40,11,12,4,57,2.23,57,2.23,42,3,2,6,2,2,3,0.12,2,0,0,1,0,0,61,32,26,27,8,27,53,50.9,26,23,7,16,28,89,35,0,25.5,1253,62,365,597,296,46,1253,15,13,86.7,2,13.3,605,2731,1369,25,24,4,35,11,739,60,10000,520000
Vladimír Coufal,DF,West Ham,28,28,25,2209.0,24.5,0,4,4,0,0,0,5,1,0.8,0.8,2.1,2.9,0.00,0.16,0.16,0.00,0.03,0.08,0.03,0.12,0.0,0.0,0.0,0.0,0.0,0.0,0.0,0.0,0.0,0.0,0.0,0.0,0.0,0.0,0.0,0.0,0.0,0.0,0.0,0.0,0.0,0.0,0.0,0.0,11,4,36.4,0.45,0.16,0.00,0.00,17.7,990,1439,68.8,15293,6881,538,630,85.4,362,524,69.1,63,186,33.9,21,63,30,16,113,1135,294,17,0,1,107,276,1,10,51,2.08,51,2.08,39,10,0,1,1,0,7,0.29,7,0,0,0,0,0,45,25,24,14,7,18,36,50.0,18,31,9,22,22,67,64,1,24.5,1681,110,454,700,539,30,1681,23,15,65.2,8,34.8,778,4242,1992,51,38,5,30,15,888,119,35000,1820000
Wayne Hennessey,GK,Burnley,34,2,2,180.0,2.0,0,0,0,0,0,0,0,0,0.0,0.0,0.2,0.2,0.00,0.00,0.00,0.00,0.00,0.09,0.00,0.09,3.00,13,8,53.8,0,0.0,3.2,0.26,27,63,42.9,57,7,77.2,50.8,21,90.5,63.6,37,0,0.0,4,2.00,17.0,0,0,,0.00,0.00,,,,41,79,51.9,1981,1872,2,2,100.0,6,6,100.0,33,69,47.8,3,6,0,0,0,42,36,15,0,0,0,0,0,1,3,1.50,3,1.50,1,2,0,0,0,0,0,0.00,0,0,0,0,0,0,0,0,0,0,0,0,0,,0,0,0,0,1,1,0,1,2.0,84,59,80,4,0,0,84,0,0,,0,,35,156,74,0,0,0,0,0,22,0,25000,1300000
Wesley Fofana,DF,Leicester City,20,7,7,630.0,7.0,0,0,0,0,0,0,2,0,0.4,0.4,0.0,0.4,0.00,0.00,0.00,0.00,0.06,0.00,0.06,0.06,0.0,0.0,0.0,0.0,0.0,0.0,0.0,0.0,0.0,0.0,0.0,0.0,0.0,0.0,0.0,0.0,0.0,0.0,0.0,0.0,0.0,0.0,0.0,0.0,3,1,33.3,0.43,0.14,0.00,0.00,7.9,470,528,89.0,8686,2839,168,183,91.8,266,284,93.7,29,50,58.0,2,25,0,0,28,520,8,7,0,1,0,1,0,0,4,0.57,4,0.57,4,0,0,0,0,0,0,0.00,0,0,0,0,0,0,12,8,11,1,0,7,11,63.6,4,5,2,3,12,24,26,1,7.0,594,55,305,275,19,5,594,3,3,100.0,0,0.0,434,2958,1710,10,9,1,5,2,439,1,19231,1000000
Wesley Moraes,FW,Aston Villa,24,1,0,1.0,0.0,0,0,0,0,0,0,0,0,0.0,0.0,0.0,0.0,0.00,0.00,0.00,0.00,0.00,0.00,0.00,0.00,0.0,0.0,0.0,0.0,0.0,0.0,0.0,0.0,0.0,0.0,0.0,0.0,0.0,0.0,0.0,0.0,0.0,0.0,0.0,0.0,0.0,0.0,0.0,0.0,0,0,,0.00,0.00,,,,2,2,100.0,8,4,0,0,,0,0,,0,0,,0,0,0,0,0,2,0,0,0,0,0,0,0,0,0,0.00,0,0.00,0,0,0,0,0,0,0,0.00,0,0,0,0,0,0,0,0,0,0,0,0,0,,0,0,0,0,0,0,0,0,0.0,3,0,0,0,3,0,3,0,0,,0,,2,5,3,0,0,0,0,0,3,0,0.0,0.0
Wilfred Ndidi,"MF,DF",Leicester City,24,19,18,1618.0,18.0,0,0,0,0,0,0,4,0,0.7,0.7,0.0,0.8,0.00,0.00,0.00,0.00,0.04,0.00,0.04,0.04,0.0,0.0,0.0,0.0,0.0,0.0,0.0,0.0,0.0,0.0,0.0,0.0,0.0,0.0,0.0,0.0,0.0,0.0,0.0,0.0,0.0,0.0,0.0,0.0,14,4,28.6,0.78,0.22,0.00,0.00,19.7,746,935,79.8,11258,3104,393,465,84.5,279,332,84.0,41,65,63.1,2,36,4,0,57,914,18,16,2,6,1,2,0,3,18,1.00,18,1.00,13,0,0,3,1,1,2,0.11,1,0,0,1,0,0,60,32,32,27,1,22,55,40.0,33,36,8,28,42,102,54,1,18.0,1196,97,423,653,134,17,1196,17,11,64.7,6,35.3,600,2471,992,14,10,1,25,15,659,13,75000,3900000
Wilfried Zaha,FW,Crystal Palace,28,33,31,2760.0,30.7,14,1,15,9,5,7,6,1,9.5,3.9,5.1,9.0,0.46,0.03,0.49,0.29,0.31,0.17,0.13,0.29,0.0,0.0,0.0,0.0,0.0,0.0,0.0,0.0,0.0,0.0,0.0,0.0,0.0,0.0,0.0,0.0,0.0,0.0,0.0,0.0,0.0,0.0,0.0,0.0,62,26,41.9,2.02,0.85,0.15,0.35,18.8,753,974,77.3,10942,2907,432,509,84.9,252,311,81.0,36,63,57.1,46,38,66,12,121,943,28,5,10,1,48,14,4,3,111,3.62,111,3.62,76,1,15,10,7,2,12,0.39,5,0,3,2,2,0,40,20,14,15,11,10,31,32.3,21,28,0,28,5,45,5,0,30.7,1443,11,155,594,720,129,1436,152,75,49.3,77,50.7,1058,6768,3179,113,75,47,124,110,1128,265,130000,6760000
Will Hughes,MF,Crystal Palace,26,16,13,1053.0,11.7,0,1,1,0,0,0,6,0,0.1,0.1,0.6,0.8,0.00,0.09,0.09,0.00,0.01,0.05,0.01,0.06,0.0,0.0,0.0,0.0,0.0,0.0,0.0,0.0,0.0,0.0,0.0,0.0,0.0,0.0,0.0,0.0,0.0,0.0,0.0,0.0,0.0,0.0,0.0,0.0,6,0,0.0,0.51,0.00,0.00,,23.2,436,537,81.2,7228,1815,206,232,88.8,184,205,89.8,31,64,48.4,9,31,6,2,38,495,42,16,0,5,35,1,23,0,23,1.97,23,1.97,15,3,0,0,2,3,4,0.34,1,1,0,0,1,1,29,14,10,16,3,7,16,43.8,9,13,7,6,8,37,10,0,11.7,653,24,162,358,143,4,653,12,8,66.7,4,33.3,324,1412,595,5,12,0,15,9,383,7,40000,2080000
William Smallbone,"MF,FW",Southampton,21,4,2,133.0,1.5,0,0,0,0,0,0,0,0,0.1,0.1,0.0,0.1,0.00,0.00,0.00,0.00,0.03,0.03,0.03,0.06,0.0,0.0,0.0,0.0,0.0,0.0,0.0,0.0,0.0,0.0,0.0,0.0,0.0,0.0,0.0,0.0,0.0,0.0,0.0,0.0,0.0,0.0,0.0,0.0,1,0,0.0,0.68,0.00,0.00,,17.6,20,39,51.3,284,86,9,14,64.3,10,16,62.5,1,4,25.0,1,0,0,0,2,33,5,1,0,0,4,1,0,1,2,1.35,2,1.35,1,1,0,0,0,0,0,0.00,0,0,0,0,0,0,4,4,2,2,0,1,3,33.3,2,4,0,4,2,6,0,0,1.5,54,2,11,22,22,3,54,0,0,,0,,23,145,84,4,3,0,3,0,27,7,17308,900000
William Troost-Ekong,DF,Watford,27,17,15,1390.0,15.4,0,0,0,0,0,0,3,0,0.1,0.1,0.1,0.2,0.00,0.00,0.00,0.00,0.01,0.00,0.01,0.01,0.0,0.0,0.0,0.0,0.0,0.0,0.0,0.0,0.0,0.0,0.0,0.0,0.0,0.0,0.0,0.0,0.0,0.0,0.0,0.0,0.0,0.0,0.0,0.0,2,0,0.0,0.13,0.00,0.00,,21.2,466,604,77.2,10969,4190,95,112,84.8,275,316,87.0,96,165,58.2,1,27,0,0,30,589,14,12,0,16,0,2,0,1,6,0.39,6,0.39,5,0,0,0,0,1,0,0.00,0,0,0,0,0,0,18,9,11,6,1,10,15,66.7,5,24,14,10,7,25,82,1,15.4,749,146,470,266,17,7,749,2,1,50.0,1,50.0,414,2060,1341,7,0,0,5,0,433,3,27500,1430000
Willy Boly,DF,Wolves,30,10,10,900.0,10.0,0,0,0,0,0,0,1,0,0.2,0.2,0.1,0.2,0.00,0.00,0.00,0.00,0.02,0.01,0.02,0.02,0.0,0.0,0.0,0.0,0.0,0.0,0.0,0.0,0.0,0.0,0.0,0.0,0.0,0.0,0.0,0.0,0.0,0.0,0.0,0.0,0.0,0.0,0.0,0.0,2,1,50.0,0.20,0.10,0.00,0.00,9.4,468,558,83.9,8303,3409,193,209,92.3,239,268,89.2,30,67,44.8,1,20,0,0,20,548,9,8,0,1,0,1,0,1,3,0.30,3,0.30,2,0,0,0,0,1,0,0.00,0,0,0,0,0,0,25,19,18,7,0,8,15,53.3,7,14,6,8,14,39,35,0,10.0,663,76,373,278,17,6,663,6,3,50.0,3,50.0,367,1637,853,6,7,1,3,3,432,0,50000,2600000
Willy Caballero,GK,Southampton,39,2,2,180.0,2.0,0,0,0,0,0,0,1,0,0.0,0.0,0.0,0.0,0.00,0.00,0.00,0.00,0.00,0.00,0.00,0.00,2.50,11,6,54.5,0,0.0,3.3,0.31,17,36,47.2,47,0,51.1,38.4,13,92.3,56.5,33,1,3.0,4,2.00,14.0,0,0,,0.00,0.00,,,,37,60,61.7,1320,1119,6,6,100.0,12,12,100.0,19,42,45.2,0,1,0,0,0,41,19,6,0,0,0,0,0,0,0,0.00,0,0.00,0,0,0,0,0,0,0,0.00,0,0,0,0,0,0,0,0,0,0,0,0,0,,0,0,0,0,0,0,2,1,2.0,69,47,69,0,0,0,69,0,0,,0,,31,215,112,0,0,0,0,0,32,0,17115,890000
Wout Weghorst,FW,Burnley,28,20,17,1450.0,16.1,2,3,5,2,0,0,3,0,4.8,4.8,1.5,6.2,0.12,0.19,0.31,0.12,0.30,0.09,0.30,0.39,0.0,0.0,0.0,0.0,0.0,0.0,0.0,0.0,0.0,0.0,0.0,0.0,0.0,0.0,0.0,0.0,0.0,0.0,0.0,0.0,0.0,0.0,0.0,0.0,30,7,23.3,1.86,0.43,0.07,0.29,14.0,276,434,63.6,2956,740,184,260,70.8,45,71,63.4,7,11,63.6,14,17,7,1,26,430,1,0,0,1,4,1,0,3,41,2.55,41,2.55,26,0,4,6,4,1,5,0.31,4,0,1,0,0,0,17,9,3,9,5,6,19,31.6,13,16,5,11,6,23,13,0,16.1,626,20,67,305,257,58,626,23,13,56.5,10,43.5,291,1089,310,7,9,3,40,29,414,81,32692,1700000
Yan Valery,DF,Southampton,22,5,3,370.0,4.1,0,0,0,0,0,0,0,0,0.0,0.0,0.1,0.2,0.00,0.00,0.00,0.00,0.01,0.03,0.01,0.04,0.0,0.0,0.0,0.0,0.0,0.0,0.0,0.0,0.0,0.0,0.0,0.0,0.0,0.0,0.0,0.0,0.0,0.0,0.0,0.0,0.0,0.0,0.0,0.0,2,0,0.0,0.49,0.00,0.00,,28.2,108,155,69.7,1705,502,48,56,85.7,52,70,74.3,3,17,17.6,1,13,1,1,10,139,16,4,0,1,4,12,0,0,1,0.24,1,0.24,1,0,0,0,0,0,0,0.00,0,0,0,0,0,0,8,6,4,3,1,4,9,44.4,5,6,3,3,6,14,19,1,4.1,213,19,81,104,28,0,213,5,1,20.0,4,80.0,106,562,234,3,4,0,1,2,95,4,1923,100000
Yerry Mina,DF,Everton,26,13,11,846.0,9.4,0,0,0,0,0,0,3,0,0.3,0.3,0.0,0.3,0.00,0.00,0.00,0.00,0.03,0.00,0.03,0.03,0.0,0.0,0.0,0.0,0.0,0.0,0.0,0.0,0.0,0.0,0.0,0.0,0.0,0.0,0.0,0.0,0.0,0.0,0.0,0.0,0.0,0.0,0.0,0.0,6,2,33.3,0.64,0.21,0.00,0.00,10.8,288,362,79.6,5565,1860,97,116,83.6,136,159,85.5,43,68,63.2,1,10,0,0,20,349,12,10,0,0,3,2,0,1,2,0.21,2,0.21,2,0,0,0,0,0,0,0.00,0,0,0,0,0,0,12,10,12,0,0,10,13,76.9,3,13,9,4,11,23,38,1,9.4,458,85,262,172,26,14,458,0,0,,0,,218,1094,538,1,0,0,2,1,251,2,120000,6240000
Yoane Wissa,FW,Brentford,24,30,12,1284.0,14.3,7,1,8,7,0,0,0,0,3.1,3.1,0.9,4.0,0.49,0.07,0.56,0.49,0.22,0.06,0.22,0.28,0.0,0.0,0.0,0.0,0.0,0.0,0.0,0.0,0.0,0.0,0.0,0.0,0.0,0.0,0.0,0.0,0.0,0.0,0.0,0.0,0.0,0.0,0.0,0.0,32,13,40.6,2.24,0.91,0.22,0.54,16.4,188,286,65.7,2465,593,121,164,73.8,50,70,71.4,7,17,41.2,9,13,10,1,29,281,4,2,2,0,11,1,0,1,27,1.89,27,1.89,16,0,2,4,4,1,4,0.28,3,0,0,1,0,0,12,6,5,4,3,1,16,6.3,15,12,5,7,8,20,6,0,14.3,419,12,57,175,195,47,419,30,19,63.3,11,36.7,241,1217,557,19,12,6,34,6,284,84,25000,1300000
Youri Tielemans,MF,Leicester City,24,32,29,2631.0,29.2,6,4,10,4,2,2,3,0,4.4,2.8,4.2,7.0,0.21,0.14,0.34,0.14,0.15,0.15,0.10,0.24,0.0,0.0,0.0,0.0,0.0,0.0,0.0,0.0,0.0,0.0,0.0,0.0,0.0,0.0,0.0,0.0,0.0,0.0,0.0,0.0,0.0,0.0,0.0,0.0,57,15,26.3,1.95,0.51,0.07,0.27,25.0,1451,1785,81.3,23843,7353,720,808,89.1,574,672,85.4,119,209,56.9,37,171,28,7,202,1683,95,49,12,21,56,14,26,7,101,3.45,101,3.45,80,5,6,6,1,3,15,0.51,14,0,0,1,0,0,74,38,23,45,6,42,100,42.0,58,47,13,34,21,95,41,3,29.2,2111,78,447,1219,470,36,2109,39,25,64.1,14,35.9,1127,4219,2154,31,36,5,44,30,1514,69,33077,1720000
Yves Bissouma,MF,Brighton,24,26,25,2111.0,23.5,1,2,3,1,0,0,10,0,0.9,0.9,0.8,1.7,0.04,0.09,0.13,0.04,0.04,0.03,0.04,0.07,0.0,0.0,0.0,0.0,0.0,0.0,0.0,0.0,0.0,0.0,0.0,0.0,0.0,0.0,0.0,0.0,0.0,0.0,0.0,0.0,0.0,0.0,0.0,0.0,21,5,23.8,0.90,0.21,0.05,0.20,25.3,1061,1193,88.9,17341,3663,517,556,93.0,419,456,91.9,87,112,77.7,8,73,13,0,92,1172,19,17,3,3,2,2,0,2,31,1.32,31,1.32,24,0,4,1,0,2,4,0.17,3,0,0,0,0,1,76,49,35,37,4,21,37,56.8,16,33,3,30,50,126,49,0,23.5,1505,90,373,902,249,13,1505,51,34,66.7,17,33.3,839,5063,2211,40,39,7,32,25,978,16,25000,1300000
Zack Steffen,GK,Manchester City,26,1,1,90.0,1.0,0,0,0,0,0,0,0,0,0.0,0.0,0.0,0.0,0.00,0.00,0.00,0.00,0.00,0.00,0.00,0.00,0.00,2,2,100.0,1,100.0,0.1,0.07,1,6,16.7,32,6,15.6,23.4,7,14.3,19.3,10,0,0.0,3,3.00,16.6,0,0,,0.00,0.00,,,,34,39,87.2,567,330,17,17,100.0,15,15,100.0,2,7,28.6,0,0,0,0,0,30,9,2,0,0,0,0,0,0,0,0.00,0,0.00,0,0,0,0,0,0,0,0.00,0,0,0,0,0,0,0,0,0,0,0,0,0,,0,0,0,0,0,0,2,0,1.0,42,38,42,0,0,0,42,0,0,,0,,19,86,40,0,0,0,0,0,20,0,46000,2392000
Álvaro Fernández,GK,Brentford,23,12,12,1080.0,12.0,0,0,0,0,0,0,0,0,0.0,0.0,0.0,0.0,0.00,0.00,0.00,0.00,0.00,0.00,0.00,0.00,2.00,69,47,66.7,1,8.3,19.9,0.28,64,216,29.6,433,60,40.4,33.9,83,49.4,36.9,194,9,4.6,18,1.50,16.8,0,0,,0.00,0.00,,,,336,517,65.0,8817,5774,77,79,97.5,149,154,96.8,109,282,38.7,0,10,0,0,1,396,120,37,0,0,0,0,0,1,0,0.00,0,0.00,0,0,0,0,0,0,0,0.00,0,0,0,0,0,0,0,0,0,0,0,0,0,,0,0,0,0,0,0,5,2,12.0,546,422,540,6,0,0,546,0,0,,0,,340,1672,890,0,0,0,1,0,280,0,25000,1300000
Çağlar Söyüncü,DF,Leicester City,25,28,28,2497.0,27.7,1,0,1,1,0,0,5,0,1.0,1.0,0.1,1.1,0.04,0.00,0.04,0.04,0.04,0.00,0.04,0.04,0.0,0.0,0.0,0.0,0.0,0.0,0.0,0.0,0.0,0.0,0.0,0.0,0.0,0.0,0.0,0.0,0.0,0.0,0.0,0.0,0.0,0.0,0.0,0.0,8,1,12.5,0.29,0.04,0.13,1.00,12.0,1630,1935,84.2,29197,10178,654,720,90.8,827,894,92.5,125,263,47.5,3,70,3,2,71,1877,52,44,2,16,5,4,0,6,14,0.50,14,0.50,13,0,0,1,0,0,0,0.00,0,0,0,0,0,0,47,30,32,12,3,26,42,61.9,16,44,27,17,32,79,115,1,27.7,2216,284,1186,982,65,16,2216,8,4,50.0,4,50.0,1393,6984,3401,19,15,0,9,3,1509,5,45000,2340000
İlkay Gündoğan,MF,Manchester City,30,27,20,1857.0,20.6,8,4,12,8,0,0,1,0,9.0,9.0,4.9,13.9,0.39,0.19,0.58,0.39,0.44,0.24,0.44,0.67,0.0,0.0,0.0,0.0,0.0,0.0,0.0,0.0,0.0,0.0,0.0,0.0,0.0,0.0,0.0,0.0,0.0,0.0,0.0,0.0,0.0,0.0,0.0,0.0,55,18,32.7,2.67,0.87,0.15,0.44,14.5,1175,1340,87.7,18647,4054,608,648,93.8,412,456,90.4,105,151,69.5,38,95,22,1,126,1258,81,24,8,6,67,3,51,1,84,4.07,84,4.07,60,14,6,3,0,1,9,0.44,7,0,1,1,0,0,23,9,10,12,1,12,31,38.7,19,11,1,10,15,38,10,0,20.6,1522,25,157,785,599,82,1522,35,24,68.6,11,31.4,902,4727,2052,60,45,13,25,19,1209,107,140000,7280000
Łukasz Fabiański,GK,West Ham,36,37,37,3330.0,37.0,0,0,0,0,0,0,2,0,0.0,0.0,0.0,0.0,0.00,0.00,0.00,0.00,0.00,0.00,0.00,0.00,1.35,162,111,70.4,8,21.6,46.8,0.26,193,525,36.8,736,164,48.9,38.2,277,59.6,44.4,595,28,4.7,12,0.32,10.4,0,0,,0.00,0.00,,,,666,1013,65.7,20643,15735,110,111,99.1,270,274,98.5,281,622,45.2,0,10,0,0,0,665,348,71,0,1,0,0,0,0,3,0.08,3,0.08,1,2,0,0,0,0,0,0.00,0,0,0,0,0,0,0,0,0,0,0,0,0,,0,0,0,0,0,0,11,0,37.0,1084,978,1081,3,0,0,1084,0,0,,0,,593,3722,2293,0,0,0,0,1,414,0,65000,3380000
