Player,Pos,Squad,Age,MP,Starts,Min,90s_x,Gls,Ast,G+A,G-PK,PK,PKatt,CrdY,CrdR,xG,npxG,xAG,npxG+xAG,Gls/90,Ast/90,G+A/90,G-PK/90,xG/90,xAG/90,npxG/90,npxG+xAG/90,Gls Against 90,SoTA,Saves,Save%,CS,CS%,PSxG,PSxG/SoT,GK Cmp 40y,GK 40y Att,GK Cmp 40y%,Pass Att (GK),Thr Att (GK),Launch%,AvgLen_Pass (GK),GoalKick Att,GoalKick Launch%,AvgLen_GoalKick,Opp Crosses,Crosses Stp,Crosses Stp%,#OPA,#OPA/90,AvgDist,Sh,SoT,SoT%,Sh/90,SoT/90,G/Sh,G/SoT,Dist,Cmp_tot,Att_tot,Cmp%_tot,TotDist_Passed,PrgDist_Passed,Cmp_short,Att_short,Cmp%_short,Cmp_medium,Att_medium,Cmp%_medium,Cmp_long,Att_long,Cmp%_long,KP,1/3,PPA,CrsPA,PrgP,Live_Passes,Dead,FK,TB,Sw,Crs,TI,CK,Off,SCA,SCA90,SCA,SCA90,PassLive_SCA,PassDead_SCA,TO_SCA,Sh_SCA,Fld_SCA,Def_SCA,GCA,GCA90,PassLive_GCA,PassDead_GCA,TO_GCA,Sh_GCA,Fld_GCA,Def_GCA,Tkl,TklW,Def 3rd Tackles,Mid 3rd Tackles,Att 3rd Tackles,Tkl_Challenge,Att_Challenge,Tkl%_Challenge,Lost_Challenge,Blocks,Sh_block,Pass_block,Int,Tkl+Int,Clr,Err,90s_y,Touches,Def Pen Touches,Def 3rd Touches,Mid 3rd Touches,Att 3rd Touches,Att Pen Touches,Live_Touches,Att_takeon,Succ_takeon,Succ%_takeon,Tkld_takeon,Tkld%_takeon,Carries,TotDist_Carried,PrgDist_Carried,PrgC,1/3_carries,CPA,Mis,Dis,Rec,PrgR,Weekly Wages,Annual Wages
Aaron Cresswell,DF,West Ham,32,28,24,2235.0,24.8,0,1,1,0,0,0,3,0,0.3,0.3,3.7,4.0,0.00,0.04,0.04,0.00,0.01,0.15,0.01,0.16,0.0,0.0,0.0,0.0,0.0,0.0,0.0,0.0,0.0,0.0,0.0,0.0,0.0,0.0,0.0,0.0,0.0,0.0,0.0,0.0,0.0,0.0,0.0,0.0,9,1,11.1,0.36,0.04,0.00,0.00,22.5,1127,1448,77.8,18285,8587,626,670,93.4,387,497,77.9,100,206,48.5,40,91,28,15,145,1157,288,40,1,5,133,192,56,3,73,2.94,73,2.94,43,27,0,2,1,0,1,0.04,0,1,0,0,0,0,21,11,12,7,2,12,31,38.7,19,21,11,10,27,48,56,0,24.8,1607,97,507,668,438,13,1607,7,2,28.6,4,57.1,766,3497,1751,35,26,1,6,6,960,82,50000,2600000
Aaron Hickey,DF,Brentford,20,26,23,1916.0,21.3,0,1,1,0,0,0,7,0,0.4,0.4,0.4,0.8,0.00,0.05,0.05,0.00,0.02,0.02,0.02,0.04,0.0,0.0,0.0,0.0,0.0,0.0,0.0,0.0,0.0,0.0,0.0,0.0,0.0,0.0,0.0,0.0,0.0,0.0,0.0,0.0,0.0,0.0,0.0,0.0,11,2,18.2,0.52,0.09,0.00,0.00,21.5,695,838,82.9,10998,3275,373,411,90.8,265,310,85.5,46,80,57.5,6,62,13,4,81,743,93,11,2,1,27,82,0,2,20,0.94,20,0.94,14,1,1,2,2,0,2,0.09,1,0,0,1,0,0,38,26,27,11,0,18,32,56.3,14,18,7,11,17,55,32,1,21.3,1028,47,328,499,211,21,1028,45,17,37.8,18,40.0,616,3295,1802,41,17,3,16,13,624,47,30000,1560000
Aaron Ramsdale,GK,Arsenal,24,38,38,3420.0,38.0,0,0,0,0,0,0,1,0,0.0,0.0,0.0,0.0,0.00,0.00,0.00,0.00,0.00,0.00,0.00,0.00,1.13,136,94,70.6,14,36.8,40.0,0.28,109,429,25.4,956,174,35.4,33.3,153,59.5,49.2,381,22,5.8,43,1.13,16.1,0,0,,0.00,0.00,,,,761,1111,68.5,18974,13109,190,196,96.9,383,390,98.2,186,519,35.8,0,30,2,0,8,872,237,83,0,6,0,1,0,2,3,0.08,3,0.08,3,0,0,0,0,0,0,0.00,0,0,0,0,0,0,1,1,1,0,0,1,1,100.0,0,0,0,0,0,1,20,6,38.0,1196,872,1170,28,0,0,1196,1,1,100.0,0,0.0,722,3934,2459,0,1,0,0,0,630,0,60000,3120000
Aaron Wan-Bissaka,DF,Manchester Utd,24,19,16,1435.0,15.9,0,0,0,0,0,0,2,0,1.2,1.2,1.0,2.2,0.00,0.00,0.00,0.00,0.07,0.06,0.07,0.14,0.0,0.0,0.0,0.0,0.0,0.0,0.0,0.0,0.0,0.0,0.0,0.0,0.0,0.0,0.0,0.0,0.0,0.0,0.0,0.0,0.0,0.0,0.0,0.0,10,2,20.0,0.63,0.13,0.00,0.00,14.7,706,840,84.0,9538,3292,448,483,92.8,194,240,80.8,28,44,63.6,15,48,10,2,55,715,123,4,2,2,14,119,0,2,30,1.88,30,1.88,29,0,0,1,0,0,1,0.06,1,0,0,0,0,0,40,25,20,17,3,23,25,92.0,2,24,8,16,22,62,41,0,15.9,1026,75,346,400,286,44,1026,35,17,48.6,18,51.4,524,2614,1370,41,24,4,14,10,600,64,90000,4680000
Abdoulaye Doucouré,MF,Everton,29,25,17,1533.0,17.0,5,2,7,5,0,0,6,1,2.4,2.4,2.2,4.6,0.29,0.12,0.41,0.29,0.14,0.13,0.14,0.27,0.0,0.0,0.0,0.0,0.0,0.0,0.0,0.0,0.0,0.0,0.0,0.0,0.0,0.0,0.0,0.0,0.0,0.0,0.0,0.0,0.0,0.0,0.0,0.0,20,8,40.0,1.17,0.47,0.25,0.63,13.2,430,548,78.5,5637,1333,262,317,82.6,140,170,82.4,7,13,53.8,22,29,10,0,38,530,16,0,1,0,8,0,0,2,45,2.65,45,2.65,38,0,3,2,0,2,3,0.18,3,0,0,0,0,0,31,20,9,15,7,12,37,32.4,25,26,3,23,13,44,11,0,17.0,713,18,156,327,242,45,713,33,20,60.6,11,33.3,371,1689,896,23,16,7,27,13,440,66,120000,6240000
Adam Armstrong,"FW,MF",Southampton,25,30,14,1335.0,14.8,2,1,3,2,0,0,2,0,2.1,2.1,1.3,3.3,0.13,0.07,0.20,0.13,0.14,0.09,0.14,0.23,0.0,0.0,0.0,0.0,0.0,0.0,0.0,0.0,0.0,0.0,0.0,0.0,0.0,0.0,0.0,0.0,0.0,0.0,0.0,0.0,0.0,0.0,0.0,0.0,25,12,48.0,1.69,0.81,0.08,0.17,15.9,220,302,72.8,3235,585,120,146,82.2,71,89,79.8,13,23,56.5,11,13,10,2,16,267,35,0,0,4,14,3,0,0,24,1.62,24,1.62,19,0,2,1,1,1,2,0.13,1,0,0,0,0,1,14,9,6,5,3,3,10,30.0,7,15,3,12,5,19,6,0,14.8,458,11,71,176,222,46,458,43,13,30.2,25,58.1,255,2338,996,39,29,11,24,22,273,70,55000,2860000
Adam Forshaw,MF,Leeds United,30,12,5,479.0,5.3,0,0,0,0,0,0,0,0,0.0,0.0,0.9,0.9,0.00,0.00,0.00,0.00,0.01,0.16,0.01,0.17,0.0,0.0,0.0,0.0,0.0,0.0,0.0,0.0,0.0,0.0,0.0,0.0,0.0,0.0,0.0,0.0,0.0,0.0,0.0,0.0,0.0,0.0,0.0,0.0,1,0,0.0,0.19,0.00,0.00,,26.4,196,244,80.3,3318,1127,102,111,91.9,59,67,88.1,28,51,54.9,8,30,4,2,33,222,22,7,0,2,20,2,9,0,16,3.00,16,3.00,10,6,0,0,0,0,0,0.00,0,0,0,0,0,0,12,9,5,7,0,7,17,41.2,10,9,1,8,4,16,2,0,5.3,293,7,64,171,62,1,293,11,8,72.7,3,27.3,179,1085,360,4,8,0,6,8,186,7,20000,1040000
Adam Lallana,"MF,FW",Brighton,34,16,12,722.0,8.0,2,1,3,2,0,0,0,0,0.9,0.9,1.0,1.9,0.25,0.12,0.37,0.25,0.11,0.12,0.11,0.23,0.0,0.0,0.0,0.0,0.0,0.0,0.0,0.0,0.0,0.0,0.0,0.0,0.0,0.0,0.0,0.0,0.0,0.0,0.0,0.0,0.0,0.0,0.0,0.0,8,5,62.5,1.00,0.62,0.25,0.40,13.3,262,317,82.6,3033,656,173,194,89.2,57,74,77.0,6,9,66.7,14,23,9,1,33,304,11,2,0,0,3,2,1,2,22,2.75,22,2.75,22,0,0,0,0,0,2,0.25,2,0,0,0,0,0,9,4,6,2,1,0,7,0.0,7,6,0,6,2,11,1,0,8.0,373,6,43,180,151,33,373,6,3,50.0,3,50.0,206,839,420,10,4,4,15,11,295,43,90000,4680000
Adam Smith,DF,Bournemouth,31,37,34,2943.0,32.7,0,1,1,0,0,0,11,0,0.5,0.5,1.3,1.8,0.00,0.03,0.03,0.00,0.02,0.04,0.02,0.05,0.0,0.0,0.0,0.0,0.0,0.0,0.0,0.0,0.0,0.0,0.0,0.0,0.0,0.0,0.0,0.0,0.0,0.0,0.0,0.0,0.0,0.0,0.0,0.0,5,1,20.0,0.15,0.03,0.00,0.00,16.2,953,1264,75.4,16233,6898,450,513,87.7,398,501,79.4,88,194,45.4,16,70,28,19,83,987,276,22,0,2,48,254,0,1,29,0.89,29,0.89,25,1,0,2,0,1,2,0.06,2,0,0,0,0,0,49,29,27,19,3,29,60,48.3,31,30,13,17,25,74,81,1,32.7,1527,112,602,650,296,17,1527,30,6,20.0,17,56.7,647,2762,1368,28,21,3,21,4,771,54,35000,1820000
Adam Webster,DF,Brighton,27,27,23,1985.0,22.1,0,0,0,0,0,0,2,0,1.8,1.8,0.2,1.9,0.00,0.00,0.00,0.00,0.08,0.01,0.08,0.09,0.0,0.0,0.0,0.0,0.0,0.0,0.0,0.0,0.0,0.0,0.0,0.0,0.0,0.0,0.0,0.0,0.0,0.0,0.0,0.0,0.0,0.0,0.0,0.0,18,2,11.1,0.82,0.09,0.00,0.00,11.2,1514,1715,88.3,27890,10260,565,612,92.3,811,886,91.5,125,178,70.2,6,120,5,1,119,1650,63,28,0,6,2,35,0,2,20,0.91,20,0.91,19,1,0,0,0,0,1,0.05,1,0,0,0,0,0,22,12,10,9,3,11,19,57.9,8,30,19,11,19,41,55,4,22.1,1888,170,819,969,108,27,1888,8,3,37.5,4,50.0,1228,6306,3739,19,18,0,11,5,1369,9,55000,2860000
Adama Traoré,"FW,MF",Wolves,26,34,12,1496.0,16.6,2,1,3,2,0,0,2,0,1.4,1.4,3.7,5.1,0.12,0.06,0.18,0.12,0.08,0.23,0.08,0.31,0.0,0.0,0.0,0.0,0.0,0.0,0.0,0.0,0.0,0.0,0.0,0.0,0.0,0.0,0.0,0.0,0.0,0.0,0.0,0.0,0.0,0.0,0.0,0.0,19,7,36.8,1.14,0.42,0.11,0.29,15.0,325,494,65.8,4826,1228,198,264,75.0,85,129,65.9,25,46,54.3,24,17,22,14,36,491,1,0,3,0,81,1,0,2,45,2.71,45,2.71,37,0,3,2,3,0,4,0.24,2,0,0,2,0,0,14,7,7,4,3,4,9,44.4,5,8,1,7,3,17,17,0,16.6,715,18,102,253,379,56,715,111,56,50.5,34,30.6,462,4043,2113,85,41,25,59,27,556,157,55000,2860000
Ainsley Maitland-Niles,"DF,MF",Southampton,24,22,13,1407.0,15.6,0,0,0,0,0,0,3,0,0.0,0.0,0.7,0.7,0.00,0.00,0.00,0.00,0.00,0.05,0.00,0.05,0.0,0.0,0.0,0.0,0.0,0.0,0.0,0.0,0.0,0.0,0.0,0.0,0.0,0.0,0.0,0.0,0.0,0.0,0.0,0.0,0.0,0.0,0.0,0.0,1,1,100.0,0.06,0.06,0.00,0.00,31.4,565,713,79.2,9322,3245,288,331,87.0,214,258,82.9,50,84,59.5,10,52,12,5,57,633,77,11,2,3,20,66,0,3,24,1.54,24,1.54,22,0,1,0,1,0,2,0.13,1,0,0,0,1,0,45,24,23,18,4,28,44,63.6,16,28,7,21,22,67,45,1,15.6,912,73,328,440,155,7,912,22,17,77.3,5,22.7,407,2036,885,15,13,2,26,13,509,35,35000,1820000
Albert Sambi Lokonga,MF,Crystal Palace,22,9,6,536.0,6.0,0,0,0,0,0,0,2,0,0.2,0.2,0.0,0.2,0.00,0.00,0.00,0.00,0.03,0.01,0.03,0.03,0.0,0.0,0.0,0.0,0.0,0.0,0.0,0.0,0.0,0.0,0.0,0.0,0.0,0.0,0.0,0.0,0.0,0.0,0.0,0.0,0.0,0.0,0.0,0.0,0,0,,0.00,0.00,,,,132,140,94.3,2321,539,59,62,95.2,60,63,95.2,11,12,91.7,1,17,1,0,12,135,5,5,1,1,0,0,0,0,4,1.82,4,1.82,3,0,0,0,1,0,0,0.00,0,0,0,0,0,0,1,1,0,0,1,0,2,0.0,2,1,0,1,5,6,2,0,2.2,154,6,32,95,29,0,154,2,1,50.0,0,0.0,96,393,145,0,6,0,1,1,113,2,50000,2600000
Albert Sambi Lokonga,MF,Arsenal,22,6,2,198.0,2.2,0,0,0,0,0,0,0,0,0.0,0.0,0.0,0.0,0.00,0.00,0.00,0.00,0.00,0.01,0.00,0.01,0.0,0.0,0.0,0.0,0.0,0.0,0.0,0.0,0.0,0.0,0.0,0.0,0.0,0.0,0.0,0.0,0.0,0.0,0.0,0.0,0.0,0.0,0.0,0.0,0,0,,0.00,0.00,,,,132,140,94.3,2321,539,59,62,95.2,60,63,95.2,11,12,91.7,1,17,1,0,12,135,5,5,1,1,0,0,0,0,4,1.82,4,1.82,3,0,0,0,1,0,0,0.00,0,0,0,0,0,0,1,1,0,0,1,0,2,0.0,2,1,0,1,5,6,2,0,2.2,154,6,32,95,29,0,154,2,1,50.0,0,0.0,96,393,145,0,6,0,1,1,113,2,50000,2600000
Alejandro Garnacho,"FW,MF",Manchester Utd,18,19,5,569.0,6.3,3,2,5,3,0,0,3,0,3.0,3.0,1.0,4.1,0.47,0.32,0.79,0.47,0.48,0.16,0.48,0.64,0.0,0.0,0.0,0.0,0.0,0.0,0.0,0.0,0.0,0.0,0.0,0.0,0.0,0.0,0.0,0.0,0.0,0.0,0.0,0.0,0.0,0.0,0.0,0.0,24,9,37.5,3.80,1.42,0.13,0.33,16.3,150,187,80.2,1802,233,113,131,86.3,27,30,90.0,4,5,80.0,3,2,2,0,12,187,0,0,0,2,2,0,0,0,22,3.48,22,3.48,17,0,3,1,1,0,6,0.95,5,0,1,0,0,0,5,2,2,0,3,1,11,9.1,10,5,0,5,5,10,3,0,6.3,305,3,29,84,196,59,305,44,12,27.3,27,61.4,220,1666,896,33,27,28,27,14,235,85,7000,364000
Aleksandar Mitrović,FW,Fulham,27,24,23,2008.0,22.3,14,1,15,10,4,8,7,0,14.9,8.6,2.3,10.9,0.63,0.04,0.67,0.45,0.67,0.10,0.39,0.49,0.0,0.0,0.0,0.0,0.0,0.0,0.0,0.0,0.0,0.0,0.0,0.0,0.0,0.0,0.0,0.0,0.0,0.0,0.0,0.0,0.0,0.0,0.0,0.0,85,27,31.8,3.81,1.21,0.12,0.37,15.1,299,496,60.3,4671,970,172,257,66.9,85,132,64.4,31,52,59.6,16,26,10,1,44,486,10,1,4,9,4,3,0,0,55,2.47,55,2.47,26,0,9,13,6,1,10,0.45,3,0,1,4,2,0,14,7,8,4,2,5,12,41.7,7,22,5,17,3,17,20,1,22.3,814,27,79,392,349,144,806,47,23,48.9,22,46.8,451,1873,715,24,15,10,65,58,646,97,80000,4160000
Alex Iwobi,"MF,FW",Everton,26,38,38,3378.0,37.5,2,7,9,2,0,0,2,0,2.5,2.5,6.1,8.5,0.05,0.19,0.24,0.05,0.07,0.16,0.07,0.23,0.0,0.0,0.0,0.0,0.0,0.0,0.0,0.0,0.0,0.0,0.0,0.0,0.0,0.0,0.0,0.0,0.0,0.0,0.0,0.0,0.0,0.0,0.0,0.0,42,15,35.7,1.12,0.40,0.05,0.13,21.0,1154,1536,75.1,20102,6570,547,648,84.4,435,555,78.4,132,220,60.0,64,134,63,17,194,1469,58,3,14,13,104,31,17,9,120,3.20,120,3.20,91,9,8,7,3,2,9,0.24,8,0,0,0,1,0,69,37,37,28,4,33,65,50.8,32,41,2,39,25,94,29,0,37.5,1912,52,359,892,709,59,1912,110,55,50.0,50,45.5,1169,6913,3434,90,79,15,68,42,1285,145,120000,6240000
Alex McCarthy,GK,Southampton,32,6,6,540.0,6.0,0,0,0,0,0,0,0,0,0.0,0.0,0.0,0.0,0.00,0.00,0.00,0.00,0.00,0.00,0.00,0.00,2.83,30,14,46.7,0,0.0,10.9,0.34,22,113,19.5,194,29,48.5,36.5,52,36.5,31.0,92,6,6.5,7,1.17,13.5,0,0,,0.00,0.00,,,,150,249,60.2,3585,2452,45,47,95.7,64,66,97.0,40,132,30.3,0,5,0,0,0,178,68,16,0,1,0,0,0,3,1,0.17,1,0.17,1,0,0,0,0,0,0,0.00,0,0,0,0,0,0,0,0,0,0,0,0,1,0.0,1,0,0,0,1,1,3,1,6.0,261,205,260,1,0,0,261,0,0,,0,,139,546,264,0,0,0,0,0,133,0,50000,2600000
Alex Mighten,FW,Nott'ham Forest,20,1,0,8.0,0.1,0,0,0,0,0,0,0,0,0.0,0.0,0.0,0.0,0.00,0.00,0.00,0.00,0.00,0.00,0.00,0.00,0.0,0.0,0.0,0.0,0.0,0.0,0.0,0.0,0.0,0.0,0.0,0.0,0.0,0.0,0.0,0.0,0.0,0.0,0.0,0.0,0.0,0.0,0.0,0.0,0,0,,0.00,0.00,,,,1,1,100.0,11,0,1,1,100.0,0,0,,0,0,,0,0,0,0,0,1,0,0,0,0,0,0,0,0,0,0.00,0,0.00,0,0,0,0,0,0,0,0.00,0,0,0,0,0,0,0,0,0,0,0,0,1,0.0,1,0,0,0,0,0,0,0,0.1,4,0,1,0,3,0,4,3,0,0.0,2,66.7,4,27,10,0,0,0,0,0,4,1,3462,180000
Alex Oxlade-Chamberlain,"FW,MF",Liverpool,28,9,4,335.0,3.7,1,0,1,1,0,0,0,0,1.2,1.2,0.6,1.8,0.27,0.00,0.27,0.27,0.32,0.17,0.32,0.49,0.0,0.0,0.0,0.0,0.0,0.0,0.0,0.0,0.0,0.0,0.0,0.0,0.0,0.0,0.0,0.0,0.0,0.0,0.0,0.0,0.0,0.0,0.0,0.0,7,3,42.9,1.88,0.81,0.14,0.33,16.3,75,106,70.8,1253,347,39,45,86.7,24,34,70.6,8,14,57.1,5,8,2,0,14,102,2,0,2,3,2,2,0,2,10,2.69,10,2.69,8,0,1,1,0,0,0,0.00,0,0,0,0,0,0,5,4,1,2,2,1,5,20.0,4,5,2,3,1,6,4,0,3.7,152,4,20,69,67,17,152,14,6,42.9,7,50.0,90,719,258,11,8,3,12,10,110,28,120000,6240000
Alexander Isak,FW,Newcastle Utd,22,22,17,1522.0,16.9,10,1,11,8,2,2,3,0,8.2,6.7,2.2,8.9,0.59,0.06,0.65,0.47,0.49,0.13,0.40,0.52,0.0,0.0,0.0,0.0,0.0,0.0,0.0,0.0,0.0,0.0,0.0,0.0,0.0,0.0,0.0,0.0,0.0,0.0,0.0,0.0,0.0,0.0,0.0,0.0,49,23,46.9,2.90,1.36,0.16,0.35,15.0,279,368,75.8,4292,977,151,192,78.6,87,106,82.1,25,28,89.3,16,29,15,0,48,338,25,1,8,2,7,4,1,5,49,2.90,49,2.90,29,0,5,11,3,1,5,0.30,1,0,2,1,1,0,18,8,4,7,7,10,28,35.7,18,21,2,19,4,22,8,0,16.9,583,11,34,202,358,98,581,72,32,44.4,30,41.7,371,2548,1300,41,36,22,39,25,431,122,120000,6240000
Alexis Mac Allister,MF,Brighton,23,35,31,2886.0,32.1,10,2,12,4,6,6,8,0,12.1,7.3,4.3,11.6,0.31,0.06,0.37,0.12,0.38,0.13,0.23,0.36,0.0,0.0,0.0,0.0,0.0,0.0,0.0,0.0,0.0,0.0,0.0,0.0,0.0,0.0,0.0,0.0,0.0,0.0,0.0,0.0,0.0,0.0,0.0,0.0,80,28,35.0,2.49,0.87,0.05,0.14,22.5,1586,1844,86.0,24936,6259,847,930,91.1,591,653,90.5,101,148,68.2,47,151,33,1,174,1785,52,35,15,11,29,5,12,7,106,3.31,106,3.31,76,7,9,8,4,2,8,0.25,7,0,1,0,0,0,70,39,22,40,8,34,71,47.9,37,26,2,24,22,92,10,1,32.1,2182,48,367,1194,644,63,2176,72,42,58.3,21,29.2,1319,6135,3072,69,74,8,47,36,1644,77,50000,2600000
Alisson,GK,Liverpool,29,37,37,3330.0,37.0,0,1,1,0,0,0,1,0,0.0,0.0,0.3,0.3,0.00,0.03,0.03,0.00,0.00,0.01,0.00,0.01,1.16,147,105,72.1,14,37.8,51.1,0.33,116,283,41.0,1256,210,18.4,26.9,193,26.9,31.3,397,23,5.8,89,2.41,19.8,0,0,,0.00,0.00,,,,1241,1453,85.4,29043,18696,307,309,99.4,657,666,98.6,273,469,58.2,1,16,0,0,3,1199,250,57,0,2,0,0,0,4,3,0.08,3,0.08,3,0,0,0,0,0,2,0.05,2,0,0,0,0,0,0,0,0,0,0,0,3,0.0,3,3,0,3,0,0,20,0,37.0,1536,1124,1498,39,0,0,1536,2,2,100.0,0,0.0,985,4654,2962,0,0,0,1,0,901,0,150000,7800000
Allan Saint-Maximin,FW,Newcastle Utd,25,25,12,1120.0,12.4,1,5,6,1,0,0,1,0,1.6,1.6,4.6,6.2,0.08,0.40,0.48,0.08,0.13,0.37,0.13,0.50,0.0,0.0,0.0,0.0,0.0,0.0,0.0,0.0,0.0,0.0,0.0,0.0,0.0,0.0,0.0,0.0,0.0,0.0,0.0,0.0,0.0,0.0,0.0,0.0,28,11,39.3,2.25,0.88,0.04,0.09,17.6,316,447,70.7,5087,1599,169,209,80.9,106,154,68.8,29,41,70.7,31,23,35,4,69,435,9,1,4,3,32,7,1,3,65,5.22,65,5.22,49,0,10,3,3,0,10,0.80,7,0,2,0,1,0,10,3,3,6,1,2,11,18.2,9,4,0,4,5,15,2,0,12.4,598,5,69,198,348,77,598,99,57,57.6,33,33.3,435,4137,2512,93,51,41,31,30,456,111,70000,3640000
Alphonse Areola,GK,West Ham,29,5,2,309.0,3.4,0,0,0,0,0,0,0,0,0.0,0.0,0.0,0.0,0.00,0.00,0.00,0.00,0.00,0.00,0.00,0.00,2.04,16,9,68.8,1,50.0,7.3,0.33,14,37,37.8,61,14,39.3,33.4,30,43.3,33.0,47,2,4.3,1,0.29,10.3,0,0,,0.00,0.00,,,,67,92,72.8,1737,1323,25,25,100.0,22,22,100.0,19,43,44.2,0,0,0,0,0,59,32,2,0,0,0,0,0,1,0,0.00,0,0.00,0,0,0,0,0,0,0,0.00,0,0,0,0,0,0,0,0,0,0,0,0,0,,0,0,0,0,0,0,0,0,3.4,98,91,98,0,0,0,98,0,0,,0,,53,253,153,0,0,0,0,0,42,0,120000,6240000
Amadou Onana,MF,Everton,20,33,29,2488.0,27.6,1,2,3,1,0,0,9,0,3.0,3.0,2.6,5.6,0.04,0.07,0.11,0.04,0.11,0.09,0.11,0.20,0.0,0.0,0.0,0.0,0.0,0.0,0.0,0.0,0.0,0.0,0.0,0.0,0.0,0.0,0.0,0.0,0.0,0.0,0.0,0.0,0.0,0.0,0.0,0.0,34,6,17.6,1.23,0.22,0.03,0.17,16.8,816,980,83.3,13145,3007,420,481,87.3,310,354,87.6,60,86,69.8,22,77,11,0,79,970,6,4,5,7,5,1,0,4,45,1.63,45,1.63,35,0,1,2,5,2,2,0.07,2,0,0,0,0,0,72,43,24,42,6,30,42,71.4,12,25,6,19,37,109,39,0,27.6,1310,58,287,745,295,52,1310,52,18,34.6,23,44.2,684,3563,1436,27,30,4,49,17,871,49,100000,5200000
Andreas Pereira,MF,Fulham,26,33,33,2692.0,29.9,4,6,10,3,1,1,8,0,7.3,6.5,5.2,11.7,0.13,0.20,0.33,0.10,0.24,0.17,0.22,0.39,0.0,0.0,0.0,0.0,0.0,0.0,0.0,0.0,0.0,0.0,0.0,0.0,0.0,0.0,0.0,0.0,0.0,0.0,0.0,0.0,0.0,0.0,0.0,0.0,61,22,36.1,2.04,0.74,0.05,0.14,21.3,701,1068,65.6,13078,4235,336,419,80.2,229,315,72.7,116,251,46.2,60,86,22,9,121,826,231,81,1,21,196,6,116,11,118,3.94,118,3.94,57,44,2,9,6,0,12,0.40,5,5,0,2,0,0,18,9,3,6,9,8,34,23.5,26,21,3,18,6,24,8,0,29.9,1312,14,106,608,613,65,1311,51,17,33.3,26,51.0,722,3951,1662,53,44,9,51,51,853,133,50000,2600000
Andrew Moran,FW,Brighton,18,1,0,12.0,0.1,0,0,0,0,0,0,0,0,0.0,0.0,0.0,0.0,0.00,0.00,0.00,0.00,0.00,0.00,0.00,0.00,0.0,0.0,0.0,0.0,0.0,0.0,0.0,0.0,0.0,0.0,0.0,0.0,0.0,0.0,0.0,0.0,0.0,0.0,0.0,0.0,0.0,0.0,0.0,0.0,0,0,,0.00,0.00,,,,1,2,50.0,13,0,1,1,100.0,0,1,0.0,0,0,,0,0,0,0,0,1,1,0,0,0,0,0,0,0,0,0.00,0,0.00,0,0,0,0,0,0,0,0.00,0,0,0,0,0,0,0,0,0,0,0,0,0,,0,1,0,1,0,0,0,0,0.1,6,0,0,5,1,0,6,0,0,,0,,3,2,1,0,0,0,2,0,3,1,0.0,0.0
Andrew Robertson,DF,Liverpool,28,34,29,2583.0,28.7,0,8,8,0,0,0,3,0,1.3,1.3,6.1,7.4,0.00,0.28,0.28,0.00,0.05,0.21,0.05,0.26,0.0,0.0,0.0,0.0,0.0,0.0,0.0,0.0,0.0,0.0,0.0,0.0,0.0,0.0,0.0,0.0,0.0,0.0,0.0,0.0,0.0,0.0,0.0,0.0,13,2,15.4,0.45,0.07,0.00,0.00,14.5,1803,2265,79.6,30554,9527,855,943,90.7,786,938,83.8,137,286,47.9,52,121,33,14,166,1883,375,65,2,12,195,229,81,7,95,3.31,95,3.31,59,27,1,4,1,3,13,0.45,9,4,0,0,0,0,38,21,12,16,10,21,41,51.2,20,32,5,27,18,56,50,3,28.7,2483,79,691,1084,727,59,2483,42,17,40.5,23,54.8,1385,6702,3934,80,60,10,31,7,1637,194,100000,5200000
André Ayew,"FW,MF",Nott'ham Forest,32,13,1,316.0,3.5,0,0,0,0,0,1,1,0,1.0,0.3,0.0,0.3,0.00,0.00,0.00,0.00,0.30,0.01,0.07,0.08,0.0,0.0,0.0,0.0,0.0,0.0,0.0,0.0,0.0,0.0,0.0,0.0,0.0,0.0,0.0,0.0,0.0,0.0,0.0,0.0,0.0,0.0,0.0,0.0,3,1,33.3,0.85,0.28,0.00,0.00,19.3,53,73,72.6,686,146,38,46,82.6,13,21,61.9,0,1,0.0,1,3,1,0,11,68,5,0,0,0,1,0,1,0,3,0.86,3,0.86,2,1,0,0,0,0,0,0.00,0,0,0,0,0,0,5,3,0,4,1,2,4,50.0,2,6,1,5,0,5,7,0,3.5,106,11,15,49,42,8,105,6,1,16.7,4,66.7,40,271,102,3,3,2,3,4,62,16,45000,2340000
Angelo Ogbonna,DF,West Ham,34,16,13,1237.0,13.7,0,0,0,0,0,0,0,0,0.3,0.3,0.2,0.5,0.00,0.00,0.00,0.00,0.02,0.02,0.02,0.03,0.0,0.0,0.0,0.0,0.0,0.0,0.0,0.0,0.0,0.0,0.0,0.0,0.0,0.0,0.0,0.0,0.0,0.0,0.0,0.0,0.0,0.0,0.0,0.0,3,0,0.0,0.22,0.00,0.00,,12.6,332,415,80.0,6299,2059,100,120,83.3,190,217,87.6,32,62,51.6,3,8,1,0,11,406,9,7,0,0,0,0,0,0,6,0.44,6,0.44,5,0,0,0,0,1,0,0.00,0,0,0,0,0,0,11,4,7,4,0,5,10,50.0,5,11,7,4,17,28,74,1,13.7,545,111,331,197,17,7,545,0,0,,0,,255,1288,436,0,0,0,1,3,281,2,70000,3640000
Anthony Elanga,FW,Manchester Utd,20,16,5,426.0,4.7,0,1,1,0,0,0,0,0,0.7,0.7,0.9,1.6,0.00,0.21,0.21,0.00,0.15,0.19,0.15,0.34,0.0,0.0,0.0,0.0,0.0,0.0,0.0,0.0,0.0,0.0,0.0,0.0,0.0,0.0,0.0,0.0,0.0,0.0,0.0,0.0,0.0,0.0,0.0,0.0,10,4,40.0,2.11,0.85,0.00,0.00,13.8,95,130,73.1,1201,298,65,86,75.6,23,32,71.9,3,3,100.0,6,3,3,0,8,127,3,0,0,1,7,2,0,0,17,3.59,17,3.59,13,0,0,3,1,0,1,0.21,1,0,0,0,0,0,3,0,0,2,1,1,2,50.0,1,4,0,4,2,5,4,0,4.7,197,4,26,71,100,28,197,15,5,33.3,7,46.7,109,656,276,12,3,7,13,7,139,28,5000,260000
Anthony Gordon,"FW,MF",Newcastle Utd,21,16,4,487.0,5.4,1,0,1,1,0,0,1,0,1.7,1.7,0.9,2.6,0.18,0.00,0.18,0.18,0.31,0.17,0.31,0.48,0.0,0.0,0.0,0.0,0.0,0.0,0.0,0.0,0.0,0.0,0.0,0.0,0.0,0.0,0.0,0.0,0.0,0.0,0.0,0.0,0.0,0.0,0.0,0.0,8,2,25.0,1.48,0.37,0.13,0.50,14.0,162,198,81.8,2222,547,105,115,91.3,44,54,81.5,7,12,58.3,6,11,5,0,15,191,4,1,2,0,9,1,2,3,16,2.96,16,2.96,10,1,1,1,2,1,1,0.18,1,0,0,0,0,0,14,12,5,7,2,9,20,45.0,11,9,1,8,2,16,1,1,5.4,275,5,30,112,135,27,275,21,7,33.3,13,61.9,169,1192,516,20,13,11,19,5,196,45,60000,3120000
Anthony Gordon,FW,Everton,21,16,12,1095.0,12.2,3,0,3,3,0,0,6,0,3.3,3.3,0.6,3.9,0.25,0.00,0.25,0.25,0.27,0.05,0.27,0.32,0.0,0.0,0.0,0.0,0.0,0.0,0.0,0.0,0.0,0.0,0.0,0.0,0.0,0.0,0.0,0.0,0.0,0.0,0.0,0.0,0.0,0.0,0.0,0.0,8,2,25.0,1.48,0.37,0.13,0.50,14.0,162,198,81.8,2222,547,105,115,91.3,44,54,81.5,7,12,58.3,6,11,5,0,15,191,4,1,2,0,9,1,2,3,16,2.96,16,2.96,10,1,1,1,2,1,1,0.18,1,0,0,0,0,0,14,12,5,7,2,9,20,45.0,11,9,1,8,2,16,1,1,5.4,275,5,30,112,135,27,275,21,7,33.3,13,61.9,169,1192,516,20,13,11,19,5,196,45,60000,3120000
Anthony Martial,FW,Manchester Utd,26,21,11,978.0,10.9,6,2,8,5,1,1,0,0,6.2,5.5,1.4,6.9,0.55,0.18,0.74,0.46,0.58,0.13,0.50,0.63,0.0,0.0,0.0,0.0,0.0,0.0,0.0,0.0,0.0,0.0,0.0,0.0,0.0,0.0,0.0,0.0,0.0,0.0,0.0,0.0,0.0,0.0,0.0,0.0,26,12,46.2,2.39,1.10,0.19,0.42,13.2,263,328,80.2,3259,910,173,198,87.4,61,73,83.6,9,14,64.3,12,14,13,0,35,314,12,3,3,0,4,2,0,2,28,2.58,28,2.58,22,0,1,3,1,1,5,0.46,2,0,1,1,1,0,5,3,0,2,3,1,4,25.0,3,11,2,9,1,6,4,0,10.9,443,10,31,166,249,49,442,26,14,53.8,9,34.6,297,1296,570,18,13,8,33,20,371,87,250000,13000000
Antoine Semenyo,"FW,MF",Bournemouth,22,11,2,258.0,2.9,1,0,1,1,0,0,0,0,0.3,0.3,0.1,0.4,0.35,0.00,0.35,0.35,0.09,0.03,0.09,0.12,0.0,0.0,0.0,0.0,0.0,0.0,0.0,0.0,0.0,0.0,0.0,0.0,0.0,0.0,0.0,0.0,0.0,0.0,0.0,0.0,0.0,0.0,0.0,0.0,3,1,33.3,1.05,0.35,0.33,1.00,17.2,38,57,66.7,543,153,24,33,72.7,11,13,84.6,2,4,50.0,2,5,0,0,5,53,4,0,0,1,1,0,0,0,7,2.44,7,2.44,3,0,2,1,1,0,0,0.00,0,0,0,0,0,0,1,0,0,0,1,1,6,16.7,5,10,1,9,2,3,4,0,2.9,102,8,24,43,39,5,102,6,3,50.0,2,33.3,58,508,239,5,9,4,12,6,64,11,20000,1040000
Antonee Robinson,DF,Fulham,24,35,35,3088.0,34.3,0,1,1,0,0,0,8,0,0.1,0.1,1.3,1.3,0.00,0.03,0.03,0.00,0.00,0.04,0.00,0.04,0.0,0.0,0.0,0.0,0.0,0.0,0.0,0.0,0.0,0.0,0.0,0.0,0.0,0.0,0.0,0.0,0.0,0.0,0.0,0.0,0.0,0.0,0.0,0.0,3,0,0.0,0.09,0.00,0.00,,25.7,1404,1910,73.5,24327,9684,625,725,86.2,612,792,77.3,137,294,46.6,21,104,42,25,129,1582,327,18,0,5,134,309,0,1,58,1.69,58,1.69,52,2,2,0,1,1,6,0.17,4,0,1,0,1,0,62,38,43,15,4,44,65,67.7,21,49,13,36,53,115,83,3,34.3,2260,125,778,938,580,29,2260,75,40,53.3,26,34.7,1174,7863,4290,113,87,10,40,20,1263,153,25000,1300000
Antony,FW,Manchester Utd,22,25,23,1802.0,20.0,4,2,6,4,0,0,5,0,6.6,6.6,2.9,9.4,0.20,0.10,0.30,0.20,0.33,0.14,0.33,0.47,0.0,0.0,0.0,0.0,0.0,0.0,0.0,0.0,0.0,0.0,0.0,0.0,0.0,0.0,0.0,0.0,0.0,0.0,0.0,0.0,0.0,0.0,0.0,0.0,72,24,33.3,3.60,1.20,0.06,0.17,19.6,651,819,79.5,8497,1915,439,495,88.7,146,197,74.1,31,51,60.8,28,29,33,2,74,804,15,1,3,2,32,13,1,0,74,3.69,74,3.69,61,0,5,3,4,1,7,0.35,6,0,1,0,0,0,22,9,9,9,4,8,28,28.6,20,18,0,18,11,33,6,0,20.0,1066,12,134,348,609,85,1066,77,30,39.0,38,49.4,763,4783,2569,95,60,32,37,12,813,168,200000,10400000
Armando Broja,FW,Chelsea,20,12,2,294.0,3.3,1,0,1,1,0,0,0,0,0.8,0.8,0.1,0.9,0.31,0.00,0.31,0.31,0.26,0.02,0.26,0.27,0.0,0.0,0.0,0.0,0.0,0.0,0.0,0.0,0.0,0.0,0.0,0.0,0.0,0.0,0.0,0.0,0.0,0.0,0.0,0.0,0.0,0.0,0.0,0.0,6,5,83.3,1.84,1.53,0.17,0.20,11.0,33,53,62.3,466,54,21,33,63.6,9,15,60.0,2,3,66.7,1,1,1,0,4,51,2,0,0,1,0,0,0,0,4,1.22,4,1.22,2,0,0,0,2,0,2,0.61,1,0,0,0,1,0,4,1,0,3,1,1,1,100.0,0,10,1,9,1,5,1,0,3.3,110,2,7,41,63,16,110,15,8,53.3,5,33.3,54,399,199,8,1,5,15,9,71,17,40000,2080000
Armel Bella Kotchap,DF,Southampton,20,24,24,1879.0,20.9,0,2,2,0,0,0,4,0,1.0,1.0,1.0,2.1,0.00,0.10,0.10,0.00,0.05,0.05,0.05,0.10,0.0,0.0,0.0,0.0,0.0,0.0,0.0,0.0,0.0,0.0,0.0,0.0,0.0,0.0,0.0,0.0,0.0,0.0,0.0,0.0,0.0,0.0,0.0,0.0,14,2,14.3,0.67,0.10,0.00,0.00,16.1,749,937,79.9,13980,4521,290,325,89.2,384,424,90.6,67,159,42.1,6,32,4,0,39,908,28,21,1,9,4,5,0,1,14,0.67,14,0.67,7,0,1,3,2,1,2,0.10,1,0,0,1,0,0,37,17,28,9,0,15,20,75.0,5,29,12,17,44,81,110,0,20.9,1211,209,654,519,46,22,1211,11,4,36.4,3,27.3,697,3570,1899,9,12,2,9,6,682,2,15000,780000
Arnaut Danjuma,"FW,MF",Tottenham,25,9,1,169.0,1.9,1,0,1,1,0,0,0,0,0.8,0.8,0.0,0.9,0.53,0.00,0.53,0.53,0.43,0.02,0.43,0.45,0.0,0.0,0.0,0.0,0.0,0.0,0.0,0.0,0.0,0.0,0.0,0.0,0.0,0.0,0.0,0.0,0.0,0.0,0.0,0.0,0.0,0.0,0.0,0.0,6,3,50.0,3.20,1.60,0.17,0.33,14.2,39,56,69.6,514,107,29,35,82.9,8,10,80.0,2,2,100.0,1,5,2,2,2,56,0,0,0,0,2,0,0,0,4,2.13,4,2.13,4,0,0,0,0,0,0,0.00,0,0,0,0,0,0,2,0,1,1,0,0,0,,0,1,0,1,0,2,0,0,1.9,72,1,5,35,32,8,72,6,3,50.0,3,50.0,44,233,128,5,2,2,1,3,58,19,45000,2340000
Ashley Young,DF,Aston Villa,37,29,23,2036.0,22.6,1,0,1,1,0,0,7,0,0.5,0.5,1.0,1.4,0.04,0.00,0.04,0.04,0.02,0.04,0.02,0.06,0.0,0.0,0.0,0.0,0.0,0.0,0.0,0.0,0.0,0.0,0.0,0.0,0.0,0.0,0.0,0.0,0.0,0.0,0.0,0.0,0.0,0.0,0.0,0.0,15,3,20.0,0.66,0.13,0.07,0.33,25.1,897,1188,75.5,16006,6166,415,468,88.7,396,490,80.8,77,177,43.5,14,82,18,5,107,945,235,57,2,12,42,172,6,8,40,1.77,40,1.77,34,3,2,1,0,0,2,0.09,2,0,0,0,0,0,50,27,34,15,1,37,50,74.0,13,25,11,14,21,71,65,0,22.6,1411,86,502,675,252,10,1411,22,8,36.4,10,45.5,701,3235,1554,29,20,4,18,5,767,33,50000,2600000
Asmir Begović,GK,Everton,35,1,1,90.0,1.0,0,0,0,0,0,0,0,0,0.0,0.0,0.0,0.0,0.00,0.00,0.00,0.00,0.00,0.00,0.00,0.00,0.00,4,4,100.0,1,100.0,0.5,0.12,4,13,30.8,22,5,36.4,34.9,8,62.5,46.8,23,1,4.3,0,0.00,5.0,0,0,,0.00,0.00,,,,21,30,70.0,584,423,3,3,100.0,10,10,100.0,8,17,47.1,0,0,0,0,0,21,9,1,0,0,0,0,0,0,0,0.00,0,0.00,0,0,0,0,0,0,0,0.00,0,0,0,0,0,0,0,0,0,0,0,0,0,,0,0,0,0,0,0,1,0,1.0,33,31,33,0,0,0,33,0,0,,0,,19,75,47,0,0,0,0,0,13,0,45000,2340000
Aymeric Laporte,DF,Manchester City,28,12,11,993.0,11.0,0,0,0,0,0,0,0,0,0.5,0.5,0.2,0.7,0.00,0.00,0.00,0.00,0.04,0.02,0.04,0.06,0.0,0.0,0.0,0.0,0.0,0.0,0.0,0.0,0.0,0.0,0.0,0.0,0.0,0.0,0.0,0.0,0.0,0.0,0.0,0.0,0.0,0.0,0.0,0.0,10,1,10.0,0.91,0.09,0.00,0.00,14.9,892,964,92.5,14630,4347,441,463,95.2,387,405,95.6,52,74,70.3,5,87,7,0,85,926,37,21,1,6,6,10,0,1,17,1.54,17,1.54,16,0,0,1,0,0,0,0.00,0,0,0,0,0,0,11,8,6,4,1,7,11,63.6,4,10,4,6,3,14,30,1,11.0,1036,85,335,538,166,13,1036,4,2,50.0,1,25.0,702,4015,2882,30,44,0,3,0,806,11,120000,6240000
Ayoze Pérez,"MF,FW",Leicester City,29,8,3,382.0,4.2,0,1,1,0,0,0,0,0,1.1,1.1,1.5,2.6,0.00,0.24,0.24,0.00,0.27,0.35,0.27,0.62,0.0,0.0,0.0,0.0,0.0,0.0,0.0,0.0,0.0,0.0,0.0,0.0,0.0,0.0,0.0,0.0,0.0,0.0,0.0,0.0,0.0,0.0,0.0,0.0,8,2,25.0,1.88,0.47,0.00,0.00,15.9,118,171,69.0,1698,468,75,89,84.3,28,43,65.1,9,18,50.0,11,13,6,0,20,156,14,1,5,0,17,1,11,1,14,3.29,14,3.29,11,2,0,0,1,0,2,0.47,1,0,0,0,1,0,11,8,5,4,2,8,19,42.1,11,6,0,6,2,13,3,0,4.2,244,3,38,104,108,17,244,21,6,28.6,12,57.1,132,696,356,17,6,6,12,11,155,43,45000,2340000
Ben Chilwell,"DF,MF",Chelsea,25,23,15,1408.0,15.6,2,2,4,2,0,0,3,0,1.4,1.4,2.2,3.7,0.13,0.13,0.26,0.13,0.09,0.14,0.09,0.23,0.0,0.0,0.0,0.0,0.0,0.0,0.0,0.0,0.0,0.0,0.0,0.0,0.0,0.0,0.0,0.0,0.0,0.0,0.0,0.0,0.0,0.0,0.0,0.0,16,4,25.0,1.02,0.26,0.13,0.50,16.1,762,977,78.0,10963,3238,469,507,92.5,223,284,78.5,42,123,34.1,21,42,10,7,41,774,198,25,2,5,92,121,52,5,39,2.49,39,2.49,19,17,0,1,2,0,4,0.26,2,1,0,0,1,0,21,17,12,8,1,13,25,52.0,12,21,2,19,18,39,26,0,15.6,1133,23,284,426,426,36,1133,23,8,34.8,12,52.2,629,3401,1852,43,36,8,25,18,722,131,190000,9880000
Ben Davies,DF,Tottenham,29,31,26,2288.0,25.4,2,2,4,2,0,0,4,0,1.0,1.0,2.5,3.5,0.08,0.08,0.16,0.08,0.04,0.10,0.04,0.14,0.0,0.0,0.0,0.0,0.0,0.0,0.0,0.0,0.0,0.0,0.0,0.0,0.0,0.0,0.0,0.0,0.0,0.0,0.0,0.0,0.0,0.0,0.0,0.0,14,5,35.7,0.55,0.20,0.14,0.40,16.7,1040,1281,81.2,17332,5962,500,559,89.4,445,514,86.6,69,136,50.7,20,79,9,6,107,1190,87,27,1,8,35,60,0,4,37,1.46,37,1.46,33,1,0,3,0,0,7,0.28,5,0,0,2,0,0,28,11,13,13,2,14,26,53.8,12,17,8,9,18,46,72,0,25.4,1482,95,514,749,223,29,1482,15,5,33.3,7,46.7,835,4386,2692,39,33,4,11,5,1012,69,80000,4160000
Ben Doak,FW,Liverpool,16,2,0,26.0,0.3,0,0,0,0,0,0,0,0,0.0,0.0,0.0,0.0,0.00,0.00,0.00,0.00,0.00,0.00,0.00,0.00,0.0,0.0,0.0,0.0,0.0,0.0,0.0,0.0,0.0,0.0,0.0,0.0,0.0,0.0,0.0,0.0,0.0,0.0,0.0,0.0,0.0,0.0,0.0,0.0,0,0,,0.00,0.00,,,,10,14,71.4,86,17,9,10,90.0,0,1,0.0,0,1,0.0,0,0,0,0,1,14,0,0,0,0,0,0,0,0,0,0.00,0,0.00,0,0,0,0,0,0,0,0.00,0,0,0,0,0,0,3,2,1,2,0,1,1,100.0,0,1,0,1,0,3,0,0,0.3,22,0,4,10,10,2,22,4,0,0.0,4,100.0,16,182,51,1,3,2,1,0,15,4,0.0,0.0
Ben Godfrey,DF,Everton,24,13,10,802.0,8.9,0,1,1,0,0,0,2,0,1.2,1.2,0.2,1.4,0.00,0.11,0.11,0.00,0.14,0.02,0.14,0.16,0.0,0.0,0.0,0.0,0.0,0.0,0.0,0.0,0.0,0.0,0.0,0.0,0.0,0.0,0.0,0.0,0.0,0.0,0.0,0.0,0.0,0.0,0.0,0.0,6,0,0.0,0.67,0.00,0.00,,13.1,182,281,64.8,3067,1252,90,111,81.1,73,111,65.8,16,41,39.0,3,24,1,1,19,232,48,1,0,0,7,47,0,1,4,0.45,4,0.45,4,0,0,0,0,0,2,0.22,2,0,0,0,0,0,20,11,13,5,2,11,29,37.9,18,12,6,6,8,28,33,1,8.9,391,55,159,175,63,8,391,8,3,37.5,3,37.5,162,830,426,9,8,0,12,3,159,7,75000,3900000
Ben Johnson,DF,West Ham,22,17,9,866.0,9.6,0,0,0,0,0,0,0,0,0.1,0.1,0.2,0.3,0.00,0.00,0.00,0.00,0.01,0.02,0.01,0.03,0.0,0.0,0.0,0.0,0.0,0.0,0.0,0.0,0.0,0.0,0.0,0.0,0.0,0.0,0.0,0.0,0.0,0.0,0.0,0.0,0.0,0.0,0.0,0.0,2,1,50.0,0.21,0.10,0.00,0.00,21.2,395,535,73.8,6958,2496,177,202,87.6,175,217,80.6,35,85,41.2,3,27,10,5,37,463,71,7,0,7,16,62,0,1,8,0.83,8,0.83,7,0,1,0,0,0,0,0.00,0,0,0,0,0,0,20,14,12,4,4,12,18,66.7,6,12,4,8,9,29,28,1,9.6,627,43,256,289,87,2,627,17,8,47.1,6,35.3,276,1449,650,15,6,1,7,7,335,22,20000,1040000
Ben Mee,DF,Brentford,32,37,37,3269.0,36.3,3,1,4,3,0,0,2,0,3.1,3.1,1.3,4.5,0.08,0.03,0.11,0.08,0.09,0.04,0.09,0.12,0.0,0.0,0.0,0.0,0.0,0.0,0.0,0.0,0.0,0.0,0.0,0.0,0.0,0.0,0.0,0.0,0.0,0.0,0.0,0.0,0.0,0.0,0.0,0.0,28,7,25.0,0.77,0.19,0.11,0.43,10.3,1348,1761,76.5,25834,10693,520,609,85.4,648,784,82.7,169,316,53.5,8,86,7,1,84,1625,130,38,0,10,7,90,0,6,33,0.91,33,0.91,23,0,1,7,1,1,1,0.03,1,0,0,0,0,0,45,24,28,13,4,20,37,54.1,17,54,42,12,48,93,122,2,36.3,2122,272,1089,887,156,71,2122,13,12,92.3,1,7.7,1146,4790,2581,8,11,3,18,2,1179,14,55000,2860000
Ben Pearson,MF,Bournemouth,27,7,3,286.0,3.2,0,0,0,0,0,0,1,0,0.0,0.0,0.0,0.0,0.00,0.00,0.00,0.00,0.01,0.00,0.01,0.01,0.0,0.0,0.0,0.0,0.0,0.0,0.0,0.0,0.0,0.0,0.0,0.0,0.0,0.0,0.0,0.0,0.0,0.0,0.0,0.0,0.0,0.0,0.0,0.0,2,1,50.0,0.63,0.31,0.00,0.00,25.2,108,134,80.6,1814,501,50,58,86.2,45,55,81.8,8,15,53.3,0,8,0,0,5,130,4,3,0,1,0,0,0,0,2,0.63,2,0.63,1,0,0,1,0,0,0,0.00,0,0,0,0,0,0,7,3,3,3,1,1,3,33.3,2,4,0,4,2,9,6,0,3.2,162,8,56,90,17,0,162,1,0,0.0,0,0.0,72,242,103,2,0,0,6,0,100,4,8000,416000
Ben White,DF,Arsenal,24,38,36,3055.0,33.9,2,5,7,2,0,0,5,0,1.3,1.3,3.2,4.5,0.06,0.15,0.21,0.06,0.04,0.09,0.04,0.13,0.0,0.0,0.0,0.0,0.0,0.0,0.0,0.0,0.0,0.0,0.0,0.0,0.0,0.0,0.0,0.0,0.0,0.0,0.0,0.0,0.0,0.0,0.0,0.0,10,2,20.0,0.29,0.06,0.20,1.00,16.7,1888,2242,84.2,31271,10700,893,974,91.7,851,972,87.6,107,205,52.2,26,226,42,12,249,1951,285,57,6,13,57,228,0,6,64,1.89,64,1.89,56,7,0,0,1,0,13,0.38,12,1,0,0,0,0,60,31,23,30,7,42,70,60.0,28,47,11,36,22,82,79,1,33.9,2533,103,554,1306,685,48,2533,29,8,27.6,15,51.7,1448,6506,3565,64,46,3,27,7,1698,124,120000,6240000
Benoît Badiashile,DF,Chelsea,21,11,10,905.0,10.1,1,0,1,1,0,0,2,0,1.2,1.2,0.5,1.6,0.10,0.00,0.10,0.10,0.12,0.05,0.12,0.16,0.0,0.0,0.0,0.0,0.0,0.0,0.0,0.0,0.0,0.0,0.0,0.0,0.0,0.0,0.0,0.0,0.0,0.0,0.0,0.0,0.0,0.0,0.0,0.0,6,2,33.3,0.60,0.20,0.17,0.50,7.2,769,860,89.4,14061,5150,284,315,90.2,419,448,93.5,58,83,69.9,3,47,5,0,56,840,19,17,1,6,2,2,0,1,12,1.19,12,1.19,11,0,0,0,0,1,0,0.00,0,0,0,0,0,0,14,8,10,4,0,9,14,64.3,5,5,2,3,16,30,34,1,10.1,945,95,469,458,25,11,945,3,1,33.3,2,66.7,630,3020,1774,11,2,0,2,3,689,2,90000,4680000
Bernardo Silva,"MF,FW",Manchester City,27,34,24,2205.0,24.5,4,5,9,4,0,0,5,0,2.2,2.2,3.3,5.4,0.16,0.20,0.37,0.16,0.09,0.13,0.09,0.22,0.0,0.0,0.0,0.0,0.0,0.0,0.0,0.0,0.0,0.0,0.0,0.0,0.0,0.0,0.0,0.0,0.0,0.0,0.0,0.0,0.0,0.0,0.0,0.0,25,9,36.0,1.02,0.37,0.16,0.44,18.1,1317,1543,85.4,20840,3604,717,771,93.0,462,529,87.3,92,149,61.7,31,76,35,11,130,1468,73,15,3,10,75,48,7,2,75,3.06,75,3.06,65,1,4,1,3,1,12,0.49,11,0,0,0,1,0,44,23,11,25,8,18,45,40.0,27,23,6,17,16,60,6,0,24.5,1772,31,281,797,707,92,1772,64,28,43.8,29,45.3,1115,7092,3523,90,73,29,30,31,1324,188,150000,7800000
Bernd Leno,GK,Fulham,30,36,36,3240.0,36.0,0,0,0,0,0,0,3,0,0.0,0.0,0.0,0.0,0.00,0.00,0.00,0.00,0.00,0.00,0.00,0.00,1.42,192,142,77.1,8,22.2,58.0,0.27,124,391,31.7,1153,190,26.0,30.0,242,37.6,36.0,464,35,7.5,46,1.28,14.9,0,0,,0.00,0.00,,,,1110,1397,79.5,26975,16383,234,235,99.6,651,655,99.4,223,503,44.3,1,11,0,0,0,1041,354,112,0,2,0,0,0,2,2,0.06,2,0.06,2,0,0,0,0,0,0,0.00,0,0,0,0,0,0,0,0,0,0,0,0,3,0.0,3,0,0,0,0,0,18,1,36.0,1499,1188,1492,7,0,0,1499,0,0,,0,,857,4060,2355,0,0,0,1,0,752,0,90000,4680000
Bertrand Traoré,"FW,MF",Aston Villa,26,8,1,233.0,2.6,2,0,2,2,0,0,1,0,0.7,0.7,0.1,0.8,0.77,0.00,0.77,0.77,0.28,0.03,0.28,0.30,0.0,0.0,0.0,0.0,0.0,0.0,0.0,0.0,0.0,0.0,0.0,0.0,0.0,0.0,0.0,0.0,0.0,0.0,0.0,0.0,0.0,0.0,0.0,0.0,9,3,33.3,3.48,1.16,0.22,0.67,16.4,59,75,78.7,868,258,36,40,90.0,18,21,85.7,3,5,60.0,1,1,5,3,9,72,2,0,0,2,5,1,1,1,4,1.55,4,1.55,3,0,0,0,1,0,0,0.00,0,0,0,0,0,0,1,1,1,0,0,1,4,25.0,3,5,0,5,2,3,0,0,2.6,114,0,8,41,66,13,114,4,1,25.0,3,75.0,81,462,246,9,3,5,8,7,89,28,77885,4050000
Billy Gilmour,MF,Brighton,21,14,7,507.0,5.6,0,1,1,0,0,0,1,0,0.5,0.5,0.2,0.8,0.00,0.18,0.18,0.00,0.09,0.04,0.09,0.13,0.0,0.0,0.0,0.0,0.0,0.0,0.0,0.0,0.0,0.0,0.0,0.0,0.0,0.0,0.0,0.0,0.0,0.0,0.0,0.0,0.0,0.0,0.0,0.0,6,1,16.7,1.07,0.18,0.00,0.00,20.1,364,408,89.2,5781,1399,188,205,91.7,144,152,94.7,26,37,70.3,2,30,6,0,35,403,2,2,2,1,2,0,0,3,14,2.48,14,2.48,12,0,0,0,1,1,3,0.53,3,0,0,0,0,0,5,2,2,2,1,2,8,25.0,6,5,2,3,6,11,5,0,5.6,453,15,112,276,71,4,453,6,2,33.3,2,33.3,248,1157,583,5,8,1,6,5,350,4,20000,1040000
Bobby Clark,MF,Liverpool,17,1,0,8.0,0.1,0,0,0,0,0,0,0,0,0.0,0.0,0.0,0.0,0.00,0.00,0.00,0.00,0.00,0.00,0.00,0.00,0.0,0.0,0.0,0.0,0.0,0.0,0.0,0.0,0.0,0.0,0.0,0.0,0.0,0.0,0.0,0.0,0.0,0.0,0.0,0.0,0.0,0.0,0.0,0.0,0,0,,0.00,0.00,,,,1,1,100.0,29,17,0,0,,1,1,100.0,0,0,,0,0,1,0,1,1,0,0,0,0,0,0,0,0,0,0.00,0,0.00,0,0,0,0,0,0,0,0.00,0,0,0,0,0,0,0,0,0,0,0,0,0,,0,2,0,2,0,0,0,0,0.1,7,0,0,0,7,1,7,1,0,0.0,1,100.0,3,3,0,0,0,0,2,0,3,2,0.0,0.0
Bobby De Cordova-Reid,"FW,DF",Fulham,29,36,29,2475.0,27.5,4,1,5,4,0,0,8,0,3.9,3.9,1.7,5.6,0.15,0.04,0.18,0.15,0.14,0.06,0.14,0.20,0.0,0.0,0.0,0.0,0.0,0.0,0.0,0.0,0.0,0.0,0.0,0.0,0.0,0.0,0.0,0.0,0.0,0.0,0.0,0.0,0.0,0.0,0.0,0.0,31,10,32.3,1.13,0.36,0.13,0.40,13.7,636,907,70.1,9625,3067,341,416,82.0,226,319,70.8,34,81,42.0,19,36,38,10,63,829,74,6,1,2,53,68,0,4,54,1.96,54,1.96,36,1,3,5,7,2,3,0.11,1,0,0,1,0,1,42,24,14,14,14,16,36,44.4,20,25,3,22,20,62,28,1,27.5,1191,55,228,489,490,77,1191,54,19,35.2,26,48.1,649,2956,1333,46,33,11,53,32,759,186,35000,1820000
Boubacar Kamara,MF,Aston Villa,22,24,21,1777.0,19.7,0,1,1,0,0,0,4,0,0.2,0.2,0.8,1.0,0.00,0.05,0.05,0.00,0.01,0.04,0.01,0.05,0.0,0.0,0.0,0.0,0.0,0.0,0.0,0.0,0.0,0.0,0.0,0.0,0.0,0.0,0.0,0.0,0.0,0.0,0.0,0.0,0.0,0.0,0.0,0.0,4,1,25.0,0.20,0.05,0.00,0.00,29.7,798,941,84.8,13161,3895,395,441,89.6,303,334,90.7,67,95,70.5,7,61,6,0,84,907,34,32,2,10,1,0,0,0,23,1.17,23,1.17,19,0,1,0,3,0,4,0.20,2,0,1,0,1,0,58,25,25,23,10,27,56,48.2,29,38,12,26,19,77,24,3,19.7,1145,65,362,662,132,10,1145,35,16,45.7,12,34.3,622,2571,1173,16,11,1,20,14,713,8,150000,7800000
Boubacar Traoré,MF,Wolves,20,10,4,411.0,4.6,0,1,1,0,0,0,2,0,0.1,0.1,0.2,0.2,0.00,0.22,0.22,0.00,0.01,0.04,0.01,0.05,0.0,0.0,0.0,0.0,0.0,0.0,0.0,0.0,0.0,0.0,0.0,0.0,0.0,0.0,0.0,0.0,0.0,0.0,0.0,0.0,0.0,0.0,0.0,0.0,3,0,0.0,0.66,0.00,0.00,,29.3,118,149,79.2,1952,617,56,66,84.8,55,63,87.3,6,11,54.5,1,16,1,0,8,146,0,0,0,0,1,0,0,3,6,1.32,6,1.32,6,0,0,0,0,0,2,0.44,2,0,0,0,0,0,12,5,4,5,3,3,7,42.9,4,4,2,2,7,19,1,0,4.6,185,6,51,110,26,2,185,9,4,44.4,4,44.4,90,529,267,4,3,0,3,3,104,2,55000,2860000
Boubakary Soumaré,MF,Leicester City,23,26,20,1629.0,18.1,0,0,0,0,0,0,9,0,0.0,0.0,0.4,0.4,0.00,0.00,0.00,0.00,0.00,0.02,0.00,0.02,0.0,0.0,0.0,0.0,0.0,0.0,0.0,0.0,0.0,0.0,0.0,0.0,0.0,0.0,0.0,0.0,0.0,0.0,0.0,0.0,0.0,0.0,0.0,0.0,1,0,0.0,0.06,0.00,0.00,,28.0,776,902,86.0,11579,3059,429,470,91.3,276,314,87.9,39,57,68.4,11,80,5,1,73,895,7,6,2,2,2,0,0,0,23,1.27,23,1.27,22,0,1,0,0,0,1,0.06,1,0,0,0,0,0,57,34,29,26,2,23,44,52.3,21,15,4,11,33,90,27,1,18.1,1091,45,319,675,112,2,1091,22,12,54.5,6,27.3,588,2940,1182,17,12,0,26,22,733,20,80000,4160000
Brenden Aaronson,"MF,FW",Leeds United,21,36,28,2372.0,26.4,1,3,4,1,0,0,2,0,3.9,3.9,4.2,8.1,0.04,0.11,0.15,0.04,0.15,0.16,0.15,0.31,0.0,0.0,0.0,0.0,0.0,0.0,0.0,0.0,0.0,0.0,0.0,0.0,0.0,0.0,0.0,0.0,0.0,0.0,0.0,0.0,0.0,0.0,0.0,0.0,41,9,22.0,1.56,0.34,0.02,0.11,18.4,592,797,74.3,7577,2182,346,423,81.8,150,195,76.9,25,65,38.5,46,47,16,4,86,711,85,26,8,2,72,5,38,1,95,3.60,95,3.60,57,17,7,5,8,1,7,0.27,3,1,0,1,1,1,45,18,16,22,7,15,46,32.6,31,43,3,40,5,50,6,1,26.4,1143,12,116,495,554,72,1143,100,34,34.0,48,48.0,687,3651,1532,43,34,13,71,82,767,151,45000,2340000
Brennan Johnson,"FW,MF",Nott'ham Forest,21,38,33,2934.0,32.6,8,3,11,7,1,3,6,0,8.6,6.2,3.2,9.4,0.25,0.09,0.34,0.21,0.26,0.10,0.19,0.29,0.0,0.0,0.0,0.0,0.0,0.0,0.0,0.0,0.0,0.0,0.0,0.0,0.0,0.0,0.0,0.0,0.0,0.0,0.0,0.0,0.0,0.0,0.0,0.0,52,24,46.2,1.60,0.74,0.13,0.29,16.6,291,505,57.6,4220,809,155,223,69.5,103,177,58.2,15,34,44.1,28,12,18,6,30,480,23,0,0,2,58,4,1,2,55,1.69,55,1.69,36,0,6,7,5,1,11,0.34,5,0,1,3,2,0,34,20,18,8,8,8,29,27.6,21,30,1,29,5,39,7,1,32.6,806,9,90,309,434,116,803,88,33,37.5,41,46.6,450,3848,2111,88,46,42,76,25,507,155,30000,1560000
Bruno Fernandes,"MF,FW",Manchester Utd,27,37,37,3316.0,36.8,8,8,16,6,2,2,6,0,9.3,7.7,16.7,24.4,0.22,0.22,0.43,0.16,0.25,0.45,0.21,0.66,0.0,0.0,0.0,0.0,0.0,0.0,0.0,0.0,0.0,0.0,0.0,0.0,0.0,0.0,0.0,0.0,0.0,0.0,0.0,0.0,0.0,0.0,0.0,0.0,90,32,35.6,2.44,0.87,0.07,0.19,20.8,1498,2030,73.8,25425,8933,767,897,85.5,495,633,78.2,181,331,54.7,119,148,89,10,263,1838,182,32,35,36,141,24,83,10,219,5.94,219,5.94,164,26,8,12,9,0,18,0.49,16,0,0,1,1,0,68,42,24,25,19,30,71,42.3,41,37,5,32,25,93,40,1,36.8,2408,68,386,966,1078,149,2406,66,32,48.5,28,42.4,1385,6213,3272,89,68,28,42,42,1689,231,240000,12480000
Bruno Guimarães,MF,Newcastle Utd,24,32,32,2726.0,30.3,4,5,9,4,0,0,7,0,2.8,2.8,4.0,6.8,0.13,0.17,0.30,0.13,0.09,0.13,0.09,0.22,0.0,0.0,0.0,0.0,0.0,0.0,0.0,0.0,0.0,0.0,0.0,0.0,0.0,0.0,0.0,0.0,0.0,0.0,0.0,0.0,0.0,0.0,0.0,0.0,28,8,28.6,0.92,0.26,0.14,0.50,19.7,1387,1668,83.2,24038,6632,659,741,88.9,539,614,87.8,149,216,69.0,42,147,54,2,222,1617,42,34,25,20,22,5,3,9,110,3.63,110,3.63,92,1,3,1,11,2,12,0.40,11,0,0,0,0,1,78,40,27,46,5,38,65,58.5,27,28,4,24,36,114,22,1,30.3,2014,59,392,1076,575,50,2014,92,45,48.9,26,28.3,1321,7248,2911,41,47,5,46,60,1503,42,120000,6240000
Bryan Gil,"MF,FW",Tottenham,21,4,2,148.0,1.6,0,1,1,0,0,0,1,0,0.1,0.1,0.2,0.3,0.00,0.61,0.61,0.00,0.06,0.11,0.06,0.17,0.0,0.0,0.0,0.0,0.0,0.0,0.0,0.0,0.0,0.0,0.0,0.0,0.0,0.0,0.0,0.0,0.0,0.0,0.0,0.0,0.0,0.0,0.0,0.0,2,1,50.0,1.22,0.61,0.00,0.00,19.4,47,60,78.3,638,92,26,32,81.3,14,16,87.5,2,4,50.0,2,3,2,0,5,57,3,1,0,0,2,1,0,0,5,3.04,5,3.04,4,0,1,0,0,0,3,1.82,3,0,0,0,0,0,3,1,3,0,0,0,3,0.0,3,3,0,3,1,4,1,0,1.6,80,1,13,30,37,2,80,5,2,40.0,3,60.0,55,337,145,4,3,0,5,3,61,15,40000,2080000
Bryan Mbeumo,FW,Brentford,22,38,36,2906.0,32.3,9,8,17,8,1,1,5,0,9.6,8.8,7.5,16.3,0.28,0.25,0.53,0.25,0.30,0.23,0.27,0.50,0.0,0.0,0.0,0.0,0.0,0.0,0.0,0.0,0.0,0.0,0.0,0.0,0.0,0.0,0.0,0.0,0.0,0.0,0.0,0.0,0.0,0.0,0.0,0.0,70,32,45.7,2.17,0.99,0.11,0.25,16.3,655,991,66.1,10466,3238,376,456,82.5,185,287,64.5,71,151,47.0,51,37,45,13,88,845,139,48,7,7,156,19,71,7,97,3.00,97,3.00,62,27,7,0,1,0,15,0.46,12,2,1,0,0,0,26,18,5,13,8,8,42,19.0,34,24,1,23,13,39,21,0,32.3,1335,24,177,425,755,125,1334,88,45,51.1,37,42.0,776,4292,1862,66,33,26,72,54,862,235,45000,2340000
Bukayo Saka,FW,Arsenal,20,38,37,3181.0,35.3,14,11,25,12,2,3,6,0,11.2,9.1,8.5,17.6,0.40,0.31,0.71,0.34,0.32,0.24,0.26,0.50,0.0,0.0,0.0,0.0,0.0,0.0,0.0,0.0,0.0,0.0,0.0,0.0,0.0,0.0,0.0,0.0,0.0,0.0,0.0,0.0,0.0,0.0,0.0,0.0,86,29,33.7,2.43,0.82,0.14,0.41,16.3,1054,1430,73.7,15405,3694,653,753,86.7,292,378,77.2,70,164,42.7,75,50,66,12,109,1297,131,11,2,3,172,21,99,2,162,4.58,162,4.58,106,27,9,11,7,2,28,0.79,20,4,2,1,0,1,63,34,22,15,26,20,44,45.5,24,38,0,38,14,77,19,0,35.3,1882,21,160,473,1270,237,1879,164,64,39.0,69,42.1,1191,8353,4563,179,93,84,78,59,1361,520,70000,3640000
Cafú,MF,Nott'ham Forest,29,1,0,7.0,0.1,0,0,0,0,0,0,0,0,0.0,0.0,0.0,0.0,0.00,0.00,0.00,0.00,0.00,0.00,0.00,0.00,0.0,0.0,0.0,0.0,0.0,0.0,0.0,0.0,0.0,0.0,0.0,0.0,0.0,0.0,0.0,0.0,0.0,0.0,0.0,0.0,0.0,0.0,0.0,0.0,0,0,,0.00,0.00,,,,2,2,100.0,45,41,0,0,,2,2,100.0,0,0,,0,1,0,0,1,2,0,0,0,0,0,0,0,0,0,0.00,0,0.00,0,0,0,0,0,0,0,0.00,0,0,0,0,0,0,0,0,0,0,0,0,0,,0,0,0,0,0,0,1,0,0.1,3,1,2,1,0,0,3,0,0,,0,,2,12,7,0,0,0,0,0,1,0,10000,520000
Callum Wilson,FW,Newcastle Utd,30,31,21,1877.0,20.9,18,5,23,15,3,3,4,0,17.4,15.1,2.7,17.8,0.86,0.24,1.10,0.72,0.84,0.13,0.72,0.85,0.0,0.0,0.0,0.0,0.0,0.0,0.0,0.0,0.0,0.0,0.0,0.0,0.0,0.0,0.0,0.0,0.0,0.0,0.0,0.0,0.0,0.0,0.0,0.0,70,31,44.3,3.36,1.49,0.21,0.48,12.4,160,242,66.1,1996,339,111,143,77.6,33,45,73.3,4,11,36.4,23,10,7,0,19,234,7,1,2,3,6,0,0,1,43,2.06,43,2.06,24,0,6,7,6,0,10,0.48,5,0,3,2,0,0,9,3,0,8,1,0,3,0.0,3,8,0,8,1,10,5,0,20.9,482,8,25,179,281,124,479,36,12,33.3,19,52.8,304,1484,673,27,14,16,72,36,360,118,46000,2392000
Calum Chambers,"DF,MF",Aston Villa,27,14,2,353.0,3.9,0,0,0,0,0,0,2,0,0.1,0.1,0.3,0.4,0.00,0.00,0.00,0.00,0.03,0.07,0.03,0.10,0.0,0.0,0.0,0.0,0.0,0.0,0.0,0.0,0.0,0.0,0.0,0.0,0.0,0.0,0.0,0.0,0.0,0.0,0.0,0.0,0.0,0.0,0.0,0.0,2,0,0.0,0.51,0.00,0.00,,21.6,157,207,75.8,2924,1310,66,76,86.8,77,94,81.9,14,31,45.2,2,9,2,1,16,191,13,4,0,1,4,9,0,3,6,1.53,6,1.53,5,0,0,0,0,1,0,0.00,0,0,0,0,0,0,9,6,7,2,0,6,8,75.0,2,5,4,1,7,16,10,1,3.9,245,30,119,96,32,2,245,0,0,,0,,139,794,540,6,4,0,2,1,149,2,50000,2600000
Cameron Archer,"FW,MF",Aston Villa,21,6,0,49.0,0.5,0,0,0,0,0,0,0,0,0.0,0.0,0.0,0.0,0.00,0.00,0.00,0.00,0.00,0.00,0.00,0.00,0.0,0.0,0.0,0.0,0.0,0.0,0.0,0.0,0.0,0.0,0.0,0.0,0.0,0.0,0.0,0.0,0.0,0.0,0.0,0.0,0.0,0.0,0.0,0.0,0,0,,0.00,0.00,,,,8,12,66.7,108,44,5,5,100.0,3,5,60.0,0,0,,0,2,0,0,0,11,1,1,0,0,1,0,0,0,0,0.00,0,0.00,0,0,0,0,0,0,0,0.00,0,0,0,0,0,0,0,0,0,0,0,0,0,,0,0,0,0,0,0,0,0,0.5,15,0,1,8,7,3,15,1,1,100.0,0,0.0,15,114,72,3,1,1,2,3,13,3,20000,1040000
Cameron Peupion,MF,Brighton,19,1,0,6.0,0.1,0,0,0,0,0,0,0,0,0.1,0.1,0.0,0.1,0.00,0.00,0.00,0.00,0.90,0.00,0.90,0.90,0.0,0.0,0.0,0.0,0.0,0.0,0.0,0.0,0.0,0.0,0.0,0.0,0.0,0.0,0.0,0.0,0.0,0.0,0.0,0.0,0.0,0.0,0.0,0.0,1,0,0.0,15.00,0.00,0.00,,8.0,3,4,75.0,33,1,3,4,75.0,0,0,,0,0,,0,0,0,0,0,4,0,0,0,0,0,0,0,0,0,0.00,0,0.00,0,0,0,0,0,0,0,0.00,0,0,0,0,0,0,0,0,0,0,0,0,0,,0,0,0,0,0,0,0,0,0.1,6,0,0,3,3,1,6,0,0,,0,,3,8,0,0,0,0,1,0,5,2,0.0,0.0
Caoimhín Kelleher,GK,Liverpool,23,1,1,90.0,1.0,0,0,0,0,0,0,0,0,0.0,0.0,0.0,0.0,0.00,0.00,0.00,0.00,0.00,0.00,0.00,0.00,4.00,10,6,60.0,0,0.0,2.9,0.34,2,2,100.0,22,7,9.1,24.3,2,0.0,20.5,3,0,0.0,0,0.00,9.0,0,0,,0.00,0.00,,,,23,24,95.8,539,344,7,7,100.0,12,12,100.0,4,5,80.0,0,1,0,0,0,22,2,0,0,0,0,0,0,0,0,0.00,0,0.00,0,0,0,0,0,0,0,0.00,0,0,0,0,0,0,0,0,0,0,0,0,0,,0,0,0,0,0,0,0,0,1.0,26,18,26,0,0,0,26,0,0,,0,,18,89,62,0,0,0,0,0,13,0,10000,520000
Carlos Alcaraz,"MF,FW",Southampton,19,18,13,1029.0,11.4,4,2,6,4,0,0,3,0,1.9,1.9,0.7,2.6,0.35,0.17,0.52,0.35,0.17,0.06,0.17,0.23,0.0,0.0,0.0,0.0,0.0,0.0,0.0,0.0,0.0,0.0,0.0,0.0,0.0,0.0,0.0,0.0,0.0,0.0,0.0,0.0,0.0,0.0,0.0,0.0,24,10,41.7,2.10,0.87,0.17,0.40,20.0,222,290,76.6,3147,669,114,137,83.2,80,95,84.2,8,19,42.1,5,20,6,0,28,279,9,1,2,4,4,1,0,2,22,1.92,22,1.92,14,0,2,3,2,1,4,0.35,3,0,0,1,0,0,10,5,2,7,1,6,22,27.3,16,14,5,9,1,11,11,0,11.4,430,14,73,234,130,23,430,28,13,46.4,11,39.3,258,1292,675,20,17,2,30,24,296,32,25000,1300000
Carlos Vinícius,FW,Fulham,27,28,11,1109.0,12.3,5,2,7,5,0,0,3,0,3.3,3.3,0.8,4.0,0.41,0.16,0.57,0.41,0.27,0.06,0.27,0.33,0.0,0.0,0.0,0.0,0.0,0.0,0.0,0.0,0.0,0.0,0.0,0.0,0.0,0.0,0.0,0.0,0.0,0.0,0.0,0.0,0.0,0.0,0.0,0.0,21,12,57.1,1.70,0.97,0.24,0.42,11.9,119,189,63.0,1470,387,71,102,69.6,32,47,68.1,4,9,44.4,7,12,5,1,15,181,7,0,3,0,6,0,0,1,16,1.30,16,1.30,13,0,2,0,1,0,6,0.49,5,0,1,0,0,0,4,1,0,2,2,0,4,0.0,4,7,0,7,0,4,10,0,12.3,330,11,24,136,174,57,330,16,5,31.3,8,50.0,183,879,301,9,10,6,48,23,249,46,40000,2080000
Carney Chukwuemeka,"MF,FW",Chelsea,18,14,2,354.0,3.9,0,0,0,0,0,0,0,0,0.4,0.4,0.6,1.0,0.00,0.00,0.00,0.00,0.10,0.16,0.10,0.26,0.0,0.0,0.0,0.0,0.0,0.0,0.0,0.0,0.0,0.0,0.0,0.0,0.0,0.0,0.0,0.0,0.0,0.0,0.0,0.0,0.0,0.0,0.0,0.0,5,1,20.0,1.27,0.25,0.00,0.00,17.2,179,203,88.2,2291,502,126,140,90.0,33,37,89.2,8,8,100.0,8,11,7,2,23,202,1,0,0,2,3,0,0,0,16,4.07,16,4.07,13,0,0,1,0,2,0,0.00,0,0,0,0,0,0,13,7,7,6,0,3,5,60.0,2,7,0,7,6,19,1,0,3.9,262,5,47,106,112,17,262,11,6,54.5,5,45.5,154,1165,718,21,14,3,11,3,184,21,100000,5200000
Casemiro,MF,Manchester Utd,30,28,24,2124.0,23.6,4,3,7,4,0,0,7,2,3.4,3.4,3.1,6.5,0.17,0.13,0.30,0.17,0.14,0.13,0.14,0.28,0.0,0.0,0.0,0.0,0.0,0.0,0.0,0.0,0.0,0.0,0.0,0.0,0.0,0.0,0.0,0.0,0.0,0.0,0.0,0.0,0.0,0.0,0.0,0.0,34,11,32.4,1.44,0.47,0.12,0.36,21.6,1114,1439,77.4,19801,7351,515,614,83.9,446,545,81.8,126,204,61.8,28,136,23,4,152,1408,24,22,12,13,19,1,0,7,68,2.88,68,2.88,61,0,0,5,2,0,8,0.34,8,0,0,0,0,0,88,46,43,35,10,47,92,51.1,45,49,11,38,34,122,64,0,23.6,1757,110,531,949,292,24,1757,20,9,45.0,8,40.0,850,2828,1404,14,17,1,18,14,1103,34,350000,18200000
Che Adams,FW,Southampton,26,28,23,1992.0,22.1,5,3,8,5,0,0,1,0,6.7,6.7,2.8,9.5,0.23,0.14,0.36,0.23,0.30,0.13,0.30,0.43,0.0,0.0,0.0,0.0,0.0,0.0,0.0,0.0,0.0,0.0,0.0,0.0,0.0,0.0,0.0,0.0,0.0,0.0,0.0,0.0,0.0,0.0,0.0,0.0,47,14,29.8,2.12,0.63,0.11,0.36,13.8,330,498,66.3,4651,1042,205,278,73.7,78,118,66.1,26,37,70.3,24,21,11,2,34,490,7,0,6,7,12,4,0,1,57,2.57,57,2.57,44,1,2,5,5,0,7,0.32,5,0,0,0,2,0,17,13,7,8,2,7,12,58.3,5,13,4,9,4,21,22,0,22.1,717,29,66,286,377,103,717,34,17,50.0,13,38.2,406,1623,471,17,11,9,66,28,558,115,30000,1560000
Cheick Doucouré,MF,Crystal Palace,22,34,34,2769.0,30.8,0,3,3,0,0,0,10,1,1.4,1.4,1.9,3.4,0.00,0.10,0.10,0.00,0.05,0.06,0.05,0.11,0.0,0.0,0.0,0.0,0.0,0.0,0.0,0.0,0.0,0.0,0.0,0.0,0.0,0.0,0.0,0.0,0.0,0.0,0.0,0.0,0.0,0.0,0.0,0.0,36,7,19.4,1.17,0.23,0.00,0.00,24.6,1038,1247,83.2,17432,5352,478,535,89.3,460,530,86.8,75,104,72.1,26,110,11,1,140,1229,16,16,3,2,6,0,0,2,61,1.98,61,1.98,48,0,2,5,2,4,6,0.20,4,0,0,1,0,1,77,46,40,33,4,29,52,55.8,23,47,13,34,56,133,48,0,30.8,1577,94,444,894,255,15,1577,21,15,71.4,6,28.6,761,3761,1761,18,25,1,28,20,884,17,60000,3120000
Cheikhou Kouyaté,MF,Nott'ham Forest,32,21,10,882.0,9.8,1,0,1,1,0,0,3,0,0.4,0.4,0.7,1.1,0.10,0.00,0.10,0.10,0.04,0.07,0.04,0.11,0.0,0.0,0.0,0.0,0.0,0.0,0.0,0.0,0.0,0.0,0.0,0.0,0.0,0.0,0.0,0.0,0.0,0.0,0.0,0.0,0.0,0.0,0.0,0.0,6,5,83.3,0.61,0.51,0.17,0.20,19.4,185,246,75.2,2908,882,90,120,75.0,62,74,83.8,18,25,72.0,7,13,2,0,19,241,4,4,0,1,0,0,0,1,10,1.02,10,1.02,10,0,0,0,0,0,0,0.00,0,0,0,0,0,0,29,21,18,8,3,9,13,69.2,4,14,2,12,10,39,24,0,9.8,363,39,136,166,64,14,363,10,7,70.0,1,10.0,160,725,304,7,4,3,15,9,175,14,45000,2340000
Chem Campbell,"FW,MF",Wolves,19,5,0,74.0,0.8,0,0,0,0,0,0,0,0,0.1,0.1,0.0,0.1,0.00,0.00,0.00,0.00,0.12,0.00,0.12,0.12,0.0,0.0,0.0,0.0,0.0,0.0,0.0,0.0,0.0,0.0,0.0,0.0,0.0,0.0,0.0,0.0,0.0,0.0,0.0,0.0,0.0,0.0,0.0,0.0,2,0,0.0,2.43,0.00,0.00,,11.3,23,32,71.9,344,64,10,11,90.9,13,14,92.9,0,5,0.0,0,2,0,0,4,31,1,0,0,0,4,0,1,0,2,2.43,2,2.43,1,0,1,0,0,0,0,0.00,0,0,0,0,0,0,2,1,1,1,0,0,1,0.0,1,2,0,2,1,3,0,0,0.8,47,1,6,19,23,5,47,5,3,60.0,2,40.0,39,303,70,2,6,1,3,5,36,10,2500,130000
Chris Mepham,DF,Bournemouth,24,26,24,2199.0,24.4,0,0,0,0,0,0,7,0,0.7,0.7,0.2,0.9,0.00,0.00,0.00,0.00,0.03,0.01,0.03,0.04,0.0,0.0,0.0,0.0,0.0,0.0,0.0,0.0,0.0,0.0,0.0,0.0,0.0,0.0,0.0,0.0,0.0,0.0,0.0,0.0,0.0,0.0,0.0,0.0,8,4,50.0,0.33,0.16,0.00,0.00,9.8,870,1041,83.6,16273,5694,309,346,89.3,478,525,91.0,75,142,52.8,4,42,2,0,42,1001,37,21,0,4,0,16,0,3,8,0.33,8,0.33,6,0,0,2,0,0,0,0.00,0,0,0,0,0,0,45,22,37,8,0,19,30,63.3,11,40,27,13,30,75,152,0,24.4,1336,285,852,455,36,14,1336,7,3,42.9,3,42.9,650,3099,1628,2,6,2,4,3,788,1,35000,1820000
Chris Richards,DF,Crystal Palace,22,9,4,447.0,5.0,0,0,0,0,0,0,0,0,0.7,0.7,0.3,1.0,0.00,0.00,0.00,0.00,0.14,0.05,0.14,0.20,0.0,0.0,0.0,0.0,0.0,0.0,0.0,0.0,0.0,0.0,0.0,0.0,0.0,0.0,0.0,0.0,0.0,0.0,0.0,0.0,0.0,0.0,0.0,0.0,4,0,0.0,0.81,0.00,0.00,,9.1,169,203,83.3,3129,991,66,79,83.5,84,96,87.5,19,27,70.4,1,15,0,0,14,190,13,5,0,0,0,8,0,0,2,0.40,2,0.40,1,0,0,1,0,0,0,0.00,0,0,0,0,0,0,9,6,8,1,0,5,7,71.4,2,10,1,9,8,17,31,0,5.0,274,47,131,119,24,7,274,0,0,,0,,120,550,269,4,1,0,3,2,149,3,55000,2860000
Chris Wood,FW,Newcastle Utd,30,18,4,446.0,5.0,2,0,2,1,1,1,0,0,1.8,1.0,0.3,1.3,0.40,0.00,0.40,0.20,0.37,0.06,0.21,0.27,0.0,0.0,0.0,0.0,0.0,0.0,0.0,0.0,0.0,0.0,0.0,0.0,0.0,0.0,0.0,0.0,0.0,0.0,0.0,0.0,0.0,0.0,0.0,0.0,8,3,37.5,1.61,0.61,0.13,0.33,14.7,66,106,62.3,786,149,40,67,59.7,16,25,64.0,4,5,80.0,3,3,1,0,4,105,1,0,0,0,0,0,0,0,5,1.01,5,1.01,4,0,0,1,0,0,0,0.00,0,0,0,0,0,0,5,4,0,3,2,3,5,60.0,2,2,2,0,1,6,7,0,5.0,149,8,19,70,60,16,148,2,1,50.0,0,0.0,52,159,62,1,1,0,12,5,101,23,80000,4160000
Chris Wood,FW,Nott'ham Forest,30,7,5,372.0,4.1,1,0,1,1,0,0,0,0,1.0,1.0,0.2,1.2,0.24,0.00,0.24,0.24,0.23,0.05,0.23,0.28,0.0,0.0,0.0,0.0,0.0,0.0,0.0,0.0,0.0,0.0,0.0,0.0,0.0,0.0,0.0,0.0,0.0,0.0,0.0,0.0,0.0,0.0,0.0,0.0,8,3,37.5,1.61,0.61,0.13,0.33,14.7,66,106,62.3,786,149,40,67,59.7,16,25,64.0,4,5,80.0,3,3,1,0,4,105,1,0,0,0,0,0,0,0,5,1.01,5,1.01,4,0,0,1,0,0,0,0.00,0,0,0,0,0,0,5,4,0,3,2,3,5,60.0,2,2,2,0,1,6,7,0,5.0,149,8,19,70,60,16,148,2,1,50.0,0,0.0,52,159,62,1,1,0,12,5,101,23,80000,4160000
Christian Eriksen,MF,Manchester Utd,30,28,25,2048.0,22.8,1,8,9,1,0,0,3,0,5.0,5.0,4.2,9.2,0.04,0.35,0.40,0.04,0.22,0.19,0.22,0.40,0.0,0.0,0.0,0.0,0.0,0.0,0.0,0.0,0.0,0.0,0.0,0.0,0.0,0.0,0.0,0.0,0.0,0.0,0.0,0.0,0.0,0.0,0.0,0.0,39,11,28.2,1.71,0.48,0.03,0.09,19.3,1203,1485,81.0,19681,6193,629,700,89.9,429,502,85.5,105,198,53.0,36,149,27,5,164,1373,106,32,9,20,81,7,62,6,71,3.12,71,3.12,50,17,1,3,0,0,9,0.40,6,3,0,0,0,0,22,18,10,7,5,10,33,30.3,23,23,9,14,11,33,20,1,22.8,1644,43,269,914,465,35,1644,17,8,47.1,9,52.9,967,3499,1756,23,24,3,24,19,1220,66,150000,7800000
Christian Nørgaard,MF,Brentford,28,22,21,1763.0,19.6,1,3,4,1,0,0,6,0,1.6,1.6,3.1,4.7,0.05,0.15,0.20,0.05,0.08,0.16,0.08,0.24,0.0,0.0,0.0,0.0,0.0,0.0,0.0,0.0,0.0,0.0,0.0,0.0,0.0,0.0,0.0,0.0,0.0,0.0,0.0,0.0,0.0,0.0,0.0,0.0,19,8,42.1,0.97,0.41,0.05,0.13,11.4,608,812,74.9,9879,3427,304,369,82.4,252,326,77.3,40,74,54.1,12,68,8,2,73,787,19,10,2,6,11,2,0,6,32,1.63,32,1.63,24,1,1,4,2,0,7,0.36,3,0,0,3,1,0,52,30,21,29,2,18,48,37.5,30,32,9,23,34,86,41,2,19.6,1050,78,338,554,165,42,1050,19,8,42.1,10,52.6,454,1518,671,4,11,2,14,10,526,8,35000,1820000
Christian Pulisic,"FW,DF",Chelsea,23,24,8,821.0,9.1,1,1,2,1,0,0,1,0,1.7,1.7,0.7,2.3,0.11,0.11,0.22,0.11,0.18,0.07,0.18,0.26,0.0,0.0,0.0,0.0,0.0,0.0,0.0,0.0,0.0,0.0,0.0,0.0,0.0,0.0,0.0,0.0,0.0,0.0,0.0,0.0,0.0,0.0,0.0,0.0,19,6,31.6,2.08,0.66,0.05,0.17,16.8,238,301,79.1,3262,556,154,177,87.0,66,84,78.6,10,18,55.6,12,14,3,1,23,294,4,0,1,0,18,4,0,3,24,2.63,24,2.63,21,0,0,3,0,0,3,0.33,3,0,0,0,0,0,11,6,3,6,2,3,5,60.0,2,8,1,7,4,15,4,0,9.1,429,4,53,168,216,43,429,44,13,29.5,22,50.0,299,2126,1044,35,30,14,26,13,328,76,150000,7800000
Clément Lenglet,DF,Tottenham,27,26,24,2019.0,22.4,0,2,2,0,0,0,4,0,1.0,1.0,0.6,1.6,0.00,0.09,0.09,0.00,0.04,0.03,0.04,0.07,0.0,0.0,0.0,0.0,0.0,0.0,0.0,0.0,0.0,0.0,0.0,0.0,0.0,0.0,0.0,0.0,0.0,0.0,0.0,0.0,0.0,0.0,0.0,0.0,13,2,15.4,0.58,0.09,0.00,0.00,15.5,1270,1465,86.7,23668,8588,484,501,96.6,637,701,90.9,129,219,58.9,6,80,11,5,85,1431,29,22,5,20,16,6,0,5,23,1.03,23,1.03,20,1,0,0,1,1,5,0.22,5,0,0,0,0,0,38,23,18,15,5,16,34,47.1,18,26,11,15,18,56,68,2,22.4,1666,178,805,761,107,17,1666,12,7,58.3,4,33.3,1142,5666,3561,33,27,1,12,8,1256,7,145000,7540000
Cody Drameh,DF,Leeds United,20,1,1,69.0,0.8,0,0,0,0,0,0,0,0,0.0,0.0,0.0,0.0,0.00,0.00,0.00,0.00,0.00,0.00,0.00,0.00,0.0,0.0,0.0,0.0,0.0,0.0,0.0,0.0,0.0,0.0,0.0,0.0,0.0,0.0,0.0,0.0,0.0,0.0,0.0,0.0,0.0,0.0,0.0,0.0,0,0,,0.00,0.00,,,,30,38,78.9,457,153,17,21,81.0,11,12,91.7,2,5,40.0,0,2,0,0,2,31,7,1,0,0,1,6,0,0,1,1.30,1,1.30,1,0,0,0,0,0,0,0.00,0,0,0,0,0,0,5,4,0,4,1,2,3,66.7,1,0,0,0,1,6,1,0,0.8,44,1,7,26,11,0,44,1,1,100.0,0,0.0,17,48,10,0,1,0,1,1,23,3,2500,130000
Cody Gakpo,"FW,MF",Liverpool,23,21,17,1458.0,16.2,7,2,9,7,0,0,0,0,6.2,6.2,2.7,8.9,0.43,0.12,0.56,0.43,0.38,0.17,0.38,0.55,0.0,0.0,0.0,0.0,0.0,0.0,0.0,0.0,0.0,0.0,0.0,0.0,0.0,0.0,0.0,0.0,0.0,0.0,0.0,0.0,0.0,0.0,0.0,0.0,39,12,30.8,2.41,0.74,0.18,0.58,14.8,293,392,74.7,3928,1110,168,208,80.8,91,119,76.5,11,20,55.0,23,33,11,1,50,381,9,0,3,0,17,2,4,2,49,3.02,49,3.02,37,0,3,4,3,2,6,0.37,5,0,0,0,1,0,26,15,4,13,9,13,38,34.2,25,13,1,12,4,30,2,0,16.2,591,6,42,266,298,76,591,48,23,47.9,13,27.1,374,2069,1134,36,32,12,43,36,448,109,120000,6240000
Cole Palmer,"MF,FW",Manchester City,20,14,2,370.0,4.1,0,1,1,0,0,0,1,0,1.2,1.2,0.6,1.8,0.00,0.24,0.24,0.00,0.30,0.14,0.30,0.44,0.0,0.0,0.0,0.0,0.0,0.0,0.0,0.0,0.0,0.0,0.0,0.0,0.0,0.0,0.0,0.0,0.0,0.0,0.0,0.0,0.0,0.0,0.0,0.0,11,3,27.3,2.68,0.73,0.00,0.00,13.7,167,193,86.5,2377,369,100,105,95.2,51,62,82.3,6,11,54.5,5,8,7,1,13,191,2,0,0,1,7,1,1,0,20,4.86,20,4.86,11,0,3,4,2,0,1,0.24,1,0,0,0,0,0,5,1,0,3,2,3,5,60.0,2,2,1,1,1,6,2,0,4.1,248,6,22,85,143,32,248,26,15,57.7,7,26.9,179,1222,639,29,8,15,13,8,202,40,20000,1040000
Connor Ronan,MF,Wolves,24,1,0,1.0,0.0,0,0,0,0,0,0,0,0,0.0,0.0,0.0,0.0,0.00,0.00,0.00,0.00,0.00,0.00,0.00,0.00,0.0,0.0,0.0,0.0,0.0,0.0,0.0,0.0,0.0,0.0,0.0,0.0,0.0,0.0,0.0,0.0,0.0,0.0,0.0,0.0,0.0,0.0,0.0,0.0,0,0,,0.00,0.00,,,,3,4,75.0,37,18,2,2,100.0,1,2,50.0,0,0,,0,3,0,0,0,3,1,1,0,0,1,0,0,0,1,90.00,1,90.00,1,0,0,0,0,0,0,0.00,0,0,0,0,0,0,0,0,0,0,0,0,0,,0,0,0,0,0,0,0,0,0.0,4,0,0,3,1,0,4,1,1,100.0,0,0.0,1,4,2,0,0,0,0,0,3,1,3000,156000
Conor Coady,DF,Everton,29,24,23,2096.0,23.3,1,1,2,1,0,0,2,0,0.8,0.8,0.3,1.2,0.04,0.04,0.09,0.04,0.04,0.01,0.04,0.05,0.0,0.0,0.0,0.0,0.0,0.0,0.0,0.0,0.0,0.0,0.0,0.0,0.0,0.0,0.0,0.0,0.0,0.0,0.0,0.0,0.0,0.0,0.0,0.0,4,2,50.0,0.17,0.09,0.25,0.50,8.5,1025,1209,84.8,21731,8337,284,302,94.0,578,622,92.9,155,267,58.1,4,73,3,1,43,1169,35,31,1,10,1,3,0,5,16,0.69,16,0.69,14,0,0,1,1,0,1,0.04,1,0,0,0,0,0,14,9,8,6,0,7,15,46.7,8,21,17,4,14,28,88,3,23.3,1363,238,795,547,29,10,1363,3,0,0.0,2,66.7,882,4154,2414,4,4,0,6,2,984,1,55000,2860000
Conor Coventry,"MF,FW",West Ham,22,1,0,1.0,0.0,0,0,0,0,0,0,0,0,0.0,0.0,0.0,0.0,0.00,0.00,0.00,0.00,0.00,0.00,0.00,0.00,0.0,0.0,0.0,0.0,0.0,0.0,0.0,0.0,0.0,0.0,0.0,0.0,0.0,0.0,0.0,0.0,0.0,0.0,0.0,0.0,0.0,0.0,0.0,0.0,0,0,,0.00,0.00,,,,0,0,,0,0,0,0,,0,0,,0,0,,0,0,0,0,0,0,0,0,0,0,0,0,0,0,0,0.00,0,0.00,0,0,0,0,0,0,0,0.00,0,0,0,0,0,0,0,0,0,0,0,0,0,,0,0,0,0,0,0,0,0,0.0,0,0,0,0,0,0,0,0,0,,0,,0,0,0,0,0,0,0,0,0,0,5000,260000
Conor Gallagher,MF,Chelsea,22,35,18,1621.0,18.0,3,1,4,3,0,0,11,1,2.5,2.5,2.3,4.7,0.17,0.06,0.22,0.17,0.14,0.13,0.14,0.26,0.0,0.0,0.0,0.0,0.0,0.0,0.0,0.0,0.0,0.0,0.0,0.0,0.0,0.0,0.0,0.0,0.0,0.0,0.0,0.0,0.0,0.0,0.0,0.0,28,11,39.3,1.55,0.61,0.11,0.27,17.9,706,871,81.1,10444,2483,399,447,89.3,243,290,83.8,32,58,55.2,21,67,20,5,105,818,50,13,1,6,49,10,21,3,47,2.61,47,2.61,34,4,4,2,2,1,3,0.17,2,0,1,0,0,0,46,33,17,19,10,10,37,27.0,27,41,10,31,23,69,18,1,18.0,1134,32,198,529,421,59,1134,55,24,43.6,23,41.8,700,3523,1394,40,40,12,36,36,778,104,50000,2600000
Craig Dawson,DF,West Ham,32,8,8,720.0,8.0,0,0,0,0,0,0,2,0,0.5,0.5,0.1,0.6,0.00,0.00,0.00,0.00,0.06,0.01,0.06,0.07,0.0,0.0,0.0,0.0,0.0,0.0,0.0,0.0,0.0,0.0,0.0,0.0,0.0,0.0,0.0,0.0,0.0,0.0,0.0,0.0,0.0,0.0,0.0,0.0,6,1,16.7,0.75,0.12,0.00,0.00,15.1,245,310,79.0,5404,2170,74,86,86.0,121,137,88.3,48,79,60.8,1,25,0,0,18,299,9,8,0,2,2,1,0,2,12,1.50,12,1.50,10,0,0,1,1,0,1,0.12,0,0,0,0,1,0,11,7,9,2,0,5,7,71.4,2,9,6,3,6,17,26,0,8.0,380,53,211,142,28,14,380,1,0,0.0,1,100.0,193,1042,600,0,5,0,2,4,216,1,45000,2340000
Craig Dawson,DF,Wolves,32,17,17,1414.0,15.7,1,0,1,1,0,0,4,0,1.0,1.0,0.0,1.0,0.06,0.00,0.06,0.06,0.06,0.00,0.06,0.06,0.0,0.0,0.0,0.0,0.0,0.0,0.0,0.0,0.0,0.0,0.0,0.0,0.0,0.0,0.0,0.0,0.0,0.0,0.0,0.0,0.0,0.0,0.0,0.0,6,1,16.7,0.75,0.12,0.00,0.00,15.1,245,310,79.0,5404,2170,74,86,86.0,121,137,88.3,48,79,60.8,1,25,0,0,18,299,9,8,0,2,2,1,0,2,12,1.50,12,1.50,10,0,0,1,1,0,1,0.12,0,0,0,0,1,0,11,7,9,2,0,5,7,71.4,2,9,6,3,6,17,26,0,8.0,380,53,211,142,28,14,380,1,0,0.0,1,100.0,193,1042,600,0,5,0,2,4,216,1,45000,2340000
Cristian Romero,DF,Tottenham,24,27,26,2364.0,26.3,0,1,1,0,0,0,11,1,1.5,1.5,1.2,2.6,0.00,0.04,0.04,0.00,0.06,0.05,0.06,0.10,0.0,0.0,0.0,0.0,0.0,0.0,0.0,0.0,0.0,0.0,0.0,0.0,0.0,0.0,0.0,0.0,0.0,0.0,0.0,0.0,0.0,0.0,0.0,0.0,11,2,18.2,0.42,0.08,0.00,0.00,12.3,1407,1606,87.6,25378,9085,562,618,90.9,698,746,93.6,119,176,67.6,8,87,8,0,92,1523,80,60,4,20,0,19,0,3,24,0.91,24,0.91,22,0,0,0,1,1,4,0.15,3,0,0,0,1,0,68,36,42,24,2,29,46,63.0,17,40,18,22,44,112,102,3,26.3,1923,299,976,849,111,17,1923,22,13,59.1,8,36.4,1150,5216,2993,19,25,1,19,10,1226,9,165000,8580000
Cristiano Ronaldo,FW,Manchester Utd,37,10,4,525.0,5.8,1,0,1,1,0,0,2,0,1.9,1.9,0.4,2.3,0.17,0.00,0.17,0.17,0.32,0.07,0.32,0.40,0.0,0.0,0.0,0.0,0.0,0.0,0.0,0.0,0.0,0.0,0.0,0.0,0.0,0.0,0.0,0.0,0.0,0.0,0.0,0.0,0.0,0.0,0.0,0.0,25,6,24.0,4.29,1.03,0.04,0.17,17.7,121,162,74.7,1412,258,85,97,87.6,27,39,69.2,1,5,20.0,6,7,1,0,12,157,5,0,2,1,3,1,0,0,10,1.71,10,1.71,9,0,0,0,1,0,0,0.00,0,0,0,0,0,0,2,2,1,0,1,1,2,50.0,1,0,0,0,1,3,9,0,5.8,220,8,25,91,106,32,220,9,4,44.4,3,33.3,94,477,288,9,6,3,7,3,167,33,515000,26780000
Crysencio Summerville,FW,Leeds United,20,28,12,1426.0,15.8,4,2,6,4,0,0,4,0,2.9,2.9,1.6,4.5,0.25,0.13,0.38,0.25,0.18,0.10,0.18,0.28,0.0,0.0,0.0,0.0,0.0,0.0,0.0,0.0,0.0,0.0,0.0,0.0,0.0,0.0,0.0,0.0,0.0,0.0,0.0,0.0,0.0,0.0,0.0,0.0,29,9,31.0,1.83,0.57,0.14,0.44,15.3,308,411,74.9,3839,1067,208,256,81.3,72,92,78.3,9,24,37.5,16,20,12,2,45,402,6,1,1,1,14,1,3,3,49,3.09,49,3.09,29,1,3,4,10,2,5,0.32,3,0,0,0,1,1,30,20,14,14,2,11,23,47.8,12,20,2,18,13,43,11,0,15.8,637,10,99,241,311,70,637,60,24,40.0,22,36.7,420,2617,1326,51,27,19,45,36,438,92,15000,780000
Curtis Jones,MF,Liverpool,21,18,12,1035.0,11.5,3,1,4,3,0,0,2,0,1.2,1.2,1.1,2.3,0.26,0.09,0.35,0.26,0.10,0.10,0.10,0.20,0.0,0.0,0.0,0.0,0.0,0.0,0.0,0.0,0.0,0.0,0.0,0.0,0.0,0.0,0.0,0.0,0.0,0.0,0.0,0.0,0.0,0.0,0.0,0.0,15,5,33.3,1.30,0.43,0.20,0.60,17.9,611,677,90.3,9160,1895,334,355,94.1,233,250,93.2,25,32,78.1,14,53,14,1,69,664,12,2,5,3,9,9,0,1,38,3.30,38,3.30,31,0,4,1,1,1,4,0.35,3,0,1,0,0,0,34,17,8,12,14,18,31,58.1,13,12,2,10,3,37,9,0,11.5,821,14,105,417,304,40,821,30,11,36.7,13,43.3,550,2645,1011,31,15,11,22,29,627,75,15000,780000
Cédric Soares,DF,Arsenal,30,2,0,29.0,0.3,0,0,0,0,0,0,0,0,0.0,0.0,0.0,0.0,0.00,0.00,0.00,0.00,0.00,0.00,0.00,0.00,0.0,0.0,0.0,0.0,0.0,0.0,0.0,0.0,0.0,0.0,0.0,0.0,0.0,0.0,0.0,0.0,0.0,0.0,0.0,0.0,0.0,0.0,0.0,0.0,0,0,,0.00,0.00,,,,19,24,79.2,257,54,10,10,100.0,8,10,80.0,0,3,0.0,0,0,0,0,3,23,1,0,0,0,3,1,0,0,1,3.10,1,3.10,1,0,0,0,0,0,0,0.00,0,0,0,0,0,0,0,0,0,0,0,0,1,0.0,1,1,0,1,0,0,1,0,0.3,27,2,8,9,10,0,27,0,0,,0,,14,87,67,1,2,0,0,0,20,0,75000,3900000
Cédric Soares,DF,Fulham,30,6,2,198.0,2.2,0,0,0,0,0,0,0,0,0.1,0.1,0.3,0.4,0.00,0.00,0.00,0.00,0.03,0.13,0.03,0.16,0.0,0.0,0.0,0.0,0.0,0.0,0.0,0.0,0.0,0.0,0.0,0.0,0.0,0.0,0.0,0.0,0.0,0.0,0.0,0.0,0.0,0.0,0.0,0.0,0,0,,0.00,0.00,,,,19,24,79.2,257,54,10,10,100.0,8,10,80.0,0,3,0.0,0,0,0,0,3,23,1,0,0,0,3,1,0,0,1,3.10,1,3.10,1,0,0,0,0,0,0,0.00,0,0,0,0,0,0,0,0,0,0,0,0,1,0.0,1,1,0,1,0,0,1,0,0.3,27,2,8,9,10,0,27,0,0,,0,,14,87,67,1,2,0,0,0,20,0,75000,3900000
César Azpilicueta,DF,Chelsea,32,25,16,1527.0,17.0,0,0,0,0,0,0,3,0,0.4,0.4,1.1,1.5,0.00,0.00,0.00,0.00,0.02,0.07,0.02,0.09,0.0,0.0,0.0,0.0,0.0,0.0,0.0,0.0,0.0,0.0,0.0,0.0,0.0,0.0,0.0,0.0,0.0,0.0,0.0,0.0,0.0,0.0,0.0,0.0,9,1,11.1,0.53,0.06,0.00,0.00,18.2,872,1065,81.9,12891,4354,501,538,93.1,337,414,81.4,21,74,28.4,12,40,19,5,71,893,169,30,0,0,26,139,0,3,25,1.47,25,1.47,25,0,0,0,0,0,1,0.06,1,0,0,0,0,0,43,25,23,15,5,22,37,59.5,15,26,5,21,19,62,54,1,17.0,1245,84,424,510,319,25,1245,13,7,53.8,5,38.5,612,2691,1573,23,19,0,12,5,753,81,180000,9360000
Dan Burn,DF,Newcastle Utd,30,38,35,3111.0,34.6,1,0,1,1,0,0,5,0,2.1,2.1,1.3,3.4,0.03,0.00,0.03,0.03,0.06,0.04,0.06,0.10,0.0,0.0,0.0,0.0,0.0,0.0,0.0,0.0,0.0,0.0,0.0,0.0,0.0,0.0,0.0,0.0,0.0,0.0,0.0,0.0,0.0,0.0,0.0,0.0,21,4,19.0,0.61,0.12,0.05,0.25,12.2,1361,1715,79.4,22235,8853,673,765,88.0,566,682,83.0,94,183,51.4,16,102,11,2,118,1437,275,17,0,7,17,257,0,3,40,1.16,40,1.16,35,2,0,3,0,0,3,0.09,3,0,0,0,0,0,60,38,29,23,8,34,67,50.7,33,42,16,26,32,92,120,2,34.6,2073,158,786,940,358,62,2073,25,11,44.0,12,48.0,926,4329,2196,29,22,5,34,9,1116,46,35000,1820000
Dango Ouattara,"MF,FW",Bournemouth,20,19,15,1241.0,13.8,1,3,4,1,0,0,1,0,3.6,3.6,2.5,6.1,0.07,0.22,0.29,0.07,0.26,0.18,0.26,0.44,0.0,0.0,0.0,0.0,0.0,0.0,0.0,0.0,0.0,0.0,0.0,0.0,0.0,0.0,0.0,0.0,0.0,0.0,0.0,0.0,0.0,0.0,0.0,0.0,26,5,19.2,1.89,0.36,0.04,0.20,14.3,210,334,62.9,3297,1069,118,157,75.2,68,105,64.8,16,37,43.2,18,20,17,8,23,322,10,0,5,5,30,7,1,2,44,3.19,44,3.19,26,1,8,4,4,1,5,0.36,1,0,2,1,1,0,28,15,20,6,2,13,32,40.6,19,20,3,17,13,41,29,1,13.8,566,42,136,210,234,64,566,74,31,41.9,37,50.0,301,2219,1083,39,23,17,39,14,336,87,35000,1820000
Daniel Amartey,DF,Leicester City,27,20,18,1610.0,17.9,0,0,0,0,0,0,1,0,1.1,1.1,0.5,1.6,0.00,0.00,0.00,0.00,0.06,0.03,0.06,0.09,0.0,0.0,0.0,0.0,0.0,0.0,0.0,0.0,0.0,0.0,0.0,0.0,0.0,0.0,0.0,0.0,0.0,0.0,0.0,0.0,0.0,0.0,0.0,0.0,6,2,33.3,0.34,0.11,0.00,0.00,17.4,1015,1114,91.1,17506,6591,442,473,93.4,498,526,94.7,62,91,68.1,5,58,1,0,66,1092,20,15,2,2,0,5,0,2,15,0.84,15,0.84,15,0,0,0,0,0,1,0.06,1,0,0,0,0,0,19,8,13,5,1,12,14,85.7,2,24,17,7,8,27,71,0,17.9,1279,185,658,578,46,9,1279,5,2,40.0,2,40.0,779,3720,2275,23,11,0,8,4,909,5,20000,1040000
Daniel Bentley,GK,Wolves,29,2,2,180.0,2.0,0,0,0,0,0,0,0,0,0.0,0.0,0.0,0.0,0.00,0.00,0.00,0.00,0.00,0.00,0.00,0.00,1.50,13,10,76.9,0,0.0,3.9,0.30,10,29,34.5,57,14,38.6,32.9,23,30.4,32.2,37,5,13.5,1,0.50,8.0,0,0,,0.00,0.00,,,,61,80,76.3,1540,927,12,12,100.0,34,34,100.0,15,34,44.1,0,0,0,0,0,52,28,5,0,0,0,0,0,0,0,0.00,0,0.00,0,0,0,0,0,0,0,0.00,0,0,0,0,0,0,1,1,1,0,0,1,1,100.0,0,0,0,0,0,1,0,1,2.0,87,83,87,0,0,0,87,0,0,,0,,29,193,133,0,0,0,0,0,34,0,10000,520000
Daniel Iversen,GK,Leicester City,25,12,12,1080.0,12.0,0,0,0,0,0,0,0,0,0.0,0.0,0.0,0.0,0.00,0.00,0.00,0.00,0.00,0.00,0.00,0.00,1.83,59,38,66.1,1,8.3,18.9,0.29,38,194,19.6,261,49,47.1,37.2,114,62.3,46.2,203,16,7.9,6,0.50,10.3,0,0,,0.00,0.00,,,,212,377,56.2,5408,3761,65,65,100.0,93,95,97.9,53,213,24.9,0,6,0,0,0,214,161,47,0,1,0,0,0,2,1,0.08,1,0.08,1,0,0,0,0,0,0,0.00,0,0,0,0,0,0,0,0,0,0,0,0,0,,0,0,0,0,0,0,6,1,12.0,411,344,406,5,0,0,411,0,0,,0,,177,1011,571,0,0,0,0,0,136,0,20000,1040000
Daniel James,FW,Leeds United,24,4,2,198.0,2.2,0,0,0,0,0,0,0,0,0.3,0.3,0.3,0.6,0.00,0.00,0.00,0.00,0.12,0.15,0.12,0.27,0.0,0.0,0.0,0.0,0.0,0.0,0.0,0.0,0.0,0.0,0.0,0.0,0.0,0.0,0.0,0.0,0.0,0.0,0.0,0.0,0.0,0.0,0.0,0.0,3,1,33.3,1.36,0.45,0.00,0.00,17.6,24,40,60.0,256,66,18,22,81.8,5,10,50.0,0,3,0.0,1,1,3,1,3,40,0,0,0,0,6,0,0,0,4,1.82,4,1.82,3,0,0,0,1,0,0,0.00,0,0,0,0,0,0,6,2,1,3,2,3,6,50.0,3,4,0,4,2,8,2,0,2.2,66,1,9,26,32,6,66,6,1,16.7,2,33.3,35,233,112,6,2,3,3,1,39,9,50000,2600000
Daniel James,FW,Fulham,24,20,5,621.0,6.9,2,1,3,2,0,0,0,0,1.7,1.7,0.7,2.5,0.29,0.14,0.43,0.29,0.25,0.11,0.25,0.36,0.0,0.0,0.0,0.0,0.0,0.0,0.0,0.0,0.0,0.0,0.0,0.0,0.0,0.0,0.0,0.0,0.0,0.0,0.0,0.0,0.0,0.0,0.0,0.0,3,1,33.3,1.36,0.45,0.00,0.00,17.6,24,40,60.0,256,66,18,22,81.8,5,10,50.0,0,3,0.0,1,1,3,1,3,40,0,0,0,0,6,0,0,0,4,1.82,4,1.82,3,0,0,0,1,0,0,0.00,0,0,0,0,0,0,6,2,1,3,2,3,6,50.0,3,4,0,4,2,8,2,0,2.2,66,1,9,26,32,6,66,6,1,16.7,2,33.3,35,233,112,6,2,3,3,1,39,9,50000,2600000
Daniel Podence,"FW,MF",Wolves,26,32,20,1771.0,19.7,6,0,6,6,0,0,5,0,3.9,3.9,2.5,6.4,0.30,0.00,0.30,0.30,0.20,0.13,0.20,0.33,0.0,0.0,0.0,0.0,0.0,0.0,0.0,0.0,0.0,0.0,0.0,0.0,0.0,0.0,0.0,0.0,0.0,0.0,0.0,0.0,0.0,0.0,0.0,0.0,43,17,39.5,2.19,0.86,0.14,0.35,16.5,445,663,67.1,7362,2311,227,301,75.4,140,209,67.0,51,90,56.7,36,35,39,7,95,609,51,8,9,7,56,11,26,3,69,3.51,69,3.51,46,9,3,8,2,1,3,0.15,2,0,1,0,0,0,27,17,13,9,5,6,32,18.8,26,19,0,19,7,34,6,0,19.7,889,11,120,328,456,70,889,61,24,39.3,34,55.7,528,2670,1229,43,28,20,49,30,622,148,60000,3120000
Danilo,MF,Nott'ham Forest,21,13,12,976.0,10.8,3,2,5,3,0,0,1,0,1.5,1.5,0.7,2.3,0.28,0.18,0.46,0.28,0.14,0.07,0.14,0.21,0.0,0.0,0.0,0.0,0.0,0.0,0.0,0.0,0.0,0.0,0.0,0.0,0.0,0.0,0.0,0.0,0.0,0.0,0.0,0.0,0.0,0.0,0.0,0.0,15,4,26.7,1.38,0.37,0.20,0.75,20.4,148,235,63.0,2539,979,77,97,79.4,53,73,72.6,16,34,47.1,9,24,7,0,34,225,7,0,2,1,3,2,0,3,23,2.12,23,2.12,17,1,3,1,1,0,6,0.55,5,0,1,0,0,0,18,7,7,9,2,6,25,24.0,19,26,6,20,9,27,19,0,10.8,383,26,118,182,92,21,383,19,14,73.7,4,21.1,171,815,439,13,9,6,20,8,171,22,30000,1560000
Danny Ings,FW,West Ham,30,17,7,775.0,8.6,2,2,4,2,0,0,1,0,3.0,3.0,1.0,4.0,0.23,0.23,0.46,0.23,0.35,0.12,0.35,0.47,0.0,0.0,0.0,0.0,0.0,0.0,0.0,0.0,0.0,0.0,0.0,0.0,0.0,0.0,0.0,0.0,0.0,0.0,0.0,0.0,0.0,0.0,0.0,0.0,15,4,26.7,1.74,0.46,0.13,0.50,11.2,92,148,62.2,1111,302,62,89,69.7,15,23,65.2,5,13,38.5,6,11,2,0,12,146,2,0,3,1,0,0,0,0,12,1.40,12,1.40,11,0,1,0,0,0,3,0.35,3,0,0,0,0,0,9,8,0,4,5,5,14,35.7,9,8,2,6,3,12,5,0,8.6,229,8,22,105,105,37,229,18,5,27.8,12,66.7,129,554,260,9,8,3,11,10,157,44,125000,6500000
Danny Ings,FW,Aston Villa,30,18,8,824.0,9.2,6,0,6,4,2,2,3,0,5.3,3.8,1.2,5.0,0.66,0.00,0.66,0.44,0.59,0.13,0.41,0.54,0.0,0.0,0.0,0.0,0.0,0.0,0.0,0.0,0.0,0.0,0.0,0.0,0.0,0.0,0.0,0.0,0.0,0.0,0.0,0.0,0.0,0.0,0.0,0.0,15,4,26.7,1.74,0.46,0.13,0.50,11.2,92,148,62.2,1111,302,62,89,69.7,15,23,65.2,5,13,38.5,6,11,2,0,12,146,2,0,3,1,0,0,0,0,12,1.40,12,1.40,11,0,1,0,0,0,3,0.35,3,0,0,0,0,0,9,8,0,4,5,5,14,35.7,9,8,2,6,3,12,5,0,8.6,229,8,22,105,105,37,229,18,5,27.8,12,66.7,129,554,260,9,8,3,11,10,157,44,125000,6500000
Danny Ward,GK,Leicester City,29,26,26,2340.0,26.0,0,0,0,0,0,0,0,0,0.0,0.0,0.0,0.0,0.00,0.00,0.00,0.00,0.00,0.00,0.00,0.00,1.77,119,75,63.0,6,23.1,36.5,0.29,94,303,31.0,750,154,29.7,30.4,190,42.1,35.1,355,20,5.6,42,1.62,15.9,0,0,,0.00,0.00,,,,708,945,74.9,16865,10488,197,199,99.0,352,355,99.2,158,383,41.3,0,7,0,0,0,679,261,71,0,4,0,0,0,5,2,0.08,2,0.08,2,0,0,0,0,0,0,0.00,0,0,0,0,0,0,1,1,1,0,0,1,3,33.3,2,0,0,0,0,1,14,2,26.0,1000,806,996,5,0,0,1000,0,0,,0,,559,2832,1665,0,0,0,0,0,482,0,40000,2080000
Danny Welbeck,FW,Brighton,31,31,21,1854.0,20.6,6,3,9,6,0,0,0,0,9.4,9.4,4.3,13.7,0.29,0.15,0.44,0.29,0.46,0.21,0.46,0.66,0.0,0.0,0.0,0.0,0.0,0.0,0.0,0.0,0.0,0.0,0.0,0.0,0.0,0.0,0.0,0.0,0.0,0.0,0.0,0.0,0.0,0.0,0.0,0.0,62,22,35.5,3.01,1.07,0.10,0.27,14.1,373,442,84.4,4456,872,244,275,88.7,92,106,86.8,5,11,45.5,30,32,15,0,49,416,24,0,6,0,0,1,0,2,65,3.16,65,3.16,49,0,5,6,4,1,9,0.44,5,0,1,1,2,0,15,7,0,7,8,4,11,36.4,7,24,2,22,5,20,20,0,20.6,693,23,44,281,376,117,693,45,22,48.9,18,40.0,407,1859,878,31,18,10,60,23,519,134,55000,2860000
Darko Gyabi,FW,Leeds United,18,1,0,8.0,0.1,0,0,0,0,0,0,0,0,0.1,0.1,0.0,0.1,0.00,0.00,0.00,0.00,0.72,0.00,0.72,0.72,0.0,0.0,0.0,0.0,0.0,0.0,0.0,0.0,0.0,0.0,0.0,0.0,0.0,0.0,0.0,0.0,0.0,0.0,0.0,0.0,0.0,0.0,0.0,0.0,1,0,0.0,11.25,0.00,0.00,,17.8,4,4,100.0,72,17,1,1,100.0,3,3,100.0,0,0,,0,0,0,0,2,4,0,0,0,0,0,0,0,0,0,0.00,0,0.00,0,0,0,0,0,0,0,0.00,0,0,0,0,0,0,2,2,1,1,0,0,0,,0,2,0,2,0,2,0,0,0.1,8,0,1,4,3,1,8,1,0,0.0,0,0.0,4,5,3,0,0,0,1,0,2,0,0.0,0.0
Darwin Núñez,FW,Liverpool,23,29,19,1695.0,18.8,9,3,12,9,0,0,1,1,11.6,11.6,5.4,16.9,0.48,0.16,0.64,0.48,0.61,0.28,0.61,0.90,0.0,0.0,0.0,0.0,0.0,0.0,0.0,0.0,0.0,0.0,0.0,0.0,0.0,0.0,0.0,0.0,0.0,0.0,0.0,0.0,0.0,0.0,0.0,0.0,84,35,41.7,4.46,1.86,0.11,0.26,15.1,258,401,64.3,3922,852,130,184,70.7,80,117,68.4,21,30,70.0,28,11,12,1,29,386,11,0,2,8,18,8,1,4,54,2.87,54,2.87,35,1,4,7,7,0,3,0.16,2,0,0,0,1,0,11,5,2,4,5,4,17,23.5,13,10,0,10,3,14,13,0,18.8,633,12,51,179,412,154,633,44,18,40.9,19,43.2,387,2795,1408,61,33,31,41,27,491,181,140000,7280000
David Brooks,"FW,MF",Bournemouth,25,6,2,173.0,1.9,0,0,0,0,0,0,1,0,0.3,0.3,0.2,0.5,0.00,0.00,0.00,0.00,0.13,0.11,0.13,0.25,0.0,0.0,0.0,0.0,0.0,0.0,0.0,0.0,0.0,0.0,0.0,0.0,0.0,0.0,0.0,0.0,0.0,0.0,0.0,0.0,0.0,0.0,0.0,0.0,5,1,20.0,2.60,0.52,0.00,0.00,20.6,46,63,73.0,640,140,30,32,93.8,13,16,81.3,2,9,22.2,2,4,1,0,11,61,2,0,0,0,6,0,2,0,8,4.19,8,4.19,5,0,1,1,1,0,0,0.00,0,0,0,0,0,0,1,0,1,0,0,0,1,0.0,1,2,0,2,2,3,5,0,1.9,93,8,19,35,39,9,93,9,2,22.2,7,77.8,61,270,120,5,2,2,4,4,65,10,50000,2600000
David Datro Fofana,FW,Chelsea,19,3,1,70.0,0.8,0,0,0,0,0,0,0,0,0.2,0.2,0.1,0.4,0.00,0.00,0.00,0.00,0.31,0.17,0.31,0.47,0.0,0.0,0.0,0.0,0.0,0.0,0.0,0.0,0.0,0.0,0.0,0.0,0.0,0.0,0.0,0.0,0.0,0.0,0.0,0.0,0.0,0.0,0.0,0.0,3,1,33.3,3.86,1.29,0.00,0.00,19.1,7,9,77.8,122,82,4,5,80.0,2,2,100.0,1,1,100.0,3,0,2,0,2,9,0,0,1,0,1,0,0,0,6,7.71,6,7.71,2,0,4,0,0,0,0,0.00,0,0,0,0,0,0,3,1,1,1,1,1,1,100.0,0,1,0,1,0,3,0,0,0.8,33,1,2,10,22,7,33,8,5,62.5,2,25.0,24,119,45,2,2,3,9,3,23,9,30000,1560000
David Ozoh,FW,Crystal Palace,17,1,0,1.0,0.0,0,0,0,0,0,0,0,0,0.0,0.0,0.0,0.0,0.00,0.00,0.00,0.00,0.00,0.00,0.00,0.00,0.0,0.0,0.0,0.0,0.0,0.0,0.0,0.0,0.0,0.0,0.0,0.0,0.0,0.0,0.0,0.0,0.0,0.0,0.0,0.0,0.0,0.0,0.0,0.0,0,0,,0.00,0.00,,,,3,3,100.0,24,0,3,3,100.0,0,0,,0,0,,0,0,0,0,0,3,0,0,0,0,0,0,0,0,0,0.00,0,0.00,0,0,0,0,0,0,0,0.00,0,0,0,0,0,0,0,0,0,0,0,0,0,,0,0,0,0,0,0,0,0,0.0,4,0,0,0,4,0,4,0,0,,0,,2,1,1,0,0,0,1,0,4,0,0.0,0.0
David Raya,GK,Brentford,26,38,38,3420.0,38.0,0,0,0,0,0,0,1,0,0.1,0.1,0.1,0.3,0.00,0.00,0.00,0.00,0.00,0.00,0.00,0.01,1.21,197,154,77.7,12,31.6,48.1,0.24,347,882,39.3,1367,160,50.7,39.5,269,70.3,51.8,598,53,8.9,54,1.42,15.7,1,0,0.0,0.03,0.00,0.00,,9.1,1054,1640,64.3,34961,26954,131,135,97.0,463,473,97.9,459,1026,44.7,2,75,3,0,13,1181,455,185,0,19,0,1,0,4,12,0.32,12,0.32,9,3,0,0,0,0,2,0.05,1,1,0,0,0,0,0,0,0,0,0,0,2,0.0,2,1,0,1,1,1,10,3,38.0,1722,1257,1616,108,1,1,1722,1,1,100.0,0,0.0,1030,5891,3795,0,0,0,0,0,808,0,25000,1300000
David de Gea,GK,Manchester Utd,31,38,38,3420.0,38.0,0,0,0,0,0,0,0,0,0.0,0.0,0.1,0.1,0.00,0.00,0.00,0.00,0.00,0.00,0.00,0.00,1.13,142,99,71.1,17,44.7,41.3,0.27,141,449,31.4,1032,128,32.6,32.3,179,63.1,47.1,526,15,2.9,32,0.84,14.8,0,0,,0.00,0.00,,,,866,1218,71.1,22585,16134,199,199,100.0,402,410,98.0,260,596,43.6,1,7,1,0,0,968,243,64,1,3,0,0,0,7,5,0.13,5,0.13,3,2,0,0,0,0,0,0.00,0,0,0,0,0,0,0,0,0,0,0,0,1,0.0,1,0,0,0,1,1,15,3,38.0,1302,1116,1297,5,0,0,1302,0,0,,0,,781,3589,2147,0,0,0,0,0,783,0,375000,19500000
Davinson Sánchez,DF,Tottenham,26,18,8,858.0,9.5,0,0,0,0,0,0,1,0,0.6,0.6,0.4,1.0,0.00,0.00,0.00,0.00,0.07,0.04,0.07,0.11,0.0,0.0,0.0,0.0,0.0,0.0,0.0,0.0,0.0,0.0,0.0,0.0,0.0,0.0,0.0,0.0,0.0,0.0,0.0,0.0,0.0,0.0,0.0,0.0,6,2,33.3,0.63,0.21,0.00,0.00,12.2,515,594,86.7,9178,2770,187,201,93.0,297,320,92.8,24,52,46.2,2,35,1,1,35,583,10,7,0,1,2,3,0,1,5,0.53,5,0.53,5,0,0,0,0,0,0,0.00,0,0,0,0,0,0,24,11,17,6,1,14,20,70.0,6,16,10,6,12,36,41,0,9.5,719,99,364,310,46,10,719,6,2,33.3,3,50.0,406,1607,788,5,2,0,3,2,473,4,65000,3380000
Dean Henderson,GK,Nott'ham Forest,25,18,18,1620.0,18.0,0,0,0,0,0,0,2,0,0.0,0.0,0.0,0.0,0.00,0.00,0.00,0.00,0.00,0.00,0.00,0.00,1.72,85,52,65.9,6,33.3,26.9,0.28,108,334,32.3,513,107,47.2,38.5,156,59.0,45.3,291,20,6.9,27,1.50,15.6,0,0,,0.00,0.00,,,,425,671,63.3,12543,8838,80,80,100.0,186,188,98.9,159,400,39.8,0,11,1,0,0,455,214,58,0,0,0,0,0,2,3,0.17,3,0.17,3,0,0,0,0,0,0,0.00,0,0,0,0,0,0,0,0,0,0,0,0,0,,0,0,0,0,0,0,12,1,18.0,715,600,711,5,0,0,715,0,0,,0,,397,2242,1245,0,0,0,1,0,319,0,100000,5200000
Declan Rice,MF,West Ham,23,37,36,3273.0,36.4,4,1,5,4,0,1,5,0,2.4,1.6,3.2,4.8,0.11,0.03,0.14,0.11,0.07,0.09,0.04,0.13,0.0,0.0,0.0,0.0,0.0,0.0,0.0,0.0,0.0,0.0,0.0,0.0,0.0,0.0,0.0,0.0,0.0,0.0,0.0,0.0,0.0,0.0,0.0,0.0,35,8,22.9,0.96,0.22,0.11,0.50,23.6,1846,2135,86.5,33652,9456,850,944,90.0,735,789,93.2,223,324,68.8,37,233,13,3,240,2060,70,48,4,60,44,3,19,5,100,2.75,100,2.75,86,7,1,1,2,3,6,0.16,6,0,0,0,0,0,79,38,44,31,4,31,50,62.0,19,45,15,30,63,142,58,0,36.4,2475,123,670,1420,433,24,2474,65,37,56.9,23,35.4,1455,9170,4918,89,76,6,28,26,1642,37,60000,3120000
Dejan Kulusevski,"MF,FW",Tottenham,22,30,23,2067.0,23.0,2,7,9,2,0,0,2,0,2.5,2.5,4.6,7.2,0.09,0.30,0.39,0.09,0.11,0.20,0.11,0.31,0.0,0.0,0.0,0.0,0.0,0.0,0.0,0.0,0.0,0.0,0.0,0.0,0.0,0.0,0.0,0.0,0.0,0.0,0.0,0.0,0.0,0.0,0.0,0.0,43,10,23.3,1.87,0.44,0.05,0.20,17.6,582,746,78.0,8120,2005,355,410,86.6,179,226,79.2,25,51,49.0,47,14,38,11,67,684,61,1,5,3,62,7,23,1,97,4.22,97,4.22,71,5,15,5,0,1,11,0.48,9,1,1,0,0,0,38,15,23,7,8,16,44,36.4,28,19,0,19,13,51,7,0,23.0,1048,26,156,394,528,107,1048,112,52,46.4,52,46.4,677,4905,2513,87,46,48,78,52,711,195,110000,5720000
Dele Alli,MF,Everton,26,2,0,40.0,0.4,0,0,0,0,0,0,0,0,0.0,0.0,0.0,0.0,0.00,0.00,0.00,0.00,0.00,0.00,0.00,0.00,0.0,0.0,0.0,0.0,0.0,0.0,0.0,0.0,0.0,0.0,0.0,0.0,0.0,0.0,0.0,0.0,0.0,0.0,0.0,0.0,0.0,0.0,0.0,0.0,0,0,,0.00,0.00,,,,12,15,80.0,123,10,6,8,75.0,4,5,80.0,0,0,,0,2,0,0,1,13,2,1,0,0,0,0,0,0,0,0.00,0,0.00,0,0,0,0,0,0,0,0.00,0,0,0,0,0,0,0,0,0,0,0,0,0,,0,0,0,0,0,0,0,0,0.4,20,0,1,8,11,2,20,1,0,0.0,1,100.0,11,30,3,0,0,0,3,1,14,1,0.0,0.0
Demarai Gray,"FW,MF",Everton,26,33,27,2507.0,27.9,4,1,5,2,2,2,3,0,6.2,4.7,3.8,8.5,0.14,0.04,0.18,0.07,0.22,0.14,0.17,0.30,0.0,0.0,0.0,0.0,0.0,0.0,0.0,0.0,0.0,0.0,0.0,0.0,0.0,0.0,0.0,0.0,0.0,0.0,0.0,0.0,0.0,0.0,0.0,0.0,57,22,38.6,2.05,0.79,0.04,0.09,19.5,579,838,69.1,9843,2215,289,328,88.1,191,252,75.8,72,179,40.2,37,30,18,7,46,666,172,57,2,8,173,7,74,0,96,3.44,96,3.44,41,25,6,11,10,3,5,0.18,3,2,0,0,0,0,33,24,9,14,10,17,31,54.8,14,23,3,20,13,46,18,0,27.9,1181,22,110,441,652,104,1179,95,36,37.9,42,44.2,720,5100,2465,94,62,48,86,66,781,199,25000,1300000
Denis Zakaria,MF,Chelsea,25,7,5,411.0,4.6,0,0,0,0,0,0,0,0,0.2,0.2,0.0,0.2,0.00,0.00,0.00,0.00,0.04,0.01,0.04,0.05,0.0,0.0,0.0,0.0,0.0,0.0,0.0,0.0,0.0,0.0,0.0,0.0,0.0,0.0,0.0,0.0,0.0,0.0,0.0,0.0,0.0,0.0,0.0,0.0,2,0,0.0,0.44,0.00,0.00,,16.9,158,179,88.3,2222,571,90,98,91.8,54,56,96.4,5,6,83.3,1,8,0,0,6,177,2,2,1,1,1,0,0,0,2,0.44,2,0.44,1,0,0,0,0,1,0,0.00,0,0,0,0,0,0,9,5,5,2,2,2,8,25.0,6,4,1,3,3,12,10,0,4.6,218,12,66,113,44,2,218,9,6,66.7,3,33.3,140,646,291,9,3,2,4,9,159,3,90000,4680000
Deniz Undav,"FW,MF",Brighton,26,22,6,628.0,7.0,5,0,5,5,0,0,2,0,4.5,4.5,1.1,5.6,0.72,0.00,0.72,0.72,0.65,0.15,0.65,0.80,0.0,0.0,0.0,0.0,0.0,0.0,0.0,0.0,0.0,0.0,0.0,0.0,0.0,0.0,0.0,0.0,0.0,0.0,0.0,0.0,0.0,0.0,0.0,0.0,27,12,44.4,3.87,1.72,0.19,0.42,13.8,122,164,74.4,1504,325,84,100,84.0,25,36,69.4,5,10,50.0,8,8,3,0,10,159,4,0,3,1,1,0,0,1,22,3.15,22,3.15,14,0,1,6,0,1,4,0.57,0,0,1,2,0,1,7,4,2,2,3,2,8,25.0,6,4,1,3,0,7,1,0,7.0,231,4,19,97,116,42,231,6,4,66.7,2,33.3,120,518,350,12,6,4,13,8,179,40,20000,1040000
Dennis Praet,"MF,FW",Leicester City,28,22,6,649.0,7.2,1,0,1,1,0,0,1,0,1.0,1.0,0.5,1.5,0.14,0.00,0.14,0.14,0.14,0.06,0.14,0.21,0.0,0.0,0.0,0.0,0.0,0.0,0.0,0.0,0.0,0.0,0.0,0.0,0.0,0.0,0.0,0.0,0.0,0.0,0.0,0.0,0.0,0.0,0.0,0.0,5,2,40.0,0.69,0.28,0.20,0.50,13.6,200,270,74.1,2897,680,117,138,84.8,62,77,80.5,13,27,48.1,3,10,5,1,17,254,14,2,2,0,15,5,2,2,14,1.94,14,1.94,11,2,0,1,0,0,0,0.00,0,0,0,0,0,0,12,9,5,6,1,6,11,54.5,5,12,2,10,5,17,6,0,7.2,342,11,67,163,118,14,342,14,6,42.9,7,50.0,177,902,357,15,7,1,11,10,217,42,75000,3900000
Dexter Lembikisa,DF,Wolves,18,1,0,23.0,0.3,0,0,0,0,0,0,0,0,0.0,0.0,0.0,0.0,0.00,0.00,0.00,0.00,0.00,0.00,0.00,0.00,0.0,0.0,0.0,0.0,0.0,0.0,0.0,0.0,0.0,0.0,0.0,0.0,0.0,0.0,0.0,0.0,0.0,0.0,0.0,0.0,0.0,0.0,0.0,0.0,0,0,,0.00,0.00,,,,10,13,76.9,180,73,5,5,100.0,5,5,100.0,0,0,,0,2,0,0,3,12,1,0,0,0,1,1,0,0,1,3.91,1,3.91,1,0,0,0,0,0,0,0.00,0,0,0,0,0,0,0,0,0,0,0,0,0,,0,0,0,0,0,0,0,0,0.3,13,0,3,7,3,0,13,0,0,,0,,7,29,21,2,0,0,0,0,8,3,0.0,0.0
Diego Carlos,DF,Aston Villa,29,3,2,205.0,2.3,0,0,0,0,0,0,0,0,0.4,0.4,0.0,0.4,0.00,0.00,0.00,0.00,0.16,0.02,0.16,0.18,0.0,0.0,0.0,0.0,0.0,0.0,0.0,0.0,0.0,0.0,0.0,0.0,0.0,0.0,0.0,0.0,0.0,0.0,0.0,0.0,0.0,0.0,0.0,0.0,4,0,0.0,1.76,0.00,0.00,,15.7,112,142,78.9,2338,881,35,41,85.4,60,71,84.5,17,28,60.7,1,9,1,0,11,136,5,4,0,1,1,1,0,1,3,1.32,3,1.32,2,0,0,1,0,0,0,0.00,0,0,0,0,0,0,1,0,0,1,0,0,1,0.0,1,2,2,0,1,2,2,0,2.3,156,11,54,94,11,4,156,0,0,,0,,100,348,193,1,3,0,2,0,111,0,100000,5200000
Diego Costa,FW,Wolves,33,23,16,1241.0,13.8,1,0,1,1,0,0,5,1,3.2,3.2,0.7,3.9,0.07,0.00,0.07,0.07,0.23,0.05,0.23,0.28,0.0,0.0,0.0,0.0,0.0,0.0,0.0,0.0,0.0,0.0,0.0,0.0,0.0,0.0,0.0,0.0,0.0,0.0,0.0,0.0,0.0,0.0,0.0,0.0,28,14,50.0,2.03,1.02,0.04,0.07,12.0,158,221,71.5,1870,312,93,118,78.8,45,56,80.4,2,5,40.0,11,9,4,0,13,204,17,1,1,0,6,0,1,0,23,1.67,23,1.67,15,0,3,3,2,0,1,0.07,1,0,0,0,0,0,3,1,3,0,0,2,9,22.2,7,6,1,5,2,5,17,0,13.8,335,19,37,140,161,59,335,10,5,50.0,5,50.0,180,1019,342,19,9,11,23,26,245,60,50000,2600000
Diego Llorente,DF,Leeds United,28,8,7,649.0,7.2,0,0,0,0,0,0,1,0,0.7,0.7,0.0,0.7,0.00,0.00,0.00,0.00,0.10,0.00,0.10,0.10,0.0,0.0,0.0,0.0,0.0,0.0,0.0,0.0,0.0,0.0,0.0,0.0,0.0,0.0,0.0,0.0,0.0,0.0,0.0,0.0,0.0,0.0,0.0,0.0,6,0,0.0,0.83,0.00,0.00,,12.5,356,429,83.0,6969,2284,118,130,90.8,203,228,89.0,33,59,55.9,0,17,0,0,27,417,11,10,0,4,1,0,0,1,6,0.83,6,0.83,5,0,0,1,0,0,1,0.14,1,0,0,0,0,0,13,10,8,5,0,4,8,50.0,4,6,2,4,15,28,24,2,7.2,506,59,283,210,15,6,506,3,2,66.7,1,33.3,303,1566,721,2,1,0,6,1,312,1,45000,2340000
Diogo Dalot,DF,Manchester Utd,23,26,24,2154.0,23.9,1,2,3,1,0,0,6,0,2.5,2.5,1.9,4.4,0.04,0.08,0.13,0.04,0.10,0.08,0.10,0.18,0.0,0.0,0.0,0.0,0.0,0.0,0.0,0.0,0.0,0.0,0.0,0.0,0.0,0.0,0.0,0.0,0.0,0.0,0.0,0.0,0.0,0.0,0.0,0.0,22,7,31.8,0.92,0.29,0.05,0.14,19.9,1141,1441,79.2,20816,6349,468,527,88.8,543,639,85.0,113,205,55.1,29,82,28,13,92,1216,219,17,3,20,44,202,0,6,52,2.17,52,2.17,48,0,1,2,0,1,2,0.08,2,0,0,0,0,0,54,41,40,13,1,33,45,73.3,12,25,7,18,37,91,55,2,23.9,1673,125,580,714,390,38,1673,35,21,60.0,7,20.0,878,4258,2161,46,32,12,18,5,994,85,25000,1300000
Diogo Jota,FW,Liverpool,25,22,12,1131.0,12.6,7,4,11,7,0,0,2,0,6.5,6.5,2.1,8.6,0.56,0.32,0.88,0.56,0.52,0.17,0.52,0.69,0.0,0.0,0.0,0.0,0.0,0.0,0.0,0.0,0.0,0.0,0.0,0.0,0.0,0.0,0.0,0.0,0.0,0.0,0.0,0.0,0.0,0.0,0.0,0.0,35,11,31.4,2.79,0.88,0.20,0.64,11.7,286,381,75.1,3868,886,172,216,79.6,87,109,79.8,10,20,50.0,17,28,8,2,30,379,2,0,3,1,8,0,0,0,33,2.63,33,2.63,23,0,3,5,2,0,5,0.40,4,0,1,0,0,0,23,15,8,8,7,12,37,32.4,25,5,0,5,3,26,11,0,12.6,550,21,71,235,252,73,550,39,14,35.9,21,53.8,339,1938,1067,34,26,14,34,19,403,104,140000,7280000
Divin Mubama,FW,West Ham,17,3,0,38.0,0.4,0,0,0,0,0,0,0,0,0.0,0.0,0.0,0.0,0.00,0.00,0.00,0.00,0.00,0.07,0.00,0.07,0.0,0.0,0.0,0.0,0.0,0.0,0.0,0.0,0.0,0.0,0.0,0.0,0.0,0.0,0.0,0.0,0.0,0.0,0.0,0.0,0.0,0.0,0.0,0.0,0,0,,0.00,0.00,,,,5,8,62.5,108,37,2,2,100.0,2,4,50.0,1,1,100.0,1,0,0,0,0,7,1,1,0,0,0,0,0,0,2,4.74,2,4.74,1,0,1,0,0,0,0,0.00,0,0,0,0,0,0,1,1,1,0,0,0,0,,0,0,0,0,0,1,0,0,0.4,11,1,2,6,3,0,11,2,1,50.0,1,50.0,7,49,3,0,0,0,0,2,8,1,0.0,0.0
Djed Spence,"FW,DF",Tottenham,21,4,0,7.0,0.1,0,0,0,0,0,0,0,0,0.1,0.1,0.0,0.1,0.00,0.00,0.00,0.00,0.83,0.00,0.83,0.83,0.0,0.0,0.0,0.0,0.0,0.0,0.0,0.0,0.0,0.0,0.0,0.0,0.0,0.0,0.0,0.0,0.0,0.0,0.0,0.0,0.0,0.0,0.0,0.0,1,0,0.0,12.86,0.00,0.00,,8.9,5,9,55.6,60,4,4,5,80.0,1,1,100.0,0,0,,0,0,0,0,0,9,0,0,0,0,0,0,0,0,0,0.00,0,0.00,0,0,0,0,0,0,0,0.00,0,0,0,0,0,0,0,0,0,0,0,0,0,,0,0,0,0,0,0,0,0,0.1,12,0,3,1,8,2,12,1,0,0.0,0,0.0,8,92,66,2,1,1,0,2,10,2,25000,1300000
Dominic Ballard,"FW,MF",Southampton,17,2,0,26.0,0.3,0,0,0,0,0,0,0,0,0.0,0.0,0.0,0.0,0.00,0.00,0.00,0.00,0.00,0.00,0.00,0.00,0.0,0.0,0.0,0.0,0.0,0.0,0.0,0.0,0.0,0.0,0.0,0.0,0.0,0.0,0.0,0.0,0.0,0.0,0.0,0.0,0.0,0.0,0.0,0.0,0,0,,0.00,0.00,,,,5,7,71.4,55,5,3,4,75.0,2,2,100.0,0,0,,0,0,0,0,0,5,2,0,0,0,0,1,0,0,0,0.00,0,0.00,0,0,0,0,0,0,0,0.00,0,0,0,0,0,0,0,0,0,0,0,0,0,,0,0,0,0,1,1,0,0,0.3,11,0,2,4,5,0,11,2,0,0.0,1,50.0,6,25,10,1,0,0,3,1,7,1,0.0,0.0
Dominic Calvert-Lewin,FW,Everton,25,17,15,1165.0,12.9,2,1,3,1,1,1,3,0,5.8,5.0,0.8,5.9,0.15,0.08,0.23,0.08,0.45,0.06,0.39,0.45,0.0,0.0,0.0,0.0,0.0,0.0,0.0,0.0,0.0,0.0,0.0,0.0,0.0,0.0,0.0,0.0,0.0,0.0,0.0,0.0,0.0,0.0,0.0,0.0,30,9,30.0,2.32,0.70,0.03,0.11,11.8,131,221,59.3,1575,318,83,125,66.4,29,54,53.7,5,8,62.5,9,13,4,0,15,220,1,0,0,1,6,0,0,0,24,1.85,24,1.85,16,0,5,1,2,0,4,0.31,2,0,1,0,1,0,4,2,1,0,3,1,5,20.0,4,5,1,4,3,7,18,0,12.9,376,20,39,143,200,59,375,28,15,53.6,10,35.7,186,972,405,18,11,10,40,12,286,56,100000,5200000
Dominic Solanke,"FW,MF",Bournemouth,24,33,32,2860.0,31.8,6,7,13,6,0,0,2,0,9.1,9.1,3.9,13.0,0.19,0.22,0.41,0.19,0.29,0.12,0.29,0.41,0.0,0.0,0.0,0.0,0.0,0.0,0.0,0.0,0.0,0.0,0.0,0.0,0.0,0.0,0.0,0.0,0.0,0.0,0.0,0.0,0.0,0.0,0.0,0.0,76,28,36.8,2.39,0.88,0.08,0.21,12.8,363,533,68.1,4673,1106,225,294,76.5,101,135,74.8,14,24,58.3,21,22,17,1,47,479,52,0,3,1,13,4,0,2,61,1.92,61,1.92,36,1,11,10,2,1,13,0.41,10,1,0,2,0,0,15,9,8,3,4,5,22,22.7,17,26,7,19,6,21,46,0,31.8,1012,54,157,423,454,159,1012,110,45,40.9,54,49.1,638,4488,1731,70,41,36,134,74,730,167,50000,2600000
Donny van de Beek,MF,Manchester Utd,25,7,2,167.0,1.9,0,0,0,0,0,0,0,0,0.1,0.1,0.1,0.2,0.00,0.00,0.00,0.00,0.05,0.06,0.05,0.11,0.0,0.0,0.0,0.0,0.0,0.0,0.0,0.0,0.0,0.0,0.0,0.0,0.0,0.0,0.0,0.0,0.0,0.0,0.0,0.0,0.0,0.0,0.0,0.0,2,0,0.0,1.08,0.00,0.00,,10.1,46,61,75.4,502,115,31,34,91.2,8,8,100.0,1,2,50.0,3,0,4,0,6,56,3,0,0,0,0,0,1,2,6,3.23,6,3.23,6,0,0,0,0,0,0,0.00,0,0,0,0,0,0,0,0,0,0,0,0,1,0.0,1,2,1,1,1,1,1,0,1.9,72,1,3,23,46,11,72,3,2,66.7,1,33.3,39,148,85,2,3,0,2,2,53,20,120000,6240000
Douglas Luiz,MF,Aston Villa,24,37,33,2927.0,32.5,6,6,12,6,0,0,6,1,2.8,2.8,4.4,7.2,0.18,0.18,0.37,0.18,0.09,0.14,0.09,0.22,0.0,0.0,0.0,0.0,0.0,0.0,0.0,0.0,0.0,0.0,0.0,0.0,0.0,0.0,0.0,0.0,0.0,0.0,0.0,0.0,0.0,0.0,0.0,0.0,34,12,35.3,1.05,0.37,0.18,0.50,25.0,1494,1812,82.5,26492,6527,614,681,90.2,664,767,86.6,158,277,57.0,45,123,19,4,148,1593,216,120,6,10,106,6,89,3,96,2.95,96,2.95,61,26,4,1,1,3,12,0.37,9,1,0,0,0,2,72,42,31,32,9,29,63,46.0,34,36,7,29,40,112,27,2,32.5,2117,75,534,1161,442,19,2116,44,24,54.5,14,31.8,1142,6289,2913,48,39,4,36,33,1326,35,75000,3900000
Duje Ćaleta-Car,DF,Southampton,25,13,9,946.0,10.5,1,0,1,1,0,0,2,0,0.8,0.8,0.0,0.8,0.10,0.00,0.10,0.10,0.08,0.00,0.08,0.08,0.0,0.0,0.0,0.0,0.0,0.0,0.0,0.0,0.0,0.0,0.0,0.0,0.0,0.0,0.0,0.0,0.0,0.0,0.0,0.0,0.0,0.0,0.0,0.0,5,2,40.0,0.48,0.19,0.20,0.50,12.3,480,568,84.5,9398,3504,155,173,89.6,268,289,92.7,53,93,57.0,1,26,0,0,33,542,22,17,0,3,1,1,0,4,6,0.57,6,0.57,6,0,0,0,0,0,0,0.00,0,0,0,0,0,0,14,10,9,4,1,6,9,66.7,3,15,11,4,15,29,65,1,10.5,695,136,416,268,15,9,695,2,2,100.0,0,0.0,387,1829,993,5,1,0,1,2,429,0,40000,2080000
Dwight McNeil,"FW,MF",Everton,22,36,28,2498.0,27.8,7,3,10,7,0,0,5,0,3.5,3.5,6.1,9.6,0.25,0.11,0.36,0.25,0.13,0.22,0.13,0.35,0.0,0.0,0.0,0.0,0.0,0.0,0.0,0.0,0.0,0.0,0.0,0.0,0.0,0.0,0.0,0.0,0.0,0.0,0.0,0.0,0.0,0.0,0.0,0.0,46,15,32.6,1.66,0.54,0.15,0.47,20.5,656,987,66.5,11288,3797,335,391,85.7,208,278,74.8,87,212,41.0,49,45,27,14,69,838,142,50,3,6,194,31,61,7,108,3.89,108,3.89,53,36,9,6,2,2,12,0.43,4,3,3,0,1,1,64,41,35,14,15,27,65,41.5,38,46,7,39,31,95,41,0,27.8,1358,52,266,505,614,61,1357,108,54,50.0,51,47.2,738,5432,2144,76,44,16,53,45,762,128,25000,1300000
Eberechi Eze,"MF,FW",Crystal Palace,24,38,30,2636.0,29.3,10,4,14,9,1,1,3,0,7.3,6.5,4.3,10.8,0.34,0.14,0.48,0.31,0.25,0.15,0.22,0.37,0.0,0.0,0.0,0.0,0.0,0.0,0.0,0.0,0.0,0.0,0.0,0.0,0.0,0.0,0.0,0.0,0.0,0.0,0.0,0.0,0.0,0.0,0.0,0.0,70,25,35.7,2.39,0.85,0.13,0.36,21.9,923,1178,78.4,14106,3902,531,607,87.5,294,353,83.3,67,148,45.3,57,88,35,2,131,1019,149,70,11,5,78,7,51,10,118,4.03,118,4.03,69,21,11,4,11,2,16,0.55,9,1,5,0,1,0,42,24,17,18,7,18,38,47.4,20,22,0,22,13,55,10,0,29.3,1515,20,212,735,602,84,1514,122,71,58.2,41,33.6,889,5017,2398,69,57,28,71,54,999,129,30000,1560000
Eddie Nketiah,FW,Arsenal,23,30,9,1089.0,12.1,4,1,5,4,0,0,3,0,8.2,8.2,1.1,9.3,0.33,0.08,0.41,0.33,0.68,0.09,0.68,0.76,0.0,0.0,0.0,0.0,0.0,0.0,0.0,0.0,0.0,0.0,0.0,0.0,0.0,0.0,0.0,0.0,0.0,0.0,0.0,0.0,0.0,0.0,0.0,0.0,41,14,34.1,3.39,1.16,0.10,0.29,11.3,205,255,80.4,2894,350,131,151,86.8,58,69,84.1,9,12,75.0,9,9,6,0,15,231,24,0,0,1,5,0,0,0,29,2.40,29,2.40,14,0,6,6,3,0,3,0.25,2,0,0,0,1,0,13,9,6,2,5,2,10,20.0,8,7,1,6,1,14,7,0,12.1,407,10,35,157,221,87,407,34,15,44.1,13,38.2,259,1682,603,32,16,22,30,20,305,82,100000,5200000
Ederson,GK,Manchester City,28,35,35,3150.0,35.0,0,1,1,0,0,0,3,0,0.0,0.0,0.2,0.2,0.00,0.03,0.03,0.00,0.00,0.01,0.00,0.01,0.91,77,46,62.3,11,31.4,26.2,0.30,117,263,44.5,1104,147,19.6,28.0,152,30.9,32.3,286,19,6.6,33,0.94,15.7,0,0,,0.00,0.00,,,,1079,1257,85.8,26248,17275,237,239,99.2,563,572,98.4,278,442,62.9,1,13,0,0,0,1049,207,55,1,8,0,0,0,1,2,0.06,2,0.06,2,0,0,0,0,0,1,0.03,1,0,0,0,0,0,3,1,3,0,0,1,2,50.0,1,0,0,0,1,4,10,2,35.0,1302,1049,1295,9,0,0,1302,0,0,,0,,869,4059,2429,0,0,0,0,0,833,0,100000,5200000
Edouard Mendy,GK,Chelsea,30,10,9,855.0,9.5,0,0,0,0,0,0,1,0,0.0,0.0,0.0,0.0,0.00,0.00,0.00,0.00,0.00,0.00,0.00,0.00,1.47,39,25,64.1,1,11.1,11.9,0.33,27,77,35.1,226,47,22.1,27.6,63,42.9,34.4,128,9,7.0,11,1.16,13.7,0,0,,0.00,0.00,,,,233,289,80.6,5287,3583,79,79,100.0,97,98,99.0,53,108,49.1,0,4,0,0,0,220,69,6,0,1,0,0,0,0,0,0.00,0,0.00,0,0,0,0,0,0,0,0.00,0,0,0,0,0,0,0,0,0,0,0,0,0,,0,0,0,0,0,0,3,3,9.5,307,265,304,3,0,0,307,1,0,0.0,1,100.0,171,790,423,0,0,0,0,0,157,0,55000,2860000
Elliot Anderson,"MF,FW",Newcastle Utd,19,22,3,410.0,4.6,0,1,1,0,0,0,0,0,1.0,1.0,1.3,2.3,0.00,0.22,0.22,0.00,0.22,0.28,0.22,0.50,0.0,0.0,0.0,0.0,0.0,0.0,0.0,0.0,0.0,0.0,0.0,0.0,0.0,0.0,0.0,0.0,0.0,0.0,0.0,0.0,0.0,0.0,0.0,0.0,11,4,36.4,2.41,0.88,0.00,0.00,16.0,150,198,75.8,2043,599,90,104,86.5,44,56,78.6,5,10,50.0,9,15,4,0,24,193,3,0,1,0,9,2,1,2,22,4.83,22,4.83,16,0,2,0,4,0,1,0.22,1,0,0,0,0,0,11,5,5,3,3,6,12,50.0,6,11,2,9,6,17,2,0,4.6,286,7,44,99,151,39,286,29,10,34.5,13,44.8,160,970,522,23,15,12,9,10,182,35,30000,1560000
Ellis Simms,FW,Everton,21,11,2,228.0,2.5,1,0,1,1,0,0,0,0,0.9,0.9,0.1,0.9,0.39,0.00,0.39,0.39,0.34,0.03,0.34,0.37,0.0,0.0,0.0,0.0,0.0,0.0,0.0,0.0,0.0,0.0,0.0,0.0,0.0,0.0,0.0,0.0,0.0,0.0,0.0,0.0,0.0,0.0,0.0,0.0,8,1,12.5,3.16,0.39,0.13,1.00,16.1,38,62,61.3,505,105,20,31,64.5,9,17,52.9,3,3,100.0,2,3,1,0,4,62,0,0,1,0,1,0,0,0,6,2.37,6,2.37,4,0,1,1,0,0,2,0.79,1,0,1,0,0,0,0,0,0,0,0,0,0,,0,0,0,0,0,0,1,0,2.5,84,1,2,36,47,11,84,2,2,100.0,0,0.0,37,156,55,2,2,2,6,2,65,19,7000,364000
Emerson,DF,Tottenham,23,26,20,1735.0,19.3,2,1,3,2,0,0,2,1,1.7,1.7,0.6,2.3,0.10,0.05,0.16,0.10,0.09,0.03,0.09,0.12,0.0,0.0,0.0,0.0,0.0,0.0,0.0,0.0,0.0,0.0,0.0,0.0,0.0,0.0,0.0,0.0,0.0,0.0,0.0,0.0,0.0,0.0,0.0,0.0,17,6,35.3,0.88,0.31,0.12,0.33,16.6,848,1060,80.0,13378,3797,437,482,90.7,330,392,84.2,53,93,57.0,9,58,17,3,80,884,170,23,2,6,46,146,1,6,36,1.87,36,1.87,32,0,0,1,2,1,2,0.10,2,0,0,0,0,0,54,33,38,12,4,27,40,67.5,13,17,3,14,18,72,75,0,19.3,1323,101,481,505,346,46,1323,31,15,48.4,9,29.0,672,3662,2046,47,32,6,22,19,775,103,40000,2080000
Emerson Palmieri,DF,West Ham,27,22,16,1320.0,14.7,1,0,1,1,0,0,2,0,0.8,0.8,0.9,1.7,0.07,0.00,0.07,0.07,0.05,0.06,0.05,0.12,0.0,0.0,0.0,0.0,0.0,0.0,0.0,0.0,0.0,0.0,0.0,0.0,0.0,0.0,0.0,0.0,0.0,0.0,0.0,0.0,0.0,0.0,0.0,0.0,11,5,45.5,0.75,0.34,0.09,0.20,14.5,572,729,78.5,7910,2912,367,400,91.8,155,195,79.5,30,74,40.5,13,37,11,4,45,606,121,9,0,0,47,98,14,2,29,1.98,29,1.98,20,4,1,1,2,1,0,0.00,0,0,0,0,0,0,26,14,9,15,2,12,24,50.0,12,17,4,13,15,41,36,0,14.7,894,60,241,386,273,25,894,29,6,20.7,14,48.3,411,2390,1364,39,26,7,9,11,532,57,95000,4940000
Emi Buendía,"MF,FW",Aston Villa,25,38,27,2412.0,26.8,5,2,7,5,0,0,0,0,6.3,6.3,5.7,12.0,0.19,0.07,0.26,0.19,0.24,0.21,0.24,0.45,0.0,0.0,0.0,0.0,0.0,0.0,0.0,0.0,0.0,0.0,0.0,0.0,0.0,0.0,0.0,0.0,0.0,0.0,0.0,0.0,0.0,0.0,0.0,0.0,49,11,22.4,1.83,0.41,0.10,0.45,15.9,787,1020,77.2,12082,3091,434,513,84.6,255,323,78.9,63,90,70.0,41,84,41,0,138,954,63,7,11,7,18,7,5,3,90,3.36,90,3.36,72,2,8,3,4,1,10,0.37,7,0,1,2,0,0,52,23,20,20,12,21,74,28.4,53,20,2,18,20,72,17,0,26.8,1336,38,202,634,516,93,1336,59,27,45.8,26,44.1,829,3957,1970,60,46,19,63,58,955,137,75000,3900000
Emil Krafth,DF,Newcastle Utd,27,1,0,1.0,0.0,0,0,0,0,0,0,0,0,0.0,0.0,0.0,0.0,0.00,0.00,0.00,0.00,0.00,0.00,0.00,0.00,0.0,0.0,0.0,0.0,0.0,0.0,0.0,0.0,0.0,0.0,0.0,0.0,0.0,0.0,0.0,0.0,0.0,0.0,0.0,0.0,0.0,0.0,0.0,0.0,0,0,,0.00,0.00,,,,0,0,,0,0,0,0,,0,0,,0,0,,0,0,0,0,0,0,0,0,0,0,0,0,0,0,0,0.00,0,0.00,0,0,0,0,0,0,0,0.00,0,0,0,0,0,0,0,0,0,0,0,0,0,,0,0,0,0,0,0,0,0,0.0,1,0,1,0,0,0,1,0,0,,0,,0,0,0,0,0,0,0,0,0,0,55000,2860000
Emile Smith Rowe,"MF,FW",Arsenal,22,12,0,172.0,1.9,0,2,2,0,0,0,0,0,0.3,0.3,0.7,1.0,0.00,1.05,1.05,0.00,0.14,0.36,0.14,0.50,0.0,0.0,0.0,0.0,0.0,0.0,0.0,0.0,0.0,0.0,0.0,0.0,0.0,0.0,0.0,0.0,0.0,0.0,0.0,0.0,0.0,0.0,0.0,0.0,4,1,25.0,2.09,0.52,0.00,0.00,15.8,74,85,87.1,1070,240,44,48,91.7,24,28,85.7,5,6,83.3,6,3,4,0,7,81,4,0,0,0,5,0,4,0,9,4.68,9,4.68,6,1,0,2,0,0,1,0.52,1,0,0,0,0,0,1,1,1,0,0,1,3,33.3,2,1,0,1,0,1,2,0,1.9,102,1,14,37,51,9,102,5,2,40.0,3,60.0,68,303,119,2,1,0,0,4,71,11,40000,2080000
Emiliano Marcondes,MF,Bournemouth,27,1,0,9.0,0.1,0,0,0,0,0,0,0,0,0.0,0.0,0.0,0.0,0.00,0.00,0.00,0.00,0.00,0.00,0.00,0.00,0.0,0.0,0.0,0.0,0.0,0.0,0.0,0.0,0.0,0.0,0.0,0.0,0.0,0.0,0.0,0.0,0.0,0.0,0.0,0.0,0.0,0.0,0.0,0.0,0,0,,0.00,0.00,,,,1,1,100.0,56,37,0,0,,0,0,,1,1,100.0,0,1,0,0,1,1,0,0,0,0,0,0,0,0,0,0.00,0,0.00,0,0,0,0,0,0,0,0.00,0,0,0,0,0,0,0,0,0,0,0,0,0,,0,0,0,0,0,0,1,0,0.1,3,1,1,2,0,0,3,1,0,0.0,0,0.0,2,11,7,0,0,0,0,0,2,0,15000,780000
Emiliano Martínez,GK,Aston Villa,29,36,36,3139.0,34.9,0,0,0,0,0,0,7,0,0.0,0.0,0.3,0.3,0.00,0.00,0.00,0.00,0.00,0.01,0.00,0.01,1.09,132,97,74.2,11,30.6,36.6,0.24,199,523,38.0,1171,135,35.5,33.0,212,50.5,40.7,483,60,12.4,73,2.09,16.6,0,0,,0.00,0.00,,,,1026,1388,73.9,27095,17857,218,219,99.5,520,527,98.7,286,633,45.2,2,21,0,0,0,1043,340,128,1,5,0,0,0,5,5,0.14,5,0.14,3,2,0,0,0,0,0,0.00,0,0,0,0,0,0,0,0,0,0,0,0,2,0.0,2,0,0,0,1,1,23,1,34.9,1479,1218,1463,17,0,0,1479,0,0,,0,,851,4474,2627,0,0,0,2,0,707,0,120000,6240000
Emmanuel Dennis,"FW,MF",Nott'ham Forest,24,19,6,720.0,8.0,2,2,4,2,0,0,3,0,1.9,1.9,0.6,2.4,0.25,0.25,0.50,0.25,0.23,0.07,0.23,0.30,0.0,0.0,0.0,0.0,0.0,0.0,0.0,0.0,0.0,0.0,0.0,0.0,0.0,0.0,0.0,0.0,0.0,0.0,0.0,0.0,0.0,0.0,0.0,0.0,21,7,33.3,2.62,0.87,0.10,0.29,13.2,124,183,67.8,1860,382,72,93,77.4,40,58,69.0,8,11,72.7,7,7,4,2,17,178,4,0,0,0,11,3,0,1,25,3.12,25,3.12,14,1,2,2,6,0,3,0.37,2,0,0,0,1,0,17,11,5,5,7,8,18,44.4,10,13,1,12,2,19,6,0,8.0,335,5,55,118,177,40,335,54,19,35.2,26,48.1,211,1512,840,24,15,8,32,25,219,63,40000,2080000
Enock Mwepu,"FW,MF",Brighton,24,6,2,213.0,2.4,0,1,1,0,0,0,0,0,0.2,0.2,0.5,0.7,0.00,0.42,0.42,0.00,0.09,0.20,0.09,0.29,0.0,0.0,0.0,0.0,0.0,0.0,0.0,0.0,0.0,0.0,0.0,0.0,0.0,0.0,0.0,0.0,0.0,0.0,0.0,0.0,0.0,0.0,0.0,0.0,2,1,50.0,0.85,0.42,0.00,0.00,16.7,61,78,78.2,819,126,42,50,84.0,15,17,88.2,3,5,60.0,3,5,2,0,6,76,2,0,0,1,3,0,0,0,7,2.96,7,2.96,6,0,1,0,0,0,2,0.85,1,0,1,0,0,0,10,5,1,6,3,3,4,75.0,1,3,1,2,1,11,1,0,2.4,116,1,12,54,53,7,116,5,1,20.0,4,80.0,58,318,141,5,2,1,10,5,80,17,0.0,0.0
Enzo Fernández,MF,Chelsea,21,18,18,1547.0,17.2,0,2,2,0,0,0,3,0,0.8,0.8,2.4,3.2,0.00,0.12,0.12,0.00,0.05,0.14,0.05,0.19,0.0,0.0,0.0,0.0,0.0,0.0,0.0,0.0,0.0,0.0,0.0,0.0,0.0,0.0,0.0,0.0,0.0,0.0,0.0,0.0,0.0,0.0,0.0,0.0,20,3,15.0,1.16,0.17,0.00,0.00,25.7,1269,1440,88.1,24396,7284,504,549,91.8,546,604,90.4,193,240,80.4,20,164,25,0,168,1381,56,51,11,17,14,2,3,3,59,3.43,59,3.43,49,6,0,2,2,0,6,0.35,6,0,0,0,0,0,45,27,25,17,3,21,56,37.5,35,32,2,30,16,61,12,1,17.2,1616,45,351,1000,280,9,1616,32,17,53.1,13,40.6,1097,4757,2023,22,28,1,25,13,1257,18,180000,9360000
Eric Dier,DF,Tottenham,28,33,31,2818.0,31.3,2,1,3,2,0,0,3,0,1.6,1.6,1.2,2.8,0.06,0.03,0.10,0.06,0.05,0.04,0.05,0.09,0.0,0.0,0.0,0.0,0.0,0.0,0.0,0.0,0.0,0.0,0.0,0.0,0.0,0.0,0.0,0.0,0.0,0.0,0.0,0.0,0.0,0.0,0.0,0.0,17,4,23.5,0.54,0.13,0.12,0.50,11.8,1708,2001,85.4,32594,12717,636,688,92.4,866,934,92.7,179,317,56.5,7,76,8,3,87,1929,68,58,2,17,11,8,0,4,29,0.93,29,0.93,24,1,0,4,0,0,2,0.06,1,0,0,1,0,0,30,19,16,12,2,9,19,47.4,10,41,24,17,35,65,112,2,31.3,2274,370,1333,866,84,25,2274,6,3,50.0,2,33.3,1368,6183,2851,9,9,1,10,3,1600,14,85000,4420000
Erling Haaland,FW,Manchester City,22,35,33,2769.0,30.8,36,8,44,29,7,7,5,0,28.4,23.0,5.3,28.3,1.17,0.26,1.43,0.94,0.92,0.17,0.75,0.92,0.0,0.0,0.0,0.0,0.0,0.0,0.0,0.0,0.0,0.0,0.0,0.0,0.0,0.0,0.0,0.0,0.0,0.0,0.0,0.0,0.0,0.0,0.0,0.0,116,53,45.7,3.77,1.72,0.25,0.55,12.6,360,500,72.0,4403,947,218,276,79.0,100,132,75.8,7,9,77.8,29,14,23,0,58,449,45,0,4,0,12,2,1,6,72,2.34,72,2.34,48,0,5,10,8,1,17,0.55,14,0,0,1,2,0,3,2,0,2,1,1,5,20.0,4,12,4,8,3,6,14,0,30.8,763,18,39,290,435,217,756,32,11,34.4,18,56.3,405,2020,761,35,10,25,51,26,583,151,375000,19500000
Ethan Nwaneri,FW,Arsenal,15,1,0,1.0,0.0,0,0,0,0,0,0,0,0,0.0,0.0,0.0,0.0,0.00,0.00,0.00,0.00,0.00,0.00,0.00,0.00,0.0,0.0,0.0,0.0,0.0,0.0,0.0,0.0,0.0,0.0,0.0,0.0,0.0,0.0,0.0,0.0,0.0,0.0,0.0,0.0,0.0,0.0,0.0,0.0,0,0,,0.00,0.00,,,,0,0,,0,0,0,0,,0,0,,0,0,,0,0,0,0,0,0,0,0,0,0,0,0,0,0,0,0.00,0,0.00,0,0,0,0,0,0,0,0.00,0,0,0,0,0,0,0,0,0,0,0,0,0,,0,1,0,1,0,0,0,0,0.0,1,0,0,0,1,0,1,0,0,,0,,0,0,0,0,0,0,0,0,0,0,0.0,0.0
Ethan Pinnock,DF,Brentford,29,30,30,2700.0,30.0,3,0,3,3,0,0,0,0,3.0,3.0,1.0,4.0,0.10,0.00,0.10,0.10,0.10,0.03,0.10,0.13,0.0,0.0,0.0,0.0,0.0,0.0,0.0,0.0,0.0,0.0,0.0,0.0,0.0,0.0,0.0,0.0,0.0,0.0,0.0,0.0,0.0,0.0,0.0,0.0,15,8,53.3,0.50,0.27,0.20,0.38,10.0,914,1149,79.5,16931,5712,333,391,85.2,480,559,85.9,84,160,52.5,8,43,3,3,52,1088,57,14,0,3,10,43,0,4,25,0.83,25,0.83,18,3,0,3,1,0,5,0.17,5,0,0,0,0,0,52,28,33,12,7,18,24,75.0,6,41,31,10,35,87,215,2,30.0,1554,327,927,497,134,55,1554,6,2,33.3,1,16.7,650,2705,1499,2,2,0,6,7,745,16,15000,780000
Evan Ferguson,FW,Brighton,17,19,10,950.0,10.6,6,2,8,6,0,0,1,0,5.3,5.3,0.7,6.1,0.57,0.19,0.76,0.57,0.51,0.07,0.51,0.57,0.0,0.0,0.0,0.0,0.0,0.0,0.0,0.0,0.0,0.0,0.0,0.0,0.0,0.0,0.0,0.0,0.0,0.0,0.0,0.0,0.0,0.0,0.0,0.0,36,17,47.2,3.41,1.61,0.17,0.35,15.2,180,225,80.0,2299,340,131,153,85.6,42,52,80.8,4,7,57.1,11,4,6,0,14,203,21,0,1,0,2,0,0,1,22,2.08,22,2.08,15,0,1,6,0,0,2,0.19,2,0,0,0,0,0,6,3,1,3,2,1,7,14.3,6,11,1,10,2,8,6,0,10.6,344,10,27,165,155,39,344,14,8,57.1,5,35.7,203,884,309,11,4,8,29,20,256,58,3000,156000
Ezri Konsa,DF,Aston Villa,24,38,37,3322.0,36.9,0,0,0,0,0,0,6,0,1.1,1.1,1.3,2.3,0.00,0.00,0.00,0.00,0.03,0.03,0.03,0.06,0.0,0.0,0.0,0.0,0.0,0.0,0.0,0.0,0.0,0.0,0.0,0.0,0.0,0.0,0.0,0.0,0.0,0.0,0.0,0.0,0.0,0.0,0.0,0.0,8,0,0.0,0.22,0.00,0.00,,8.0,1681,1898,88.6,30731,10578,608,663,91.7,938,997,94.1,120,202,59.4,8,70,4,2,56,1806,88,60,1,6,4,18,0,4,15,0.41,15,0.41,13,0,0,1,1,0,2,0.05,2,0,0,0,0,0,42,20,25,15,2,18,26,69.2,8,41,23,18,26,68,120,3,36.9,2192,349,1280,850,70,22,2192,15,5,33.3,3,20.0,1375,6226,3596,7,9,0,15,5,1533,11,30000,1560000
Fabian Schär,DF,Newcastle Utd,30,36,36,3206.0,35.6,1,3,4,1,0,0,7,0,4.9,4.9,3.3,8.2,0.03,0.08,0.11,0.03,0.14,0.09,0.14,0.23,0.0,0.0,0.0,0.0,0.0,0.0,0.0,0.0,0.0,0.0,0.0,0.0,0.0,0.0,0.0,0.0,0.0,0.0,0.0,0.0,0.0,0.0,0.0,0.0,56,14,25.0,1.57,0.39,0.02,0.07,14.4,1423,1846,77.1,29289,11775,480,560,85.7,734,851,86.3,199,386,51.6,19,142,23,4,139,1770,73,62,7,34,18,10,0,3,59,1.66,59,1.66,43,0,2,9,2,3,8,0.22,5,0,0,0,1,2,47,22,31,13,3,24,39,61.5,15,34,19,15,52,99,139,0,35.6,2235,248,1101,938,213,73,2235,13,4,30.8,7,53.8,1214,6337,4115,27,26,3,20,7,1341,32,40000,2080000
Fabinho,MF,Liverpool,28,36,31,2671.0,29.7,0,2,2,0,0,0,11,0,0.7,0.7,2.1,2.9,0.00,0.07,0.07,0.00,0.02,0.07,0.02,0.10,0.0,0.0,0.0,0.0,0.0,0.0,0.0,0.0,0.0,0.0,0.0,0.0,0.0,0.0,0.0,0.0,0.0,0.0,0.0,0.0,0.0,0.0,0.0,0.0,18,4,22.2,0.61,0.13,0.00,0.00,22.0,1617,1832,88.3,26192,6163,817,882,92.6,627,680,92.2,125,180,69.4,17,131,17,0,161,1789,38,31,5,6,5,7,0,5,55,1.85,55,1.85,49,0,0,1,2,3,8,0.27,7,0,0,0,1,0,65,38,18,40,7,24,62,38.7,38,38,11,27,37,102,40,0,29.7,2092,83,456,1314,325,21,2092,15,7,46.7,4,26.7,1184,4669,1913,15,28,1,17,12,1493,39,180000,9360000
Fabio Carvalho,"MF,FW",Liverpool,19,13,4,347.0,3.9,2,0,2,2,0,0,0,0,1.1,1.1,0.1,1.2,0.52,0.00,0.52,0.52,0.29,0.03,0.29,0.31,0.0,0.0,0.0,0.0,0.0,0.0,0.0,0.0,0.0,0.0,0.0,0.0,0.0,0.0,0.0,0.0,0.0,0.0,0.0,0.0,0.0,0.0,0.0,0.0,11,4,36.4,2.85,1.04,0.18,0.50,11.5,117,143,81.8,1555,281,72,84,85.7,30,37,81.1,5,6,83.3,1,7,2,0,12,140,2,0,0,0,2,1,0,1,9,2.33,9,2.33,5,0,0,2,2,0,2,0.52,1,0,0,1,0,0,8,8,3,3,2,3,6,50.0,3,6,0,6,6,14,0,0,3.9,193,2,31,75,91,26,193,6,2,33.3,3,50.0,122,568,255,9,9,2,11,15,145,26,40000,2080000
Fabio Vieira,"MF,FW",Arsenal,22,22,3,514.0,5.7,1,2,3,1,0,0,0,0,0.8,0.8,2.5,3.3,0.18,0.35,0.53,0.18,0.15,0.44,0.15,0.58,0.0,0.0,0.0,0.0,0.0,0.0,0.0,0.0,0.0,0.0,0.0,0.0,0.0,0.0,0.0,0.0,0.0,0.0,0.0,0.0,0.0,0.0,0.0,0.0,15,2,13.3,2.63,0.35,0.07,0.50,20.1,234,290,80.7,3557,834,129,142,90.8,84,99,84.8,9,25,36.0,12,26,7,2,35,276,14,7,2,0,20,3,4,0,23,4.03,23,4.03,17,2,2,2,0,0,3,0.53,3,0,0,0,0,0,6,4,3,0,3,3,5,60.0,2,5,0,5,4,10,2,0,5.7,356,6,27,162,170,27,356,18,6,33.3,11,61.1,215,868,327,8,8,1,13,8,255,40,45000,2340000
Facundo Buonanotte,"FW,MF",Brighton,17,13,6,565.0,6.3,1,1,2,1,0,0,2,0,1.4,1.4,0.5,1.9,0.16,0.16,0.32,0.16,0.22,0.09,0.22,0.31,0.0,0.0,0.0,0.0,0.0,0.0,0.0,0.0,0.0,0.0,0.0,0.0,0.0,0.0,0.0,0.0,0.0,0.0,0.0,0.0,0.0,0.0,0.0,0.0,11,3,27.3,1.75,0.48,0.09,0.33,16.9,157,194,80.9,2407,525,101,114,88.6,36,46,78.3,17,21,81.0,6,9,10,2,13,190,4,1,0,1,7,1,2,0,14,2.23,14,2.23,12,0,2,0,0,0,1,0.16,1,0,0,0,0,0,2,1,1,1,0,1,22,4.5,21,5,2,3,4,6,3,0,6.3,258,8,33,114,115,19,258,19,7,36.8,9,47.4,182,1018,424,9,5,2,10,2,202,42,15000,780000
Facundo Pellistri,"FW,MF",Manchester Utd,20,4,0,64.0,0.7,0,0,0,0,0,0,0,0,0.0,0.0,0.0,0.0,0.00,0.00,0.00,0.00,0.00,0.00,0.00,0.00,0.0,0.0,0.0,0.0,0.0,0.0,0.0,0.0,0.0,0.0,0.0,0.0,0.0,0.0,0.0,0.0,0.0,0.0,0.0,0.0,0.0,0.0,0.0,0.0,0,0,,0.00,0.00,,,,15,16,93.8,180,17,8,9,88.9,5,5,100.0,0,0,,0,1,0,0,1,15,1,0,0,0,0,1,0,0,1,1.41,1,1.41,1,0,0,0,0,0,1,1.41,1,0,0,0,0,0,1,1,0,1,0,0,0,,0,0,0,0,0,1,3,0,0.7,24,0,9,7,8,1,24,3,2,66.7,1,33.3,12,148,45,1,0,0,2,1,14,2,20000,1040000
Felipe,DF,Nott'ham Forest,33,16,15,1418.0,15.8,0,1,1,0,0,0,4,0,1.2,1.2,0.9,2.1,0.00,0.06,0.06,0.00,0.07,0.06,0.07,0.13,0.0,0.0,0.0,0.0,0.0,0.0,0.0,0.0,0.0,0.0,0.0,0.0,0.0,0.0,0.0,0.0,0.0,0.0,0.0,0.0,0.0,0.0,0.0,0.0,13,1,7.7,0.83,0.06,0.00,0.00,9.0,411,568,72.4,7998,3250,154,187,82.4,198,240,82.5,50,112,44.6,7,17,2,0,22,545,20,13,0,3,2,7,0,3,15,0.95,15,0.95,10,0,0,4,1,0,1,0.06,1,0,0,0,0,0,42,23,29,13,0,24,41,58.5,17,34,13,21,36,78,90,0,15.8,798,163,477,275,59,36,798,18,14,77.8,3,16.7,391,2137,1182,3,3,0,12,4,386,4,80000,4160000
Flynn Downes,MF,West Ham,23,21,7,762.0,8.5,0,0,0,0,0,0,2,0,0.4,0.4,0.1,0.5,0.00,0.00,0.00,0.00,0.05,0.01,0.05,0.06,0.0,0.0,0.0,0.0,0.0,0.0,0.0,0.0,0.0,0.0,0.0,0.0,0.0,0.0,0.0,0.0,0.0,0.0,0.0,0.0,0.0,0.0,0.0,0.0,4,1,25.0,0.47,0.12,0.00,0.00,14.6,289,331,87.3,4062,921,183,194,94.3,86,97,88.7,10,14,71.4,2,25,1,0,22,323,7,2,0,2,3,0,0,1,13,1.54,13,1.54,8,0,0,3,2,0,0,0.00,0,0,0,0,0,0,16,9,4,10,2,6,12,50.0,6,15,2,13,7,23,6,0,8.5,405,14,74,265,68,5,405,2,1,50.0,0,0.0,224,1041,364,3,5,1,11,6,276,11,25000,1300000
Frank Onyeka,MF,Brentford,24,21,8,848.0,9.4,0,2,2,0,0,0,0,0,1.0,1.0,0.6,1.6,0.00,0.21,0.21,0.00,0.11,0.07,0.11,0.18,0.0,0.0,0.0,0.0,0.0,0.0,0.0,0.0,0.0,0.0,0.0,0.0,0.0,0.0,0.0,0.0,0.0,0.0,0.0,0.0,0.0,0.0,0.0,0.0,9,4,44.4,0.96,0.42,0.00,0.00,17.4,193,257,75.1,2989,784,106,129,82.2,70,88,79.5,9,17,52.9,7,23,6,0,28,255,1,0,0,1,2,1,0,1,23,2.44,23,2.44,16,0,0,1,6,0,7,0.74,5,0,0,0,2,0,19,14,11,7,1,10,24,41.7,14,16,3,13,10,29,16,0,9.4,373,26,93,176,109,20,373,26,11,42.3,11,42.3,198,852,368,9,8,3,11,10,205,21,25000,1300000
Fraser Forster,GK,Tottenham,34,14,13,1215.0,13.5,0,0,0,0,0,0,1,0,0.0,0.0,0.0,0.0,0.00,0.00,0.00,0.00,0.00,0.00,0.00,0.00,1.78,55,30,60.0,3,23.1,21.3,0.34,36,124,29.0,269,71,29.0,30.2,93,49.5,37.6,193,5,2.6,16,1.19,15.2,0,0,,0.00,0.00,,,,266,363,73.3,6319,4013,79,79,100.0,125,127,98.4,61,154,39.6,0,2,0,0,0,241,121,28,0,0,0,0,0,1,0,0.00,0,0.00,0,0,0,0,0,0,0,0.00,0,0,0,0,0,0,1,0,1,0,0,0,0,,0,1,0,1,0,1,3,1,13.5,395,352,392,3,0,0,395,0,0,,0,,203,1098,616,0,0,0,1,0,148,0,75000,3900000
Fred,MF,Manchester Utd,29,35,12,1249.0,13.9,2,2,4,2,0,0,6,0,2.0,2.0,2.9,4.9,0.14,0.14,0.29,0.14,0.14,0.21,0.14,0.35,0.0,0.0,0.0,0.0,0.0,0.0,0.0,0.0,0.0,0.0,0.0,0.0,0.0,0.0,0.0,0.0,0.0,0.0,0.0,0.0,0.0,0.0,0.0,0.0,26,5,19.2,1.87,0.36,0.08,0.40,19.5,618,781,79.1,9392,2767,344,398,86.4,197,234,84.2,48,77,62.3,30,65,11,2,76,761,16,9,7,1,14,1,3,4,59,4.25,59,4.25,49,0,1,4,3,2,4,0.29,3,0,0,1,0,0,47,30,24,20,3,15,38,39.5,23,38,2,36,19,66,19,0,13.9,999,38,250,483,279,37,999,32,12,37.5,15,46.9,537,2158,1034,10,17,3,26,16,614,50,120000,6240000
Gabriel Jesus,FW,Arsenal,25,26,24,2064.0,22.9,11,6,17,10,1,1,6,0,13.9,13.1,3.9,17.0,0.48,0.26,0.74,0.44,0.61,0.17,0.57,0.74,0.0,0.0,0.0,0.0,0.0,0.0,0.0,0.0,0.0,0.0,0.0,0.0,0.0,0.0,0.0,0.0,0.0,0.0,0.0,0.0,0.0,0.0,0.0,0.0,76,31,40.8,3.31,1.35,0.13,0.32,10.6,561,699,80.3,8525,1644,297,349,85.1,206,234,88.0,28,45,62.2,31,31,22,2,64,635,62,4,4,5,11,12,0,2,83,3.62,83,3.62,43,1,12,11,13,3,12,0.52,8,0,1,1,2,0,33,25,16,8,9,15,32,46.9,17,27,3,24,11,44,15,1,22.9,1080,26,110,407,573,191,1079,112,45,40.2,49,43.8,642,3467,1517,44,31,28,88,65,799,194,265000,13780000
Gabriel Magalhães,DF,Arsenal,24,38,38,3409.0,37.9,3,0,3,3,0,0,5,0,5.1,5.1,0.3,5.3,0.08,0.00,0.08,0.08,0.13,0.01,0.13,0.14,0.0,0.0,0.0,0.0,0.0,0.0,0.0,0.0,0.0,0.0,0.0,0.0,0.0,0.0,0.0,0.0,0.0,0.0,0.0,0.0,0.0,0.0,0.0,0.0,32,9,28.1,0.84,0.24,0.09,0.33,11.9,2155,2411,89.4,38355,13522,870,922,94.4,1111,1180,94.2,150,246,61.0,5,171,3,0,153,2318,89,60,1,11,5,6,0,4,24,0.63,24,0.63,21,0,0,2,0,1,2,0.05,2,0,0,0,0,0,48,30,29,15,4,18,27,66.7,9,49,26,23,32,80,125,3,37.9,2776,307,1153,1419,215,53,2776,3,2,66.7,0,0.0,1745,8755,5467,18,43,3,19,4,1933,16,50000,2600000
Gabriel Martinelli,FW,Arsenal,21,36,34,2789.0,31.0,15,5,20,15,0,0,3,0,9.1,9.1,9.1,18.2,0.48,0.16,0.65,0.48,0.29,0.29,0.29,0.59,0.0,0.0,0.0,0.0,0.0,0.0,0.0,0.0,0.0,0.0,0.0,0.0,0.0,0.0,0.0,0.0,0.0,0.0,0.0,0.0,0.0,0.0,0.0,0.0,79,30,38.0,2.55,0.97,0.19,0.50,15.4,833,1107,75.2,12960,2610,447,527,84.8,295,356,82.9,61,123,49.6,59,33,43,10,94,1013,88,12,8,2,113,11,63,6,127,4.10,127,4.10,89,8,12,12,4,2,17,0.55,10,0,2,5,0,0,31,18,13,12,6,9,22,40.9,13,24,1,23,9,40,14,0,31.0,1490,19,129,419,965,223,1490,133,60,45.1,55,41.4,1019,7180,3297,124,65,70,83,56,1115,350,70000,3640000
Gavin Bazunu,GK,Southampton,20,32,32,2880.0,32.0,0,0,0,0,0,0,0,0,0.0,0.0,0.1,0.1,0.00,0.00,0.00,0.00,0.00,0.00,0.00,0.00,1.75,120,67,54.2,4,12.5,35.1,0.28,212,629,33.7,935,144,50.2,38.1,237,67.5,50.0,456,36,7.9,48,1.50,15.1,0,0,,0.00,0.00,,,,718,1178,61.0,21528,16289,183,185,98.9,256,263,97.3,278,722,38.5,1,42,1,0,1,847,325,88,0,1,0,0,0,6,7,0.22,7,0.22,5,2,0,0,0,0,0,0.00,0,0,0,0,0,0,1,0,1,0,0,1,1,100.0,0,0,0,0,1,2,24,2,32.0,1253,910,1234,19,0,0,1253,0,0,,0,,746,3699,2072,0,0,0,0,0,599,0,20000,1040000
George Abbott,MF,Tottenham,16,1,0,1.0,0.0,0,0,0,0,0,0,0,0,0.0,0.0,0.0,0.0,0.00,0.00,0.00,0.00,0.00,0.00,0.00,0.00,0.0,0.0,0.0,0.0,0.0,0.0,0.0,0.0,0.0,0.0,0.0,0.0,0.0,0.0,0.0,0.0,0.0,0.0,0.0,0.0,0.0,0.0,0.0,0.0,0,0,,0.00,0.00,,,,1,1,100.0,8,0,1,1,100.0,0,0,,0,0,,0,0,0,0,0,1,0,0,0,0,0,0,0,0,0,0.00,0,0.00,0,0,0,0,0,0,0,0.00,0,0,0,0,0,0,0,0,0,0,0,0,0,,0,0,0,0,1,1,0,0,0.0,2,1,1,1,0,0,2,0,0,,0,,0,0,0,0,0,0,0,0,1,0,0.0,0.0
Georginio Rutter,"FW,MF",Leeds United,20,11,1,273.0,3.0,0,1,1,0,0,0,0,0,0.4,0.4,0.3,0.7,0.00,0.33,0.33,0.00,0.13,0.10,0.13,0.22,0.0,0.0,0.0,0.0,0.0,0.0,0.0,0.0,0.0,0.0,0.0,0.0,0.0,0.0,0.0,0.0,0.0,0.0,0.0,0.0,0.0,0.0,0.0,0.0,4,0,0.0,1.32,0.00,0.00,,14.0,31,62,50.0,439,97,19,33,57.6,9,16,56.3,2,2,100.0,4,1,2,0,6,59,2,0,1,0,0,0,0,1,6,1.99,6,1.99,5,0,0,0,1,0,1,0.33,1,0,0,0,0,0,10,9,5,3,2,5,8,62.5,3,5,0,5,3,13,3,0,3.0,124,4,13,47,65,20,124,25,9,36.0,13,52.0,76,351,126,5,1,3,15,14,86,21,70000,3640000
Gianluca Scamacca,FW,West Ham,23,16,11,926.0,10.3,3,0,3,3,0,0,3,0,2.5,2.5,0.7,3.1,0.29,0.00,0.29,0.29,0.24,0.07,0.24,0.31,0.0,0.0,0.0,0.0,0.0,0.0,0.0,0.0,0.0,0.0,0.0,0.0,0.0,0.0,0.0,0.0,0.0,0.0,0.0,0.0,0.0,0.0,0.0,0.0,30,10,33.3,2.92,0.97,0.10,0.30,18.7,118,177,66.7,2014,378,63,85,74.1,31,52,59.6,17,21,81.0,13,14,5,1,17,173,3,0,0,8,1,0,0,1,24,2.33,24,2.33,20,0,1,2,0,1,1,0.10,1,0,0,0,0,0,10,5,1,3,6,2,2,100.0,0,3,0,3,4,14,5,0,10.3,273,5,13,136,127,38,273,15,7,46.7,6,40.0,143,660,282,13,7,3,23,19,203,48,90000,4680000
Giulian Biancone,DF,Nott'ham Forest,22,2,0,17.0,0.2,0,0,0,0,0,0,0,0,0.0,0.0,0.0,0.0,0.00,0.00,0.00,0.00,0.00,0.00,0.00,0.00,0.0,0.0,0.0,0.0,0.0,0.0,0.0,0.0,0.0,0.0,0.0,0.0,0.0,0.0,0.0,0.0,0.0,0.0,0.0,0.0,0.0,0.0,0.0,0.0,0,0,,0.00,0.00,,,,15,21,71.4,253,126,6,7,85.7,8,10,80.0,1,3,33.3,0,0,0,0,0,19,2,0,0,0,1,2,0,0,1,5.29,1,5.29,1,0,0,0,0,0,0,0.00,0,0,0,0,0,0,2,1,2,0,0,1,1,100.0,0,0,0,0,1,3,0,0,0.2,25,2,19,5,1,0,25,0,0,,0,,10,76,61,2,1,0,0,0,13,1,20000,1040000
Gonçalo Guedes,"FW,MF",Wolves,25,13,8,707.0,7.9,1,1,2,1,0,0,1,0,1.2,1.2,0.5,1.7,0.13,0.13,0.25,0.13,0.15,0.06,0.15,0.22,0.0,0.0,0.0,0.0,0.0,0.0,0.0,0.0,0.0,0.0,0.0,0.0,0.0,0.0,0.0,0.0,0.0,0.0,0.0,0.0,0.0,0.0,0.0,0.0,19,6,31.6,2.42,0.76,0.05,0.17,18.4,138,201,68.7,2297,526,82,97,84.5,40,56,71.4,13,26,50.0,9,11,8,2,16,182,19,2,0,4,27,2,14,0,27,3.44,27,3.44,15,3,1,2,5,1,1,0.13,1,0,0,0,0,0,8,6,4,3,1,5,8,62.5,3,4,0,4,1,9,2,0,7.9,280,3,28,105,153,30,280,15,5,33.3,7,46.7,174,1303,644,20,12,7,17,7,199,54,90000,4680000
Granit Xhaka,MF,Arsenal,29,37,36,2993.0,33.3,7,7,14,7,0,0,4,0,4.7,4.7,5.2,9.9,0.21,0.21,0.42,0.21,0.14,0.16,0.14,0.30,0.0,0.0,0.0,0.0,0.0,0.0,0.0,0.0,0.0,0.0,0.0,0.0,0.0,0.0,0.0,0.0,0.0,0.0,0.0,0.0,0.0,0.0,0.0,0.0,40,14,35.0,1.20,0.42,0.18,0.50,16.6,1382,1632,84.7,22642,5919,675,762,88.6,552,635,86.9,113,139,81.3,47,148,40,4,196,1574,55,34,6,6,39,19,1,3,110,3.31,110,3.31,94,3,5,4,3,1,17,0.51,16,0,0,1,0,0,34,27,11,18,5,16,41,39.0,25,28,10,18,15,49,45,1,33.3,1891,84,341,900,658,106,1891,29,16,55.2,10,34.5,1113,4243,2162,42,38,9,35,25,1397,175,120000,6240000
Gustavo Scarpa,"MF,FW",Nott'ham Forest,28,6,2,181.0,2.0,0,0,0,0,0,0,1,0,0.3,0.3,0.0,0.3,0.00,0.00,0.00,0.00,0.13,0.02,0.13,0.14,0.0,0.0,0.0,0.0,0.0,0.0,0.0,0.0,0.0,0.0,0.0,0.0,0.0,0.0,0.0,0.0,0.0,0.0,0.0,0.0,0.0,0.0,0.0,0.0,7,1,14.3,3.48,0.50,0.00,0.00,26.9,51,78,65.4,1112,454,16,19,84.2,26,31,83.9,8,18,44.4,1,10,0,0,12,72,6,0,1,2,4,3,2,0,10,4.97,10,4.97,3,1,1,1,3,1,0,0.00,0,0,0,0,0,0,5,2,3,1,1,2,5,40.0,3,4,0,4,0,5,3,0,2.0,108,3,24,58,27,1,108,4,1,25.0,2,50.0,67,515,313,9,5,0,1,0,71,4,30000,1560000
Hakim Ziyech,"FW,MF",Chelsea,29,18,6,661.0,7.3,0,3,3,0,0,0,1,0,0.6,0.6,2.2,2.8,0.00,0.41,0.41,0.00,0.08,0.30,0.08,0.38,0.0,0.0,0.0,0.0,0.0,0.0,0.0,0.0,0.0,0.0,0.0,0.0,0.0,0.0,0.0,0.0,0.0,0.0,0.0,0.0,0.0,0.0,0.0,0.0,16,3,18.8,2.18,0.41,0.00,0.00,22.7,258,400,64.5,4222,1570,148,169,87.6,82,133,61.7,24,66,36.4,14,20,19,7,42,349,47,12,4,3,66,14,20,4,32,4.36,32,4.36,25,4,1,0,1,1,3,0.41,2,1,0,0,0,0,20,12,12,5,3,4,9,44.4,5,8,0,8,5,25,5,1,7.3,505,12,74,184,251,17,505,33,14,42.4,15,45.5,303,1505,657,20,17,7,12,13,354,69,100000,5200000
Halil Dervişoğlu,MF,Brentford,22,1,0,8.0,0.1,0,0,0,0,0,0,0,0,0.0,0.0,0.0,0.0,0.00,0.00,0.00,0.00,0.31,0.00,0.31,0.31,0.0,0.0,0.0,0.0,0.0,0.0,0.0,0.0,0.0,0.0,0.0,0.0,0.0,0.0,0.0,0.0,0.0,0.0,0.0,0.0,0.0,0.0,0.0,0.0,1,0,0.0,11.25,0.00,0.00,,31.9,0,0,,0,0,0,0,,0,0,,0,0,,0,0,0,0,0,0,0,0,0,0,0,0,0,0,1,11.25,1,11.25,0,0,0,1,0,0,1,11.25,0,0,0,1,0,0,0,0,0,0,0,0,1,0.0,1,0,0,0,0,0,0,0,0.1,1,0,0,0,1,0,1,0,0,,0,,2,13,0,0,0,1,0,1,2,0,0.0,0.0
Hamed Junior Traorè,"FW,MF",Bournemouth,22,7,5,427.0,4.7,0,0,0,0,0,0,0,0,0.9,0.9,1.1,2.1,0.00,0.00,0.00,0.00,0.19,0.24,0.19,0.43,0.0,0.0,0.0,0.0,0.0,0.0,0.0,0.0,0.0,0.0,0.0,0.0,0.0,0.0,0.0,0.0,0.0,0.0,0.0,0.0,0.0,0.0,0.0,0.0,6,0,0.0,1.26,0.00,0.00,,17.1,109,178,61.2,1850,775,55,72,76.4,35,56,62.5,13,33,39.4,14,11,10,3,26,149,28,8,5,0,41,1,18,1,20,4.22,20,4.22,12,7,1,0,0,0,1,0.21,1,0,0,0,0,0,17,11,5,9,3,6,18,33.3,12,9,0,9,2,19,1,0,4.7,246,2,29,109,116,11,246,25,16,64.0,8,32.0,143,881,437,19,13,1,15,13,142,21,45000,2340000
Harrison Reed,MF,Fulham,27,37,35,2866.0,31.8,3,4,7,3,0,0,5,0,1.9,1.9,4.1,6.0,0.09,0.13,0.22,0.09,0.06,0.13,0.06,0.19,0.0,0.0,0.0,0.0,0.0,0.0,0.0,0.0,0.0,0.0,0.0,0.0,0.0,0.0,0.0,0.0,0.0,0.0,0.0,0.0,0.0,0.0,0.0,0.0,20,7,35.0,0.63,0.22,0.15,0.43,20.1,988,1281,77.1,15467,3661,517,612,84.5,355,421,84.3,76,133,57.1,35,82,29,11,102,1225,51,14,0,4,54,5,3,5,74,2.32,74,2.32,64,2,2,3,3,0,7,0.22,6,0,1,0,0,0,44,27,17,21,6,16,51,31.4,35,54,12,42,19,63,36,0,31.8,1585,57,292,842,463,50,1585,28,10,35.7,16,57.1,765,3430,1141,30,22,4,44,25,972,107,30000,1560000
Harry Kane,FW,Tottenham,29,38,38,3405.0,37.8,30,3,33,25,5,6,6,0,21.4,16.7,7.0,23.7,0.79,0.08,0.87,0.66,0.57,0.18,0.44,0.63,0.0,0.0,0.0,0.0,0.0,0.0,0.0,0.0,0.0,0.0,0.0,0.0,0.0,0.0,0.0,0.0,0.0,0.0,0.0,0.0,0.0,0.0,0.0,0.0,124,54,43.5,3.28,1.43,0.20,0.46,16.0,642,921,69.7,12295,4345,286,368,77.7,236,302,78.1,103,164,62.8,57,100,47,6,180,853,60,14,20,18,37,25,0,8,131,3.46,131,3.46,89,2,13,12,12,3,18,0.48,10,0,2,3,3,0,15,12,1,6,8,7,21,33.3,14,27,7,20,2,17,18,0,37.8,1328,28,106,646,599,167,1322,108,40,37.0,53,49.1,834,4546,1842,60,50,21,74,58,1031,193,200000,10400000
Harry Maguire,DF,Manchester Utd,29,16,8,767.0,8.5,0,0,0,0,0,0,4,0,0.3,0.3,0.0,0.4,0.00,0.00,0.00,0.00,0.04,0.00,0.04,0.04,0.0,0.0,0.0,0.0,0.0,0.0,0.0,0.0,0.0,0.0,0.0,0.0,0.0,0.0,0.0,0.0,0.0,0.0,0.0,0.0,0.0,0.0,0.0,0.0,3,0,0.0,0.35,0.00,0.00,,9.0,491,577,85.1,9892,3056,147,165,89.1,276,304,90.8,58,93,62.4,1,31,0,0,26,564,12,11,0,9,1,1,0,1,5,0.59,5,0.59,5,0,0,0,0,0,1,0.12,1,0,0,0,0,0,8,6,6,1,1,4,5,80.0,1,18,11,7,13,21,41,0,8.5,672,77,353,291,32,9,672,3,2,66.7,1,33.3,414,2286,1449,8,6,1,1,0,448,4,190000,9880000
Harry Souttar,DF,Leicester City,23,12,11,992.0,11.0,0,1,1,0,0,0,2,0,1.4,1.4,0.2,1.6,0.00,0.09,0.09,0.00,0.13,0.02,0.13,0.15,0.0,0.0,0.0,0.0,0.0,0.0,0.0,0.0,0.0,0.0,0.0,0.0,0.0,0.0,0.0,0.0,0.0,0.0,0.0,0.0,0.0,0.0,0.0,0.0,8,1,12.5,0.73,0.09,0.00,0.00,9.6,448,555,80.7,8500,3295,145,160,90.6,265,303,87.5,34,76,44.7,3,39,1,0,29,531,19,17,1,9,0,2,0,5,8,0.73,8,0.73,4,0,2,2,0,0,2,0.18,1,0,0,1,0,0,15,9,10,5,0,7,18,38.9,11,16,12,4,12,27,45,0,11.0,663,104,365,282,20,15,663,5,3,60.0,0,0.0,390,1878,948,6,2,1,3,0,420,4,40000,2080000
Harry Toffolo,DF,Nott'ham Forest,26,19,9,940.0,10.4,0,0,0,0,0,0,2,0,0.3,0.3,0.8,1.0,0.00,0.00,0.00,0.00,0.03,0.07,0.03,0.10,0.0,0.0,0.0,0.0,0.0,0.0,0.0,0.0,0.0,0.0,0.0,0.0,0.0,0.0,0.0,0.0,0.0,0.0,0.0,0.0,0.0,0.0,0.0,0.0,6,2,33.3,0.57,0.19,0.00,0.00,17.6,242,387,62.5,3806,1892,136,166,81.9,92,148,62.2,11,47,23.4,5,14,7,4,29,313,72,5,0,1,29,65,2,2,19,1.82,19,1.82,14,3,1,0,0,1,0,0.00,0,0,0,0,0,0,17,8,10,4,3,10,14,71.4,4,16,8,8,10,27,33,0,10.4,498,48,175,179,151,12,498,9,3,33.3,5,55.6,191,721,342,8,6,4,10,6,223,43,15000,780000
Harry Wilson,FW,Fulham,25,29,13,1100.0,12.2,2,3,5,2,0,0,1,0,2.0,2.0,0.9,2.9,0.16,0.25,0.41,0.16,0.16,0.07,0.16,0.24,0.0,0.0,0.0,0.0,0.0,0.0,0.0,0.0,0.0,0.0,0.0,0.0,0.0,0.0,0.0,0.0,0.0,0.0,0.0,0.0,0.0,0.0,0.0,0.0,18,4,22.2,1.47,0.33,0.11,0.50,16.0,310,404,76.7,4943,1086,163,192,84.9,105,127,82.7,25,46,54.3,12,20,13,1,37,383,20,4,1,3,22,5,10,1,32,2.62,32,2.62,18,2,1,3,8,0,9,0.74,4,0,0,1,4,0,21,13,9,9,3,8,18,44.4,10,17,2,15,6,27,14,0,12.2,551,18,89,214,253,37,551,33,12,36.4,14,42.4,343,1989,780,18,16,8,23,15,397,87,35000,1820000
Harvey Barnes,"FW,MF",Leicester City,24,34,32,2711.0,30.1,13,1,14,13,0,0,3,0,8.9,8.9,3.1,12.0,0.43,0.03,0.46,0.43,0.30,0.10,0.30,0.40,0.0,0.0,0.0,0.0,0.0,0.0,0.0,0.0,0.0,0.0,0.0,0.0,0.0,0.0,0.0,0.0,0.0,0.0,0.0,0.0,0.0,0.0,0.0,0.0,72,34,47.2,2.39,1.13,0.18,0.38,15.9,549,786,69.8,7152,2004,363,462,78.6,142,210,67.6,17,37,45.9,19,39,31,5,79,769,10,0,5,1,44,8,0,7,63,2.09,63,2.09,43,0,3,9,7,1,14,0.46,8,0,1,2,2,1,26,14,8,14,4,14,42,33.3,28,32,1,31,8,34,12,0,30.1,1143,17,128,435,600,133,1143,91,27,29.7,53,58.2,734,5174,2749,100,72,48,75,42,900,257,40000,2080000
Harvey Elliott,"MF,FW",Liverpool,19,32,18,1613.0,17.9,1,2,3,1,0,0,2,0,2.1,2.1,3.5,5.6,0.06,0.11,0.17,0.06,0.12,0.20,0.12,0.31,0.0,0.0,0.0,0.0,0.0,0.0,0.0,0.0,0.0,0.0,0.0,0.0,0.0,0.0,0.0,0.0,0.0,0.0,0.0,0.0,0.0,0.0,0.0,0.0,36,12,33.3,2.01,0.67,0.03,0.08,19.3,809,1009,80.2,12346,3197,442,494,89.5,296,363,81.5,45,85,52.9,26,68,41,6,142,962,39,0,8,4,34,10,2,8,75,4.19,75,4.19,62,1,5,5,1,1,10,0.56,10,0,0,0,0,0,27,18,6,12,9,9,37,24.3,28,26,1,25,15,42,8,0,17.9,1194,14,147,566,491,50,1194,42,19,45.2,15,35.7,759,3981,1943,54,40,10,26,23,867,129,40000,2080000
Harvey White,MF,Tottenham,20,1,0,5.0,0.1,0,0,0,0,0,0,0,0,0.0,0.0,0.0,0.0,0.00,0.00,0.00,0.00,0.00,0.00,0.00,0.00,0.0,0.0,0.0,0.0,0.0,0.0,0.0,0.0,0.0,0.0,0.0,0.0,0.0,0.0,0.0,0.0,0.0,0.0,0.0,0.0,0.0,0.0,0.0,0.0,0,0,,0.00,0.00,,,,3,8,37.5,54,21,2,3,66.7,0,2,0.0,1,3,33.3,0,0,1,1,0,6,2,0,1,0,3,0,2,0,0,0.00,0,0.00,0,0,0,0,0,0,0,0.00,0,0,0,0,0,0,0,0,0,0,0,0,1,0.0,1,0,0,0,0,0,0,0,0.1,8,0,0,4,4,0,8,0,0,,0,,5,11,4,0,0,0,0,0,5,1,0.0,0.0
Hugo Bueno,DF,Wolves,19,21,16,1310.0,14.6,0,1,1,0,0,0,1,0,0.2,0.2,1.3,1.5,0.00,0.07,0.07,0.00,0.01,0.09,0.01,0.10,0.0,0.0,0.0,0.0,0.0,0.0,0.0,0.0,0.0,0.0,0.0,0.0,0.0,0.0,0.0,0.0,0.0,0.0,0.0,0.0,0.0,0.0,0.0,0.0,4,1,25.0,0.27,0.07,0.00,0.00,18.5,547,679,80.6,7697,2227,340,369,92.1,174,214,81.3,19,54,35.2,16,24,10,6,39,536,140,9,0,0,60,113,18,3,30,2.06,30,2.06,22,7,0,1,0,0,1,0.07,1,0,0,0,0,0,33,16,23,6,4,17,33,51.5,16,14,1,13,10,43,36,0,14.6,835,53,318,275,249,14,835,34,14,41.2,14,41.2,396,2714,1422,52,29,4,16,11,446,64,5000,260000
Hugo Lloris,GK,Tottenham,35,25,25,2205.0,24.5,0,0,0,0,0,0,0,0,0.0,0.0,0.0,0.0,0.00,0.00,0.00,0.00,0.00,0.00,0.00,0.00,1.59,117,79,67.5,7,28.0,33.9,0.29,77,218,35.3,539,109,31.7,31.4,186,25.3,25.8,322,20,6.2,29,1.18,13.7,0,0,,0.00,0.00,,,,561,728,77.1,13442,8398,174,177,98.3,241,242,99.6,146,305,47.9,0,13,0,0,0,513,212,26,0,0,0,0,0,3,5,0.20,5,0.20,5,0,0,0,0,0,0,0.00,0,0,0,0,0,0,1,1,1,0,0,1,3,33.3,2,0,0,0,1,2,13,5,24.5,794,723,792,2,0,0,794,0,0,,0,,430,2401,1498,0,0,0,2,0,353,0,100000,5200000
Hwang Hee-chan,"FW,MF",Wolves,26,27,12,1130.0,12.6,3,1,4,3,0,0,1,0,2.9,2.9,1.1,4.0,0.24,0.08,0.32,0.24,0.23,0.09,0.23,0.32,0.0,0.0,0.0,0.0,0.0,0.0,0.0,0.0,0.0,0.0,0.0,0.0,0.0,0.0,0.0,0.0,0.0,0.0,0.0,0.0,0.0,0.0,0.0,0.0,18,7,38.9,1.43,0.56,0.17,0.43,15.0,214,280,76.4,3139,653,122,147,83.0,73,88,83.0,10,16,62.5,10,9,10,1,30,266,13,1,2,1,10,5,0,1,30,2.39,30,2.39,25,0,2,1,2,0,2,0.16,2,0,0,0,0,0,20,9,7,8,5,6,20,30.0,14,18,2,16,5,25,5,0,12.6,425,13,66,178,188,38,425,32,13,40.6,13,40.6,222,1520,702,25,11,7,25,20,267,60,30000,1560000
Ibrahima Diallo,MF,Southampton,23,18,11,819.0,9.1,0,0,0,0,0,0,4,0,0.2,0.2,0.1,0.3,0.00,0.00,0.00,0.00,0.02,0.01,0.02,0.03,0.0,0.0,0.0,0.0,0.0,0.0,0.0,0.0,0.0,0.0,0.0,0.0,0.0,0.0,0.0,0.0,0.0,0.0,0.0,0.0,0.0,0.0,0.0,0.0,6,0,0.0,0.66,0.00,0.00,,28.4,317,402,78.9,4768,1064,181,206,87.9,112,139,80.6,16,34,47.1,4,24,2,0,28,395,7,7,0,2,4,0,0,0,10,1.10,10,1.10,8,0,1,0,0,1,0,0.00,0,0,0,0,0,0,25,15,14,10,1,8,14,57.1,6,11,1,10,6,31,11,0,9.1,499,18,128,308,74,4,499,13,8,61.5,5,38.5,287,1445,710,9,4,0,16,9,294,6,55000,2860000
Ibrahima Konaté,DF,Liverpool,23,18,17,1552.0,17.2,0,0,0,0,0,0,5,0,1.1,1.1,0.1,1.3,0.00,0.00,0.00,0.00,0.07,0.01,0.07,0.08,0.0,0.0,0.0,0.0,0.0,0.0,0.0,0.0,0.0,0.0,0.0,0.0,0.0,0.0,0.0,0.0,0.0,0.0,0.0,0.0,0.0,0.0,0.0,0.0,11,3,27.3,0.64,0.17,0.00,0.00,9.7,988,1135,87.0,17712,6925,374,413,90.6,539,588,91.7,59,109,54.1,1,56,2,0,56,1115,19,16,2,6,1,3,0,1,17,0.99,17,0.99,12,0,1,2,1,1,1,0.06,1,0,0,0,0,0,38,26,25,13,0,16,27,59.3,11,12,5,7,26,64,61,4,17.2,1317,107,589,691,43,22,1317,14,10,71.4,2,14.3,830,3628,1871,7,7,0,12,4,918,5,70000,3640000
Idrissa Gana Gueye,MF,Everton,32,33,32,2577.0,28.6,0,1,1,0,0,0,7,0,0.7,0.7,1.1,1.8,0.00,0.03,0.03,0.00,0.03,0.04,0.03,0.06,0.0,0.0,0.0,0.0,0.0,0.0,0.0,0.0,0.0,0.0,0.0,0.0,0.0,0.0,0.0,0.0,0.0,0.0,0.0,0.0,0.0,0.0,0.0,0.0,15,6,40.0,0.52,0.21,0.00,0.00,25.1,1025,1226,83.6,16238,4278,525,583,90.1,419,476,88.0,57,105,54.3,12,111,5,0,98,1205,17,13,1,4,10,3,0,4,51,1.78,51,1.78,36,0,1,2,7,5,3,0.10,2,0,0,0,0,1,97,57,49,35,13,31,62,50.0,31,50,12,38,56,153,34,3,28.6,1563,77,451,893,237,11,1563,35,19,54.3,9,25.7,821,3942,1829,27,26,3,31,18,845,19,80000,4160000
Illan Meslier,GK,Leeds United,22,34,34,3060.0,34.0,0,0,0,0,0,0,3,0,0.1,0.1,0.0,0.1,0.00,0.00,0.00,0.00,0.00,0.00,0.00,0.00,1.97,158,92,59.5,5,14.7,53.6,0.32,106,449,23.6,794,194,39.4,33.7,242,56.2,43.5,432,34,7.9,66,1.94,15.8,1,1,100.0,0.03,0.03,0.00,0.00,9.0,664,1039,63.9,16770,10937,144,148,97.3,354,359,98.6,162,523,31.0,0,13,1,0,0,705,331,89,0,1,0,0,0,3,4,0.12,4,0.12,2,2,0,0,0,0,0,0.00,0,0,0,0,0,0,2,1,2,0,0,2,4,50.0,2,0,0,0,1,3,30,3,34.0,1122,903,1116,5,2,1,1122,0,0,,0,,596,3396,1969,0,0,0,1,1,424,0,30000,1560000
Illia Zabarnyi,DF,Bournemouth,19,5,3,299.0,3.3,0,0,0,0,0,0,0,0,0.0,0.0,0.0,0.0,0.00,0.00,0.00,0.00,0.00,0.00,0.00,0.00,0.0,0.0,0.0,0.0,0.0,0.0,0.0,0.0,0.0,0.0,0.0,0.0,0.0,0.0,0.0,0.0,0.0,0.0,0.0,0.0,0.0,0.0,0.0,0.0,0,0,,0.00,0.00,,,,184,200,92.0,3523,1083,55,58,94.8,115,121,95.0,14,20,70.0,0,13,0,0,11,197,2,2,0,0,0,0,0,1,1,0.30,1,0.30,0,0,0,0,1,0,0,0.00,0,0,0,0,0,0,4,2,4,0,0,3,7,42.9,4,7,2,5,3,7,14,0,3.3,234,37,159,74,2,0,234,2,1,50.0,0,0.0,166,1013,654,1,1,0,3,2,174,0,0.0,0.0
Isaac Price,MF,Everton,18,1,0,33.0,0.4,0,0,0,0,0,0,1,0,0.0,0.0,0.1,0.1,0.00,0.00,0.00,0.00,0.00,0.26,0.00,0.26,0.0,0.0,0.0,0.0,0.0,0.0,0.0,0.0,0.0,0.0,0.0,0.0,0.0,0.0,0.0,0.0,0.0,0.0,0.0,0.0,0.0,0.0,0.0,0.0,0,0,,0.00,0.00,,,,12,14,85.7,203,44,6,7,85.7,5,6,83.3,1,1,100.0,1,1,0,0,1,14,0,0,0,0,1,0,0,0,2,5.45,2,5.45,1,0,1,0,0,0,0,0.00,0,0,0,0,0,0,0,0,0,0,0,0,1,0.0,1,1,1,0,0,0,0,0,0.4,17,1,5,10,2,0,17,1,1,100.0,0,0.0,10,40,12,1,0,0,1,0,13,0,0.0,0.0
Issa Diop,DF,Fulham,25,25,21,2012.0,22.4,1,0,1,1,0,0,2,0,0.3,0.3,0.4,0.7,0.04,0.00,0.04,0.04,0.01,0.02,0.01,0.03,0.0,0.0,0.0,0.0,0.0,0.0,0.0,0.0,0.0,0.0,0.0,0.0,0.0,0.0,0.0,0.0,0.0,0.0,0.0,0.0,0.0,0.0,0.0,0.0,3,2,66.7,0.13,0.09,0.33,0.50,12.3,1216,1399,86.9,23784,7827,386,427,90.4,710,761,93.3,112,189,59.3,2,69,4,0,70,1352,46,41,0,8,2,1,0,1,9,0.40,9,0.40,9,0,0,0,0,0,0,0.00,0,0,0,0,0,0,28,19,18,9,1,17,32,53.1,15,24,17,7,35,63,86,0,22.4,1606,191,828,762,28,9,1606,7,5,71.4,1,14.3,1026,6704,4207,13,6,0,10,1,1115,4,70000,3640000
Ivan Perišić,"DF,MF",Tottenham,33,34,23,2108.0,23.4,1,8,9,1,0,0,6,0,2.6,2.6,6.1,8.8,0.04,0.34,0.38,0.04,0.11,0.26,0.11,0.37,0.0,0.0,0.0,0.0,0.0,0.0,0.0,0.0,0.0,0.0,0.0,0.0,0.0,0.0,0.0,0.0,0.0,0.0,0.0,0.0,0.0,0.0,0.0,0.0,29,8,27.6,1.24,0.34,0.03,0.13,15.3,713,1121,63.6,12565,3575,357,443,80.6,249,389,64.0,91,210,43.3,48,29,36,24,61,895,221,16,0,13,196,138,67,5,75,3.20,75,3.20,55,16,1,2,1,0,11,0.47,7,3,1,0,0,0,42,24,25,10,7,27,47,57.4,20,29,7,22,22,64,49,1,23.4,1370,73,357,443,583,94,1370,40,18,45.0,19,47.5,611,3704,2075,87,29,35,33,14,733,181,180000,9360000
Ivan Toney,FW,Brentford,26,33,33,2951.0,32.8,20,4,24,14,6,7,9,0,18.7,13.2,5.1,18.3,0.61,0.12,0.73,0.43,0.57,0.16,0.40,0.56,0.0,0.0,0.0,0.0,0.0,0.0,0.0,0.0,0.0,0.0,0.0,0.0,0.0,0.0,0.0,0.0,0.0,0.0,0.0,0.0,0.0,0.0,0.0,0.0,87,33,37.9,2.65,1.01,0.16,0.42,16.5,468,787,59.5,5947,2037,299,424,70.5,103,180,57.2,24,53,45.3,27,54,26,5,79,751,29,8,12,3,34,10,1,7,66,2.01,66,2.01,39,4,4,5,14,0,8,0.24,3,0,1,0,4,0,23,13,4,9,10,7,23,30.4,16,24,9,15,14,37,36,0,32.8,1219,50,141,529,557,156,1212,54,16,29.6,29,53.7,625,2463,724,14,21,8,100,47,889,165,20000,1040000
Jack Colback,MF,Nott'ham Forest,32,11,4,497.0,5.5,0,0,0,0,0,0,0,0,0.0,0.0,0.2,0.2,0.00,0.00,0.00,0.00,0.00,0.03,0.00,0.03,0.0,0.0,0.0,0.0,0.0,0.0,0.0,0.0,0.0,0.0,0.0,0.0,0.0,0.0,0.0,0.0,0.0,0.0,0.0,0.0,0.0,0.0,0.0,0.0,0,0,,0.00,0.00,,,,119,143,83.2,1936,446,61,71,85.9,48,55,87.3,8,11,72.7,2,12,3,1,16,139,4,2,0,0,1,1,0,0,3,0.54,3,0.54,3,0,0,0,0,0,0,0.00,0,0,0,0,0,0,18,13,12,6,0,5,8,62.5,3,3,0,3,3,21,9,0,5.5,189,16,65,100,27,1,189,4,3,75.0,0,0.0,75,404,210,5,5,0,5,1,88,3,15000,780000
Jack Grealish,FW,Manchester City,26,28,23,2055.0,22.8,5,7,12,5,0,0,4,0,4.6,4.6,7.1,11.7,0.22,0.31,0.53,0.22,0.20,0.31,0.20,0.51,0.0,0.0,0.0,0.0,0.0,0.0,0.0,0.0,0.0,0.0,0.0,0.0,0.0,0.0,0.0,0.0,0.0,0.0,0.0,0.0,0.0,0.0,0.0,0.0,41,15,36.6,1.80,0.66,0.12,0.33,15.4,902,1072,84.1,13270,2584,539,588,91.7,295,337,87.5,41,66,62.1,50,28,48,2,100,1011,56,7,6,8,53,25,24,5,104,4.55,104,4.55,71,7,6,6,13,1,20,0.88,14,1,0,1,3,1,25,16,10,12,3,13,23,56.5,10,17,3,14,7,32,9,0,22.8,1308,20,141,421,772,136,1308,110,45,40.9,28,25.5,957,8506,3982,143,83,63,36,29,1065,310,300000,15600000
Jack Harrison,"FW,MF",Leeds United,25,36,34,2708.0,30.1,5,7,12,5,0,0,2,0,4.7,4.7,5.1,9.8,0.17,0.23,0.40,0.17,0.16,0.17,0.16,0.33,0.0,0.0,0.0,0.0,0.0,0.0,0.0,0.0,0.0,0.0,0.0,0.0,0.0,0.0,0.0,0.0,0.0,0.0,0.0,0.0,0.0,0.0,0.0,0.0,39,14,35.9,1.30,0.47,0.13,0.36,17.8,732,1150,63.7,10776,4115,443,544,81.4,189,316,59.8,60,165,36.4,53,57,51,21,103,1012,131,38,4,11,186,24,68,7,114,3.79,114,3.79,68,27,7,5,5,2,9,0.30,6,1,1,1,0,0,41,17,5,15,21,12,52,23.1,40,47,2,45,22,63,25,0,30.1,1556,31,192,549,836,81,1556,118,48,40.7,59,50.0,959,5271,2584,103,56,24,92,61,1037,255,50000,2600000
Jack Hinshelwood,FW,Brighton,17,1,0,2.0,0.0,0,0,0,0,0,0,0,0,0.0,0.0,0.0,0.0,0.00,0.00,0.00,0.00,0.00,0.00,0.00,0.00,0.0,0.0,0.0,0.0,0.0,0.0,0.0,0.0,0.0,0.0,0.0,0.0,0.0,0.0,0.0,0.0,0.0,0.0,0.0,0.0,0.0,0.0,0.0,0.0,0,0,,0.00,0.00,,,,1,3,33.3,13,0,1,2,50.0,0,0,,0,0,,0,0,0,0,0,3,0,0,0,0,0,0,0,0,0,0.00,0,0.00,0,0,0,0,0,0,0,0.00,0,0,0,0,0,0,1,0,1,0,0,0,0,,0,0,0,0,0,1,0,0,0.0,5,0,2,2,1,1,5,0,0,,0,,2,2,2,0,0,0,0,0,3,1,0.0,0.0
Jack Stacey,DF,Bournemouth,26,10,3,299.0,3.3,0,0,0,0,0,0,2,0,0.1,0.1,0.0,0.1,0.00,0.00,0.00,0.00,0.03,0.00,0.03,0.03,0.0,0.0,0.0,0.0,0.0,0.0,0.0,0.0,0.0,0.0,0.0,0.0,0.0,0.0,0.0,0.0,0.0,0.0,0.0,0.0,0.0,0.0,0.0,0.0,1,0,0.0,0.30,0.00,0.00,,16.0,74,130,56.9,1088,392,42,53,79.2,27,50,54.0,3,12,25.0,0,6,1,1,2,106,23,0,0,0,10,23,0,1,1,0.30,1,0.30,1,0,0,0,0,0,0,0.00,0,0,0,0,0,0,5,4,3,1,1,2,5,40.0,3,3,1,2,5,10,15,0,3.3,174,17,67,62,47,2,174,8,3,37.5,5,62.5,74,462,221,9,4,1,3,4,78,15,30000,1560000
Jack Stephens,DF,Bournemouth,28,15,13,1173.0,13.0,0,0,0,0,0,0,3,0,0.4,0.4,0.2,0.6,0.00,0.00,0.00,0.00,0.03,0.02,0.03,0.05,0.0,0.0,0.0,0.0,0.0,0.0,0.0,0.0,0.0,0.0,0.0,0.0,0.0,0.0,0.0,0.0,0.0,0.0,0.0,0.0,0.0,0.0,0.0,0.0,0,0,,0.00,0.00,,,,23,28,82.1,398,107,9,10,90.0,13,17,76.5,1,1,100.0,0,3,0,0,3,25,3,1,0,0,0,2,0,0,0,0.00,0,0.00,0,0,0,0,0,0,0,0.00,0,0,0,0,0,0,2,2,2,0,0,1,1,100.0,0,1,1,0,1,3,2,0,0.5,33,4,8,17,8,0,33,0,0,,0,,16,135,86,3,2,0,0,1,25,0,45000,2340000
Jack Stephens,DF,Southampton,28,2,0,46.0,0.5,0,0,0,0,0,0,0,0,0.0,0.0,0.0,0.0,0.00,0.00,0.00,0.00,0.00,0.00,0.00,0.00,0.0,0.0,0.0,0.0,0.0,0.0,0.0,0.0,0.0,0.0,0.0,0.0,0.0,0.0,0.0,0.0,0.0,0.0,0.0,0.0,0.0,0.0,0.0,0.0,0,0,,0.00,0.00,,,,23,28,82.1,398,107,9,10,90.0,13,17,76.5,1,1,100.0,0,3,0,0,3,25,3,1,0,0,0,2,0,0,0,0.00,0,0.00,0,0,0,0,0,0,0,0.00,0,0,0,0,0,0,2,2,2,0,0,1,1,100.0,0,1,1,0,1,3,2,0,0.5,33,4,8,17,8,0,33,0,0,,0,,16,135,86,3,2,0,0,1,25,0,45000,2340000
Jacob Murphy,FW,Newcastle Utd,27,36,14,1251.0,13.9,4,2,6,4,0,0,0,0,3.3,3.3,2.8,6.1,0.29,0.14,0.43,0.29,0.24,0.20,0.24,0.44,0.0,0.0,0.0,0.0,0.0,0.0,0.0,0.0,0.0,0.0,0.0,0.0,0.0,0.0,0.0,0.0,0.0,0.0,0.0,0.0,0.0,0.0,0.0,0.0,29,10,34.5,2.09,0.72,0.14,0.40,18.6,296,448,66.1,4516,1252,177,219,80.8,89,131,67.9,18,40,45.0,19,20,26,4,57,428,18,0,6,2,53,10,7,2,49,3.52,49,3.52,37,0,4,2,5,1,6,0.43,5,0,0,0,0,1,15,7,3,8,4,8,20,40.0,12,17,0,17,7,22,3,0,13.9,590,11,58,214,329,75,590,44,15,34.1,21,47.7,365,2498,1516,67,32,30,17,23,421,141,35000,1820000
Jacob Ramsey,"MF,FW",Aston Villa,21,35,31,2636.0,29.3,6,7,13,6,0,0,5,0,5.0,5.0,5.1,10.1,0.20,0.24,0.44,0.20,0.17,0.17,0.17,0.34,0.0,0.0,0.0,0.0,0.0,0.0,0.0,0.0,0.0,0.0,0.0,0.0,0.0,0.0,0.0,0.0,0.0,0.0,0.0,0.0,0.0,0.0,0.0,0.0,33,13,39.4,1.13,0.44,0.18,0.46,15.9,728,889,81.9,10240,2665,444,500,88.8,217,266,81.6,34,46,73.9,42,67,28,4,98,880,3,2,3,3,18,1,0,6,81,2.76,81,2.76,69,0,4,2,5,1,11,0.38,8,0,1,1,1,0,69,39,23,35,11,32,69,46.4,37,48,8,40,23,92,34,0,29.3,1245,57,238,609,422,85,1245,77,31,40.3,31,40.3,752,5322,2656,94,62,21,62,37,819,119,70000,3640000
Jadon Sancho,"FW,MF",Manchester Utd,22,26,21,1686.0,18.7,6,3,9,6,0,0,0,0,4.2,4.2,5.0,9.2,0.32,0.16,0.48,0.32,0.22,0.27,0.22,0.49,0.0,0.0,0.0,0.0,0.0,0.0,0.0,0.0,0.0,0.0,0.0,0.0,0.0,0.0,0.0,0.0,0.0,0.0,0.0,0.0,0.0,0.0,0.0,0.0,21,9,42.9,1.12,0.48,0.29,0.67,14.1,647,776,83.4,7890,1794,450,504,89.3,140,164,85.4,15,26,57.7,43,23,40,1,76,760,14,0,4,3,17,8,5,2,87,4.64,87,4.64,80,1,4,2,0,0,9,0.48,7,0,2,0,0,0,16,10,7,5,4,8,28,28.6,20,25,2,23,7,23,6,0,18.7,977,16,118,339,536,106,977,78,33,42.3,40,51.3,640,3825,2193,88,39,45,50,20,715,173,350000,18200000
Jaidon Anthony,"MF,FW",Bournemouth,22,30,11,1257.0,14.0,3,1,4,3,0,0,2,0,2.2,2.2,1.0,3.3,0.21,0.07,0.29,0.21,0.16,0.07,0.16,0.24,0.0,0.0,0.0,0.0,0.0,0.0,0.0,0.0,0.0,0.0,0.0,0.0,0.0,0.0,0.0,0.0,0.0,0.0,0.0,0.0,0.0,0.0,0.0,0.0,22,13,59.1,1.58,0.93,0.14,0.23,19.3,387,526,73.6,5818,1610,225,257,87.5,110,150,73.3,31,63,49.2,12,24,19,7,49,480,45,9,2,5,43,21,14,1,38,2.72,38,2.72,28,3,4,1,1,1,4,0.29,2,0,1,0,1,0,30,17,15,9,6,8,24,33.3,16,30,3,27,10,40,19,0,14.0,717,23,150,271,304,33,717,47,15,31.9,30,63.8,423,2449,1032,31,25,13,25,27,464,72,10000,520000
Jakub Kiwior,DF,Arsenal,22,7,5,427.0,4.7,1,0,1,1,0,0,0,0,0.1,0.1,0.0,0.1,0.21,0.00,0.21,0.21,0.02,0.01,0.02,0.03,0.0,0.0,0.0,0.0,0.0,0.0,0.0,0.0,0.0,0.0,0.0,0.0,0.0,0.0,0.0,0.0,0.0,0.0,0.0,0.0,0.0,0.0,0.0,0.0,1,1,100.0,0.21,0.21,1.00,1.00,10.0,177,205,86.3,3030,924,62,70,88.6,104,109,95.4,7,15,46.7,1,6,0,0,6,192,13,5,1,1,1,8,0,0,1,0.21,1,0.21,1,0,0,0,0,0,0,0.00,0,0,0,0,0,0,7,5,6,1,0,5,8,62.5,3,5,3,2,6,13,10,0,4.7,248,31,124,103,22,3,248,1,1,100.0,0,0.0,141,530,171,0,3,0,0,0,148,6,58000,3016000
Jamaal Lascelles,DF,Newcastle Utd,28,7,2,218.0,2.4,0,0,0,0,0,0,4,0,0.1,0.1,0.0,0.1,0.00,0.00,0.00,0.00,0.04,0.00,0.04,0.04,0.0,0.0,0.0,0.0,0.0,0.0,0.0,0.0,0.0,0.0,0.0,0.0,0.0,0.0,0.0,0.0,0.0,0.0,0.0,0.0,0.0,0.0,0.0,0.0,2,0,0.0,0.83,0.00,0.00,,9.7,79,93,84.9,1445,580,29,34,85.3,40,44,90.9,7,11,63.6,0,4,0,0,3,93,0,0,0,0,0,0,0,0,1,0.41,1,0.41,0,0,0,1,0,0,0,0.00,0,0,0,0,0,0,1,0,1,0,0,1,1,100.0,0,3,2,1,0,1,17,0,2.4,118,27,68,47,4,4,118,0,0,,0,,64,269,103,0,0,0,0,0,75,0,40000,2080000
Jamal Lewis,"DF,FW",Newcastle Utd,24,2,0,11.0,0.1,0,0,0,0,0,0,0,0,0.0,0.0,0.0,0.0,0.00,0.00,0.00,0.00,0.00,0.00,0.00,0.00,0.0,0.0,0.0,0.0,0.0,0.0,0.0,0.0,0.0,0.0,0.0,0.0,0.0,0.0,0.0,0.0,0.0,0.0,0.0,0.0,0.0,0.0,0.0,0.0,0,0,,0.00,0.00,,,,12,14,85.7,192,71,3,3,100.0,8,9,88.9,0,0,,0,0,0,0,1,14,0,0,0,0,0,0,0,0,0,0.00,0,0.00,0,0,0,0,0,0,0,0.00,0,0,0,0,0,0,0,0,0,0,0,0,0,,0,0,0,0,0,0,0,0,0.1,15,0,6,4,5,2,15,0,0,,0,,10,40,10,0,1,0,0,0,13,1,38000,1976000
Jamal Lowe,"MF,FW",Bournemouth,28,2,0,12.0,0.1,0,0,0,0,0,0,0,0,0.0,0.0,0.0,0.0,0.00,0.00,0.00,0.00,0.00,0.00,0.00,0.00,0.0,0.0,0.0,0.0,0.0,0.0,0.0,0.0,0.0,0.0,0.0,0.0,0.0,0.0,0.0,0.0,0.0,0.0,0.0,0.0,0.0,0.0,0.0,0.0,0,0,,0.00,0.00,,,,2,4,50.0,18,3,1,1,100.0,0,0,,0,1,0.0,0,0,1,0,1,4,0,0,0,0,0,0,0,0,0,0.00,0,0.00,0,0,0,0,0,0,0,0.00,0,0,0,0,0,0,0,0,0,0,0,0,0,,0,0,0,0,0,0,0,0,0.1,4,0,0,3,1,0,4,0,0,,0,,2,7,1,0,0,0,0,0,3,0,12000,624000
James Bree,DF,Southampton,24,5,4,367.0,4.1,0,0,0,0,0,0,1,0,0.0,0.0,0.2,0.2,0.00,0.00,0.00,0.00,0.01,0.05,0.01,0.06,0.0,0.0,0.0,0.0,0.0,0.0,0.0,0.0,0.0,0.0,0.0,0.0,0.0,0.0,0.0,0.0,0.0,0.0,0.0,0.0,0.0,0.0,0.0,0.0,1,1,100.0,0.25,0.25,0.00,0.00,25.3,133,178,74.7,1971,741,75,92,81.5,43,56,76.8,8,16,50.0,4,5,5,4,5,150,28,2,0,1,13,26,0,0,6,1.47,6,1.47,6,0,0,0,0,0,0,0.00,0,0,0,0,0,0,5,3,4,1,0,3,4,75.0,1,3,1,2,6,11,11,0,4.1,213,18,71,67,75,2,213,3,2,66.7,1,33.3,93,352,131,4,4,0,3,2,111,12,10000,520000
James Garner,"MF,DF",Everton,21,16,7,804.0,8.9,0,1,1,0,0,0,3,0,0.8,0.8,0.5,1.3,0.00,0.11,0.11,0.00,0.09,0.06,0.09,0.14,0.0,0.0,0.0,0.0,0.0,0.0,0.0,0.0,0.0,0.0,0.0,0.0,0.0,0.0,0.0,0.0,0.0,0.0,0.0,0.0,0.0,0.0,0.0,0.0,9,3,33.3,1.01,0.34,0.00,0.00,22.3,256,353,72.5,4066,1400,131,152,86.2,99,124,79.8,16,50,32.0,7,22,6,2,33,310,41,6,0,2,37,16,17,2,19,2.13,19,2.13,13,3,1,1,1,0,2,0.22,2,0,0,0,0,0,16,13,4,8,4,9,19,47.4,10,9,1,8,12,28,13,0,8.9,441,22,97,201,150,9,441,14,7,50.0,6,42.9,216,1185,564,8,9,1,11,3,225,18,30000,1560000
James Justin,DF,Leicester City,24,14,14,1252.0,13.9,0,0,0,0,0,0,0,0,0.3,0.3,0.3,0.6,0.00,0.00,0.00,0.00,0.02,0.02,0.02,0.05,0.0,0.0,0.0,0.0,0.0,0.0,0.0,0.0,0.0,0.0,0.0,0.0,0.0,0.0,0.0,0.0,0.0,0.0,0.0,0.0,0.0,0.0,0.0,0.0,5,0,0.0,0.36,0.00,0.00,,23.4,667,819,81.4,10404,3063,371,408,90.9,239,282,84.8,39,81,48.1,7,48,12,7,47,687,130,16,0,4,21,114,0,2,21,1.51,21,1.51,17,0,2,0,2,0,2,0.14,0,0,1,0,1,0,20,18,7,12,1,9,18,50.0,9,24,6,18,15,35,47,0,13.9,980,48,296,475,216,8,980,19,4,21.1,11,57.9,417,1831,834,20,19,4,15,6,574,50,30000,1560000
James Maddison,"MF,FW",Leicester City,25,30,28,2480.0,27.6,10,9,19,9,1,2,10,0,8.7,6.6,9.3,15.9,0.36,0.33,0.69,0.33,0.31,0.34,0.24,0.58,0.0,0.0,0.0,0.0,0.0,0.0,0.0,0.0,0.0,0.0,0.0,0.0,0.0,0.0,0.0,0.0,0.0,0.0,0.0,0.0,0.0,0.0,0.0,0.0,83,27,32.5,3.01,0.98,0.11,0.33,21.1,844,1150,73.4,14244,4356,417,481,86.7,300,395,75.9,93,186,50.0,69,117,27,4,151,998,142,60,13,8,123,4,69,10,138,5.01,138,5.01,76,29,12,7,12,2,13,0.47,10,1,1,0,1,0,51,26,25,19,7,19,50,38.0,31,19,1,18,13,64,6,1,27.6,1447,17,160,647,655,103,1445,107,46,43.0,39,36.4,964,5653,2671,77,44,31,45,31,1075,155,110000,5720000
James McArthur,MF,Crystal Palace,34,4,0,54.0,0.6,0,0,0,0,0,0,0,0,0.0,0.0,0.0,0.0,0.00,0.00,0.00,0.00,0.00,0.00,0.00,0.00,0.0,0.0,0.0,0.0,0.0,0.0,0.0,0.0,0.0,0.0,0.0,0.0,0.0,0.0,0.0,0.0,0.0,0.0,0.0,0.0,0.0,0.0,0.0,0.0,0,0,,0.00,0.00,,,,41,52,78.8,596,129,24,29,82.8,16,18,88.9,1,3,33.3,0,0,0,0,1,49,3,3,1,0,0,0,0,0,0,0.00,0,0.00,0,0,0,0,0,0,0,0.00,0,0,0,0,0,0,1,1,1,0,0,1,1,100.0,0,2,1,1,1,2,2,0,0.6,60,5,22,29,9,0,60,2,1,50.0,0,0.0,36,168,84,0,2,0,1,3,40,0,55000,2860000
James Milner,"MF,DF",Liverpool,36,31,7,913.0,10.1,0,1,1,0,0,0,2,0,0.4,0.4,0.9,1.3,0.00,0.10,0.10,0.00,0.04,0.09,0.04,0.13,0.0,0.0,0.0,0.0,0.0,0.0,0.0,0.0,0.0,0.0,0.0,0.0,0.0,0.0,0.0,0.0,0.0,0.0,0.0,0.0,0.0,0.0,0.0,0.0,7,1,14.3,0.69,0.10,0.00,0.00,17.9,563,727,77.4,9891,3403,261,291,89.7,238,279,85.3,52,112,46.4,13,61,15,5,70,625,99,20,2,4,52,65,12,3,36,3.56,36,3.56,27,4,3,2,0,0,3,0.30,2,1,0,0,0,0,26,16,11,11,4,15,34,44.1,19,14,2,12,12,38,15,0,10.1,848,24,196,390,264,24,848,21,11,52.4,8,38.1,447,1868,886,21,17,5,19,14,551,78,60000,3120000
James Tarkowski,DF,Everton,29,38,38,3420.0,38.0,1,1,2,1,0,0,6,0,3.1,3.1,2.9,6.0,0.03,0.03,0.05,0.03,0.08,0.08,0.08,0.16,0.0,0.0,0.0,0.0,0.0,0.0,0.0,0.0,0.0,0.0,0.0,0.0,0.0,0.0,0.0,0.0,0.0,0.0,0.0,0.0,0.0,0.0,0.0,0.0,32,9,28.1,0.84,0.24,0.03,0.11,9.0,1322,1633,81.0,26359,10115,448,512,87.5,693,794,87.3,167,297,56.2,15,98,3,0,106,1578,48,41,3,18,0,6,0,7,23,0.61,23,0.61,17,0,0,5,0,1,2,0.05,1,0,0,1,0,0,51,26,36,13,2,20,39,51.3,19,99,78,21,51,102,201,3,38.0,2119,369,1090,926,113,81,2119,10,9,90.0,1,10.0,982,4413,2295,13,3,1,22,5,1209,11,100000,5200000
James Tomkins,DF,Crystal Palace,33,6,3,338.0,3.8,1,0,1,1,0,0,3,1,1.0,1.0,0.0,1.0,0.27,0.00,0.27,0.27,0.27,0.00,0.27,0.27,0.0,0.0,0.0,0.0,0.0,0.0,0.0,0.0,0.0,0.0,0.0,0.0,0.0,0.0,0.0,0.0,0.0,0.0,0.0,0.0,0.0,0.0,0.0,0.0,3,2,66.7,0.80,0.53,0.33,0.50,12.7,138,171,80.7,2645,822,47,55,85.5,79,87,90.8,12,27,44.4,0,2,0,0,2,164,7,5,0,0,0,0,0,0,0,0.00,0,0.00,0,0,0,0,0,0,0,0.00,0,0,0,0,0,0,4,2,2,1,1,1,3,33.3,2,3,2,1,5,9,19,0,3.8,208,34,142,59,7,3,208,1,1,100.0,0,0.0,117,429,220,1,1,0,2,1,130,1,50000,2600000
James Ward-Prowse,MF,Southampton,27,38,38,3371.0,37.5,9,4,13,7,2,4,6,0,5.7,2.5,6.2,8.7,0.24,0.11,0.35,0.19,0.15,0.17,0.07,0.23,0.0,0.0,0.0,0.0,0.0,0.0,0.0,0.0,0.0,0.0,0.0,0.0,0.0,0.0,0.0,0.0,0.0,0.0,0.0,0.0,0.0,0.0,0.0,0.0,40,16,40.0,1.07,0.43,0.18,0.44,27.1,1716,2176,78.9,28997,8717,834,922,90.5,687,809,84.9,153,342,44.7,74,177,31,16,189,1840,329,148,2,14,241,8,145,7,127,3.39,127,3.39,62,59,1,3,1,1,9,0.24,3,3,1,2,0,0,65,37,31,27,7,21,61,34.4,40,30,10,20,55,120,48,0,37.5,2484,97,447,1380,667,28,2480,20,7,35.0,12,60.0,1172,4364,2014,19,27,1,26,22,1462,58,100000,5200000
Jamie Vardy,FW,Leicester City,35,37,19,1857.0,20.6,3,4,7,3,0,1,1,0,6.7,5.9,1.4,7.3,0.15,0.19,0.34,0.15,0.32,0.07,0.29,0.35,0.0,0.0,0.0,0.0,0.0,0.0,0.0,0.0,0.0,0.0,0.0,0.0,0.0,0.0,0.0,0.0,0.0,0.0,0.0,0.0,0.0,0.0,0.0,0.0,27,13,48.1,1.31,0.63,0.11,0.23,12.3,137,263,52.1,1931,364,69,119,58.0,47,88,53.4,7,15,46.7,14,7,5,1,14,239,23,0,3,1,7,0,0,1,34,1.65,34,1.65,23,0,6,3,2,0,7,0.34,5,0,1,0,1,0,9,5,4,2,3,1,8,12.5,7,17,3,14,2,11,30,0,20.6,437,32,59,175,206,71,436,29,12,41.4,14,48.3,192,926,358,16,9,13,33,16,261,101,140000,7280000
Jan Bednarek,DF,Aston Villa,26,3,1,100.0,1.1,0,0,0,0,0,0,0,0,0.0,0.0,0.0,0.0,0.00,0.00,0.00,0.00,0.00,0.00,0.00,0.00,0.0,0.0,0.0,0.0,0.0,0.0,0.0,0.0,0.0,0.0,0.0,0.0,0.0,0.0,0.0,0.0,0.0,0.0,0.0,0.0,0.0,0.0,0.0,0.0,8,0,0.0,0.43,0.00,0.00,,14.2,753,902,83.5,13941,5608,293,337,86.9,380,417,91.1,72,124,58.1,3,33,1,0,45,849,52,35,0,3,1,12,0,1,7,0.38,7,0.38,5,1,0,1,0,0,0,0.00,0,0,0,0,0,0,27,21,20,7,0,12,16,75.0,4,38,27,11,49,76,87,0,18.6,1127,205,635,460,37,14,1127,2,1,50.0,1,50.0,579,2671,1580,8,1,0,2,1,605,2,60000,3120000
Jan Bednarek,DF,Southampton,26,20,20,1672.0,18.6,0,0,0,0,0,0,5,0,0.4,0.4,0.1,0.5,0.00,0.00,0.00,0.00,0.02,0.01,0.02,0.03,0.0,0.0,0.0,0.0,0.0,0.0,0.0,0.0,0.0,0.0,0.0,0.0,0.0,0.0,0.0,0.0,0.0,0.0,0.0,0.0,0.0,0.0,0.0,0.0,8,0,0.0,0.43,0.00,0.00,,14.2,753,902,83.5,13941,5608,293,337,86.9,380,417,91.1,72,124,58.1,3,33,1,0,45,849,52,35,0,3,1,12,0,1,7,0.38,7,0.38,5,1,0,1,0,0,0,0.00,0,0,0,0,0,0,27,21,20,7,0,12,16,75.0,4,38,27,11,49,76,87,0,18.6,1127,205,635,460,37,14,1127,2,1,50.0,1,50.0,579,2671,1580,8,1,0,2,1,605,2,60000,3120000
Jan Paul van Hecke,DF,Brighton,22,8,3,295.0,3.3,0,0,0,0,0,0,2,0,0.6,0.6,0.0,0.6,0.00,0.00,0.00,0.00,0.18,0.00,0.18,0.18,0.0,0.0,0.0,0.0,0.0,0.0,0.0,0.0,0.0,0.0,0.0,0.0,0.0,0.0,0.0,0.0,0.0,0.0,0.0,0.0,0.0,0.0,0.0,0.0,2,0,0.0,0.61,0.00,0.00,,16.3,232,248,93.5,4285,1480,72,76,94.7,144,148,97.3,12,15,80.0,0,22,0,0,21,242,5,4,0,0,0,1,0,1,2,0.61,2,0.61,2,0,0,0,0,0,0,0.00,0,0,0,0,0,0,8,6,3,4,1,5,5,100.0,0,8,5,3,6,14,9,0,3.3,288,27,120,155,13,2,288,0,0,,0,,187,1104,635,3,5,0,1,0,213,0,5000,260000
Japhet Tanganga,DF,Tottenham,23,4,2,146.0,1.6,0,0,0,0,0,0,0,0,0.0,0.0,0.0,0.0,0.00,0.00,0.00,0.00,0.00,0.00,0.00,0.00,0.0,0.0,0.0,0.0,0.0,0.0,0.0,0.0,0.0,0.0,0.0,0.0,0.0,0.0,0.0,0.0,0.0,0.0,0.0,0.0,0.0,0.0,0.0,0.0,0,0,,0.00,0.00,,,,82,92,89.1,1323,541,42,46,91.3,34,38,89.5,5,7,71.4,0,4,1,1,5,91,1,1,0,0,1,0,0,0,0,0.00,0,0.00,0,0,0,0,0,0,0,0.00,0,0,0,0,0,0,3,2,3,0,0,1,5,20.0,4,1,0,1,2,5,8,0,1.6,109,5,48,59,3,0,109,2,1,50.0,1,50.0,68,308,133,1,2,0,3,1,71,2,25000,1300000
Jarrod Bowen,"FW,MF",West Ham,25,38,36,3233.0,35.9,6,5,11,5,1,2,2,0,8.9,7.8,7.4,15.2,0.17,0.14,0.31,0.14,0.25,0.20,0.22,0.42,0.0,0.0,0.0,0.0,0.0,0.0,0.0,0.0,0.0,0.0,0.0,0.0,0.0,0.0,0.0,0.0,0.0,0.0,0.0,0.0,0.0,0.0,0.0,0.0,73,21,28.8,2.03,0.58,0.07,0.24,16.2,552,881,62.7,8725,2552,312,385,81.0,170,225,75.6,52,164,31.7,48,39,24,9,72,768,109,11,6,4,159,3,90,4,108,3.01,108,3.01,58,15,10,13,10,2,14,0.39,6,3,0,2,3,0,39,16,14,11,14,16,58,27.6,42,47,9,38,36,75,25,0,35.9,1318,32,186,451,693,157,1316,118,36,30.5,55,46.6,731,5565,2201,101,44,56,70,55,793,213,60000,3120000
Jason Steele,GK,Brighton,31,15,15,1350.0,15.0,0,1,1,0,0,0,1,0,0.0,0.0,0.1,0.1,0.00,0.07,0.07,0.00,0.00,0.01,0.00,0.01,1.53,57,36,61.4,6,40.0,18.5,0.29,34,74,45.9,483,48,14.9,24.2,55,3.6,13.9,126,10,7.9,19,1.27,15.7,0,0,,0.00,0.00,,,,478,541,88.4,9705,6922,179,182,98.4,216,222,97.3,80,130,61.5,1,2,0,0,0,471,67,12,1,1,0,0,0,3,6,0.40,6,0.40,6,0,0,0,0,0,2,0.13,2,0,0,0,0,0,0,0,0,0,0,0,1,0.0,1,0,0,0,0,0,6,1,15.0,574,469,570,4,0,0,574,1,1,100.0,0,0.0,377,1675,868,0,0,0,0,0,354,0,15000,780000
Javier Manquillo,DF,Newcastle Utd,28,4,0,37.0,0.4,0,0,0,0,0,0,0,0,0.0,0.0,0.0,0.0,0.00,0.00,0.00,0.00,0.00,0.00,0.00,0.00,0.0,0.0,0.0,0.0,0.0,0.0,0.0,0.0,0.0,0.0,0.0,0.0,0.0,0.0,0.0,0.0,0.0,0.0,0.0,0.0,0.0,0.0,0.0,0.0,0,0,,0.00,0.00,,,,24,29,82.8,400,114,13,14,92.9,9,12,75.0,2,2,100.0,0,1,0,0,4,25,4,1,0,0,1,3,0,0,1,2.43,1,2.43,0,0,0,0,0,1,1,2.43,0,0,0,0,0,1,3,2,2,1,0,2,2,100.0,0,1,0,1,1,4,1,0,0.4,36,2,11,16,9,1,36,0,0,,0,,20,82,38,2,0,0,0,0,20,1,35000,1820000
Jay Stansfield,FW,Fulham,19,3,1,87.0,1.0,0,0,0,0,0,0,0,0,0.3,0.3,0.1,0.3,0.00,0.00,0.00,0.00,0.26,0.09,0.26,0.35,0.0,0.0,0.0,0.0,0.0,0.0,0.0,0.0,0.0,0.0,0.0,0.0,0.0,0.0,0.0,0.0,0.0,0.0,0.0,0.0,0.0,0.0,0.0,0.0,2,0,0.0,2.07,0.00,0.00,,13.9,9,23,39.1,82,32,7,8,87.5,1,7,14.3,0,3,0.0,1,0,0,0,0,23,0,0,0,0,3,0,0,0,4,4.14,4,4.14,1,0,0,2,1,0,1,1.03,0,0,0,1,0,0,0,0,0,0,0,0,2,0.0,2,4,1,3,1,1,1,0,1.0,35,2,7,14,15,7,35,0,0,,0,,13,88,35,2,2,0,2,2,23,4,0.0,0.0
Jaïro Riedewald,"DF,MF",Crystal Palace,25,6,0,64.0,0.7,0,0,0,0,0,0,0,0,0.1,0.1,0.0,0.1,0.00,0.00,0.00,0.00,0.10,0.00,0.10,0.10,0.0,0.0,0.0,0.0,0.0,0.0,0.0,0.0,0.0,0.0,0.0,0.0,0.0,0.0,0.0,0.0,0.0,0.0,0.0,0.0,0.0,0.0,0.0,0.0,1,0,0.0,1.41,0.00,0.00,,14.7,34,45,75.6,467,137,21,24,87.5,13,17,76.5,0,2,0.0,0,2,0,0,1,38,7,2,0,0,0,4,1,0,0,0.00,0,0.00,0,0,0,0,0,0,0,0.00,0,0,0,0,0,0,2,1,2,0,0,0,1,0.0,1,2,0,2,0,2,4,0,0.7,54,6,19,23,14,1,54,0,0,,0,,23,111,69,1,1,0,0,0,28,1,55000,2860000
Jean-Philippe Mateta,FW,Crystal Palace,25,29,6,770.0,8.6,2,0,2,2,0,0,3,0,3.4,3.4,0.6,4.0,0.23,0.00,0.23,0.23,0.39,0.07,0.39,0.47,0.0,0.0,0.0,0.0,0.0,0.0,0.0,0.0,0.0,0.0,0.0,0.0,0.0,0.0,0.0,0.0,0.0,0.0,0.0,0.0,0.0,0.0,0.0,0.0,27,7,25.9,3.16,0.82,0.07,0.29,12.2,104,149,69.8,1196,155,70,92,76.1,19,28,67.9,4,5,80.0,5,4,1,1,6,143,6,0,0,0,3,0,0,0,8,0.94,8,0.94,3,0,0,3,2,0,1,0.12,0,0,0,0,1,0,7,1,2,4,1,1,3,33.3,2,3,1,2,3,10,18,0,8.6,266,18,37,112,119,38,266,8,3,37.5,5,62.5,145,674,251,9,9,5,27,18,185,43,50000,2600000
Jefferson Lerma,MF,Bournemouth,27,37,37,3252.0,36.1,5,0,5,5,0,0,7,0,2.6,2.6,2.3,4.9,0.14,0.00,0.14,0.14,0.07,0.06,0.07,0.14,0.0,0.0,0.0,0.0,0.0,0.0,0.0,0.0,0.0,0.0,0.0,0.0,0.0,0.0,0.0,0.0,0.0,0.0,0.0,0.0,0.0,0.0,0.0,0.0,35,10,28.6,0.97,0.28,0.14,0.50,17.6,1317,1611,81.8,20458,7229,695,793,87.6,502,581,86.4,77,146,52.7,18,126,23,2,142,1551,59,46,7,7,11,11,0,1,46,1.27,46,1.27,41,2,0,2,1,0,1,0.03,1,0,0,0,0,0,50,30,23,23,4,20,45,44.4,25,32,15,17,47,97,91,2,36.1,1934,165,587,1030,338,44,1934,24,14,58.3,9,37.5,947,3764,1861,22,32,1,24,17,1162,30,55000,2860000
Jeffrey Schlupp,"MF,FW",Crystal Palace,29,34,30,2531.0,28.1,3,1,4,3,0,0,7,0,3.2,3.2,1.4,4.6,0.11,0.04,0.14,0.11,0.11,0.05,0.11,0.17,0.0,0.0,0.0,0.0,0.0,0.0,0.0,0.0,0.0,0.0,0.0,0.0,0.0,0.0,0.0,0.0,0.0,0.0,0.0,0.0,0.0,0.0,0.0,0.0,28,9,32.1,1.00,0.32,0.11,0.33,17.5,665,900,73.9,10562,2798,338,418,80.9,254,312,81.4,52,104,50.0,18,59,11,0,98,854,40,12,3,1,16,24,0,6,44,1.56,44,1.56,34,0,3,5,1,1,5,0.18,2,0,0,1,1,1,66,46,28,29,9,22,43,51.2,21,39,8,31,23,89,38,0,28.1,1193,63,281,640,293,48,1193,56,30,53.6,19,33.9,602,3035,1232,32,25,11,33,33,707,67,50000,2600000
Jeremy Sarmiento,MF,Brighton,20,9,1,176.0,2.0,0,1,1,0,0,0,1,0,0.3,0.3,0.2,0.5,0.00,0.51,0.51,0.00,0.17,0.11,0.17,0.28,0.0,0.0,0.0,0.0,0.0,0.0,0.0,0.0,0.0,0.0,0.0,0.0,0.0,0.0,0.0,0.0,0.0,0.0,0.0,0.0,0.0,0.0,0.0,0.0,5,2,40.0,2.56,1.02,0.00,0.00,20.5,53,67,79.1,694,191,32,38,84.2,16,19,84.2,1,2,50.0,2,4,5,1,11,67,0,0,0,0,3,0,0,0,10,5.11,10,5.11,6,0,1,2,1,0,2,1.02,2,0,0,0,0,0,6,3,4,1,1,2,5,40.0,3,2,0,2,1,7,0,0,2.0,100,0,13,39,48,10,100,11,6,54.5,4,36.4,69,386,129,5,3,1,6,7,77,20,10000,520000
Jesse Lingard,"FW,MF",Nott'ham Forest,29,17,12,923.0,10.3,0,0,0,0,0,0,1,0,1.0,1.0,0.7,1.7,0.00,0.00,0.00,0.00,0.10,0.07,0.10,0.17,0.0,0.0,0.0,0.0,0.0,0.0,0.0,0.0,0.0,0.0,0.0,0.0,0.0,0.0,0.0,0.0,0.0,0.0,0.0,0.0,0.0,0.0,0.0,0.0,10,2,20.0,0.98,0.20,0.00,0.00,19.3,236,297,79.5,3558,897,121,137,88.3,88,104,84.6,14,28,50.0,11,27,7,1,33,271,24,7,1,4,5,8,0,2,25,2.44,25,2.44,18,1,2,3,1,0,2,0.20,1,0,0,1,0,0,4,4,2,2,0,1,7,14.3,6,11,0,11,5,9,4,0,10.3,371,7,44,202,132,16,371,10,6,60.0,4,40.0,214,1003,527,11,12,0,16,10,263,38,80000,4160000
Joachim Andersen,DF,Crystal Palace,26,32,32,2782.0,30.9,1,0,1,1,0,0,8,0,1.8,1.8,1.3,3.1,0.03,0.00,0.03,0.03,0.06,0.04,0.06,0.10,0.0,0.0,0.0,0.0,0.0,0.0,0.0,0.0,0.0,0.0,0.0,0.0,0.0,0.0,0.0,0.0,0.0,0.0,0.0,0.0,0.0,0.0,0.0,0.0,22,9,40.9,0.71,0.29,0.05,0.11,13.9,1561,1972,79.2,36474,13911,346,391,88.5,927,1007,92.1,281,534,52.6,12,153,8,1,105,1840,123,107,4,44,10,13,1,9,25,0.81,25,0.81,20,3,0,0,1,1,1,0.03,0,1,0,0,0,0,42,22,30,12,0,16,32,50.0,16,28,13,15,24,66,188,1,30.9,2303,355,1232,996,89,39,2303,9,5,55.6,4,44.4,1318,6889,3787,16,8,2,8,3,1498,7,80000,4160000
Joe Aribo,"MF,FW",Southampton,26,21,13,1224.0,13.6,2,0,2,2,0,0,2,0,1.5,1.5,0.8,2.3,0.15,0.00,0.15,0.15,0.11,0.06,0.11,0.17,0.0,0.0,0.0,0.0,0.0,0.0,0.0,0.0,0.0,0.0,0.0,0.0,0.0,0.0,0.0,0.0,0.0,0.0,0.0,0.0,0.0,0.0,0.0,0.0,14,8,57.1,1.03,0.59,0.14,0.25,10.9,280,385,72.7,3591,907,187,240,77.9,66,87,75.9,9,12,75.0,9,20,9,0,39,376,9,0,0,0,8,2,0,0,27,1.99,27,1.99,23,0,1,1,1,1,2,0.15,1,0,1,0,0,0,31,20,15,12,4,11,20,55.0,9,14,1,13,10,41,11,0,13.6,566,14,87,269,222,46,566,39,17,43.6,21,53.8,294,1294,615,19,10,7,35,22,354,64,70000,3640000
Joe Gelhardt,FW,Leeds United,20,15,1,212.0,2.4,0,2,2,0,0,0,1,0,0.8,0.8,0.5,1.3,0.00,0.85,0.85,0.00,0.36,0.20,0.36,0.55,0.0,0.0,0.0,0.0,0.0,0.0,0.0,0.0,0.0,0.0,0.0,0.0,0.0,0.0,0.0,0.0,0.0,0.0,0.0,0.0,0.0,0.0,0.0,0.0,10,2,20.0,4.25,0.85,0.00,0.00,23.5,43,67,64.2,518,118,23,30,76.7,11,17,64.7,2,2,100.0,2,3,1,0,6,62,3,0,1,0,1,0,0,2,4,1.70,4,1.70,4,0,0,0,0,0,2,0.85,2,0,0,0,0,0,6,2,1,3,2,3,5,60.0,2,5,0,5,0,6,4,0,2.4,115,4,10,52,54,14,115,9,1,11.1,7,77.8,68,189,66,2,2,2,9,7,84,21,15000,780000
Joe Gomez,DF,Liverpool,25,21,15,1466.0,16.3,0,0,0,0,0,0,3,0,0.2,0.2,0.2,0.3,0.00,0.00,0.00,0.00,0.01,0.01,0.01,0.02,0.0,0.0,0.0,0.0,0.0,0.0,0.0,0.0,0.0,0.0,0.0,0.0,0.0,0.0,0.0,0.0,0.0,0.0,0.0,0.0,0.0,0.0,0.0,0.0,6,2,33.3,0.37,0.12,0.00,0.00,24.5,1166,1361,85.7,23380,7637,336,379,88.7,686,745,92.1,127,197,64.5,1,121,4,0,108,1316,39,6,2,11,4,30,0,6,18,1.11,18,1.11,15,1,0,1,0,1,1,0.06,1,0,0,0,0,0,28,21,15,11,2,11,19,57.9,8,17,11,6,24,52,51,2,16.3,1521,114,602,851,76,6,1521,5,4,80.0,1,20.0,1005,4826,2616,15,12,0,13,5,1040,5,85000,4420000
Joe Rothwell,MF,Bournemouth,27,20,12,1016.0,11.3,0,1,1,0,0,0,1,0,0.1,0.1,1.0,1.2,0.00,0.09,0.09,0.00,0.01,0.09,0.01,0.10,0.0,0.0,0.0,0.0,0.0,0.0,0.0,0.0,0.0,0.0,0.0,0.0,0.0,0.0,0.0,0.0,0.0,0.0,0.0,0.0,0.0,0.0,0.0,0.0,3,2,66.7,0.27,0.18,0.00,0.00,24.1,385,457,84.2,6524,1662,179,196,91.3,154,165,93.3,36,68,52.9,8,34,11,1,33,402,54,24,4,2,26,1,21,1,24,2.12,24,2.12,16,6,1,1,0,0,2,0.18,1,1,0,0,0,0,20,13,7,12,1,7,21,33.3,14,14,3,11,9,29,7,0,11.3,538,19,131,309,105,5,538,23,16,69.6,7,30.4,285,1640,790,12,12,2,8,4,319,12,8000,416000
Joe Willock,MF,Newcastle Utd,22,35,31,2558.0,28.4,3,6,9,3,0,0,1,0,7.0,7.0,6.0,13.0,0.11,0.21,0.32,0.11,0.25,0.21,0.25,0.46,0.0,0.0,0.0,0.0,0.0,0.0,0.0,0.0,0.0,0.0,0.0,0.0,0.0,0.0,0.0,0.0,0.0,0.0,0.0,0.0,0.0,0.0,0.0,0.0,58,16,27.6,2.04,0.56,0.05,0.19,16.9,777,951,81.7,12123,3082,434,485,89.5,266,310,85.8,55,86,64.0,39,91,34,8,121,922,25,3,4,3,51,8,0,4,85,2.99,85,2.99,67,0,7,7,3,1,9,0.32,6,0,1,1,1,0,51,30,13,26,12,25,58,43.1,33,54,8,46,25,76,17,0,28.4,1324,37,202,586,556,114,1324,93,37,39.8,43,46.2,784,5213,2866,97,62,33,65,27,896,152,80000,4160000
Joe Worrall,DF,Nott'ham Forest,25,30,21,2224.0,24.7,1,0,1,1,0,0,6,0,0.8,0.8,0.8,1.6,0.04,0.00,0.04,0.04,0.03,0.03,0.03,0.06,0.0,0.0,0.0,0.0,0.0,0.0,0.0,0.0,0.0,0.0,0.0,0.0,0.0,0.0,0.0,0.0,0.0,0.0,0.0,0.0,0.0,0.0,0.0,0.0,7,2,28.6,0.28,0.08,0.14,0.50,12.2,891,1157,77.0,18605,7188,265,322,82.3,475,560,84.8,143,250,57.2,5,75,6,0,67,1058,97,33,0,8,3,58,0,2,16,0.65,16,0.65,14,1,0,0,1,0,0,0.00,0,0,0,0,0,0,53,25,39,12,2,25,35,71.4,10,33,23,10,26,79,111,1,24.7,1408,213,813,524,75,29,1408,4,3,75.0,1,25.0,684,2948,1604,5,5,1,6,4,796,1,15000,780000
Joel Robles,GK,Leeds United,32,4,4,360.0,4.0,0,0,0,0,0,0,1,0,0.0,0.0,0.0,0.0,0.00,0.00,0.00,0.00,0.00,0.00,0.00,0.00,2.75,27,16,66.7,0,0.0,10.5,0.32,18,71,25.4,90,20,52.2,41.1,32,75.0,49.4,43,2,4.7,3,0.75,11.6,0,0,,0.00,0.00,,,,63,122,51.6,2048,1611,6,6,100.0,26,27,96.3,31,89,34.8,0,2,0,0,0,70,52,20,0,0,0,0,0,0,0,0.00,0,0.00,0,0,0,0,0,0,0,0.00,0,0,0,0,0,0,0,0,0,0,0,0,1,0.0,1,0,0,0,0,0,2,1,4.0,136,101,129,8,0,0,136,0,0,,0,,57,337,251,0,0,0,0,0,44,0,20000,1040000
Joel Ward,DF,Crystal Palace,32,28,24,2256.0,25.1,1,0,1,1,0,0,6,0,1.1,1.1,0.4,1.5,0.04,0.00,0.04,0.04,0.04,0.02,0.04,0.06,0.0,0.0,0.0,0.0,0.0,0.0,0.0,0.0,0.0,0.0,0.0,0.0,0.0,0.0,0.0,0.0,0.0,0.0,0.0,0.0,0.0,0.0,0.0,0.0,8,2,25.0,0.32,0.08,0.13,0.50,16.5,921,1223,75.3,14816,6577,460,531,86.6,375,464,80.8,57,157,36.3,9,80,11,6,101,1014,208,24,0,2,36,184,0,1,22,0.88,22,0.88,17,0,1,1,3,0,1,0.04,0,0,0,1,0,0,50,36,30,11,9,30,41,73.2,11,32,16,16,25,75,80,1,25.1,1469,119,546,637,292,21,1469,9,7,77.8,1,11.1,620,2382,1228,22,15,1,25,10,761,46,35000,1820000
Joelinton,"MF,FW",Newcastle Utd,25,32,30,2661.0,29.6,6,1,7,6,0,0,12,0,7.1,7.1,2.4,9.4,0.20,0.03,0.24,0.20,0.24,0.08,0.24,0.32,0.0,0.0,0.0,0.0,0.0,0.0,0.0,0.0,0.0,0.0,0.0,0.0,0.0,0.0,0.0,0.0,0.0,0.0,0.0,0.0,0.0,0.0,0.0,0.0,51,19,37.3,1.72,0.64,0.12,0.32,14.6,1035,1268,81.6,15180,4014,581,668,87.0,338,390,86.7,59,75,78.7,26,78,21,3,130,1227,38,14,3,4,16,19,4,3,80,2.71,80,2.71,54,1,9,8,7,1,10,0.34,4,1,2,2,1,0,70,49,36,26,8,26,62,41.9,36,52,7,45,48,118,39,0,29.6,1703,71,312,852,562,96,1703,111,53,47.7,42,37.8,897,4853,2286,64,45,13,72,51,1115,150,85000,4420000
John McGinn,"MF,FW",Aston Villa,27,34,30,2693.0,29.9,1,3,4,1,0,0,7,0,2.4,2.4,2.6,5.0,0.03,0.10,0.13,0.03,0.08,0.09,0.08,0.17,0.0,0.0,0.0,0.0,0.0,0.0,0.0,0.0,0.0,0.0,0.0,0.0,0.0,0.0,0.0,0.0,0.0,0.0,0.0,0.0,0.0,0.0,0.0,0.0,42,11,26.2,1.40,0.37,0.02,0.09,23.6,805,1028,78.3,14385,4830,374,430,87.0,309,373,82.8,101,165,61.2,18,114,20,5,140,965,56,25,11,10,50,1,25,7,80,2.67,80,2.67,56,10,5,3,5,1,10,0.33,7,1,0,0,2,0,66,36,27,29,10,34,71,47.9,37,43,4,39,24,90,19,0,29.9,1348,37,218,756,388,45,1348,70,45,64.3,14,20.0,804,4072,1799,34,35,8,58,35,888,66,55000,2860000
John Stones,"DF,MF",Manchester City,28,23,21,1846.0,20.5,2,2,4,2,0,0,2,0,1.0,1.0,1.4,2.4,0.10,0.10,0.20,0.10,0.05,0.07,0.05,0.12,0.0,0.0,0.0,0.0,0.0,0.0,0.0,0.0,0.0,0.0,0.0,0.0,0.0,0.0,0.0,0.0,0.0,0.0,0.0,0.0,0.0,0.0,0.0,0.0,11,3,27.3,0.54,0.15,0.18,0.67,13.4,1453,1563,93.0,24351,6789,708,740,95.7,625,666,93.8,99,124,79.8,8,109,3,0,101,1496,66,17,1,14,6,45,1,1,16,0.78,16,0.78,12,1,0,3,0,0,5,0.24,4,0,0,1,0,0,23,13,11,8,4,7,10,70.0,3,17,10,7,9,32,40,0,20.5,1690,101,544,942,210,27,1690,10,6,60.0,1,10.0,1080,6201,3250,28,32,1,8,4,1312,34,250000,13000000
Jonjo Shelvey,MF,Newcastle Utd,30,3,0,37.0,0.4,0,0,0,0,0,0,0,0,0.0,0.0,0.0,0.0,0.00,0.00,0.00,0.00,0.00,0.00,0.00,0.00,0.0,0.0,0.0,0.0,0.0,0.0,0.0,0.0,0.0,0.0,0.0,0.0,0.0,0.0,0.0,0.0,0.0,0.0,0.0,0.0,0.0,0.0,0.0,0.0,0,0,,0.00,0.00,,,,19,26,73.1,442,176,5,6,83.3,8,10,80.0,4,8,50.0,0,4,0,0,3,23,3,2,0,2,0,0,0,0,0,0.00,0,0.00,0,0,0,0,0,0,0,0.00,0,0,0,0,0,0,1,0,1,0,0,0,1,0.0,1,1,0,1,0,1,0,0,0.4,28,0,8,18,2,0,28,0,0,,0,,10,63,19,0,0,0,0,0,17,0,70000,3640000
Jonjo Shelvey,MF,Nott'ham Forest,30,8,6,540.0,6.0,0,0,0,0,0,0,2,0,0.2,0.2,0.3,0.5,0.00,0.00,0.00,0.00,0.03,0.05,0.03,0.08,0.0,0.0,0.0,0.0,0.0,0.0,0.0,0.0,0.0,0.0,0.0,0.0,0.0,0.0,0.0,0.0,0.0,0.0,0.0,0.0,0.0,0.0,0.0,0.0,0,0,,0.00,0.00,,,,19,26,73.1,442,176,5,6,83.3,8,10,80.0,4,8,50.0,0,4,0,0,3,23,3,2,0,2,0,0,0,0,0,0.00,0,0.00,0,0,0,0,0,0,0,0.00,0,0,0,0,0,0,1,0,1,0,0,0,1,0.0,1,1,0,1,0,1,0,0,0.4,28,0,8,18,2,0,28,0,0,,0,,10,63,19,0,0,0,0,0,17,0,70000,3640000
Jonny Castro,DF,Wolves,28,18,14,1261.0,14.0,1,0,1,1,0,0,3,1,0.3,0.3,1.0,1.3,0.07,0.00,0.07,0.07,0.02,0.07,0.02,0.10,0.0,0.0,0.0,0.0,0.0,0.0,0.0,0.0,0.0,0.0,0.0,0.0,0.0,0.0,0.0,0.0,0.0,0.0,0.0,0.0,0.0,0.0,0.0,0.0,9,2,22.2,0.64,0.14,0.11,0.50,24.1,701,832,84.3,11101,3638,382,419,91.2,264,305,86.6,44,62,71.0,5,60,10,2,70,698,132,12,3,1,18,120,0,2,24,1.71,24,1.71,20,0,0,0,3,1,1,0.07,1,0,0,0,0,0,33,15,22,10,1,17,38,44.7,21,26,5,21,14,47,28,2,14.0,1003,53,342,444,227,13,1003,32,14,43.8,15,46.9,499,2623,1495,24,18,4,16,13,600,46,35000,1820000
Jonny Evans,DF,Leicester City,34,13,12,1051.0,11.7,0,0,0,0,0,0,1,0,0.2,0.2,0.0,0.2,0.00,0.00,0.00,0.00,0.01,0.00,0.01,0.01,0.0,0.0,0.0,0.0,0.0,0.0,0.0,0.0,0.0,0.0,0.0,0.0,0.0,0.0,0.0,0.0,0.0,0.0,0.0,0.0,0.0,0.0,0.0,0.0,1,1,100.0,0.09,0.09,0.00,0.00,3.8,690,789,87.5,13684,5215,211,227,93.0,400,430,93.0,73,114,64.0,1,43,2,0,35,764,24,23,0,2,0,1,0,1,4,0.34,4,0.34,4,0,0,0,0,0,0,0.00,0,0,0,0,0,0,13,5,12,1,0,7,11,63.6,4,15,11,4,18,31,51,0,11.7,906,137,474,424,9,2,906,0,0,,0,,529,2218,1206,6,4,0,5,0,629,0,100000,5200000
Jordan Ayew,"FW,MF",Crystal Palace,30,38,31,2714.0,30.2,4,3,7,4,0,0,5,0,3.2,3.2,3.2,6.4,0.13,0.10,0.23,0.13,0.10,0.11,0.10,0.21,0.0,0.0,0.0,0.0,0.0,0.0,0.0,0.0,0.0,0.0,0.0,0.0,0.0,0.0,0.0,0.0,0.0,0.0,0.0,0.0,0.0,0.0,0.0,0.0,32,10,31.3,1.06,0.33,0.13,0.40,16.1,676,875,77.3,8710,1706,434,495,87.7,192,246,78.0,15,40,37.5,31,34,19,6,63,860,13,3,5,1,43,9,0,2,78,2.59,78,2.59,53,0,9,6,7,3,8,0.27,5,0,1,1,1,0,66,41,23,20,23,21,53,39.6,32,35,4,31,15,81,31,0,30.2,1327,46,192,611,560,98,1327,149,65,43.6,59,39.6,801,5195,2372,83,50,31,107,83,932,174,35000,1820000
Jordan Henderson,MF,Liverpool,32,35,23,2074.0,23.0,0,2,2,0,0,0,2,0,1.4,1.4,3.2,4.5,0.00,0.09,0.09,0.00,0.06,0.14,0.06,0.20,0.0,0.0,0.0,0.0,0.0,0.0,0.0,0.0,0.0,0.0,0.0,0.0,0.0,0.0,0.0,0.0,0.0,0.0,0.0,0.0,0.0,0.0,0.0,0.0,23,5,21.7,1.00,0.22,0.00,0.00,22.8,1341,1615,83.0,22431,5954,666,734,90.7,513,594,86.4,122,193,63.2,31,158,47,12,189,1554,53,12,9,11,45,17,0,8,72,3.13,72,3.13,65,1,0,3,1,2,7,0.30,5,0,0,1,1,0,32,23,10,18,4,15,36,41.7,21,21,3,18,21,53,16,1,23.0,1782,34,277,1013,505,45,1782,23,12,52.2,8,34.8,1060,4836,2046,37,49,1,18,9,1319,90,140000,7280000
Jordan Pickford,GK,Everton,28,37,37,3330.0,37.0,0,1,1,0,0,0,6,0,0.0,0.0,0.1,0.1,0.00,0.03,0.03,0.00,0.00,0.00,0.00,0.00,1.54,181,123,71.3,8,21.6,60.0,0.31,270,801,33.7,992,151,58.1,43.0,315,71.4,52.7,566,22,3.9,52,1.41,16.2,0,0,,0.00,0.00,,,,749,1312,57.1,25114,19603,158,159,99.4,242,247,98.0,342,892,38.3,2,57,1,0,2,823,484,169,1,7,0,0,0,5,10,0.27,10,0.27,4,6,0,0,0,0,1,0.03,1,0,0,0,0,0,0,0,0,0,0,0,1,0.0,1,0,0,0,4,4,15,3,37.0,1413,1030,1359,57,0,0,1413,0,0,,0,,732,4810,3221,0,0,0,1,1,548,0,100000,5200000
Jordan Zemura,DF,Bournemouth,22,19,17,1454.0,16.2,0,1,1,0,0,0,1,0,0.4,0.4,1.9,2.2,0.00,0.06,0.06,0.00,0.02,0.11,0.02,0.14,0.0,0.0,0.0,0.0,0.0,0.0,0.0,0.0,0.0,0.0,0.0,0.0,0.0,0.0,0.0,0.0,0.0,0.0,0.0,0.0,0.0,0.0,0.0,0.0,4,0,0.0,0.25,0.00,0.00,,12.9,423,594,71.2,6117,3247,242,284,85.2,133,187,71.1,23,55,41.8,18,32,12,5,45,466,127,8,0,1,18,119,0,1,36,2.23,36,2.23,25,0,7,2,2,0,2,0.12,2,0,0,0,0,0,39,24,24,14,1,23,44,52.3,21,31,9,22,16,55,32,0,16.2,808,46,302,297,222,31,808,43,21,48.8,18,41.9,375,2345,1235,39,29,10,35,16,409,48,8000,416000
Jorginho,MF,Chelsea,30,18,15,1279.0,14.2,2,0,2,0,2,2,4,0,1.7,0.1,0.4,0.5,0.14,0.00,0.14,0.00,0.12,0.03,0.01,0.03,0.0,0.0,0.0,0.0,0.0,0.0,0.0,0.0,0.0,0.0,0.0,0.0,0.0,0.0,0.0,0.0,0.0,0.0,0.0,0.0,0.0,0.0,0.0,0.0,6,0,0.0,0.63,0.00,0.00,,22.3,641,736,87.1,10809,3031,279,311,89.7,305,334,91.3,41,61,67.2,5,84,12,0,99,718,16,16,5,2,2,0,0,2,21,2.21,21,2.21,19,0,0,0,0,2,5,0.53,4,0,0,0,0,1,18,13,6,10,2,5,24,20.8,19,7,2,5,9,27,8,0,9.5,807,27,159,476,175,8,807,10,3,30.0,5,50.0,523,2399,1252,15,12,0,8,8,629,8,110000,5720000
Jorginho,MF,Arsenal,30,14,9,855.0,9.5,0,1,1,0,0,0,0,0,0.2,0.2,0.2,0.4,0.00,0.11,0.11,0.00,0.02,0.02,0.02,0.04,0.0,0.0,0.0,0.0,0.0,0.0,0.0,0.0,0.0,0.0,0.0,0.0,0.0,0.0,0.0,0.0,0.0,0.0,0.0,0.0,0.0,0.0,0.0,0.0,6,0,0.0,0.63,0.00,0.00,,22.3,641,736,87.1,10809,3031,279,311,89.7,305,334,91.3,41,61,67.2,5,84,12,0,99,718,16,16,5,2,2,0,0,2,21,2.21,21,2.21,19,0,0,0,0,2,5,0.53,4,0,0,0,0,1,18,13,6,10,2,5,24,20.8,19,7,2,5,9,27,8,0,9.5,807,27,159,476,175,8,807,10,3,30.0,5,50.0,523,2399,1252,15,12,0,8,8,629,8,110000,5720000
Joseph Hodge,MF,Wolves,19,6,1,175.0,1.9,0,0,0,0,0,0,1,0,0.3,0.3,0.1,0.3,0.00,0.00,0.00,0.00,0.13,0.03,0.13,0.16,0.0,0.0,0.0,0.0,0.0,0.0,0.0,0.0,0.0,0.0,0.0,0.0,0.0,0.0,0.0,0.0,0.0,0.0,0.0,0.0,0.0,0.0,0.0,0.0,2,0,0.0,1.03,0.00,0.00,,11.2,80,100,80.0,1236,389,47,51,92.2,24,27,88.9,5,8,62.5,1,9,1,0,8,96,2,0,0,0,1,2,0,2,2,1.02,2,1.02,2,0,0,0,0,0,0,0.00,0,0,0,0,0,0,5,2,1,3,1,3,4,75.0,1,5,0,5,0,5,2,1,1.9,118,5,26,56,36,4,118,0,0,,0,,56,174,89,1,2,0,1,2,77,5,0.0,0.0
Joseph Whitworth,GK,Crystal Palace,18,2,2,180.0,2.0,0,0,0,0,0,0,0,0,0.0,0.0,0.0,0.0,0.00,0.00,0.00,0.00,0.00,0.00,0.00,0.00,2.50,10,5,50.0,0,0.0,2.3,0.23,8,27,29.6,68,8,29.4,30.1,15,46.7,36.7,25,1,4.0,3,1.50,15.4,0,0,,0.00,0.00,,,,61,83,73.5,1486,886,12,12,100.0,36,37,97.3,13,34,38.2,0,0,0,0,0,63,20,5,0,0,0,0,0,0,0,0.00,0,0.00,0,0,0,0,0,0,0,0.00,0,0,0,0,0,0,0,0,0,0,0,0,0,,0,0,0,0,0,0,1,0,2.0,87,79,87,0,0,0,87,0,0,,0,,52,208,109,0,0,0,0,0,50,0,0.0,0.0
Josh Dasilva,MF,Brentford,23,36,14,1389.0,15.4,4,2,6,4,0,0,1,0,1.5,1.5,1.4,3.0,0.26,0.13,0.39,0.26,0.10,0.09,0.10,0.19,0.0,0.0,0.0,0.0,0.0,0.0,0.0,0.0,0.0,0.0,0.0,0.0,0.0,0.0,0.0,0.0,0.0,0.0,0.0,0.0,0.0,0.0,0.0,0.0,18,6,33.3,1.17,0.39,0.22,0.67,19.8,491,617,79.6,8103,1954,255,291,87.6,187,217,86.2,40,70,57.1,12,35,24,5,62,591,25,8,1,1,33,11,6,1,42,2.72,42,2.72,36,1,3,1,1,0,7,0.45,5,0,1,0,1,0,18,9,6,6,6,6,15,40.0,9,22,6,16,5,23,7,1,15.4,770,17,144,342,298,32,770,56,32,57.1,15,26.8,536,3392,1631,60,43,9,28,29,562,69,20000,1040000
Josh Onomah,MF,Fulham,25,2,0,15.0,0.2,0,0,0,0,0,0,0,0,0.0,0.0,0.0,0.0,0.00,0.00,0.00,0.00,0.00,0.00,0.00,0.00,0.0,0.0,0.0,0.0,0.0,0.0,0.0,0.0,0.0,0.0,0.0,0.0,0.0,0.0,0.0,0.0,0.0,0.0,0.0,0.0,0.0,0.0,0.0,0.0,0,0,,0.00,0.00,,,,4,6,66.7,54,0,3,3,100.0,1,1,100.0,0,0,,0,0,0,0,0,6,0,0,0,0,0,0,0,0,0,0.00,0,0.00,0,0,0,0,0,0,0,0.00,0,0,0,0,0,0,1,0,1,0,0,0,0,,0,1,0,1,0,1,0,0,0.2,11,0,3,4,4,0,11,1,0,0.0,1,100.0,5,38,24,1,0,0,1,1,5,0,30000,1560000
José Sá,GK,Wolves,29,36,36,3240.0,36.0,0,0,0,0,0,0,2,0,0.0,0.0,0.0,0.0,0.00,0.00,0.00,0.00,0.00,0.00,0.00,0.00,1.53,161,105,67.1,11,30.6,48.4,0.28,120,435,27.6,935,182,29.3,30.9,260,61.9,46.2,540,43,8.0,28,0.78,12.6,0,0,,0.00,0.00,,,,837,1200,69.8,20499,13561,203,206,98.5,450,463,97.2,182,522,34.9,0,10,0,0,0,854,341,81,0,3,0,0,0,5,1,0.03,1,0.03,0,1,0,0,0,0,0,0.00,0,0,0,0,0,0,1,0,1,0,0,1,1,100.0,0,0,0,0,0,1,10,6,36.0,1277,1153,1271,7,0,0,1277,2,2,100.0,0,0.0,731,4563,2991,0,0,0,4,0,585,0,25000,1300000
João Cancelo,DF,Manchester City,28,17,16,1274.0,14.2,2,1,3,2,0,0,3,1,0.8,0.8,0.9,1.7,0.14,0.07,0.21,0.14,0.06,0.06,0.06,0.12,0.0,0.0,0.0,0.0,0.0,0.0,0.0,0.0,0.0,0.0,0.0,0.0,0.0,0.0,0.0,0.0,0.0,0.0,0.0,0.0,0.0,0.0,0.0,0.0,17,3,17.6,1.20,0.21,0.12,0.67,22.7,1036,1220,84.9,16674,4147,578,621,93.1,363,430,84.4,81,123,65.9,12,80,36,9,106,1120,98,20,2,14,45,78,0,2,39,2.76,39,2.76,30,0,2,5,1,1,6,0.42,5,0,1,0,0,0,29,21,16,9,4,17,24,70.8,7,7,1,6,19,48,9,1,14.2,1363,20,225,686,461,47,1363,61,31,50.8,23,37.7,840,4920,2861,73,40,21,18,14,1020,125,250000,13000000
João Félix,"FW,MF",Chelsea,22,16,11,941.0,10.5,4,0,4,4,0,0,1,1,4.9,4.9,0.5,5.4,0.38,0.00,0.38,0.38,0.47,0.05,0.47,0.52,0.0,0.0,0.0,0.0,0.0,0.0,0.0,0.0,0.0,0.0,0.0,0.0,0.0,0.0,0.0,0.0,0.0,0.0,0.0,0.0,0.0,0.0,0.0,0.0,46,16,34.8,4.40,1.53,0.09,0.25,18.0,274,356,77.0,4034,1122,172,194,88.7,74,101,73.3,20,39,51.3,7,29,17,1,47,314,39,5,5,4,19,5,12,3,31,2.96,31,2.96,13,2,6,4,6,0,1,0.10,1,0,0,0,0,0,14,7,5,6,3,4,12,33.3,8,3,0,3,1,15,1,1,10.5,497,0,30,223,249,46,497,60,22,36.7,28,46.7,326,2092,1099,34,40,9,22,8,399,79,195000,10140000
João Gomes,MF,Wolves,21,11,7,653.0,7.3,1,0,1,1,0,0,5,0,0.3,0.3,0.2,0.4,0.14,0.00,0.14,0.14,0.04,0.02,0.04,0.06,0.0,0.0,0.0,0.0,0.0,0.0,0.0,0.0,0.0,0.0,0.0,0.0,0.0,0.0,0.0,0.0,0.0,0.0,0.0,0.0,0.0,0.0,0.0,0.0,4,2,50.0,0.55,0.28,0.25,0.50,20.7,250,322,77.6,3832,878,138,159,86.8,91,121,75.2,14,24,58.3,5,18,0,0,19,307,14,11,0,3,8,1,1,1,14,1.93,14,1.93,9,0,1,2,2,0,2,0.28,1,0,0,1,0,0,29,13,14,14,1,13,23,56.5,10,12,3,9,4,33,11,0,7.3,409,19,118,212,80,5,409,19,8,42.1,7,36.8,185,922,416,7,6,1,7,5,223,8,30000,1560000
João Moutinho,MF,Wolves,35,31,20,1780.0,19.8,0,2,2,0,0,0,3,0,1.3,1.3,2.6,3.9,0.00,0.10,0.10,0.00,0.07,0.13,0.07,0.20,0.0,0.0,0.0,0.0,0.0,0.0,0.0,0.0,0.0,0.0,0.0,0.0,0.0,0.0,0.0,0.0,0.0,0.0,0.0,0.0,0.0,0.0,0.0,0.0,16,3,18.8,0.81,0.15,0.00,0.00,18.4,850,1057,80.4,15648,4124,323,362,89.2,412,480,85.8,91,147,61.9,36,105,23,4,132,936,116,55,7,6,59,3,34,5,66,3.34,66,3.34,49,14,0,2,1,0,3,0.15,3,0,0,0,0,0,51,30,24,21,6,19,46,41.3,27,22,6,16,18,69,20,0,19.8,1218,42,243,658,325,15,1218,15,8,53.3,7,46.7,615,2554,1350,23,23,0,14,7,769,32,100000,5200000
João Palhinha,MF,Fulham,27,35,35,3108.0,34.5,3,0,3,3,0,0,14,0,2.9,2.9,0.4,3.3,0.09,0.00,0.09,0.09,0.08,0.01,0.08,0.10,0.0,0.0,0.0,0.0,0.0,0.0,0.0,0.0,0.0,0.0,0.0,0.0,0.0,0.0,0.0,0.0,0.0,0.0,0.0,0.0,0.0,0.0,0.0,0.0,39,9,23.1,1.13,0.26,0.08,0.33,17.2,1051,1274,82.5,18222,4336,527,600,87.8,396,462,85.7,107,157,68.2,7,118,3,0,101,1222,48,32,0,38,3,0,0,4,30,0.87,30,0.87,21,0,0,4,1,4,0,0.00,0,0,0,0,0,0,148,83,59,65,24,71,135,52.6,64,48,5,43,46,194,61,2,34.5,1713,81,433,1055,247,33,1713,39,14,35.9,15,38.5,763,2775,935,8,10,3,37,28,919,18,50000,2600000
Joël Matip,DF,Liverpool,30,14,12,1092.0,12.1,1,0,1,1,0,0,3,0,0.7,0.7,0.3,1.0,0.08,0.00,0.08,0.08,0.06,0.02,0.06,0.08,0.0,0.0,0.0,0.0,0.0,0.0,0.0,0.0,0.0,0.0,0.0,0.0,0.0,0.0,0.0,0.0,0.0,0.0,0.0,0.0,0.0,0.0,0.0,0.0,5,3,60.0,0.41,0.25,0.20,0.33,8.3,766,885,86.6,13750,4547,305,349,87.4,395,428,92.3,57,85,67.1,4,53,7,0,59,873,11,7,0,5,1,4,0,1,16,1.32,16,1.32,14,0,0,2,0,0,0,0.00,0,0,0,0,0,0,14,8,12,2,0,11,23,47.8,12,8,3,5,21,35,45,3,12.1,1004,111,482,468,62,17,1004,7,4,57.1,3,42.9,657,4140,2907,28,22,1,14,1,720,2,100000,5200000
Joël Veltman,DF,Brighton,30,31,25,2188.0,24.3,1,1,2,1,0,0,6,0,1.8,1.8,0.7,2.5,0.04,0.04,0.08,0.04,0.07,0.03,0.07,0.10,0.0,0.0,0.0,0.0,0.0,0.0,0.0,0.0,0.0,0.0,0.0,0.0,0.0,0.0,0.0,0.0,0.0,0.0,0.0,0.0,0.0,0.0,0.0,0.0,15,5,33.3,0.62,0.21,0.07,0.20,16.3,1261,1512,83.4,21830,7101,532,594,89.6,624,711,87.8,84,142,59.2,10,157,13,4,153,1286,219,34,1,3,23,185,0,7,36,1.48,36,1.48,30,4,0,1,0,1,4,0.16,3,0,0,1,0,0,62,32,44,14,4,37,57,64.9,20,27,8,19,19,81,51,0,24.3,1740,92,563,895,293,23,1740,20,5,25.0,8,40.0,952,4436,2233,43,32,2,20,10,1065,49,40000,2080000
Juan Larios,DF,Southampton,18,5,2,152.0,1.7,0,0,0,0,0,0,0,0,0.0,0.0,0.0,0.0,0.00,0.00,0.00,0.00,0.00,0.00,0.00,0.00,0.0,0.0,0.0,0.0,0.0,0.0,0.0,0.0,0.0,0.0,0.0,0.0,0.0,0.0,0.0,0.0,0.0,0.0,0.0,0.0,0.0,0.0,0.0,0.0,0,0,,0.00,0.00,,,,63,82,76.8,881,326,40,46,87.0,21,27,77.8,2,4,50.0,0,5,0,0,4,59,23,0,0,0,4,23,0,0,1,0.59,1,0.59,1,0,0,0,0,0,1,0.59,1,0,0,0,0,0,7,6,6,1,0,5,5,100.0,0,2,0,2,3,10,4,0,1.7,106,10,32,55,20,2,106,4,3,75.0,1,25.0,38,338,201,10,2,1,3,2,47,1,15000,780000
Julio Enciso,"FW,MF",Brighton,18,20,7,806.0,9.0,4,2,6,4,0,0,1,0,4.0,4.0,1.7,5.7,0.45,0.22,0.67,0.45,0.45,0.19,0.45,0.64,0.0,0.0,0.0,0.0,0.0,0.0,0.0,0.0,0.0,0.0,0.0,0.0,0.0,0.0,0.0,0.0,0.0,0.0,0.0,0.0,0.0,0.0,0.0,0.0,38,18,47.4,4.24,2.01,0.11,0.22,19.6,179,258,69.4,2242,548,126,167,75.4,45,66,68.2,3,8,37.5,13,14,9,0,31,249,8,0,3,1,12,3,0,1,45,5.02,45,5.02,28,0,9,6,2,0,7,0.78,3,0,2,1,1,0,13,4,3,6,4,8,13,61.5,5,9,0,9,4,17,2,0,9.0,396,2,22,155,228,49,396,64,32,50.0,25,39.1,241,1768,1013,39,29,17,19,20,292,74,10000,520000
Julián Álvarez,"FW,MF",Manchester City,22,31,13,1465.0,16.3,9,0,9,8,1,1,0,0,7.0,6.2,1.8,8.0,0.55,0.00,0.55,0.49,0.43,0.11,0.38,0.49,0.0,0.0,0.0,0.0,0.0,0.0,0.0,0.0,0.0,0.0,0.0,0.0,0.0,0.0,0.0,0.0,0.0,0.0,0.0,0.0,0.0,0.0,0.0,0.0,46,20,43.5,2.83,1.23,0.17,0.40,16.0,395,503,78.5,5472,885,232,270,85.9,103,135,76.3,28,43,65.1,18,22,13,2,37,478,21,2,7,3,26,4,4,4,52,3.20,52,3.20,39,0,6,5,2,0,5,0.31,2,0,1,1,1,0,26,16,3,13,10,9,30,30.0,21,13,0,13,2,28,6,0,16.3,654,8,46,255,360,89,653,38,21,55.3,14,36.8,406,2187,908,38,18,17,28,24,506,99,50000,2600000
Junior Firpo,DF,Leeds United,25,19,14,1368.0,15.2,1,1,2,1,0,0,6,1,0.1,0.1,0.8,0.9,0.07,0.07,0.13,0.07,0.01,0.05,0.01,0.06,0.0,0.0,0.0,0.0,0.0,0.0,0.0,0.0,0.0,0.0,0.0,0.0,0.0,0.0,0.0,0.0,0.0,0.0,0.0,0.0,0.0,0.0,0.0,0.0,2,1,50.0,0.13,0.07,0.50,1.00,12.2,454,621,73.1,7182,3286,230,278,82.7,199,253,78.7,20,55,36.4,8,38,9,4,54,505,114,8,1,1,12,106,0,2,21,1.38,21,1.38,15,2,0,0,3,1,2,0.13,2,0,0,0,0,0,47,25,27,15,5,24,46,52.2,22,23,7,16,24,71,40,0,15.2,792,48,286,368,146,13,792,15,6,40.0,9,60.0,352,1465,785,20,16,1,9,9,367,34,60000,3120000
Junior Stanislas,MF,Bournemouth,32,4,0,61.0,0.7,0,0,0,0,0,0,0,0,0.0,0.0,0.1,0.2,0.00,0.00,0.00,0.00,0.05,0.19,0.05,0.25,0.0,0.0,0.0,0.0,0.0,0.0,0.0,0.0,0.0,0.0,0.0,0.0,0.0,0.0,0.0,0.0,0.0,0.0,0.0,0.0,0.0,0.0,0.0,0.0,1,0,0.0,1.48,0.00,0.00,,24.5,22,28,78.6,329,71,12,14,85.7,9,11,81.8,0,1,0.0,2,3,0,0,4,27,1,0,0,1,1,0,1,0,4,5.90,4,5.90,4,0,0,0,0,0,0,0.00,0,0,0,0,0,0,0,0,0,0,0,0,0,,0,2,1,1,0,0,0,0,0.7,34,0,3,15,16,3,34,0,0,,0,,18,92,13,0,1,0,1,1,27,5,35000,1820000
Jáder Durán,"FW,MF",Aston Villa,18,12,0,136.0,1.5,0,0,0,0,0,0,1,0,0.6,0.6,0.0,0.6,0.00,0.00,0.00,0.00,0.37,0.02,0.37,0.39,0.0,0.0,0.0,0.0,0.0,0.0,0.0,0.0,0.0,0.0,0.0,0.0,0.0,0.0,0.0,0.0,0.0,0.0,0.0,0.0,0.0,0.0,0.0,0.0,7,2,28.6,4.63,1.32,0.00,0.00,19.8,16,29,55.2,264,47,8,12,66.7,7,12,58.3,1,2,50.0,1,1,1,0,4,26,3,0,0,0,2,1,0,0,5,3.31,5,3.31,3,0,0,1,0,1,0,0.00,0,0,0,0,0,0,2,2,0,1,1,1,4,25.0,3,0,0,0,2,4,2,0,1.5,57,3,3,26,29,6,57,2,1,50.0,1,50.0,33,205,123,4,5,1,8,3,41,13,30000,1560000
Kai Havertz,"FW,MF",Chelsea,23,35,30,2569.0,28.5,7,1,8,6,1,1,5,0,11.6,10.8,3.8,14.6,0.25,0.04,0.28,0.21,0.41,0.13,0.38,0.51,0.0,0.0,0.0,0.0,0.0,0.0,0.0,0.0,0.0,0.0,0.0,0.0,0.0,0.0,0.0,0.0,0.0,0.0,0.0,0.0,0.0,0.0,0.0,0.0,70,31,44.3,2.45,1.09,0.09,0.19,12.7,727,894,81.3,9347,1882,458,540,84.8,195,221,88.2,23,32,71.9,38,49,26,2,89,850,41,5,2,4,14,9,1,3,63,2.21,63,2.21,54,2,1,5,1,0,4,0.14,3,0,0,1,0,0,34,16,4,20,10,10,30,33.3,20,28,0,28,7,41,41,0,28.5,1258,46,108,519,640,165,1257,61,18,29.5,38,62.3,728,3741,1483,59,33,30,79,36,946,218,250000,13000000
Kalidou Koulibaly,DF,Chelsea,31,23,20,1800.0,20.0,2,1,3,2,0,0,7,1,0.9,0.9,0.4,1.4,0.10,0.05,0.15,0.10,0.05,0.02,0.05,0.07,0.0,0.0,0.0,0.0,0.0,0.0,0.0,0.0,0.0,0.0,0.0,0.0,0.0,0.0,0.0,0.0,0.0,0.0,0.0,0.0,0.0,0.0,0.0,0.0,11,4,36.4,0.55,0.20,0.18,0.50,12.0,1275,1471,86.7,22422,9023,564,598,94.3,595,653,91.1,96,175,54.9,7,83,9,1,81,1421,45,33,0,15,4,12,0,5,21,1.05,21,1.05,17,0,0,2,0,2,3,0.15,3,0,0,0,0,0,45,31,34,8,3,26,40,65.0,14,30,13,17,29,74,77,0,20.0,1687,174,793,838,63,19,1687,6,4,66.7,2,33.3,1083,4728,2459,10,8,0,10,2,1209,4,295000,15340000
Kalvin Phillips,MF,Manchester City,26,12,2,300.0,3.3,0,0,0,0,0,0,1,0,0.3,0.3,0.2,0.5,0.00,0.00,0.00,0.00,0.10,0.05,0.10,0.14,0.0,0.0,0.0,0.0,0.0,0.0,0.0,0.0,0.0,0.0,0.0,0.0,0.0,0.0,0.0,0.0,0.0,0.0,0.0,0.0,0.0,0.0,0.0,0.0,6,0,0.0,1.80,0.00,0.00,,22.9,289,313,92.3,5155,873,113,120,94.2,148,153,96.7,25,33,75.8,3,32,0,0,18,310,2,2,0,2,0,0,0,1,7,2.10,7,2.10,5,0,0,2,0,0,1,0.30,1,0,0,0,0,0,6,4,3,3,0,2,10,20.0,8,7,3,4,5,11,10,0,3.3,354,16,64,243,49,6,354,2,1,50.0,0,0.0,228,1021,331,1,4,0,2,1,284,2,150000,7800000
Kamaldeen Sulemana,"FW,MF",Southampton,20,18,10,966.0,10.7,2,1,3,2,0,0,1,0,1.7,1.7,1.3,3.0,0.19,0.09,0.28,0.19,0.16,0.12,0.16,0.27,0.0,0.0,0.0,0.0,0.0,0.0,0.0,0.0,0.0,0.0,0.0,0.0,0.0,0.0,0.0,0.0,0.0,0.0,0.0,0.0,0.0,0.0,0.0,0.0,24,7,29.2,2.24,0.65,0.08,0.29,18.8,189,265,71.3,2901,617,103,128,80.5,59,75,78.7,16,31,51.6,14,11,10,1,36,257,6,0,1,1,18,1,1,2,40,3.72,40,3.72,24,0,9,4,1,2,3,0.28,2,0,1,0,0,0,15,9,4,7,4,4,14,28.6,10,16,0,16,6,21,6,0,10.7,430,7,47,175,221,44,430,68,36,52.9,31,45.6,277,2315,973,32,27,18,35,17,294,80,40000,2080000
Kami Doyle,MF,Southampton,16,1,0,7.0,0.1,0,0,0,0,0,0,0,0,0.0,0.0,0.0,0.0,0.00,0.00,0.00,0.00,0.00,0.00,0.00,0.00,0.0,0.0,0.0,0.0,0.0,0.0,0.0,0.0,0.0,0.0,0.0,0.0,0.0,0.0,0.0,0.0,0.0,0.0,0.0,0.0,0.0,0.0,0.0,0.0,0,0,,0.00,0.00,,,,5,5,100.0,74,0,3,3,100.0,2,2,100.0,0,0,,0,0,0,0,0,5,0,0,0,0,0,0,0,0,0,0.00,0,0.00,0,0,0,0,0,0,0,0.00,0,0,0,0,0,0,0,0,0,0,0,0,0,,0,0,0,0,0,0,0,0,0.1,6,0,2,3,1,0,6,1,0,0.0,1,100.0,4,12,1,0,0,0,0,1,7,0,0.0,0.0
Kaoru Mitoma,"FW,MF",Brighton,25,33,24,2318.0,25.8,7,5,12,7,0,0,0,0,8.1,8.1,6.4,14.5,0.27,0.19,0.47,0.27,0.31,0.25,0.31,0.56,0.0,0.0,0.0,0.0,0.0,0.0,0.0,0.0,0.0,0.0,0.0,0.0,0.0,0.0,0.0,0.0,0.0,0.0,0.0,0.0,0.0,0.0,0.0,0.0,52,21,40.4,2.02,0.82,0.13,0.33,13.2,780,977,79.8,10673,2356,507,570,88.9,214,268,79.9,30,53,56.6,41,45,28,1,90,952,19,0,4,3,41,16,3,6,109,4.23,109,4.23,78,1,19,5,4,2,16,0.62,10,0,3,2,1,0,44,27,15,16,13,20,41,48.8,21,25,0,25,17,61,10,0,25.8,1312,18,146,466,716,177,1312,130,59,45.4,55,42.3,891,6882,3828,143,82,85,60,33,986,260,10000,520000
Keane Lewis-Potter,"FW,MF",Brentford,21,10,3,321.0,3.6,0,1,1,0,0,0,0,0,0.5,0.5,1.2,1.7,0.00,0.28,0.28,0.00,0.14,0.35,0.14,0.49,0.0,0.0,0.0,0.0,0.0,0.0,0.0,0.0,0.0,0.0,0.0,0.0,0.0,0.0,0.0,0.0,0.0,0.0,0.0,0.0,0.0,0.0,0.0,0.0,7,2,28.6,1.96,0.56,0.00,0.00,14.1,49,86,57.0,600,118,33,50,66.0,12,17,70.6,1,10,10.0,5,2,3,1,6,83,3,0,1,1,8,2,0,0,8,2.24,8,2.24,2,0,2,4,0,0,2,0.56,0,0,0,2,0,0,1,0,0,1,0,0,0,,0,5,1,4,0,1,2,0,3.6,138,4,24,48,69,18,138,14,4,28.6,10,71.4,93,652,336,8,6,3,11,8,91,39,35000,1820000
Kelechi Iheanacho,"FW,MF",Leicester City,25,28,11,1127.0,12.5,5,5,10,4,1,1,0,0,7.1,6.3,4.0,10.4,0.40,0.40,0.80,0.32,0.57,0.32,0.51,0.83,0.0,0.0,0.0,0.0,0.0,0.0,0.0,0.0,0.0,0.0,0.0,0.0,0.0,0.0,0.0,0.0,0.0,0.0,0.0,0.0,0.0,0.0,0.0,0.0,38,13,34.2,3.03,1.04,0.11,0.31,17.1,236,316,74.7,3049,602,156,189,82.5,54,67,80.6,11,22,50.0,22,21,8,0,27,304,9,0,4,3,6,2,2,3,45,3.59,45,3.59,33,1,4,5,2,0,6,0.48,6,0,0,0,0,0,7,2,0,3,4,3,10,30.0,7,9,1,8,0,7,8,0,12.5,464,10,28,197,244,58,463,39,20,51.3,17,43.6,293,1661,724,33,13,18,41,36,380,99,80000,4160000
Kenny Tete,DF,Fulham,26,31,29,2569.0,28.5,1,5,6,1,0,0,8,0,0.7,0.7,1.9,2.6,0.04,0.18,0.21,0.04,0.02,0.07,0.02,0.09,0.0,0.0,0.0,0.0,0.0,0.0,0.0,0.0,0.0,0.0,0.0,0.0,0.0,0.0,0.0,0.0,0.0,0.0,0.0,0.0,0.0,0.0,0.0,0.0,13,5,38.5,0.46,0.18,0.08,0.20,18.9,1110,1530,72.5,17550,7197,598,691,86.5,403,563,71.6,81,165,49.1,23,75,25,18,103,1176,344,37,1,10,99,307,0,10,49,1.72,49,1.72,39,5,0,0,3,2,12,0.42,11,1,0,0,0,0,83,46,41,29,13,38,51,74.5,13,48,17,31,52,135,81,1,28.5,1896,107,556,877,489,30,1896,37,21,56.8,12,32.4,821,4563,2401,75,55,4,22,24,946,69,50000,2600000
Kepa Arrizabalaga,GK,Chelsea,27,29,29,2565.0,28.5,0,0,0,0,0,0,1,0,0.0,0.0,0.0,0.0,0.00,0.00,0.00,0.00,0.00,0.00,0.00,0.00,1.16,120,90,73.3,9,31.0,35.0,0.29,68,213,31.9,864,151,17.1,26.3,182,35.7,31.5,332,15,4.5,52,1.82,16.9,0,0,,0.00,0.00,,,,871,1046,83.3,19299,11448,287,289,99.3,390,395,98.7,190,357,53.2,0,6,0,0,0,805,241,59,0,3,0,0,0,0,1,0.04,1,0.04,1,0,0,0,0,0,0,0.00,0,0,0,0,0,0,2,2,2,0,0,2,3,66.7,1,0,0,0,1,3,16,2,28.5,1119,892,1103,16,0,0,1119,1,1,100.0,0,0.0,654,2894,1683,0,0,0,1,0,604,0,150000,7800000
Kevin De Bruyne,MF,Manchester City,31,32,28,2417.0,26.9,7,16,23,7,0,0,1,0,5.6,5.6,13.7,19.3,0.26,0.60,0.86,0.26,0.21,0.51,0.21,0.72,0.0,0.0,0.0,0.0,0.0,0.0,0.0,0.0,0.0,0.0,0.0,0.0,0.0,0.0,0.0,0.0,0.0,0.0,0.0,0.0,0.0,0.0,0.0,0.0,65,21,32.3,2.42,0.78,0.11,0.33,23.0,1192,1626,73.3,22165,6516,538,633,85.0,477,629,75.8,160,275,58.2,96,124,96,21,246,1454,160,53,28,27,226,31,72,12,176,6.55,176,6.55,120,33,8,7,5,3,31,1.15,24,3,1,1,2,0,28,12,3,12,13,14,39,35.9,25,27,2,25,9,37,10,0,26.9,1860,13,100,743,1041,100,1860,61,32,52.5,19,31.1,1129,5721,3415,100,81,16,42,29,1445,245,400000,20800000
Kevin Mbabu,"DF,FW",Fulham,27,6,1,144.0,1.6,0,1,1,0,0,0,1,0,0.0,0.0,0.4,0.4,0.00,0.62,0.62,0.00,0.00,0.25,0.00,0.25,0.0,0.0,0.0,0.0,0.0,0.0,0.0,0.0,0.0,0.0,0.0,0.0,0.0,0.0,0.0,0.0,0.0,0.0,0.0,0.0,0.0,0.0,0.0,0.0,0,0,,0.00,0.00,,,,68,94,72.3,1051,383,40,43,93.0,24,35,68.6,4,9,44.4,2,4,5,3,8,71,23,0,0,1,7,23,0,0,3,1.87,3,1.87,2,0,1,0,0,0,1,0.62,1,0,0,0,0,0,3,2,2,1,0,1,3,33.3,2,2,0,2,3,6,3,0,1.6,114,4,38,40,38,0,114,6,4,66.7,2,33.3,57,273,159,4,2,0,1,2,59,11,40000,2080000
Kevin Schade,FW,Brentford,20,18,7,732.0,8.1,0,1,1,0,0,0,2,0,2.1,2.1,1.1,3.2,0.00,0.12,0.12,0.00,0.25,0.13,0.25,0.39,0.0,0.0,0.0,0.0,0.0,0.0,0.0,0.0,0.0,0.0,0.0,0.0,0.0,0.0,0.0,0.0,0.0,0.0,0.0,0.0,0.0,0.0,0.0,0.0,12,4,33.3,1.48,0.49,0.00,0.00,11.9,103,173,59.5,1282,285,62,89,69.7,29,51,56.9,1,6,16.7,8,8,5,2,15,171,1,0,1,0,15,1,0,1,27,3.32,27,3.32,15,0,6,2,4,0,4,0.49,3,0,1,0,0,0,12,8,7,2,3,5,10,50.0,5,7,0,7,4,16,6,0,8.1,291,7,38,94,165,48,291,35,12,34.3,18,51.4,147,1199,501,24,12,15,25,9,186,57,10000,520000
Keylor Navas,GK,Nott'ham Forest,35,17,17,1529.0,17.0,0,0,0,0,0,0,2,0,0.0,0.0,0.0,0.0,0.00,0.00,0.00,0.00,0.00,0.00,0.00,0.00,1.88,83,51,66.3,1,5.9,29.3,0.32,106,320,33.1,378,65,56.3,41.3,151,70.9,48.1,295,14,4.7,9,0.53,9.0,0,0,,0.00,0.00,,,,306,534,57.3,10310,8282,29,29,100.0,136,137,99.3,141,363,38.8,0,7,0,0,1,312,217,66,0,0,0,0,0,5,3,0.18,3,0.18,2,1,0,0,0,0,0,0.00,0,0,0,0,0,0,0,0,0,0,0,0,0,,0,0,0,0,1,1,11,2,17.0,578,515,576,2,0,0,578,1,1,100.0,0,0.0,267,1718,1174,0,0,0,1,0,175,0,90000,4680000
Kieffer Moore,FW,Bournemouth,29,27,12,1279.0,14.2,4,0,4,4,0,0,1,0,4.4,4.4,0.3,4.7,0.28,0.00,0.28,0.28,0.31,0.02,0.31,0.33,0.0,0.0,0.0,0.0,0.0,0.0,0.0,0.0,0.0,0.0,0.0,0.0,0.0,0.0,0.0,0.0,0.0,0.0,0.0,0.0,0.0,0.0,0.0,0.0,23,8,34.8,1.62,0.56,0.17,0.50,11.2,212,360,58.9,2944,495,119,193,61.7,62,95,65.3,11,20,55.0,5,16,6,0,23,337,23,1,0,1,7,0,0,0,18,1.26,18,1.26,14,0,1,0,3,0,2,0.14,2,0,0,0,0,0,14,11,2,9,3,5,16,31.3,11,12,5,7,1,15,26,0,14.2,522,36,59,286,178,49,522,13,2,15.4,7,53.8,252,940,302,10,8,2,42,31,396,56,15000,780000
Kieran Tierney,DF,Arsenal,25,27,6,795.0,8.8,0,1,1,0,0,0,0,0,0.3,0.3,0.3,0.7,0.00,0.11,0.11,0.00,0.04,0.04,0.04,0.08,0.0,0.0,0.0,0.0,0.0,0.0,0.0,0.0,0.0,0.0,0.0,0.0,0.0,0.0,0.0,0.0,0.0,0.0,0.0,0.0,0.0,0.0,0.0,0.0,7,2,28.6,0.79,0.23,0.00,0.00,23.1,362,486,74.5,6636,2048,152,172,88.4,170,215,79.1,35,69,50.7,4,35,9,1,36,415,67,11,1,1,24,56,0,4,12,1.36,12,1.36,10,0,1,1,0,0,4,0.45,4,0,0,0,0,0,20,11,9,9,2,12,16,75.0,4,8,2,6,11,31,25,0,8.8,579,23,153,244,183,15,579,12,3,25.0,3,25.0,316,1802,837,25,12,3,7,0,338,31,110000,5720000
Kieran Trippier,DF,Newcastle Utd,31,38,38,3341.0,37.1,1,7,8,1,0,0,5,0,0.9,0.9,12.4,13.3,0.03,0.19,0.22,0.03,0.02,0.33,0.02,0.36,0.0,0.0,0.0,0.0,0.0,0.0,0.0,0.0,0.0,0.0,0.0,0.0,0.0,0.0,0.0,0.0,0.0,0.0,0.0,0.0,0.0,0.0,0.0,0.0,14,4,28.6,0.38,0.11,0.07,0.25,27.1,1995,2788,71.6,38118,16809,877,992,88.4,745,980,76.0,333,674,49.4,110,182,97,26,260,2061,714,180,16,16,393,318,216,13,178,4.79,178,4.79,79,94,1,1,2,1,10,0.27,6,4,0,0,0,0,71,49,36,27,8,46,90,51.1,44,45,15,30,43,114,84,2,37.1,3102,124,774,1282,1066,26,3102,35,19,54.3,12,34.3,1300,4599,2393,45,46,1,27,9,1593,151,100000,5200000
Kiernan Dewsbury-Hall,MF,Leicester City,23,31,28,2306.0,25.6,2,2,4,2,0,0,5,1,2.4,2.4,3.3,5.6,0.08,0.08,0.16,0.08,0.09,0.13,0.09,0.22,0.0,0.0,0.0,0.0,0.0,0.0,0.0,0.0,0.0,0.0,0.0,0.0,0.0,0.0,0.0,0.0,0.0,0.0,0.0,0.0,0.0,0.0,0.0,0.0,26,6,23.1,1.01,0.23,0.08,0.33,21.3,872,1154,75.6,14495,3746,448,526,85.2,311,389,79.9,84,161,52.2,39,111,23,4,132,1120,24,9,9,20,46,3,7,10,78,3.04,78,3.04,61,0,8,2,5,2,9,0.35,6,0,1,0,1,1,53,29,14,34,5,19,47,40.4,28,55,13,42,28,81,21,0,25.6,1490,48,279,796,443,50,1490,76,42,55.3,26,34.2,903,5218,2559,68,36,16,73,32,1038,91,20000,1040000
Kobbie Mainoo,MF,Manchester Utd,17,1,0,11.0,0.1,0,0,0,0,0,0,0,0,0.0,0.0,0.0,0.0,0.00,0.00,0.00,0.00,0.00,0.00,0.00,0.00,0.0,0.0,0.0,0.0,0.0,0.0,0.0,0.0,0.0,0.0,0.0,0.0,0.0,0.0,0.0,0.0,0.0,0.0,0.0,0.0,0.0,0.0,0.0,0.0,0,0,,0.00,0.00,,,,7,8,87.5,83,31,5,6,83.3,2,2,100.0,0,0,,0,1,1,0,1,8,0,0,0,0,0,0,0,0,2,16.36,2,16.36,2,0,0,0,0,0,0,0.00,0,0,0,0,0,0,0,0,0,0,0,0,0,,0,1,1,0,0,0,0,0,0.1,11,0,2,4,5,3,11,1,0,0.0,1,100.0,5,64,48,2,0,0,0,0,6,1,0.0,0.0
Kostas Tsimikas,DF,Liverpool,26,20,9,771.0,8.6,0,4,4,0,0,0,3,0,0.3,0.3,1.5,1.9,0.00,0.47,0.47,0.00,0.04,0.18,0.04,0.22,0.0,0.0,0.0,0.0,0.0,0.0,0.0,0.0,0.0,0.0,0.0,0.0,0.0,0.0,0.0,0.0,0.0,0.0,0.0,0.0,0.0,0.0,0.0,0.0,7,2,28.6,0.82,0.23,0.00,0.00,15.5,474,618,76.7,8379,2366,223,255,87.5,185,225,82.2,56,111,50.5,18,20,7,4,26,470,146,23,1,2,85,87,36,2,27,3.14,27,3.14,12,13,0,2,0,0,4,0.47,3,1,0,0,0,0,14,9,10,2,2,10,16,62.5,6,8,1,7,12,26,15,0,8.6,713,23,170,281,268,22,713,15,4,26.7,8,53.3,355,1833,874,23,9,5,13,7,409,77,50000,2600000
Kristoffer Ajer,DF,Brentford,24,9,9,763.0,8.5,0,0,0,0,0,0,0,0,0.0,0.0,0.0,0.1,0.00,0.00,0.00,0.00,0.00,0.00,0.00,0.01,0.0,0.0,0.0,0.0,0.0,0.0,0.0,0.0,0.0,0.0,0.0,0.0,0.0,0.0,0.0,0.0,0.0,0.0,0.0,0.0,0.0,0.0,0.0,0.0,1,0,0.0,0.12,0.00,0.00,,6.0,259,345,75.1,4480,1887,131,159,82.4,102,128,79.7,23,40,57.5,1,20,3,1,31,293,51,7,0,4,6,44,0,1,4,0.47,4,0.47,4,0,0,0,0,0,0,0.00,0,0,0,0,0,0,11,8,5,4,2,9,16,56.3,7,6,5,1,7,18,22,0,8.5,412,45,184,167,64,9,412,9,3,33.3,4,44.4,213,1123,613,10,5,0,3,8,231,12,35000,1820000
Kurt Zouma,DF,West Ham,27,25,24,1989.0,22.1,2,0,2,2,0,0,0,0,2.2,2.2,0.1,2.3,0.09,0.00,0.09,0.09,0.10,0.00,0.10,0.10,0.0,0.0,0.0,0.0,0.0,0.0,0.0,0.0,0.0,0.0,0.0,0.0,0.0,0.0,0.0,0.0,0.0,0.0,0.0,0.0,0.0,0.0,0.0,0.0,19,5,26.3,0.86,0.23,0.11,0.40,10.1,701,831,84.4,13480,4437,247,271,91.1,363,407,89.2,79,129,61.2,1,19,2,0,31,801,28,14,0,14,0,3,0,2,9,0.41,9,0.41,7,1,0,1,0,0,2,0.09,1,0,0,1,0,0,9,4,4,5,0,5,8,62.5,3,17,14,3,30,39,120,1,22.1,1049,230,654,363,35,29,1049,5,2,40.0,3,60.0,523,2150,1018,3,1,0,5,2,621,1,125000,6500000
Kyle Walker,DF,Manchester City,32,27,22,1958.0,21.8,0,0,0,0,0,0,3,0,0.4,0.4,0.2,0.7,0.00,0.00,0.00,0.00,0.02,0.01,0.02,0.03,0.0,0.0,0.0,0.0,0.0,0.0,0.0,0.0,0.0,0.0,0.0,0.0,0.0,0.0,0.0,0.0,0.0,0.0,0.0,0.0,0.0,0.0,0.0,0.0,5,1,20.0,0.23,0.05,0.00,0.00,24.8,1661,1892,87.8,29177,8283,744,795,93.6,753,826,91.2,144,216,66.7,6,189,10,4,162,1732,158,25,4,21,28,133,0,2,25,1.15,25,1.15,22,2,0,0,0,1,3,0.14,3,0,0,0,0,0,13,9,8,5,0,4,24,16.7,20,12,2,10,18,31,22,0,21.8,1996,57,438,1198,370,15,1996,19,13,68.4,4,21.1,1189,5455,2900,50,40,2,14,6,1542,75,160000,8320000
Kyle Walker-Peters,DF,Southampton,25,31,30,2650.0,29.4,1,0,1,1,0,0,4,0,1.0,1.0,1.4,2.5,0.03,0.00,0.03,0.03,0.03,0.05,0.03,0.08,0.0,0.0,0.0,0.0,0.0,0.0,0.0,0.0,0.0,0.0,0.0,0.0,0.0,0.0,0.0,0.0,0.0,0.0,0.0,0.0,0.0,0.0,0.0,0.0,13,5,38.5,0.44,0.17,0.08,0.20,18.1,1019,1324,77.0,14866,5809,607,673,90.2,332,440,75.5,48,111,43.2,15,71,28,9,97,1046,274,16,1,1,50,255,3,4,53,1.80,53,1.80,33,4,8,3,4,1,3,0.10,1,1,0,0,0,1,61,32,34,24,3,22,43,51.2,21,47,8,39,27,88,52,0,29.4,1692,90,469,731,520,50,1692,104,50,48.1,39,37.5,877,5862,3236,102,76,19,39,43,917,114,20000,1040000
Layvin Kurzawa,DF,Fulham,29,3,2,135.0,1.5,0,0,0,0,0,0,1,0,0.0,0.0,0.0,0.0,0.00,0.00,0.00,0.00,0.00,0.00,0.00,0.00,0.0,0.0,0.0,0.0,0.0,0.0,0.0,0.0,0.0,0.0,0.0,0.0,0.0,0.0,0.0,0.0,0.0,0.0,0.0,0.0,0.0,0.0,0.0,0.0,0,0,,0.00,0.00,,,,28,41,68.3,408,135,12,13,92.3,14,19,73.7,0,3,0.0,0,1,1,1,2,29,12,0,0,0,2,12,0,0,0,0.00,0,0.00,0,0,0,0,0,0,0,0.00,0,0,0,0,0,0,3,2,1,1,1,3,3,100.0,0,1,1,0,2,5,4,0,1.5,64,8,35,18,11,0,64,4,2,50.0,2,50.0,29,100,20,1,0,0,3,1,24,2,90000,4680000
Leander Dendoncker,MF,Aston Villa,27,20,7,697.0,7.7,0,0,0,0,0,0,0,0,0.1,0.1,0.5,0.5,0.00,0.00,0.00,0.00,0.01,0.06,0.01,0.07,0.0,0.0,0.0,0.0,0.0,0.0,0.0,0.0,0.0,0.0,0.0,0.0,0.0,0.0,0.0,0.0,0.0,0.0,0.0,0.0,0.0,0.0,0.0,0.0,2,0,0.0,0.26,0.00,0.00,,26.9,248,284,87.3,3948,809,119,128,93.0,111,121,91.7,11,18,61.1,5,17,0,0,18,278,5,4,0,0,2,1,0,1,8,1.03,8,1.03,6,0,0,1,0,1,0,0.00,0,0,0,0,0,0,19,9,11,6,2,11,22,50.0,11,19,4,15,10,29,12,0,7.7,365,21,102,219,46,7,365,5,3,60.0,2,40.0,171,852,271,1,6,1,8,3,207,2,90000,4680000
Leander Dendoncker,MF,Wolves,27,4,2,214.0,2.4,0,0,0,0,0,0,0,0,0.7,0.7,0.0,0.7,0.00,0.00,0.00,0.00,0.27,0.02,0.27,0.29,0.0,0.0,0.0,0.0,0.0,0.0,0.0,0.0,0.0,0.0,0.0,0.0,0.0,0.0,0.0,0.0,0.0,0.0,0.0,0.0,0.0,0.0,0.0,0.0,2,0,0.0,0.26,0.00,0.00,,26.9,248,284,87.3,3948,809,119,128,93.0,111,121,91.7,11,18,61.1,5,17,0,0,18,278,5,4,0,0,2,1,0,1,8,1.03,8,1.03,6,0,0,1,0,1,0,0.00,0,0,0,0,0,0,19,9,11,6,2,11,22,50.0,11,19,4,15,10,29,12,0,7.7,365,21,102,219,46,7,365,5,3,60.0,2,40.0,171,852,271,1,6,1,8,3,207,2,90000,4680000
Leandro Trossard,"FW,MF",Brighton,27,16,16,1315.0,14.6,7,2,9,7,0,0,1,0,4.4,4.4,2.1,6.5,0.48,0.14,0.62,0.48,0.30,0.14,0.30,0.45,0.0,0.0,0.0,0.0,0.0,0.0,0.0,0.0,0.0,0.0,0.0,0.0,0.0,0.0,0.0,0.0,0.0,0.0,0.0,0.0,0.0,0.0,0.0,0.0,17,5,29.4,1.64,0.48,0.06,0.20,17.5,347,452,76.8,5770,1501,165,191,86.4,133,158,84.2,35,59,59.3,22,20,30,5,57,402,47,3,6,6,55,5,31,3,34,3.29,34,3.29,23,7,1,1,2,0,9,0.87,8,1,0,0,0,0,12,7,4,2,6,6,18,33.3,12,18,0,18,6,18,3,1,10.3,567,9,64,179,331,43,567,26,15,57.7,6,23.1,374,2386,1107,36,16,10,18,23,417,102,90000,4680000
Leandro Trossard,FW,Arsenal,27,20,10,931.0,10.3,1,10,11,1,0,0,0,0,1.8,1.8,4.7,6.6,0.10,0.97,1.06,0.10,0.18,0.46,0.18,0.63,0.0,0.0,0.0,0.0,0.0,0.0,0.0,0.0,0.0,0.0,0.0,0.0,0.0,0.0,0.0,0.0,0.0,0.0,0.0,0.0,0.0,0.0,0.0,0.0,17,5,29.4,1.64,0.48,0.06,0.20,17.5,347,452,76.8,5770,1501,165,191,86.4,133,158,84.2,35,59,59.3,22,20,30,5,57,402,47,3,6,6,55,5,31,3,34,3.29,34,3.29,23,7,1,1,2,0,9,0.87,8,1,0,0,0,0,12,7,4,2,6,6,18,33.3,12,18,0,18,6,18,3,1,10.3,567,9,64,179,331,43,567,26,15,57.7,6,23.1,374,2386,1107,36,16,10,18,23,417,102,90000,4680000
Leon Bailey,"FW,MF",Aston Villa,24,33,26,1967.0,21.9,4,4,8,4,0,0,4,0,5.3,5.3,4.8,10.1,0.18,0.18,0.37,0.18,0.24,0.22,0.24,0.46,0.0,0.0,0.0,0.0,0.0,0.0,0.0,0.0,0.0,0.0,0.0,0.0,0.0,0.0,0.0,0.0,0.0,0.0,0.0,0.0,0.0,0.0,0.0,0.0,51,14,27.5,2.33,0.64,0.08,0.29,18.1,337,547,61.6,5379,1285,190,248,76.6,97,154,63.0,35,75,46.7,30,19,21,15,28,507,40,4,4,5,96,10,18,0,62,2.84,62,2.84,40,2,10,7,3,0,8,0.37,5,0,0,3,0,0,14,6,6,7,1,5,20,25.0,15,13,0,13,6,20,12,0,21.9,813,16,91,283,456,89,813,112,41,36.6,55,49.1,521,4027,1706,85,33,38,48,53,561,182,100000,5200000
Levi Colwill,DF,Brighton,19,17,13,1220.0,13.6,0,2,2,0,0,0,1,0,1.4,1.4,0.5,1.9,0.00,0.15,0.15,0.00,0.10,0.04,0.10,0.14,0.0,0.0,0.0,0.0,0.0,0.0,0.0,0.0,0.0,0.0,0.0,0.0,0.0,0.0,0.0,0.0,0.0,0.0,0.0,0.0,0.0,0.0,0.0,0.0,8,0,0.0,0.59,0.00,0.00,,7.0,1027,1165,88.2,17912,7475,431,468,92.1,501,552,90.8,75,106,70.8,7,78,3,0,70,1096,64,27,2,1,1,11,0,5,18,1.33,18,1.33,16,1,0,1,0,0,2,0.15,2,0,0,0,0,0,8,7,4,4,0,4,9,44.4,5,5,3,2,15,23,37,1,13.6,1263,144,569,646,51,11,1263,1,1,100.0,0,0.0,845,4646,2952,16,10,0,7,4,921,3,5000,260000
Lewis Brunt,DF,Leicester City,21,1,0,23.0,0.3,0,0,0,0,0,0,0,0,0.0,0.0,0.0,0.0,0.00,0.00,0.00,0.00,0.00,0.00,0.00,0.00,0.0,0.0,0.0,0.0,0.0,0.0,0.0,0.0,0.0,0.0,0.0,0.0,0.0,0.0,0.0,0.0,0.0,0.0,0.0,0.0,0.0,0.0,0.0,0.0,0,0,,0.00,0.00,,,,17,21,81.0,283,57,7,8,87.5,10,11,90.9,0,1,0.0,0,0,0,0,0,16,5,0,0,0,0,5,0,0,0,0.00,0,0.00,0,0,0,0,0,0,0,0.00,0,0,0,0,0,0,0,0,0,0,0,0,0,,0,0,0,0,0,0,2,0,0.3,23,1,8,12,3,0,23,0,0,,0,,9,30,4,0,0,0,0,0,13,2,0.0,0.0
Lewis Cook,MF,Bournemouth,25,28,18,1720.0,19.1,0,2,2,0,0,0,4,0,0.2,0.2,2.5,2.7,0.00,0.10,0.10,0.00,0.01,0.13,0.01,0.14,0.0,0.0,0.0,0.0,0.0,0.0,0.0,0.0,0.0,0.0,0.0,0.0,0.0,0.0,0.0,0.0,0.0,0.0,0.0,0.0,0.0,0.0,0.0,0.0,6,0,0.0,0.31,0.00,0.00,,28.7,593,751,79.0,9922,3136,291,330,88.2,238,274,86.9,48,93,51.6,24,55,14,9,63,692,56,32,1,3,45,0,15,3,39,2.04,39,2.04,27,8,0,0,1,3,4,0.21,2,1,0,0,0,1,37,22,10,22,5,18,44,40.9,26,29,10,19,23,60,31,0,19.1,935,67,290,472,184,9,935,20,8,40.0,10,50.0,427,2210,819,9,18,1,15,16,517,10,40000,2080000
Lewis Dunk,DF,Brighton,30,36,36,3239.0,36.0,1,0,1,1,0,0,4,0,1.7,1.7,1.0,2.7,0.03,0.00,0.03,0.03,0.05,0.03,0.05,0.07,0.0,0.0,0.0,0.0,0.0,0.0,0.0,0.0,0.0,0.0,0.0,0.0,0.0,0.0,0.0,0.0,0.0,0.0,0.0,0.0,0.0,0.0,0.0,0.0,22,3,13.6,0.61,0.08,0.05,0.33,11.7,2911,3223,90.3,54839,19942,1066,1128,94.5,1525,1600,95.3,279,428,65.2,9,178,9,1,158,3064,156,111,4,21,2,10,0,3,32,0.89,32,0.89,31,0,0,1,0,0,2,0.06,2,0,0,0,0,0,30,19,19,9,2,18,41,43.9,23,37,27,10,34,64,81,1,36.0,3461,428,1665,1712,97,34,3461,5,4,80.0,0,0.0,2294,11410,6327,19,21,0,13,5,2586,5,75000,3900000
Lewis Hall,DF,Chelsea,17,9,8,654.0,7.3,0,0,0,0,0,0,1,0,0.9,0.9,2.2,3.1,0.00,0.00,0.00,0.00,0.12,0.30,0.12,0.42,0.0,0.0,0.0,0.0,0.0,0.0,0.0,0.0,0.0,0.0,0.0,0.0,0.0,0.0,0.0,0.0,0.0,0.0,0.0,0.0,0.0,0.0,0.0,0.0,11,5,45.5,1.51,0.69,0.00,0.00,15.0,343,427,80.3,5932,1759,182,202,90.1,121,150,80.7,38,58,65.5,14,25,9,4,25,369,57,7,0,3,34,37,13,1,25,3.44,25,3.44,13,6,2,2,2,0,0,0.00,0,0,0,0,0,0,23,12,19,4,0,15,22,68.2,7,8,0,8,11,34,11,1,7.3,533,22,165,207,167,21,533,27,11,40.7,13,48.1,320,1627,848,19,9,6,16,7,351,40,7000,364000
Lewis Miley,MF,Newcastle Utd,16,1,0,15.0,0.2,0,0,0,0,0,0,0,0,0.1,0.1,0.0,0.1,0.00,0.00,0.00,0.00,0.42,0.00,0.42,0.42,0.0,0.0,0.0,0.0,0.0,0.0,0.0,0.0,0.0,0.0,0.0,0.0,0.0,0.0,0.0,0.0,0.0,0.0,0.0,0.0,0.0,0.0,0.0,0.0,1,0,0.0,6.00,0.00,0.00,,20.1,5,6,83.3,49,6,3,4,75.0,1,1,100.0,0,0,,0,0,0,0,0,6,0,0,0,0,0,0,0,0,1,5.63,1,5.63,1,0,0,0,0,0,0,0.00,0,0,0,0,0,0,0,0,0,0,0,0,0,,0,1,0,1,0,0,0,0,0.2,9,1,3,4,2,0,9,0,0,,0,,3,15,1,0,0,0,0,0,3,0,0.0,0.0
Lewis O'Brien,MF,Nott'ham Forest,23,13,6,584.0,6.5,1,0,1,1,0,0,2,0,0.3,0.3,0.2,0.5,0.15,0.00,0.15,0.15,0.05,0.03,0.05,0.08,0.0,0.0,0.0,0.0,0.0,0.0,0.0,0.0,0.0,0.0,0.0,0.0,0.0,0.0,0.0,0.0,0.0,0.0,0.0,0.0,0.0,0.0,0.0,0.0,7,2,28.6,1.08,0.31,0.14,0.50,23.8,166,214,77.6,2785,650,72,85,84.7,84,103,81.6,7,16,43.8,4,19,3,0,21,207,7,4,0,0,4,3,0,0,21,3.24,21,3.24,14,0,1,1,3,2,0,0.00,0,0,0,0,0,0,16,9,4,11,1,6,12,50.0,6,13,2,11,5,21,9,0,6.5,297,19,72,161,71,3,297,17,7,41.2,3,17.6,157,947,518,13,9,2,12,7,166,3,15000,780000
Liam Cooper,DF,Leeds United,30,18,16,1426.0,15.8,1,0,1,1,0,0,5,0,1.0,1.0,0.7,1.7,0.06,0.00,0.06,0.06,0.06,0.05,0.06,0.11,0.0,0.0,0.0,0.0,0.0,0.0,0.0,0.0,0.0,0.0,0.0,0.0,0.0,0.0,0.0,0.0,0.0,0.0,0.0,0.0,0.0,0.0,0.0,0.0,10,2,20.0,0.63,0.13,0.10,0.50,9.5,620,789,78.6,11491,4568,241,274,88.0,318,376,84.6,52,117,44.4,5,49,1,1,47,756,33,29,0,8,1,4,0,0,16,1.01,16,1.01,13,1,0,2,0,0,3,0.19,3,0,0,0,0,0,38,23,27,9,2,23,36,63.9,13,16,8,8,34,72,57,3,15.8,970,103,499,440,37,21,970,4,1,25.0,1,25.0,477,2172,913,3,3,1,9,1,501,2,25000,1300000
Lisandro Martínez,DF,Manchester Utd,24,27,24,2114.0,23.5,1,0,1,1,0,0,6,0,0.5,0.5,0.3,0.8,0.04,0.00,0.04,0.04,0.02,0.01,0.02,0.03,0.0,0.0,0.0,0.0,0.0,0.0,0.0,0.0,0.0,0.0,0.0,0.0,0.0,0.0,0.0,0.0,0.0,0.0,0.0,0.0,0.0,0.0,0.0,0.0,10,1,10.0,0.43,0.04,0.10,1.00,14.8,1330,1528,87.0,23895,8188,532,568,93.7,683,728,93.8,96,193,49.7,6,92,5,0,83,1401,122,34,7,16,0,5,0,5,18,0.77,18,0.77,16,0,0,1,0,1,1,0.04,1,0,0,0,0,0,54,28,33,18,3,30,43,69.8,13,51,27,24,33,87,103,0,23.5,1809,281,934,829,60,11,1809,16,14,87.5,0,0.0,1061,5256,2986,12,16,0,11,9,1138,2,120000,6240000
Lloyd Kelly,DF,Bournemouth,23,23,23,2040.0,22.7,0,2,2,0,0,0,3,0,0.2,0.2,0.5,0.7,0.00,0.09,0.09,0.00,0.01,0.02,0.01,0.03,0.0,0.0,0.0,0.0,0.0,0.0,0.0,0.0,0.0,0.0,0.0,0.0,0.0,0.0,0.0,0.0,0.0,0.0,0.0,0.0,0.0,0.0,0.0,0.0,3,0,0.0,0.13,0.00,0.00,,8.9,934,1164,80.2,17585,7174,352,387,91.0,461,510,90.4,104,227,45.8,7,73,9,3,47,1020,140,29,2,11,14,109,0,4,16,0.71,16,0.71,13,1,0,1,1,0,2,0.09,2,0,0,0,0,0,33,18,23,9,1,13,19,68.4,6,26,15,11,26,59,101,1,22.7,1394,185,752,526,124,9,1394,7,1,14.3,5,71.4,705,3316,1879,14,4,0,16,4,806,10,30000,1560000
Lucas Digne,DF,Aston Villa,29,28,18,1502.0,16.7,1,0,1,1,0,0,5,0,0.4,0.4,1.9,2.3,0.06,0.00,0.06,0.06,0.02,0.11,0.02,0.14,0.0,0.0,0.0,0.0,0.0,0.0,0.0,0.0,0.0,0.0,0.0,0.0,0.0,0.0,0.0,0.0,0.0,0.0,0.0,0.0,0.0,0.0,0.0,0.0,8,3,37.5,0.48,0.18,0.13,0.33,20.5,696,927,75.1,11016,4245,387,432,89.6,247,337,73.3,49,105,46.7,18,40,23,14,57,749,177,23,0,4,77,142,12,1,29,1.74,29,1.74,24,4,0,0,1,0,0,0.00,0,0,0,0,0,0,30,12,20,9,1,20,33,60.6,13,18,5,13,18,48,45,0,16.7,1096,64,365,396,342,24,1096,18,3,16.7,11,61.1,552,2363,1262,29,14,2,16,12,625,89,160000,8320000
Lucas Moura,"MF,DF",Tottenham,29,15,0,153.0,1.7,1,0,1,1,0,0,0,1,0.5,0.5,0.3,0.9,0.59,0.00,0.59,0.59,0.32,0.20,0.32,0.51,0.0,0.0,0.0,0.0,0.0,0.0,0.0,0.0,0.0,0.0,0.0,0.0,0.0,0.0,0.0,0.0,0.0,0.0,0.0,0.0,0.0,0.0,0.0,0.0,4,1,25.0,2.35,0.59,0.25,1.00,10.9,62,89,69.7,831,264,39,50,78.0,21,26,80.8,0,3,0.0,4,3,5,1,13,83,6,0,1,0,9,5,1,0,9,5.29,9,5.29,6,0,1,0,1,1,1,0.59,0,0,1,0,0,0,8,5,1,3,4,1,4,25.0,3,0,0,0,2,10,1,1,1.7,118,0,15,47,58,12,118,11,5,45.5,6,54.5,65,387,169,4,8,2,6,5,83,15,90000,4680000
Lucas Paquetá,MF,West Ham,24,28,27,2151.0,23.9,4,3,7,3,1,1,5,0,4.4,3.6,2.5,6.1,0.17,0.13,0.29,0.13,0.18,0.10,0.15,0.25,0.0,0.0,0.0,0.0,0.0,0.0,0.0,0.0,0.0,0.0,0.0,0.0,0.0,0.0,0.0,0.0,0.0,0.0,0.0,0.0,0.0,0.0,0.0,0.0,52,14,26.9,2.18,0.59,0.06,0.21,19.2,907,1157,78.4,14158,4393,476,559,85.2,324,394,82.2,68,104,65.4,32,98,30,3,147,1075,73,21,13,11,22,1,1,9,79,3.30,79,3.30,57,1,4,8,6,3,12,0.50,6,0,1,3,2,0,71,53,23,36,12,27,68,39.7,41,41,4,37,16,87,31,0,23.9,1476,46,239,840,419,49,1475,65,35,53.8,22,33.8,773,3450,1486,25,34,6,48,44,964,63,150000,7800000
Ludwig Augustinsson,DF,Aston Villa,28,3,1,77.0,0.9,0,0,0,0,0,0,1,0,0.1,0.1,0.0,0.1,0.00,0.00,0.00,0.00,0.10,0.00,0.10,0.10,0.0,0.0,0.0,0.0,0.0,0.0,0.0,0.0,0.0,0.0,0.0,0.0,0.0,0.0,0.0,0.0,0.0,0.0,0.0,0.0,0.0,0.0,0.0,0.0,2,1,50.0,2.34,1.17,0.00,0.00,12.7,26,43,60.5,421,176,13,16,81.3,10,16,62.5,2,8,25.0,0,0,0,0,0,34,9,1,0,0,5,8,0,0,0,0.00,0,0.00,0,0,0,0,0,0,0,0.00,0,0,0,0,0,0,1,1,1,0,0,0,0,,0,0,0,0,0,1,1,0,0.9,51,3,19,15,17,2,51,1,0,0.0,1,100.0,29,180,27,0,2,0,0,0,21,3,20000,1040000
Luis Díaz,FW,Liverpool,25,17,11,996.0,11.1,4,2,6,4,0,0,2,0,2.5,2.5,1.5,4.0,0.36,0.18,0.54,0.36,0.22,0.14,0.22,0.36,0.0,0.0,0.0,0.0,0.0,0.0,0.0,0.0,0.0,0.0,0.0,0.0,0.0,0.0,0.0,0.0,0.0,0.0,0.0,0.0,0.0,0.0,0.0,0.0,27,8,29.6,2.44,0.72,0.15,0.50,15.1,376,462,81.4,5698,1124,215,256,84.0,127,150,84.7,25,27,92.6,13,25,13,1,49,453,7,0,0,7,8,6,1,2,41,3.70,41,3.70,29,0,7,3,2,0,6,0.54,3,0,2,1,0,0,17,11,4,8,5,8,15,53.3,7,8,0,8,6,23,2,0,11.1,618,4,47,247,336,77,618,65,32,49.2,25,38.5,440,2944,1303,39,31,22,30,37,500,116,55000,2860000
Luis Sinisterra,FW,Leeds United,23,19,13,867.0,9.6,5,0,5,5,0,0,3,1,3.7,3.7,0.4,4.2,0.52,0.00,0.52,0.52,0.39,0.04,0.39,0.43,0.0,0.0,0.0,0.0,0.0,0.0,0.0,0.0,0.0,0.0,0.0,0.0,0.0,0.0,0.0,0.0,0.0,0.0,0.0,0.0,0.0,0.0,0.0,0.0,28,11,39.3,2.91,1.14,0.18,0.45,16.2,273,339,80.5,3710,993,161,188,85.6,72,84,85.7,14,19,73.7,9,18,17,2,39,336,3,0,2,4,7,3,0,0,33,3.43,33,3.43,26,0,2,2,2,1,2,0.21,0,0,1,0,0,1,21,14,8,9,4,11,19,57.9,8,11,1,10,8,29,2,0,9.6,469,7,50,212,215,32,469,42,19,45.2,17,40.5,281,1740,931,30,17,8,16,23,341,84,65000,3380000
Luka Milivojević,MF,Crystal Palace,31,18,5,512.0,5.7,0,0,0,0,0,0,2,0,0.3,0.3,0.2,0.5,0.00,0.00,0.00,0.00,0.06,0.03,0.06,0.09,0.0,0.0,0.0,0.0,0.0,0.0,0.0,0.0,0.0,0.0,0.0,0.0,0.0,0.0,0.0,0.0,0.0,0.0,0.0,0.0,0.0,0.0,0.0,0.0,7,0,0.0,1.23,0.00,0.00,,25.1,207,260,79.6,3587,1136,89,101,88.1,89,107,83.2,20,37,54.1,2,17,2,1,20,248,11,8,0,2,6,1,2,1,3,0.53,3,0.53,1,1,0,1,0,0,0,0.00,0,0,0,0,0,0,13,7,7,4,2,7,10,70.0,3,13,4,9,12,25,10,1,5.7,321,28,117,153,55,1,321,1,1,100.0,0,0.0,162,697,263,2,3,0,4,6,178,2,75000,3900000
Luke Ayling,DF,Leeds United,30,29,22,2054.0,22.8,2,1,3,2,0,0,3,0,3.2,3.2,2.0,5.2,0.09,0.04,0.13,0.09,0.14,0.09,0.14,0.23,0.0,0.0,0.0,0.0,0.0,0.0,0.0,0.0,0.0,0.0,0.0,0.0,0.0,0.0,0.0,0.0,0.0,0.0,0.0,0.0,0.0,0.0,0.0,0.0,24,5,20.8,1.05,0.22,0.08,0.40,15.1,786,1132,69.4,12523,6236,439,508,86.4,267,374,71.4,62,155,40.0,12,61,18,10,77,912,212,22,0,11,62,190,0,8,40,1.75,40,1.75,33,0,0,3,2,2,1,0.04,1,0,0,0,0,0,66,37,42,15,9,42,85,49.4,43,34,11,23,26,92,52,2,22.8,1413,79,466,578,390,56,1413,33,13,39.4,17,51.5,648,2963,1480,28,20,4,23,12,700,100,20000,1040000
Luke Harris,"MF,FW",Fulham,17,3,0,13.0,0.1,0,0,0,0,0,0,0,0,0.0,0.0,0.0,0.0,0.00,0.00,0.00,0.00,0.00,0.00,0.00,0.00,0.0,0.0,0.0,0.0,0.0,0.0,0.0,0.0,0.0,0.0,0.0,0.0,0.0,0.0,0.0,0.0,0.0,0.0,0.0,0.0,0.0,0.0,0.0,0.0,0,0,,0.00,0.00,,,,13,14,92.9,172,25,9,9,100.0,4,5,80.0,0,0,,0,1,0,0,1,14,0,0,0,0,1,0,0,0,0,0.00,0,0.00,0,0,0,0,0,0,0,0.00,0,0,0,0,0,0,0,0,0,0,0,0,0,,0,0,0,0,0,0,0,0,0.1,14,0,0,8,6,0,14,0,0,,0,,9,46,14,0,0,0,0,1,13,0,0.0,0.0
Luke Shaw,DF,Manchester Utd,27,31,30,2552.0,28.4,1,2,3,1,0,0,8,0,1.1,1.1,3.6,4.7,0.04,0.07,0.11,0.04,0.04,0.13,0.04,0.16,0.0,0.0,0.0,0.0,0.0,0.0,0.0,0.0,0.0,0.0,0.0,0.0,0.0,0.0,0.0,0.0,0.0,0.0,0.0,0.0,0.0,0.0,0.0,0.0,14,4,28.6,0.49,0.14,0.07,0.25,18.7,1757,2098,83.7,27648,10568,962,1047,91.9,641,732,87.6,112,205,54.6,34,169,28,14,140,1792,297,36,2,13,89,195,38,9,67,2.36,67,2.36,50,9,3,1,4,0,7,0.25,6,0,0,0,1,0,55,36,31,22,2,32,46,69.6,14,51,17,34,36,91,55,2,28.4,2388,175,810,1124,475,22,2388,39,14,35.9,17,43.6,1298,6356,3352,53,44,3,24,8,1459,76,150000,7800000
Luke Thomas,DF,Leicester City,21,17,11,1073.0,11.9,0,0,0,0,0,0,3,0,0.1,0.1,0.7,0.8,0.00,0.00,0.00,0.00,0.01,0.06,0.01,0.07,0.0,0.0,0.0,0.0,0.0,0.0,0.0,0.0,0.0,0.0,0.0,0.0,0.0,0.0,0.0,0.0,0.0,0.0,0.0,0.0,0.0,0.0,0.0,0.0,3,0,0.0,0.25,0.00,0.00,,16.6,521,654,79.7,8116,3439,291,329,88.4,194,238,81.5,32,57,56.1,5,38,7,2,48,519,133,17,3,1,9,116,0,2,16,1.34,16,1.34,11,2,0,1,0,2,2,0.17,1,0,0,1,0,0,23,19,15,5,3,15,32,46.9,17,20,4,16,27,50,35,0,11.9,786,39,319,359,115,3,786,12,6,50.0,5,41.7,355,1374,610,10,8,1,9,8,414,13,10000,520000
Lyanco,DF,Southampton,25,21,11,1180.0,13.1,1,1,2,1,0,0,4,0,0.6,0.6,0.5,1.0,0.08,0.08,0.15,0.08,0.04,0.04,0.04,0.08,0.0,0.0,0.0,0.0,0.0,0.0,0.0,0.0,0.0,0.0,0.0,0.0,0.0,0.0,0.0,0.0,0.0,0.0,0.0,0.0,0.0,0.0,0.0,0.0,12,4,33.3,0.92,0.31,0.08,0.25,19.1,400,558,71.7,7719,2787,137,163,84.0,208,263,79.1,44,110,40.0,4,31,3,1,35,494,63,15,3,6,7,48,0,1,9,0.69,9,0.69,6,1,1,1,0,0,0,0.00,0,0,0,0,0,0,24,16,15,9,0,12,18,66.7,6,30,25,5,20,44,65,2,13.1,720,123,368,297,64,12,720,11,8,72.7,2,18.2,368,1892,1034,13,8,1,11,4,353,4,35000,1820000
Mads Bech Sørensen,"DF,MF",Brentford,23,4,0,21.0,0.2,0,0,0,0,0,0,0,0,0.0,0.0,0.0,0.0,0.00,0.00,0.00,0.00,0.00,0.00,0.00,0.00,0.0,0.0,0.0,0.0,0.0,0.0,0.0,0.0,0.0,0.0,0.0,0.0,0.0,0.0,0.0,0.0,0.0,0.0,0.0,0.0,0.0,0.0,0.0,0.0,0,0,,0.00,0.00,,,,7,11,63.6,142,49,3,3,100.0,3,4,75.0,1,4,25.0,0,2,0,0,1,7,4,0,0,0,0,4,0,0,1,4.29,1,4.29,1,0,0,0,0,0,0,0.00,0,0,0,0,0,0,0,0,0,0,0,0,0,,0,0,0,0,1,1,1,0,0.2,14,1,4,8,2,0,14,0,0,,0,,2,3,0,0,0,0,0,0,5,0,0.0,0.0
Mads Roerslev,DF,Brentford,23,20,12,1108.0,12.3,0,0,0,0,0,0,0,0,0.3,0.3,1.2,1.5,0.00,0.00,0.00,0.00,0.02,0.10,0.02,0.12,0.0,0.0,0.0,0.0,0.0,0.0,0.0,0.0,0.0,0.0,0.0,0.0,0.0,0.0,0.0,0.0,0.0,0.0,0.0,0.0,0.0,0.0,0.0,0.0,3,0,0.0,0.24,0.00,0.00,,14.8,194,303,64.0,2980,1071,110,143,76.9,62,84,73.8,15,44,34.1,8,15,7,5,19,282,21,1,2,0,20,20,0,0,13,1.06,13,1.06,13,0,0,0,0,0,1,0.08,1,0,0,0,0,0,22,12,19,3,0,16,33,48.5,17,14,5,9,9,31,38,0,12.3,426,50,178,140,109,13,426,7,3,42.9,3,42.9,186,817,278,8,7,2,14,9,210,36,10000,520000
Malcolm Ebiowei,"MF,FW",Crystal Palace,18,3,0,34.0,0.4,0,0,0,0,0,0,0,0,0.0,0.0,0.0,0.0,0.00,0.00,0.00,0.00,0.00,0.00,0.00,0.00,0.0,0.0,0.0,0.0,0.0,0.0,0.0,0.0,0.0,0.0,0.0,0.0,0.0,0.0,0.0,0.0,0.0,0.0,0.0,0.0,0.0,0.0,0.0,0.0,0,0,,0.00,0.00,,,,5,10,50.0,98,16,2,4,50.0,2,2,100.0,1,2,50.0,0,0,0,0,2,10,0,0,0,0,3,0,0,0,1,2.65,1,2.65,1,0,0,0,0,0,0,0.00,0,0,0,0,0,0,1,1,1,0,0,0,1,0.0,1,2,0,2,0,1,0,0,0.4,21,0,1,8,12,2,21,5,2,40.0,3,60.0,14,107,30,2,1,0,5,0,15,9,10000,520000
Manor Solomon,FW,Fulham,23,19,4,572.0,6.4,4,0,4,4,0,0,0,0,1.3,1.3,0.4,1.7,0.63,0.00,0.63,0.63,0.20,0.06,0.20,0.26,0.0,0.0,0.0,0.0,0.0,0.0,0.0,0.0,0.0,0.0,0.0,0.0,0.0,0.0,0.0,0.0,0.0,0.0,0.0,0.0,0.0,0.0,0.0,0.0,11,7,63.6,1.73,1.10,0.36,0.57,19.9,175,207,84.5,2474,575,104,117,88.9,57,62,91.9,7,11,63.6,6,5,8,1,24,202,4,1,1,0,4,3,0,1,11,1.73,11,1.73,11,0,0,0,0,0,2,0.31,2,0,0,0,0,0,20,12,12,6,2,9,16,56.3,7,8,0,8,5,25,3,0,6.4,292,9,62,91,147,11,292,37,19,51.4,15,40.5,191,1555,723,16,16,2,13,11,186,51,20000,1040000
Manuel Akanji,DF,Manchester City,27,29,24,2287.0,25.4,0,1,1,0,0,0,2,0,1.3,1.3,0.4,1.7,0.00,0.04,0.04,0.00,0.05,0.02,0.05,0.07,0.0,0.0,0.0,0.0,0.0,0.0,0.0,0.0,0.0,0.0,0.0,0.0,0.0,0.0,0.0,0.0,0.0,0.0,0.0,0.0,0.0,0.0,0.0,0.0,15,2,13.3,0.59,0.08,0.00,0.00,15.9,1912,2056,93.0,32634,10258,867,902,96.1,903,945,95.6,117,166,70.5,7,140,3,1,116,1999,55,28,0,8,6,27,0,2,23,0.91,23,0.91,22,0,0,1,0,0,0,0.00,0,0,0,0,0,0,36,25,15,18,3,23,36,63.9,13,27,9,18,16,52,33,1,25.4,2231,121,815,1248,176,34,2231,12,6,50.0,3,25.0,1544,8443,5039,24,40,1,12,3,1734,17,180000,9360000
Manuel Lanzini,"MF,FW",West Ham,29,10,2,252.0,2.8,1,0,1,1,0,0,0,0,0.5,0.5,0.2,0.7,0.36,0.00,0.36,0.36,0.19,0.06,0.19,0.25,0.0,0.0,0.0,0.0,0.0,0.0,0.0,0.0,0.0,0.0,0.0,0.0,0.0,0.0,0.0,0.0,0.0,0.0,0.0,0.0,0.0,0.0,0.0,0.0,3,1,33.3,1.07,0.36,0.33,1.00,23.1,146,175,83.4,2221,522,82,94,87.2,48,53,90.6,11,17,64.7,1,13,3,0,19,173,2,0,0,0,2,0,0,0,4,1.43,4,1.43,3,0,0,1,0,0,0,0.00,0,0,0,0,0,0,2,2,1,1,0,2,6,33.3,4,2,0,2,2,4,0,0,2.8,192,3,32,111,50,3,192,3,1,33.3,0,0.0,116,524,203,2,6,0,2,3,150,6,70000,3640000
Marc Albrighton,"FW,MF",Leicester City,32,6,1,237.0,2.6,1,0,1,1,0,0,0,0,0.3,0.3,0.9,1.3,0.38,0.00,0.38,0.38,0.13,0.34,0.13,0.48,0.0,0.0,0.0,0.0,0.0,0.0,0.0,0.0,0.0,0.0,0.0,0.0,0.0,0.0,0.0,0.0,0.0,0.0,0.0,0.0,0.0,0.0,0.0,0.0,2,1,50.0,0.76,0.38,0.50,1.00,8.0,89,148,60.1,1440,551,48,60,80.0,23,34,67.6,12,34,35.3,6,6,5,2,7,130,17,1,1,0,28,7,7,1,7,2.66,7,2.66,5,2,0,0,0,0,0,0.00,0,0,0,0,0,0,4,1,0,2,2,1,8,12.5,7,6,2,4,1,5,5,0,2.6,173,6,33,61,79,5,173,2,2,100.0,0,0.0,83,391,147,4,4,0,4,2,116,18,45000,2340000
Marc Cucurella,DF,Chelsea,24,24,21,1671.0,18.6,0,2,2,0,0,0,4,0,0.4,0.4,0.6,1.0,0.00,0.11,0.11,0.00,0.02,0.03,0.02,0.06,0.0,0.0,0.0,0.0,0.0,0.0,0.0,0.0,0.0,0.0,0.0,0.0,0.0,0.0,0.0,0.0,0.0,0.0,0.0,0.0,0.0,0.0,0.0,0.0,7,0,0.0,0.38,0.00,0.00,,19.7,1090,1293,84.3,16587,5116,600,647,92.7,396,453,87.4,59,110,53.6,11,77,12,6,73,1093,192,28,0,2,44,151,13,8,27,1.46,27,1.46,21,6,0,0,0,0,3,0.16,2,1,0,0,0,0,66,33,40,15,11,30,60,50.0,30,28,8,20,16,82,48,1,18.6,1490,63,470,672,358,12,1490,14,5,35.7,6,42.9,787,3205,1797,30,20,2,14,6,906,65,175000,9100000
Marc Guéhi,DF,Crystal Palace,22,37,37,3329.0,37.0,1,0,1,1,0,0,8,0,1.5,1.5,0.5,1.9,0.03,0.00,0.03,0.03,0.04,0.01,0.04,0.05,0.0,0.0,0.0,0.0,0.0,0.0,0.0,0.0,0.0,0.0,0.0,0.0,0.0,0.0,0.0,0.0,0.0,0.0,0.0,0.0,0.0,0.0,0.0,0.0,14,6,42.9,0.38,0.16,0.07,0.17,8.3,1883,2208,85.3,38404,14329,584,642,91.0,1074,1152,93.2,216,384,56.3,10,148,5,0,106,2124,79,75,3,29,0,2,0,5,29,0.78,29,0.78,23,1,0,3,1,1,1,0.03,1,0,0,0,0,0,52,27,39,11,2,26,42,61.9,16,45,24,21,45,97,134,3,37.0,2557,369,1415,1078,74,28,2557,21,14,66.7,3,14.3,1511,7181,4034,17,14,0,17,7,1690,3,50000,2600000
Marc Roca,MF,Leeds United,25,32,29,2315.0,25.7,1,2,3,1,0,0,7,0,2.1,2.1,2.9,5.0,0.04,0.08,0.12,0.04,0.08,0.11,0.08,0.19,0.0,0.0,0.0,0.0,0.0,0.0,0.0,0.0,0.0,0.0,0.0,0.0,0.0,0.0,0.0,0.0,0.0,0.0,0.0,0.0,0.0,0.0,0.0,0.0,35,13,37.1,1.36,0.51,0.03,0.08,22.3,978,1295,75.5,16572,6565,495,575,86.1,359,450,79.8,94,201,46.8,33,157,17,2,172,1188,102,55,7,10,76,3,40,5,52,2.02,52,2.02,34,10,2,3,2,1,4,0.16,1,1,0,1,1,0,66,40,27,34,5,20,66,30.3,46,34,10,24,23,89,24,2,25.7,1571,47,333,914,333,26,1571,30,17,56.7,10,33.3,822,3627,1914,25,18,6,26,26,948,28,50000,2600000
Marcel Sabitzer,MF,Manchester Utd,28,11,7,627.0,7.0,0,1,1,0,0,0,1,0,0.7,0.7,0.9,1.7,0.00,0.14,0.14,0.00,0.11,0.13,0.11,0.24,0.0,0.0,0.0,0.0,0.0,0.0,0.0,0.0,0.0,0.0,0.0,0.0,0.0,0.0,0.0,0.0,0.0,0.0,0.0,0.0,0.0,0.0,0.0,0.0,11,3,27.3,1.58,0.43,0.00,0.00,18.2,237,307,77.2,3577,1123,129,157,82.2,80,97,82.5,15,22,68.2,10,30,7,1,38,293,9,4,2,3,4,2,1,5,20,2.87,20,2.87,16,1,0,1,2,0,3,0.43,3,0,0,0,0,0,12,8,3,8,1,2,11,18.2,9,6,2,4,8,20,11,0,7.0,377,18,69,200,110,20,377,3,1,33.3,1,33.3,209,751,361,8,6,0,9,5,247,26,210000,10920000
Marcos Senesi,DF,Bournemouth,25,31,29,2491.0,27.7,2,0,2,2,0,0,7,0,1.6,1.6,0.5,2.1,0.07,0.00,0.07,0.07,0.06,0.02,0.06,0.08,0.0,0.0,0.0,0.0,0.0,0.0,0.0,0.0,0.0,0.0,0.0,0.0,0.0,0.0,0.0,0.0,0.0,0.0,0.0,0.0,0.0,0.0,0.0,0.0,8,2,25.0,0.29,0.07,0.25,1.00,9.1,1064,1322,80.5,21380,9358,360,399,90.2,551,625,88.2,137,245,55.9,5,86,4,1,66,1257,56,40,1,15,8,14,0,9,16,0.58,16,0.58,14,1,0,1,0,0,3,0.11,3,0,0,0,0,0,50,35,28,22,0,23,44,52.3,21,38,20,18,43,93,146,2,27.7,1647,340,1037,568,57,16,1647,13,8,61.5,4,30.8,929,4383,2386,9,12,1,15,4,983,3,50000,2600000
Marcus Rashford,FW,Manchester Utd,24,35,32,2879.0,32.0,17,5,22,17,0,0,2,0,15.4,15.4,3.4,18.8,0.53,0.16,0.69,0.53,0.48,0.11,0.48,0.59,0.0,0.0,0.0,0.0,0.0,0.0,0.0,0.0,0.0,0.0,0.0,0.0,0.0,0.0,0.0,0.0,0.0,0.0,0.0,0.0,0.0,0.0,0.0,0.0,108,49,45.4,3.38,1.53,0.16,0.35,16.4,627,817,76.7,8886,2180,409,480,85.2,146,187,78.1,41,64,64.1,30,38,53,2,88,790,22,2,2,6,24,9,0,5,98,3.06,98,3.06,61,1,17,14,4,1,14,0.44,8,0,3,2,1,0,20,10,7,8,5,9,24,37.5,15,31,4,27,7,27,14,0,32.0,1212,22,102,429,704,183,1212,138,54,39.1,73,52.9,765,4830,2344,85,51,55,80,44,928,245,200000,10400000
Marcus Tavernier,"MF,FW",Bournemouth,23,23,19,1743.0,19.4,5,4,9,5,0,0,1,0,3.1,3.1,2.9,6.0,0.26,0.21,0.46,0.26,0.16,0.15,0.16,0.31,0.0,0.0,0.0,0.0,0.0,0.0,0.0,0.0,0.0,0.0,0.0,0.0,0.0,0.0,0.0,0.0,0.0,0.0,0.0,0.0,0.0,0.0,0.0,0.0,37,14,37.8,1.91,0.72,0.14,0.36,17.3,510,724,70.4,8048,2431,285,339,84.1,165,225,73.3,40,100,40.0,19,34,16,5,56,623,100,21,5,7,93,34,42,1,48,2.48,48,2.48,31,7,5,3,2,0,8,0.41,3,2,1,2,0,0,33,22,19,11,3,11,33,33.3,22,25,4,21,9,42,23,0,19.4,1008,37,200,390,450,59,1008,97,46,47.4,45,46.4,592,4060,2028,67,43,21,46,40,636,137,20000,1040000
Marek Rodák,GK,Fulham,25,2,2,180.0,2.0,0,0,0,0,0,0,0,0,0.0,0.0,0.0,0.0,0.00,0.00,0.00,0.00,0.00,0.00,0.00,0.00,1.00,4,2,50.0,1,50.0,2.0,0.51,16,47,34.0,46,3,73.9,46.0,15,86.7,60.0,26,1,3.8,2,1.00,14.0,0,0,,0.00,0.00,,,,29,61,47.5,1170,1037,3,3,100.0,8,9,88.9,17,48,35.4,0,0,0,0,0,38,23,8,0,0,0,0,0,0,0,0.00,0,0.00,0,0,0,0,0,0,0,0.00,0,0,0,0,0,0,0,0,0,0,0,0,0,,0,0,0,0,0,0,1,1,2.0,65,58,65,0,0,0,65,0,0,,0,,36,206,94,0,0,0,1,0,21,0,15000,780000
Mario Lemina,MF,Wolves,28,19,17,1299.0,14.4,0,1,1,0,0,0,4,1,0.3,0.3,0.3,0.6,0.00,0.07,0.07,0.00,0.02,0.02,0.02,0.04,0.0,0.0,0.0,0.0,0.0,0.0,0.0,0.0,0.0,0.0,0.0,0.0,0.0,0.0,0.0,0.0,0.0,0.0,0.0,0.0,0.0,0.0,0.0,0.0,9,2,22.2,0.62,0.14,0.00,0.00,27.4,566,651,86.9,10051,2917,241,269,89.6,267,289,92.4,51,72,70.8,3,31,5,1,42,645,5,5,1,4,3,0,0,1,8,0.55,8,0.55,6,0,0,0,0,2,2,0.14,1,0,0,0,0,1,38,24,22,13,3,20,38,52.6,18,26,8,18,14,52,24,1,14.4,794,67,292,430,81,4,794,18,11,61.1,3,16.7,414,1924,949,6,6,0,13,8,521,9,45000,2340000
Mark Travers,GK,Bournemouth,23,12,11,1035.0,11.5,0,0,0,0,0,0,0,0,0.0,0.0,0.0,0.0,0.00,0.00,0.00,0.00,0.00,0.00,0.00,0.00,2.78,66,36,54.5,2,18.2,24.0,0.34,71,154,46.1,250,54,35.6,31.9,118,55.1,43.8,229,5,2.2,5,0.43,10.5,0,0,,0.00,0.00,,,,281,368,76.4,7963,5655,97,97,100.0,101,102,99.0,82,168,48.8,0,5,0,0,0,214,154,35,0,0,0,1,0,0,0,0.00,0,0.00,0,0,0,0,0,0,0,0.00,0,0,0,0,0,0,0,0,0,0,0,0,0,,0,1,0,1,0,0,6,0,11.5,402,373,401,1,0,0,402,0,0,,0,,182,884,457,0,0,0,0,0,145,0,20000,1040000
Marquinhos,MF,Arsenal,19,1,0,1.0,0.0,0,0,0,0,0,0,0,0,0.0,0.0,0.0,0.0,0.00,0.00,0.00,0.00,0.00,0.00,0.00,0.00,0.0,0.0,0.0,0.0,0.0,0.0,0.0,0.0,0.0,0.0,0.0,0.0,0.0,0.0,0.0,0.0,0.0,0.0,0.0,0.0,0.0,0.0,0.0,0.0,0,0,,0.00,0.00,,,,2,3,66.7,34,5,1,2,50.0,1,1,100.0,0,0,,0,0,0,0,0,3,0,0,0,0,0,0,0,0,0,0.00,0,0.00,0,0,0,0,0,0,0,0.00,0,0,0,0,0,0,0,0,0,0,0,0,0,,0,0,0,0,0,0,0,0,0.0,3,0,0,2,1,0,3,0,0,,0,,2,6,1,0,0,0,0,0,3,0,30000,1560000
Martin Dúbravka,GK,Newcastle Utd,33,2,1,157.0,1.7,0,0,0,0,0,0,0,0,0.0,0.0,0.0,0.0,0.00,0.00,0.00,0.00,0.00,0.00,0.00,0.00,0.57,9,9,88.9,0,0.0,1.9,0.21,6,10,60.0,39,14,10.3,20.7,15,40.0,35.3,30,1,3.3,0,0.00,12.4,0,0,,0.00,0.00,,,,49,54,90.7,1046,696,21,21,100.0,19,19,100.0,8,13,61.5,0,1,0,0,0,38,16,1,0,0,0,0,0,0,0,0.00,0,0.00,0,0,0,0,0,0,0,0.00,0,0,0,0,0,0,0,0,0,0,0,0,1,0.0,1,0,0,0,0,0,1,0,1.7,59,55,59,0,0,0,59,0,0,,0,,38,190,103,0,0,0,0,0,23,0,40000,2080000
Martin Ødegaard,MF,Arsenal,23,37,37,3127.0,34.7,15,7,22,15,0,0,4,0,9.9,9.9,8.1,18.0,0.43,0.20,0.63,0.43,0.29,0.23,0.29,0.52,0.0,0.0,0.0,0.0,0.0,0.0,0.0,0.0,0.0,0.0,0.0,0.0,0.0,0.0,0.0,0.0,0.0,0.0,0.0,0.0,0.0,0.0,0.0,0.0,93,31,33.3,2.68,0.89,0.16,0.48,19.2,1449,1804,80.3,22540,6014,759,873,86.9,518,617,84.0,110,175,62.9,76,135,91,4,266,1683,110,79,23,9,91,13,18,11,162,4.66,162,4.66,122,15,4,12,6,3,17,0.49,15,0,0,2,0,0,36,23,12,14,10,14,47,29.8,33,20,5,15,6,42,12,1,34.7,2100,27,199,864,1060,122,2100,83,48,57.8,29,34.9,1284,6930,3022,83,60,26,42,45,1550,193,115000,5980000
Mason Holgate,DF,Everton,25,8,5,507.0,5.6,0,0,0,0,0,0,3,1,1.0,1.0,0.4,1.4,0.00,0.00,0.00,0.00,0.18,0.07,0.18,0.25,0.0,0.0,0.0,0.0,0.0,0.0,0.0,0.0,0.0,0.0,0.0,0.0,0.0,0.0,0.0,0.0,0.0,0.0,0.0,0.0,0.0,0.0,0.0,0.0,4,0,0.0,0.71,0.00,0.00,,11.5,143,217,65.9,2843,831,51,63,81.0,69,87,79.3,21,58,36.2,6,12,3,1,14,191,24,7,1,5,2,17,0,2,11,1.95,11,1.95,8,2,0,1,0,0,2,0.36,2,0,0,0,0,0,11,7,8,3,0,3,11,27.3,8,7,3,4,7,18,28,0,5.6,286,35,120,139,27,5,286,3,3,100.0,0,0.0,100,450,279,4,3,0,6,0,141,5,70000,3640000
Mason Mount,"MF,FW",Chelsea,23,24,20,1648.0,18.3,3,2,5,3,0,0,4,0,2.0,2.0,3.0,5.0,0.16,0.11,0.27,0.16,0.11,0.16,0.11,0.27,0.0,0.0,0.0,0.0,0.0,0.0,0.0,0.0,0.0,0.0,0.0,0.0,0.0,0.0,0.0,0.0,0.0,0.0,0.0,0.0,0.0,0.0,0.0,0.0,33,9,27.3,1.80,0.49,0.09,0.33,19.7,585,778,75.2,8688,2236,350,409,85.6,165,216,76.4,44,84,52.4,30,55,27,5,98,706,68,17,6,8,64,5,34,4,57,3.11,57,3.11,42,9,2,2,2,0,7,0.38,5,0,0,1,1,0,33,19,6,16,11,14,27,51.9,13,24,6,18,8,41,9,0,18.3,969,17,110,415,455,56,969,31,15,48.4,13,41.9,530,2745,1429,48,34,11,36,29,678,114,80000,4160000
Mateo Joseph,"FW,MF",Leeds United,18,3,0,26.0,0.3,0,0,0,0,0,0,0,0,0.1,0.1,0.0,0.1,0.00,0.00,0.00,0.00,0.40,0.00,0.40,0.40,0.0,0.0,0.0,0.0,0.0,0.0,0.0,0.0,0.0,0.0,0.0,0.0,0.0,0.0,0.0,0.0,0.0,0.0,0.0,0.0,0.0,0.0,0.0,0.0,1,1,100.0,3.46,3.46,0.00,0.00,15.4,2,3,66.7,13,0,1,2,50.0,0,0,,0,0,,0,0,0,0,0,3,0,0,0,0,0,0,0,0,0,0.00,0,0.00,0,0,0,0,0,0,0,0.00,0,0,0,0,0,0,0,0,0,0,0,0,0,,0,1,0,1,0,0,1,0,0.3,9,1,1,5,3,1,9,1,0,0.0,1,100.0,5,13,0,0,0,0,1,3,6,2,0.0,0.0
Mateo Kovačić,MF,Chelsea,28,27,17,1707.0,19.0,1,2,3,1,0,0,8,0,1.8,1.8,2.1,3.9,0.05,0.11,0.16,0.05,0.09,0.11,0.09,0.20,0.0,0.0,0.0,0.0,0.0,0.0,0.0,0.0,0.0,0.0,0.0,0.0,0.0,0.0,0.0,0.0,0.0,0.0,0.0,0.0,0.0,0.0,0.0,0.0,23,1,4.3,1.21,0.05,0.04,1.00,22.1,1130,1319,85.7,18537,5579,555,614,90.4,470,522,90.0,76,120,63.3,23,158,23,1,153,1289,29,26,10,10,6,3,0,1,62,3.27,62,3.27,53,1,2,4,0,2,3,0.16,3,0,0,0,0,0,36,24,16,14,6,14,36,38.9,22,10,1,9,19,55,16,0,19.0,1492,31,279,938,289,12,1492,34,19,55.9,10,29.4,1010,5517,2591,37,39,2,26,26,1144,30,100000,5200000
Mateusz Klich,"MF,FW",Leeds United,32,14,0,280.0,3.1,0,0,0,0,0,0,2,0,0.2,0.2,0.2,0.4,0.00,0.00,0.00,0.00,0.05,0.06,0.05,0.12,0.0,0.0,0.0,0.0,0.0,0.0,0.0,0.0,0.0,0.0,0.0,0.0,0.0,0.0,0.0,0.0,0.0,0.0,0.0,0.0,0.0,0.0,0.0,0.0,4,1,25.0,1.29,0.32,0.00,0.00,21.7,108,148,73.0,1411,387,61,69,88.4,28,34,82.4,5,17,29.4,5,6,5,0,16,139,9,2,0,0,8,4,3,0,7,2.26,7,2.26,7,0,0,0,0,0,0,0.00,0,0,0,0,0,0,12,8,3,4,5,7,13,53.8,6,4,0,4,0,12,1,0,3.1,189,3,25,82,85,9,189,6,2,33.3,4,66.7,110,385,149,5,5,2,11,1,124,21,25000,1300000
Matheus Cunha,FW,Wolves,23,17,12,965.0,10.7,2,0,2,2,0,0,1,0,2.0,2.0,0.6,2.6,0.19,0.00,0.19,0.19,0.19,0.05,0.19,0.24,0.0,0.0,0.0,0.0,0.0,0.0,0.0,0.0,0.0,0.0,0.0,0.0,0.0,0.0,0.0,0.0,0.0,0.0,0.0,0.0,0.0,0.0,0.0,0.0,26,7,26.9,2.42,0.65,0.08,0.29,19.4,171,234,73.1,2140,353,105,132,79.5,38,53,71.7,9,17,52.9,7,5,3,0,14,214,19,1,1,0,8,3,0,1,21,1.96,21,1.96,16,1,1,1,2,0,0,0.00,0,0,0,0,0,0,7,4,0,5,2,2,10,20.0,8,15,3,12,9,16,11,0,10.7,372,14,66,170,147,45,372,39,26,66.7,8,20.5,195,1119,459,16,6,7,31,13,224,43,60000,3120000
Matheus Nunes,MF,Wolves,23,34,30,2467.0,27.4,1,1,2,1,0,0,2,1,2.4,2.4,2.2,4.7,0.04,0.04,0.07,0.04,0.09,0.08,0.09,0.17,0.0,0.0,0.0,0.0,0.0,0.0,0.0,0.0,0.0,0.0,0.0,0.0,0.0,0.0,0.0,0.0,0.0,0.0,0.0,0.0,0.0,0.0,0.0,0.0,28,9,32.1,1.02,0.33,0.04,0.11,17.6,818,1028,79.6,15035,2954,387,451,85.8,290,339,85.5,119,173,68.8,27,70,19,7,84,994,31,14,6,33,43,8,9,3,59,2.15,59,2.15,49,2,4,2,2,0,5,0.18,3,0,2,0,0,0,67,43,36,22,9,28,61,45.9,33,35,4,31,16,83,35,2,27.4,1354,64,325,656,397,52,1354,85,44,51.8,28,32.9,851,5513,2640,59,54,10,41,39,943,129,85000,4420000
Mathias Jensen,MF,Brentford,26,37,37,2803.0,31.1,5,6,11,5,0,0,5,0,2.1,2.1,5.0,7.1,0.16,0.19,0.35,0.16,0.07,0.16,0.07,0.23,0.0,0.0,0.0,0.0,0.0,0.0,0.0,0.0,0.0,0.0,0.0,0.0,0.0,0.0,0.0,0.0,0.0,0.0,0.0,0.0,0.0,0.0,0.0,0.0,23,7,30.4,0.74,0.22,0.22,0.71,22.0,1088,1566,69.5,21665,8457,471,559,84.3,398,555,71.7,191,372,51.3,48,117,38,16,141,1158,401,84,5,28,158,184,76,7,103,3.31,103,3.31,48,47,1,3,3,1,13,0.42,7,4,0,1,0,1,71,36,29,30,12,34,97,35.1,63,54,5,49,32,103,24,1,31.1,1889,43,368,869,669,29,1889,62,25,40.3,28,45.2,901,3514,1386,21,25,1,54,32,1011,77,20000,1040000
Mathias Jørgensen,DF,Brentford,32,18,11,1103.0,12.3,0,0,0,0,0,0,2,0,0.9,0.9,0.2,1.1,0.00,0.00,0.00,0.00,0.07,0.01,0.07,0.09,0.0,0.0,0.0,0.0,0.0,0.0,0.0,0.0,0.0,0.0,0.0,0.0,0.0,0.0,0.0,0.0,0.0,0.0,0.0,0.0,0.0,0.0,0.0,0.0,5,1,20.0,0.41,0.08,0.00,0.00,7.8,404,503,80.3,6929,3051,181,203,89.2,197,240,82.1,20,49,40.8,3,30,0,0,35,437,65,6,0,0,3,55,0,1,9,0.73,9,0.73,5,4,0,0,0,0,1,0.08,0,1,0,0,0,0,17,8,9,8,0,9,21,42.9,12,19,12,7,16,33,39,1,12.3,612,87,291,281,42,12,612,1,0,0.0,1,100.0,295,1062,616,1,2,0,3,1,321,1,20000,1040000
Matt Doherty,"DF,MF",Tottenham,30,12,7,667.0,7.4,1,0,1,1,0,0,0,0,0.8,0.8,0.3,1.0,0.13,0.00,0.13,0.13,0.10,0.04,0.10,0.14,0.0,0.0,0.0,0.0,0.0,0.0,0.0,0.0,0.0,0.0,0.0,0.0,0.0,0.0,0.0,0.0,0.0,0.0,0.0,0.0,0.0,0.0,0.0,0.0,10,2,20.0,1.35,0.27,0.10,0.50,12.1,329,408,80.6,4896,1222,190,204,93.1,107,137,78.1,18,35,51.4,6,14,5,3,20,345,61,2,0,1,18,59,0,2,18,2.43,18,2.43,13,0,2,2,1,0,3,0.41,2,0,0,1,0,0,16,10,12,3,1,8,10,80.0,2,11,6,5,8,24,14,1,7.4,500,27,144,184,172,24,500,12,5,41.7,4,33.3,247,953,443,16,5,2,12,3,306,57,65000,3380000
Matt Ritchie,"FW,MF",Newcastle Utd,32,7,0,39.0,0.4,0,0,0,0,0,0,0,0,0.0,0.0,0.1,0.1,0.00,0.00,0.00,0.00,0.00,0.24,0.00,0.24,0.0,0.0,0.0,0.0,0.0,0.0,0.0,0.0,0.0,0.0,0.0,0.0,0.0,0.0,0.0,0.0,0.0,0.0,0.0,0.0,0.0,0.0,0.0,0.0,0,0,,0.00,0.00,,,,24,31,77.4,342,88,16,16,100.0,4,6,66.7,3,4,75.0,1,0,0,0,1,31,0,0,0,0,2,0,0,0,1,2.31,1,2.31,1,0,0,0,0,0,0,0.00,0,0,0,0,0,0,1,1,0,1,0,1,3,33.3,2,0,0,0,1,2,0,0,0.4,35,1,8,12,16,1,35,1,1,100.0,0,0.0,23,101,48,1,3,0,1,0,27,9,45000,2340000
Matt Targett,DF,Newcastle Utd,26,17,6,610.0,6.8,0,0,0,0,0,0,1,0,0.0,0.0,0.4,0.4,0.00,0.00,0.00,0.00,0.00,0.06,0.00,0.07,0.0,0.0,0.0,0.0,0.0,0.0,0.0,0.0,0.0,0.0,0.0,0.0,0.0,0.0,0.0,0.0,0.0,0.0,0.0,0.0,0.0,0.0,0.0,0.0,1,0,0.0,0.15,0.00,0.00,,25.8,326,419,77.8,5291,2334,162,183,88.5,141,162,87.0,18,56,32.1,10,19,5,0,43,327,91,17,0,3,34,56,18,1,17,2.51,17,2.51,12,5,0,0,0,0,0,0.00,0,0,0,0,0,0,13,10,8,3,2,9,24,37.5,15,8,3,5,9,22,16,0,6.8,463,20,149,186,131,0,463,2,2,100.0,0,0.0,197,673,409,3,5,0,5,6,241,13,100000,5200000
Matthew Craig,MF,Tottenham,19,1,0,14.0,0.2,0,0,0,0,0,0,0,0,0.0,0.0,0.0,0.0,0.00,0.00,0.00,0.00,0.00,0.00,0.00,0.00,0.0,0.0,0.0,0.0,0.0,0.0,0.0,0.0,0.0,0.0,0.0,0.0,0.0,0.0,0.0,0.0,0.0,0.0,0.0,0.0,0.0,0.0,0.0,0.0,0,0,,0.00,0.00,,,,5,6,83.3,65,1,4,4,100.0,1,2,50.0,0,0,,0,0,0,0,0,6,0,0,0,0,0,0,0,0,0,0.00,0,0.00,0,0,0,0,0,0,0,0.00,0,0,0,0,0,0,4,1,2,2,0,0,0,,0,0,0,0,0,4,0,0,0.2,10,1,3,5,2,0,10,0,0,,0,,5,20,6,0,1,0,0,0,6,0,0.0,0.0
Matty Cash,DF,Aston Villa,24,26,20,1820.0,20.2,0,1,1,0,0,0,4,0,0.2,0.2,0.7,0.9,0.00,0.05,0.05,0.00,0.01,0.04,0.01,0.05,0.0,0.0,0.0,0.0,0.0,0.0,0.0,0.0,0.0,0.0,0.0,0.0,0.0,0.0,0.0,0.0,0.0,0.0,0.0,0.0,0.0,0.0,0.0,0.0,7,1,14.3,0.35,0.05,0.00,0.00,26.9,777,1006,77.2,13672,4595,345,384,89.8,361,441,81.9,61,139,43.9,8,57,15,9,75,809,194,18,2,6,46,176,0,3,28,1.38,28,1.38,25,0,1,0,1,1,3,0.15,2,0,0,0,0,1,55,32,36,15,4,26,37,70.3,11,20,5,15,26,81,43,0,20.2,1215,76,423,545,258,11,1215,33,16,48.5,9,27.3,610,3143,1677,42,33,4,24,7,652,57,80000,4160000
Matías Viña,DF,Bournemouth,24,12,5,458.0,5.1,2,0,2,2,0,0,1,0,0.9,0.9,0.2,1.0,0.39,0.00,0.39,0.39,0.17,0.03,0.17,0.20,0.0,0.0,0.0,0.0,0.0,0.0,0.0,0.0,0.0,0.0,0.0,0.0,0.0,0.0,0.0,0.0,0.0,0.0,0.0,0.0,0.0,0.0,0.0,0.0,9,6,66.7,1.77,1.18,0.22,0.33,18.6,140,185,75.7,2103,870,84,93,90.3,49,63,77.8,5,14,35.7,2,10,4,0,17,142,43,7,0,0,4,36,0,0,8,1.57,8,1.57,7,0,1,0,0,0,2,0.39,2,0,0,0,0,0,19,11,9,8,2,14,30,46.7,16,13,1,12,4,23,22,0,5.1,289,27,114,105,74,11,289,24,10,41.7,11,45.8,122,686,434,10,6,5,11,6,136,19,38000,1976000
Max Kilman,DF,Wolves,25,37,37,3307.0,36.7,0,0,0,0,0,0,3,0,1.3,1.3,0.2,1.6,0.00,0.00,0.00,0.00,0.04,0.01,0.04,0.04,0.0,0.0,0.0,0.0,0.0,0.0,0.0,0.0,0.0,0.0,0.0,0.0,0.0,0.0,0.0,0.0,0.0,0.0,0.0,0.0,0.0,0.0,0.0,0.0,14,0,0.0,0.38,0.00,0.00,,10.1,1748,2107,83.0,34713,12450,574,621,92.4,964,1046,92.2,189,384,49.2,4,133,7,2,127,2069,29,28,0,31,5,1,0,9,23,0.63,23,0.63,20,0,0,2,1,0,2,0.05,1,0,0,1,0,0,36,20,26,9,1,16,30,53.3,14,70,42,28,19,55,164,1,36.7,2470,432,1460,952,75,26,2470,25,19,76.0,6,24.0,1443,7679,4615,30,15,2,15,9,1699,5,15000,780000
Maximilian Wöber,DF,Leeds United,24,16,14,1266.0,14.1,0,0,0,0,0,0,3,0,0.7,0.7,0.6,1.4,0.00,0.00,0.00,0.00,0.05,0.05,0.05,0.10,0.0,0.0,0.0,0.0,0.0,0.0,0.0,0.0,0.0,0.0,0.0,0.0,0.0,0.0,0.0,0.0,0.0,0.0,0.0,0.0,0.0,0.0,0.0,0.0,9,2,22.2,0.64,0.14,0.00,0.00,13.3,483,684,70.6,9430,4157,175,221,79.2,255,319,79.9,50,122,41.0,6,63,3,2,54,638,43,13,0,2,7,30,0,3,12,0.85,12,0.85,8,2,0,2,0,0,1,0.07,1,0,0,0,0,0,25,18,9,15,1,16,24,66.7,8,32,14,18,27,52,67,1,14.1,858,110,381,400,81,17,858,1,0,0.0,1,100.0,426,2270,1309,15,9,0,6,2,438,15,35000,1820000
Maxwel Cornet,FW,West Ham,25,14,2,245.0,2.7,0,0,0,0,0,0,0,0,1.3,1.3,0.1,1.3,0.00,0.00,0.00,0.00,0.47,0.02,0.47,0.49,0.0,0.0,0.0,0.0,0.0,0.0,0.0,0.0,0.0,0.0,0.0,0.0,0.0,0.0,0.0,0.0,0.0,0.0,0.0,0.0,0.0,0.0,0.0,0.0,9,2,22.2,3.31,0.73,0.00,0.00,12.5,72,97,74.2,942,166,47,54,87.0,19,27,70.4,2,2,100.0,1,3,1,1,5,93,2,0,0,0,6,1,0,2,6,2.23,6,2.23,4,0,1,0,0,1,0,0.00,0,0,0,0,0,0,7,3,5,0,2,4,6,66.7,2,6,0,6,2,9,3,0,2.7,140,3,18,50,72,11,140,5,2,40.0,3,60.0,83,310,140,9,2,5,9,5,103,26,65000,3380000
Michael Keane,DF,Everton,29,12,10,985.0,10.9,1,2,3,1,0,0,0,0,1.3,1.3,0.7,2.1,0.09,0.18,0.27,0.09,0.12,0.07,0.12,0.19,0.0,0.0,0.0,0.0,0.0,0.0,0.0,0.0,0.0,0.0,0.0,0.0,0.0,0.0,0.0,0.0,0.0,0.0,0.0,0.0,0.0,0.0,0.0,0.0,14,4,28.6,1.28,0.37,0.07,0.25,12.9,305,441,69.2,5849,2983,115,146,78.8,147,179,82.1,39,93,41.9,3,33,2,0,31,429,9,3,0,0,4,6,0,3,10,0.91,10,0.91,8,0,0,1,1,0,2,0.18,2,0,0,0,0,0,7,4,5,2,0,5,8,62.5,3,12,7,5,14,21,55,1,10.9,565,83,275,239,55,24,565,7,4,57.1,2,28.6,257,1282,719,2,2,0,6,2,275,4,80000,4160000
Michael Olise,"FW,MF",Crystal Palace,20,37,31,2749.0,30.5,2,11,13,2,0,0,2,0,2.9,2.9,8.7,11.6,0.07,0.36,0.43,0.07,0.09,0.29,0.09,0.38,0.0,0.0,0.0,0.0,0.0,0.0,0.0,0.0,0.0,0.0,0.0,0.0,0.0,0.0,0.0,0.0,0.0,0.0,0.0,0.0,0.0,0.0,0.0,0.0,51,14,27.5,1.67,0.46,0.04,0.14,21.1,985,1420,69.4,16792,5022,518,601,86.2,328,444,73.9,115,273,42.1,72,72,53,16,133,1189,229,63,4,21,242,18,127,2,143,4.68,143,4.68,75,37,15,4,9,3,13,0.43,9,4,0,0,0,0,58,34,28,26,4,25,60,41.7,35,46,1,45,26,84,17,0,30.5,1840,25,243,709,911,86,1840,141,54,38.3,59,41.8,1048,6663,3366,111,74,38,85,47,1215,243,45000,2340000
Michail Antonio,FW,West Ham,32,33,21,1829.0,20.3,5,3,8,5,0,0,2,0,6.6,6.6,1.3,7.8,0.25,0.15,0.39,0.25,0.32,0.06,0.32,0.38,0.0,0.0,0.0,0.0,0.0,0.0,0.0,0.0,0.0,0.0,0.0,0.0,0.0,0.0,0.0,0.0,0.0,0.0,0.0,0.0,0.0,0.0,0.0,0.0,39,13,33.3,1.92,0.64,0.13,0.38,11.6,186,348,53.4,2663,501,114,168,67.9,55,108,50.9,12,31,38.7,15,12,8,2,27,335,12,1,1,1,35,8,0,1,39,1.92,39,1.92,24,0,7,3,5,0,9,0.44,6,0,3,0,0,0,14,7,1,8,5,3,12,25.0,9,13,5,8,5,19,9,0,20.3,596,15,39,262,308,80,596,66,27,40.9,29,43.9,375,2585,1237,49,26,18,76,45,476,120,85000,4420000
Miguel Almirón,FW,Newcastle Utd,28,34,29,2491.0,27.7,11,2,13,11,0,0,2,0,8.0,8.0,3.2,11.1,0.40,0.07,0.47,0.40,0.29,0.11,0.29,0.40,0.0,0.0,0.0,0.0,0.0,0.0,0.0,0.0,0.0,0.0,0.0,0.0,0.0,0.0,0.0,0.0,0.0,0.0,0.0,0.0,0.0,0.0,0.0,0.0,69,20,29.0,2.49,0.72,0.16,0.55,16.4,811,982,82.6,10752,2657,513,567,90.5,223,276,80.8,29,40,72.5,26,45,36,4,124,946,30,0,3,4,26,18,11,6,87,3.14,87,3.14,63,2,10,9,3,0,13,0.47,5,1,5,2,0,0,46,30,16,19,11,18,42,42.9,24,25,2,23,10,56,17,0,27.7,1300,25,147,417,760,138,1300,79,34,43.0,33,41.8,841,5389,2341,77,46,25,51,28,924,264,42000,2184000
Mikkel Damsgaard,"MF,FW",Brentford,22,26,9,988.0,11.0,0,0,0,0,0,0,4,0,2.6,2.6,1.4,4.0,0.00,0.00,0.00,0.00,0.24,0.12,0.24,0.36,0.0,0.0,0.0,0.0,0.0,0.0,0.0,0.0,0.0,0.0,0.0,0.0,0.0,0.0,0.0,0.0,0.0,0.0,0.0,0.0,0.0,0.0,0.0,0.0,12,5,41.7,1.09,0.46,0.00,0.00,15.0,275,407,67.6,4023,1438,156,193,80.8,92,132,69.7,16,44,36.4,11,36,10,1,44,387,14,8,5,2,29,1,2,6,25,2.28,25,2.28,20,3,0,1,1,0,2,0.18,2,0,0,0,0,0,31,21,13,13,5,15,42,35.7,27,20,2,18,10,41,14,0,11.0,529,9,104,268,166,27,529,23,9,39.1,9,39.1,279,1075,574,9,9,1,15,6,307,45,30000,1560000
Mislav Oršić,MF,Southampton,29,1,0,7.0,0.1,0,0,0,0,0,0,0,0,0.0,0.0,0.0,0.0,0.00,0.00,0.00,0.00,0.00,0.00,0.00,0.00,0.0,0.0,0.0,0.0,0.0,0.0,0.0,0.0,0.0,0.0,0.0,0.0,0.0,0.0,0.0,0.0,0.0,0.0,0.0,0.0,0.0,0.0,0.0,0.0,0,0,,0.00,0.00,,,,2,3,66.7,16,0,2,2,100.0,0,0,,0,1,0.0,0,0,0,0,0,2,1,0,0,0,0,1,0,0,0,0.00,0,0.00,0,0,0,0,0,0,0,0.00,0,0,0,0,0,0,1,1,1,0,0,0,0,,0,0,0,0,0,1,0,0,0.1,4,0,2,0,2,0,4,0,0,,0,,2,10,7,0,0,0,0,0,1,0,80000,4160000
Mohamed Elneny,MF,Arsenal,30,5,1,113.0,1.3,0,0,0,0,0,0,0,0,0.0,0.0,0.0,0.0,0.00,0.00,0.00,0.00,0.00,0.00,0.00,0.00,0.0,0.0,0.0,0.0,0.0,0.0,0.0,0.0,0.0,0.0,0.0,0.0,0.0,0.0,0.0,0.0,0.0,0.0,0.0,0.0,0.0,0.0,0.0,0.0,0,0,,0.00,0.00,,,,57,60,95.0,1031,224,23,23,100.0,27,29,93.1,6,6,100.0,0,3,2,0,2,58,2,2,0,0,0,0,0,0,0,0.00,0,0.00,0,0,0,0,0,0,0,0.00,0,0,0,0,0,0,1,1,1,0,0,1,1,100.0,0,0,0,0,0,1,0,0,1.3,63,2,11,42,11,0,63,0,0,,0,,38,134,37,1,0,0,0,0,49,1,55000,2860000
Mohamed Elyounoussi,"MF,FW",Southampton,27,33,27,2168.0,24.1,1,1,2,1,0,0,4,0,3.5,3.5,2.1,5.6,0.04,0.04,0.08,0.04,0.15,0.09,0.15,0.23,0.0,0.0,0.0,0.0,0.0,0.0,0.0,0.0,0.0,0.0,0.0,0.0,0.0,0.0,0.0,0.0,0.0,0.0,0.0,0.0,0.0,0.0,0.0,0.0,36,10,27.8,1.49,0.42,0.03,0.10,15.8,426,633,67.3,5950,1637,272,348,78.2,108,167,64.7,28,56,50.0,18,32,19,6,50,610,21,2,7,1,34,16,1,2,41,1.70,41,1.70,34,0,1,2,3,1,4,0.17,4,0,0,0,0,0,46,28,22,20,4,19,44,43.2,25,40,3,37,27,73,37,0,24.1,952,60,204,399,362,54,952,48,25,52.1,20,41.7,484,3141,1463,56,41,12,38,38,533,98,60000,3120000
Mohamed Salah,FW,Liverpool,30,38,37,3290.0,36.6,19,12,31,17,2,4,2,0,21.6,18.5,7.2,25.7,0.52,0.33,0.85,0.47,0.59,0.20,0.51,0.70,0.0,0.0,0.0,0.0,0.0,0.0,0.0,0.0,0.0,0.0,0.0,0.0,0.0,0.0,0.0,0.0,0.0,0.0,0.0,0.0,0.0,0.0,0.0,0.0,121,45,37.2,3.31,1.23,0.14,0.38,15.1,902,1185,76.1,12538,3403,533,648,82.3,283,352,80.4,38,66,57.6,65,53,80,7,149,1146,29,4,14,3,38,17,0,10,140,3.83,140,3.83,106,2,12,12,6,2,24,0.66,17,1,0,2,3,1,21,12,4,5,12,10,26,38.5,16,21,0,21,6,27,4,0,36.6,1634,4,83,539,1028,301,1630,135,51,37.8,72,53.3,1108,6393,3036,120,66,87,110,79,1305,421,350000,18200000
Mohammed Salisu,DF,Southampton,23,22,21,1973.0,21.9,0,1,1,0,0,0,5,0,1.5,1.5,0.6,2.1,0.00,0.05,0.05,0.00,0.07,0.03,0.07,0.10,0.0,0.0,0.0,0.0,0.0,0.0,0.0,0.0,0.0,0.0,0.0,0.0,0.0,0.0,0.0,0.0,0.0,0.0,0.0,0.0,0.0,0.0,0.0,0.0,19,4,21.1,0.87,0.18,0.00,0.00,12.2,879,1196,73.5,16118,7370,360,412,87.4,426,538,79.2,86,209,41.1,7,80,7,4,82,1075,115,25,1,10,13,87,0,6,25,1.14,25,1.14,16,5,1,3,0,0,3,0.14,1,1,0,1,0,0,52,29,34,16,2,24,34,70.6,10,56,25,31,30,82,122,1,21.9,1504,220,756,634,124,25,1504,11,8,72.7,3,27.3,724,3383,1556,5,10,0,5,9,757,4,25000,1300000
Moisés Caicedo,MF,Brighton,20,37,34,3139.0,34.9,1,1,2,1,0,0,10,0,1.7,1.7,2.7,4.3,0.03,0.03,0.06,0.03,0.05,0.08,0.05,0.12,0.0,0.0,0.0,0.0,0.0,0.0,0.0,0.0,0.0,0.0,0.0,0.0,0.0,0.0,0.0,0.0,0.0,0.0,0.0,0.0,0.0,0.0,0.0,0.0,28,8,28.6,0.80,0.23,0.04,0.13,23.9,1993,2251,88.5,30177,8036,1112,1202,92.5,683,755,90.5,126,159,79.2,43,181,35,7,219,2214,37,12,11,9,17,25,0,0,88,2.52,88,2.52,81,0,2,3,1,1,5,0.14,5,0,0,0,0,0,100,50,41,47,12,40,68,58.8,28,43,7,36,56,156,31,3,34.9,2603,91,555,1520,558,28,2603,54,28,51.9,21,38.9,1507,6220,2876,38,32,6,39,23,1891,61,15000,780000
Morgan Gibbs-White,"MF,FW",Nott'ham Forest,22,35,34,2971.0,33.0,5,8,13,3,2,2,5,0,6.0,4.4,8.2,12.7,0.15,0.24,0.39,0.09,0.18,0.25,0.13,0.38,0.0,0.0,0.0,0.0,0.0,0.0,0.0,0.0,0.0,0.0,0.0,0.0,0.0,0.0,0.0,0.0,0.0,0.0,0.0,0.0,0.0,0.0,0.0,0.0,3,1,33.3,1.50,0.50,0.00,0.00,11.5,75,95,78.9,1122,345,47,58,81.0,17,21,81.0,7,9,77.8,1,10,1,0,12,88,7,2,0,1,8,1,4,0,4,2.00,4,2.00,2,1,1,0,0,0,0,0.00,0,0,0,0,0,0,3,1,3,0,0,2,4,50.0,2,2,0,2,1,4,3,0,2.0,119,1,18,53,49,4,119,8,2,25.0,5,62.5,62,257,137,4,3,1,3,1,82,12,80000,4160000
Morgan Gibbs-White,"FW,MF",Wolves,22,2,2,180.0,2.0,0,0,0,0,0,0,1,0,0.7,0.7,0.1,0.8,0.00,0.00,0.00,0.00,0.36,0.04,0.36,0.40,0.0,0.0,0.0,0.0,0.0,0.0,0.0,0.0,0.0,0.0,0.0,0.0,0.0,0.0,0.0,0.0,0.0,0.0,0.0,0.0,0.0,0.0,0.0,0.0,3,1,33.3,1.50,0.50,0.00,0.00,11.5,75,95,78.9,1122,345,47,58,81.0,17,21,81.0,7,9,77.8,1,10,1,0,12,88,7,2,0,1,8,1,4,0,4,2.00,4,2.00,2,1,1,0,0,0,0,0.00,0,0,0,0,0,0,3,1,3,0,0,2,4,50.0,2,2,0,2,1,4,3,0,2.0,119,1,18,53,49,4,119,8,2,25.0,5,62.5,62,257,137,4,3,1,3,1,82,12,80000,4160000
Morgan Sanson,MF,Aston Villa,27,2,0,11.0,0.1,0,0,0,0,0,0,0,0,0.0,0.0,0.0,0.0,0.00,0.00,0.00,0.00,0.00,0.00,0.00,0.00,0.0,0.0,0.0,0.0,0.0,0.0,0.0,0.0,0.0,0.0,0.0,0.0,0.0,0.0,0.0,0.0,0.0,0.0,0.0,0.0,0.0,0.0,0.0,0.0,0,0,,0.00,0.00,,,,5,7,71.4,55,12,3,4,75.0,1,2,50.0,0,0,,0,0,0,0,1,7,0,0,0,0,0,0,0,0,0,0.00,0,0.00,0,0,0,0,0,0,0,0.00,0,0,0,0,0,0,2,1,1,1,0,1,1,100.0,0,0,0,0,0,2,0,0,0.1,9,1,1,4,4,0,9,0,0,,0,,5,11,9,0,0,0,1,0,5,0,45000,2340000
Moussa Djenepo,"DF,FW",Southampton,24,16,7,710.0,7.9,0,2,2,0,0,0,1,0,0.2,0.2,0.5,0.7,0.00,0.25,0.25,0.00,0.02,0.06,0.02,0.09,0.0,0.0,0.0,0.0,0.0,0.0,0.0,0.0,0.0,0.0,0.0,0.0,0.0,0.0,0.0,0.0,0.0,0.0,0.0,0.0,0.0,0.0,0.0,0.0,3,2,66.7,0.38,0.25,0.00,0.00,13.8,179,244,73.4,2605,772,104,119,87.4,60,83,72.3,8,20,40.0,9,13,5,3,19,216,27,3,0,2,12,24,0,1,17,2.15,17,2.15,12,0,2,1,2,0,4,0.51,2,0,2,0,0,0,19,11,13,5,1,11,27,40.7,16,19,2,17,11,30,7,0,7.9,358,16,103,158,102,16,358,42,19,45.2,17,40.5,197,1423,726,27,11,6,15,7,182,39,65000,3380000
Moussa Niakhate,DF,Nott'ham Forest,26,14,14,1163.0,12.9,0,0,0,0,0,0,1,0,0.6,0.6,0.1,0.7,0.00,0.00,0.00,0.00,0.05,0.01,0.05,0.06,0.0,0.0,0.0,0.0,0.0,0.0,0.0,0.0,0.0,0.0,0.0,0.0,0.0,0.0,0.0,0.0,0.0,0.0,0.0,0.0,0.0,0.0,0.0,0.0,6,3,50.0,0.46,0.23,0.00,0.00,12.4,265,391,67.8,5245,2626,94,103,91.3,129,183,70.5,39,90,43.3,1,16,0,0,15,293,98,8,0,0,2,90,0,0,9,0.70,9,0.70,4,5,0,0,0,0,1,0.08,0,1,0,0,0,0,18,9,15,3,0,11,22,50.0,11,18,8,10,19,37,60,0,12.9,528,96,301,159,69,7,528,4,0,0.0,4,100.0,184,923,435,2,0,0,5,1,189,3,45000,2340000
Mykhailo Mudryk,"FW,MF",Chelsea,21,15,7,657.0,7.3,0,2,2,0,0,0,1,0,1.9,1.9,0.9,2.8,0.00,0.27,0.27,0.00,0.25,0.13,0.25,0.38,0.0,0.0,0.0,0.0,0.0,0.0,0.0,0.0,0.0,0.0,0.0,0.0,0.0,0.0,0.0,0.0,0.0,0.0,0.0,0.0,0.0,0.0,0.0,0.0,14,5,35.7,1.92,0.68,0.00,0.00,18.4,161,216,74.5,2112,668,104,126,82.5,35,48,72.9,9,23,39.1,10,10,10,0,20,193,22,3,1,1,25,6,11,1,21,2.88,21,2.88,13,3,1,1,3,0,2,0.27,2,0,0,0,0,0,11,9,2,4,5,4,13,30.8,9,7,1,6,0,11,3,0,7.3,323,7,40,112,175,28,323,39,13,33.3,20,51.3,194,1438,689,25,20,7,29,11,207,43,100000,5200000
Máximo Perrone,MF,Manchester City,19,1,0,19.0,0.2,0,0,0,0,0,0,0,0,0.0,0.0,0.0,0.0,0.00,0.00,0.00,0.00,0.00,0.00,0.00,0.00,0.0,0.0,0.0,0.0,0.0,0.0,0.0,0.0,0.0,0.0,0.0,0.0,0.0,0.0,0.0,0.0,0.0,0.0,0.0,0.0,0.0,0.0,0.0,0.0,0,0,,0.00,0.00,,,,18,21,85.7,228,32,11,12,91.7,5,5,100.0,0,0,,0,0,0,0,2,20,0,0,0,0,0,0,0,1,1,4.74,1,4.74,1,0,0,0,0,0,0,0.00,0,0,0,0,0,0,0,0,0,0,0,0,0,,0,1,0,1,0,0,0,0,0.2,22,0,4,12,6,2,22,0,0,,0,,8,20,7,0,0,0,0,0,19,1,30000,1560000
N'Golo Kanté,MF,Chelsea,31,7,6,518.0,5.8,0,1,1,0,0,0,1,0,0.3,0.3,1.9,2.2,0.00,0.17,0.17,0.00,0.05,0.32,0.05,0.38,0.0,0.0,0.0,0.0,0.0,0.0,0.0,0.0,0.0,0.0,0.0,0.0,0.0,0.0,0.0,0.0,0.0,0.0,0.0,0.0,0.0,0.0,0.0,0.0,8,1,12.5,1.39,0.17,0.00,0.00,20.9,271,338,80.2,3935,1033,168,190,88.4,84,100,84.0,12,24,50.0,13,23,11,3,34,336,0,0,2,1,11,0,0,2,24,4.17,24,4.17,22,0,1,1,0,0,2,0.35,2,0,0,0,0,0,16,10,4,10,2,4,8,50.0,4,11,0,11,6,22,2,0,5.8,404,11,53,195,163,16,404,18,12,66.7,4,22.2,230,1408,800,19,15,2,13,5,279,36,290000,15080000
Naby Keïta,MF,Liverpool,27,8,3,293.0,3.3,0,0,0,0,0,0,1,0,0.6,0.6,0.7,1.3,0.00,0.00,0.00,0.00,0.20,0.21,0.20,0.41,0.0,0.0,0.0,0.0,0.0,0.0,0.0,0.0,0.0,0.0,0.0,0.0,0.0,0.0,0.0,0.0,0.0,0.0,0.0,0.0,0.0,0.0,0.0,0.0,10,0,0.0,3.07,0.00,0.00,,20.6,129,168,76.8,1820,590,75,87,86.2,43,54,79.6,6,8,75.0,8,15,2,0,15,161,6,1,0,0,2,1,0,1,12,3.67,12,3.67,10,0,0,2,0,0,0,0.00,0,0,0,0,0,0,5,4,2,3,0,1,4,25.0,3,1,0,1,2,7,3,0,3.3,206,5,34,114,59,11,206,4,3,75.0,0,0.0,111,536,220,5,6,0,12,7,140,21,120000,6240000
Nampalys Mendy,MF,Leicester City,30,19,7,757.0,8.4,1,0,1,1,0,0,1,0,0.1,0.1,0.0,0.2,0.12,0.00,0.12,0.12,0.02,0.00,0.02,0.02,0.0,0.0,0.0,0.0,0.0,0.0,0.0,0.0,0.0,0.0,0.0,0.0,0.0,0.0,0.0,0.0,0.0,0.0,0.0,0.0,0.0,0.0,0.0,0.0,2,1,50.0,0.24,0.12,0.50,1.00,21.1,362,413,87.7,5580,1124,189,204,92.6,143,156,91.7,20,27,74.1,2,20,3,0,28,399,12,8,1,2,1,1,0,2,9,1.07,9,1.07,5,0,1,0,1,2,0,0.00,0,0,0,0,0,0,13,9,7,6,0,8,15,53.3,7,20,4,16,13,26,2,0,8.4,490,12,139,310,45,2,490,11,7,63.6,3,27.3,283,1352,468,2,5,0,7,1,333,4,55000,2860000
Naouirou Ahamada,"MF,FW",Crystal Palace,20,8,0,94.0,1.0,0,0,0,0,0,0,1,0,0.2,0.2,0.1,0.2,0.00,0.00,0.00,0.00,0.15,0.07,0.15,0.22,0.0,0.0,0.0,0.0,0.0,0.0,0.0,0.0,0.0,0.0,0.0,0.0,0.0,0.0,0.0,0.0,0.0,0.0,0.0,0.0,0.0,0.0,0.0,0.0,3,0,0.0,2.87,0.00,0.00,,15.9,37,46,80.4,550,179,19,23,82.6,15,17,88.2,1,3,33.3,1,3,0,0,2,45,1,0,0,0,2,0,0,0,2,1.91,2,1.91,1,0,0,1,0,0,0,0.00,0,0,0,0,0,0,3,2,3,0,0,1,3,33.3,2,2,0,2,0,3,0,0,1.0,63,0,12,35,16,4,63,2,1,50.0,1,50.0,32,179,70,1,2,1,5,1,39,11,20000,1040000
Nathan Aké,DF,Manchester City,27,26,22,1873.0,20.8,1,0,1,1,0,0,2,0,1.6,1.6,0.7,2.3,0.05,0.00,0.05,0.05,0.07,0.04,0.07,0.11,0.0,0.0,0.0,0.0,0.0,0.0,0.0,0.0,0.0,0.0,0.0,0.0,0.0,0.0,0.0,0.0,0.0,0.0,0.0,0.0,0.0,0.0,0.0,0.0,9,2,22.2,0.43,0.10,0.11,0.50,10.5,1639,1813,90.4,26199,8953,803,846,94.9,745,809,92.1,63,98,64.3,9,165,9,1,140,1685,126,35,1,6,15,91,0,2,24,1.15,24,1.15,20,1,0,2,0,1,2,0.10,2,0,0,0,0,0,26,12,15,9,2,11,15,73.3,4,20,10,10,20,46,48,0,20.8,1959,86,615,1097,256,32,1959,5,3,60.0,1,20.0,1223,5455,3314,25,19,4,16,0,1492,30,90000,4680000
Nathan Collins,DF,Wolves,21,26,19,1814.0,20.2,0,0,0,0,0,0,2,1,0.2,0.2,0.1,0.3,0.00,0.00,0.00,0.00,0.01,0.00,0.01,0.02,0.0,0.0,0.0,0.0,0.0,0.0,0.0,0.0,0.0,0.0,0.0,0.0,0.0,0.0,0.0,0.0,0.0,0.0,0.0,0.0,0.0,0.0,0.0,0.0,3,0,0.0,0.15,0.00,0.00,,9.0,1001,1138,88.0,20045,6918,304,332,91.6,566,610,92.8,114,168,67.9,2,68,2,0,64,1112,23,17,0,9,0,6,0,3,10,0.50,10,0.50,7,0,1,0,2,0,0,0.00,0,0,0,0,0,0,27,15,19,8,0,15,24,62.5,9,35,28,7,21,48,84,0,20.2,1339,208,801,500,45,13,1339,8,7,87.5,0,0.0,724,3470,1799,11,9,2,9,8,922,5,20000,1040000
Nathan Patterson,"DF,MF",Everton,20,19,14,1279.0,14.2,0,0,0,0,0,0,3,0,0.5,0.5,0.4,0.9,0.00,0.00,0.00,0.00,0.03,0.03,0.03,0.07,0.0,0.0,0.0,0.0,0.0,0.0,0.0,0.0,0.0,0.0,0.0,0.0,0.0,0.0,0.0,0.0,0.0,0.0,0.0,0.0,0.0,0.0,0.0,0.0,8,1,12.5,0.56,0.07,0.00,0.00,18.2,488,649,75.2,7279,2596,284,315,90.2,172,230,74.8,22,67,32.8,6,21,10,4,24,503,145,7,1,0,39,137,1,1,20,1.41,20,1.41,16,1,0,0,2,1,0,0.00,0,0,0,0,0,0,49,24,32,13,4,29,54,53.7,25,24,4,20,15,64,45,0,14.2,836,71,310,295,238,19,836,24,11,45.8,12,50.0,349,1940,851,16,12,3,22,9,431,51,28000,1456000
Nathan Redmond,DF,Southampton,28,1,0,1.0,0.0,0,0,0,0,0,0,0,0,0.0,0.0,0.0,0.0,0.00,0.00,0.00,0.00,0.00,0.00,0.00,0.00,0.0,0.0,0.0,0.0,0.0,0.0,0.0,0.0,0.0,0.0,0.0,0.0,0.0,0.0,0.0,0.0,0.0,0.0,0.0,0.0,0.0,0.0,0.0,0.0,0,0,,0.00,0.00,,,,0,1,0.0,0,0,0,0,,0,1,0.0,0,0,,0,0,0,0,0,1,0,0,0,0,1,0,0,0,0,0.00,0,0.00,0,0,0,0,0,0,0,0.00,0,0,0,0,0,0,0,0,0,0,0,0,0,,0,0,0,0,0,0,0,0,0.0,1,0,0,0,1,0,1,0,0,,0,,1,1,1,0,0,0,0,0,1,1,0.0,0.0
Nathaniel Chalobah,MF,Fulham,27,4,1,12.0,0.1,0,0,0,0,0,0,0,1,0.1,0.1,0.0,0.1,0.00,0.00,0.00,0.00,0.71,0.00,0.71,0.71,0.0,0.0,0.0,0.0,0.0,0.0,0.0,0.0,0.0,0.0,0.0,0.0,0.0,0.0,0.0,0.0,0.0,0.0,0.0,0.0,0.0,0.0,0.0,0.0,1,1,100.0,7.50,7.50,0.00,0.00,10.1,4,5,80.0,67,9,2,2,100.0,2,2,100.0,0,0,,0,1,0,0,0,5,0,0,0,0,0,0,0,0,0,0.00,0,0.00,0,0,0,0,0,0,0,0.00,0,0,0,0,0,0,1,1,1,0,0,1,1,100.0,0,0,0,0,0,1,2,0,0.1,11,4,5,3,3,1,11,0,0,,0,,6,16,8,0,1,0,1,1,8,0,35000,1820000
Nathaniel Clyne,DF,Crystal Palace,31,22,19,1640.0,18.2,0,0,0,0,0,0,3,0,0.0,0.0,0.7,0.7,0.00,0.00,0.00,0.00,0.00,0.04,0.00,0.04,0.0,0.0,0.0,0.0,0.0,0.0,0.0,0.0,0.0,0.0,0.0,0.0,0.0,0.0,0.0,0.0,0.0,0.0,0.0,0.0,0.0,0.0,0.0,0.0,0,0,,0.00,0.00,,,,654,832,78.6,10205,3887,341,386,88.3,283,346,81.8,24,73,32.9,7,51,6,5,52,674,156,7,0,3,21,149,0,2,18,0.99,18,0.99,16,1,0,0,1,0,0,0.00,0,0,0,0,0,0,27,16,13,9,5,14,23,60.9,9,22,4,18,19,46,34,0,18.2,971,44,313,475,186,3,971,12,5,41.7,5,41.7,423,1778,896,14,10,1,12,3,531,29,80000,4160000
Nathaniel Phillips,DF,Liverpool,25,2,1,66.0,0.7,0,0,0,0,0,0,0,0,0.0,0.0,0.0,0.0,0.00,0.00,0.00,0.00,0.06,0.00,0.06,0.06,0.0,0.0,0.0,0.0,0.0,0.0,0.0,0.0,0.0,0.0,0.0,0.0,0.0,0.0,0.0,0.0,0.0,0.0,0.0,0.0,0.0,0.0,0.0,0.0,1,0,0.0,1.36,0.00,0.00,,10.8,71,82,86.6,1364,602,32,34,94.1,27,29,93.1,9,14,64.3,0,7,0,0,9,80,2,2,0,2,0,0,0,0,1,1.36,1,1.36,1,0,0,0,0,0,0,0.00,0,0,0,0,0,0,2,1,0,2,0,2,2,100.0,0,0,0,0,2,4,1,0,0.7,89,3,26,63,2,1,89,0,0,,0,,69,574,393,0,1,0,2,0,60,0,65000,3380000
Nayef Aguerd,DF,West Ham,26,18,17,1595.0,17.7,2,0,2,2,0,0,4,0,2.2,2.2,0.5,2.7,0.11,0.00,0.11,0.11,0.13,0.03,0.13,0.15,0.0,0.0,0.0,0.0,0.0,0.0,0.0,0.0,0.0,0.0,0.0,0.0,0.0,0.0,0.0,0.0,0.0,0.0,0.0,0.0,0.0,0.0,0.0,0.0,12,2,16.7,0.68,0.11,0.17,1.00,9.9,599,763,78.5,12203,5332,224,244,91.8,287,335,85.7,82,169,48.5,6,37,4,0,25,723,36,29,0,21,0,0,0,4,14,0.79,14,0.79,12,1,0,1,0,0,0,0.00,0,0,0,0,0,0,27,18,18,8,1,13,20,65.0,7,26,24,2,18,45,79,2,17.7,949,161,563,358,35,23,949,6,4,66.7,0,0.0,523,2127,1137,2,1,0,8,7,564,4,50000,2600000
Neal Maupay,FW,Everton,25,27,11,1118.0,12.4,1,0,1,1,0,0,4,0,4.8,4.8,0.6,5.4,0.08,0.00,0.08,0.08,0.39,0.05,0.39,0.43,0.0,0.0,0.0,0.0,0.0,0.0,0.0,0.0,0.0,0.0,0.0,0.0,0.0,0.0,0.0,0.0,0.0,0.0,0.0,0.0,0.0,0.0,0.0,0.0,32,13,40.6,2.58,1.05,0.03,0.08,14.3,190,253,75.1,2500,217,125,151,82.8,49,63,77.8,7,9,77.8,7,8,2,0,11,222,30,1,0,1,3,2,0,1,18,1.45,18,1.45,12,0,1,2,3,0,1,0.08,1,0,0,0,0,0,11,5,3,4,4,2,4,50.0,2,8,0,8,5,16,0,0,12.4,387,1,27,172,194,49,387,19,7,36.8,12,63.2,219,864,306,8,7,3,38,16,280,61,50000,2600000
Neco Williams,DF,Nott'ham Forest,21,31,20,1882.0,20.9,1,0,1,1,0,0,7,0,1.3,1.3,1.4,2.7,0.05,0.00,0.05,0.05,0.06,0.07,0.06,0.13,0.0,0.0,0.0,0.0,0.0,0.0,0.0,0.0,0.0,0.0,0.0,0.0,0.0,0.0,0.0,0.0,0.0,0.0,0.0,0.0,0.0,0.0,0.0,0.0,25,7,28.0,1.20,0.33,0.04,0.14,21.2,533,840,63.5,9565,3461,254,307,82.7,196,286,68.5,68,177,38.4,15,29,14,9,33,651,182,28,3,7,89,141,13,7,39,1.86,39,1.86,23,4,4,2,3,3,2,0.10,1,0,0,1,0,0,72,47,49,17,6,38,71,53.5,33,33,8,25,33,105,48,0,20.9,1153,82,445,422,309,23,1153,55,19,34.5,31,56.4,555,3620,2064,51,33,5,31,17,532,67,50000,2600000
Neeskens Kebano,FW,Fulham,30,17,9,764.0,8.5,0,3,3,0,0,0,0,0,0.5,0.5,1.5,2.0,0.00,0.35,0.35,0.00,0.06,0.18,0.06,0.23,0.0,0.0,0.0,0.0,0.0,0.0,0.0,0.0,0.0,0.0,0.0,0.0,0.0,0.0,0.0,0.0,0.0,0.0,0.0,0.0,0.0,0.0,0.0,0.0,9,2,22.2,1.06,0.24,0.00,0.00,15.2,155,212,73.1,2079,517,93,106,87.7,43,58,74.1,6,13,46.2,13,2,9,3,24,206,6,2,0,1,24,0,4,0,24,2.83,24,2.83,16,2,0,2,3,1,5,0.59,4,0,0,1,0,0,17,9,8,6,3,9,18,50.0,9,14,0,14,1,18,8,0,8.5,321,10,49,92,188,30,321,30,11,36.7,13,43.3,200,1502,841,39,14,11,16,12,216,68,30000,1560000
Neto,GK,Bournemouth,33,27,27,2385.0,26.5,0,0,0,0,0,0,4,0,0.0,0.0,0.0,0.0,0.00,0.00,0.00,0.00,0.00,0.00,0.00,0.00,1.47,138,100,74.6,6,22.2,39.7,0.26,160,437,36.6,601,136,47.4,37.8,231,65.8,44.6,510,35,6.9,25,0.94,12.1,0,0,,0.00,0.00,,,,521,833,62.5,15893,12592,109,111,98.2,194,201,96.5,211,513,41.1,0,14,2,0,0,513,319,88,0,1,0,0,0,1,2,0.08,2,0.08,2,0,0,0,0,0,1,0.04,1,0,0,0,0,0,3,1,3,0,0,3,3,100.0,0,0,0,0,0,3,10,3,26.5,895,768,890,6,0,0,895,1,1,100.0,0,0.0,446,2814,2029,0,0,0,1,0,271,0,50000,2600000
Nick Pope,GK,Newcastle Utd,30,37,37,3261.0,36.2,0,0,0,0,0,0,3,1,0.0,0.0,0.1,0.1,0.00,0.00,0.00,0.00,0.00,0.00,0.00,0.00,0.88,118,85,74.6,14,37.8,31.3,0.24,120,368,32.6,683,232,33.1,33.0,207,68.6,50.7,411,34,8.3,74,2.04,18.2,0,0,,0.00,0.00,,,,614,890,69.0,17068,11723,121,122,99.2,275,283,97.2,212,478,44.4,2,13,0,0,1,612,278,71,0,3,0,0,0,0,5,0.14,5,0.14,4,1,0,0,0,0,0,0.00,0,0,0,0,0,0,1,0,1,0,0,1,3,33.3,2,0,0,0,0,1,27,2,36.2,974,821,967,7,0,0,974,0,0,,0,,502,2949,1724,0,0,0,2,0,344,0,60000,3120000
Noni Madueke,FW,Chelsea,20,12,7,643.0,7.1,1,0,1,1,0,0,0,0,0.9,0.9,0.5,1.5,0.14,0.00,0.14,0.14,0.13,0.07,0.13,0.20,0.0,0.0,0.0,0.0,0.0,0.0,0.0,0.0,0.0,0.0,0.0,0.0,0.0,0.0,0.0,0.0,0.0,0.0,0.0,0.0,0.0,0.0,0.0,0.0,12,6,50.0,1.68,0.84,0.08,0.17,15.6,223,286,78.0,2972,771,137,162,84.6,66,86,76.7,8,12,66.7,13,11,13,0,36,278,8,0,0,0,19,7,1,0,24,3.36,24,3.36,19,0,4,1,0,0,1,0.14,1,0,0,0,0,0,12,8,5,4,3,6,13,46.2,7,13,2,11,4,16,7,0,7.1,405,11,45,133,233,62,405,63,33,52.4,24,38.1,278,2090,1203,48,21,26,17,13,315,100,50000,2600000
Nélson Semedo,DF,Wolves,28,36,31,2632.0,29.2,0,1,1,0,0,0,11,1,0.4,0.4,0.7,1.2,0.00,0.03,0.03,0.00,0.01,0.03,0.01,0.04,0.0,0.0,0.0,0.0,0.0,0.0,0.0,0.0,0.0,0.0,0.0,0.0,0.0,0.0,0.0,0.0,0.0,0.0,0.0,0.0,0.0,0.0,0.0,0.0,9,0,0.0,0.31,0.00,0.00,,20.5,1211,1499,80.8,18149,6122,706,772,91.5,427,525,81.3,59,126,46.8,11,103,15,5,110,1263,233,6,4,1,60,227,0,3,35,1.20,35,1.20,28,0,0,4,3,0,3,0.10,3,0,0,0,0,0,71,42,48,19,4,33,64,51.6,31,42,15,27,29,100,83,2,29.2,1858,139,589,837,451,29,1858,73,33,45.2,33,45.2,998,5308,2691,50,42,5,42,19,1087,147,80000,4160000
Odeluga Offiah,DF,Brighton,19,2,0,25.0,0.3,0,0,0,0,0,0,0,0,0.0,0.0,0.0,0.0,0.00,0.00,0.00,0.00,0.00,0.00,0.00,0.00,0.0,0.0,0.0,0.0,0.0,0.0,0.0,0.0,0.0,0.0,0.0,0.0,0.0,0.0,0.0,0.0,0.0,0.0,0.0,0.0,0.0,0.0,0.0,0.0,0,0,,0.00,0.00,,,,24,30,80.0,347,47,14,17,82.4,9,12,75.0,1,1,100.0,0,2,1,0,1,29,1,0,0,0,0,1,0,0,1,3.60,1,3.60,1,0,0,0,0,0,0,0.00,0,0,0,0,0,0,1,1,1,0,0,0,2,0.0,2,0,0,0,0,1,1,0,0.3,35,0,11,21,3,0,35,1,1,100.0,0,0.0,17,90,44,1,0,0,1,0,19,1,0.0,0.0
Odsonne Édouard,FW,Crystal Palace,24,35,20,1803.0,20.0,5,2,7,5,0,0,3,0,4.2,4.2,1.2,5.4,0.25,0.10,0.35,0.25,0.21,0.06,0.21,0.27,0.0,0.0,0.0,0.0,0.0,0.0,0.0,0.0,0.0,0.0,0.0,0.0,0.0,0.0,0.0,0.0,0.0,0.0,0.0,0.0,0.0,0.0,0.0,0.0,39,15,38.5,1.95,0.75,0.13,0.33,12.5,295,412,71.6,3307,535,212,266,79.7,54,86,62.8,5,10,50.0,17,9,9,0,32,390,20,0,1,0,4,0,0,2,44,2.20,44,2.20,32,0,1,9,2,0,4,0.20,4,0,0,0,0,0,25,13,7,12,6,7,13,53.8,6,17,5,12,3,28,22,0,20.0,672,25,68,317,293,95,672,46,16,34.8,28,60.9,354,1637,633,29,21,21,60,51,479,100,90000,4680000
Oleksandr Zinchenko,DF,Arsenal,25,27,26,2118.0,23.5,1,2,3,1,0,0,3,0,1.4,1.4,1.4,2.8,0.04,0.08,0.13,0.04,0.06,0.06,0.06,0.12,0.0,0.0,0.0,0.0,0.0,0.0,0.0,0.0,0.0,0.0,0.0,0.0,0.0,0.0,0.0,0.0,0.0,0.0,0.0,0.0,0.0,0.0,0.0,0.0,28,7,25.0,1.19,0.30,0.04,0.14,22.7,1652,1911,86.4,27023,7899,808,876,92.2,696,798,87.2,105,148,70.9,19,201,41,4,227,1703,203,49,6,12,37,153,1,5,56,2.38,56,2.38,49,1,0,4,1,1,4,0.17,3,0,0,1,0,0,40,18,14,17,9,21,40,52.5,19,20,2,18,22,62,38,2,23.5,2112,77,463,1058,610,33,2112,25,15,60.0,9,36.0,1263,6899,3787,67,66,8,16,15,1398,68,150000,7800000
Oliver Skipp,MF,Tottenham,21,23,18,1491.0,16.6,1,0,1,1,0,0,7,0,0.3,0.3,0.6,0.9,0.06,0.00,0.06,0.06,0.02,0.04,0.02,0.05,0.0,0.0,0.0,0.0,0.0,0.0,0.0,0.0,0.0,0.0,0.0,0.0,0.0,0.0,0.0,0.0,0.0,0.0,0.0,0.0,0.0,0.0,0.0,0.0,7,3,42.9,0.42,0.18,0.14,0.33,23.2,660,772,85.5,10674,2638,326,354,92.1,270,300,90.0,42,63,66.7,10,52,7,1,56,755,12,7,1,4,10,0,0,5,27,1.63,27,1.63,24,0,0,0,2,1,1,0.06,0,0,0,0,1,0,34,17,18,15,1,16,33,48.5,17,17,8,9,17,51,19,1,16.6,915,45,245,554,124,7,915,15,11,73.3,3,20.0,496,2147,941,14,15,2,17,16,634,25,40000,2080000
Ollie Watkins,FW,Aston Villa,26,37,36,3127.0,34.7,15,6,21,14,1,2,4,0,16.5,14.9,3.8,18.7,0.43,0.17,0.60,0.40,0.47,0.11,0.43,0.54,0.0,0.0,0.0,0.0,0.0,0.0,0.0,0.0,0.0,0.0,0.0,0.0,0.0,0.0,0.0,0.0,0.0,0.0,0.0,0.0,0.0,0.0,0.0,0.0,84,45,53.6,2.42,1.30,0.17,0.31,12.6,391,566,69.1,4682,840,261,344,75.9,84,122,68.9,12,15,80.0,31,23,16,2,39,554,9,0,0,2,9,3,0,3,79,2.27,79,2.27,51,0,6,11,11,0,14,0.40,6,0,2,5,1,0,19,13,3,13,3,10,27,37.0,17,21,4,17,10,29,39,0,34.7,927,47,86,365,488,164,925,65,18,27.7,36,55.4,475,2519,1164,50,24,32,82,39,684,196,75000,3900000
Omari Hutchinson,FW,Chelsea,18,1,0,23.0,0.3,0,0,0,0,0,0,0,0,0.0,0.0,0.0,0.0,0.00,0.00,0.00,0.00,0.00,0.18,0.00,0.18,0.0,0.0,0.0,0.0,0.0,0.0,0.0,0.0,0.0,0.0,0.0,0.0,0.0,0.0,0.0,0.0,0.0,0.0,0.0,0.0,0.0,0.0,0.0,0.0,0,0,,0.00,0.00,,,,9,13,69.2,124,9,7,8,87.5,1,1,100.0,1,2,50.0,1,0,0,0,0,13,0,0,0,0,2,0,0,0,2,7.83,2,7.83,2,0,0,0,0,0,0,0.00,0,0,0,0,0,0,0,0,0,0,0,0,0,,0,0,0,0,1,1,0,0,0.3,16,0,0,4,12,3,16,0,0,,0,,11,61,23,1,0,1,1,1,12,2,0.0,0.0
Orel Mangala,MF,Nott'ham Forest,24,27,20,1550.0,17.2,1,1,2,1,0,0,3,0,0.6,0.6,0.4,0.9,0.06,0.06,0.12,0.06,0.03,0.02,0.03,0.06,0.0,0.0,0.0,0.0,0.0,0.0,0.0,0.0,0.0,0.0,0.0,0.0,0.0,0.0,0.0,0.0,0.0,0.0,0.0,0.0,0.0,0.0,0.0,0.0,9,3,33.3,0.52,0.17,0.11,0.33,20.7,411,514,80.0,6178,1807,223,256,87.1,153,183,83.6,22,42,52.4,3,35,3,0,43,508,4,3,1,1,6,0,0,2,13,0.76,13,0.76,11,0,0,0,2,0,1,0.06,1,0,0,0,0,0,28,20,16,10,2,12,29,41.4,17,21,7,14,23,51,15,0,17.2,655,31,183,380,99,8,655,34,16,47.1,12,35.3,334,1742,808,14,6,2,11,9,383,8,30000,1560000
Oriol Romeu,MF,Southampton,30,1,1,74.0,0.8,0,0,0,0,0,0,0,0,0.0,0.0,0.0,0.0,0.00,0.00,0.00,0.00,0.00,0.00,0.00,0.00,0.0,0.0,0.0,0.0,0.0,0.0,0.0,0.0,0.0,0.0,0.0,0.0,0.0,0.0,0.0,0.0,0.0,0.0,0.0,0.0,0.0,0.0,0.0,0.0,0,0,,0.00,0.00,,,,28,30,93.3,453,79,10,11,90.9,15,16,93.8,2,2,100.0,0,0,2,0,4,30,0,0,0,0,1,0,0,0,3,3.65,3,3.65,2,0,0,0,1,0,0,0.00,0,0,0,0,0,0,1,0,0,1,0,0,0,,0,1,0,1,1,2,1,0,0.8,37,2,5,19,14,1,37,1,1,100.0,0,0.0,18,128,66,2,1,0,1,0,20,0,0.0,0.0
Owen Bevan,DF,Bournemouth,18,1,0,9.0,0.1,0,0,0,0,0,0,0,0,0.0,0.0,0.0,0.0,0.00,0.00,0.00,0.00,0.00,0.00,0.00,0.00,0.0,0.0,0.0,0.0,0.0,0.0,0.0,0.0,0.0,0.0,0.0,0.0,0.0,0.0,0.0,0.0,0.0,0.0,0.0,0.0,0.0,0.0,0.0,0.0,0,0,,0.00,0.00,,,,2,3,66.7,38,7,1,1,100.0,1,1,100.0,0,0,,0,0,0,0,0,3,0,0,0,0,0,0,0,0,0,0.00,0,0.00,0,0,0,0,0,0,0,0.00,0,0,0,0,0,0,0,0,0,0,0,0,0,,0,0,0,0,0,0,0,0,0.1,3,0,3,0,0,0,3,0,0,,0,,1,0,0,0,0,0,0,0,1,0,0.0,0.0
Pablo Fornals,"FW,MF",West Ham,26,32,17,1503.0,16.7,3,1,4,3,0,0,0,0,2.2,2.2,1.7,3.9,0.18,0.06,0.24,0.18,0.13,0.10,0.13,0.24,0.0,0.0,0.0,0.0,0.0,0.0,0.0,0.0,0.0,0.0,0.0,0.0,0.0,0.0,0.0,0.0,0.0,0.0,0.0,0.0,0.0,0.0,0.0,0.0,27,7,25.9,1.62,0.42,0.11,0.43,22.6,557,771,72.2,9313,2676,261,300,87.0,208,277,75.1,61,124,49.2,20,60,12,4,89,719,48,6,7,10,59,7,21,4,57,3.41,57,3.41,48,4,1,3,0,1,3,0.18,2,0,1,0,0,0,30,15,9,12,9,13,34,38.2,21,16,2,14,14,44,9,0,16.7,917,16,144,424,360,36,917,23,12,52.2,10,43.5,500,2480,1255,33,24,12,21,15,616,101,65000,3380000
Pablo Sarabia,"FW,MF",Wolves,30,13,9,765.0,8.5,1,0,1,1,0,0,3,0,3.1,3.1,0.8,3.9,0.12,0.00,0.12,0.12,0.36,0.09,0.36,0.46,0.0,0.0,0.0,0.0,0.0,0.0,0.0,0.0,0.0,0.0,0.0,0.0,0.0,0.0,0.0,0.0,0.0,0.0,0.0,0.0,0.0,0.0,0.0,0.0,20,5,25.0,2.35,0.59,0.05,0.20,14.8,252,365,69.0,3772,1260,151,176,85.8,66,92,71.7,22,59,37.3,11,26,15,4,41,324,39,8,2,3,46,3,28,2,31,3.65,31,3.65,21,5,0,5,0,0,0,0.00,0,0,0,0,0,0,12,6,4,5,3,6,15,40.0,9,7,0,7,2,14,4,0,8.5,450,9,68,189,199,22,450,12,2,16.7,9,75.0,267,1195,522,17,15,4,9,14,312,54,90000,4680000
Pape Matar Sarr,"MF,FW",Tottenham,19,11,2,218.0,2.4,0,1,1,0,0,0,1,0,0.1,0.1,0.3,0.4,0.00,0.41,0.41,0.00,0.03,0.14,0.03,0.17,0.0,0.0,0.0,0.0,0.0,0.0,0.0,0.0,0.0,0.0,0.0,0.0,0.0,0.0,0.0,0.0,0.0,0.0,0.0,0.0,0.0,0.0,0.0,0.0,2,0,0.0,0.83,0.00,0.00,,27.3,141,154,91.6,2130,449,70,73,95.9,62,65,95.4,3,8,37.5,2,9,0,0,13,150,4,2,0,1,0,0,0,0,4,1.65,4,1.65,4,0,0,0,0,0,2,0.83,2,0,0,0,0,0,7,6,4,2,1,4,8,50.0,4,3,2,1,6,13,6,0,2.4,190,15,65,104,21,1,190,5,2,40.0,1,20.0,122,577,216,1,0,0,5,2,125,0,20000,1040000
Pascal Groß,"MF,DF",Brighton,31,37,37,3239.0,36.0,9,8,17,9,0,0,6,0,5.4,5.4,10.9,16.3,0.25,0.22,0.47,0.25,0.15,0.30,0.15,0.45,0.0,0.0,0.0,0.0,0.0,0.0,0.0,0.0,0.0,0.0,0.0,0.0,0.0,0.0,0.0,0.0,0.0,0.0,0.0,0.0,0.0,0.0,0.0,0.0,39,19,48.7,1.08,0.53,0.23,0.47,17.4,1879,2347,80.1,30182,8776,988,1079,91.6,681,809,84.2,147,316,46.5,80,157,69,13,255,2004,333,87,9,20,224,86,140,10,138,3.83,138,3.83,90,40,1,5,1,1,12,0.33,10,2,0,0,0,0,59,38,23,27,9,25,55,45.5,30,32,10,22,13,72,21,1,36.0,2602,77,466,1225,924,98,2602,33,17,51.5,13,39.4,1453,6723,3125,62,52,8,39,18,1832,209,60000,3120000
Pascal Struijk,DF,Leeds United,22,29,26,2200.0,24.4,2,1,3,2,0,0,5,0,1.4,1.4,2.4,3.7,0.08,0.04,0.12,0.08,0.06,0.10,0.06,0.15,0.0,0.0,0.0,0.0,0.0,0.0,0.0,0.0,0.0,0.0,0.0,0.0,0.0,0.0,0.0,0.0,0.0,0.0,0.0,0.0,0.0,0.0,0.0,0.0,16,7,43.8,0.65,0.29,0.13,0.29,13.4,1046,1320,79.2,15839,6757,571,655,87.2,396,485,81.6,51,104,49.0,14,90,13,4,119,1065,250,28,0,3,21,222,0,5,35,1.43,35,1.43,25,4,0,5,0,1,2,0.08,0,0,0,2,0,0,84,57,43,31,10,49,77,63.6,28,32,12,20,32,116,70,1,24.4,1619,92,538,708,379,31,1619,18,9,50.0,7,38.9,700,2806,1465,24,25,1,25,12,803,53,50000,2600000
Patrick Bamford,FW,Leeds United,28,28,18,1515.0,16.8,4,2,6,4,0,2,3,0,8.5,6.9,1.0,7.9,0.24,0.12,0.36,0.24,0.51,0.06,0.41,0.47,0.0,0.0,0.0,0.0,0.0,0.0,0.0,0.0,0.0,0.0,0.0,0.0,0.0,0.0,0.0,0.0,0.0,0.0,0.0,0.0,0.0,0.0,0.0,0.0,48,16,33.3,2.85,0.95,0.08,0.25,14.7,229,333,68.8,2421,537,166,211,78.7,35,64,54.7,2,8,25.0,12,18,9,0,23,294,38,0,1,0,5,1,0,1,27,1.60,27,1.60,17,0,1,5,3,1,6,0.36,4,0,1,1,0,0,9,6,0,6,3,4,20,20.0,16,12,5,7,5,14,13,0,16.8,550,19,34,257,266,83,548,34,11,32.4,19,55.9,290,1186,447,17,17,13,56,21,386,96,70000,3640000
Patson Daka,FW,Leicester City,23,30,13,1187.0,13.2,4,4,8,4,0,0,2,0,3.5,3.5,2.8,6.3,0.30,0.30,0.61,0.30,0.27,0.21,0.27,0.48,0.0,0.0,0.0,0.0,0.0,0.0,0.0,0.0,0.0,0.0,0.0,0.0,0.0,0.0,0.0,0.0,0.0,0.0,0.0,0.0,0.0,0.0,0.0,0.0,30,16,53.3,2.27,1.21,0.13,0.25,14.6,195,295,66.1,2605,439,118,157,75.2,55,85,64.7,8,12,66.7,17,7,8,1,17,264,29,0,5,0,8,10,0,2,28,2.12,28,2.12,19,1,1,5,2,0,7,0.53,4,0,1,2,0,0,14,8,6,8,0,3,13,23.1,10,14,2,12,7,21,7,0,13.2,444,13,42,175,230,58,444,18,7,38.9,8,44.4,207,1090,461,18,8,11,46,19,288,82,75000,3900000
Paul Onuachu,FW,Southampton,28,11,4,407.0,4.5,0,0,0,0,0,0,0,0,1.3,1.3,0.1,1.4,0.00,0.00,0.00,0.00,0.28,0.03,0.28,0.31,0.0,0.0,0.0,0.0,0.0,0.0,0.0,0.0,0.0,0.0,0.0,0.0,0.0,0.0,0.0,0.0,0.0,0.0,0.0,0.0,0.0,0.0,0.0,0.0,11,5,45.5,2.43,1.11,0.00,0.00,14.2,55,91,60.4,757,157,35,51,68.6,10,20,50.0,5,7,71.4,4,4,2,0,7,90,1,1,0,2,0,0,0,0,7,1.55,7,1.55,5,0,0,1,1,0,0,0.00,0,0,0,0,0,0,3,2,1,1,1,1,3,33.3,2,4,1,3,0,3,4,0,4.5,153,5,17,66,73,25,153,14,9,64.3,4,28.6,72,274,78,1,1,0,22,9,115,22,30000,1560000
Pedro Neto,"FW,MF",Wolves,22,18,13,964.0,10.7,0,0,0,0,0,0,1,0,1.1,1.1,2.1,3.2,0.00,0.00,0.00,0.00,0.10,0.20,0.10,0.30,0.0,0.0,0.0,0.0,0.0,0.0,0.0,0.0,0.0,0.0,0.0,0.0,0.0,0.0,0.0,0.0,0.0,0.0,0.0,0.0,0.0,0.0,0.0,0.0,17,3,17.6,1.59,0.28,0.00,0.00,20.7,284,384,74.0,4517,1035,165,186,88.7,83,118,70.3,27,54,50.0,20,13,9,4,24,342,42,11,2,3,66,6,25,0,41,3.82,41,3.82,23,6,2,4,5,1,6,0.56,4,0,0,1,1,0,11,6,4,2,5,7,17,41.2,10,5,1,4,4,15,4,0,10.7,517,6,61,166,298,46,517,54,18,33.3,30,55.6,325,2373,1181,37,24,18,29,13,363,111,50000,2600000
Pedro Porro,"DF,MF",Tottenham,22,15,13,1131.0,12.6,3,3,6,3,0,0,0,0,1.8,1.8,3.0,4.8,0.24,0.24,0.48,0.24,0.15,0.24,0.15,0.38,0.0,0.0,0.0,0.0,0.0,0.0,0.0,0.0,0.0,0.0,0.0,0.0,0.0,0.0,0.0,0.0,0.0,0.0,0.0,0.0,0.0,0.0,0.0,0.0,26,7,26.9,2.07,0.56,0.12,0.43,20.4,465,648,71.8,7553,2604,241,272,88.6,168,221,76.0,43,98,43.9,25,28,23,14,39,525,121,6,7,4,77,91,24,2,41,3.26,41,3.26,29,7,1,2,1,1,6,0.48,6,0,0,0,0,0,25,16,8,15,2,14,39,35.9,25,25,2,23,15,40,24,1,12.6,817,45,246,293,285,25,817,41,14,34.1,23,56.1,423,2283,1359,34,17,4,15,7,480,95,85000,4420000
Pervis Estupiñán,DF,Brighton,24,35,31,2675.0,29.7,1,5,6,1,0,0,4,0,1.7,1.7,5.4,7.1,0.03,0.17,0.20,0.03,0.06,0.18,0.06,0.24,0.0,0.0,0.0,0.0,0.0,0.0,0.0,0.0,0.0,0.0,0.0,0.0,0.0,0.0,0.0,0.0,0.0,0.0,0.0,0.0,0.0,0.0,0.0,0.0,29,4,13.8,0.98,0.13,0.03,0.25,19.3,1576,1926,81.8,22843,7059,922,1017,90.7,545,661,82.5,60,110,54.5,51,103,44,19,157,1687,234,31,5,8,101,199,4,5,87,2.93,87,2.93,78,4,3,0,2,0,8,0.27,7,0,0,0,1,0,61,31,36,19,6,35,60,58.3,25,30,8,22,37,98,37,1,29.7,2211,82,506,1076,649,71,2211,42,19,45.2,18,42.9,1292,6134,3440,91,55,15,38,29,1434,183,50000,2600000
Phil Foden,FW,Manchester City,22,32,22,1842.0,20.5,11,6,17,11,0,0,1,0,5.9,5.9,4.7,10.6,0.54,0.29,0.83,0.54,0.29,0.23,0.29,0.52,0.0,0.0,0.0,0.0,0.0,0.0,0.0,0.0,0.0,0.0,0.0,0.0,0.0,0.0,0.0,0.0,0.0,0.0,0.0,0.0,0.0,0.0,0.0,0.0,46,22,47.8,2.25,1.07,0.24,0.50,15.3,904,1111,81.4,13670,2403,527,577,91.3,287,343,83.7,55,103,53.4,43,38,37,9,88,1046,61,9,4,4,91,13,39,4,99,4.83,99,4.83,76,9,6,5,3,0,14,0.68,10,0,3,0,1,0,16,10,9,5,2,8,19,42.1,11,25,2,23,5,21,12,0,20.5,1324,20,116,433,790,131,1324,81,40,49.4,31,38.3,891,4578,2141,68,43,25,34,29,1051,275,225000,11700000
Philip Billing,"MF,FW",Bournemouth,26,36,34,2764.0,30.7,7,1,8,7,0,0,5,0,4.9,4.9,3.2,8.0,0.23,0.03,0.26,0.23,0.16,0.10,0.16,0.26,0.0,0.0,0.0,0.0,0.0,0.0,0.0,0.0,0.0,0.0,0.0,0.0,0.0,0.0,0.0,0.0,0.0,0.0,0.0,0.0,0.0,0.0,0.0,0.0,38,18,47.4,1.24,0.59,0.18,0.39,18.3,813,1055,77.1,11823,3165,460,542,84.9,257,317,81.1,45,94,47.9,26,49,9,3,80,1009,43,20,5,10,38,6,10,3,54,1.76,54,1.76,41,2,5,5,1,0,6,0.20,4,0,0,2,0,0,63,36,21,33,9,11,42,26.2,31,48,8,40,31,94,58,1,30.7,1410,76,334,666,428,71,1410,49,28,57.1,15,30.6,728,3709,1694,37,31,6,42,35,900,101,40000,2080000
Philippe Coutinho,"MF,FW",Aston Villa,30,20,7,788.0,8.8,1,0,1,1,0,0,3,0,1.4,1.4,0.5,1.8,0.11,0.00,0.11,0.11,0.16,0.05,0.16,0.21,0.0,0.0,0.0,0.0,0.0,0.0,0.0,0.0,0.0,0.0,0.0,0.0,0.0,0.0,0.0,0.0,0.0,0.0,0.0,0.0,0.0,0.0,0.0,0.0,21,8,38.1,2.40,0.91,0.05,0.13,21.6,288,384,75.0,4081,976,180,210,85.7,82,112,73.2,17,36,47.2,8,30,8,2,48,352,30,13,5,1,19,5,6,2,24,2.74,24,2.74,19,1,3,1,0,0,0,0.00,0,0,0,0,0,0,19,14,8,8,3,9,15,60.0,6,11,1,10,4,23,2,0,8.8,500,2,34,259,213,24,500,34,14,41.2,15,44.1,309,1747,739,18,28,5,23,17,369,68,125000,6500000
Pierre Højbjerg,MF,Tottenham,26,35,35,3131.0,34.8,4,5,9,4,0,0,5,0,2.0,2.0,3.1,5.1,0.11,0.14,0.26,0.11,0.06,0.09,0.06,0.15,0.0,0.0,0.0,0.0,0.0,0.0,0.0,0.0,0.0,0.0,0.0,0.0,0.0,0.0,0.0,0.0,0.0,0.0,0.0,0.0,0.0,0.0,0.0,0.0,33,9,27.3,0.95,0.26,0.12,0.44,21.2,2021,2292,88.2,36323,9705,897,970,92.5,814,895,90.9,242,314,77.1,30,207,35,5,235,2206,81,56,10,39,15,16,1,5,97,2.79,97,2.79,89,0,2,2,1,3,14,0.40,14,0,0,0,0,0,56,30,28,22,6,26,67,38.8,41,46,17,29,49,105,64,1,34.8,2633,122,670,1537,449,33,2633,45,30,66.7,12,26.7,1507,6846,3215,46,41,8,39,35,1925,66,100000,5200000
Pierre-Emerick Aubameyang,FW,Chelsea,33,15,5,554.0,6.2,1,0,1,1,0,0,1,0,1.5,1.5,0.4,1.9,0.16,0.00,0.16,0.16,0.24,0.07,0.24,0.30,0.0,0.0,0.0,0.0,0.0,0.0,0.0,0.0,0.0,0.0,0.0,0.0,0.0,0.0,0.0,0.0,0.0,0.0,0.0,0.0,0.0,0.0,0.0,0.0,16,7,43.8,2.60,1.14,0.06,0.14,13.7,82,111,73.9,1053,203,56,70,80.0,22,26,84.6,2,4,50.0,4,2,2,1,3,101,10,0,0,0,3,0,0,0,8,1.30,8,1.30,6,0,0,2,0,0,0,0.00,0,0,0,0,0,0,1,0,1,0,0,0,1,0.0,1,2,0,2,2,3,4,2,6.2,161,7,16,69,79,23,161,5,3,60.0,2,40.0,86,529,259,9,6,4,11,4,116,29,160000,8320000
Pontus Jansson,DF,Brentford,31,12,9,724.0,8.0,1,0,1,1,0,0,0,0,0.3,0.3,0.0,0.3,0.12,0.00,0.12,0.12,0.04,0.00,0.04,0.04,0.0,0.0,0.0,0.0,0.0,0.0,0.0,0.0,0.0,0.0,0.0,0.0,0.0,0.0,0.0,0.0,0.0,0.0,0.0,0.0,0.0,0.0,0.0,0.0,4,2,50.0,0.50,0.25,0.25,0.50,9.9,257,321,80.1,5004,1738,81,98,82.7,147,167,88.0,28,45,62.2,0,11,0,0,14,309,11,6,1,0,0,5,0,1,2,0.25,2,0.25,1,0,0,1,0,0,1,0.12,1,0,0,0,0,0,5,3,4,1,0,3,5,60.0,2,13,9,4,9,14,38,0,8.0,393,73,243,137,13,8,393,2,2,100.0,0,0.0,192,734,310,1,1,0,2,1,217,0,25000,1300000
Raheem Sterling,"FW,MF",Chelsea,27,28,23,1891.0,21.0,6,3,9,6,0,0,4,0,6.2,6.2,4.6,10.8,0.29,0.14,0.43,0.29,0.29,0.22,0.29,0.51,0.0,0.0,0.0,0.0,0.0,0.0,0.0,0.0,0.0,0.0,0.0,0.0,0.0,0.0,0.0,0.0,0.0,0.0,0.0,0.0,0.0,0.0,0.0,0.0,42,16,38.1,2.00,0.76,0.14,0.38,13.6,514,685,75.0,6522,1357,326,386,84.5,136,179,76.0,18,33,54.5,34,26,31,9,59,662,21,0,6,0,46,7,7,2,68,3.23,68,3.23,53,0,7,3,4,1,4,0.19,3,0,1,0,0,0,18,10,5,4,9,8,14,57.1,6,17,0,17,2,20,5,0,21.0,910,8,63,278,583,121,910,93,39,41.9,46,49.5,651,4002,2153,81,56,39,46,50,749,186,325000,16900000
Raphaël Varane,DF,Manchester Utd,29,24,22,1911.0,21.2,0,0,0,0,0,0,1,0,0.7,0.7,0.2,0.9,0.00,0.00,0.00,0.00,0.03,0.01,0.03,0.04,0.0,0.0,0.0,0.0,0.0,0.0,0.0,0.0,0.0,0.0,0.0,0.0,0.0,0.0,0.0,0.0,0.0,0.0,0.0,0.0,0.0,0.0,0.0,0.0,8,4,50.0,0.38,0.19,0.00,0.00,11.6,954,1106,86.3,17988,5712,319,355,89.9,551,597,92.3,72,128,56.3,4,82,3,0,63,1073,30,27,2,4,1,3,0,3,17,0.80,17,0.80,12,1,0,3,0,1,0,0.00,0,0,0,0,0,0,24,9,18,6,0,7,17,41.2,10,24,17,7,11,35,91,0,21.2,1293,153,611,631,54,18,1293,10,6,60.0,4,40.0,797,5357,3030,17,15,0,2,1,850,4,340000,17680000
Rasmus Kristensen,DF,Leeds United,25,26,21,1960.0,21.8,3,1,4,3,0,0,4,0,0.8,0.8,1.0,1.9,0.14,0.05,0.18,0.14,0.04,0.05,0.04,0.09,0.0,0.0,0.0,0.0,0.0,0.0,0.0,0.0,0.0,0.0,0.0,0.0,0.0,0.0,0.0,0.0,0.0,0.0,0.0,0.0,0.0,0.0,0.0,0.0,13,5,38.5,0.60,0.23,0.23,0.60,15.2,740,1044,70.9,12326,5355,364,435,83.7,310,410,75.6,52,134,38.8,9,63,16,2,89,861,181,7,0,3,35,174,0,2,35,1.61,35,1.61,30,1,2,1,0,1,3,0.14,2,0,1,0,0,0,62,35,35,21,6,42,76,55.3,34,32,14,18,35,97,61,0,21.8,1276,90,470,529,282,23,1276,15,7,46.7,7,46.7,547,1722,833,15,10,4,6,5,633,70,40000,2080000
Rayan Aït-Nouri,DF,Wolves,21,21,9,1076.0,12.0,1,0,1,1,0,0,4,0,0.7,0.7,1.0,1.7,0.08,0.00,0.08,0.08,0.06,0.08,0.06,0.14,0.0,0.0,0.0,0.0,0.0,0.0,0.0,0.0,0.0,0.0,0.0,0.0,0.0,0.0,0.0,0.0,0.0,0.0,0.0,0.0,0.0,0.0,0.0,0.0,10,5,50.0,0.84,0.42,0.10,0.20,14.1,470,578,81.3,7079,2353,268,300,89.3,169,205,82.4,20,32,62.5,7,29,14,5,43,487,89,5,0,2,21,81,3,2,23,1.93,23,1.93,14,2,4,1,2,0,0,0.00,0,0,0,0,0,0,33,20,25,7,1,9,16,56.3,7,3,0,3,9,42,28,0,12.0,740,40,240,279,233,28,740,50,28,56.0,18,36.0,395,2260,1244,30,13,10,28,12,454,76,10000,520000
Raúl Jiménez,FW,Wolves,31,15,8,846.0,9.4,0,1,1,0,0,0,0,0,2.6,2.6,1.7,4.3,0.00,0.11,0.11,0.00,0.27,0.18,0.27,0.46,0.0,0.0,0.0,0.0,0.0,0.0,0.0,0.0,0.0,0.0,0.0,0.0,0.0,0.0,0.0,0.0,0.0,0.0,0.0,0.0,0.0,0.0,0.0,0.0,20,9,45.0,2.13,0.96,0.00,0.00,14.5,140,198,70.7,1933,349,86,109,78.9,35,50,70.0,10,18,55.6,8,8,7,1,14,173,25,0,1,2,5,4,0,0,18,1.92,18,1.92,12,0,1,3,2,0,2,0.21,1,0,0,1,0,0,9,6,3,5,1,3,6,50.0,3,9,0,9,0,9,8,0,9.4,293,11,28,139,127,44,293,10,5,50.0,4,40.0,146,626,241,5,3,2,23,14,219,45,100000,5200000
Reece James,"DF,MF",Chelsea,22,16,14,1244.0,13.8,1,1,2,1,0,0,4,0,1.0,1.0,3.0,4.0,0.07,0.07,0.14,0.07,0.07,0.22,0.07,0.29,0.0,0.0,0.0,0.0,0.0,0.0,0.0,0.0,0.0,0.0,0.0,0.0,0.0,0.0,0.0,0.0,0.0,0.0,0.0,0.0,0.0,0.0,0.0,0.0,16,4,25.0,1.16,0.29,0.06,0.25,22.4,891,1051,84.8,14345,4119,468,499,93.8,337,395,85.3,67,109,61.5,21,60,24,6,90,896,151,26,0,5,91,104,21,4,47,3.40,47,3.40,36,5,3,2,1,0,3,0.22,2,0,0,0,1,0,31,20,10,18,3,15,19,78.9,4,17,2,15,12,43,23,0,13.8,1187,39,256,543,395,25,1187,40,22,55.0,10,25.0,710,3722,2018,52,26,9,13,14,813,115,250000,13000000
Reiss Nelson,FW,Arsenal,22,11,0,212.0,2.4,3,2,5,3,0,0,0,0,1.1,1.1,1.4,2.4,1.27,0.85,2.12,1.27,0.46,0.58,0.46,1.04,0.0,0.0,0.0,0.0,0.0,0.0,0.0,0.0,0.0,0.0,0.0,0.0,0.0,0.0,0.0,0.0,0.0,0.0,0.0,0.0,0.0,0.0,0.0,0.0,12,7,58.3,5.09,2.97,0.25,0.43,16.4,101,120,84.2,1331,213,62,69,89.9,29,34,85.3,4,7,57.1,9,3,4,2,6,118,2,0,0,0,12,0,2,0,19,8.07,19,8.07,13,0,3,2,1,0,5,2.12,3,0,0,2,0,0,4,1,2,1,1,2,4,50.0,2,3,0,3,0,4,4,0,2.4,157,5,25,35,99,23,157,9,7,77.8,2,22.2,99,710,439,19,5,8,3,9,112,34,60000,3120000
Remo Freuler,MF,Nott'ham Forest,30,28,24,2161.0,24.0,0,0,0,0,0,0,4,0,0.4,0.4,0.8,1.2,0.00,0.00,0.00,0.00,0.02,0.03,0.02,0.05,0.0,0.0,0.0,0.0,0.0,0.0,0.0,0.0,0.0,0.0,0.0,0.0,0.0,0.0,0.0,0.0,0.0,0.0,0.0,0.0,0.0,0.0,0.0,0.0,8,1,12.5,0.33,0.04,0.00,0.00,20.0,664,836,79.4,9828,3216,371,429,86.5,238,285,83.5,30,66,45.5,12,47,6,3,54,812,23,20,0,2,5,2,0,1,29,1.21,29,1.21,27,1,0,1,0,0,0,0.00,0,0,0,0,0,0,43,23,23,15,5,19,43,44.2,24,36,9,27,29,72,45,0,24.0,1058,71,360,537,167,13,1058,12,6,50.0,4,33.3,491,2192,959,7,11,0,20,8,557,11,40000,2080000
Renan Lodi,DF,Nott'ham Forest,24,28,26,2214.0,24.6,0,1,1,0,0,0,7,0,1.0,1.0,1.2,2.1,0.00,0.04,0.04,0.00,0.04,0.05,0.04,0.09,0.0,0.0,0.0,0.0,0.0,0.0,0.0,0.0,0.0,0.0,0.0,0.0,0.0,0.0,0.0,0.0,0.0,0.0,0.0,0.0,0.0,0.0,0.0,0.0,15,0,0.0,0.61,0.00,0.00,,19.9,583,877,66.5,10215,3529,272,323,84.2,242,339,71.4,57,162,35.2,13,25,14,8,31,684,189,44,0,3,75,130,15,4,30,1.22,30,1.22,22,6,0,1,1,0,4,0.16,3,0,0,1,0,0,52,39,38,8,6,33,66,50.0,33,25,6,19,33,85,74,0,24.6,1143,96,478,418,263,21,1143,39,16,41.0,14,35.9,546,2834,1379,24,15,2,18,13,535,70,60000,3120000
Ricardo Pereira,"DF,MF",Leicester City,28,10,5,454.0,5.0,1,1,2,1,0,0,2,0,0.1,0.1,0.6,0.7,0.20,0.20,0.40,0.20,0.02,0.12,0.02,0.14,0.0,0.0,0.0,0.0,0.0,0.0,0.0,0.0,0.0,0.0,0.0,0.0,0.0,0.0,0.0,0.0,0.0,0.0,0.0,0.0,0.0,0.0,0.0,0.0,2,1,50.0,0.40,0.20,0.50,1.00,17.8,252,322,78.3,4024,1552,130,147,88.4,105,125,84.0,12,27,44.4,7,25,10,3,27,259,61,9,0,0,16,50,0,2,15,2.97,15,2.97,14,0,0,0,1,0,1,0.20,1,0,0,0,0,0,11,7,8,3,0,7,17,41.2,10,8,2,6,4,15,20,0,5.0,383,23,116,183,90,4,383,7,5,71.4,1,14.3,174,605,323,5,9,2,7,3,217,14,80000,4160000
Richarlison,"MF,FW",Tottenham,25,27,12,1010.0,11.2,1,3,4,1,0,0,3,0,3.3,3.3,2.2,5.5,0.09,0.27,0.36,0.09,0.29,0.19,0.29,0.49,0.0,0.0,0.0,0.0,0.0,0.0,0.0,0.0,0.0,0.0,0.0,0.0,0.0,0.0,0.0,0.0,0.0,0.0,0.0,0.0,0.0,0.0,0.0,0.0,27,14,51.9,2.41,1.25,0.04,0.07,12.6,196,279,70.3,2927,700,109,145,75.2,60,82,73.2,13,18,72.2,16,16,10,3,28,270,9,0,4,1,16,0,0,0,35,3.12,35,3.12,22,0,1,4,8,0,5,0.45,3,0,0,0,2,0,21,16,13,5,3,12,27,44.4,15,14,1,13,5,26,10,0,11.2,441,11,78,172,200,62,441,34,12,35.3,18,52.9,260,1598,783,33,19,13,40,18,306,75,90000,4680000
Rico Henry,DF,Brentford,25,37,37,3238.0,36.0,0,2,2,0,0,0,4,0,1.5,1.5,2.6,4.1,0.00,0.06,0.06,0.00,0.04,0.07,0.04,0.11,0.0,0.0,0.0,0.0,0.0,0.0,0.0,0.0,0.0,0.0,0.0,0.0,0.0,0.0,0.0,0.0,0.0,0.0,0.0,0.0,0.0,0.0,0.0,0.0,22,4,18.2,0.61,0.11,0.00,0.00,20.0,876,1203,72.8,14087,4856,469,544,86.2,314,418,75.1,72,169,42.6,23,73,41,18,107,1059,138,1,4,2,87,137,0,6,51,1.42,51,1.42,43,1,1,2,2,2,5,0.14,4,0,0,0,1,0,57,31,20,28,9,22,41,53.7,19,29,8,21,30,87,84,1,36.0,1582,115,478,647,482,30,1582,50,26,52.0,17,34.0,782,3790,1832,55,41,9,50,44,813,111,35000,1820000
Rico Lewis,"DF,MF",Manchester City,17,14,10,903.0,10.0,0,0,0,0,0,0,1,0,0.2,0.2,1.5,1.7,0.00,0.00,0.00,0.00,0.02,0.15,0.02,0.17,0.0,0.0,0.0,0.0,0.0,0.0,0.0,0.0,0.0,0.0,0.0,0.0,0.0,0.0,0.0,0.0,0.0,0.0,0.0,0.0,0.0,0.0,0.0,0.0,5,2,40.0,0.50,0.20,0.00,0.00,21.1,617,675,91.4,8779,1476,378,400,94.5,203,219,92.7,19,23,82.6,12,38,10,3,48,633,41,7,1,0,5,31,0,1,27,2.69,27,2.69,24,1,0,1,1,0,0,0.00,0,0,0,0,0,0,16,9,9,5,2,6,11,54.5,5,8,4,4,6,22,13,1,10.0,742,26,133,416,199,12,742,14,8,57.1,3,21.4,511,2555,1390,22,24,3,7,13,593,26,5000,260000
Riyad Mahrez,"FW,MF",Manchester City,31,30,22,1920.0,21.3,5,10,15,4,1,1,2,0,5.6,4.8,7.0,11.8,0.23,0.47,0.70,0.19,0.26,0.33,0.22,0.55,0.0,0.0,0.0,0.0,0.0,0.0,0.0,0.0,0.0,0.0,0.0,0.0,0.0,0.0,0.0,0.0,0.0,0.0,0.0,0.0,0.0,0.0,0.0,0.0,42,12,28.6,1.97,0.56,0.10,0.33,17.2,958,1166,82.2,15746,2752,506,567,89.2,355,416,85.3,82,141,58.2,52,36,37,7,76,1028,138,36,10,7,96,37,65,0,116,5.44,116,5.44,74,17,7,10,6,2,21,0.98,13,2,2,3,0,1,30,14,8,13,9,13,39,33.3,26,27,1,26,9,39,5,0,21.3,1392,14,105,494,802,110,1391,73,25,34.2,27,37.0,934,5159,2361,78,47,45,35,27,1042,242,160000,8320000
Rob Holding,DF,Arsenal,26,14,6,566.0,6.3,1,0,1,1,0,0,0,0,0.3,0.3,0.0,0.3,0.16,0.00,0.16,0.16,0.05,0.00,0.05,0.05,0.0,0.0,0.0,0.0,0.0,0.0,0.0,0.0,0.0,0.0,0.0,0.0,0.0,0.0,0.0,0.0,0.0,0.0,0.0,0.0,0.0,0.0,0.0,0.0,5,2,40.0,0.80,0.32,0.20,0.50,12.8,382,442,86.4,7494,2701,141,152,92.8,191,207,92.3,46,69,66.7,0,23,1,0,24,430,10,8,1,2,0,2,0,2,6,0.95,6,0.95,4,0,1,1,0,0,0,0.00,0,0,0,0,0,0,8,5,4,4,0,3,6,50.0,3,6,5,1,3,11,27,1,6.3,499,58,240,245,15,7,499,1,1,100.0,0,0.0,319,1466,881,3,1,1,3,0,339,2,40000,2080000
Robert Sánchez,GK,Brighton,24,23,23,2070.0,23.0,0,0,0,0,0,0,2,0,0.0,0.0,0.0,0.0,0.00,0.00,0.00,0.00,0.00,0.00,0.00,0.00,1.30,74,46,66.2,6,26.1,24.2,0.25,60,205,29.3,645,103,24.2,28.9,131,37.4,35.1,229,17,7.4,13,0.57,12.3,0,0,,0.00,0.00,,,,604,781,77.3,13655,8845,203,204,99.5,283,292,96.9,111,270,41.1,0,11,0,0,0,608,168,37,0,4,0,0,0,5,2,0.09,2,0.09,2,0,0,0,0,0,0,0.00,0,0,0,0,0,0,1,0,1,0,0,0,0,,0,0,0,0,3,4,9,2,23.0,826,692,822,4,0,0,826,0,0,,0,,523,2418,1458,0,0,0,0,0,480,0,25000,1300000
Roberto Firmino,"FW,MF",Liverpool,30,25,13,1213.0,13.5,11,4,15,11,0,0,0,0,5.5,5.5,2.5,8.0,0.82,0.30,1.11,0.82,0.41,0.19,0.41,0.59,0.0,0.0,0.0,0.0,0.0,0.0,0.0,0.0,0.0,0.0,0.0,0.0,0.0,0.0,0.0,0.0,0.0,0.0,0.0,0.0,0.0,0.0,0.0,0.0,39,25,64.1,2.89,1.85,0.28,0.44,12.3,444,566,78.4,5932,1908,277,324,85.5,123,155,79.4,18,26,69.2,21,47,19,1,78,548,16,1,8,0,12,6,0,2,46,3.41,46,3.41,36,0,4,6,0,0,7,0.52,4,0,1,2,0,0,17,12,2,12,3,4,22,18.2,18,16,1,15,7,24,2,0,13.5,735,3,69,375,295,84,735,24,13,54.2,10,41.7,423,1757,742,16,14,7,38,23,565,96,180000,9360000
Robin Koch,DF,Leeds United,26,36,36,3175.0,35.3,0,0,0,0,0,0,7,0,1.5,1.5,0.4,1.9,0.00,0.00,0.00,0.00,0.04,0.01,0.04,0.06,0.0,0.0,0.0,0.0,0.0,0.0,0.0,0.0,0.0,0.0,0.0,0.0,0.0,0.0,0.0,0.0,0.0,0.0,0.0,0.0,0.0,0.0,0.0,0.0,17,4,23.5,0.48,0.11,0.00,0.00,11.1,1229,1594,77.1,23945,10673,409,485,84.3,665,772,86.1,141,285,49.5,6,121,7,0,114,1544,46,46,2,5,1,0,0,4,15,0.43,15,0.43,11,2,0,2,0,0,2,0.06,2,0,0,0,0,0,53,30,32,16,5,24,56,42.9,32,44,21,23,43,96,152,1,35.3,1963,263,1051,820,106,32,1963,3,1,33.3,2,66.7,1013,4700,2583,11,8,0,15,1,1102,11,40000,2080000
Robin Olsen,GK,Aston Villa,32,4,2,281.0,3.1,0,0,0,0,0,0,0,0,0.0,0.0,0.0,0.0,0.00,0.00,0.00,0.00,0.00,0.00,0.00,0.00,2.56,19,11,63.2,1,50.0,6.2,0.29,15,62,24.2,101,18,44.6,37.6,28,60.7,46.8,45,5,11.1,3,0.96,14.2,0,0,,0.00,0.00,,,,74,131,56.5,2049,1522,17,18,94.4,30,30,100.0,27,80,33.8,0,2,0,0,0,89,40,12,0,1,0,0,0,2,0,0.00,0,0.00,0,0,0,0,0,0,0,0.00,0,0,0,0,0,0,0,0,0,0,0,0,2,0.0,2,0,0,0,0,0,1,0,3.1,141,119,139,2,0,0,141,0,0,,0,,80,405,198,0,0,0,1,0,57,0,50000,2600000
Rodri,MF,Manchester City,26,36,34,2911.0,32.3,2,6,8,2,0,0,5,0,4.6,4.6,4.1,8.7,0.06,0.19,0.25,0.06,0.14,0.13,0.14,0.27,0.0,0.0,0.0,0.0,0.0,0.0,0.0,0.0,0.0,0.0,0.0,0.0,0.0,0.0,0.0,0.0,0.0,0.0,0.0,0.0,0.0,0.0,0.0,0.0,50,14,28.0,1.55,0.43,0.04,0.14,17.1,2723,2987,91.2,49949,11936,1103,1187,92.9,1278,1369,93.4,300,354,84.7,32,265,33,3,260,2943,43,37,2,26,6,3,0,1,92,2.84,92,2.84,80,0,4,6,1,1,10,0.31,10,0,0,0,0,0,67,41,28,28,11,26,53,49.1,27,40,14,26,33,100,43,1,32.3,3272,119,706,1993,592,62,3272,37,25,67.6,8,21.6,2004,10293,5622,76,72,3,21,19,2511,37,220000,11440000
Rodrigo,"FW,MF",Leeds United,31,31,23,1935.0,21.5,13,1,14,12,1,1,6,0,8.0,7.2,1.8,9.0,0.60,0.05,0.65,0.56,0.37,0.08,0.34,0.42,0.0,0.0,0.0,0.0,0.0,0.0,0.0,0.0,0.0,0.0,0.0,0.0,0.0,0.0,0.0,0.0,0.0,0.0,0.0,0.0,0.0,0.0,0.0,0.0,66,25,37.9,3.07,1.16,0.18,0.48,15.8,389,550,70.7,5651,1138,219,277,79.1,110,158,69.6,32,56,57.1,16,23,17,5,44,492,53,0,4,10,21,7,2,5,45,2.09,45,2.09,30,0,4,8,2,1,4,0.19,2,0,0,2,0,0,24,10,2,15,7,8,20,40.0,12,16,4,12,6,30,21,1,21.5,804,26,94,372,341,110,803,29,12,41.4,15,51.7,451,2217,825,40,17,24,57,24,547,143,100000,5200000
Rodrigo Bentancur,MF,Tottenham,25,18,17,1500.0,16.7,5,2,7,5,0,0,8,0,2.2,2.2,0.8,3.1,0.30,0.12,0.42,0.30,0.13,0.05,0.13,0.18,0.0,0.0,0.0,0.0,0.0,0.0,0.0,0.0,0.0,0.0,0.0,0.0,0.0,0.0,0.0,0.0,0.0,0.0,0.0,0.0,0.0,0.0,0.0,0.0,15,9,60.0,0.90,0.54,0.33,0.56,15.8,738,880,83.9,11482,3178,368,413,89.1,301,336,89.6,39,70,55.7,11,54,9,4,76,852,25,11,3,3,16,4,1,3,34,2.04,34,2.04,27,0,1,2,1,3,5,0.30,2,0,0,1,0,2,45,28,15,21,9,16,28,57.1,12,28,15,13,20,65,22,0,16.7,1071,52,295,612,175,19,1071,34,21,61.8,11,32.4,581,3001,1444,26,14,1,22,17,732,19,75000,3900000
Romain Perraud,DF,Southampton,24,29,22,1835.0,20.4,2,2,4,2,0,0,4,0,1.3,1.3,1.9,3.2,0.10,0.10,0.20,0.10,0.06,0.09,0.06,0.16,0.0,0.0,0.0,0.0,0.0,0.0,0.0,0.0,0.0,0.0,0.0,0.0,0.0,0.0,0.0,0.0,0.0,0.0,0.0,0.0,0.0,0.0,0.0,0.0,30,6,20.0,1.47,0.29,0.07,0.33,22.3,623,885,70.4,8776,3419,377,443,85.1,200,270,74.1,26,91,28.6,15,47,15,8,62,729,151,7,1,0,77,143,1,5,38,1.86,38,1.86,23,1,4,8,1,1,5,0.25,3,0,1,0,1,0,54,33,23,23,8,28,52,53.8,24,24,6,18,20,74,42,0,20.4,1153,54,360,406,395,39,1153,38,10,26.3,25,65.8,609,2999,1388,33,35,5,27,14,626,122,30000,1560000
Roméo Lavia,MF,Southampton,18,29,26,2221.0,24.7,1,0,1,1,0,0,9,0,0.4,0.4,0.6,1.0,0.04,0.00,0.04,0.04,0.02,0.03,0.02,0.04,0.0,0.0,0.0,0.0,0.0,0.0,0.0,0.0,0.0,0.0,0.0,0.0,0.0,0.0,0.0,0.0,0.0,0.0,0.0,0.0,0.0,0.0,0.0,0.0,12,3,25.0,0.49,0.12,0.08,0.33,27.0,859,997,86.2,14815,3986,386,425,90.8,389,426,91.3,68,93,73.1,16,101,9,0,102,985,10,5,5,9,3,1,4,2,41,1.66,41,1.66,31,2,3,1,3,1,3,0.12,1,0,0,0,1,1,60,35,27,29,4,21,53,39.6,32,47,11,36,33,93,23,1,24.7,1288,58,298,828,177,1,1288,50,28,56.0,13,26.0,804,4275,1903,22,21,0,24,31,794,14,25000,1300000
Ruben Loftus-Cheek,"MF,DF",Chelsea,26,25,19,1536.0,17.1,0,1,1,0,0,0,1,0,0.8,0.8,1.5,2.4,0.00,0.06,0.06,0.00,0.05,0.09,0.05,0.14,0.0,0.0,0.0,0.0,0.0,0.0,0.0,0.0,0.0,0.0,0.0,0.0,0.0,0.0,0.0,0.0,0.0,0.0,0.0,0.0,0.0,0.0,0.0,0.0,9,2,22.2,0.53,0.12,0.00,0.00,18.6,782,907,86.2,11417,2878,475,530,89.6,263,291,90.4,29,37,78.4,16,78,18,1,90,858,44,11,1,6,19,32,0,5,36,2.11,36,2.11,31,0,3,1,1,0,4,0.23,4,0,0,0,0,0,25,14,8,14,3,12,22,54.5,10,15,2,13,12,37,23,0,17.1,1068,40,185,576,322,42,1068,60,30,50.0,22,36.7,651,3753,2210,56,29,10,22,23,774,86,120000,6240000
Ryan Christie,"MF,FW",Bournemouth,27,32,22,1834.0,20.4,1,1,2,1,0,0,2,0,2.7,2.7,2.4,5.1,0.05,0.05,0.10,0.05,0.13,0.12,0.13,0.25,0.0,0.0,0.0,0.0,0.0,0.0,0.0,0.0,0.0,0.0,0.0,0.0,0.0,0.0,0.0,0.0,0.0,0.0,0.0,0.0,0.0,0.0,0.0,0.0,33,9,27.3,1.62,0.44,0.03,0.11,14.0,521,651,80.0,8356,2028,279,327,85.3,175,196,89.3,47,81,58.0,30,43,19,2,71,621,28,3,6,7,32,4,20,2,66,3.24,66,3.24,48,5,5,5,3,0,4,0.20,3,0,0,1,0,0,34,22,10,23,1,14,50,28.0,36,16,4,12,26,60,20,0,20.4,940,39,187,421,350,61,940,86,37,43.0,42,48.8,559,3396,1462,39,34,13,49,33,592,71,30000,1560000
Ryan Fraser,FW,Newcastle Utd,28,8,3,313.0,3.5,0,0,0,0,0,0,1,0,0.3,0.3,0.4,0.7,0.00,0.00,0.00,0.00,0.09,0.11,0.09,0.20,0.0,0.0,0.0,0.0,0.0,0.0,0.0,0.0,0.0,0.0,0.0,0.0,0.0,0.0,0.0,0.0,0.0,0.0,0.0,0.0,0.0,0.0,0.0,0.0,6,1,16.7,1.73,0.29,0.00,0.00,16.6,85,122,69.7,1228,289,50,59,84.7,28,41,68.3,3,8,37.5,5,4,4,1,9,112,7,2,0,0,13,2,3,3,8,2.30,8,2.30,6,1,0,1,0,0,0,0.00,0,0,0,0,0,0,2,2,0,0,2,2,5,40.0,3,3,1,2,0,2,3,0,3.5,147,1,18,51,80,9,147,2,1,50.0,0,0.0,94,600,322,8,7,1,7,1,107,23,42000,2184000
Ryan Fredericks,DF,Bournemouth,29,12,5,533.0,5.9,0,0,0,0,0,0,1,0,0.0,0.0,0.1,0.1,0.00,0.00,0.00,0.00,0.00,0.02,0.00,0.02,0.0,0.0,0.0,0.0,0.0,0.0,0.0,0.0,0.0,0.0,0.0,0.0,0.0,0.0,0.0,0.0,0.0,0.0,0.0,0.0,0.0,0.0,0.0,0.0,0,0,,0.00,0.00,,,,149,220,67.7,2139,735,85,96,88.5,55,88,62.5,4,15,26.7,1,5,6,1,15,177,43,1,0,0,15,42,0,0,5,0.84,5,0.84,4,0,1,0,0,0,1,0.17,1,0,0,0,0,0,3,2,2,0,1,1,4,25.0,3,7,2,5,1,4,27,0,5.9,279,33,88,109,84,7,279,10,3,30.0,5,50.0,120,725,395,13,9,2,4,3,152,28,35000,1820000
Ryan Sessegnon,DF,Tottenham,22,17,9,813.0,9.0,2,0,2,2,0,0,4,0,1.6,1.6,1.1,2.7,0.22,0.00,0.22,0.22,0.18,0.12,0.18,0.30,0.0,0.0,0.0,0.0,0.0,0.0,0.0,0.0,0.0,0.0,0.0,0.0,0.0,0.0,0.0,0.0,0.0,0.0,0.0,0.0,0.0,0.0,0.0,0.0,18,6,33.3,1.99,0.66,0.11,0.33,14.6,280,390,71.8,4093,1075,178,213,83.6,81,120,67.5,16,29,55.2,6,16,11,3,22,318,72,2,2,1,30,70,0,0,23,2.55,23,2.55,16,0,0,5,1,1,2,0.22,1,0,0,1,0,0,16,11,9,7,0,6,12,50.0,6,8,1,7,6,22,17,1,9.0,493,29,157,170,168,27,493,11,5,45.5,4,36.4,233,1435,815,24,11,5,11,10,270,64,55000,2860000
Ryan Yates,MF,Nott'ham Forest,24,26,21,1837.0,20.4,0,2,2,0,0,0,5,0,2.3,2.3,1.2,3.4,0.00,0.10,0.10,0.00,0.11,0.06,0.11,0.17,0.0,0.0,0.0,0.0,0.0,0.0,0.0,0.0,0.0,0.0,0.0,0.0,0.0,0.0,0.0,0.0,0.0,0.0,0.0,0.0,0.0,0.0,0.0,0.0,26,5,19.2,1.27,0.24,0.00,0.00,16.8,455,592,76.9,7587,1812,204,248,82.3,205,237,86.5,32,61,52.5,7,26,4,1,43,526,62,12,0,6,8,3,0,4,24,1.18,24,1.18,18,0,0,4,2,0,3,0.15,1,0,0,2,0,0,38,19,19,16,3,14,22,63.6,8,26,8,18,10,48,44,0,20.4,790,66,235,418,143,34,790,9,4,44.4,3,33.3,303,1260,577,11,4,3,18,15,384,27,25000,1300000
Rúben Dias,DF,Manchester City,25,26,22,1998.0,22.2,0,0,0,0,0,0,3,0,1.3,1.3,0.6,1.9,0.00,0.00,0.00,0.00,0.06,0.03,0.06,0.09,0.0,0.0,0.0,0.0,0.0,0.0,0.0,0.0,0.0,0.0,0.0,0.0,0.0,0.0,0.0,0.0,0.0,0.0,0.0,0.0,0.0,0.0,0.0,0.0,10,2,20.0,0.45,0.09,0.00,0.00,9.1,1928,2080,92.7,35553,12572,696,726,95.9,1074,1122,95.7,143,203,70.4,3,135,0,0,98,2029,51,38,1,6,1,7,0,0,15,0.68,15,0.68,11,1,0,3,0,0,1,0.05,1,0,0,0,0,0,21,13,10,10,1,11,18,61.1,7,21,13,8,18,39,56,1,22.2,2237,176,881,1280,83,22,2237,10,8,80.0,1,10.0,1497,8194,5025,14,22,1,1,4,1791,2,180000,9360000
Rúben Neves,MF,Wolves,25,35,33,3019.0,33.5,6,1,7,3,3,3,12,0,5.2,2.8,1.6,4.4,0.18,0.03,0.21,0.09,0.15,0.05,0.08,0.13,0.0,0.0,0.0,0.0,0.0,0.0,0.0,0.0,0.0,0.0,0.0,0.0,0.0,0.0,0.0,0.0,0.0,0.0,0.0,0.0,0.0,0.0,0.0,0.0,63,13,20.6,1.88,0.39,0.05,0.23,26.7,1730,2106,82.1,36646,10039,578,635,91.0,824,926,89.0,312,474,65.8,32,202,15,1,218,1945,153,115,7,24,53,11,21,8,80,2.38,80,2.38,55,11,3,4,3,4,3,0.09,2,1,0,0,0,0,79,43,31,33,15,32,76,42.1,44,59,22,37,50,129,85,1,33.5,2486,177,811,1307,394,25,2483,32,20,62.5,9,28.1,1318,6007,2980,28,29,1,22,13,1621,18,50000,2600000
Rúben Vinagre,"DF,MF",Everton,23,2,0,26.0,0.3,0,0,0,0,0,0,0,0,0.0,0.0,0.0,0.0,0.00,0.00,0.00,0.00,0.00,0.00,0.00,0.00,0.0,0.0,0.0,0.0,0.0,0.0,0.0,0.0,0.0,0.0,0.0,0.0,0.0,0.0,0.0,0.0,0.0,0.0,0.0,0.0,0.0,0.0,0.0,0.0,0,0,,0.00,0.00,,,,15,24,62.5,223,26,7,10,70.0,7,10,70.0,0,0,,0,2,0,0,0,19,5,1,0,0,2,4,0,0,0,0.00,0,0.00,0,0,0,0,0,0,0,0.00,0,0,0,0,0,0,2,2,1,1,0,1,2,50.0,1,0,0,0,0,2,1,0,0.3,31,1,7,16,9,0,31,3,1,33.3,0,0.0,15,98,52,2,1,0,1,1,17,1,25000,1300000
Salomón Rondón,FW,Everton,32,7,1,109.0,1.2,0,0,0,0,0,0,0,0,0.8,0.8,0.2,1.0,0.00,0.00,0.00,0.00,0.66,0.13,0.66,0.79,0.0,0.0,0.0,0.0,0.0,0.0,0.0,0.0,0.0,0.0,0.0,0.0,0.0,0.0,0.0,0.0,0.0,0.0,0.0,0.0,0.0,0.0,0.0,0.0,4,1,25.0,3.30,0.83,0.00,0.00,19.3,22,29,75.9,203,35,15,21,71.4,3,3,100.0,0,0,,2,2,1,0,1,28,1,0,0,0,0,1,0,0,4,3.30,4,3.30,4,0,0,0,0,0,0,0.00,0,0,0,0,0,0,0,0,0,0,0,0,0,,0,1,1,0,0,0,0,0,1.2,36,1,2,15,19,4,36,1,1,100.0,0,0.0,16,33,3,0,1,0,1,1,32,7,80000,4160000
Sam Greenwood,"MF,FW",Leeds United,20,18,3,424.0,4.7,1,2,3,1,0,0,1,0,0.7,0.7,1.1,1.8,0.21,0.42,0.64,0.21,0.15,0.24,0.15,0.39,0.0,0.0,0.0,0.0,0.0,0.0,0.0,0.0,0.0,0.0,0.0,0.0,0.0,0.0,0.0,0.0,0.0,0.0,0.0,0.0,0.0,0.0,0.0,0.0,12,2,16.7,2.55,0.42,0.08,0.50,24.2,107,186,57.5,1951,888,55,64,85.9,28,58,48.3,21,57,36.8,13,14,1,0,15,143,43,15,0,1,43,2,26,0,24,5.11,24,5.11,5,18,0,1,0,0,3,0.64,0,2,0,1,0,0,15,7,7,8,0,8,21,38.1,13,10,2,8,1,16,1,0,4.7,255,7,45,112,103,5,255,8,3,37.5,4,50.0,117,578,305,7,8,1,6,7,119,10,30000,1560000
Sam Johnstone,GK,Crystal Palace,29,9,9,810.0,9.0,0,0,0,0,0,0,1,0,0.0,0.0,0.0,0.0,0.00,0.00,0.00,0.00,0.00,0.00,0.00,0.00,1.11,34,25,76.5,3,33.3,10.0,0.24,30,99,30.3,233,41,31.8,31.8,46,54.3,42.8,104,2,1.9,11,1.22,15.4,0,0,,0.00,0.00,,,,207,280,73.9,5239,3382,41,41,100.0,117,118,99.2,49,120,40.8,0,3,0,0,0,213,66,20,0,0,0,0,0,1,0,0.00,0,0.00,0,0,0,0,0,0,0,0.00,0,0,0,0,0,0,0,0,0,0,0,0,0,,0,0,0,0,0,0,5,0,9.0,298,242,297,1,0,0,298,0,0,,0,,188,1018,662,0,0,0,1,0,156,0,40000,2080000
Sam Surridge,FW,Nott'ham Forest,24,20,1,323.0,3.6,1,0,1,1,0,0,2,0,1.8,1.8,0.1,1.8,0.28,0.00,0.28,0.28,0.50,0.02,0.50,0.51,0.0,0.0,0.0,0.0,0.0,0.0,0.0,0.0,0.0,0.0,0.0,0.0,0.0,0.0,0.0,0.0,0.0,0.0,0.0,0.0,0.0,0.0,0.0,0.0,9,2,22.2,2.51,0.56,0.11,0.50,11.6,40,81,49.4,551,168,25,45,55.6,13,24,54.2,1,3,33.3,1,4,0,0,6,77,3,0,0,0,3,0,0,1,4,1.11,4,1.11,3,0,0,1,0,0,1,0.28,1,0,0,0,0,0,5,0,1,3,1,1,4,25.0,3,5,2,3,0,5,7,0,3.6,137,9,27,55,59,15,137,5,2,40.0,2,40.0,71,361,140,2,5,1,13,4,93,17,15000,780000
Saman Ghoddos,"MF,FW",Brentford,28,15,0,139.0,1.5,0,0,0,0,0,0,0,0,0.0,0.0,0.4,0.5,0.00,0.00,0.00,0.00,0.03,0.27,0.03,0.30,0.0,0.0,0.0,0.0,0.0,0.0,0.0,0.0,0.0,0.0,0.0,0.0,0.0,0.0,0.0,0.0,0.0,0.0,0.0,0.0,0.0,0.0,0.0,0.0,1,1,100.0,0.65,0.65,0.00,0.00,19.2,59,79,74.7,953,286,32,36,88.9,21,25,84.0,6,17,35.3,4,5,1,0,8,68,11,3,1,0,7,3,4,0,4,2.57,4,2.57,1,2,0,1,0,0,0,0.00,0,0,0,0,0,0,2,1,0,1,1,1,3,33.3,2,5,1,4,4,6,2,0,1.5,98,7,23,38,40,3,98,2,0,0.0,2,100.0,42,164,92,1,2,0,3,1,44,6,15000,780000
Samuel Amo-Ameyaw,MF,Southampton,16,1,0,4.0,0.0,0,0,0,0,0,0,0,0,0.0,0.0,0.0,0.0,0.00,0.00,0.00,0.00,0.00,0.86,0.00,0.86,0.0,0.0,0.0,0.0,0.0,0.0,0.0,0.0,0.0,0.0,0.0,0.0,0.0,0.0,0.0,0.0,0.0,0.0,0.0,0.0,0.0,0.0,0.0,0.0,0,0,,0.00,0.00,,,,5,6,83.3,74,11,0,1,0.0,3,3,100.0,0,0,,1,2,0,0,1,6,0,0,0,0,0,0,0,0,1,22.50,1,22.50,1,0,0,0,0,0,0,0.00,0,0,0,0,0,0,0,0,0,0,0,0,1,0.0,1,0,0,0,0,0,0,0,0.0,8,0,1,5,3,0,8,4,3,75.0,1,25.0,4,70,64,2,0,0,0,0,5,0,0.0,0.0
Samuel Edozie,"FW,MF",Southampton,19,17,5,567.0,6.3,0,0,0,0,0,0,0,0,0.9,0.9,0.4,1.3,0.00,0.00,0.00,0.00,0.14,0.06,0.14,0.20,0.0,0.0,0.0,0.0,0.0,0.0,0.0,0.0,0.0,0.0,0.0,0.0,0.0,0.0,0.0,0.0,0.0,0.0,0.0,0.0,0.0,0.0,0.0,0.0,8,3,37.5,1.27,0.48,0.00,0.00,16.5,111,164,67.7,1348,354,75,93,80.6,22,34,64.7,5,10,50.0,8,6,6,1,13,163,0,0,1,0,11,0,0,1,20,3.18,20,3.18,13,0,3,0,4,0,0,0.00,0,0,0,0,0,0,17,10,6,10,1,3,8,37.5,5,7,0,7,6,23,6,0,6.3,278,4,48,86,148,32,278,37,12,32.4,16,43.2,183,1551,741,26,21,13,24,12,188,39,15000,780000
Sasa Kalajdzic,FW,Wolves,25,1,1,45.0,0.5,0,0,0,0,0,0,0,0,0.3,0.3,0.0,0.3,0.00,0.00,0.00,0.00,0.53,0.00,0.53,0.53,0.0,0.0,0.0,0.0,0.0,0.0,0.0,0.0,0.0,0.0,0.0,0.0,0.0,0.0,0.0,0.0,0.0,0.0,0.0,0.0,0.0,0.0,0.0,0.0,1,0,0.0,2.00,0.00,0.00,,4.4,2,4,50.0,26,0,1,2,50.0,1,1,100.0,0,0,,0,0,0,0,0,4,0,0,0,0,0,0,0,0,0,0.00,0,0.00,0,0,0,0,0,0,0,0.00,0,0,0,0,0,0,0,0,0,0,0,0,0,,0,0,0,0,1,1,0,0,0.5,7,0,2,1,4,2,7,0,0,,0,,2,6,3,0,0,0,1,0,5,1,35000,1820000
Saïd Benrahma,"FW,MF",West Ham,26,35,22,2069.0,23.0,6,3,9,2,4,4,0,0,7.0,3.9,4.5,8.4,0.26,0.13,0.39,0.09,0.31,0.20,0.17,0.36,0.0,0.0,0.0,0.0,0.0,0.0,0.0,0.0,0.0,0.0,0.0,0.0,0.0,0.0,0.0,0.0,0.0,0.0,0.0,0.0,0.0,0.0,0.0,0.0,69,23,33.3,3.00,1.00,0.03,0.09,21.9,597,796,75.0,8154,2088,374,425,88.0,176,241,73.0,25,61,41.0,48,32,23,12,82,771,20,1,5,2,83,8,4,5,92,4.00,92,4.00,68,2,11,8,3,0,5,0.22,4,0,1,0,0,0,25,15,11,7,7,11,27,40.7,16,23,1,22,9,34,13,0,23.0,1091,16,131,399,583,94,1087,123,51,41.5,56,45.5,699,5281,2705,109,54,44,53,42,800,237,55000,2860000
Saša Lukić,MF,Fulham,25,12,4,412.0,4.6,0,0,0,0,0,0,1,0,0.1,0.1,0.0,0.1,0.00,0.00,0.00,0.00,0.03,0.00,0.03,0.03,0.0,0.0,0.0,0.0,0.0,0.0,0.0,0.0,0.0,0.0,0.0,0.0,0.0,0.0,0.0,0.0,0.0,0.0,0.0,0.0,0.0,0.0,0.0,0.0,5,1,20.0,1.09,0.22,0.00,0.00,27.1,192,218,88.1,3180,681,86,97,88.7,91,99,91.9,12,16,75.0,0,20,2,1,13,211,7,7,0,0,2,0,0,0,5,1.09,5,1.09,4,0,0,0,0,1,1,0.22,0,0,0,0,0,1,8,3,1,4,3,3,7,42.9,4,6,2,4,5,13,3,0,4.6,253,9,49,155,52,3,253,5,4,80.0,1,20.0,146,875,413,8,7,1,3,1,171,5,63000,3276000
Scott McKenna,DF,Nott'ham Forest,25,20,19,1571.0,17.5,0,0,0,0,0,0,4,0,0.1,0.1,1.0,1.1,0.00,0.00,0.00,0.00,0.00,0.06,0.00,0.06,0.0,0.0,0.0,0.0,0.0,0.0,0.0,0.0,0.0,0.0,0.0,0.0,0.0,0.0,0.0,0.0,0.0,0.0,0.0,0.0,0.0,0.0,0.0,0.0,2,0,0.0,0.11,0.00,0.00,,8.2,569,727,78.3,11331,4319,163,195,83.6,334,394,84.8,66,122,54.1,8,35,3,1,35,691,32,11,0,3,2,21,0,4,10,0.57,10,0.57,10,0,0,0,0,0,1,0.06,1,0,0,0,0,0,12,7,7,3,2,6,10,60.0,4,20,14,6,12,24,85,1,17.5,877,151,501,333,45,21,877,7,5,71.4,1,14.3,430,1885,929,5,1,0,2,2,508,2,20000,1040000
Scott McTominay,MF,Manchester Utd,25,24,10,1160.0,12.9,1,0,1,1,0,0,8,0,1.9,1.9,0.6,2.5,0.08,0.00,0.08,0.08,0.15,0.04,0.15,0.19,0.0,0.0,0.0,0.0,0.0,0.0,0.0,0.0,0.0,0.0,0.0,0.0,0.0,0.0,0.0,0.0,0.0,0.0,0.0,0.0,0.0,0.0,0.0,0.0,13,6,46.2,1.01,0.47,0.08,0.17,14.9,355,432,82.2,5433,1549,194,224,86.6,122,141,86.5,25,36,69.4,8,32,5,1,33,426,5,3,3,3,4,1,0,1,23,1.78,23,1.78,18,0,1,2,2,0,0,0.00,0,0,0,0,0,0,32,19,16,10,6,13,22,59.1,9,15,6,9,14,46,45,1,12.9,618,69,205,287,132,25,618,26,13,50.0,9,34.6,315,1610,782,20,16,3,24,19,359,19,60000,3120000
Sean Longstaff,MF,Newcastle Utd,24,33,28,2518.0,28.0,1,4,5,1,0,0,2,0,3.6,3.6,3.3,6.9,0.04,0.14,0.18,0.04,0.13,0.12,0.13,0.25,0.0,0.0,0.0,0.0,0.0,0.0,0.0,0.0,0.0,0.0,0.0,0.0,0.0,0.0,0.0,0.0,0.0,0.0,0.0,0.0,0.0,0.0,0.0,0.0,33,7,21.2,1.18,0.25,0.03,0.14,16.0,943,1163,81.1,15457,4299,470,538,87.4,362,415,87.2,78,129,60.5,23,80,21,5,116,1118,41,7,7,6,30,4,3,4,62,2.22,62,2.22,46,1,2,7,6,0,6,0.21,4,0,0,1,1,0,42,21,16,20,6,20,52,38.5,32,35,8,27,16,58,23,0,28.0,1433,45,278,742,420,76,1433,27,8,29.6,18,66.7,752,2989,1191,21,16,8,37,29,951,115,50000,2600000
Sekou Mara,"FW,MF",Southampton,20,22,4,555.0,6.2,1,2,3,1,0,0,1,0,1.0,1.0,0.8,1.8,0.16,0.32,0.49,0.16,0.17,0.12,0.17,0.29,0.0,0.0,0.0,0.0,0.0,0.0,0.0,0.0,0.0,0.0,0.0,0.0,0.0,0.0,0.0,0.0,0.0,0.0,0.0,0.0,0.0,0.0,0.0,0.0,17,4,23.5,2.76,0.65,0.06,0.25,16.2,68,107,63.6,876,162,44,59,74.6,14,18,77.8,4,7,57.1,6,6,2,0,7,102,2,0,1,0,1,0,0,3,12,1.95,12,1.95,8,0,3,0,0,1,3,0.49,2,0,1,0,0,0,14,10,5,8,1,3,9,33.3,6,11,0,11,1,15,5,0,6.2,221,5,27,99,103,26,221,29,13,44.8,16,55.2,129,727,288,7,9,2,28,18,151,27,25000,1300000
Serge Aurier,DF,Nott'ham Forest,29,24,22,1943.0,21.6,1,0,1,1,0,0,2,0,0.8,0.8,1.0,1.8,0.05,0.00,0.05,0.05,0.04,0.05,0.04,0.08,0.0,0.0,0.0,0.0,0.0,0.0,0.0,0.0,0.0,0.0,0.0,0.0,0.0,0.0,0.0,0.0,0.0,0.0,0.0,0.0,0.0,0.0,0.0,0.0,9,3,33.3,0.42,0.14,0.11,0.33,16.2,667,943,70.7,10182,4393,373,454,82.2,236,333,70.9,41,94,43.6,10,44,13,6,71,758,183,16,1,0,40,167,0,2,26,1.20,26,1.20,21,2,0,0,2,1,1,0.05,0,1,0,0,0,0,64,41,41,18,5,23,33,69.7,10,34,11,23,29,93,75,0,21.6,1238,107,484,505,263,13,1238,32,16,50.0,11,34.4,520,2394,1398,37,26,2,31,18,574,50,35000,1820000
Sergi Canós,"FW,DF",Brentford,25,5,0,77.0,0.9,0,0,0,0,0,0,0,0,0.1,0.1,0.0,0.1,0.00,0.00,0.00,0.00,0.09,0.03,0.09,0.11,0.0,0.0,0.0,0.0,0.0,0.0,0.0,0.0,0.0,0.0,0.0,0.0,0.0,0.0,0.0,0.0,0.0,0.0,0.0,0.0,0.0,0.0,0.0,0.0,1,0,0.0,1.17,0.00,0.00,,16.1,23,43,53.5,268,76,14,18,77.8,4,15,26.7,1,2,50.0,1,2,1,0,2,39,3,1,0,0,3,2,0,1,3,3.51,3,3.51,2,0,0,0,1,0,0,0.00,0,0,0,0,0,0,0,0,0,0,0,0,2,0.0,2,3,1,2,0,0,1,0,0.9,57,1,13,25,20,2,57,6,4,66.7,2,33.3,29,206,111,4,2,0,0,0,36,7,25000,1300000
Sergio Gómez,"DF,MF",Manchester City,21,12,2,349.0,3.9,0,1,1,0,0,0,0,0,0.4,0.4,1.2,1.5,0.00,0.26,0.26,0.00,0.09,0.30,0.09,0.39,0.0,0.0,0.0,0.0,0.0,0.0,0.0,0.0,0.0,0.0,0.0,0.0,0.0,0.0,0.0,0.0,0.0,0.0,0.0,0.0,0.0,0.0,0.0,0.0,7,0,0.0,1.81,0.00,0.00,,22.1,279,317,88.0,4074,977,154,165,93.3,105,114,92.1,11,17,64.7,5,24,3,0,18,287,30,5,0,0,8,22,3,0,7,1.81,7,1.81,6,1,0,0,0,0,1,0.26,1,0,0,0,0,0,9,4,6,1,2,5,8,62.5,3,5,3,2,2,11,9,1,3.9,358,16,75,198,87,10,358,3,0,0.0,3,100.0,203,1018,520,10,10,1,7,3,274,20,50000,2600000
Shandon Baptiste,MF,Brentford,24,23,4,618.0,6.9,0,1,1,0,0,0,3,1,0.4,0.4,1.1,1.4,0.00,0.15,0.15,0.00,0.05,0.16,0.05,0.21,0.0,0.0,0.0,0.0,0.0,0.0,0.0,0.0,0.0,0.0,0.0,0.0,0.0,0.0,0.0,0.0,0.0,0.0,0.0,0.0,0.0,0.0,0.0,0.0,4,1,25.0,0.58,0.15,0.00,0.00,15.9,247,295,83.7,4143,1121,127,142,89.4,92,104,88.5,21,32,65.6,10,22,8,2,39,287,6,1,2,0,11,3,2,2,18,2.63,18,2.63,11,1,2,2,2,0,4,0.58,3,0,0,0,1,0,15,9,6,6,3,7,17,41.2,10,10,2,8,7,22,10,0,6.9,373,12,87,196,97,7,373,13,6,46.2,3,23.1,240,1097,507,8,12,3,16,8,247,23,15000,780000
Shane Duffy,"DF,FW",Fulham,30,5,0,20.0,0.2,0,0,0,0,0,0,0,0,0.2,0.2,0.0,0.2,0.00,0.00,0.00,0.00,0.70,0.00,0.70,0.70,0.0,0.0,0.0,0.0,0.0,0.0,0.0,0.0,0.0,0.0,0.0,0.0,0.0,0.0,0.0,0.0,0.0,0.0,0.0,0.0,0.0,0.0,0.0,0.0,1,0,0.0,4.50,0.00,0.00,,6.1,16,20,80.0,308,61,5,5,100.0,9,10,90.0,2,4,50.0,0,0,0,0,0,19,1,0,0,0,0,0,0,0,0,0.00,0,0.00,0,0,0,0,0,0,0,0.00,0,0,0,0,0,0,0,0,0,0,0,0,0,,0,0,0,0,0,0,0,1,0.2,22,3,13,9,1,1,22,1,1,100.0,0,0.0,9,41,18,0,0,0,1,0,12,0,40000,2080000
Shea Charles,DF,Manchester City,18,1,0,28.0,0.3,0,0,0,0,0,0,0,0,0.0,0.0,0.0,0.0,0.00,0.00,0.00,0.00,0.00,0.00,0.00,0.00,0.0,0.0,0.0,0.0,0.0,0.0,0.0,0.0,0.0,0.0,0.0,0.0,0.0,0.0,0.0,0.0,0.0,0.0,0.0,0.0,0.0,0.0,0.0,0.0,0,0,,0.00,0.00,,,,23,25,92.0,456,106,7,8,87.5,13,13,100.0,3,3,100.0,0,3,0,0,1,22,3,1,0,0,0,1,0,0,0,0.00,0,0.00,0,0,0,0,0,0,0,0.00,0,0,0,0,0,0,4,0,4,0,0,1,1,100.0,0,0,0,0,1,5,2,0,0.3,32,5,14,18,0,0,32,0,0,,0,,20,116,43,1,0,0,0,1,19,0,0.0,0.0
Siriki Dembélé,"FW,MF",Bournemouth,25,6,0,110.0,1.2,0,0,0,0,0,0,0,0,0.2,0.2,0.3,0.5,0.00,0.00,0.00,0.00,0.15,0.25,0.15,0.41,0.0,0.0,0.0,0.0,0.0,0.0,0.0,0.0,0.0,0.0,0.0,0.0,0.0,0.0,0.0,0.0,0.0,0.0,0.0,0.0,0.0,0.0,0.0,0.0,2,2,100.0,1.64,1.64,0.00,0.00,16.6,37,47,78.7,543,223,22,29,75.9,10,13,76.9,2,2,100.0,4,2,3,2,4,45,2,0,0,0,3,2,0,0,5,4.09,5,4.09,5,0,0,0,0,0,0,0.00,0,0,0,0,0,0,3,1,2,1,0,0,1,0.0,1,1,0,1,1,4,1,0,1.2,71,1,10,30,33,3,71,10,6,60.0,3,30.0,47,311,160,5,2,1,9,5,50,11,8000,416000
Solly March,"FW,DF",Brighton,28,33,31,2715.0,30.2,7,7,14,7,0,0,2,0,8.1,8.1,8.4,16.5,0.23,0.23,0.46,0.23,0.27,0.28,0.27,0.55,0.0,0.0,0.0,0.0,0.0,0.0,0.0,0.0,0.0,0.0,0.0,0.0,0.0,0.0,0.0,0.0,0.0,0.0,0.0,0.0,0.0,0.0,0.0,0.0,74,31,41.9,2.45,1.03,0.09,0.23,16.2,951,1312,72.5,17051,4026,443,526,84.2,367,481,76.3,113,208,54.3,67,63,52,15,135,1168,142,14,3,29,155,54,71,2,140,4.64,140,4.64,91,15,19,9,4,2,14,0.46,10,1,1,2,0,0,53,31,16,17,20,8,28,28.6,20,34,3,31,24,77,32,0,30.2,1659,46,191,521,962,138,1659,114,58,50.9,35,30.7,1024,6810,3074,110,48,47,55,32,1124,357,40000,2080000
Son Heung-min,"MF,FW",Tottenham,30,36,33,2888.0,32.1,10,6,16,10,0,0,2,0,10.1,10.1,6.5,16.6,0.31,0.19,0.50,0.31,0.31,0.20,0.31,0.52,0.0,0.0,0.0,0.0,0.0,0.0,0.0,0.0,0.0,0.0,0.0,0.0,0.0,0.0,0.0,0.0,0.0,0.0,0.0,0.0,0.0,0.0,0.0,0.0,81,38,46.9,2.52,1.18,0.12,0.26,18.3,680,909,74.8,9315,2506,410,477,86.0,191,249,76.7,36,90,40.0,61,32,32,6,79,780,123,23,5,0,113,5,83,6,122,3.80,122,3.80,74,27,7,10,4,0,13,0.40,8,3,2,0,0,0,24,12,7,8,9,9,30,30.0,21,23,2,21,13,37,6,0,32.1,1217,12,143,457,643,106,1217,83,33,39.8,40,48.2,728,4927,2357,82,60,31,64,55,860,196,190000,9880000
Stefan Bajcetic,MF,Liverpool,17,11,6,526.0,5.8,1,0,1,1,0,0,2,0,0.8,0.8,0.4,1.2,0.17,0.00,0.17,0.17,0.13,0.06,0.13,0.20,0.0,0.0,0.0,0.0,0.0,0.0,0.0,0.0,0.0,0.0,0.0,0.0,0.0,0.0,0.0,0.0,0.0,0.0,0.0,0.0,0.0,0.0,0.0,0.0,6,3,50.0,1.03,0.51,0.17,0.33,24.5,200,258,77.5,3227,694,98,118,83.1,74,89,83.1,18,29,62.1,4,17,7,1,24,255,3,3,0,3,5,0,0,0,13,2.22,13,2.22,8,1,2,0,2,0,1,0.17,0,0,1,0,0,0,9,6,5,3,1,8,27,29.6,19,7,0,7,9,18,4,0,5.8,324,6,66,189,74,5,324,16,7,43.8,4,25.0,175,990,450,10,7,0,7,6,204,1,40000,2080000
Stefan Ortega,GK,Manchester City,29,3,3,270.0,3.0,0,0,0,0,0,0,0,0,0.0,0.0,0.0,0.0,0.00,0.00,0.00,0.00,0.00,0.00,0.00,0.00,0.33,15,14,93.3,2,66.7,4.1,0.27,11,24,45.8,155,16,14.8,23.9,12,8.3,20.3,26,1,3.8,7,2.33,21.1,0,0,,0.00,0.00,,,,145,167,86.8,3008,1895,57,58,98.3,61,62,98.4,27,46,58.7,0,1,0,0,0,152,15,3,0,0,0,0,0,0,0,0.00,0,0.00,0,0,0,0,0,0,0,0.00,0,0,0,0,0,0,0,0,0,0,0,0,0,,0,0,0,0,0,0,0,0,3.0,174,132,173,1,0,0,174,0,0,,0,,116,392,245,0,0,0,0,0,119,0,55000,2860000
Steve Cook,DF,Nott'ham Forest,31,12,11,957.0,10.6,0,0,0,0,0,0,4,0,0.1,0.1,0.6,0.7,0.00,0.00,0.00,0.00,0.01,0.05,0.01,0.07,0.0,0.0,0.0,0.0,0.0,0.0,0.0,0.0,0.0,0.0,0.0,0.0,0.0,0.0,0.0,0.0,0.0,0.0,0.0,0.0,0.0,0.0,0.0,0.0,3,0,0.0,0.28,0.00,0.00,,14.2,369,459,80.4,7884,2511,80,99,80.8,234,261,89.7,51,91,56.0,3,18,2,1,19,445,13,11,0,6,1,2,0,1,6,0.56,6,0.56,6,0,0,0,0,0,0,0.00,0,0,0,0,0,0,8,4,4,4,0,5,7,71.4,2,16,11,5,12,20,51,0,10.6,559,100,321,220,19,10,559,1,1,100.0,0,0.0,284,1293,577,1,3,0,3,2,350,0,30000,1560000
Stuart Armstrong,"MF,FW",Southampton,30,32,14,1408.0,15.6,2,1,3,2,0,0,6,0,2.4,2.4,2.2,4.7,0.13,0.06,0.19,0.13,0.15,0.14,0.15,0.30,0.0,0.0,0.0,0.0,0.0,0.0,0.0,0.0,0.0,0.0,0.0,0.0,0.0,0.0,0.0,0.0,0.0,0.0,0.0,0.0,0.0,0.0,0.0,0.0,23,6,26.1,1.47,0.38,0.09,0.33,17.9,531,676,78.6,8041,2224,296,341,86.8,189,226,83.6,29,55,52.7,18,47,32,7,75,634,40,4,3,3,37,14,2,2,50,3.20,50,3.20,39,1,0,6,4,0,2,0.13,1,0,0,0,1,0,32,21,15,13,4,14,39,35.9,25,18,0,18,10,42,9,2,15.6,864,21,133,403,341,37,864,52,22,42.3,21,40.4,539,3859,1910,61,45,10,28,28,596,88,65000,3380000
Sven Botman,DF,Newcastle Utd,22,36,35,3127.0,34.7,0,0,0,0,0,0,2,0,2.5,2.5,1.0,3.5,0.00,0.00,0.00,0.00,0.07,0.03,0.07,0.10,0.0,0.0,0.0,0.0,0.0,0.0,0.0,0.0,0.0,0.0,0.0,0.0,0.0,0.0,0.0,0.0,0.0,0.0,0.0,0.0,0.0,0.0,0.0,0.0,22,7,31.8,0.63,0.20,0.00,0.00,10.2,1527,1765,86.5,30660,11233,480,543,88.4,855,929,92.0,178,258,69.0,9,59,4,1,87,1717,42,32,0,30,1,4,0,6,24,0.69,24,0.69,18,1,0,5,0,0,1,0.03,0,0,0,1,0,0,38,24,31,7,0,22,28,78.6,6,44,24,20,34,72,126,2,34.7,2074,338,1188,801,95,53,2074,1,1,100.0,0,0.0,1171,5259,2810,8,5,2,10,2,1347,5,90000,4680000
Séamus Coleman,DF,Everton,33,23,20,1656.0,18.4,1,0,1,1,0,0,1,0,0.4,0.4,0.9,1.2,0.05,0.00,0.05,0.05,0.02,0.05,0.02,0.07,0.0,0.0,0.0,0.0,0.0,0.0,0.0,0.0,0.0,0.0,0.0,0.0,0.0,0.0,0.0,0.0,0.0,0.0,0.0,0.0,0.0,0.0,0.0,0.0,7,2,28.6,0.38,0.11,0.14,0.50,21.9,597,789,75.7,9624,3826,306,350,87.4,237,299,79.3,42,99,42.4,4,35,18,7,61,615,174,10,0,3,22,164,0,0,21,1.14,21,1.14,15,1,1,1,3,0,2,0.11,2,0,0,0,0,0,35,26,21,10,4,19,29,65.5,10,14,7,7,22,57,58,2,18.4,990,81,334,417,246,21,990,37,17,45.9,15,40.5,457,2049,925,13,10,3,30,6,481,37,55000,2860000
Taiwo Awoniyi,FW,Nott'ham Forest,24,27,17,1404.0,15.6,10,1,11,10,0,0,2,0,6.6,6.6,1.1,7.7,0.64,0.06,0.71,0.64,0.42,0.07,0.42,0.49,0.0,0.0,0.0,0.0,0.0,0.0,0.0,0.0,0.0,0.0,0.0,0.0,0.0,0.0,0.0,0.0,0.0,0.0,0.0,0.0,0.0,0.0,0.0,0.0,35,15,42.9,2.24,0.96,0.29,0.67,11.8,143,223,64.1,1675,300,96,133,72.2,34,52,65.4,2,8,25.0,10,6,2,0,12,220,3,0,2,1,3,1,0,0,25,1.60,25,1.60,18,0,2,2,2,1,4,0.26,2,0,1,1,0,0,17,10,2,10,5,6,12,50.0,6,18,4,14,4,21,20,0,15.6,434,22,62,177,203,55,434,23,9,39.1,11,47.8,246,1269,530,18,13,9,68,29,284,55,50000,2600000
Takehiro Tomiyasu,DF,Arsenal,23,21,6,663.0,7.4,0,1,1,0,0,0,2,0,0.2,0.2,0.6,0.8,0.00,0.14,0.14,0.00,0.03,0.08,0.03,0.11,0.0,0.0,0.0,0.0,0.0,0.0,0.0,0.0,0.0,0.0,0.0,0.0,0.0,0.0,0.0,0.0,0.0,0.0,0.0,0.0,0.0,0.0,0.0,0.0,3,0,0.0,0.41,0.00,0.00,,12.1,384,474,81.0,6453,2036,173,200,86.5,171,199,85.9,30,56,53.6,4,41,6,2,51,420,53,4,2,2,12,49,0,1,10,1.36,10,1.36,8,2,0,0,0,0,2,0.27,2,0,0,0,0,0,27,18,12,10,5,13,18,72.2,5,7,0,7,14,41,15,1,7.4,557,26,138,293,130,17,557,4,1,25.0,2,50.0,311,1380,624,14,7,1,7,4,344,28,55000,2860000
Tariq Lamptey,DF,Brighton,21,20,3,453.0,5.0,0,0,0,0,0,0,1,0,0.2,0.2,0.2,0.4,0.00,0.00,0.00,0.00,0.04,0.04,0.04,0.08,0.0,0.0,0.0,0.0,0.0,0.0,0.0,0.0,0.0,0.0,0.0,0.0,0.0,0.0,0.0,0.0,0.0,0.0,0.0,0.0,0.0,0.0,0.0,0.0,5,0,0.0,0.99,0.00,0.00,,20.1,239,302,79.1,3509,854,130,149,87.2,96,116,82.8,5,21,23.8,4,14,8,5,26,258,44,5,1,1,31,39,0,0,14,2.78,14,2.78,12,0,1,0,1,0,0,0.00,0,0,0,0,0,0,11,6,6,4,1,5,7,71.4,2,7,3,4,7,18,2,0,5.0,376,15,80,138,161,17,376,28,8,28.6,13,46.4,232,1451,808,28,12,7,16,2,256,58,35000,1820000
Tetê,FW,Leicester City,22,13,9,734.0,8.2,1,0,1,1,0,0,0,0,1.8,1.8,0.4,2.2,0.12,0.00,0.12,0.12,0.22,0.05,0.22,0.27,0.0,0.0,0.0,0.0,0.0,0.0,0.0,0.0,0.0,0.0,0.0,0.0,0.0,0.0,0.0,0.0,0.0,0.0,0.0,0.0,0.0,0.0,0.0,0.0,15,1,6.7,1.84,0.12,0.07,1.00,19.8,186,258,72.1,3000,637,102,127,80.3,56,76,73.7,19,30,63.3,6,16,4,1,26,235,20,2,1,4,19,0,6,3,28,3.43,28,3.43,15,3,7,2,1,0,2,0.25,0,0,2,0,0,0,14,8,5,7,2,6,21,28.6,15,9,0,9,2,16,3,0,8.2,350,5,59,165,134,30,350,33,20,60.6,10,30.3,212,1624,708,22,11,15,19,13,237,55,50000,2600000
Theo Walcott,"FW,MF",Southampton,33,20,13,1129.0,12.5,2,2,4,2,0,0,1,0,2.2,2.2,2.0,4.2,0.16,0.16,0.32,0.16,0.18,0.16,0.18,0.34,0.0,0.0,0.0,0.0,0.0,0.0,0.0,0.0,0.0,0.0,0.0,0.0,0.0,0.0,0.0,0.0,0.0,0.0,0.0,0.0,0.0,0.0,0.0,0.0,20,7,35.0,1.59,0.56,0.10,0.29,16.9,180,262,68.7,2284,516,120,151,79.5,39,68,57.4,4,14,28.6,15,7,7,2,14,256,6,0,1,0,21,1,0,0,28,2.23,28,2.23,23,0,0,4,1,0,2,0.16,2,0,0,0,0,0,13,6,8,4,1,8,27,29.6,19,8,1,7,9,22,7,0,12.5,384,13,75,151,169,44,384,24,12,50.0,10,41.7,224,1384,749,21,12,10,24,12,256,62,75000,3900000
Thiago Alcántara,MF,Liverpool,31,18,14,1254.0,13.9,0,0,0,0,0,0,2,0,0.4,0.4,1.1,1.5,0.00,0.00,0.00,0.00,0.03,0.08,0.03,0.11,0.0,0.0,0.0,0.0,0.0,0.0,0.0,0.0,0.0,0.0,0.0,0.0,0.0,0.0,0.0,0.0,0.0,0.0,0.0,0.0,0.0,0.0,0.0,0.0,10,1,10.0,0.72,0.07,0.00,0.00,24.1,946,1097,86.2,17219,4988,433,466,92.9,346,392,88.3,136,172,79.1,17,110,20,1,120,1063,31,23,8,15,3,6,0,3,40,2.87,40,2.87,33,0,3,1,1,2,2,0.14,2,0,0,0,0,0,43,24,20,21,2,14,23,60.9,9,15,3,12,21,64,13,2,13.9,1251,45,272,796,188,8,1251,30,21,70.0,4,13.3,718,3639,1721,13,21,0,13,22,910,24,200000,10400000
Thiago Silva,DF,Chelsea,37,27,26,2352.0,26.1,0,2,2,0,0,0,2,0,1.5,1.5,0.5,2.0,0.00,0.08,0.08,0.00,0.06,0.02,0.06,0.08,0.0,0.0,0.0,0.0,0.0,0.0,0.0,0.0,0.0,0.0,0.0,0.0,0.0,0.0,0.0,0.0,0.0,0.0,0.0,0.0,0.0,0.0,0.0,0.0,15,2,13.3,0.57,0.08,0.00,0.00,13.0,1856,2042,90.9,34998,13939,678,718,94.4,993,1035,95.9,172,258,66.7,5,115,13,0,104,1976,59,54,1,15,2,2,0,7,18,0.69,18,0.69,16,1,0,1,0,0,2,0.08,2,0,0,0,0,0,41,27,24,17,0,21,31,67.7,10,38,29,9,34,75,111,3,26.1,2302,348,1167,1081,58,24,2302,4,3,75.0,0,0.0,1460,6608,3887,8,14,0,6,1,1674,2,110000,5720000
Thilo Kehrer,DF,West Ham,25,27,25,2230.0,24.8,0,2,2,0,0,0,4,0,0.5,0.5,0.6,1.1,0.00,0.08,0.08,0.00,0.02,0.03,0.02,0.04,0.0,0.0,0.0,0.0,0.0,0.0,0.0,0.0,0.0,0.0,0.0,0.0,0.0,0.0,0.0,0.0,0.0,0.0,0.0,0.0,0.0,0.0,0.0,0.0,8,1,12.5,0.32,0.04,0.00,0.00,18.4,927,1112,83.4,16374,6006,393,447,87.9,456,510,89.4,68,119,57.1,8,59,4,1,60,992,116,24,1,6,23,91,0,4,24,0.97,24,0.97,17,4,0,3,0,0,4,0.16,2,1,0,1,0,0,43,24,25,14,4,21,45,46.7,24,16,6,10,34,77,76,1,24.8,1335,135,600,595,147,17,1335,11,8,72.7,3,27.3,677,2885,1533,15,12,1,17,6,760,29,80000,4160000
Thomas Cannon,FW,Everton,19,2,0,25.0,0.3,0,0,0,0,0,0,0,0,0.1,0.1,0.5,0.6,0.00,0.00,0.00,0.00,0.32,1.95,0.32,2.27,0.0,0.0,0.0,0.0,0.0,0.0,0.0,0.0,0.0,0.0,0.0,0.0,0.0,0.0,0.0,0.0,0.0,0.0,0.0,0.0,0.0,0.0,0.0,0.0,1,1,100.0,3.60,3.60,0.00,0.00,10.8,4,5,80.0,37,0,3,4,75.0,1,1,100.0,0,0,,1,0,0,0,0,4,1,0,0,0,0,0,0,0,0,0.00,0,0.00,0,0,0,0,0,0,0,0.00,0,0,0,0,0,0,0,0,0,0,0,0,0,,0,0,0,0,0,0,0,0,0.3,8,0,0,2,6,4,8,2,1,50.0,0,0.0,6,34,7,1,0,0,0,0,7,2,0.0,0.0
Thomas Partey,MF,Arsenal,29,33,28,2483.0,27.6,3,0,3,3,0,0,5,0,2.2,2.2,1.5,3.8,0.11,0.00,0.11,0.11,0.08,0.06,0.08,0.14,0.0,0.0,0.0,0.0,0.0,0.0,0.0,0.0,0.0,0.0,0.0,0.0,0.0,0.0,0.0,0.0,0.0,0.0,0.0,0.0,0.0,0.0,0.0,0.0,28,4,14.3,1.01,0.14,0.11,0.75,20.4,1731,1985,87.2,30132,9207,804,876,91.8,712,801,88.9,178,240,74.2,26,231,24,2,231,1923,59,32,11,12,9,27,0,3,71,2.57,71,2.57,62,2,1,2,1,3,6,0.22,6,0,0,0,0,0,70,40,20,35,15,25,52,48.1,27,26,5,21,28,98,41,1,27.6,2267,78,418,1406,466,29,2267,45,35,77.8,8,17.8,1398,6866,3847,34,38,3,33,19,1654,35,200000,10400000
Tim Ream,DF,Fulham,34,33,33,2897.0,32.2,1,0,1,1,0,0,2,0,0.3,0.3,0.1,0.4,0.03,0.00,0.03,0.03,0.01,0.00,0.01,0.01,0.0,0.0,0.0,0.0,0.0,0.0,0.0,0.0,0.0,0.0,0.0,0.0,0.0,0.0,0.0,0.0,0.0,0.0,0.0,0.0,0.0,0.0,0.0,0.0,3,2,66.7,0.09,0.06,0.33,0.50,9.8,1662,1922,86.5,35620,12543,420,472,89.0,961,1035,92.9,267,379,70.4,3,148,0,0,142,1858,59,34,0,25,4,11,0,5,24,0.75,24,0.75,23,0,0,0,0,1,0,0.00,0,0,0,0,0,0,30,16,15,12,3,13,26,50.0,13,45,24,21,41,71,116,3,32.2,2193,312,1124,1021,61,14,2193,17,12,70.6,3,17.6,1364,7720,5069,28,13,0,15,5,1451,2,30000,1560000
Timothy Castagne,DF,Leicester City,26,37,36,3254.0,36.2,2,3,5,2,0,0,3,0,2.2,2.2,2.6,4.8,0.06,0.08,0.14,0.06,0.06,0.07,0.06,0.13,0.0,0.0,0.0,0.0,0.0,0.0,0.0,0.0,0.0,0.0,0.0,0.0,0.0,0.0,0.0,0.0,0.0,0.0,0.0,0.0,0.0,0.0,0.0,0.0,19,5,26.3,0.53,0.14,0.11,0.40,11.0,1470,1836,80.1,21125,8419,895,998,89.7,470,586,80.2,60,132,45.5,22,89,20,10,106,1545,287,17,3,2,58,270,0,4,51,1.41,51,1.41,44,2,1,2,1,1,5,0.14,4,0,0,1,0,0,87,44,53,27,7,41,84,48.8,43,50,13,37,43,130,110,0,36.2,2237,158,820,920,508,52,2237,31,12,38.7,14,45.2,989,4010,1994,39,23,5,32,17,1246,149,65000,3380000
Tom Cairney,MF,Fulham,31,33,6,988.0,11.0,2,0,2,2,0,0,2,0,1.5,1.5,1.4,2.9,0.18,0.00,0.18,0.18,0.13,0.13,0.13,0.26,0.0,0.0,0.0,0.0,0.0,0.0,0.0,0.0,0.0,0.0,0.0,0.0,0.0,0.0,0.0,0.0,0.0,0.0,0.0,0.0,0.0,0.0,0.0,0.0,21,2,9.5,1.91,0.18,0.10,1.00,18.6,632,750,84.3,10133,2428,326,352,92.6,230,264,87.1,51,84,60.7,12,70,19,5,92,715,33,9,2,4,37,4,17,2,45,4.10,45,4.10,35,4,1,2,2,1,3,0.27,3,0,0,0,0,0,17,6,4,8,5,7,10,70.0,3,18,3,15,5,22,3,0,11.0,872,10,127,426,332,31,872,21,9,42.9,8,38.1,573,3124,1516,34,27,6,23,21,667,57,30000,1560000
Tom Davies,MF,Everton,24,19,4,538.0,6.0,0,0,0,0,0,0,3,0,1.2,1.2,0.2,1.3,0.00,0.00,0.00,0.00,0.19,0.03,0.19,0.22,0.0,0.0,0.0,0.0,0.0,0.0,0.0,0.0,0.0,0.0,0.0,0.0,0.0,0.0,0.0,0.0,0.0,0.0,0.0,0.0,0.0,0.0,0.0,0.0,9,2,22.2,1.51,0.33,0.00,0.00,15.7,173,234,73.9,2879,850,87,111,78.4,64,76,84.2,16,29,55.2,2,25,2,0,30,227,6,5,3,3,2,1,0,1,6,1.00,6,1.00,5,0,0,1,0,0,0,0.00,0,0,0,0,0,0,15,9,5,9,1,7,14,50.0,7,10,1,9,4,19,7,1,6.0,309,13,74,183,54,15,309,6,3,50.0,3,50.0,150,616,253,2,1,0,17,4,201,13,25000,1300000
Tomáš Souček,MF,West Ham,27,36,32,2815.0,31.3,2,3,5,2,0,0,3,0,4.0,4.0,1.9,6.0,0.06,0.10,0.16,0.06,0.13,0.06,0.13,0.19,0.0,0.0,0.0,0.0,0.0,0.0,0.0,0.0,0.0,0.0,0.0,0.0,0.0,0.0,0.0,0.0,0.0,0.0,0.0,0.0,0.0,0.0,0.0,0.0,34,13,38.2,1.09,0.42,0.06,0.15,10.8,709,994,71.3,11602,3417,360,476,75.6,255,338,75.4,66,106,62.3,15,67,11,6,88,982,12,10,0,6,20,0,1,0,52,1.66,52,1.66,41,0,0,8,1,2,3,0.10,2,0,0,1,0,0,77,37,41,29,7,28,58,48.3,30,42,17,25,53,130,71,3,31.3,1366,124,432,652,288,71,1366,17,2,11.8,12,70.6,544,2087,695,11,17,0,23,18,742,52,65000,3380000
Tosin Adarabioyo,DF,Fulham,24,25,23,2085.0,23.2,1,0,1,1,0,0,4,0,0.7,0.7,0.4,1.1,0.04,0.00,0.04,0.04,0.03,0.02,0.03,0.05,0.0,0.0,0.0,0.0,0.0,0.0,0.0,0.0,0.0,0.0,0.0,0.0,0.0,0.0,0.0,0.0,0.0,0.0,0.0,0.0,0.0,0.0,0.0,0.0,16,4,25.0,0.69,0.17,0.06,0.25,21.2,1066,1300,82.0,22623,8478,265,307,86.3,653,735,88.8,136,223,61.0,6,96,7,0,95,1235,58,47,2,12,2,7,0,7,18,0.78,18,0.78,15,0,0,3,0,0,0,0.00,0,0,0,0,0,0,30,13,22,6,2,16,23,69.6,7,20,15,5,26,56,140,1,23.2,1545,231,776,735,47,19,1545,11,9,81.8,2,18.2,834,4470,2733,16,12,1,4,4,975,3,40000,2080000
Toti Gomes,DF,Wolves,23,17,10,984.0,10.9,1,0,1,1,0,0,6,0,0.4,0.4,0.3,0.7,0.09,0.00,0.09,0.09,0.04,0.02,0.04,0.06,0.0,0.0,0.0,0.0,0.0,0.0,0.0,0.0,0.0,0.0,0.0,0.0,0.0,0.0,0.0,0.0,0.0,0.0,0.0,0.0,0.0,0.0,0.0,0.0,5,2,40.0,0.46,0.18,0.20,0.50,9.9,460,555,82.9,7615,2848,221,256,86.3,202,229,88.2,28,53,52.8,4,27,8,4,27,499,55,7,0,5,9,48,0,1,9,0.82,9,0.82,9,0,0,0,0,0,1,0.09,1,0,0,0,0,0,15,9,11,4,0,9,13,69.2,4,16,8,8,11,26,51,0,10.9,688,86,313,278,100,15,688,16,9,56.3,6,37.5,332,1521,924,4,11,0,6,3,402,23,5000,260000
Trent Alexander-Arnold,DF,Liverpool,23,37,34,2923.0,32.5,2,9,11,2,0,0,5,0,2.4,2.4,11.5,13.8,0.06,0.28,0.34,0.06,0.07,0.35,0.07,0.43,0.0,0.0,0.0,0.0,0.0,0.0,0.0,0.0,0.0,0.0,0.0,0.0,0.0,0.0,0.0,0.0,0.0,0.0,0.0,0.0,0.0,0.0,0.0,0.0,40,8,20.0,1.23,0.25,0.05,0.25,23.8,2188,2912,75.1,41590,16323,1000,1123,89.0,822,1045,78.7,331,642,51.6,71,239,82,28,235,2393,509,70,26,59,252,341,98,10,124,3.82,124,3.82,81,34,3,5,1,0,17,0.52,14,2,1,0,0,0,57,40,32,16,9,42,80,52.5,38,25,7,18,43,100,41,2,32.5,3180,89,737,1631,837,44,3180,45,30,66.7,13,28.9,1778,6848,3312,43,39,8,35,21,2042,139,180000,9360000
Trevoh Chalobah,DF,Chelsea,23,25,18,1608.0,17.9,0,0,0,0,0,0,4,0,0.9,0.9,0.3,1.2,0.00,0.00,0.00,0.00,0.05,0.02,0.05,0.06,0.0,0.0,0.0,0.0,0.0,0.0,0.0,0.0,0.0,0.0,0.0,0.0,0.0,0.0,0.0,0.0,0.0,0.0,0.0,0.0,0.0,0.0,0.0,0.0,9,2,22.2,0.50,0.11,0.00,0.00,9.6,1051,1200,87.6,18603,5316,419,467,89.7,551,594,92.8,70,107,65.4,4,64,3,1,71,1132,66,23,0,4,13,43,0,2,16,0.90,16,0.90,11,0,1,2,2,0,3,0.17,3,0,0,0,0,0,31,20,22,6,3,24,35,68.6,11,17,7,10,24,55,56,1,17.9,1369,135,602,604,167,23,1369,10,8,80.0,1,10.0,784,2679,1393,17,13,1,6,5,973,27,50000,2600000
Tyler Adams,MF,Leeds United,23,24,24,2156.0,24.0,0,0,0,0,0,0,6,1,0.1,0.1,1.4,1.5,0.00,0.00,0.00,0.00,0.00,0.06,0.00,0.06,0.0,0.0,0.0,0.0,0.0,0.0,0.0,0.0,0.0,0.0,0.0,0.0,0.0,0.0,0.0,0.0,0.0,0.0,0.0,0.0,0.0,0.0,0.0,0.0,4,0,0.0,0.17,0.00,0.00,,27.5,1108,1343,82.5,16592,5061,607,686,88.5,390,460,84.8,63,107,58.9,24,110,13,0,136,1271,72,58,1,2,2,14,0,0,43,1.79,43,1.79,42,0,0,0,1,0,1,0.04,1,0,0,0,0,0,89,46,44,35,10,50,79,63.3,29,48,8,40,35,124,29,0,24.0,1628,44,376,1010,254,5,1628,23,8,34.8,12,52.2,819,3342,1555,19,21,0,28,18,920,20,55000,2860000
Tyrell Malacia,DF,Manchester Utd,22,22,14,1396.0,15.5,0,0,0,0,0,0,6,0,0.2,0.2,0.7,0.9,0.00,0.00,0.00,0.00,0.02,0.04,0.02,0.06,0.0,0.0,0.0,0.0,0.0,0.0,0.0,0.0,0.0,0.0,0.0,0.0,0.0,0.0,0.0,0.0,0.0,0.0,0.0,0.0,0.0,0.0,0.0,0.0,5,2,40.0,0.32,0.13,0.00,0.00,22.1,694,802,86.5,10156,2981,429,463,92.7,205,232,88.4,35,60,58.3,9,36,8,0,44,670,130,11,0,5,15,117,2,2,19,1.22,19,1.22,19,0,0,0,0,0,0,0.00,0,0,0,0,0,0,46,33,33,12,1,14,25,56.0,11,13,3,10,25,71,49,0,15.5,989,54,378,392,225,16,989,19,6,31.6,13,68.4,472,2127,1023,19,17,3,17,8,557,33,75000,3900000
Tyrese Francois,FW,Fulham,22,1,0,1.0,0.0,0,0,0,0,0,0,0,0,0.0,0.0,0.0,0.0,0.00,0.00,0.00,0.00,0.00,0.00,0.00,0.00,0.0,0.0,0.0,0.0,0.0,0.0,0.0,0.0,0.0,0.0,0.0,0.0,0.0,0.0,0.0,0.0,0.0,0.0,0.0,0.0,0.0,0.0,0.0,0.0,0,0,,0.00,0.00,,,,2,2,100.0,12,2,1,1,100.0,0,0,,0,0,,0,1,0,0,0,2,0,0,0,0,0,0,0,0,0,0.00,0,0.00,0,0,0,0,0,0,0,0.00,0,0,0,0,0,0,0,0,0,0,0,0,1,0.0,1,0,0,0,0,0,1,0,0.0,5,0,1,3,1,0,5,0,0,,0,,1,0,0,0,0,0,1,0,2,1,962,50000
Tyrick Mitchell,DF,Crystal Palace,22,36,34,2891.0,32.1,0,2,2,0,0,0,5,1,0.6,0.6,1.2,1.8,0.00,0.06,0.06,0.00,0.02,0.04,0.02,0.05,0.0,0.0,0.0,0.0,0.0,0.0,0.0,0.0,0.0,0.0,0.0,0.0,0.0,0.0,0.0,0.0,0.0,0.0,0.0,0.0,0.0,0.0,0.0,0.0,6,1,16.7,0.19,0.03,0.00,0.00,11.6,1152,1607,71.7,18235,8262,600,710,84.5,483,635,76.1,53,169,31.4,15,90,21,9,106,1234,370,34,0,2,70,336,0,3,33,1.03,33,1.03,28,1,2,0,0,2,3,0.09,3,0,0,0,0,0,71,49,43,23,5,30,53,56.6,23,48,11,37,42,113,78,0,32.1,1899,115,654,834,431,35,1899,30,17,56.7,9,30.0,827,3148,1433,23,19,4,35,17,957,90,40000,2080000
Tyrone Mings,DF,Aston Villa,29,35,35,3150.0,35.0,1,2,3,1,0,0,7,0,1.2,1.2,1.4,2.6,0.03,0.06,0.09,0.03,0.03,0.04,0.03,0.07,0.0,0.0,0.0,0.0,0.0,0.0,0.0,0.0,0.0,0.0,0.0,0.0,0.0,0.0,0.0,0.0,0.0,0.0,0.0,0.0,0.0,0.0,0.0,0.0,7,2,28.6,0.20,0.06,0.14,0.50,12.1,1617,1899,85.2,30932,11677,532,586,90.8,913,984,92.8,153,286,53.5,5,106,6,0,111,1811,85,64,1,15,3,6,0,3,23,0.66,23,0.66,17,0,0,2,4,0,4,0.11,2,0,0,1,1,0,15,7,10,5,0,9,20,45.0,11,40,21,19,54,69,163,2,35.0,2228,384,1276,877,81,21,2228,12,6,50.0,3,25.0,1379,7995,4556,20,21,3,8,7,1486,7,80000,4160000
Valentino Livramento,"DF,FW",Southampton,19,2,0,28.0,0.3,0,0,0,0,0,0,0,0,0.0,0.0,0.0,0.0,0.00,0.00,0.00,0.00,0.00,0.00,0.00,0.00,0.0,0.0,0.0,0.0,0.0,0.0,0.0,0.0,0.0,0.0,0.0,0.0,0.0,0.0,0.0,0.0,0.0,0.0,0.0,0.0,0.0,0.0,0.0,0.0,0,0,,0.00,0.00,,,,21,26,80.8,302,93,10,13,76.9,11,11,100.0,0,1,0.0,0,1,0,0,0,18,8,1,0,0,0,7,0,0,0,0.00,0,0.00,0,0,0,0,0,0,0,0.00,0,0,0,0,0,0,2,1,2,0,0,0,0,,0,0,0,0,2,4,3,0,0.3,37,5,19,16,3,0,37,3,2,66.7,0,0.0,10,48,17,0,0,0,1,0,16,0,8000,416000
Vicente Guaita,GK,Crystal Palace,35,27,27,2430.0,27.0,0,0,0,0,0,0,1,0,0.0,0.0,0.0,0.0,0.00,0.00,0.00,0.00,0.00,0.00,0.00,0.00,1.26,116,84,72.4,6,22.2,32.4,0.26,115,320,35.9,635,140,34.5,32.3,206,49.0,37.4,410,26,6.3,26,0.96,13.1,0,0,,0.00,0.00,,,,610,845,72.2,15748,10443,159,161,98.8,258,263,98.1,182,405,44.9,0,3,0,0,1,590,251,45,0,4,0,0,0,4,1,0.04,1,0.04,1,0,0,0,0,0,0,0.00,0,0,0,0,0,0,0,0,0,0,0,0,0,,0,0,0,0,0,0,9,1,27.0,895,785,893,2,0,0,895,0,0,,0,,507,2657,1704,0,0,0,1,0,383,0,75000,3900000
Victor Bernth Kristiansen,DF,Leicester City,19,12,11,892.0,9.9,0,1,1,0,0,0,2,0,0.1,0.1,0.8,0.9,0.00,0.10,0.10,0.00,0.01,0.08,0.01,0.09,0.0,0.0,0.0,0.0,0.0,0.0,0.0,0.0,0.0,0.0,0.0,0.0,0.0,0.0,0.0,0.0,0.0,0.0,0.0,0.0,0.0,0.0,0.0,0.0,3,0,0.0,0.30,0.00,0.00,,18.9,327,496,65.9,5252,2353,176,209,84.2,124,191,64.9,24,67,35.8,7,29,4,3,31,376,117,6,1,0,29,100,11,3,14,1.41,14,1.41,9,4,0,1,0,0,3,0.30,3,0,0,0,0,0,38,23,18,16,4,22,30,73.3,8,16,4,12,3,41,26,1,9.9,607,33,234,255,123,4,607,15,7,46.7,5,33.3,278,1494,714,17,8,0,10,10,302,24,0.0,0.0
Victor Lindelöf,DF,Manchester Utd,28,20,14,1365.0,15.2,0,0,0,0,0,0,1,0,0.3,0.3,0.1,0.4,0.00,0.00,0.00,0.00,0.02,0.01,0.02,0.03,0.0,0.0,0.0,0.0,0.0,0.0,0.0,0.0,0.0,0.0,0.0,0.0,0.0,0.0,0.0,0.0,0.0,0.0,0.0,0.0,0.0,0.0,0.0,0.0,3,0,0.0,0.20,0.00,0.00,,7.9,866,930,93.1,15313,4622,318,336,94.6,479,495,96.8,54,76,71.1,3,35,2,0,36,905,25,13,2,1,1,1,0,0,6,0.40,6,0.40,6,0,0,0,0,0,0,0.00,0,0,0,0,0,0,22,17,10,9,3,9,17,52.9,8,18,9,9,21,43,63,1,15.2,1074,145,550,491,35,5,1074,3,2,66.7,1,33.3,652,3094,1529,3,4,0,1,2,739,1,120000,6240000
Virgil van Dijk,DF,Liverpool,31,32,32,2835.0,31.5,3,1,4,3,0,0,3,0,2.6,2.6,1.2,3.8,0.10,0.03,0.13,0.10,0.08,0.04,0.08,0.12,0.0,0.0,0.0,0.0,0.0,0.0,0.0,0.0,0.0,0.0,0.0,0.0,0.0,0.0,0.0,0.0,0.0,0.0,0.0,0.0,0.0,0.0,0.0,0.0,30,9,30.0,0.95,0.29,0.10,0.33,12.8,2345,2592,90.5,45523,16670,843,900,93.7,1236,1306,94.6,244,344,70.9,7,156,6,0,127,2492,99,73,1,31,1,9,0,1,22,0.70,22,0.70,17,0,0,4,0,1,3,0.10,2,0,0,1,0,0,27,14,13,11,3,8,19,42.1,11,24,16,8,31,58,138,3,31.5,2876,361,1327,1427,128,66,2876,2,2,100.0,0,0.0,1760,6644,3152,10,14,2,7,0,2085,8,220000,11440000
Vitaliy Mykolenko,DF,Everton,23,34,30,2655.0,29.5,0,0,0,0,0,0,4,0,0.5,0.5,1.2,1.8,0.00,0.00,0.00,0.00,0.02,0.04,0.02,0.06,0.0,0.0,0.0,0.0,0.0,0.0,0.0,0.0,0.0,0.0,0.0,0.0,0.0,0.0,0.0,0.0,0.0,0.0,0.0,0.0,0.0,0.0,0.0,0.0,10,3,30.0,0.34,0.10,0.00,0.00,20.3,966,1292,74.8,15199,5874,509,585,87.0,365,477,76.5,63,147,42.9,19,84,21,11,100,1045,239,10,1,3,57,227,2,8,45,1.52,45,1.52,40,1,0,2,2,0,3,0.10,2,0,0,1,0,0,58,34,36,19,3,28,51,54.9,23,50,16,34,46,104,99,0,29.5,1625,124,576,693,370,26,1625,25,11,44.0,14,56.0,701,3103,1491,31,33,7,32,8,798,72,58000,3016000
Vitaly Janelt,"MF,DF",Brentford,24,35,24,2208.0,24.5,3,1,4,3,0,0,3,0,2.4,2.4,1.4,3.8,0.12,0.04,0.16,0.12,0.10,0.06,0.10,0.15,0.0,0.0,0.0,0.0,0.0,0.0,0.0,0.0,0.0,0.0,0.0,0.0,0.0,0.0,0.0,0.0,0.0,0.0,0.0,0.0,0.0,0.0,0.0,0.0,14,5,35.7,0.57,0.20,0.21,0.60,15.8,812,1020,79.6,14151,3894,411,466,88.2,298,360,82.8,90,139,64.7,16,75,19,8,82,986,29,12,3,17,22,16,1,5,47,1.91,47,1.91,39,1,2,3,0,2,4,0.16,4,0,0,0,0,0,54,27,20,24,10,21,49,42.9,28,29,9,20,29,83,26,0,24.5,1244,66,335,675,242,36,1244,24,9,37.5,14,58.3,663,2798,1246,14,18,2,18,11,737,28,30000,1560000
Vladimír Coufal,DF,West Ham,29,27,24,2136.0,23.7,0,1,1,0,0,0,5,0,0.3,0.3,2.5,2.7,0.00,0.04,0.04,0.00,0.01,0.10,0.01,0.11,0.0,0.0,0.0,0.0,0.0,0.0,0.0,0.0,0.0,0.0,0.0,0.0,0.0,0.0,0.0,0.0,0.0,0.0,0.0,0.0,0.0,0.0,0.0,0.0,6,0,0.0,0.25,0.00,0.00,,25.7,730,1174,62.2,12756,6471,347,421,82.4,279,438,63.7,83,226,36.7,26,68,19,14,82,907,260,16,0,0,113,244,0,7,52,2.19,52,2.19,36,13,0,1,2,0,3,0.13,2,1,0,0,0,0,58,31,37,15,6,36,51,70.6,15,24,6,18,38,96,70,0,23.7,1433,104,435,580,424,21,1433,17,3,17.6,6,35.3,578,3284,1710,53,33,2,25,21,665,109,35000,1820000
Wayne Hennessey,GK,Nott'ham Forest,35,4,3,271.0,3.0,0,0,0,0,0,0,0,0,0.0,0.0,0.0,0.0,0.00,0.00,0.00,0.00,0.00,0.00,0.00,0.00,1.66,14,9,64.3,1,33.3,3.9,0.28,23,58,39.7,72,13,54.2,43.2,25,76.0,54.5,35,1,2.9,2,0.66,17.0,0,0,,0.00,0.00,,,,61,99,61.6,2134,1661,5,5,100.0,29,29,100.0,27,63,42.9,0,3,0,0,0,63,34,9,0,0,0,0,0,2,0,0.00,0,0.00,0,0,0,0,0,0,0,0.00,0,0,0,0,0,0,1,0,1,0,0,1,1,100.0,0,0,0,0,0,1,2,0,3.0,108,91,108,0,0,0,108,0,0,,0,,56,318,181,0,0,0,0,0,47,0,15000,780000
Wesley Fofana,DF,Leicester City,21,2,2,180.0,2.0,0,0,0,0,0,0,1,0,0.1,0.1,0.0,0.1,0.00,0.00,0.00,0.00,0.06,0.00,0.06,0.06,0.0,0.0,0.0,0.0,0.0,0.0,0.0,0.0,0.0,0.0,0.0,0.0,0.0,0.0,0.0,0.0,0.0,0.0,0.0,0.0,0.0,0.0,0.0,0.0,2,1,50.0,1.00,0.50,0.00,0.00,10.1,117,140,83.6,1995,559,44,44,100.0,64,74,86.5,6,13,46.2,0,16,0,0,6,138,1,1,0,0,0,0,0,1,2,1.00,2,1.00,1,0,0,0,0,1,0,0.00,0,0,0,0,0,0,4,2,1,2,1,1,3,33.3,2,1,1,0,9,13,5,0,2.0,169,11,68,97,7,3,169,3,2,66.7,0,0.0,116,647,365,3,5,2,3,0,115,1,200000,10400000
Wesley Fofana,DF,Chelsea,21,15,12,1183.0,13.1,1,0,1,1,0,0,3,0,0.7,0.7,0.1,0.8,0.08,0.00,0.08,0.08,0.05,0.00,0.05,0.06,0.0,0.0,0.0,0.0,0.0,0.0,0.0,0.0,0.0,0.0,0.0,0.0,0.0,0.0,0.0,0.0,0.0,0.0,0.0,0.0,0.0,0.0,0.0,0.0,2,1,50.0,1.00,0.50,0.00,0.00,10.1,117,140,83.6,1995,559,44,44,100.0,64,74,86.5,6,13,46.2,0,16,0,0,6,138,1,1,0,0,0,0,0,1,2,1.00,2,1.00,1,0,0,0,0,1,0,0.00,0,0,0,0,0,0,4,2,1,2,1,1,3,33.3,2,1,1,0,9,13,5,0,2.0,169,11,68,97,7,3,169,3,2,66.7,0,0.0,116,647,365,3,5,2,3,0,115,1,200000,10400000
Weston McKennie,MF,Leeds United,23,19,16,1437.0,16.0,0,1,1,0,0,0,7,0,0.8,0.8,0.7,1.4,0.00,0.06,0.06,0.00,0.05,0.04,0.05,0.09,0.0,0.0,0.0,0.0,0.0,0.0,0.0,0.0,0.0,0.0,0.0,0.0,0.0,0.0,0.0,0.0,0.0,0.0,0.0,0.0,0.0,0.0,0.0,0.0,13,2,15.4,0.81,0.13,0.00,0.00,15.9,472,628,75.2,7648,2686,246,302,81.5,154,197,78.2,47,79,59.5,13,50,15,3,82,589,36,8,4,6,9,26,0,3,29,1.82,29,1.82,25,3,0,1,0,0,3,0.19,2,1,0,0,0,0,30,13,5,18,7,10,29,34.5,19,22,3,19,22,52,26,0,16.0,807,41,188,401,228,17,807,16,11,68.8,4,25.0,400,1738,791,14,16,0,28,25,445,33,75000,3900000
Wilfred Ndidi,MF,Leicester City,25,27,19,1679.0,18.7,0,0,0,0,0,0,4,0,0.2,0.2,0.1,0.3,0.00,0.00,0.00,0.00,0.01,0.00,0.01,0.01,0.0,0.0,0.0,0.0,0.0,0.0,0.0,0.0,0.0,0.0,0.0,0.0,0.0,0.0,0.0,0.0,0.0,0.0,0.0,0.0,0.0,0.0,0.0,0.0,7,2,28.6,0.38,0.11,0.00,0.00,25.1,754,899,83.9,11486,2879,392,429,91.4,304,348,87.4,31,67,46.3,3,49,0,0,51,868,31,25,1,5,2,3,0,0,12,0.64,12,0.64,12,0,0,0,0,0,2,0.11,2,0,0,0,0,0,61,42,34,24,3,17,43,39.5,26,32,14,18,38,99,48,3,18.7,1129,83,406,652,92,5,1129,15,10,66.7,4,26.7,564,2464,1075,11,14,0,14,10,659,7,75000,3900000
Wilfried Gnonto,"FW,MF",Leeds United,18,24,14,1354.0,15.0,2,4,6,2,0,0,7,0,1.8,1.8,2.2,4.0,0.13,0.27,0.40,0.13,0.12,0.15,0.12,0.27,0.0,0.0,0.0,0.0,0.0,0.0,0.0,0.0,0.0,0.0,0.0,0.0,0.0,0.0,0.0,0.0,0.0,0.0,0.0,0.0,0.0,0.0,0.0,0.0,22,8,36.4,1.46,0.53,0.09,0.25,17.4,370,512,72.3,4823,1234,230,270,85.2,104,137,75.9,12,24,50.0,22,12,19,5,35,482,26,1,4,0,42,13,10,4,50,3.32,50,3.32,30,3,4,4,8,1,7,0.47,6,1,0,0,0,0,27,17,7,15,5,10,30,33.3,20,24,1,23,5,32,7,0,15.0,719,12,95,248,393,43,719,77,21,27.3,43,55.8,484,3356,1715,66,37,17,30,19,508,136,20000,1040000
Wilfried Zaha,"FW,MF",Crystal Palace,29,27,27,2288.0,25.4,7,2,9,7,0,2,5,0,6.5,4.8,2.7,7.5,0.28,0.08,0.35,0.28,0.26,0.11,0.19,0.30,0.0,0.0,0.0,0.0,0.0,0.0,0.0,0.0,0.0,0.0,0.0,0.0,0.0,0.0,0.0,0.0,0.0,0.0,0.0,0.0,0.0,0.0,0.0,0.0,64,21,32.8,2.52,0.83,0.11,0.33,16.8,502,650,77.2,7047,1594,322,370,87.0,148,185,80.0,18,37,48.6,26,18,41,3,75,628,20,5,3,1,39,5,0,2,91,3.58,91,3.58,57,0,12,4,17,1,7,0.28,6,0,0,1,0,0,32,20,12,12,8,8,21,38.1,13,21,1,20,16,48,9,0,25.4,1040,12,100,388,567,143,1038,137,55,40.1,65,47.4,729,4850,2139,86,43,59,95,82,821,238,130000,6760000
Will Hughes,MF,Crystal Palace,27,27,7,842.0,9.4,1,1,2,1,0,0,4,0,0.3,0.3,0.9,1.2,0.11,0.11,0.21,0.11,0.04,0.10,0.04,0.13,0.0,0.0,0.0,0.0,0.0,0.0,0.0,0.0,0.0,0.0,0.0,0.0,0.0,0.0,0.0,0.0,0.0,0.0,0.0,0.0,0.0,0.0,0.0,0.0,6,4,66.7,0.64,0.43,0.17,0.25,17.2,296,373,79.4,4161,1158,176,201,87.6,98,121,81.0,12,25,48.0,6,29,6,0,32,355,16,7,1,0,12,2,4,2,17,1.82,17,1.82,12,2,0,2,1,0,1,0.11,0,0,0,1,0,0,29,16,11,16,2,11,20,55.0,9,16,7,9,16,45,9,0,9.4,474,27,101,250,131,13,474,7,3,42.9,4,57.1,234,1162,636,14,10,3,14,10,262,23,35000,1820000
William Saliba,DF,Arsenal,21,27,27,2415.0,26.8,2,1,3,2,0,0,4,0,0.9,0.9,1.2,2.1,0.07,0.04,0.11,0.07,0.03,0.04,0.03,0.08,0.0,0.0,0.0,0.0,0.0,0.0,0.0,0.0,0.0,0.0,0.0,0.0,0.0,0.0,0.0,0.0,0.0,0.0,0.0,0.0,0.0,0.0,0.0,0.0,6,3,50.0,0.22,0.11,0.33,0.67,13.8,1698,1865,91.0,29692,11617,715,767,93.2,844,905,93.3,108,144,75.0,6,111,3,0,99,1822,43,34,0,2,1,0,0,0,14,0.52,14,0.52,11,2,1,0,0,0,2,0.07,2,0,0,0,0,0,34,20,23,9,2,15,18,83.3,3,13,10,3,19,53,85,4,26.8,2056,174,905,1094,64,15,2056,12,9,75.0,1,8.3,1323,6637,3888,13,14,1,15,6,1423,2,40000,2080000
Willian,FW,Fulham,33,27,25,2126.0,23.6,5,5,10,5,0,0,2,0,3.4,3.4,4.4,7.8,0.21,0.21,0.42,0.21,0.14,0.19,0.14,0.33,0.0,0.0,0.0,0.0,0.0,0.0,0.0,0.0,0.0,0.0,0.0,0.0,0.0,0.0,0.0,0.0,0.0,0.0,0.0,0.0,0.0,0.0,0.0,0.0,41,17,41.5,1.74,0.72,0.12,0.29,18.8,712,912,78.1,12115,2563,369,429,86.0,236,286,82.5,86,143,60.1,51,41,30,1,113,860,49,14,4,12,60,3,32,3,105,4.44,105,4.44,71,16,5,8,4,1,12,0.51,7,3,1,1,0,0,13,8,8,3,2,7,25,28.0,18,13,0,13,9,22,9,0,23.6,1121,10,118,419,602,78,1121,71,37,52.1,22,31.0,749,5394,2727,97,69,29,44,25,831,152,40000,2080000
Willy Boly,DF,Nott'ham Forest,31,11,9,685.0,7.6,0,1,1,0,0,0,2,0,0.0,0.0,0.2,0.2,0.00,0.13,0.13,0.00,0.01,0.03,0.01,0.03,0.0,0.0,0.0,0.0,0.0,0.0,0.0,0.0,0.0,0.0,0.0,0.0,0.0,0.0,0.0,0.0,0.0,0.0,0.0,0.0,0.0,0.0,0.0,0.0,2,1,50.0,0.26,0.13,0.00,0.00,16.7,194,258,75.2,3706,1660,63,77,81.8,107,126,84.9,20,47,42.6,1,8,0,0,12,254,4,3,0,0,0,1,0,0,5,0.66,5,0.66,5,0,0,0,0,0,1,0.13,1,0,0,0,0,0,13,6,8,3,2,8,13,61.5,5,13,4,9,12,25,45,0,7.6,353,69,239,101,15,9,353,2,1,50.0,0,0.0,171,769,355,1,1,0,2,0,182,0,40000,2080000
Wout Faes,DF,Leicester City,24,31,31,2786.0,31.0,1,2,3,1,0,0,6,1,1.2,1.2,0.6,1.8,0.03,0.06,0.10,0.03,0.04,0.02,0.04,0.06,0.0,0.0,0.0,0.0,0.0,0.0,0.0,0.0,0.0,0.0,0.0,0.0,0.0,0.0,0.0,0.0,0.0,0.0,0.0,0.0,0.0,0.0,0.0,0.0,13,3,23.1,0.42,0.10,0.08,0.33,11.8,1581,1846,85.6,29211,10369,593,654,90.7,859,939,91.5,116,218,53.2,9,70,5,0,74,1789,54,48,2,9,0,1,0,3,22,0.71,22,0.71,16,0,1,3,0,2,4,0.13,3,0,0,0,0,1,56,33,28,26,2,28,44,63.6,16,53,37,16,41,97,113,2,31.0,2177,357,1230,916,44,19,2177,12,9,75.0,3,25.0,1262,6476,3606,11,7,0,15,5,1436,2,50000,2600000
Wout Weghorst,"FW,MF",Manchester Utd,29,17,10,797.0,8.9,0,1,1,0,0,0,1,0,2.0,2.0,1.2,3.2,0.00,0.11,0.11,0.00,0.23,0.13,0.23,0.36,0.0,0.0,0.0,0.0,0.0,0.0,0.0,0.0,0.0,0.0,0.0,0.0,0.0,0.0,0.0,0.0,0.0,0.0,0.0,0.0,0.0,0.0,0.0,0.0,14,5,35.7,1.58,0.56,0.00,0.00,12.5,151,207,72.9,1773,457,95,121,78.5,31,40,77.5,5,13,38.5,14,8,1,0,17,206,1,0,4,1,0,0,0,0,27,3.05,27,3.05,22,0,1,2,1,1,2,0.23,2,0,0,0,0,0,11,5,6,1,4,2,9,22.2,7,7,2,5,7,18,9,0,8.9,291,16,45,151,97,26,291,12,4,33.3,7,58.3,161,462,156,3,7,0,15,12,206,41,35000,1820000
Yan Valery,DF,Southampton,23,1,1,45.0,0.5,0,0,0,0,0,0,0,0,0.0,0.0,0.0,0.0,0.00,0.00,0.00,0.00,0.00,0.00,0.00,0.00,0.0,0.0,0.0,0.0,0.0,0.0,0.0,0.0,0.0,0.0,0.0,0.0,0.0,0.0,0.0,0.0,0.0,0.0,0.0,0.0,0.0,0.0,0.0,0.0,0,0,,0.00,0.00,,,,15,23,65.2,213,39,9,10,90.0,4,6,66.7,1,5,20.0,0,1,0,0,0,23,0,0,0,0,1,0,0,0,0,0.00,0,0.00,0,0,0,0,0,0,0,0.00,0,0,0,0,0,0,0,0,0,0,0,0,0,,0,1,0,1,0,0,3,0,0.5,28,3,7,18,3,0,28,0,0,,0,,17,91,18,0,1,0,1,3,20,0,0.0,0.0
Yasin Ayari,MF,Brighton,18,3,1,67.0,0.7,0,0,0,0,0,0,0,0,0.0,0.0,0.1,0.2,0.00,0.00,0.00,0.00,0.03,0.18,0.03,0.21,0.0,0.0,0.0,0.0,0.0,0.0,0.0,0.0,0.0,0.0,0.0,0.0,0.0,0.0,0.0,0.0,0.0,0.0,0.0,0.0,0.0,0.0,0.0,0.0,1,0,0.0,1.34,0.00,0.00,,29.7,20,23,87.0,386,133,10,12,83.3,6,6,100.0,4,4,100.0,2,4,1,0,2,22,0,0,1,0,0,0,0,1,4,5.37,4,5.37,3,0,0,0,1,0,0,0.00,0,0,0,0,0,0,2,2,1,1,0,0,4,0.0,4,1,0,1,0,2,0,0,0.7,30,0,5,18,8,1,30,1,0,0.0,0,0.0,19,76,44,0,0,0,2,0,25,2,8000,416000
Yerry Mina,DF,Everton,27,7,7,594.0,6.6,2,0,2,2,0,0,2,0,1.5,1.5,0.1,1.6,0.30,0.00,0.30,0.30,0.22,0.02,0.22,0.24,0.0,0.0,0.0,0.0,0.0,0.0,0.0,0.0,0.0,0.0,0.0,0.0,0.0,0.0,0.0,0.0,0.0,0.0,0.0,0.0,0.0,0.0,0.0,0.0,8,4,50.0,1.21,0.61,0.25,0.50,8.4,286,325,88.0,4935,1808,117,125,93.6,146,161,90.7,17,27,63.0,1,15,1,0,13,309,15,13,0,1,1,2,0,1,8,1.21,8,1.21,5,0,0,1,2,0,1,0.15,0,0,0,0,1,0,15,8,9,6,0,9,11,81.8,2,7,4,3,6,21,28,0,6.6,402,58,198,176,30,16,402,2,1,50.0,0,0.0,217,1089,622,1,4,1,4,0,255,3,120000,6240000
Yoane Wissa,FW,Brentford,25,38,16,1606.0,17.8,7,3,10,7,0,0,3,0,5.7,5.7,2.5,8.2,0.39,0.17,0.56,0.39,0.32,0.14,0.32,0.46,0.0,0.0,0.0,0.0,0.0,0.0,0.0,0.0,0.0,0.0,0.0,0.0,0.0,0.0,0.0,0.0,0.0,0.0,0.0,0.0,0.0,0.0,0.0,0.0,32,15,46.9,1.79,0.84,0.22,0.47,14.1,238,344,69.2,3147,601,164,198,82.8,51,78,65.4,10,27,37.0,13,21,8,0,27,334,7,1,4,2,12,2,0,3,36,2.02,36,2.02,29,0,1,2,3,1,6,0.34,4,0,0,0,1,1,17,12,4,7,6,6,13,46.2,7,10,0,10,6,23,15,0,17.8,517,14,67,193,268,62,517,44,20,45.5,15,34.1,312,1573,658,24,12,11,41,25,345,104,20000,1040000
Youri Tielemans,MF,Leicester City,25,31,27,2344.0,26.0,3,2,5,2,1,2,4,0,2.5,0.9,4.7,5.6,0.12,0.08,0.19,0.08,0.10,0.18,0.04,0.21,0.0,0.0,0.0,0.0,0.0,0.0,0.0,0.0,0.0,0.0,0.0,0.0,0.0,0.0,0.0,0.0,0.0,0.0,0.0,0.0,0.0,0.0,0.0,0.0,29,8,27.6,1.11,0.31,0.07,0.25,27.7,1303,1623,80.3,21370,7448,651,734,88.7,501,592,84.6,111,208,53.4,30,169,28,7,181,1517,100,51,12,8,45,16,20,6,78,2.99,78,2.99,64,4,1,7,1,1,4,0.15,2,1,0,1,0,0,66,39,27,30,9,23,62,37.1,39,35,8,27,28,94,24,1,26.0,1877,62,436,1080,382,14,1875,35,26,74.3,5,14.3,952,4043,2088,35,25,1,33,15,1309,56,35000,1820000
Yves Bissouma,MF,Tottenham,25,23,10,1010.0,11.2,0,0,0,0,0,0,6,0,0.2,0.2,0.5,0.7,0.00,0.00,0.00,0.00,0.02,0.05,0.02,0.06,0.0,0.0,0.0,0.0,0.0,0.0,0.0,0.0,0.0,0.0,0.0,0.0,0.0,0.0,0.0,0.0,0.0,0.0,0.0,0.0,0.0,0.0,0.0,0.0,6,0,0.0,0.53,0.00,0.00,,26.7,666,733,90.9,10412,2333,340,357,95.2,271,289,93.8,38,48,79.2,8,55,5,1,62,714,16,11,1,5,2,1,0,3,29,2.58,29,2.58,24,0,1,1,1,2,1,0.09,1,0,0,0,0,0,16,13,6,6,4,2,7,28.6,5,15,6,9,12,28,10,0,11.2,826,23,164,536,127,2,826,9,7,77.8,2,22.2,504,2761,1143,14,13,1,16,8,613,10,55000,2860000
Álex Moreno,DF,Aston Villa,29,19,14,1329.0,14.8,0,3,3,0,0,0,3,0,0.6,0.6,3.0,3.7,0.00,0.20,0.20,0.00,0.04,0.21,0.04,0.25,0.0,0.0,0.0,0.0,0.0,0.0,0.0,0.0,0.0,0.0,0.0,0.0,0.0,0.0,0.0,0.0,0.0,0.0,0.0,0.0,0.0,0.0,0.0,0.0,13,3,23.1,0.88,0.20,0.00,0.00,18.4,581,745,78.0,8524,2588,320,374,85.6,216,266,81.2,24,42,57.1,22,15,30,14,37,609,134,18,1,0,48,116,0,2,34,2.30,34,2.30,31,0,2,1,0,0,3,0.20,3,0,0,0,0,0,23,14,15,5,3,13,36,36.1,23,18,3,15,7,30,37,2,14.8,949,60,327,337,293,43,949,57,23,40.4,27,47.4,510,3260,1642,65,29,16,38,15,570,122,35000,1820000
Çağlar Söyüncü,DF,Leicester City,26,7,6,529.0,5.9,1,0,1,1,0,0,2,0,0.4,0.4,0.1,0.5,0.17,0.00,0.17,0.17,0.07,0.01,0.07,0.08,0.0,0.0,0.0,0.0,0.0,0.0,0.0,0.0,0.0,0.0,0.0,0.0,0.0,0.0,0.0,0.0,0.0,0.0,0.0,0.0,0.0,0.0,0.0,0.0,5,2,40.0,0.85,0.34,0.20,0.50,9.5,241,309,78.0,4320,1537,104,115,90.4,112,136,82.4,22,48,45.8,1,9,0,0,12,292,14,12,0,5,0,0,0,3,2,0.34,2,0.34,2,0,0,0,0,0,0,0.00,0,0,0,0,0,0,14,9,10,4,0,7,10,70.0,3,9,8,1,7,21,30,0,5.9,382,71,226,147,12,7,382,1,1,100.0,0,0.0,185,1096,601,5,1,0,2,0,203,0,45000,2340000
İlkay Gündoğan,MF,Manchester City,31,31,27,2353.0,26.1,8,4,12,8,0,1,0,0,7.5,6.7,3.3,10.0,0.31,0.15,0.46,0.31,0.29,0.12,0.26,0.38,0.0,0.0,0.0,0.0,0.0,0.0,0.0,0.0,0.0,0.0,0.0,0.0,0.0,0.0,0.0,0.0,0.0,0.0,0.0,0.0,0.0,0.0,0.0,0.0,53,20,37.7,2.03,0.76,0.15,0.40,18.1,1374,1578,87.1,21396,4941,746,819,91.1,492,543,90.6,99,130,76.2,37,143,35,1,170,1519,56,24,18,6,30,5,21,3,90,3.44,90,3.44,71,7,2,4,4,2,17,0.65,13,1,0,1,2,0,30,18,7,13,10,12,34,35.3,22,18,3,15,20,50,13,0,26.1,1806,31,243,975,596,88,1805,42,16,38.1,18,42.9,1072,5457,2628,53,44,7,28,27,1425,124,140000,7280000
Łukasz Fabiański,GK,West Ham,37,36,36,3111.0,34.6,0,0,0,0,0,0,1,0,0.0,0.0,0.0,0.0,0.00,0.00,0.00,0.00,0.00,0.00,0.00,0.00,1.39,154,106,70.1,8,22.2,45.9,0.28,198,516,38.4,677,153,54.2,39.3,249,59.8,44.8,513,29,5.7,25,0.72,13.0,0,0,,0.00,0.00,,,,598,930,64.3,18882,15094,117,117,100.0,225,228,98.7,254,579,43.9,0,12,0,0,0,587,339,90,0,2,0,0,0,4,2,0.06,2,0.06,0,2,0,0,0,0,0,0.00,0,0,0,0,0,0,2,0,2,0,0,1,2,50.0,1,1,0,1,0,2,10,1,34.6,1005,871,1000,5,0,0,1005,0,0,,0,,506,3330,2146,0,0,0,3,0,350,0,65000,3380000
