Player,Pos,Squad,Age,MP,Starts,Min,90s_x,Gls,Ast,G+A,G-PK,PK,PKatt,CrdY,CrdR,xG,npxG,xAG,npxG+xAG,Gls/90,Ast/90,G+A/90,G-PK/90,xG/90,xAG/90,npxG/90,npxG+xAG/90,Gls Against 90,SoTA,Saves,Save%,CS,CS%,PSxG,PSxG/SoT,GK Cmp 40y,GK 40y Att,GK Cmp 40y%,Pass Att (GK),Thr Att (GK),Launch%,AvgLen_Pass (GK),GoalKick Att,GoalKick Launch%,AvgLen_GoalKick,Opp Crosses,Crosses Stp,Crosses Stp%,#OPA,#OPA/90,AvgDist,Sh,SoT,SoT%,Sh/90,SoT/90,G/Sh,G/SoT,Dist,Cmp_tot,Att_tot,Cmp%_tot,TotDist_Passed,PrgDist_Passed,Cmp_short,Att_short,Cmp%_short,Cmp_medium,Att_medium,Cmp%_medium,Cmp_long,Att_long,Cmp%_long,KP,1/3,PPA,CrsPA,PrgP,Live_Passes,Dead,FK,TB,Sw,Crs,TI,CK,Off,SCA,SCA90,SCA,SCA90,PassLive_SCA,PassDead_SCA,TO_SCA,Sh_SCA,Fld_SCA,Def_SCA,GCA,GCA90,PassLive_GCA,PassDead_GCA,TO_GCA,Sh_GCA,Fld_GCA,Def_GCA,Tkl,TklW,Def 3rd Tackles,Mid 3rd Tackles,Att 3rd Tackles,Tkl_Challenge,Att_Challenge,Tkl%_Challenge,Lost_Challenge,Blocks,Sh_block,Pass_block,Int,Tkl+Int,Clr,Err,90s_y,Touches,Def Pen Touches,Def 3rd Touches,Mid 3rd Touches,Att 3rd Touches,Att Pen Touches,Live_Touches,Att_takeon,Succ_takeon,Succ%_takeon,Tkld_takeon,Tkld%_takeon,Carries,TotDist_Carried,PrgDist_Carried,PrgC,1/3_carries,CPA,Mis,Dis,Rec,PrgR,Weekly Wages,Annual Wages
Aaron Cresswell,"DF,FW",West Ham,33,11,4,436.0,4.8,0,0,0,0,0,0,1,0,0.0,0.0,0.4,0.4,0.00,0.00,0.00,0.00,0.00,0.09,0.00,0.09,0.0,0.0,0.0,0.0,0.0,0.0,0.0,0.0,0.0,0.0,0.0,0.0,0.0,0.0,0.0,0.0,0.0,0.0,0.0,0.0,0.0,0.0,0.0,0.0,0,0,,0.00,0.00,,,,254,308,82.5,4176,1722,142,155,91.6,80,96,83.3,25,48,52.1,5,15,4,0,26,245,63,9,0,4,11,50,4,0,12,2.48,12,2.48,7,3,0,0,2,0,1,0.21,1,0,0,0,0,0,3,2,1,1,1,2,3,66.7,1,5,3,2,3,6,7,0,4.8,326,18,125,141,61,1,326,1,0,0.0,1,100.0,169,522,220,4,5,0,0,2,210,6,50000,2600000
Aaron Hickey,DF,Brentford,21,9,9,713.0,7.9,0,0,0,0,0,0,5,0,0.2,0.2,0.1,0.3,0.00,0.00,0.00,0.00,0.03,0.01,0.03,0.04,0.0,0.0,0.0,0.0,0.0,0.0,0.0,0.0,0.0,0.0,0.0,0.0,0.0,0.0,0.0,0.0,0.0,0.0,0.0,0.0,0.0,0.0,0.0,0.0,7,1,14.3,0.88,0.13,0.00,0.00,25.3,243,277,87.7,3813,894,134,140,95.7,92,106,86.8,14,20,70.0,1,10,2,0,21,254,23,3,1,3,5,20,0,0,7,0.88,7,0.88,6,0,0,0,1,0,0,0.00,0,0,0,0,0,0,16,9,9,3,4,7,7,100.0,0,7,3,4,3,19,10,0,7.9,356,25,132,155,76,7,356,14,5,35.7,5,35.7,212,1107,505,9,3,1,14,5,225,13,30000,1560000
Aaron Ramsdale,GK,Arsenal,25,6,6,540.0,6.0,0,0,0,0,0,0,0,0,0.0,0.0,0.0,0.0,0.00,0.00,0.00,0.00,0.00,0.00,0.00,0.00,0.83,14,9,64.3,2,33.3,3.7,0.26,19,69,27.5,169,30,34.9,33.3,19,52.6,41.4,46,8,17.4,9,1.50,14.6,0,0,,0.00,0.00,,,,131,188,69.7,3303,2420,38,38,100.0,61,62,98.4,32,86,37.2,0,4,0,0,2,153,35,16,0,0,0,0,0,0,0,0.00,0,0.00,0,0,0,0,0,0,0,0.00,0,0,0,0,0,0,0,0,0,0,0,0,0,,0,0,0,0,0,0,3,2,6.0,197,140,186,11,0,0,197,0,0,,0,,137,697,399,0,0,0,1,0,104,0,120000,6240000
Aaron Ramsey,"MF,FW",Burnley,20,14,5,527.0,5.9,0,0,0,0,0,0,1,0,0.3,0.3,0.4,0.7,0.00,0.00,0.00,0.00,0.06,0.07,0.06,0.13,0.0,0.0,0.0,0.0,0.0,0.0,0.0,0.0,0.0,0.0,0.0,0.0,0.0,0.0,0.0,0.0,0.0,0.0,0.0,0.0,0.0,0.0,0.0,0.0,6,2,33.3,1.02,0.34,0.00,0.00,16.5,118,151,78.1,1856,224,71,84,84.5,37,46,80.4,9,10,90.0,1,7,2,0,8,141,9,1,1,0,2,2,0,1,5,0.85,5,0.85,5,0,0,0,0,0,0,0.00,0,0,0,0,0,0,17,14,7,5,5,8,16,50.0,8,11,2,9,1,18,10,0,5.9,228,15,63,102,65,9,228,10,3,30.0,6,60.0,117,514,168,8,5,4,11,10,142,17,25000,1300000
Aaron Wan-Bissaka,DF,Manchester Utd,25,22,20,1780.0,19.8,0,2,2,0,0,0,4,0,0.1,0.1,1.5,1.6,0.00,0.10,0.10,0.00,0.01,0.08,0.01,0.08,0.0,0.0,0.0,0.0,0.0,0.0,0.0,0.0,0.0,0.0,0.0,0.0,0.0,0.0,0.0,0.0,0.0,0.0,0.0,0.0,0.0,0.0,0.0,0.0,3,1,33.3,0.15,0.05,0.00,0.00,20.2,823,986,83.5,10824,3539,536,599,89.5,243,285,85.3,19,38,50.0,12,51,16,3,77,839,145,7,0,1,14,138,0,2,26,1.31,26,1.31,24,1,0,0,1,0,3,0.15,3,0,0,0,0,0,42,25,18,20,4,19,26,73.1,7,29,15,14,41,83,68,1,19.8,1225,85,424,538,278,24,1225,32,17,53.1,9,28.1,594,2909,1429,30,27,4,20,9,691,54,90000,4680000
Abdoulaye Doucouré,"FW,MF",Everton,30,32,32,2629.0,29.2,7,1,8,7,0,0,7,0,8.8,8.8,2.9,11.6,0.24,0.03,0.27,0.24,0.30,0.10,0.30,0.40,0.0,0.0,0.0,0.0,0.0,0.0,0.0,0.0,0.0,0.0,0.0,0.0,0.0,0.0,0.0,0.0,0.0,0.0,0.0,0.0,0.0,0.0,0.0,0.0,47,21,44.7,1.61,0.72,0.15,0.33,12.2,683,893,76.5,9807,2329,381,453,84.1,239,288,83.0,28,59,47.5,34,43,18,1,97,876,16,0,1,1,26,0,0,1,67,2.29,67,2.29,59,0,0,6,1,1,5,0.17,3,0,0,2,0,0,43,27,20,14,9,18,46,39.1,28,23,3,20,15,58,19,0,29.2,1190,36,188,523,495,100,1190,48,25,52.1,21,43.8,635,3292,1692,55,37,17,61,42,800,140,130000,6760000
Adam Lallana,"MF,FW",Brighton,35,25,13,850.0,9.4,0,1,1,0,0,0,2,0,0.8,0.8,1.7,2.5,0.00,0.11,0.11,0.00,0.09,0.18,0.09,0.27,0.0,0.0,0.0,0.0,0.0,0.0,0.0,0.0,0.0,0.0,0.0,0.0,0.0,0.0,0.0,0.0,0.0,0.0,0.0,0.0,0.0,0.0,0.0,0.0,11,2,18.2,1.16,0.21,0.00,0.00,17.8,451,509,88.6,4936,1088,326,352,92.6,78,90,86.7,7,8,87.5,15,21,16,1,39,491,15,5,3,0,7,0,4,3,28,2.96,28,2.96,27,0,0,0,1,0,1,0.11,1,0,0,0,0,0,8,3,4,4,0,0,4,0.0,4,2,1,1,3,11,1,0,9.4,574,5,80,268,229,44,574,13,3,23.1,9,69.2,354,1310,483,9,12,4,14,18,491,55,90000,4680000
Adam Smith,DF,Bournemouth,32,28,25,2150.0,23.9,0,2,2,0,0,0,6,0,0.1,0.1,1.3,1.4,0.00,0.08,0.08,0.00,0.00,0.05,0.00,0.06,0.0,0.0,0.0,0.0,0.0,0.0,0.0,0.0,0.0,0.0,0.0,0.0,0.0,0.0,0.0,0.0,0.0,0.0,0.0,0.0,0.0,0.0,0.0,0.0,2,0,0.0,0.08,0.00,0.00,,26.9,782,1025,76.3,12722,5225,397,443,89.6,325,401,81.0,51,141,36.2,17,58,23,17,89,793,229,14,3,1,39,215,0,3,31,1.30,31,1.30,26,4,0,0,1,0,5,0.21,5,0,0,0,0,0,37,23,18,11,8,19,39,48.7,20,28,11,17,21,58,62,0,23.9,1229,92,404,537,295,11,1229,15,4,26.7,8,53.3,521,2455,1022,24,22,3,14,7,580,28,35000,1820000
Adam Webster,DF,Brighton,28,15,13,1144.0,12.7,0,0,0,0,0,0,2,0,0.4,0.4,0.1,0.6,0.00,0.00,0.00,0.00,0.03,0.01,0.03,0.05,0.0,0.0,0.0,0.0,0.0,0.0,0.0,0.0,0.0,0.0,0.0,0.0,0.0,0.0,0.0,0.0,0.0,0.0,0.0,0.0,0.0,0.0,0.0,0.0,8,0,0.0,0.63,0.00,0.00,,9.9,997,1096,91.0,16938,5838,428,462,92.6,495,529,93.6,56,79,70.9,5,92,4,0,80,1063,31,23,1,4,1,7,0,2,14,1.10,14,1.10,13,0,0,1,0,0,0,0.00,0,0,0,0,0,0,14,12,8,5,1,6,18,33.3,12,16,12,4,16,30,43,1,12.7,1201,106,495,625,86,14,1201,2,0,0.0,2,100.0,814,4073,2357,16,16,0,5,2,903,2,55000,2860000
Adam Wharton,MF,Crystal Palace,19,16,15,1297.0,14.4,0,3,3,0,0,0,2,0,0.3,0.3,2.4,2.8,0.00,0.21,0.21,0.00,0.02,0.17,0.02,0.19,0.0,0.0,0.0,0.0,0.0,0.0,0.0,0.0,0.0,0.0,0.0,0.0,0.0,0.0,0.0,0.0,0.0,0.0,0.0,0.0,0.0,0.0,0.0,0.0,10,1,10.0,0.69,0.07,0.00,0.00,24.2,464,596,77.9,8091,2486,209,244,85.7,199,234,85.0,45,80,56.3,21,51,16,3,79,553,34,13,3,2,25,0,15,9,37,2.57,37,2.57,30,7,0,0,0,0,5,0.35,5,0,0,0,0,0,48,32,18,22,8,23,46,50.0,23,17,3,14,20,68,24,1,14.4,742,29,143,426,183,4,742,7,3,42.9,2,28.6,346,1441,723,14,23,0,12,12,449,10,35000,1820000
Adama Traoré,"FW,MF",Fulham,27,17,1,377.0,4.2,2,3,5,2,0,0,2,0,1.5,1.5,0.7,2.2,0.48,0.72,1.19,0.48,0.36,0.17,0.36,0.53,0.0,0.0,0.0,0.0,0.0,0.0,0.0,0.0,0.0,0.0,0.0,0.0,0.0,0.0,0.0,0.0,0.0,0.0,0.0,0.0,0.0,0.0,0.0,0.0,11,7,63.6,2.63,1.67,0.18,0.29,16.0,97,139,69.8,1487,457,52,62,83.9,38,52,73.1,5,12,41.7,7,3,9,4,16,137,2,0,0,1,26,2,0,0,14,3.34,14,3.34,12,0,1,1,0,0,5,1.19,4,0,1,0,0,0,4,3,1,2,1,3,6,50.0,3,2,0,2,1,5,2,0,4.2,194,4,28,51,118,24,194,17,9,52.9,6,35.3,134,1227,676,29,13,13,13,9,154,48,65000,3380000
Albert Sambi Lokonga,MF,Luton Town,23,17,16,1303.0,14.5,1,3,4,1,0,0,4,0,0.6,0.6,1.4,2.0,0.07,0.21,0.28,0.07,0.04,0.10,0.04,0.14,0.0,0.0,0.0,0.0,0.0,0.0,0.0,0.0,0.0,0.0,0.0,0.0,0.0,0.0,0.0,0.0,0.0,0.0,0.0,0.0,0.0,0.0,0.0,0.0,8,2,25.0,0.55,0.14,0.13,0.50,20.9,669,766,87.3,11099,3318,319,348,91.7,253,285,88.8,55,76,72.4,9,68,6,1,72,694,67,28,5,11,13,8,2,5,27,1.86,27,1.86,22,0,0,1,3,1,3,0.21,3,0,0,0,0,0,29,18,14,12,3,17,24,70.8,7,23,13,10,11,40,14,0,14.5,899,54,223,513,170,11,899,22,11,50.0,7,31.8,528,3026,1706,29,19,2,12,11,597,13,50000,2600000
Alejandro Garnacho,FW,Manchester Utd,19,36,30,2565.0,28.5,7,4,11,7,0,0,4,0,8.4,8.3,5.1,13.4,0.25,0.14,0.39,0.25,0.29,0.18,0.29,0.47,0.0,0.0,0.0,0.0,0.0,0.0,0.0,0.0,0.0,0.0,0.0,0.0,0.0,0.0,0.0,0.0,0.0,0.0,0.0,0.0,0.0,0.0,0.0,0.0,100,27,27.0,3.51,0.95,0.07,0.26,15.8,675,901,74.9,9269,1365,422,506,83.4,189,233,81.1,34,63,54.0,46,26,22,4,62,885,13,3,2,4,58,6,4,3,119,4.17,119,4.17,80,0,13,13,12,1,15,0.53,10,0,1,1,2,1,22,15,7,6,9,12,45,26.7,33,26,2,24,18,40,18,0,28.5,1312,13,180,403,741,248,1312,131,48,36.6,63,48.1,940,8034,4211,178,83,102,69,49,1007,281,50000,2600000
Alejo Véliz,FW,Tottenham,19,8,0,50.0,0.6,1,0,1,1,0,0,1,0,0.2,0.2,0.0,0.2,1.80,0.00,1.80,1.80,0.45,0.00,0.45,0.45,0.0,0.0,0.0,0.0,0.0,0.0,0.0,0.0,0.0,0.0,0.0,0.0,0.0,0.0,0.0,0.0,0.0,0.0,0.0,0.0,0.0,0.0,0.0,0.0,2,1,50.0,3.60,1.80,0.50,1.00,8.9,5,10,50.0,91,5,2,4,50.0,2,2,100.0,1,1,100.0,0,0,0,0,1,8,2,0,0,0,0,0,0,0,1,1.84,1,1.84,0,0,1,0,0,0,0,0.00,0,0,0,0,0,0,1,0,1,0,0,0,0,,0,0,0,0,0,1,0,0,0.6,18,0,1,6,11,4,18,2,1,50.0,1,50.0,8,19,9,0,0,0,2,2,10,3,25000,1300000
Aleksandar Mitrović,FW,Fulham,28,1,0,33.0,0.4,0,0,0,0,0,0,0,0,0.2,0.2,0.0,0.2,0.00,0.00,0.00,0.00,0.44,0.00,0.44,0.44,0.0,0.0,0.0,0.0,0.0,0.0,0.0,0.0,0.0,0.0,0.0,0.0,0.0,0.0,0.0,0.0,0.0,0.0,0.0,0.0,0.0,0.0,0.0,0.0,2,1,50.0,5.45,2.73,0.00,0.00,11.0,4,8,50.0,78,24,1,3,33.3,2,4,50.0,1,1,100.0,0,1,1,0,1,8,0,0,0,0,0,0,0,0,2,5.45,2,5.45,1,0,1,0,0,0,1,2.73,1,0,0,0,0,0,0,0,0,0,0,0,0,,0,0,0,0,0,0,0,0,0.4,12,0,1,6,6,4,12,3,3,100.0,0,0.0,5,29,15,0,0,0,0,0,8,0,0.0,0.0
Alex Iwobi,MF,Everton,27,2,2,140.0,1.6,0,0,0,0,0,0,0,0,0.3,0.3,0.2,0.5,0.00,0.00,0.00,0.00,0.21,0.14,0.21,0.35,0.0,0.0,0.0,0.0,0.0,0.0,0.0,0.0,0.0,0.0,0.0,0.0,0.0,0.0,0.0,0.0,0.0,0.0,0.0,0.0,0.0,0.0,0.0,0.0,4,2,50.0,2.57,1.29,0.00,0.00,16.2,27,42,64.3,545,179,13,14,92.9,7,10,70.0,7,15,46.7,4,1,3,1,4,34,7,0,0,0,10,1,6,1,12,7.77,12,7.77,6,1,2,3,0,0,0,0.00,0,0,0,0,0,0,2,0,1,0,1,2,3,66.7,1,2,0,2,1,3,0,0,1.6,58,0,5,17,38,3,58,4,3,75.0,1,25.0,33,316,221,6,5,2,3,1,34,8,80000,4160000
Alex Iwobi,"FW,MF",Fulham,27,30,25,2192.0,24.4,5,2,7,5,0,0,2,0,5.3,5.3,4.7,10.0,0.21,0.08,0.29,0.21,0.22,0.19,0.22,0.41,0.0,0.0,0.0,0.0,0.0,0.0,0.0,0.0,0.0,0.0,0.0,0.0,0.0,0.0,0.0,0.0,0.0,0.0,0.0,0.0,0.0,0.0,0.0,0.0,4,2,50.0,2.57,1.29,0.00,0.00,16.2,27,42,64.3,545,179,13,14,92.9,7,10,70.0,7,15,46.7,4,1,3,1,4,34,7,0,0,0,10,1,6,1,12,7.77,12,7.77,6,1,2,3,0,0,0,0.00,0,0,0,0,0,0,2,0,1,0,1,2,3,66.7,1,2,0,2,1,3,0,0,1.6,58,0,5,17,38,3,58,4,3,75.0,1,25.0,33,316,221,6,5,2,3,1,34,8,80000,4160000
Alex Matos,MF,Chelsea,18,1,0,1.0,0.0,0,0,0,0,0,0,0,0,0.0,0.0,0.0,0.0,0.00,0.00,0.00,0.00,0.00,0.00,0.00,0.00,0.0,0.0,0.0,0.0,0.0,0.0,0.0,0.0,0.0,0.0,0.0,0.0,0.0,0.0,0.0,0.0,0.0,0.0,0.0,0.0,0.0,0.0,0.0,0.0,0,0,,0.00,0.00,,,,0,0,,0,0,0,0,,0,0,,0,0,,0,0,0,0,0,0,0,0,0,0,0,0,0,0,0,0.00,0,0.00,0,0,0,0,0,0,0,0.00,0,0,0,0,0,0,0,0,0,0,0,0,0,,0,0,0,0,0,0,0,0,0.0,0,0,0,0,0,0,0,0,0,,0,,1,1,0,0,0,0,0,1,1,0,0.0,0.0
Alex Murphy,"DF,FW",Newcastle Utd,19,2,0,13.0,0.1,0,0,0,0,0,0,0,0,0.0,0.0,0.0,0.0,0.00,0.00,0.00,0.00,0.00,0.00,0.00,0.00,0.0,0.0,0.0,0.0,0.0,0.0,0.0,0.0,0.0,0.0,0.0,0.0,0.0,0.0,0.0,0.0,0.0,0.0,0.0,0.0,0.0,0.0,0.0,0.0,0,0,,0.00,0.00,,,,17,17,100.0,275,81,10,10,100.0,5,5,100.0,2,2,100.0,0,2,0,0,1,17,0,0,0,0,0,0,0,0,0,0.00,0,0.00,0,0,0,0,0,0,0,0.00,0,0,0,0,0,0,1,1,0,1,0,1,2,50.0,1,1,0,1,1,2,0,0,0.1,21,0,4,15,2,0,21,0,0,,0,,16,72,37,0,0,0,1,0,16,0,0.0,0.0
Alex Scott,MF,Bournemouth,19,23,11,1014.0,11.3,1,1,2,1,0,0,3,0,0.7,0.7,1.7,2.4,0.09,0.09,0.18,0.09,0.06,0.15,0.06,0.22,0.0,0.0,0.0,0.0,0.0,0.0,0.0,0.0,0.0,0.0,0.0,0.0,0.0,0.0,0.0,0.0,0.0,0.0,0.0,0.0,0.0,0.0,0.0,0.0,15,3,20.0,1.33,0.27,0.07,0.33,22.8,361,474,76.2,5733,1583,186,227,81.9,138,161,85.7,25,60,41.7,22,22,15,2,50,429,43,10,2,4,36,4,26,2,44,3.91,44,3.91,32,5,2,2,2,1,3,0.27,2,0,1,0,0,0,24,15,8,10,6,12,28,42.9,16,14,4,10,12,36,18,2,11.3,612,33,120,295,217,29,612,37,13,35.1,20,54.1,330,2166,1129,24,21,10,17,11,361,35,40000,2080000
Alexander Isak,FW,Newcastle Utd,23,30,27,2255.0,25.1,21,2,23,16,5,6,1,0,20.3,15.6,3.7,19.3,0.84,0.08,0.92,0.64,0.81,0.15,0.62,0.77,0.0,0.0,0.0,0.0,0.0,0.0,0.0,0.0,0.0,0.0,0.0,0.0,0.0,0.0,0.0,0.0,0.0,0.0,0.0,0.0,0.0,0.0,0.0,0.0,72,36,50.0,2.87,1.44,0.22,0.44,14.5,385,493,78.1,5446,1167,237,280,84.6,117,142,82.4,15,22,68.2,27,28,21,0,71,428,62,0,5,2,10,6,1,3,72,2.87,72,2.87,45,0,12,11,4,0,10,0.40,4,0,3,2,1,0,5,0,2,1,2,2,8,25.0,6,16,1,15,6,11,13,0,25.1,725,19,46,299,387,139,720,74,42,56.8,28,37.8,421,3052,1613,68,31,38,49,23,511,129,120000,6240000
Alexis Mac Allister,MF,Liverpool,24,33,31,2599.0,28.9,5,5,10,4,1,1,7,1,3.7,2.9,3.6,6.4,0.17,0.17,0.35,0.14,0.13,0.12,0.10,0.22,0.0,0.0,0.0,0.0,0.0,0.0,0.0,0.0,0.0,0.0,0.0,0.0,0.0,0.0,0.0,0.0,0.0,0.0,0.0,0.0,0.0,0.0,0.0,0.0,43,8,18.6,1.49,0.28,0.09,0.50,23.3,1704,1967,86.6,26565,7659,884,970,91.1,656,722,90.9,100,161,62.1,47,162,41,2,209,1900,61,38,14,11,32,2,11,6,108,3.74,108,3.74,92,5,3,1,5,2,12,0.42,10,1,1,0,0,0,99,55,35,50,14,59,125,47.2,66,65,8,57,35,134,25,1,28.9,2313,73,392,1382,560,32,2312,34,18,52.9,12,35.3,1346,5738,3006,44,45,4,30,35,1626,48,150000,7800000
Alfie Doughty,DF,Luton Town,23,37,34,2925.0,32.5,2,8,10,2,0,0,5,0,1.3,1.3,6.3,7.6,0.06,0.25,0.31,0.06,0.04,0.19,0.04,0.23,0.0,0.0,0.0,0.0,0.0,0.0,0.0,0.0,0.0,0.0,0.0,0.0,0.0,0.0,0.0,0.0,0.0,0.0,0.0,0.0,0.0,0.0,0.0,0.0,26,8,30.8,0.80,0.25,0.08,0.25,16.3,1121,1686,66.5,20956,8325,496,571,86.9,431,571,75.5,166,426,39.0,70,71,43,24,106,1190,489,89,0,9,340,249,151,7,115,3.54,115,3.54,57,47,4,6,1,0,16,0.49,8,5,1,2,0,0,63,40,29,18,16,37,82,45.1,45,51,9,42,31,94,43,4,32.5,1998,102,541,665,818,76,1998,67,33,49.3,24,35.8,897,5522,2794,94,52,28,51,13,968,164,7500,390000
Alfie Gilchrist,DF,Chelsea,19,11,2,207.0,2.3,1,0,1,1,0,0,1,0,0.3,0.3,0.0,0.3,0.43,0.00,0.43,0.43,0.14,0.00,0.14,0.14,0.0,0.0,0.0,0.0,0.0,0.0,0.0,0.0,0.0,0.0,0.0,0.0,0.0,0.0,0.0,0.0,0.0,0.0,0.0,0.0,0.0,0.0,0.0,0.0,5,1,20.0,2.17,0.43,0.20,1.00,13.5,121,141,85.8,1893,468,63,73,86.3,55,61,90.2,3,6,50.0,0,5,1,0,7,121,19,3,0,0,1,16,0,1,3,1.31,3,1.31,2,1,0,0,0,0,0,0.00,0,0,0,0,0,0,4,0,4,0,0,2,5,40.0,3,6,3,3,3,7,11,0,2.3,177,14,72,57,49,5,177,1,1,100.0,0,0.0,78,263,130,1,1,0,2,2,96,4,0.0,0.0
Alisson,GK,Liverpool,30,28,28,2520.0,28.0,0,0,0,0,0,0,1,0,0.0,0.0,0.0,0.0,0.00,0.00,0.00,0.00,0.00,0.00,0.00,0.00,1.07,109,80,73.4,8,28.6,28.7,0.26,60,183,32.8,1021,140,14.1,24.7,116,33.6,33.3,299,13,4.3,33,1.18,17.7,0,0,,0.00,0.00,,,,985,1142,86.3,21428,13147,238,239,99.6,597,607,98.4,147,284,51.8,1,8,0,0,5,983,154,38,0,5,0,0,0,5,11,0.39,11,0.39,10,1,0,0,0,0,0,0.00,0,0,0,0,0,0,0,0,0,0,0,0,1,0.0,1,0,0,0,0,0,11,4,28.0,1196,754,1145,52,0,0,1196,0,0,,0,,850,3713,2361,0,0,0,4,0,764,0,150000,7800000
Alphonse Areola,GK,West Ham,30,31,31,2699.0,30.0,0,0,0,0,0,0,1,0,0.0,0.0,0.0,0.0,0.00,0.00,0.00,0.00,0.00,0.00,0.00,0.00,1.77,188,136,74.5,4,12.9,52.1,0.24,160,430,37.2,643,144,43.9,36.8,219,67.6,47.3,468,27,5.8,7,0.23,8.9,0,0,,0.00,0.00,,,,562,867,64.8,17799,12917,74,76,97.4,245,246,99.6,241,538,44.8,0,8,0,0,1,555,307,88,0,2,0,0,0,5,2,0.07,2,0.07,1,1,0,0,0,0,0,0.00,0,0,0,0,0,0,1,1,1,0,0,1,3,33.3,2,0,0,0,1,2,16,0,30.0,976,835,969,7,0,0,976,1,1,100.0,0,0.0,498,3168,1945,0,1,0,0,0,345,0,120000,6240000
Amad Diallo,"FW,MF",Manchester Utd,21,9,3,390.0,4.3,1,1,2,1,0,0,1,0,0.5,0.5,1.1,1.6,0.23,0.23,0.46,0.23,0.12,0.24,0.12,0.36,0.0,0.0,0.0,0.0,0.0,0.0,0.0,0.0,0.0,0.0,0.0,0.0,0.0,0.0,0.0,0.0,0.0,0.0,0.0,0.0,0.0,0.0,0.0,0.0,10,4,40.0,2.31,0.92,0.10,0.25,19.3,149,170,87.6,1931,279,105,115,91.3,32,37,86.5,4,5,80.0,10,6,3,0,10,166,4,1,0,1,1,2,1,0,20,4.62,20,4.62,16,0,3,1,0,0,0,0.00,0,0,0,0,0,0,10,3,1,6,3,3,7,42.9,4,3,1,2,1,11,6,0,4.3,231,8,28,94,110,24,231,23,11,47.8,10,43.5,146,1035,355,11,12,4,7,14,163,31,28846,1500000
Amadou Diallo,MF,Newcastle Utd,20,1,0,1.0,0.0,0,0,0,0,0,0,0,0,0.0,0.0,0.0,0.0,0.00,0.00,0.00,0.00,0.00,0.00,0.00,0.00,0.0,0.0,0.0,0.0,0.0,0.0,0.0,0.0,0.0,0.0,0.0,0.0,0.0,0.0,0.0,0.0,0.0,0.0,0.0,0.0,0.0,0.0,0.0,0.0,0,0,,0.00,0.00,,,,1,1,100.0,10,0,1,1,100.0,0,0,,0,0,,0,0,0,0,0,1,0,0,0,0,0,0,0,0,0,0.00,0,0.00,0,0,0,0,0,0,0,0.00,0,0,0,0,0,0,0,0,0,0,0,0,0,,0,0,0,0,0,0,0,0,0.0,1,0,0,1,0,0,1,0,0,,0,,0,0,0,0,0,0,0,0,1,0,0.0,0.0
Amadou Onana,MF,Everton,21,30,23,2091.0,23.2,2,0,2,2,0,0,5,0,2.0,2.0,2.7,4.7,0.09,0.00,0.09,0.09,0.09,0.11,0.09,0.20,0.0,0.0,0.0,0.0,0.0,0.0,0.0,0.0,0.0,0.0,0.0,0.0,0.0,0.0,0.0,0.0,0.0,0.0,0.0,0.0,0.0,0.0,0.0,0.0,29,6,20.7,1.25,0.26,0.07,0.33,19.3,871,1036,84.1,14568,4039,444,499,89.0,312,357,87.4,85,115,73.9,18,102,14,1,107,1017,10,6,6,14,3,1,0,9,56,2.41,56,2.41,47,0,1,3,4,1,1,0.04,0,0,0,0,0,1,71,38,32,31,8,21,42,50.0,21,25,6,19,21,92,31,0,23.2,1291,61,280,724,297,29,1291,27,12,44.4,8,29.6,657,2985,1376,21,30,5,20,10,839,39,100000,5200000
Amari'i Bell,DF,Luton Town,29,21,21,1720.0,19.1,0,0,0,0,0,0,0,0,0.3,0.3,0.5,0.7,0.00,0.00,0.00,0.00,0.01,0.02,0.01,0.04,0.0,0.0,0.0,0.0,0.0,0.0,0.0,0.0,0.0,0.0,0.0,0.0,0.0,0.0,0.0,0.0,0.0,0.0,0.0,0.0,0.0,0.0,0.0,0.0,2,2,100.0,0.10,0.10,0.00,0.00,18.8,645,835,77.2,10680,4470,324,372,87.1,270,315,85.7,44,108,40.7,8,63,8,0,76,783,48,15,2,3,13,29,0,4,25,1.31,25,1.31,22,0,0,0,2,1,3,0.16,3,0,0,0,0,0,50,33,30,19,1,22,35,62.9,13,33,15,18,25,75,60,1,19.1,1070,101,480,486,117,5,1070,27,10,37.0,15,55.6,584,3640,2020,32,25,1,18,5,607,10,10000,520000
Ameen Al-Dakhil,DF,Burnley,21,13,12,1056.0,11.7,1,0,1,1,0,0,1,0,1.3,1.3,0.1,1.4,0.09,0.00,0.09,0.09,0.11,0.01,0.11,0.12,0.0,0.0,0.0,0.0,0.0,0.0,0.0,0.0,0.0,0.0,0.0,0.0,0.0,0.0,0.0,0.0,0.0,0.0,0.0,0.0,0.0,0.0,0.0,0.0,8,3,37.5,0.68,0.26,0.13,0.33,16.0,537,637,84.3,9642,2939,208,220,94.5,280,321,87.2,42,77,54.5,2,13,2,0,35,590,45,11,2,2,3,34,0,2,8,0.68,8,0.68,5,0,1,2,0,0,1,0.09,1,0,0,0,0,0,12,5,4,7,1,1,10,10.0,9,13,6,7,12,24,38,2,11.7,749,83,355,339,58,10,749,5,3,60.0,2,40.0,491,2471,1351,7,9,0,8,6,495,9,15000,780000
Anass Zaroury,"FW,MF",Burnley,22,6,1,152.0,1.7,0,0,0,0,0,0,0,1,0.2,0.2,0.0,0.2,0.00,0.00,0.00,0.00,0.10,0.02,0.10,0.12,0.0,0.0,0.0,0.0,0.0,0.0,0.0,0.0,0.0,0.0,0.0,0.0,0.0,0.0,0.0,0.0,0.0,0.0,0.0,0.0,0.0,0.0,0.0,0.0,3,1,33.3,1.78,0.59,0.00,0.00,20.9,43,70,61.4,714,120,23,31,74.2,13,21,61.9,6,11,54.5,2,2,2,1,2,65,5,0,0,0,11,0,4,0,2,1.18,2,1.18,1,1,0,0,0,0,0,0.00,0,0,0,0,0,0,1,0,1,0,0,0,4,0.0,4,2,0,2,0,1,1,1,1.7,87,1,12,39,37,4,87,6,2,33.3,3,50.0,60,362,91,2,2,0,3,2,68,12,15000,780000
Andre Brooks,"MF,DF",Sheffield Utd,19,20,12,938.0,10.4,0,0,0,0,0,0,1,0,0.4,0.4,0.1,0.5,0.00,0.00,0.00,0.00,0.04,0.01,0.04,0.05,0.0,0.0,0.0,0.0,0.0,0.0,0.0,0.0,0.0,0.0,0.0,0.0,0.0,0.0,0.0,0.0,0.0,0.0,0.0,0.0,0.0,0.0,0.0,0.0,9,2,22.2,0.86,0.19,0.00,0.00,19.5,196,260,75.4,2943,511,109,131,83.2,80,97,82.5,6,19,31.6,3,11,5,0,18,251,9,2,0,2,8,5,0,0,9,0.86,9,0.86,6,0,2,1,0,0,0,0.00,0,0,0,0,0,0,22,13,7,11,4,9,21,42.9,12,13,1,12,14,36,20,0,10.4,394,16,75,209,117,16,394,25,13,52.0,11,44.0,207,1260,500,12,15,1,22,19,218,22,15000,780000
Andreas Pereira,MF,Fulham,27,37,34,2613.0,29.0,3,7,10,3,0,0,6,0,4.6,4.6,7.1,11.7,0.10,0.24,0.34,0.10,0.16,0.24,0.16,0.40,0.0,0.0,0.0,0.0,0.0,0.0,0.0,0.0,0.0,0.0,0.0,0.0,0.0,0.0,0.0,0.0,0.0,0.0,0.0,0.0,0.0,0.0,0.0,0.0,52,16,30.8,1.79,0.55,0.06,0.19,21.9,912,1295,70.4,16256,5305,436,500,87.2,309,400,77.3,133,289,46.0,84,95,34,11,138,1035,255,67,14,11,220,7,148,5,137,4.72,137,4.72,80,48,3,3,3,0,15,0.52,10,4,1,0,0,0,25,12,4,12,9,11,41,26.8,30,16,2,14,4,29,12,0,29.0,1516,20,161,662,703,64,1516,41,19,46.3,22,53.7,829,4460,2016,56,51,13,49,41,1013,125,50000,2600000
Andrew Omobamidele,DF,Nott'ham Forest,21,11,8,783.0,8.7,0,0,0,0,0,0,2,0,0.1,0.1,0.1,0.2,0.00,0.00,0.00,0.00,0.02,0.01,0.02,0.03,0.0,0.0,0.0,0.0,0.0,0.0,0.0,0.0,0.0,0.0,0.0,0.0,0.0,0.0,0.0,0.0,0.0,0.0,0.0,0.0,0.0,0.0,0.0,0.0,1,0,0.0,0.11,0.00,0.00,,5.1,271,310,87.4,5197,1449,78,91,85.7,174,189,92.1,16,25,64.0,2,9,0,0,8,304,6,5,0,0,0,1,0,0,6,0.69,6,0.69,5,0,0,1,0,0,1,0.11,0,0,0,1,0,0,10,3,9,1,0,5,8,62.5,3,12,8,4,13,23,42,1,8.7,399,76,222,164,14,5,399,0,0,,0,,217,1082,429,1,0,0,3,0,246,0,35000,1820000
Andrew Robertson,DF,Liverpool,29,23,18,1693.0,18.8,3,2,5,3,0,0,2,0,1.9,1.9,5.4,7.3,0.16,0.11,0.27,0.16,0.10,0.29,0.10,0.39,0.0,0.0,0.0,0.0,0.0,0.0,0.0,0.0,0.0,0.0,0.0,0.0,0.0,0.0,0.0,0.0,0.0,0.0,0.0,0.0,0.0,0.0,0.0,0.0,12,6,50.0,0.64,0.32,0.25,0.50,12.5,1248,1547,80.7,21306,7231,609,654,93.1,495,587,84.3,122,239,51.0,62,118,26,12,140,1297,240,41,0,7,184,109,90,10,97,5.16,97,5.16,62,33,1,0,1,0,5,0.27,3,2,0,0,0,0,35,24,21,11,3,26,43,60.5,17,20,6,14,13,48,40,0,18.8,1713,67,387,789,548,55,1713,17,5,29.4,12,70.6,979,4623,2638,63,40,6,18,6,1160,130,100000,5200000
Andrey Santos,MF,Nott'ham Forest,19,1,0,8.0,0.1,0,0,0,0,0,0,0,0,0.1,0.1,0.0,0.1,0.00,0.00,0.00,0.00,0.64,0.00,0.64,0.64,0.0,0.0,0.0,0.0,0.0,0.0,0.0,0.0,0.0,0.0,0.0,0.0,0.0,0.0,0.0,0.0,0.0,0.0,0.0,0.0,0.0,0.0,0.0,0.0,2,0,0.0,22.50,0.00,0.00,,22.6,6,6,100.0,90,31,4,4,100.0,2,2,100.0,0,0,,0,1,0,0,0,6,0,0,0,0,0,0,0,0,2,22.50,2,22.50,2,0,0,0,0,0,0,0.00,0,0,0,0,0,0,0,0,0,0,0,0,0,,0,1,0,1,0,0,0,0,0.1,10,1,3,3,4,0,10,1,0,0.0,1,100.0,2,15,13,0,0,0,0,0,4,0,0.0,0.0
Andros Townsend,"MF,FW",Luton Town,32,27,14,1210.0,13.4,1,3,4,1,0,0,1,0,1.2,1.2,1.3,2.5,0.07,0.22,0.30,0.07,0.09,0.10,0.09,0.19,0.0,0.0,0.0,0.0,0.0,0.0,0.0,0.0,0.0,0.0,0.0,0.0,0.0,0.0,0.0,0.0,0.0,0.0,0.0,0.0,0.0,0.0,0.0,0.0,20,7,35.0,1.49,0.52,0.05,0.14,23.7,304,432,70.4,5162,1225,148,173,85.5,111,147,75.5,32,74,43.2,18,23,16,12,35,402,28,4,1,10,74,7,8,2,36,2.68,36,2.68,24,5,3,3,1,0,6,0.45,4,0,1,1,0,0,21,13,11,2,8,13,27,48.1,14,12,0,12,5,26,10,0,13.4,582,21,89,223,280,21,582,34,16,47.1,14,41.2,347,2425,1099,47,31,7,35,26,366,71,12500,650000
André Gomes,"MF,FW",Everton,30,12,3,508.0,5.6,1,0,1,1,0,0,4,0,0.3,0.3,0.4,0.7,0.18,0.00,0.18,0.18,0.05,0.07,0.05,0.13,0.0,0.0,0.0,0.0,0.0,0.0,0.0,0.0,0.0,0.0,0.0,0.0,0.0,0.0,0.0,0.0,0.0,0.0,0.0,0.0,0.0,0.0,0.0,0.0,8,4,50.0,1.42,0.71,0.13,0.25,22.4,223,291,76.6,3909,971,112,132,84.8,80,95,84.2,27,51,52.9,4,24,6,1,36,257,32,11,4,3,26,4,10,2,18,3.18,18,3.18,13,0,1,2,1,1,1,0.18,1,0,0,0,0,0,7,4,2,3,2,3,13,23.1,10,10,1,9,3,10,4,1,5.6,352,10,57,179,121,11,352,12,3,25.0,8,66.7,183,868,333,8,7,3,8,6,232,29,112308,5840000
André Onana,GK,Manchester Utd,27,38,38,3420.0,38.0,0,0,0,0,0,0,5,0,0.0,0.0,0.1,0.1,0.00,0.00,0.00,0.00,0.00,0.00,0.00,0.00,1.53,203,146,74.9,9,23.7,59.7,0.27,149,513,29.0,1351,140,31.0,31.2,162,58.0,44.6,601,42,7.0,37,0.97,12.9,0,0,,0.00,0.00,,,,1105,1521,72.6,27115,18646,279,280,99.6,547,559,97.9,267,661,40.4,3,35,3,0,5,1277,236,74,1,6,0,0,0,8,6,0.16,6,0.16,6,0,0,0,0,0,1,0.03,1,0,0,0,0,0,2,0,2,0,0,2,2,100.0,0,0,0,0,0,2,11,2,38.0,1629,1224,1592,37,0,0,1629,1,1,100.0,0,0.0,1127,5997,3825,1,0,0,1,0,955,0,120000,6240000
Anel Ahmedhodžić,DF,Sheffield Utd,24,31,29,2649.0,29.4,2,0,2,2,0,0,11,1,3.1,3.1,0.8,4.0,0.07,0.00,0.07,0.07,0.11,0.03,0.11,0.14,0.0,0.0,0.0,0.0,0.0,0.0,0.0,0.0,0.0,0.0,0.0,0.0,0.0,0.0,0.0,0.0,0.0,0.0,0.0,0.0,0.0,0.0,0.0,0.0,19,5,26.3,0.65,0.17,0.11,0.40,11.9,749,993,75.4,12780,5078,334,386,86.5,348,425,81.9,54,137,39.4,7,41,3,1,43,955,36,11,1,2,6,25,0,2,26,0.88,26,0.88,23,0,0,3,0,0,1,0.03,0,0,0,1,0,0,64,36,48,14,2,30,49,61.2,19,43,26,17,34,98,137,2,29.4,1336,229,736,507,104,33,1336,21,11,52.4,9,42.9,606,3527,1953,15,15,3,14,11,697,21,30000,1560000
Angelo Ogbonna,DF,West Ham,35,11,7,635.0,7.1,0,0,0,0,0,0,1,0,0.0,0.0,0.0,0.0,0.00,0.00,0.00,0.00,0.01,0.00,0.01,0.01,0.0,0.0,0.0,0.0,0.0,0.0,0.0,0.0,0.0,0.0,0.0,0.0,0.0,0.0,0.0,0.0,0.0,0.0,0.0,0.0,0.0,0.0,0.0,0.0,1,0,0.0,0.14,0.00,0.00,,12.5,171,214,79.9,3291,1109,60,67,89.6,94,104,90.4,14,38,36.8,0,6,0,0,4,194,20,12,0,2,0,0,0,0,0,0.00,0,0.00,0,0,0,0,0,0,0,0.00,0,0,0,0,0,0,11,5,9,2,0,6,7,85.7,1,13,10,3,3,14,29,0,7.1,272,61,184,82,6,4,272,1,1,100.0,0,0.0,137,728,263,2,0,1,0,0,152,0,70000,3640000
Anis Ben Slimane,MF,Sheffield Utd,22,15,4,419.0,4.7,0,0,0,0,0,0,2,0,0.8,0.8,0.3,1.1,0.00,0.00,0.00,0.00,0.17,0.06,0.17,0.23,0.0,0.0,0.0,0.0,0.0,0.0,0.0,0.0,0.0,0.0,0.0,0.0,0.0,0.0,0.0,0.0,0.0,0.0,0.0,0.0,0.0,0.0,0.0,0.0,8,3,37.5,1.72,0.64,0.00,0.00,18.2,92,139,66.2,1322,373,47,70,67.1,35,43,81.4,4,5,80.0,3,6,2,0,12,129,7,1,1,0,0,0,0,3,12,2.58,12,2.58,8,1,1,1,0,1,0,0.00,0,0,0,0,0,0,11,6,5,2,4,4,10,40.0,6,7,1,6,5,16,7,0,4.7,216,15,46,108,65,12,216,17,2,11.8,13,76.5,109,452,168,3,8,3,8,12,120,21,0.0,0.0
Ansu Fati,"MF,FW",Brighton,20,19,3,521.0,5.8,2,0,2,2,0,0,2,0,3.4,3.4,0.8,4.2,0.35,0.00,0.35,0.35,0.59,0.14,0.59,0.73,0.0,0.0,0.0,0.0,0.0,0.0,0.0,0.0,0.0,0.0,0.0,0.0,0.0,0.0,0.0,0.0,0.0,0.0,0.0,0.0,0.0,0.0,0.0,0.0,26,11,42.3,4.49,1.90,0.08,0.18,14.6,178,210,84.8,2332,518,117,124,94.4,41,50,82.0,10,11,90.9,6,14,7,0,28,203,4,2,1,1,3,0,0,3,23,3.96,23,3.96,16,0,1,5,0,1,3,0.52,2,0,0,1,0,0,5,3,1,2,2,1,11,9.1,10,8,0,8,3,8,3,0,5.8,300,4,27,141,135,43,300,18,5,27.8,9,50.0,212,1025,451,16,5,9,15,10,238,50,160000,8320000
Anthony Elanga,"FW,MF",Nott'ham Forest,21,36,25,2433.0,27.0,5,9,14,5,0,0,1,0,6.6,6.6,6.7,13.3,0.18,0.33,0.52,0.18,0.24,0.25,0.24,0.49,0.0,0.0,0.0,0.0,0.0,0.0,0.0,0.0,0.0,0.0,0.0,0.0,0.0,0.0,0.0,0.0,0.0,0.0,0.0,0.0,0.0,0.0,0.0,0.0,54,22,40.7,2.00,0.81,0.09,0.23,16.2,498,712,69.9,6655,1569,313,391,80.1,143,211,67.8,15,28,53.6,32,28,24,5,49,695,13,0,4,2,58,6,0,4,70,2.59,70,2.59,53,0,6,6,4,1,13,0.48,12,0,0,0,0,1,33,19,20,6,7,17,37,45.9,20,22,2,20,8,41,20,1,27.0,1022,25,181,348,507,122,1022,76,28,36.8,42,55.3,625,4704,2514,98,54,42,67,22,740,196,25000,1300000
Anthony Gordon,FW,Newcastle Utd,22,35,34,2890.0,32.1,11,10,21,10,1,1,12,1,10.2,9.4,8.0,17.4,0.34,0.31,0.65,0.31,0.32,0.25,0.29,0.54,0.0,0.0,0.0,0.0,0.0,0.0,0.0,0.0,0.0,0.0,0.0,0.0,0.0,0.0,0.0,0.0,0.0,0.0,0.0,0.0,0.0,0.0,0.0,0.0,80,29,36.3,2.49,0.90,0.13,0.34,17.3,803,1055,76.1,12020,3500,486,559,86.9,214,282,75.9,70,136,51.5,57,54,39,12,101,963,90,14,8,11,111,20,50,2,143,4.45,143,4.45,86,18,13,11,13,2,29,0.90,13,2,5,4,5,0,55,34,16,28,11,22,64,34.4,42,27,0,27,7,62,7,0,32.1,1424,15,158,555,733,147,1423,133,54,40.6,56,42.1,955,7622,3668,138,73,59,70,40,1026,232,60000,3120000
Anthony Martial,FW,Manchester Utd,27,13,5,448.0,5.0,1,0,1,1,0,0,0,0,1.2,1.2,0.2,1.5,0.20,0.00,0.20,0.20,0.25,0.05,0.25,0.29,0.0,0.0,0.0,0.0,0.0,0.0,0.0,0.0,0.0,0.0,0.0,0.0,0.0,0.0,0.0,0.0,0.0,0.0,0.0,0.0,0.0,0.0,0.0,0.0,6,4,66.7,1.21,0.80,0.17,0.25,12.9,109,139,78.4,1267,263,70,80,87.5,25,33,75.8,1,2,50.0,6,6,2,0,12,131,6,0,0,0,0,0,0,2,11,2.21,11,2.21,9,0,0,1,1,0,1,0.20,0,0,0,0,1,0,4,1,1,1,2,1,1,100.0,0,4,0,4,0,4,3,0,5.0,178,3,11,81,89,16,178,6,2,33.3,2,33.3,105,444,168,6,6,1,14,10,148,36,250000,13000000
Antoine Semenyo,FW,Bournemouth,23,33,25,2105.0,23.4,8,2,10,8,0,0,6,0,4.6,4.6,3.2,7.8,0.34,0.09,0.43,0.34,0.20,0.14,0.20,0.34,0.0,0.0,0.0,0.0,0.0,0.0,0.0,0.0,0.0,0.0,0.0,0.0,0.0,0.0,0.0,0.0,0.0,0.0,0.0,0.0,0.0,0.0,0.0,0.0,70,30,42.9,2.99,1.28,0.11,0.27,17.8,452,647,69.9,6944,1597,254,324,78.4,160,214,74.8,25,49,51.0,29,28,28,7,64,632,11,0,5,3,45,11,0,4,72,3.08,72,3.08,50,0,11,9,1,1,7,0.30,4,0,0,1,1,1,24,17,7,9,8,9,27,33.3,18,39,2,37,6,30,21,0,23.4,1015,31,137,375,526,124,1015,116,50,43.1,55,47.4,611,5156,2477,89,51,42,58,53,691,188,20000,1040000
Antonee Robinson,DF,Fulham,25,37,37,3265.0,36.3,0,6,6,0,0,0,6,0,0.7,0.7,4.2,4.8,0.00,0.17,0.17,0.00,0.02,0.11,0.02,0.13,0.0,0.0,0.0,0.0,0.0,0.0,0.0,0.0,0.0,0.0,0.0,0.0,0.0,0.0,0.0,0.0,0.0,0.0,0.0,0.0,0.0,0.0,0.0,0.0,16,7,43.8,0.44,0.19,0.00,0.00,22.9,1514,2054,73.7,27304,9830,664,796,83.4,643,813,79.1,176,324,54.3,33,113,46,26,129,1736,314,25,1,11,132,289,0,4,69,1.90,69,1.90,63,2,2,0,1,1,7,0.19,7,0,0,0,0,0,93,58,60,26,7,52,110,47.3,58,56,8,48,80,173,117,3,36.3,2536,165,930,977,660,63,2536,81,37,45.7,35,43.2,1267,7547,4004,99,70,9,47,16,1376,194,50000,2600000
Antony,FW,Manchester Utd,23,29,15,1324.0,14.7,1,1,2,1,0,0,5,0,3.4,3.4,2.8,6.1,0.07,0.07,0.14,0.07,0.23,0.19,0.23,0.42,0.0,0.0,0.0,0.0,0.0,0.0,0.0,0.0,0.0,0.0,0.0,0.0,0.0,0.0,0.0,0.0,0.0,0.0,0.0,0.0,0.0,0.0,0.0,0.0,43,15,34.9,2.92,1.02,0.02,0.07,18.9,468,595,78.7,6175,1608,295,348,84.8,130,153,85.0,16,30,53.3,22,26,29,3,64,570,22,7,3,1,16,15,0,3,55,3.74,55,3.74,45,1,2,0,4,3,3,0.20,1,0,0,0,0,2,40,21,15,19,6,20,40,50.0,20,29,1,28,12,52,9,0,14.7,815,17,106,304,428,58,815,71,26,36.6,33,46.5,549,3686,1953,53,37,23,26,19,571,149,200000,10400000
Antwoine Hackford,FW,Sheffield Utd,19,2,0,13.0,0.1,0,0,0,0,0,0,0,0,0.0,0.0,0.0,0.0,0.00,0.00,0.00,0.00,0.00,0.00,0.00,0.00,0.0,0.0,0.0,0.0,0.0,0.0,0.0,0.0,0.0,0.0,0.0,0.0,0.0,0.0,0.0,0.0,0.0,0.0,0.0,0.0,0.0,0.0,0.0,0.0,0,0,,0.00,0.00,,,,2,2,100.0,14,0,2,2,100.0,0,0,,0,0,,0,0,0,0,0,1,1,0,0,0,0,0,0,0,0,0.00,0,0.00,0,0,0,0,0,0,0,0.00,0,0,0,0,0,0,0,0,0,0,0,0,0,,0,0,0,0,0,0,0,0,0.1,4,0,0,2,2,0,4,1,0,0.0,1,100.0,3,11,2,0,1,0,1,0,3,0,0.0,0.0
Arijanet Muric,GK,Burnley,24,10,10,900.0,10.0,0,0,0,0,0,0,0,0,0.0,0.0,0.2,0.2,0.00,0.00,0.00,0.00,0.00,0.02,0.00,0.02,1.60,78,62,80.8,0,0.0,21.7,0.26,77,219,35.2,547,54,36.4,34.3,33,60.6,45.1,143,20,14.0,31,3.10,17.2,0,0,,0.00,0.00,,,,404,585,69.1,11273,8376,67,68,98.5,196,207,94.7,140,302,46.4,4,16,1,0,1,495,85,52,0,4,0,0,0,5,6,0.60,6,0.60,5,1,0,0,0,0,1,0.10,1,0,0,0,0,0,1,1,1,0,0,1,1,100.0,0,0,0,0,0,1,10,4,10.0,635,361,573,62,0,0,635,0,0,,0,,418,2331,1453,0,0,0,0,0,392,0,25000,1300000
Armando Broja,FW,Chelsea,21,13,6,454.0,5.0,1,0,1,1,0,0,0,0,2.4,2.4,0.2,2.5,0.20,0.00,0.20,0.20,0.47,0.03,0.47,0.50,0.0,0.0,0.0,0.0,0.0,0.0,0.0,0.0,0.0,0.0,0.0,0.0,0.0,0.0,0.0,0.0,0.0,0.0,0.0,0.0,0.0,0.0,0.0,0.0,13,2,15.4,2.58,0.40,0.08,0.50,11.1,83,94,88.3,932,91,60,64,93.8,15,18,83.3,1,2,50.0,3,2,2,0,6,87,7,1,0,0,1,0,0,0,8,1.59,8,1.59,5,0,1,0,2,0,1,0.20,0,0,0,0,1,0,3,0,0,1,2,1,2,50.0,1,5,1,4,0,3,3,0,5.0,167,3,9,56,106,35,167,31,13,41.9,16,51.6,117,695,286,11,4,8,17,14,131,37,40000,2080000
Armando Broja,FW,Fulham,21,8,0,88.0,1.0,0,1,1,0,0,0,0,0,0.0,0.0,0.4,0.4,0.00,1.02,1.02,0.00,0.00,0.41,0.00,0.41,0.0,0.0,0.0,0.0,0.0,0.0,0.0,0.0,0.0,0.0,0.0,0.0,0.0,0.0,0.0,0.0,0.0,0.0,0.0,0.0,0.0,0.0,0.0,0.0,13,2,15.4,2.58,0.40,0.08,0.50,11.1,83,94,88.3,932,91,60,64,93.8,15,18,83.3,1,2,50.0,3,2,2,0,6,87,7,1,0,0,1,0,0,0,8,1.59,8,1.59,5,0,1,0,2,0,1,0.20,0,0,0,0,1,0,3,0,0,1,2,1,2,50.0,1,5,1,4,0,3,3,0,5.0,167,3,9,56,106,35,167,31,13,41.9,16,51.6,117,695,286,11,4,8,17,14,131,37,40000,2080000
Arnaut Danjuma,"MF,FW",Everton,26,14,5,595.0,6.6,1,0,1,1,0,0,0,0,2.6,2.6,1.1,3.7,0.15,0.00,0.15,0.15,0.40,0.17,0.40,0.57,0.0,0.0,0.0,0.0,0.0,0.0,0.0,0.0,0.0,0.0,0.0,0.0,0.0,0.0,0.0,0.0,0.0,0.0,0.0,0.0,0.0,0.0,0.0,0.0,25,9,36.0,3.78,1.36,0.04,0.11,16.0,102,152,67.1,1420,357,57,69,82.6,37,54,68.5,2,7,28.6,6,6,2,0,9,147,5,0,1,1,10,2,1,0,18,2.72,18,2.72,9,0,1,5,2,1,1,0.15,0,0,0,1,0,0,6,4,2,3,1,1,4,25.0,3,4,0,4,3,9,0,0,6.6,223,4,23,77,127,32,223,21,8,38.1,11,52.4,147,1182,599,24,15,11,10,7,147,44,52500,2730000
Ashley Young,"DF,MF",Everton,38,31,27,2280.0,25.3,0,0,0,0,0,0,7,1,0.6,0.6,1.5,2.1,0.00,0.00,0.00,0.00,0.02,0.06,0.02,0.08,0.0,0.0,0.0,0.0,0.0,0.0,0.0,0.0,0.0,0.0,0.0,0.0,0.0,0.0,0.0,0.0,0.0,0.0,0.0,0.0,0.0,0.0,0.0,0.0,13,2,15.4,0.51,0.08,0.00,0.00,21.9,723,1052,68.7,12752,5653,339,386,87.8,290,384,75.5,83,219,37.9,21,62,22,11,82,831,212,25,2,1,100,168,19,9,58,2.29,58,2.29,38,10,1,4,3,2,1,0.04,0,0,0,0,1,0,53,38,28,19,6,30,54,55.6,24,24,6,18,22,75,50,3,25.3,1284,77,378,554,365,20,1284,27,12,44.4,12,44.4,609,2909,1490,40,24,5,16,13,653,61,40000,2080000
Auston Trusty,DF,Sheffield Utd,24,32,28,2572.0,28.6,0,0,0,0,0,0,4,0,0.4,0.4,1.1,1.5,0.00,0.00,0.00,0.00,0.01,0.04,0.01,0.05,0.0,0.0,0.0,0.0,0.0,0.0,0.0,0.0,0.0,0.0,0.0,0.0,0.0,0.0,0.0,0.0,0.0,0.0,0.0,0.0,0.0,0.0,0.0,0.0,8,2,25.0,0.28,0.07,0.00,0.00,13.0,700,918,76.3,12288,4591,282,331,85.2,354,442,80.1,49,104,47.1,8,24,4,2,40,840,76,7,0,0,5,68,0,2,16,0.56,16,0.56,11,2,1,0,0,2,0,0.00,0,0,0,0,0,0,47,30,31,13,3,21,43,48.8,22,41,22,19,35,82,153,3,28.6,1262,231,710,452,105,27,1262,12,6,50.0,5,41.7,510,2002,796,10,7,2,17,4,582,15,25000,1300000
Axel Disasi,DF,Chelsea,25,31,29,2579.0,28.7,2,0,2,2,0,0,6,0,2.4,2.4,0.3,2.7,0.07,0.00,0.07,0.07,0.08,0.01,0.08,0.09,0.0,0.0,0.0,0.0,0.0,0.0,0.0,0.0,0.0,0.0,0.0,0.0,0.0,0.0,0.0,0.0,0.0,0.0,0.0,0.0,0.0,0.0,0.0,0.0,16,4,25.0,0.56,0.14,0.13,0.50,10.3,2031,2256,90.0,34081,11464,877,913,96.1,1050,1124,93.4,86,168,51.2,3,115,8,1,112,2153,98,49,3,11,10,43,0,5,13,0.45,13,0.45,13,0,0,0,0,0,0,0.00,0,0,0,0,0,0,33,19,20,10,3,23,30,76.7,7,26,19,7,18,51,102,2,28.7,2496,291,1193,1140,175,24,2496,22,12,54.5,5,22.7,1613,7182,4223,30,20,3,16,12,1892,21,80000,4160000
Aymeric Laporte,DF,Manchester City,29,1,0,12.0,0.1,0,0,0,0,0,0,0,0,0.0,0.0,0.0,0.0,0.00,0.00,0.00,0.00,0.27,0.00,0.27,0.27,0.0,0.0,0.0,0.0,0.0,0.0,0.0,0.0,0.0,0.0,0.0,0.0,0.0,0.0,0.0,0.0,0.0,0.0,0.0,0.0,0.0,0.0,0.0,0.0,1,1,100.0,7.50,7.50,0.00,0.00,10.8,11,11,100.0,202,48,4,4,100.0,7,7,100.0,0,0,,0,0,0,0,0,11,0,0,0,0,0,0,0,0,0,0.00,0,0.00,0,0,0,0,0,0,0,0.00,0,0,0,0,0,0,0,0,0,0,0,0,0,,0,1,1,0,0,0,1,0,0.1,14,2,7,6,1,1,14,0,0,,0,,10,23,1,0,0,0,0,0,10,0,0.0,0.0
Bart Verbruggen,GK,Brighton,20,21,21,1890.0,21.0,0,0,0,0,0,0,3,0,0.0,0.0,0.0,0.0,0.00,0.00,0.00,0.00,0.00,0.00,0.00,0.00,1.33,91,63,72.5,4,19.0,25.4,0.25,55,142,38.7,789,117,17.1,24.4,72,9.7,15.7,232,17,7.3,31,1.48,15.8,0,0,,0.00,0.00,,,,753,862,87.4,14982,10381,304,307,99.0,309,315,98.1,129,226,57.1,0,3,0,0,3,771,90,17,0,0,0,1,0,1,3,0.14,3,0.14,3,0,0,0,0,0,0,0.00,0,0,0,0,0,0,1,1,1,0,0,1,2,50.0,1,0,0,0,0,1,11,3,21.0,906,779,897,9,0,0,906,1,1,100.0,0,0.0,672,2520,1279,0,0,0,0,0,580,0,35000,1820000
Ben Brereton,"FW,MF",Sheffield Utd,24,14,14,1105.0,12.3,6,1,7,5,1,1,3,0,6.1,5.3,1.5,6.7,0.49,0.08,0.57,0.41,0.49,0.12,0.43,0.55,0.0,0.0,0.0,0.0,0.0,0.0,0.0,0.0,0.0,0.0,0.0,0.0,0.0,0.0,0.0,0.0,0.0,0.0,0.0,0.0,0.0,0.0,0.0,0.0,34,16,47.1,2.77,1.30,0.15,0.31,14.5,201,266,75.6,2817,720,129,151,85.4,58,76,76.3,11,16,68.8,8,22,12,2,37,247,19,0,0,0,9,4,1,0,31,2.52,31,2.52,21,0,4,2,3,1,4,0.33,2,0,1,0,1,0,9,4,4,4,1,4,10,40.0,6,9,3,6,3,12,12,0,12.3,388,14,44,168,185,51,387,28,10,35.7,17,60.7,234,1449,669,23,15,19,23,16,282,78,35000,1820000
Ben Chilwell,DF,Chelsea,26,13,9,756.0,8.4,0,1,1,0,0,0,5,0,1.2,1.2,2.2,3.4,0.00,0.12,0.12,0.00,0.14,0.26,0.14,0.41,0.0,0.0,0.0,0.0,0.0,0.0,0.0,0.0,0.0,0.0,0.0,0.0,0.0,0.0,0.0,0.0,0.0,0.0,0.0,0.0,0.0,0.0,0.0,0.0,12,4,33.3,1.43,0.48,0.00,0.00,16.6,373,495,75.4,5230,1552,230,259,88.8,112,143,78.3,18,48,37.5,14,29,2,2,25,416,73,11,0,0,43,41,21,6,22,2.62,22,2.62,11,8,0,1,2,0,2,0.24,1,0,0,1,0,0,15,10,5,9,1,5,8,62.5,3,11,3,8,4,19,19,1,8.4,605,21,129,258,221,28,605,19,7,36.8,8,42.1,333,1713,844,22,14,5,21,5,394,59,200000,10400000
Ben Davies,DF,Tottenham,30,17,12,1090.0,12.1,1,0,1,1,0,0,2,0,2.3,2.3,0.4,2.7,0.08,0.00,0.08,0.08,0.19,0.03,0.19,0.23,0.0,0.0,0.0,0.0,0.0,0.0,0.0,0.0,0.0,0.0,0.0,0.0,0.0,0.0,0.0,0.0,0.0,0.0,0.0,0.0,0.0,0.0,0.0,0.0,12,2,16.7,0.99,0.17,0.08,0.50,11.8,766,850,90.1,13839,5258,303,324,93.5,388,413,93.9,60,81,74.1,4,80,4,0,71,788,61,34,3,3,10,27,0,1,15,1.24,15,1.24,14,0,0,0,1,0,2,0.17,1,0,0,0,1,0,24,17,13,8,3,16,21,76.2,5,17,15,2,10,34,35,0,12.1,972,97,406,473,96,23,972,10,4,40.0,6,60.0,593,3265,2044,13,13,1,2,3,685,20,80000,4160000
Ben Doak,FW,Liverpool,17,1,0,14.0,0.2,0,0,0,0,0,0,0,0,0.0,0.0,0.0,0.0,0.00,0.00,0.00,0.00,0.00,0.00,0.00,0.00,0.0,0.0,0.0,0.0,0.0,0.0,0.0,0.0,0.0,0.0,0.0,0.0,0.0,0.0,0.0,0.0,0.0,0.0,0.0,0.0,0.0,0.0,0.0,0.0,0,0,,0.00,0.00,,,,4,4,100.0,45,8,4,4,100.0,0,0,,0,0,,0,0,0,0,0,4,0,0,0,0,0,0,0,0,0,0.00,0,0.00,0,0,0,0,0,0,0,0.00,0,0,0,0,0,0,0,0,0,0,0,0,0,,0,0,0,0,0,0,0,0,0.2,6,0,0,2,4,0,6,0,0,,0,,4,7,2,0,0,0,2,0,4,0,15000,780000
Ben Godfrey,DF,Everton,25,15,13,1120.0,12.4,0,0,0,0,0,0,2,0,1.7,1.7,0.3,2.0,0.00,0.00,0.00,0.00,0.14,0.02,0.14,0.16,0.0,0.0,0.0,0.0,0.0,0.0,0.0,0.0,0.0,0.0,0.0,0.0,0.0,0.0,0.0,0.0,0.0,0.0,0.0,0.0,0.0,0.0,0.0,0.0,15,3,20.0,1.21,0.24,0.00,0.00,12.0,336,484,69.4,5725,2373,147,180,81.7,157,204,77.0,23,62,37.1,3,32,6,2,43,363,118,0,0,1,21,118,0,3,17,1.37,17,1.37,9,1,0,5,0,2,3,0.24,1,0,0,1,0,1,30,20,17,8,5,15,28,53.6,13,14,8,6,16,46,57,0,12.4,655,67,221,265,172,19,655,14,5,35.7,9,64.3,233,1158,571,11,12,0,10,6,283,26,75000,3900000
Ben Johnson,"DF,FW",West Ham,23,14,4,544.0,6.0,0,0,0,0,0,0,1,0,0.2,0.2,0.0,0.2,0.00,0.00,0.00,0.00,0.03,0.00,0.03,0.03,0.0,0.0,0.0,0.0,0.0,0.0,0.0,0.0,0.0,0.0,0.0,0.0,0.0,0.0,0.0,0.0,0.0,0.0,0.0,0.0,0.0,0.0,0.0,0.0,6,2,33.3,0.99,0.33,0.00,0.00,24.1,246,334,73.7,3816,1465,141,156,90.4,88,121,72.7,14,33,42.4,0,18,1,0,22,289,43,3,0,3,31,39,1,2,9,1.49,9,1.49,7,0,0,0,2,0,1,0.17,1,0,0,0,0,0,11,7,7,3,1,9,14,64.3,5,2,1,1,5,16,14,0,6.0,417,21,139,169,119,4,417,25,11,44.0,12,48.0,232,1479,633,17,11,1,6,10,243,33,20000,1040000
Ben Mee,DF,Brentford,33,16,15,1272.0,14.1,2,0,2,2,0,0,1,1,1.5,1.5,0.3,1.8,0.14,0.00,0.14,0.14,0.10,0.02,0.10,0.13,0.0,0.0,0.0,0.0,0.0,0.0,0.0,0.0,0.0,0.0,0.0,0.0,0.0,0.0,0.0,0.0,0.0,0.0,0.0,0.0,0.0,0.0,0.0,0.0,10,2,20.0,0.71,0.14,0.20,1.00,12.7,511,667,76.6,9030,3658,218,249,87.6,235,285,82.5,49,103,47.6,6,45,4,2,49,594,72,15,0,3,5,56,0,1,14,0.99,14,0.99,11,1,0,2,0,0,1,0.07,0,0,0,1,0,0,26,15,12,12,2,17,22,77.3,5,21,13,8,13,39,63,1,14.1,829,109,388,364,79,25,829,6,3,50.0,3,50.0,388,1958,1150,11,4,1,9,7,447,9,55000,2860000
Ben Osborn,"DF,MF",Sheffield Utd,28,24,14,1367.0,15.2,0,2,2,0,0,0,3,0,0.2,0.2,0.9,1.1,0.00,0.13,0.13,0.00,0.01,0.06,0.01,0.07,0.0,0.0,0.0,0.0,0.0,0.0,0.0,0.0,0.0,0.0,0.0,0.0,0.0,0.0,0.0,0.0,0.0,0.0,0.0,0.0,0.0,0.0,0.0,0.0,4,0,0.0,0.26,0.00,0.00,,23.5,448,608,73.7,7007,2650,253,281,90.0,145,194,74.7,35,90,38.9,13,34,11,8,55,526,77,8,1,1,47,50,12,5,24,1.58,24,1.58,22,1,0,0,1,0,3,0.20,3,0,0,0,0,0,22,9,11,9,2,8,17,47.1,9,18,2,16,8,30,30,0,15.2,735,37,210,315,216,9,735,14,7,50.0,7,50.0,374,1646,750,16,11,1,14,10,419,44,20000,1040000
Ben Parkinson,FW,Newcastle Utd,18,1,0,25.0,0.3,0,0,0,0,0,0,0,0,0.0,0.0,0.0,0.0,0.00,0.00,0.00,0.00,0.00,0.00,0.00,0.00,0.0,0.0,0.0,0.0,0.0,0.0,0.0,0.0,0.0,0.0,0.0,0.0,0.0,0.0,0.0,0.0,0.0,0.0,0.0,0.0,0.0,0.0,0.0,0.0,0,0,,0.00,0.00,,,,1,3,33.3,15,0,0,1,0.0,1,2,50.0,0,0,,0,0,0,0,0,2,1,0,0,0,0,0,0,0,0,0.00,0,0.00,0,0,0,0,0,0,0,0.00,0,0,0,0,0,0,0,0,0,0,0,0,0,,0,1,0,1,0,0,1,0,0.3,6,2,2,1,3,0,6,0,0,,0,,0,0,0,0,0,0,0,0,2,0,0.0,0.0
Ben White,DF,Arsenal,25,37,35,2988.0,33.2,4,4,8,4,0,0,8,0,1.2,1.2,3.8,5.0,0.12,0.12,0.24,0.12,0.03,0.11,0.03,0.15,0.0,0.0,0.0,0.0,0.0,0.0,0.0,0.0,0.0,0.0,0.0,0.0,0.0,0.0,0.0,0.0,0.0,0.0,0.0,0.0,0.0,0.0,0.0,0.0,13,6,46.2,0.39,0.18,0.31,0.67,13.2,1828,2177,84.0,28002,9801,999,1099,90.9,713,832,85.7,85,171,49.7,38,172,45,10,192,1922,251,46,5,11,57,205,0,4,86,2.59,86,2.59,76,5,1,2,0,2,7,0.21,6,0,0,1,0,0,48,28,20,22,6,26,58,44.8,32,48,22,26,32,80,77,1,33.2,2456,120,633,1165,676,64,2456,22,9,40.9,12,54.5,1321,4867,2672,44,34,9,26,9,1675,162,120000,6240000
Benicio Boaitey,"FW,DF",Brighton,19,5,0,40.0,0.4,0,0,0,0,0,0,1,0,0.0,0.0,0.1,0.1,0.00,0.00,0.00,0.00,0.05,0.13,0.05,0.19,0.0,0.0,0.0,0.0,0.0,0.0,0.0,0.0,0.0,0.0,0.0,0.0,0.0,0.0,0.0,0.0,0.0,0.0,0.0,0.0,0.0,0.0,0.0,0.0,1,0,0.0,2.25,0.00,0.00,,25.2,13,20,65.0,188,30,8,11,72.7,5,8,62.5,0,0,,1,0,0,0,2,19,1,0,0,0,0,1,0,0,2,4.50,2,4.50,1,0,0,1,0,0,0,0.00,0,0,0,0,0,0,0,0,0,0,0,0,1,0.0,1,1,0,1,0,0,2,0,0.4,30,1,6,6,19,1,30,1,1,100.0,0,0.0,19,105,40,1,2,1,2,1,23,2,0.0,0.0
Benoît Badiashile,DF,Chelsea,22,18,15,1338.0,14.9,0,1,1,0,0,0,3,0,0.3,0.3,1.5,1.8,0.00,0.07,0.07,0.00,0.02,0.10,0.02,0.12,0.0,0.0,0.0,0.0,0.0,0.0,0.0,0.0,0.0,0.0,0.0,0.0,0.0,0.0,0.0,0.0,0.0,0.0,0.0,0.0,0.0,0.0,0.0,0.0,6,1,16.7,0.40,0.07,0.00,0.00,14.1,1065,1173,90.8,18737,7087,442,463,95.5,543,584,93.0,71,106,67.0,6,48,4,0,46,1137,36,27,1,2,2,6,0,0,23,1.55,23,1.55,18,0,0,2,1,2,3,0.20,3,0,0,0,0,0,21,15,12,9,0,9,14,64.3,5,21,14,7,18,39,66,2,14.9,1321,178,662,612,52,11,1321,1,0,0.0,0,0.0,765,3225,1734,3,5,1,6,4,976,3,90000,4680000
Benson Manuel,"MF,FW",Burnley,26,8,1,116.0,1.3,0,0,0,0,0,0,0,0,0.1,0.1,0.0,0.1,0.00,0.00,0.00,0.00,0.05,0.03,0.05,0.08,0.0,0.0,0.0,0.0,0.0,0.0,0.0,0.0,0.0,0.0,0.0,0.0,0.0,0.0,0.0,0.0,0.0,0.0,0.0,0.0,0.0,0.0,0.0,0.0,4,2,50.0,3.10,1.55,0.00,0.00,24.0,48,59,81.4,693,153,27,27,100.0,16,22,72.7,3,4,75.0,1,2,3,2,2,52,6,0,0,0,9,2,4,1,6,4.70,6,4.70,3,0,2,0,1,0,0,0.00,0,0,0,0,0,0,3,2,2,1,0,0,0,,0,1,0,1,0,3,0,0,1.3,82,0,9,25,48,3,82,12,4,33.3,6,50.0,63,515,225,5,7,0,5,4,68,14,25000,1300000
Bernardo Silva,"MF,FW",Manchester City,28,33,29,2578.0,28.6,6,9,15,6,0,0,8,0,3.7,3.7,7.6,11.3,0.21,0.31,0.52,0.21,0.13,0.27,0.13,0.40,0.0,0.0,0.0,0.0,0.0,0.0,0.0,0.0,0.0,0.0,0.0,0.0,0.0,0.0,0.0,0.0,0.0,0.0,0.0,0.0,0.0,0.0,0.0,0.0,34,15,44.1,1.19,0.52,0.18,0.40,15.9,1671,1936,86.3,25138,5246,993,1052,94.4,534,620,86.1,106,158,67.1,64,100,49,10,177,1831,99,40,2,7,83,23,21,6,130,4.54,130,4.54,117,3,6,1,3,0,13,0.45,11,0,2,0,0,0,51,23,13,25,13,25,57,43.9,32,32,4,28,17,68,15,1,28.6,2194,39,245,905,1055,146,2194,61,38,62.3,21,34.4,1500,8450,4544,140,74,37,43,34,1757,260,300000,15600000
Bernd Leno,GK,Fulham,31,38,38,3420.0,38.0,0,0,0,0,0,0,3,0,0.0,0.0,0.0,0.0,0.00,0.00,0.00,0.00,0.00,0.00,0.00,0.00,1.61,190,133,72.1,10,26.3,55.7,0.26,144,439,32.8,1372,167,23.7,28.5,201,56.7,44.7,472,19,4.0,40,1.05,14.2,0,0,,0.00,0.00,,,,1250,1577,79.3,29886,18166,266,268,99.3,746,750,99.5,235,551,42.6,0,23,0,0,0,1281,292,91,0,2,0,0,0,4,1,0.03,1,0.03,1,0,0,0,0,0,0,0.00,0,0,0,0,0,0,0,0,0,0,0,0,0,,0,0,0,0,0,0,14,1,38.0,1657,1275,1645,12,0,0,1657,0,0,,0,,1031,4482,2432,0,0,0,1,0,942,0,130000,6760000
Bertrand Traoré,"DF,FW",Aston Villa,27,2,0,11.0,0.1,0,0,0,0,0,0,0,0,0.0,0.0,0.0,0.0,0.00,0.00,0.00,0.00,0.00,0.00,0.00,0.00,0.0,0.0,0.0,0.0,0.0,0.0,0.0,0.0,0.0,0.0,0.0,0.0,0.0,0.0,0.0,0.0,0.0,0.0,0.0,0.0,0.0,0.0,0.0,0.0,0,0,,0.00,0.00,,,,2,3,66.7,15,0,1,1,100.0,0,0,,0,1,0.0,0,0,0,0,0,3,0,0,0,0,0,0,0,0,0,0.00,0,0.00,0,0,0,0,0,0,0,0.00,0,0,0,0,0,0,1,1,1,0,0,0,0,,0,0,0,0,0,1,1,0,0.1,7,0,5,2,0,0,7,1,0,0.0,1,100.0,4,54,0,0,0,0,1,1,4,0,77885,4050000
Beto,FW,Everton,25,30,9,951.0,10.6,3,0,3,3,0,1,2,0,6.8,6.0,0.9,6.9,0.28,0.00,0.28,0.28,0.64,0.09,0.57,0.66,0.0,0.0,0.0,0.0,0.0,0.0,0.0,0.0,0.0,0.0,0.0,0.0,0.0,0.0,0.0,0.0,0.0,0.0,0.0,0.0,0.0,0.0,0.0,0.0,42,12,28.6,3.97,1.14,0.07,0.25,14.7,108,180,60.0,1451,323,66,98,67.3,34,53,64.2,5,7,71.4,11,7,6,0,14,179,1,0,1,1,5,1,0,0,32,3.03,32,3.03,19,0,6,3,2,2,1,0.09,1,0,0,0,0,0,14,6,1,6,7,4,12,33.3,8,11,0,11,1,15,14,0,10.6,373,16,30,141,206,64,372,35,15,42.9,17,48.6,183,1021,384,14,9,13,47,22,250,58,50000,2600000
Billy Gilmour,MF,Brighton,22,30,24,2120.0,23.6,0,1,1,0,0,0,8,1,1.0,1.0,2.0,3.0,0.00,0.04,0.04,0.00,0.04,0.09,0.04,0.13,0.0,0.0,0.0,0.0,0.0,0.0,0.0,0.0,0.0,0.0,0.0,0.0,0.0,0.0,0.0,0.0,0.0,0.0,0.0,0.0,0.0,0.0,0.0,0.0,25,5,20.0,1.06,0.21,0.00,0.00,25.4,1915,2107,90.9,29399,7671,1049,1093,96.0,703,759,92.6,106,170,62.4,22,183,33,3,193,2036,64,34,9,8,34,1,20,7,69,2.93,69,2.93,59,5,0,2,3,0,6,0.25,5,0,0,1,0,0,26,16,14,10,2,11,35,31.4,24,23,9,14,11,37,14,1,23.6,2277,67,447,1425,417,12,2277,23,8,34.8,13,56.5,1410,6287,3120,39,53,0,28,9,1871,33,20000,1040000
Bobby Clark,MF,Liverpool,18,5,1,89.0,1.0,0,0,0,0,0,0,0,0,0.1,0.1,0.0,0.1,0.00,0.00,0.00,0.00,0.14,0.00,0.14,0.14,0.0,0.0,0.0,0.0,0.0,0.0,0.0,0.0,0.0,0.0,0.0,0.0,0.0,0.0,0.0,0.0,0.0,0.0,0.0,0.0,0.0,0.0,0.0,0.0,2,0,0.0,2.02,0.00,0.00,,18.7,38,49,77.6,465,64,23,29,79.3,11,12,91.7,1,2,50.0,0,3,0,0,3,49,0,0,0,0,0,0,0,0,1,1.01,1,1.01,0,0,0,1,0,0,0,0.00,0,0,0,0,0,0,2,1,1,1,0,1,5,20.0,4,6,2,4,1,3,1,0,1.0,70,4,11,34,26,6,70,4,0,0.0,3,75.0,45,286,149,3,0,2,3,6,48,7,0.0,0.0
Bobby De Cordova-Reid,FW,Fulham,30,33,17,1423.0,15.8,6,2,8,6,0,0,4,0,4.6,4.6,1.8,6.4,0.38,0.13,0.51,0.38,0.28,0.11,0.28,0.40,0.0,0.0,0.0,0.0,0.0,0.0,0.0,0.0,0.0,0.0,0.0,0.0,0.0,0.0,0.0,0.0,0.0,0.0,0.0,0.0,0.0,0.0,0.0,0.0,33,8,24.2,2.09,0.51,0.18,0.75,15.7,364,487,74.7,5129,1431,211,240,87.9,112,157,71.3,17,37,45.9,17,25,17,5,47,474,12,2,2,1,35,9,1,1,35,2.17,35,2.17,29,0,1,3,0,2,4,0.25,3,0,0,0,0,1,22,14,5,15,2,4,16,25.0,12,24,2,22,5,27,14,0,15.8,671,23,98,301,277,55,671,25,8,32.0,12,48.0,389,1875,900,35,18,11,33,10,475,95,35000,1820000
Boubacar Kamara,MF,Aston Villa,23,20,20,1652.0,18.4,0,1,1,0,0,0,7,1,0.1,0.1,1.3,1.4,0.00,0.05,0.05,0.00,0.01,0.07,0.01,0.08,0.0,0.0,0.0,0.0,0.0,0.0,0.0,0.0,0.0,0.0,0.0,0.0,0.0,0.0,0.0,0.0,0.0,0.0,0.0,0.0,0.0,0.0,0.0,0.0,5,1,20.0,0.27,0.05,0.00,0.00,16.7,922,1035,89.1,14037,3978,521,560,93.0,319,344,92.7,56,82,68.3,20,107,12,0,83,994,40,32,6,8,2,8,0,1,38,2.07,38,2.07,33,0,0,2,1,2,3,0.16,3,0,0,0,0,0,43,29,16,21,6,24,47,51.1,23,21,7,14,21,64,16,0,18.4,1195,50,305,720,186,13,1195,30,14,46.7,12,40.0,769,3527,1663,19,22,1,19,13,880,10,150000,7800000
Boubacar Traoré,MF,Wolves,21,24,7,819.0,9.1,0,0,0,0,0,0,4,0,0.3,0.3,0.4,0.7,0.00,0.00,0.00,0.00,0.03,0.04,0.03,0.07,0.0,0.0,0.0,0.0,0.0,0.0,0.0,0.0,0.0,0.0,0.0,0.0,0.0,0.0,0.0,0.0,0.0,0.0,0.0,0.0,0.0,0.0,0.0,0.0,11,1,9.1,1.21,0.11,0.00,0.00,27.9,383,455,84.2,5849,1360,207,234,88.5,138,158,87.3,23,34,67.6,6,34,7,3,29,444,10,4,0,2,6,5,0,1,13,1.43,13,1.43,12,0,1,0,0,0,2,0.22,2,0,0,0,0,0,35,23,16,17,2,9,21,42.9,12,12,2,10,5,40,7,0,9.1,556,17,128,346,89,3,556,15,10,66.7,4,26.7,283,1417,567,9,14,1,13,17,363,15,55000,2860000
Brandon Aguilera,FW,Nott'ham Forest,20,1,0,5.0,0.1,0,0,0,0,0,0,0,0,0.0,0.0,0.0,0.0,0.00,0.00,0.00,0.00,0.00,0.00,0.00,0.00,0.0,0.0,0.0,0.0,0.0,0.0,0.0,0.0,0.0,0.0,0.0,0.0,0.0,0.0,0.0,0.0,0.0,0.0,0.0,0.0,0.0,0.0,0.0,0.0,0,0,,0.00,0.00,,,,4,8,50.0,48,23,3,6,50.0,1,2,50.0,0,0,,0,1,0,0,0,8,0,0,0,0,0,0,0,0,0,0.00,0,0.00,0,0,0,0,0,0,0,0.00,0,0,0,0,0,0,0,0,0,0,0,0,0,,0,0,0,0,0,0,0,0,0.1,11,1,3,4,4,0,11,0,0,,0,,4,16,12,0,1,0,0,0,6,1,10000,520000
Brennan Johnson,FW,Tottenham,22,32,23,2085.0,23.2,5,10,15,5,0,0,3,0,10.3,10.3,8.1,18.3,0.22,0.43,0.65,0.22,0.44,0.35,0.44,0.79,0.0,0.0,0.0,0.0,0.0,0.0,0.0,0.0,0.0,0.0,0.0,0.0,0.0,0.0,0.0,0.0,0.0,0.0,0.0,0.0,0.0,0.0,0.0,0.0,50,19,38.0,2.16,0.82,0.10,0.26,12.9,519,728,71.3,7315,1778,333,405,82.2,158,217,72.8,15,45,33.3,45,32,39,10,72,710,14,0,0,1,68,13,0,4,70,3.02,70,3.02,55,0,4,6,3,2,13,0.56,11,0,0,1,0,1,26,15,14,5,7,12,31,38.7,19,37,1,36,10,36,12,1,23.2,977,14,94,316,578,154,977,71,25,35.2,39,54.9,638,3938,2091,97,35,48,35,19,748,293,70000,3640000
Brennan Johnson,"FW,MF",Nott'ham Forest,22,3,3,237.0,2.6,0,0,0,0,0,0,0,0,0.3,0.3,0.2,0.5,0.00,0.00,0.00,0.00,0.12,0.08,0.12,0.21,0.0,0.0,0.0,0.0,0.0,0.0,0.0,0.0,0.0,0.0,0.0,0.0,0.0,0.0,0.0,0.0,0.0,0.0,0.0,0.0,0.0,0.0,0.0,0.0,50,19,38.0,2.16,0.82,0.10,0.26,12.9,519,728,71.3,7315,1778,333,405,82.2,158,217,72.8,15,45,33.3,45,32,39,10,72,710,14,0,0,1,68,13,0,4,70,3.02,70,3.02,55,0,4,6,3,2,13,0.56,11,0,0,1,0,1,26,15,14,5,7,12,31,38.7,19,37,1,36,10,36,12,1,23.2,977,14,94,316,578,154,977,71,25,35.2,39,54.9,638,3938,2091,97,35,48,35,19,748,293,70000,3640000
Bruno Fernandes,"MF,FW",Manchester Utd,28,35,35,3118.0,34.6,10,8,18,6,4,5,9,0,10.0,6.1,11.8,17.8,0.29,0.23,0.52,0.17,0.29,0.34,0.18,0.51,0.0,0.0,0.0,0.0,0.0,0.0,0.0,0.0,0.0,0.0,0.0,0.0,0.0,0.0,0.0,0.0,0.0,0.0,0.0,0.0,0.0,0.0,0.0,0.0,90,35,38.9,2.60,1.01,0.07,0.17,22.8,1590,2179,73.0,28404,10273,766,876,87.4,532,698,76.2,229,432,53.0,114,187,89,10,297,1872,284,64,30,22,223,22,151,23,210,6.06,210,6.06,143,48,7,9,1,2,19,0.55,12,3,2,2,0,0,68,38,27,25,16,30,88,34.1,58,49,6,43,27,95,50,2,34.6,2585,96,414,1069,1126,105,2580,44,19,43.2,21,47.7,1367,6155,3408,86,61,23,48,35,1715,182,240000,12480000
Bruno Guimarães,MF,Newcastle Utd,25,37,37,3263.0,36.3,7,8,15,7,0,0,9,0,4.8,4.8,6.4,11.2,0.19,0.22,0.41,0.19,0.13,0.18,0.13,0.31,0.0,0.0,0.0,0.0,0.0,0.0,0.0,0.0,0.0,0.0,0.0,0.0,0.0,0.0,0.0,0.0,0.0,0.0,0.0,0.0,0.0,0.0,0.0,0.0,48,16,33.3,1.32,0.44,0.15,0.44,17.8,1941,2313,83.9,33351,9336,915,1011,90.5,789,902,87.5,181,285,63.5,62,184,70,5,283,2186,115,100,26,27,32,5,3,12,143,3.94,143,3.94,110,8,10,3,6,6,19,0.52,12,0,4,2,1,0,88,53,45,32,11,40,77,51.9,37,52,14,38,35,123,20,0,36.3,2734,90,573,1482,722,75,2734,132,72,54.5,41,31.1,1842,10297,4241,65,73,19,61,70,2107,73,160000,8320000
Bryan Gil,"FW,MF",Tottenham,22,11,2,209.0,2.3,0,0,0,0,0,0,0,0,0.8,0.8,0.2,1.0,0.00,0.00,0.00,0.00,0.32,0.09,0.32,0.41,0.0,0.0,0.0,0.0,0.0,0.0,0.0,0.0,0.0,0.0,0.0,0.0,0.0,0.0,0.0,0.0,0.0,0.0,0.0,0.0,0.0,0.0,0.0,0.0,4,1,25.0,1.72,0.43,0.00,0.00,13.9,127,157,80.9,1809,344,69,81,85.2,54,62,87.1,1,2,50.0,4,6,8,1,16,155,2,0,0,0,11,2,0,0,9,3.88,9,3.88,8,0,0,1,0,0,1,0.43,1,0,0,0,0,0,1,0,0,0,1,1,4,25.0,3,3,0,3,3,4,4,0,2.3,191,3,25,66,101,18,191,11,8,72.7,3,27.3,137,746,340,11,6,5,9,7,155,49,40000,2080000
Bryan Mbeumo,FW,Brentford,23,25,22,1960.0,21.8,9,6,15,6,3,3,2,0,9.8,7.4,4.6,12.1,0.41,0.28,0.69,0.28,0.45,0.21,0.34,0.55,0.0,0.0,0.0,0.0,0.0,0.0,0.0,0.0,0.0,0.0,0.0,0.0,0.0,0.0,0.0,0.0,0.0,0.0,0.0,0.0,0.0,0.0,0.0,0.0,50,16,32.0,2.30,0.73,0.12,0.38,17.1,511,765,66.8,7853,2424,299,373,80.2,144,220,65.5,48,91,52.7,32,32,36,4,88,668,89,26,15,4,92,15,47,8,82,3.77,82,3.77,45,23,2,5,7,0,10,0.46,9,1,0,0,0,0,15,10,6,6,3,5,19,26.3,14,26,2,24,7,22,13,0,21.8,1045,26,108,350,599,111,1042,78,26,33.3,42,53.8,667,4326,2115,74,52,38,67,39,727,195,45000,2340000
Bukayo Saka,FW,Arsenal,21,35,35,2919.0,32.4,16,9,25,10,6,6,4,0,15.5,10.8,10.5,21.2,0.49,0.28,0.77,0.31,0.48,0.32,0.33,0.65,0.0,0.0,0.0,0.0,0.0,0.0,0.0,0.0,0.0,0.0,0.0,0.0,0.0,0.0,0.0,0.0,0.0,0.0,0.0,0.0,0.0,0.0,0.0,0.0,102,31,30.4,3.14,0.96,0.10,0.32,16.3,1143,1512,75.6,16891,4402,705,793,88.9,331,427,77.5,80,183,43.7,91,39,73,12,126,1365,138,7,4,3,181,12,119,9,188,5.80,188,5.80,137,26,10,9,4,2,21,0.65,16,2,1,1,1,0,66,35,22,24,20,26,59,44.1,33,43,2,41,15,81,24,1,32.4,1952,37,182,474,1310,271,1946,122,49,40.2,54,44.3,1223,7180,3728,155,68,72,56,53,1393,508,195000,10140000
Bénie Traoré,"FW,MF",Sheffield Utd,20,8,3,387.0,4.3,0,0,0,0,0,0,0,0,0.3,0.3,0.5,0.8,0.00,0.00,0.00,0.00,0.06,0.13,0.06,0.19,0.0,0.0,0.0,0.0,0.0,0.0,0.0,0.0,0.0,0.0,0.0,0.0,0.0,0.0,0.0,0.0,0.0,0.0,0.0,0.0,0.0,0.0,0.0,0.0,1,1,100.0,0.23,0.23,0.00,0.00,15.3,55,71,77.5,775,185,34,38,89.5,19,23,82.6,1,1,100.0,4,2,7,1,9,65,5,0,2,0,3,0,0,1,6,1.40,6,1.40,6,0,0,0,0,0,1,0.23,1,0,0,0,0,0,4,2,1,2,1,0,4,0.0,4,4,1,3,1,5,1,0,4.3,112,2,19,49,48,9,112,22,5,22.7,15,68.2,72,462,174,7,5,3,10,7,69,14,10000,520000
Callum Hudson-Odoi,"FW,MF",Nott'ham Forest,22,29,20,1854.0,20.6,8,1,9,8,0,0,0,0,2.7,2.7,2.8,5.5,0.39,0.05,0.44,0.39,0.13,0.14,0.13,0.27,0.0,0.0,0.0,0.0,0.0,0.0,0.0,0.0,0.0,0.0,0.0,0.0,0.0,0.0,0.0,0.0,0.0,0.0,0.0,0.0,0.0,0.0,0.0,0.0,38,20,52.6,1.84,0.97,0.21,0.40,18.3,576,738,78.0,9055,1826,327,361,90.6,187,251,74.5,46,83,55.4,36,20,32,8,58,707,27,6,3,8,74,11,9,4,82,3.98,82,3.98,63,4,8,4,2,1,6,0.29,4,0,1,0,1,0,18,8,4,5,9,7,28,25.0,21,16,1,15,7,25,12,1,20.6,932,19,129,298,524,77,932,80,43,53.8,27,33.8,648,5053,3054,111,57,39,34,33,704,173,80000,4160000
Callum Wilson,FW,Newcastle Utd,31,20,9,991.0,11.0,9,1,10,7,2,2,3,0,8.8,7.2,0.6,7.8,0.82,0.09,0.91,0.64,0.80,0.05,0.65,0.71,0.0,0.0,0.0,0.0,0.0,0.0,0.0,0.0,0.0,0.0,0.0,0.0,0.0,0.0,0.0,0.0,0.0,0.0,0.0,0.0,0.0,0.0,0.0,0.0,33,18,54.5,3.00,1.63,0.21,0.39,11.8,105,163,64.4,1266,184,65,83,78.3,25,41,61.0,3,7,42.9,8,3,2,0,9,152,11,0,2,2,3,2,0,0,22,2.00,22,2.00,12,0,4,5,1,0,4,0.36,2,0,1,1,0,0,5,3,0,2,3,0,4,0.0,4,6,0,6,2,7,4,0,11.0,304,6,11,132,168,77,302,32,14,43.8,15,46.9,212,1020,322,11,8,13,47,35,254,77,46000,2392000
Calum Chambers,"MF,DF",Aston Villa,28,5,1,152.0,1.7,0,1,1,0,0,0,1,0,0.0,0.0,0.1,0.1,0.00,0.59,0.59,0.00,0.00,0.06,0.00,0.06,0.0,0.0,0.0,0.0,0.0,0.0,0.0,0.0,0.0,0.0,0.0,0.0,0.0,0.0,0.0,0.0,0.0,0.0,0.0,0.0,0.0,0.0,0.0,0.0,0,0,,0.00,0.00,,,,100,113,88.5,1705,512,47,50,94.0,45,47,95.7,6,10,60.0,1,2,0,0,5,113,0,0,0,1,0,0,0,0,1,0.60,1,0.60,1,0,0,0,0,0,0,0.00,0,0,0,0,0,0,3,0,3,0,0,0,1,0.0,1,2,1,1,2,5,4,0,1.7,129,9,68,49,12,0,129,1,1,100.0,0,0.0,78,349,158,0,0,0,0,1,99,1,50000,2600000
Calvin Bassey,DF,Fulham,23,29,25,2303.0,25.6,1,0,1,1,0,0,6,1,0.3,0.3,0.0,0.4,0.04,0.00,0.04,0.04,0.01,0.00,0.01,0.01,0.0,0.0,0.0,0.0,0.0,0.0,0.0,0.0,0.0,0.0,0.0,0.0,0.0,0.0,0.0,0.0,0.0,0.0,0.0,0.0,0.0,0.0,0.0,0.0,5,1,20.0,0.20,0.04,0.20,1.00,10.1,1440,1674,86.0,27276,9421,483,514,94.0,787,855,92.0,141,246,57.3,1,80,2,0,62,1582,91,34,0,12,3,3,0,1,15,0.59,15,0.59,13,0,0,2,0,0,2,0.08,0,0,0,2,0,0,49,29,33,15,1,21,29,72.4,8,32,11,21,28,77,84,4,25.6,1901,305,1054,830,37,9,1901,14,11,78.6,2,14.3,1179,6037,3035,15,11,2,12,8,1291,4,45000,2340000
Cameron Archer,MF,Aston Villa,22,1,0,6.0,0.1,0,0,0,0,0,0,1,0,0.0,0.0,0.0,0.0,0.00,0.00,0.00,0.00,0.00,0.00,0.00,0.00,0.0,0.0,0.0,0.0,0.0,0.0,0.0,0.0,0.0,0.0,0.0,0.0,0.0,0.0,0.0,0.0,0.0,0.0,0.0,0.0,0.0,0.0,0.0,0.0,42,9,21.4,2.06,0.44,0.10,0.44,16.7,266,332,80.1,3245,471,171,207,82.6,64,69,92.8,5,9,55.6,23,11,7,2,15,310,22,0,2,1,5,0,0,0,49,2.41,49,2.41,32,0,9,5,1,2,4,0.20,2,0,1,1,0,0,18,13,6,6,6,8,18,44.4,10,22,3,19,1,19,11,0,20.4,563,13,63,205,307,69,563,61,30,49.2,29,47.5,346,2187,982,33,29,22,61,45,387,114,30000,1560000
Cameron Archer,"FW,MF",Sheffield Utd,22,29,21,1832.0,20.4,4,1,5,4,0,0,1,0,5.5,5.5,2.8,8.3,0.20,0.05,0.25,0.20,0.27,0.14,0.27,0.41,0.0,0.0,0.0,0.0,0.0,0.0,0.0,0.0,0.0,0.0,0.0,0.0,0.0,0.0,0.0,0.0,0.0,0.0,0.0,0.0,0.0,0.0,0.0,0.0,42,9,21.4,2.06,0.44,0.10,0.44,16.7,266,332,80.1,3245,471,171,207,82.6,64,69,92.8,5,9,55.6,23,11,7,2,15,310,22,0,2,1,5,0,0,0,49,2.41,49,2.41,32,0,9,5,1,2,4,0.20,2,0,1,1,0,0,18,13,6,6,6,8,18,44.4,10,22,3,19,1,19,11,0,20.4,563,13,63,205,307,69,563,61,30,49.2,29,47.5,346,2187,982,33,29,22,61,45,387,114,30000,1560000
Caoimhín Kelleher,GK,Liverpool,24,10,10,900.0,10.0,0,0,0,0,0,0,0,0,0.0,0.0,0.0,0.0,0.00,0.00,0.00,0.00,0.00,0.00,0.00,0.00,1.10,38,28,71.1,2,20.0,11.3,0.30,32,102,31.4,411,52,22.4,27.3,28,35.7,34.9,77,5,6.5,13,1.30,17.0,0,0,,0.00,0.00,,,,359,442,81.2,8077,5323,101,101,100.0,196,198,99.0,62,140,44.3,1,9,0,0,1,401,38,10,0,0,0,0,0,3,2,0.20,2,0.20,2,0,0,0,0,0,0,0.00,0,0,0,0,0,0,0,0,0,0,0,0,0,,0,0,0,0,0,0,4,1,10.0,457,269,446,11,0,0,457,0,0,,0,,367,1742,1077,0,0,0,0,0,330,0,10000,520000
Carlos Baleba,MF,Brighton,19,27,15,1325.0,14.7,0,0,0,0,0,0,7,0,0.8,0.8,0.3,1.1,0.00,0.00,0.00,0.00,0.06,0.02,0.06,0.08,0.0,0.0,0.0,0.0,0.0,0.0,0.0,0.0,0.0,0.0,0.0,0.0,0.0,0.0,0.0,0.0,0.0,0.0,0.0,0.0,0.0,0.0,0.0,0.0,21,5,23.8,1.43,0.34,0.00,0.00,24.4,713,775,92.0,10618,2185,402,429,93.7,267,278,96.0,24,30,80.0,8,38,3,0,50,767,6,6,0,5,0,0,0,2,17,1.15,17,1.15,16,0,0,1,0,0,1,0.07,1,0,0,0,0,0,40,20,17,19,4,23,46,50.0,23,35,7,28,18,58,30,3,14.7,965,65,255,580,139,5,965,22,11,50.0,6,27.3,571,2903,1423,19,19,1,16,16,664,9,12500,650000
Carlos Vinícius,FW,Fulham,28,13,2,315.0,3.5,2,0,2,2,0,0,2,0,1.6,1.6,0.8,2.4,0.57,0.00,0.57,0.57,0.46,0.23,0.46,0.69,0.0,0.0,0.0,0.0,0.0,0.0,0.0,0.0,0.0,0.0,0.0,0.0,0.0,0.0,0.0,0.0,0.0,0.0,0.0,0.0,0.0,0.0,0.0,0.0,9,5,55.6,2.57,1.43,0.22,0.40,10.9,46,62,74.2,587,115,28,34,82.4,14,21,66.7,1,1,100.0,5,1,0,0,3,61,1,0,0,0,1,0,0,0,9,2.57,9,2.57,8,0,1,0,0,0,1,0.29,1,0,0,0,0,0,3,2,0,1,2,0,4,0.0,4,4,0,4,0,3,1,0,3.5,102,1,11,49,45,15,102,8,2,25.0,6,75.0,66,322,91,3,4,2,11,7,80,13,40000,2080000
Carlton Morris,"FW,MF",Luton Town,27,38,32,2862.0,31.8,11,4,15,6,5,5,4,0,11.4,7.5,2.8,10.2,0.35,0.13,0.47,0.19,0.36,0.09,0.23,0.32,0.0,0.0,0.0,0.0,0.0,0.0,0.0,0.0,0.0,0.0,0.0,0.0,0.0,0.0,0.0,0.0,0.0,0.0,0.0,0.0,0.0,0.0,0.0,0.0,66,26,39.4,2.08,0.82,0.09,0.23,13.5,484,751,64.4,6404,1199,310,415,74.7,132,209,63.2,18,34,52.9,22,27,11,0,56,719,19,1,0,2,15,3,1,13,71,2.23,71,2.23,49,0,5,10,6,1,8,0.25,4,0,0,3,1,0,15,8,4,6,5,9,15,60.0,6,24,5,19,1,16,53,0,31.8,1071,63,123,501,457,136,1066,55,31,56.4,20,36.4,548,2855,1152,37,32,18,54,53,799,120,10000,520000
Carney Chukwuemeka,"MF,FW",Chelsea,19,9,2,227.0,2.5,1,1,2,1,0,0,2,0,0.2,0.2,0.3,0.5,0.40,0.40,0.79,0.40,0.06,0.13,0.06,0.19,0.0,0.0,0.0,0.0,0.0,0.0,0.0,0.0,0.0,0.0,0.0,0.0,0.0,0.0,0.0,0.0,0.0,0.0,0.0,0.0,0.0,0.0,0.0,0.0,3,2,66.7,1.19,0.79,0.33,0.50,19.9,115,134,85.8,1476,266,82,88,93.2,26,31,83.9,4,5,80.0,4,4,6,0,12,134,0,0,2,0,1,0,0,0,9,3.57,9,3.57,7,0,1,1,0,0,4,1.59,2,0,1,1,0,0,6,4,3,3,0,1,3,33.3,2,1,1,0,0,6,1,0,2.5,167,1,21,77,72,12,167,12,2,16.7,10,83.3,107,646,231,4,5,2,5,4,129,19,100000,5200000
Casemiro,"MF,DF",Manchester Utd,31,25,24,1982.0,22.0,1,2,3,1,0,0,7,0,3.5,3.5,1.0,4.5,0.05,0.09,0.14,0.05,0.16,0.05,0.16,0.20,0.0,0.0,0.0,0.0,0.0,0.0,0.0,0.0,0.0,0.0,0.0,0.0,0.0,0.0,0.0,0.0,0.0,0.0,0.0,0.0,0.0,0.0,0.0,0.0,39,9,23.1,1.77,0.41,0.03,0.11,17.1,1165,1425,81.8,20136,7677,536,596,89.9,489,568,86.1,105,187,56.1,16,124,18,3,112,1385,34,28,4,6,13,0,0,6,41,1.86,41,1.86,35,2,0,3,1,0,4,0.18,4,0,0,0,0,0,83,56,43,32,8,51,106,48.1,55,74,33,41,18,101,71,1,22.0,1762,169,646,884,245,45,1762,18,9,50.0,8,44.4,984,3576,1729,12,22,1,15,17,1163,36,350000,18200000
Cauley Woodrow,"FW,MF",Luton Town,28,24,2,427.0,4.7,1,1,2,1,0,0,2,0,1.4,1.4,1.2,2.6,0.21,0.21,0.42,0.21,0.30,0.25,0.30,0.55,0.0,0.0,0.0,0.0,0.0,0.0,0.0,0.0,0.0,0.0,0.0,0.0,0.0,0.0,0.0,0.0,0.0,0.0,0.0,0.0,0.0,0.0,0.0,0.0,16,4,25.0,3.37,0.84,0.06,0.25,18.7,110,152,72.4,1530,250,66,82,80.5,31,40,77.5,4,12,33.3,9,5,4,4,6,145,6,0,0,0,10,2,3,1,17,3.57,17,3.57,13,0,1,2,1,0,2,0.42,2,0,0,0,0,0,16,10,8,4,4,9,16,56.3,7,7,1,6,1,17,14,0,4.7,223,18,42,85,99,21,223,3,2,66.7,1,33.3,117,527,204,7,7,1,9,8,157,22,20000,1040000
Cesare Casadei,"FW,MF",Chelsea,20,11,0,79.0,0.9,0,0,0,0,0,0,0,0,0.0,0.0,0.1,0.1,0.00,0.00,0.00,0.00,0.00,0.12,0.00,0.12,0.0,0.0,0.0,0.0,0.0,0.0,0.0,0.0,0.0,0.0,0.0,0.0,0.0,0.0,0.0,0.0,0.0,0.0,0.0,0.0,0.0,0.0,0.0,0.0,0,0,,0.00,0.00,,,,53,65,81.5,792,155,29,34,85.3,17,22,77.3,4,4,100.0,2,2,0,0,3,65,0,0,0,0,0,0,0,0,4,4.62,4,4.62,2,0,0,0,1,1,0,0.00,0,0,0,0,0,0,5,3,2,1,2,2,5,40.0,3,1,0,1,0,5,4,0,0.9,81,6,17,49,15,1,81,2,2,100.0,0,0.0,36,234,59,1,0,0,3,0,62,3,7500,390000
Charlie Taylor,DF,Burnley,29,28,25,2331.0,25.9,1,1,2,1,0,0,8,0,0.2,0.2,1.2,1.5,0.04,0.04,0.08,0.04,0.01,0.05,0.01,0.06,0.0,0.0,0.0,0.0,0.0,0.0,0.0,0.0,0.0,0.0,0.0,0.0,0.0,0.0,0.0,0.0,0.0,0.0,0.0,0.0,0.0,0.0,0.0,0.0,10,1,10.0,0.39,0.04,0.10,1.00,25.8,995,1312,75.8,16535,5292,520,590,88.1,380,488,77.9,76,169,45.0,15,69,19,14,82,1099,206,14,0,7,71,192,0,7,34,1.31,34,1.31,30,0,0,2,1,1,2,0.08,1,0,0,1,0,0,35,20,19,14,2,17,35,48.6,18,27,11,16,19,54,78,0,25.9,1542,115,503,679,370,18,1542,17,9,52.9,6,35.3,723,3259,1497,36,18,5,18,10,861,81,30000,1560000
Cheick Doucouré,MF,Crystal Palace,23,11,11,919.0,10.2,0,0,0,0,0,0,2,0,0.3,0.3,0.7,1.0,0.00,0.00,0.00,0.00,0.03,0.07,0.03,0.10,0.0,0.0,0.0,0.0,0.0,0.0,0.0,0.0,0.0,0.0,0.0,0.0,0.0,0.0,0.0,0.0,0.0,0.0,0.0,0.0,0.0,0.0,0.0,0.0,6,2,33.3,0.59,0.20,0.00,0.00,21.6,367,422,87.0,5725,1849,200,222,90.1,146,165,88.5,18,24,75.0,10,39,5,0,49,418,4,4,5,0,1,0,0,0,23,2.25,23,2.25,19,0,1,2,0,1,3,0.29,3,0,0,0,0,0,34,17,15,13,6,18,30,60.0,12,13,2,11,20,54,12,0,10.2,545,25,145,312,97,7,545,13,10,76.9,3,23.1,276,1153,579,9,9,1,16,8,318,5,60000,3120000
Cheikhou Kouyaté,MF,Nott'ham Forest,33,12,2,212.0,2.4,0,0,0,0,0,0,2,0,0.3,0.3,0.0,0.3,0.00,0.00,0.00,0.00,0.12,0.02,0.12,0.14,0.0,0.0,0.0,0.0,0.0,0.0,0.0,0.0,0.0,0.0,0.0,0.0,0.0,0.0,0.0,0.0,0.0,0.0,0.0,0.0,0.0,0.0,0.0,0.0,5,1,20.0,2.12,0.42,0.00,0.00,19.8,47,74,63.5,604,159,32,43,74.4,11,19,57.9,1,2,50.0,1,3,0,0,5,73,0,0,0,0,0,0,0,1,8,3.40,8,3.40,5,0,0,2,0,1,1,0.42,1,0,0,0,0,0,8,5,3,3,2,1,4,25.0,3,4,1,3,2,10,10,0,2.4,108,10,30,49,29,5,108,2,1,50.0,1,50.0,37,112,46,0,1,0,3,3,48,5,45000,2340000
Chiedozie Ogbene,"MF,DF",Luton Town,26,30,20,1995.0,22.2,4,1,5,4,0,0,1,0,4.2,4.2,3.1,7.4,0.18,0.05,0.23,0.18,0.19,0.14,0.19,0.33,0.0,0.0,0.0,0.0,0.0,0.0,0.0,0.0,0.0,0.0,0.0,0.0,0.0,0.0,0.0,0.0,0.0,0.0,0.0,0.0,0.0,0.0,0.0,0.0,35,14,40.0,1.58,0.63,0.11,0.29,15.3,589,790,74.6,8171,2314,365,409,89.2,175,234,74.8,22,57,38.6,25,24,18,5,53,697,91,5,0,2,79,80,0,2,79,3.56,79,3.56,51,2,12,5,9,0,9,0.41,1,0,2,2,4,0,17,10,10,7,0,12,22,54.5,10,14,3,11,7,24,34,2,22.2,1066,47,201,385,512,88,1066,121,61,50.4,44,36.4,650,6070,3710,127,74,45,59,21,660,150,15000,780000
Chris Basham,"DF,MF",Sheffield Utd,35,8,3,321.0,3.6,0,0,0,0,0,0,1,0,0.1,0.1,0.3,0.4,0.00,0.00,0.00,0.00,0.04,0.07,0.04,0.10,0.0,0.0,0.0,0.0,0.0,0.0,0.0,0.0,0.0,0.0,0.0,0.0,0.0,0.0,0.0,0.0,0.0,0.0,0.0,0.0,0.0,0.0,0.0,0.0,2,0,0.0,0.56,0.00,0.00,,10.8,103,138,74.6,1506,484,62,70,88.6,31,45,68.9,6,14,42.9,2,7,2,0,7,125,13,1,0,1,4,12,0,0,3,0.84,3,0.84,1,0,0,1,1,0,0,0.00,0,0,0,0,0,0,7,2,4,3,0,2,9,22.2,7,9,4,5,5,12,17,0,3.6,185,26,84,69,32,5,185,4,3,75.0,1,25.0,72,320,163,1,4,0,2,2,89,6,15000,780000
Chris Mepham,DF,Bournemouth,25,10,6,617.0,6.9,0,1,1,0,0,0,2,0,0.1,0.1,0.4,0.5,0.00,0.15,0.15,0.00,0.01,0.06,0.01,0.07,0.0,0.0,0.0,0.0,0.0,0.0,0.0,0.0,0.0,0.0,0.0,0.0,0.0,0.0,0.0,0.0,0.0,0.0,0.0,0.0,0.0,0.0,0.0,0.0,1,1,100.0,0.15,0.15,0.00,0.00,8.8,296,359,82.5,5965,1994,96,115,83.5,163,184,88.6,35,55,63.6,3,34,4,0,25,350,8,5,0,1,1,3,0,1,11,1.60,11,1.60,8,1,0,0,0,2,2,0.29,2,0,0,0,0,0,12,11,9,3,0,9,14,64.3,5,13,6,7,7,19,30,1,6.9,434,48,182,227,25,6,434,0,0,,0,,235,1304,736,4,4,0,2,2,242,1,35000,1820000
Chris Richards,"DF,MF",Crystal Palace,23,26,23,2094.0,23.3,1,1,2,1,0,0,3,0,0.6,0.6,0.4,1.0,0.04,0.04,0.09,0.04,0.03,0.02,0.03,0.04,0.0,0.0,0.0,0.0,0.0,0.0,0.0,0.0,0.0,0.0,0.0,0.0,0.0,0.0,0.0,0.0,0.0,0.0,0.0,0.0,0.0,0.0,0.0,0.0,11,3,27.3,0.47,0.13,0.09,0.33,10.0,778,942,82.6,13337,4341,362,413,87.7,341,389,87.7,58,100,58.0,6,41,2,0,43,902,37,18,1,5,1,14,0,3,16,0.69,16,0.69,11,0,0,2,0,3,3,0.13,3,0,0,0,0,0,46,28,21,22,3,20,30,66.7,10,32,12,20,27,73,109,0,23.3,1195,157,557,568,77,21,1195,1,1,100.0,0,0.0,574,2313,890,1,6,0,7,4,678,1,55000,2860000
Chris Wood,FW,Nott'ham Forest,31,31,20,1812.0,20.1,14,1,15,14,0,0,0,0,11.9,11.9,2.1,14.0,0.70,0.05,0.75,0.70,0.59,0.10,0.59,0.69,0.0,0.0,0.0,0.0,0.0,0.0,0.0,0.0,0.0,0.0,0.0,0.0,0.0,0.0,0.0,0.0,0.0,0.0,0.0,0.0,0.0,0.0,0.0,0.0,48,26,54.2,2.38,1.29,0.29,0.54,10.2,278,433,64.2,3403,791,179,261,68.6,69,107,64.5,7,11,63.6,22,19,3,0,30,429,4,0,1,1,2,0,0,0,44,2.19,44,2.19,33,0,4,7,0,0,4,0.20,1,0,3,0,0,0,7,4,1,4,2,3,9,33.3,6,11,3,8,1,8,26,0,20.1,628,34,80,311,237,92,628,17,6,35.3,9,52.9,296,959,477,16,10,7,50,21,468,76,80000,4160000
Christian Eriksen,MF,Manchester Utd,31,22,12,1141.0,12.7,1,2,3,1,0,0,1,0,1.0,1.0,2.3,3.3,0.08,0.16,0.24,0.08,0.08,0.18,0.08,0.26,0.0,0.0,0.0,0.0,0.0,0.0,0.0,0.0,0.0,0.0,0.0,0.0,0.0,0.0,0.0,0.0,0.0,0.0,0.0,0.0,0.0,0.0,0.0,0.0,13,4,30.8,1.03,0.32,0.08,0.25,22.0,648,805,80.5,10504,2702,340,384,88.5,229,277,82.7,55,98,56.1,27,66,17,3,68,745,55,25,5,9,43,3,26,5,46,3.63,46,3.63,36,8,0,0,0,2,3,0.24,2,0,0,0,0,1,18,13,5,10,3,12,33,36.4,21,17,6,11,4,22,13,0,12.7,896,27,165,492,246,12,896,6,3,50.0,3,50.0,515,2319,1199,20,21,2,8,14,620,23,150000,7800000
Christian Nørgaard,MF,Brentford,29,31,30,2505.0,27.8,2,1,3,2,0,0,8,0,3.5,3.5,1.9,5.4,0.07,0.04,0.11,0.07,0.12,0.07,0.12,0.19,0.0,0.0,0.0,0.0,0.0,0.0,0.0,0.0,0.0,0.0,0.0,0.0,0.0,0.0,0.0,0.0,0.0,0.0,0.0,0.0,0.0,0.0,0.0,0.0,35,7,20.0,1.26,0.25,0.06,0.29,14.4,1199,1501,79.9,19114,6144,639,725,88.1,458,559,81.9,78,146,53.4,24,113,26,4,161,1422,73,23,8,8,22,32,1,6,63,2.26,63,2.26,48,8,0,3,2,2,3,0.11,3,0,0,0,0,0,81,50,42,31,8,32,87,36.8,55,48,6,42,54,135,50,0,27.8,1846,99,522,944,388,57,1846,11,6,54.5,4,36.4,873,3367,1633,15,27,3,21,15,1089,42,35000,1820000
Christopher Nkunku,"FW,MF",Chelsea,25,11,2,443.0,4.9,3,0,3,3,0,0,0,0,2.3,2.3,0.2,2.5,0.61,0.00,0.61,0.61,0.47,0.05,0.47,0.52,0.0,0.0,0.0,0.0,0.0,0.0,0.0,0.0,0.0,0.0,0.0,0.0,0.0,0.0,0.0,0.0,0.0,0.0,0.0,0.0,0.0,0.0,0.0,0.0,16,7,43.8,3.25,1.42,0.19,0.43,11.4,159,183,86.9,2048,567,101,109,92.7,39,43,90.7,4,10,40.0,3,14,7,0,19,166,16,0,3,1,4,1,3,1,13,2.65,13,2.65,10,0,1,1,1,0,1,0.20,1,0,0,0,0,0,5,4,0,4,1,1,2,50.0,1,4,1,3,2,7,4,0,4.9,244,5,25,95,128,27,244,8,2,25.0,5,62.5,144,606,298,10,6,2,17,8,202,35,195000,10140000
Clément Lenglet,DF,Aston Villa,28,14,14,1153.0,12.8,0,1,1,0,0,0,3,0,0.9,0.9,0.8,1.6,0.00,0.08,0.08,0.00,0.07,0.06,0.07,0.13,0.0,0.0,0.0,0.0,0.0,0.0,0.0,0.0,0.0,0.0,0.0,0.0,0.0,0.0,0.0,0.0,0.0,0.0,0.0,0.0,0.0,0.0,0.0,0.0,8,2,25.0,0.62,0.16,0.00,0.00,10.5,822,918,89.5,15524,5173,302,319,94.7,431,457,94.3,82,127,64.6,2,34,3,0,51,859,58,40,0,8,3,4,0,1,15,1.17,15,1.17,11,1,0,3,0,0,1,0.08,1,0,0,0,0,0,13,9,7,5,1,7,13,53.8,6,19,11,8,7,20,47,1,12.8,1018,165,514,450,59,12,1018,8,3,37.5,2,25.0,728,4435,2832,26,18,0,3,3,786,1,150000,7800000
Cody Gakpo,"FW,MF",Liverpool,24,35,17,1649.0,18.3,8,5,13,8,0,0,1,0,9.0,9.0,2.9,11.8,0.44,0.27,0.71,0.44,0.49,0.16,0.49,0.64,0.0,0.0,0.0,0.0,0.0,0.0,0.0,0.0,0.0,0.0,0.0,0.0,0.0,0.0,0.0,0.0,0.0,0.0,0.0,0.0,0.0,0.0,0.0,0.0,66,24,36.4,3.60,1.31,0.12,0.33,15.4,436,564,77.3,6130,1738,266,315,84.4,136,183,74.3,18,24,75.0,25,43,32,5,83,547,15,5,1,2,21,6,0,2,73,3.98,73,3.98,47,1,6,12,5,2,10,0.55,6,0,1,2,1,0,27,17,8,14,5,8,25,32.0,17,21,4,17,14,41,7,0,18.3,809,15,77,335,412,107,809,54,31,57.4,17,31.5,549,3003,1472,43,31,13,44,32,618,130,120000,6240000
Cole Palmer,MF,Manchester City,21,1,0,11.0,0.1,0,0,0,0,0,0,0,0,0.0,0.0,0.0,0.0,0.00,0.00,0.00,0.00,0.00,0.00,0.00,0.00,0.0,0.0,0.0,0.0,0.0,0.0,0.0,0.0,0.0,0.0,0.0,0.0,0.0,0.0,0.0,0.0,0.0,0.0,0.0,0.0,0.0,0.0,0.0,0.0,100,37,37.0,3.45,1.28,0.13,0.35,22.1,1121,1415,79.2,18622,5642,574,636,90.3,407,479,85.0,101,186,54.3,72,136,69,5,197,1294,111,23,27,14,81,22,55,10,162,5.59,162,5.59,116,12,14,10,5,5,26,0.90,20,0,1,2,1,2,23,12,9,6,8,8,19,42.1,11,20,2,18,20,43,13,2,29.0,1754,22,183,742,852,126,1745,104,52,50.0,46,44.2,1148,7236,3492,117,66,46,57,44,1362,195,75000,3900000
Cole Palmer,"FW,MF",Chelsea,21,33,29,2607.0,29.0,22,11,33,13,9,9,7,0,18.2,11.1,11.1,22.2,0.76,0.38,1.14,0.45,0.63,0.38,0.38,0.77,0.0,0.0,0.0,0.0,0.0,0.0,0.0,0.0,0.0,0.0,0.0,0.0,0.0,0.0,0.0,0.0,0.0,0.0,0.0,0.0,0.0,0.0,0.0,0.0,100,37,37.0,3.45,1.28,0.13,0.35,22.1,1121,1415,79.2,18622,5642,574,636,90.3,407,479,85.0,101,186,54.3,72,136,69,5,197,1294,111,23,27,14,81,22,55,10,162,5.59,162,5.59,116,12,14,10,5,5,26,0.90,20,0,1,2,1,2,23,12,9,6,8,8,19,42.1,11,20,2,18,20,43,13,2,29.0,1754,22,183,742,852,126,1745,104,52,50.0,46,44.2,1148,7236,3492,117,66,46,57,44,1362,195,75000,3900000
Connor Roberts,DF,Burnley,27,14,8,823.0,9.1,0,1,1,0,0,0,5,1,0.0,0.0,0.2,0.2,0.00,0.11,0.11,0.00,0.00,0.02,0.00,0.02,0.0,0.0,0.0,0.0,0.0,0.0,0.0,0.0,0.0,0.0,0.0,0.0,0.0,0.0,0.0,0.0,0.0,0.0,0.0,0.0,0.0,0.0,0.0,0.0,0,0,,0.00,0.00,,,,395,495,79.8,6987,2370,162,182,89.0,194,222,87.4,34,67,50.7,7,32,8,2,38,406,87,13,0,2,10,74,0,2,18,1.97,18,1.97,13,5,0,0,0,0,3,0.33,3,0,0,0,0,0,12,5,6,4,2,8,17,47.1,9,8,6,2,4,16,25,2,9.1,557,28,182,259,120,6,557,2,0,0.0,2,100.0,309,1163,620,6,10,0,3,1,358,13,30000,1560000
Conor Bradley,DF,Liverpool,20,11,10,753.0,8.4,1,3,4,1,0,0,2,0,0.9,0.9,1.5,2.3,0.12,0.36,0.48,0.12,0.10,0.17,0.10,0.28,0.0,0.0,0.0,0.0,0.0,0.0,0.0,0.0,0.0,0.0,0.0,0.0,0.0,0.0,0.0,0.0,0.0,0.0,0.0,0.0,0.0,0.0,0.0,0.0,12,4,33.3,1.43,0.48,0.08,0.25,17.3,419,530,79.1,6224,1849,238,275,86.5,149,190,78.4,20,35,57.1,15,27,13,3,29,445,85,10,3,1,18,75,0,0,27,3.22,27,3.22,18,1,3,2,1,2,3,0.36,2,1,0,0,0,0,33,25,14,12,7,24,38,63.2,14,17,1,16,10,43,14,0,8.4,661,14,140,289,243,38,661,30,13,43.3,14,46.7,373,2144,1085,35,29,12,17,10,388,64,10000,520000
Conor Gallagher,MF,Chelsea,23,37,37,3128.0,34.8,5,7,12,5,0,0,9,1,4.2,4.2,5.0,9.2,0.14,0.20,0.35,0.14,0.12,0.15,0.12,0.27,0.0,0.0,0.0,0.0,0.0,0.0,0.0,0.0,0.0,0.0,0.0,0.0,0.0,0.0,0.0,0.0,0.0,0.0,0.0,0.0,0.0,0.0,0.0,0.0,48,17,35.4,1.38,0.49,0.10,0.29,20.4,1801,2018,89.2,26732,5954,1054,1116,94.4,598,654,91.4,95,146,65.1,52,135,32,4,172,1889,122,50,5,7,64,17,45,7,109,3.14,109,3.14,78,15,5,4,1,6,14,0.40,7,5,0,1,0,1,85,52,37,31,17,33,77,42.9,44,50,11,39,43,128,34,0,34.8,2443,77,468,1221,793,79,2443,65,38,58.5,18,27.7,1453,7243,2979,62,54,14,69,39,1739,122,50000,2600000
Craig Dawson,DF,Wolves,33,25,25,2209.0,24.5,1,1,2,1,0,0,7,0,1.5,1.5,1.4,2.9,0.04,0.04,0.08,0.04,0.06,0.06,0.06,0.12,0.0,0.0,0.0,0.0,0.0,0.0,0.0,0.0,0.0,0.0,0.0,0.0,0.0,0.0,0.0,0.0,0.0,0.0,0.0,0.0,0.0,0.0,0.0,0.0,16,5,31.3,0.65,0.20,0.06,0.20,11.2,1104,1277,86.5,23417,8062,296,333,88.9,640,679,94.3,158,237,66.7,9,52,2,0,49,1236,38,29,2,22,1,1,0,3,12,0.49,12,0.49,8,0,0,3,0,1,1,0.04,0,0,0,1,0,0,30,20,23,6,1,22,34,64.7,12,51,39,12,16,46,120,1,24.5,1529,292,889,592,54,34,1529,3,3,100.0,0,0.0,896,4227,1932,1,7,0,5,2,997,4,45000,2340000
Cristian Romero,DF,Tottenham,25,33,33,2790.0,31.0,5,0,5,5,0,0,7,1,3.5,3.5,0.4,3.9,0.16,0.00,0.16,0.16,0.11,0.01,0.11,0.13,0.0,0.0,0.0,0.0,0.0,0.0,0.0,0.0,0.0,0.0,0.0,0.0,0.0,0.0,0.0,0.0,0.0,0.0,0.0,0.0,0.0,0.0,0.0,0.0,24,9,37.5,0.77,0.29,0.21,0.56,10.5,2390,2606,91.7,41458,16198,966,1035,93.3,1279,1341,95.4,111,158,70.3,7,189,14,0,179,2456,147,123,6,4,3,14,0,3,35,1.13,35,1.13,28,2,0,3,0,2,2,0.06,1,0,0,1,0,0,66,40,35,25,6,32,44,72.7,12,46,22,24,44,110,106,1,31.0,2923,357,1254,1494,198,33,2923,8,5,62.5,1,12.5,1957,9359,6026,32,42,0,12,4,2071,8,165000,8580000
Curtis Jones,MF,Liverpool,22,23,14,1167.0,13.0,1,1,2,1,0,0,3,1,2.6,2.6,0.7,3.3,0.08,0.08,0.15,0.08,0.20,0.05,0.20,0.25,0.0,0.0,0.0,0.0,0.0,0.0,0.0,0.0,0.0,0.0,0.0,0.0,0.0,0.0,0.0,0.0,0.0,0.0,0.0,0.0,0.0,0.0,0.0,0.0,19,5,26.3,1.47,0.39,0.05,0.20,16.2,707,776,91.1,10366,2136,405,428,94.6,257,278,92.4,22,30,73.3,11,64,14,1,74,749,25,4,4,2,4,20,1,2,36,2.78,36,2.78,28,0,3,3,1,1,3,0.23,3,0,0,0,0,0,27,14,12,12,3,10,23,43.5,13,22,0,22,7,34,8,0,13.0,915,24,127,509,287,38,915,29,15,51.7,10,34.5,624,3297,1425,31,25,7,15,33,709,88,15000,780000
Cédric Soares,DF,Arsenal,31,3,0,62.0,0.7,0,0,0,0,0,0,0,0,0.0,0.0,0.0,0.0,0.00,0.00,0.00,0.00,0.00,0.00,0.00,0.00,0.0,0.0,0.0,0.0,0.0,0.0,0.0,0.0,0.0,0.0,0.0,0.0,0.0,0.0,0.0,0.0,0.0,0.0,0.0,0.0,0.0,0.0,0.0,0.0,0,0,,0.00,0.00,,,,60,69,87.0,905,157,39,41,95.1,15,17,88.2,5,8,62.5,0,4,0,0,3,61,8,2,0,0,4,6,0,0,0,0.00,0,0.00,0,0,0,0,0,0,0,0.00,0,0,0,0,0,0,0,0,0,0,0,0,0,,0,0,0,0,0,0,0,0,0.7,69,0,10,47,12,0,69,0,0,,0,,37,139,69,0,0,0,0,0,56,6,75000,3900000
Daiki Hashioka,DF,Luton Town,24,10,6,595.0,6.6,0,0,0,0,0,0,0,0,0.1,0.1,0.7,0.8,0.00,0.00,0.00,0.00,0.02,0.10,0.02,0.12,0.0,0.0,0.0,0.0,0.0,0.0,0.0,0.0,0.0,0.0,0.0,0.0,0.0,0.0,0.0,0.0,0.0,0.0,0.0,0.0,0.0,0.0,0.0,0.0,2,0,0.0,0.30,0.00,0.00,,18.1,227,282,80.5,3875,1580,101,108,93.5,107,126,84.9,16,34,47.1,3,14,4,3,21,264,18,1,0,2,9,17,0,0,8,1.21,8,1.21,8,0,0,0,0,0,0,0.00,0,0,0,0,0,0,11,5,6,4,1,5,11,45.5,6,12,7,5,8,19,20,0,6.6,355,51,165,137,55,2,355,2,1,50.0,1,50.0,184,799,303,3,3,0,8,6,206,16,15000,780000
Dan Burn,DF,Newcastle Utd,31,33,32,2726.0,30.3,2,2,4,2,0,0,4,0,3.1,3.1,1.1,4.2,0.07,0.07,0.13,0.07,0.10,0.04,0.10,0.14,0.0,0.0,0.0,0.0,0.0,0.0,0.0,0.0,0.0,0.0,0.0,0.0,0.0,0.0,0.0,0.0,0.0,0.0,0.0,0.0,0.0,0.0,0.0,0.0,23,5,21.7,0.76,0.17,0.09,0.40,8.1,1351,1667,81.0,22402,8237,606,702,86.3,676,788,85.8,54,111,48.6,10,67,7,3,75,1471,190,38,1,4,11,150,0,6,27,0.89,27,0.89,22,2,1,2,0,0,4,0.13,3,0,0,1,0,0,61,33,37,20,4,26,61,42.6,35,55,25,30,37,98,124,1,30.3,2007,204,948,851,212,46,2007,6,4,66.7,2,33.3,924,3930,1664,14,7,3,15,10,1150,25,55000,2860000
Dane Scarlett,FW,Tottenham,19,4,0,22.0,0.2,0,0,0,0,0,0,0,0,0.0,0.0,0.0,0.0,0.00,0.00,0.00,0.00,0.00,0.00,0.00,0.00,0.0,0.0,0.0,0.0,0.0,0.0,0.0,0.0,0.0,0.0,0.0,0.0,0.0,0.0,0.0,0.0,0.0,0.0,0.0,0.0,0.0,0.0,0.0,0.0,0,0,,0.00,0.00,,,,2,3,66.7,25,16,1,1,100.0,1,2,50.0,0,0,,0,1,0,0,1,3,0,0,0,0,0,0,0,0,1,4.09,1,4.09,0,0,0,0,0,1,0,0.00,0,0,0,0,0,0,1,1,0,0,1,0,1,0.0,1,0,0,0,0,1,0,0,0.2,11,0,0,5,6,2,11,3,0,0.0,2,66.7,10,32,2,0,0,1,5,0,11,4,0.0,0.0
Dango Ouattara,"FW,DF",Bournemouth,21,30,12,1229.0,13.7,1,2,3,1,0,0,3,0,2.6,2.6,1.5,4.1,0.07,0.15,0.22,0.07,0.19,0.11,0.19,0.30,0.0,0.0,0.0,0.0,0.0,0.0,0.0,0.0,0.0,0.0,0.0,0.0,0.0,0.0,0.0,0.0,0.0,0.0,0.0,0.0,0.0,0.0,0.0,0.0,30,7,23.3,2.20,0.51,0.03,0.14,15.2,371,558,66.5,5941,1943,190,255,74.5,147,201,73.1,25,57,43.9,17,25,11,5,35,473,84,8,2,1,36,73,3,1,45,3.30,45,3.30,34,1,4,2,1,3,3,0.22,3,0,0,0,0,0,45,27,22,11,12,19,34,55.9,15,18,3,15,22,67,35,0,13.7,783,37,210,273,317,69,783,47,21,44.7,20,42.6,365,2597,1409,47,24,18,23,12,405,90,35000,1820000
Daniel Bentley,GK,Wolves,30,5,3,383.0,4.3,0,0,0,0,0,0,0,0,0.0,0.0,0.0,0.0,0.00,0.00,0.00,0.00,0.00,0.00,0.00,0.00,1.64,15,8,53.3,1,33.3,5.8,0.39,13,56,23.2,111,9,36.0,33.8,33,48.5,36.9,50,0,0.0,3,0.70,13.3,0,0,,0.00,0.00,,,,96,144,66.7,2347,1661,30,30,100.0,37,37,100.0,28,76,36.8,0,2,0,0,0,98,46,13,0,0,0,0,0,0,1,0.23,1,0.23,1,0,0,0,0,0,0,0.00,0,0,0,0,0,0,0,0,0,0,0,0,1,0.0,1,0,0,0,0,0,1,0,4.3,151,120,149,2,0,0,151,0,0,,0,,66,318,181,0,0,0,0,0,76,0,10000,520000
Daniel Gore,MF,Manchester Utd,18,1,0,1.0,0.0,0,0,0,0,0,0,0,0,0.0,0.0,0.0,0.0,0.00,0.00,0.00,0.00,0.00,0.00,0.00,0.00,0.0,0.0,0.0,0.0,0.0,0.0,0.0,0.0,0.0,0.0,0.0,0.0,0.0,0.0,0.0,0.0,0.0,0.0,0.0,0.0,0.0,0.0,0.0,0.0,0,0,,0.00,0.00,,,,0,0,,0,0,0,0,,0,0,,0,0,,0,0,0,0,0,0,0,0,0,0,0,0,0,0,0,0.00,0,0.00,0,0,0,0,0,0,0,0.00,0,0,0,0,0,0,1,1,0,1,0,1,1,100.0,0,0,0,0,1,2,0,0,0.0,2,0,0,1,1,0,2,0,0,,0,,2,6,2,0,0,0,0,0,1,0,0.0,0.0
Daniel Jebbison,FW,Sheffield Utd,19,1,0,21.0,0.2,0,0,0,0,0,0,0,0,0.0,0.0,0.0,0.0,0.00,0.00,0.00,0.00,0.00,0.00,0.00,0.00,0.0,0.0,0.0,0.0,0.0,0.0,0.0,0.0,0.0,0.0,0.0,0.0,0.0,0.0,0.0,0.0,0.0,0.0,0.0,0.0,0.0,0.0,0.0,0.0,0,0,,0.00,0.00,,,,1,3,33.3,9,0,1,1,100.0,0,0,,0,0,,0,0,0,0,0,3,0,0,0,0,0,0,0,0,0,0.00,0,0.00,0,0,0,0,0,0,0,0.00,0,0,0,0,0,0,0,0,0,0,0,0,0,,0,1,0,1,0,0,0,0,0.2,9,0,0,5,4,2,9,0,0,,0,,5,6,1,0,0,0,1,0,4,1,4000,208000
Daniel Muñoz,"DF,MF",Crystal Palace,27,16,16,1439.0,16.0,0,4,4,0,0,0,4,0,1.2,1.2,2.4,3.7,0.00,0.25,0.25,0.00,0.08,0.15,0.08,0.23,0.0,0.0,0.0,0.0,0.0,0.0,0.0,0.0,0.0,0.0,0.0,0.0,0.0,0.0,0.0,0.0,0.0,0.0,0.0,0.0,0.0,0.0,0.0,0.0,8,0,0.0,0.50,0.00,0.00,,8.5,561,720,77.9,7556,2865,365,417,87.5,164,228,71.9,14,35,40.0,21,25,4,0,38,573,145,4,0,0,11,141,0,2,46,2.88,46,2.88,38,2,1,1,2,2,7,0.44,5,1,1,0,0,0,55,35,31,14,10,19,38,50.0,19,29,7,22,24,79,47,0,16.0,947,54,262,411,284,42,947,28,13,46.4,12,42.9,385,1841,873,25,17,5,21,7,465,80,45000,2340000
Danilo,MF,Nott'ham Forest,22,29,20,1792.0,19.9,2,2,4,2,0,0,4,0,1.8,1.8,1.5,3.4,0.10,0.10,0.20,0.10,0.09,0.08,0.09,0.17,0.0,0.0,0.0,0.0,0.0,0.0,0.0,0.0,0.0,0.0,0.0,0.0,0.0,0.0,0.0,0.0,0.0,0.0,0.0,0.0,0.0,0.0,0.0,0.0,23,7,30.4,1.16,0.35,0.09,0.29,21.0,588,757,77.7,10476,3222,255,297,85.9,246,285,86.3,70,123,56.9,20,74,14,0,82,716,35,7,4,9,26,1,19,6,48,2.41,48,2.41,34,5,4,4,1,0,4,0.20,4,0,0,0,0,0,36,18,22,12,2,21,46,45.7,25,34,8,26,35,71,42,0,19.9,977,79,281,521,191,16,977,26,17,65.4,9,34.6,514,2532,1167,22,20,3,24,13,591,28,30000,1560000
Danny Ings,FW,West Ham,31,20,3,404.0,4.5,1,0,1,1,0,0,1,0,1.3,1.3,0.3,1.5,0.22,0.00,0.22,0.22,0.28,0.06,0.28,0.34,0.0,0.0,0.0,0.0,0.0,0.0,0.0,0.0,0.0,0.0,0.0,0.0,0.0,0.0,0.0,0.0,0.0,0.0,0.0,0.0,0.0,0.0,0.0,0.0,12,4,33.3,2.67,0.89,0.08,0.25,13.4,76,107,71.0,854,170,40,50,80.0,19,24,79.2,1,8,12.5,5,2,3,0,8,100,6,0,0,0,1,0,0,1,17,3.79,17,3.79,8,0,3,4,1,1,3,0.67,0,0,1,1,1,0,6,2,0,6,0,4,13,30.8,9,4,1,3,3,9,7,0,4.5,165,8,20,68,79,24,165,13,6,46.2,6,46.2,94,381,129,7,2,3,9,4,107,29,125000,6500000
Danny Welbeck,"FW,MF",Brighton,32,29,21,1693.0,18.8,5,1,6,5,0,0,4,0,5.3,5.3,1.7,7.0,0.27,0.05,0.32,0.27,0.28,0.09,0.28,0.37,0.0,0.0,0.0,0.0,0.0,0.0,0.0,0.0,0.0,0.0,0.0,0.0,0.0,0.0,0.0,0.0,0.0,0.0,0.0,0.0,0.0,0.0,0.0,0.0,41,16,39.0,2.18,0.85,0.12,0.31,14.5,423,515,82.1,4847,730,304,349,87.1,91,106,85.8,1,2,50.0,22,23,13,0,44,490,21,1,4,1,3,2,0,4,71,3.77,71,3.77,52,0,3,11,5,0,7,0.37,3,0,0,2,2,0,35,17,9,17,9,10,17,58.8,7,12,0,12,9,44,17,1,18.8,727,20,71,337,325,73,727,27,8,29.6,16,59.3,443,2011,877,32,16,13,46,21,533,100,55000,2860000
Dara O'Shea,DF,Burnley,24,33,32,2892.0,32.1,3,4,7,3,0,0,5,1,0.7,0.7,2.0,2.7,0.09,0.12,0.22,0.09,0.02,0.06,0.02,0.08,0.0,0.0,0.0,0.0,0.0,0.0,0.0,0.0,0.0,0.0,0.0,0.0,0.0,0.0,0.0,0.0,0.0,0.0,0.0,0.0,0.0,0.0,0.0,0.0,19,5,26.3,0.59,0.16,0.16,0.60,10.6,1393,1759,79.2,27584,10235,459,551,83.3,752,854,88.1,168,304,55.3,13,139,6,3,122,1705,47,34,3,10,11,9,0,7,32,1.00,32,1.00,27,0,0,3,1,1,6,0.19,6,0,0,0,0,0,39,20,22,14,3,11,26,42.3,15,41,30,11,35,74,158,2,32.1,2094,306,969,992,142,49,2094,2,1,50.0,1,50.0,1112,5725,3525,32,14,1,11,1,1306,10,20000,1040000
Darwin Núñez,FW,Liverpool,24,36,22,2047.0,22.7,11,8,19,11,0,1,9,0,16.3,15.5,6.0,21.5,0.48,0.35,0.84,0.48,0.72,0.27,0.68,0.95,0.0,0.0,0.0,0.0,0.0,0.0,0.0,0.0,0.0,0.0,0.0,0.0,0.0,0.0,0.0,0.0,0.0,0.0,0.0,0.0,0.0,0.0,0.0,0.0,107,46,43.0,4.70,2.02,0.10,0.24,15.0,341,493,69.2,4780,1020,196,251,78.1,101,147,68.7,22,37,59.5,33,23,26,0,54,472,17,2,6,1,19,5,0,4,79,3.47,79,3.47,60,0,5,12,2,0,14,0.62,11,0,0,2,1,0,22,12,2,10,10,11,23,47.8,12,18,6,12,3,25,9,0,22.7,777,13,41,224,526,192,776,44,15,34.1,20,45.5,468,2694,1279,58,35,36,53,29,575,206,140000,7280000
David Brooks,"FW,MF",Bournemouth,26,13,2,282.0,3.1,1,1,2,1,0,0,1,0,2.2,2.2,1.0,3.2,0.32,0.32,0.64,0.32,0.70,0.33,0.70,1.03,0.0,0.0,0.0,0.0,0.0,0.0,0.0,0.0,0.0,0.0,0.0,0.0,0.0,0.0,0.0,0.0,0.0,0.0,0.0,0.0,0.0,0.0,0.0,0.0,13,5,38.5,4.15,1.60,0.08,0.20,17.4,95,132,72.0,1545,666,47,55,85.5,34,42,81.0,10,23,43.5,8,14,12,3,21,120,12,1,1,1,15,5,6,0,20,6.41,20,6.41,16,1,1,1,1,0,3,0.96,2,0,1,0,0,0,5,4,2,1,2,2,4,50.0,2,3,0,3,2,7,2,0,3.1,177,2,25,72,83,11,177,10,4,40.0,6,60.0,102,680,279,8,9,1,7,1,113,27,50000,2600000
David Datro Fofana,FW,Burnley,20,15,10,879.0,9.8,4,1,5,4,0,0,1,0,4.5,4.5,1.8,6.4,0.41,0.10,0.51,0.41,0.46,0.19,0.46,0.65,0.0,0.0,0.0,0.0,0.0,0.0,0.0,0.0,0.0,0.0,0.0,0.0,0.0,0.0,0.0,0.0,0.0,0.0,0.0,0.0,0.0,0.0,0.0,0.0,19,10,52.6,1.95,1.02,0.21,0.40,14.0,117,173,67.6,1574,343,67,94,71.3,36,49,73.5,5,6,83.3,8,9,5,1,15,167,4,0,1,0,3,0,0,2,18,1.84,18,1.84,8,0,4,4,1,1,2,0.20,0,0,2,0,0,0,10,5,3,5,2,3,6,50.0,3,9,3,6,1,11,2,0,9.8,307,10,36,130,147,45,307,41,15,36.6,22,53.7,187,1226,527,21,9,11,37,20,222,39,30000,1560000
David Ozoh,"MF,DF",Crystal Palace,18,9,0,156.0,1.7,0,0,0,0,0,0,1,0,0.0,0.0,0.0,0.0,0.00,0.00,0.00,0.00,0.00,0.00,0.00,0.00,0.0,0.0,0.0,0.0,0.0,0.0,0.0,0.0,0.0,0.0,0.0,0.0,0.0,0.0,0.0,0.0,0.0,0.0,0.0,0.0,0.0,0.0,0.0,0.0,0,0,,0.00,0.00,,,,48,51,94.1,695,112,21,22,95.5,25,25,100.0,0,0,,0,3,0,0,4,51,0,0,0,0,0,0,0,0,0,0.00,0,0.00,0,0,0,0,0,0,0,0.00,0,0,0,0,0,0,10,6,3,6,1,5,6,83.3,1,2,0,2,0,10,2,0,1.7,73,1,19,44,11,0,73,3,1,33.3,2,66.7,37,161,39,2,2,0,2,4,42,3,0.0,0.0
David Raya,GK,Arsenal,27,32,32,2880.0,32.0,0,0,0,0,0,0,2,0,0.0,0.0,0.0,0.0,0.00,0.00,0.00,0.00,0.00,0.00,0.00,0.00,0.75,69,45,68.1,16,50.0,20.4,0.26,138,372,37.1,969,159,32.2,30.7,96,62.5,47.5,329,40,12.2,50,1.56,17.9,0,0,,0.00,0.00,,,,800,1068,74.9,19691,14108,228,231,98.7,387,391,99.0,183,439,41.7,0,30,0,0,2,898,167,71,0,1,0,0,0,3,4,0.12,4,0.12,3,1,0,0,0,0,0,0.00,0,0,0,0,0,0,1,1,1,0,0,1,1,100.0,0,0,0,0,0,1,8,5,32.0,1099,764,1060,39,0,0,1099,0,0,,0,,728,3442,1992,0,0,0,1,0,637,0,85000,4420000
Davinson Sánchez,DF,Tottenham,27,1,0,77.0,0.9,0,0,0,0,0,0,1,0,0.1,0.1,0.0,0.1,0.00,0.00,0.00,0.00,0.14,0.00,0.14,0.14,0.0,0.0,0.0,0.0,0.0,0.0,0.0,0.0,0.0,0.0,0.0,0.0,0.0,0.0,0.0,0.0,0.0,0.0,0.0,0.0,0.0,0.0,0.0,0.0,1,0,0.0,1.17,0.00,0.00,,8.6,68,75,90.7,1045,377,37,38,97.4,27,29,93.1,3,6,50.0,0,13,0,0,2,73,2,1,0,0,0,1,0,0,1,1.17,1,1.17,0,0,0,1,0,0,0,0.00,0,0,0,0,0,0,0,0,0,0,0,0,0,,0,3,2,1,1,1,2,0,0.9,83,8,24,45,14,1,83,0,0,,0,,68,238,80,0,2,0,1,0,66,0,0.0,0.0
Dean Henderson,GK,Crystal Palace,26,18,18,1620.0,18.0,0,0,0,0,0,0,2,0,0.0,0.0,0.0,0.0,0.00,0.00,0.00,0.00,0.00,0.00,0.00,0.00,1.67,86,57,66.3,4,22.2,27.4,0.31,59,245,24.1,377,52,46.7,38.6,105,65.7,47.0,246,5,2.0,17,0.94,13.8,0,0,,0.00,0.00,,,,280,485,57.7,7596,5485,75,78,96.2,120,123,97.6,81,277,29.2,0,9,1,0,0,342,140,35,0,0,0,0,0,3,1,0.06,1,0.06,1,0,0,0,0,0,1,0.06,1,0,0,0,0,0,1,1,1,0,0,1,2,50.0,1,0,0,0,0,1,8,2,18.0,536,478,536,0,0,0,536,0,0,,0,,284,1668,734,0,0,0,1,0,233,0,100000,5200000
Declan Rice,MF,Arsenal,24,38,37,3225.0,35.8,7,8,15,7,0,0,5,0,3.3,3.3,5.3,8.6,0.20,0.22,0.42,0.20,0.09,0.15,0.09,0.24,0.0,0.0,0.0,0.0,0.0,0.0,0.0,0.0,0.0,0.0,0.0,0.0,0.0,0.0,0.0,0.0,0.0,0.0,0.0,0.0,0.0,0.0,0.0,0.0,58,20,34.5,1.62,0.56,0.12,0.35,20.4,2041,2295,88.9,34242,9378,958,1031,92.9,910,975,93.3,137,210,65.2,47,240,39,2,278,2181,107,48,2,17,60,1,47,7,100,2.79,100,2.79,71,16,3,5,0,5,12,0.33,6,5,0,1,0,0,83,51,37,38,8,32,57,56.1,25,37,11,26,44,127,52,0,35.8,2650,100,581,1398,696,67,2650,46,21,45.7,20,43.5,1675,10194,5139,75,70,16,31,22,1928,64,240000,12480000
Deivid Washington,"DF,FW",Chelsea,18,2,0,13.0,0.1,0,0,0,0,0,0,0,0,0.5,0.5,0.0,0.5,0.00,0.00,0.00,0.00,3.23,0.00,3.23,3.23,0.0,0.0,0.0,0.0,0.0,0.0,0.0,0.0,0.0,0.0,0.0,0.0,0.0,0.0,0.0,0.0,0.0,0.0,0.0,0.0,0.0,0.0,0.0,0.0,1,0,0.0,6.92,0.00,0.00,,9.0,1,1,100.0,25,0,0,0,,1,1,100.0,0,0,,0,0,0,0,0,1,0,0,0,0,0,0,0,0,0,0.00,0,0.00,0,0,0,0,0,0,0,0.00,0,0,0,0,0,0,1,1,1,0,0,0,1,0.0,1,0,0,0,0,1,0,0,0.1,5,0,1,3,1,1,5,1,0,0.0,1,100.0,2,6,0,0,0,0,0,1,2,1,40000,2080000
Dejan Kulusevski,"FW,MF",Tottenham,23,36,31,2762.0,30.7,8,3,11,8,0,0,7,0,4.7,4.7,7.7,12.4,0.26,0.10,0.36,0.26,0.15,0.25,0.15,0.40,0.0,0.0,0.0,0.0,0.0,0.0,0.0,0.0,0.0,0.0,0.0,0.0,0.0,0.0,0.0,0.0,0.0,0.0,0.0,0.0,0.0,0.0,0.0,0.0,57,23,40.4,1.86,0.75,0.14,0.35,15.7,953,1234,77.2,13509,3584,610,700,87.1,279,363,76.9,39,72,54.2,66,55,73,19,144,1185,42,8,12,6,89,6,24,7,127,4.14,127,4.14,104,1,9,11,0,2,8,0.26,6,0,1,0,0,1,62,33,19,20,23,25,67,37.3,42,24,1,23,18,80,2,1,30.7,1623,12,167,503,984,226,1623,129,54,41.9,66,51.2,1169,7680,3856,151,61,82,86,65,1229,388,110000,5720000
Destiny Udogie,DF,Tottenham,20,28,28,2391.0,26.6,2,3,5,2,0,0,7,1,2.4,2.4,2.2,4.6,0.08,0.11,0.19,0.08,0.09,0.08,0.09,0.17,0.0,0.0,0.0,0.0,0.0,0.0,0.0,0.0,0.0,0.0,0.0,0.0,0.0,0.0,0.0,0.0,0.0,0.0,0.0,0.0,0.0,0.0,0.0,0.0,9,5,55.6,0.34,0.19,0.22,0.40,10.1,1235,1440,85.8,16731,5145,775,844,91.8,400,460,87.0,19,33,57.6,24,115,13,0,155,1212,225,24,0,0,22,201,0,3,57,2.15,57,2.15,51,0,4,2,0,0,7,0.26,6,0,0,1,0,0,68,33,41,16,11,27,49,55.1,22,27,8,19,37,105,80,5,26.6,1775,96,487,815,506,71,1775,58,24,41.4,26,44.8,974,6108,3320,83,65,19,49,26,1028,138,75000,3900000
Diego Carlos,DF,Aston Villa,30,27,20,1816.0,20.2,0,0,0,0,0,0,4,0,1.9,1.9,0.1,2.0,0.00,0.00,0.00,0.00,0.10,0.00,0.10,0.10,0.0,0.0,0.0,0.0,0.0,0.0,0.0,0.0,0.0,0.0,0.0,0.0,0.0,0.0,0.0,0.0,0.0,0.0,0.0,0.0,0.0,0.0,0.0,0.0,10,1,10.0,0.50,0.05,0.00,0.00,9.1,1184,1340,88.4,23313,9315,357,378,94.4,714,749,95.3,107,199,53.8,3,72,4,0,59,1293,47,41,0,6,1,0,0,0,9,0.45,9,0.45,9,0,0,0,0,0,2,0.10,2,0,0,0,0,0,27,16,22,4,1,13,21,61.9,8,24,19,5,13,40,78,3,20.2,1517,244,867,610,43,23,1517,4,2,50.0,2,50.0,1013,4786,2606,4,2,1,8,4,1118,1,100000,5200000
Diogo Dalot,DF,Manchester Utd,24,36,35,3174.0,35.3,2,3,5,2,0,0,6,1,1.7,1.7,2.9,4.6,0.06,0.09,0.14,0.06,0.05,0.08,0.05,0.13,0.0,0.0,0.0,0.0,0.0,0.0,0.0,0.0,0.0,0.0,0.0,0.0,0.0,0.0,0.0,0.0,0.0,0.0,0.0,0.0,0.0,0.0,0.0,0.0,30,7,23.3,0.85,0.20,0.07,0.29,21.0,1486,1830,81.2,24927,8066,729,817,89.2,574,701,81.9,139,213,65.3,37,107,31,16,124,1546,277,21,1,7,80,251,5,7,78,2.21,78,2.21,67,4,2,3,1,1,7,0.20,6,0,0,1,0,0,81,51,58,12,11,51,74,68.9,23,44,16,28,37,118,111,0,35.3,2196,185,752,873,587,48,2196,52,31,59.6,18,34.6,1150,5414,2901,52,43,10,24,11,1256,111,85000,4420000
Diogo Jota,FW,Liverpool,26,21,14,1145.0,12.7,10,3,13,10,0,0,3,1,5.3,5.3,3.3,8.6,0.79,0.24,1.02,0.79,0.42,0.26,0.42,0.68,0.0,0.0,0.0,0.0,0.0,0.0,0.0,0.0,0.0,0.0,0.0,0.0,0.0,0.0,0.0,0.0,0.0,0.0,0.0,0.0,0.0,0.0,0.0,0.0,41,19,46.3,3.22,1.49,0.24,0.53,12.3,287,394,72.8,3995,939,185,227,81.5,83,104,79.8,11,17,64.7,22,18,12,0,34,393,1,0,5,1,9,1,0,0,48,3.77,48,3.77,36,0,5,3,4,0,14,1.10,7,0,4,1,2,0,23,13,6,13,4,10,23,43.5,13,9,1,8,7,30,4,0,12.7,594,8,53,240,311,107,594,41,15,36.6,21,51.2,350,2104,1239,54,29,23,42,18,427,111,140000,7280000
Divin Mubama,FW,West Ham,18,5,0,80.0,0.9,0,0,0,0,0,0,0,0,0.1,0.1,0.0,0.1,0.00,0.00,0.00,0.00,0.17,0.00,0.17,0.17,0.0,0.0,0.0,0.0,0.0,0.0,0.0,0.0,0.0,0.0,0.0,0.0,0.0,0.0,0.0,0.0,0.0,0.0,0.0,0.0,0.0,0.0,0.0,0.0,1,0,0.0,1.13,0.00,0.00,,12.5,16,22,72.7,200,15,12,16,75.0,2,3,66.7,1,1,100.0,0,0,0,0,0,20,2,0,0,0,0,0,0,0,0,0.00,0,0.00,0,0,0,0,0,0,0,0.00,0,0,0,0,0,0,0,0,0,0,0,0,0,,0,0,0,0,0,0,0,0,0.9,32,0,3,20,9,1,32,0,0,,0,,18,41,12,0,1,0,6,0,24,5,4000,208000
Divock Origi,FW,Nott'ham Forest,28,20,6,606.0,6.7,0,1,1,0,0,0,1,0,1.4,1.4,2.1,3.5,0.00,0.15,0.15,0.00,0.21,0.31,0.21,0.51,0.0,0.0,0.0,0.0,0.0,0.0,0.0,0.0,0.0,0.0,0.0,0.0,0.0,0.0,0.0,0.0,0.0,0.0,0.0,0.0,0.0,0.0,0.0,0.0,14,2,14.3,2.08,0.30,0.00,0.00,19.7,92,144,63.9,1357,327,59,82,72.0,19,32,59.4,9,13,69.2,7,7,5,1,14,143,1,1,3,0,13,0,0,0,16,2.38,16,2.38,11,1,2,1,1,0,2,0.30,2,0,0,0,0,0,6,4,5,0,1,0,0,,0,6,0,6,2,8,4,0,6.7,225,3,23,103,105,26,225,24,9,37.5,12,50.0,144,914,409,19,9,9,16,10,172,41,120000,6240000
Dominic Calvert-Lewin,FW,Everton,26,32,26,2171.0,24.1,7,2,9,5,2,2,2,0,12.9,11.4,3.1,14.5,0.29,0.08,0.37,0.21,0.54,0.13,0.47,0.60,0.0,0.0,0.0,0.0,0.0,0.0,0.0,0.0,0.0,0.0,0.0,0.0,0.0,0.0,0.0,0.0,0.0,0.0,0.0,0.0,0.0,0.0,0.0,0.0,71,28,39.4,2.94,1.16,0.07,0.18,13.9,248,440,56.4,2917,647,175,271,64.6,49,99,49.5,6,12,50.0,19,13,12,0,31,437,1,0,1,0,3,1,0,2,54,2.24,54,2.24,37,0,4,7,4,2,6,0.25,3,0,0,3,0,0,13,6,2,6,5,2,15,13.3,13,14,4,10,4,17,38,0,24.1,738,50,79,263,399,124,736,43,14,32.6,26,60.5,357,2068,794,36,21,22,65,25,565,122,100000,5200000
Dominic Sadi,FW,Bournemouth,19,1,0,1.0,0.0,0,0,0,0,0,0,0,0,0.0,0.0,0.0,0.0,0.00,0.00,0.00,0.00,0.00,0.00,0.00,0.00,0.0,0.0,0.0,0.0,0.0,0.0,0.0,0.0,0.0,0.0,0.0,0.0,0.0,0.0,0.0,0.0,0.0,0.0,0.0,0.0,0.0,0.0,0.0,0.0,0,0,,0.00,0.00,,,,0,1,0.0,0,0,0,1,0.0,0,0,,0,0,,0,0,0,0,0,1,0,0,0,0,0,0,0,0,0,0.00,0,0.00,0,0,0,0,0,0,0,0.00,0,0,0,0,0,0,0,0,0,0,0,0,0,,0,0,0,0,0,0,0,0,0.0,2,0,0,2,0,0,2,0,0,,0,,1,6,0,0,0,0,0,0,1,0,0.0,0.0
Dominic Solanke,FW,Bournemouth,25,38,37,3325.0,36.9,19,3,22,17,2,3,3,0,19.6,17.2,3.0,20.3,0.51,0.08,0.60,0.46,0.53,0.08,0.47,0.55,0.0,0.0,0.0,0.0,0.0,0.0,0.0,0.0,0.0,0.0,0.0,0.0,0.0,0.0,0.0,0.0,0.0,0.0,0.0,0.0,0.0,0.0,0.0,0.0,106,35,33.0,2.87,0.95,0.16,0.49,12.2,400,544,73.5,5026,1387,262,315,83.2,93,127,73.2,11,18,61.1,39,32,24,3,60,485,58,0,1,1,6,4,0,1,79,2.14,79,2.14,61,0,6,5,4,3,6,0.16,4,0,2,0,0,0,23,11,3,13,7,10,29,34.5,19,24,5,19,7,30,43,0,36.9,1069,57,113,426,547,216,1066,106,39,36.8,60,56.6,599,3921,1420,52,24,27,136,81,724,184,70000,3640000
Dominik Szoboszlai,MF,Liverpool,22,33,25,2104.0,23.4,3,2,5,3,0,0,1,0,3.7,3.7,5.8,9.5,0.13,0.09,0.21,0.13,0.16,0.25,0.16,0.40,0.0,0.0,0.0,0.0,0.0,0.0,0.0,0.0,0.0,0.0,0.0,0.0,0.0,0.0,0.0,0.0,0.0,0.0,0.0,0.0,0.0,0.0,0.0,0.0,60,15,25.0,2.57,0.64,0.05,0.20,24.3,1280,1550,82.6,20367,4929,694,777,89.3,441,507,87.0,98,169,58.0,56,98,33,6,152,1376,167,34,3,16,113,31,66,7,115,4.92,115,4.92,84,21,4,3,3,0,7,0.30,5,0,0,1,1,0,32,19,12,12,8,16,50,32.0,34,37,2,35,15,47,16,1,23.4,1802,36,239,868,718,71,1802,56,24,42.9,27,48.2,1043,5475,2880,75,67,22,27,27,1238,160,120000,6240000
Donny van de Beek,DF,Manchester Utd,26,1,0,3.0,0.0,0,0,0,0,0,0,0,0,0.0,0.0,0.1,0.2,0.00,0.00,0.00,0.00,1.09,4.44,1.09,5.54,0.0,0.0,0.0,0.0,0.0,0.0,0.0,0.0,0.0,0.0,0.0,0.0,0.0,0.0,0.0,0.0,0.0,0.0,0.0,0.0,0.0,0.0,0.0,0.0,1,0,0.0,30.00,0.00,0.00,,16.1,1,1,100.0,7,0,1,1,100.0,0,0,,0,0,,1,0,0,0,0,1,0,0,0,0,0,0,0,0,1,30.00,1,30.00,1,0,0,0,0,0,0,0.00,0,0,0,0,0,0,0,0,0,0,0,0,0,,0,1,0,1,0,0,0,0,0.0,4,0,0,2,2,2,4,0,0,,0,,1,1,0,0,0,0,1,0,1,1,90000,4680000
Douglas Luiz,MF,Aston Villa,25,35,35,2993.0,33.3,9,5,14,5,4,4,12,0,6.9,3.8,5.4,9.2,0.27,0.15,0.42,0.15,0.21,0.16,0.11,0.28,0.0,0.0,0.0,0.0,0.0,0.0,0.0,0.0,0.0,0.0,0.0,0.0,0.0,0.0,0.0,0.0,0.0,0.0,0.0,0.0,0.0,0.0,0.0,0.0,44,13,29.5,1.32,0.39,0.11,0.38,23.3,1800,2101,85.7,31199,7807,812,871,93.2,775,870,89.1,167,276,60.5,53,137,39,8,168,1857,237,129,11,13,115,6,100,7,117,3.52,117,3.52,61,34,6,10,5,1,10,0.30,5,4,0,0,1,0,58,38,21,27,10,25,53,47.2,28,32,8,24,23,81,18,2,33.3,2351,81,519,1256,598,38,2347,47,24,51.1,16,34.0,1394,7522,3562,60,48,4,33,31,1638,50,75000,3900000
Dwight McNeil,"MF,FW",Everton,23,35,33,2892.0,32.1,3,6,9,3,0,0,2,0,3.4,3.4,8.8,12.2,0.09,0.19,0.28,0.09,0.11,0.27,0.11,0.38,0.0,0.0,0.0,0.0,0.0,0.0,0.0,0.0,0.0,0.0,0.0,0.0,0.0,0.0,0.0,0.0,0.0,0.0,0.0,0.0,0.0,0.0,0.0,0.0,57,14,24.6,1.77,0.44,0.05,0.21,21.0,874,1266,69.0,14956,5035,465,534,87.1,263,371,70.9,116,252,46.0,69,72,54,20,114,1098,158,46,14,5,229,26,82,10,130,4.05,130,4.05,77,33,5,6,6,3,9,0.28,3,4,0,1,1,0,44,27,16,14,14,24,55,43.6,31,44,7,37,22,66,37,0,32.1,1621,51,247,683,724,72,1621,66,30,45.5,31,47.0,905,5845,2583,80,62,14,67,60,1032,147,25000,1300000
Eberechi Eze,"MF,FW",Crystal Palace,25,27,24,2055.0,22.8,11,4,15,10,1,1,3,0,9.1,8.3,5.2,13.5,0.48,0.18,0.66,0.44,0.40,0.23,0.36,0.59,0.0,0.0,0.0,0.0,0.0,0.0,0.0,0.0,0.0,0.0,0.0,0.0,0.0,0.0,0.0,0.0,0.0,0.0,0.0,0.0,0.0,0.0,0.0,0.0,82,33,40.2,3.59,1.45,0.12,0.30,20.7,700,909,77.0,11150,3226,353,405,87.2,253,301,84.1,61,134,45.5,54,48,45,7,93,759,144,54,7,6,107,5,71,6,110,4.82,110,4.82,54,27,11,7,10,1,11,0.48,8,0,1,0,2,0,35,17,4,18,13,15,31,48.4,16,27,2,25,11,46,6,0,22.8,1274,11,121,522,658,103,1273,140,69,49.3,64,45.7,789,4822,2098,68,61,43,77,48,887,139,100000,5200000
Eddie Nketiah,FW,Arsenal,24,27,10,1082.0,12.0,5,2,7,5,0,0,3,0,4.5,4.5,0.8,5.4,0.42,0.17,0.58,0.42,0.38,0.07,0.38,0.45,0.0,0.0,0.0,0.0,0.0,0.0,0.0,0.0,0.0,0.0,0.0,0.0,0.0,0.0,0.0,0.0,0.0,0.0,0.0,0.0,0.0,0.0,0.0,0.0,38,12,31.6,3.16,1.00,0.13,0.42,12.7,168,215,78.1,2332,267,98,118,83.1,60,72,83.3,3,4,75.0,9,7,5,0,20,199,16,0,3,0,5,1,0,0,28,2.33,28,2.33,17,0,3,5,3,0,8,0.67,3,0,1,1,3,0,12,7,2,6,4,2,7,28.6,5,11,0,11,4,16,4,0,12.0,371,5,18,148,207,75,371,30,8,26.7,15,50.0,236,1195,497,22,12,11,38,18,275,77,100000,5200000
Ederson,GK,Manchester City,29,33,33,2785.0,30.9,0,0,0,0,0,0,5,0,0.0,0.0,0.1,0.1,0.00,0.00,0.00,0.00,0.00,0.00,0.00,0.00,0.87,82,56,70.7,10,30.3,27.2,0.30,114,246,46.3,1120,137,18.3,27.2,114,36.0,36.3,247,25,10.1,50,1.62,17.3,0,0,,0.00,0.00,,,,1077,1234,87.3,25898,17578,275,276,99.6,560,570,98.2,239,381,62.7,1,25,1,0,4,1077,157,43,0,9,0,0,0,0,7,0.23,7,0.23,5,2,0,0,0,0,2,0.06,2,0,0,0,0,0,0,0,0,0,0,0,1,0.0,1,0,0,0,0,0,10,1,30.9,1283,965,1263,20,0,0,1283,1,1,100.0,0,0.0,847,3714,2353,0,0,0,0,0,842,0,100000,5200000
Edson Álvarez,MF,West Ham,25,31,28,2377.0,26.4,1,1,2,1,0,0,11,0,1.3,1.3,0.6,1.9,0.04,0.04,0.08,0.04,0.05,0.02,0.05,0.07,0.0,0.0,0.0,0.0,0.0,0.0,0.0,0.0,0.0,0.0,0.0,0.0,0.0,0.0,0.0,0.0,0.0,0.0,0.0,0.0,0.0,0.0,0.0,0.0,17,3,17.6,0.64,0.11,0.06,0.33,21.1,1033,1207,85.6,17083,5225,518,573,90.4,401,445,90.1,87,132,65.9,12,87,6,1,91,1184,18,15,2,9,4,3,0,5,32,1.21,32,1.21,24,0,2,3,0,3,2,0.08,2,0,0,0,0,0,80,39,47,26,7,31,66,47.0,35,59,20,39,42,122,81,0,26.4,1599,150,565,854,201,16,1599,42,27,64.3,14,33.3,890,5147,2227,20,27,1,38,30,948,26,100000,5200000
Elijah Adebayo,FW,Luton Town,25,27,16,1419.0,15.8,10,0,10,10,0,0,1,0,5.9,5.9,0.7,6.6,0.63,0.00,0.63,0.63,0.37,0.04,0.37,0.42,0.0,0.0,0.0,0.0,0.0,0.0,0.0,0.0,0.0,0.0,0.0,0.0,0.0,0.0,0.0,0.0,0.0,0.0,0.0,0.0,0.0,0.0,0.0,0.0,31,14,45.2,1.97,0.89,0.32,0.71,9.6,144,204,70.6,1847,385,94,122,77.0,41,60,68.3,3,6,50.0,14,9,4,0,23,202,1,0,1,0,5,1,0,1,31,1.97,31,1.97,19,0,5,5,2,0,5,0.32,2,0,0,3,0,0,4,1,1,0,3,1,12,8.3,11,13,2,11,6,10,25,0,15.8,462,27,52,172,243,82,462,67,18,26.9,46,68.7,265,1516,425,16,15,13,62,34,337,110,12500,650000
Elliot Anderson,"MF,FW",Newcastle Utd,20,21,10,1027.0,11.4,0,2,2,0,0,0,3,0,1.5,1.5,1.9,3.5,0.00,0.18,0.18,0.00,0.13,0.17,0.13,0.30,0.0,0.0,0.0,0.0,0.0,0.0,0.0,0.0,0.0,0.0,0.0,0.0,0.0,0.0,0.0,0.0,0.0,0.0,0.0,0.0,0.0,0.0,0.0,0.0,19,4,21.1,1.67,0.35,0.00,0.00,14.5,370,460,80.4,5041,1322,241,274,88.0,108,130,83.1,8,27,29.6,15,36,12,0,57,431,29,3,4,1,19,25,1,0,34,2.98,34,2.98,28,0,4,2,0,0,3,0.26,3,0,0,0,0,0,24,18,12,9,3,15,29,51.7,14,23,4,19,8,32,23,0,11.4,640,23,109,278,267,46,640,43,21,48.8,18,41.9,364,2272,1213,37,23,4,28,22,416,70,30000,1560000
Emerson,DF,Tottenham,24,22,11,1161.0,12.9,1,0,1,1,0,0,4,0,0.2,0.2,0.4,0.6,0.08,0.00,0.08,0.08,0.02,0.03,0.02,0.05,0.0,0.0,0.0,0.0,0.0,0.0,0.0,0.0,0.0,0.0,0.0,0.0,0.0,0.0,0.0,0.0,0.0,0.0,0.0,0.0,0.0,0.0,0.0,0.0,6,3,50.0,0.47,0.23,0.17,0.33,22.5,937,1038,90.3,13652,3714,529,558,94.8,339,362,93.6,32,45,71.1,3,42,7,2,57,915,122,45,1,2,14,75,0,1,21,1.63,21,1.63,15,2,0,1,2,1,3,0.23,1,2,0,0,0,0,36,24,23,10,3,21,43,48.8,22,23,10,13,20,56,50,1,12.9,1220,103,462,517,249,12,1220,21,10,47.6,6,28.6,686,2759,1292,21,19,2,15,12,814,35,40000,2080000
Emerson Palmieri,DF,West Ham,28,36,35,3137.0,34.9,1,2,3,1,0,0,10,0,1.5,1.5,2.4,3.9,0.03,0.06,0.09,0.03,0.04,0.07,0.04,0.11,0.0,0.0,0.0,0.0,0.0,0.0,0.0,0.0,0.0,0.0,0.0,0.0,0.0,0.0,0.0,0.0,0.0,0.0,0.0,0.0,0.0,0.0,0.0,0.0,19,4,21.1,0.55,0.11,0.05,0.25,17.3,1421,1745,81.4,19356,7676,893,983,90.8,406,510,79.6,54,104,51.9,25,89,22,7,125,1459,280,18,2,5,49,256,6,6,74,2.12,74,2.12,49,6,3,4,8,4,12,0.34,6,2,1,1,1,1,106,68,48,42,16,57,90,63.3,33,47,15,32,43,149,96,0,34.9,2168,168,679,988,521,39,2168,64,24,37.5,32,50.0,1057,5492,2790,59,47,9,36,17,1242,124,95000,4940000
Emil Krafth,DF,Newcastle Utd,28,17,8,913.0,10.1,0,0,0,0,0,0,2,0,0.2,0.2,1.0,1.2,0.00,0.00,0.00,0.00,0.02,0.10,0.02,0.12,0.0,0.0,0.0,0.0,0.0,0.0,0.0,0.0,0.0,0.0,0.0,0.0,0.0,0.0,0.0,0.0,0.0,0.0,0.0,0.0,0.0,0.0,0.0,0.0,4,0,0.0,0.39,0.00,0.00,,17.9,488,580,84.1,7498,2971,246,275,89.5,216,236,91.5,15,39,38.5,9,26,13,7,29,514,65,11,0,0,17,53,1,1,18,1.77,18,1.77,13,3,1,0,1,0,1,0.10,1,0,0,0,0,0,21,14,10,7,4,12,25,48.0,13,8,3,5,9,30,21,0,10.1,661,48,279,241,145,10,661,6,3,50.0,2,33.3,358,1588,720,12,9,1,8,3,423,33,55000,2860000
Emile Smith Rowe,MF,Arsenal,23,13,3,353.0,3.9,0,1,1,0,0,0,0,0,2.0,2.0,0.2,2.2,0.00,0.25,0.25,0.00,0.50,0.06,0.50,0.56,0.0,0.0,0.0,0.0,0.0,0.0,0.0,0.0,0.0,0.0,0.0,0.0,0.0,0.0,0.0,0.0,0.0,0.0,0.0,0.0,0.0,0.0,0.0,0.0,15,5,33.3,3.82,1.27,0.00,0.00,15.6,188,213,88.3,2449,496,128,143,89.5,54,57,94.7,1,4,25.0,4,13,11,0,23,207,6,3,0,1,1,1,1,0,13,3.31,13,3.31,10,1,0,1,1,0,2,0.51,1,1,0,0,0,0,4,1,2,2,0,2,4,50.0,2,3,1,2,3,7,1,0,3.9,253,1,21,106,127,19,253,7,3,42.9,3,42.9,154,827,472,11,8,1,6,4,189,18,40000,2080000
Emiliano Martínez,GK,Aston Villa,30,34,34,3015.0,33.5,0,0,0,0,0,0,4,0,0.0,0.0,0.0,0.0,0.00,0.00,0.00,0.00,0.00,0.00,0.00,0.00,1.43,139,95,66.2,8,23.5,50.6,0.37,121,332,36.4,1270,157,21.0,27.7,159,40.9,36.1,373,45,12.1,69,2.06,17.5,0,0,,0.00,0.00,,,,1190,1436,82.9,28047,16368,248,250,99.2,715,722,99.0,223,452,49.3,2,21,0,0,2,1170,259,100,0,0,0,0,0,7,3,0.09,3,0.09,3,0,0,0,0,0,1,0.03,1,0,0,0,0,0,0,0,0,0,0,0,0,,0,0,0,0,0,0,12,3,33.5,1509,1139,1484,25,0,0,1509,0,0,,0,,933,4389,2772,0,0,0,1,0,800,0,120000,6240000
Enes Ünal,"FW,MF",Bournemouth,26,16,2,328.0,3.6,2,2,4,2,0,0,1,0,2.9,2.9,1.0,3.9,0.55,0.55,1.10,0.55,0.80,0.28,0.80,1.07,0.0,0.0,0.0,0.0,0.0,0.0,0.0,0.0,0.0,0.0,0.0,0.0,0.0,0.0,0.0,0.0,0.0,0.0,0.0,0.0,0.0,0.0,0.0,0.0,23,8,34.8,6.31,2.20,0.09,0.25,12.5,55,75,73.3,698,213,35,45,77.8,12,16,75.0,4,5,80.0,5,10,2,0,7,68,7,1,0,0,3,0,0,0,12,3.28,12,3.28,4,0,1,5,1,1,3,0.82,1,0,0,2,0,0,6,4,2,3,1,2,5,40.0,3,4,2,2,1,7,6,0,3.6,147,9,14,60,74,28,147,11,2,18.2,8,72.7,88,327,120,4,2,1,15,10,110,28,15000,780000
Enso Gonzalez,"MF,DF",Wolves,18,1,0,1.0,0.0,0,0,0,0,0,0,0,0,0.0,0.0,0.0,0.0,0.00,0.00,0.00,0.00,0.00,0.00,0.00,0.00,0.0,0.0,0.0,0.0,0.0,0.0,0.0,0.0,0.0,0.0,0.0,0.0,0.0,0.0,0.0,0.0,0.0,0.0,0.0,0.0,0.0,0.0,0.0,0.0,0,0,,0.00,0.00,,,,6,6,100.0,87,3,2,2,100.0,3,3,100.0,0,0,,0,0,0,0,0,6,0,0,0,0,0,0,0,0,1,90.00,1,90.00,1,0,0,0,0,0,0,0.00,0,0,0,0,0,0,0,0,0,0,0,0,1,0.0,1,0,0,0,0,0,0,0,0.0,7,0,0,4,3,0,7,0,0,,0,,4,35,3,0,1,0,1,0,7,2,0.0,0.0
Enzo Fernández,MF,Chelsea,22,28,26,2209.0,24.5,3,2,5,2,1,2,7,0,6.2,4.6,3.4,8.0,0.12,0.08,0.20,0.08,0.25,0.14,0.19,0.33,0.0,0.0,0.0,0.0,0.0,0.0,0.0,0.0,0.0,0.0,0.0,0.0,0.0,0.0,0.0,0.0,0.0,0.0,0.0,0.0,0.0,0.0,0.0,0.0,45,13,28.9,1.83,0.53,0.04,0.15,21.3,1574,1862,84.5,28776,8415,674,742,90.8,661,744,88.8,196,273,71.8,32,177,43,4,210,1756,89,52,21,28,45,5,22,17,82,3.34,82,3.34,69,5,0,3,5,0,7,0.29,5,1,0,0,1,0,50,22,22,18,10,27,65,41.5,38,36,13,23,17,67,28,0,24.5,2128,67,442,1209,488,47,2126,44,23,52.3,17,38.6,1315,6080,3109,52,46,8,29,24,1675,54,180000,9360000
Eric Dier,DF,Tottenham,29,4,1,201.0,2.2,0,0,0,0,0,0,0,0,0.0,0.0,0.0,0.0,0.00,0.00,0.00,0.00,0.00,0.00,0.00,0.00,0.0,0.0,0.0,0.0,0.0,0.0,0.0,0.0,0.0,0.0,0.0,0.0,0.0,0.0,0.0,0.0,0.0,0.0,0.0,0.0,0.0,0.0,0.0,0.0,0,0,,0.00,0.00,,,,125,141,88.7,2070,1037,52,57,91.2,69,72,95.8,3,10,30.0,0,3,0,0,3,132,9,6,0,0,0,0,0,0,2,0.90,2,0.90,2,0,0,0,0,0,0,0.00,0,0,0,0,0,0,2,1,2,0,0,2,2,100.0,0,3,3,0,2,4,12,0,2.2,164,38,106,57,2,2,164,0,0,,0,,97,291,119,0,0,0,1,0,112,0,85000,4420000
Erling Haaland,FW,Manchester City,23,31,29,2552.0,28.4,27,5,32,20,7,8,1,0,29.2,22.9,4.3,27.2,0.95,0.18,1.13,0.71,1.03,0.15,0.81,0.96,0.0,0.0,0.0,0.0,0.0,0.0,0.0,0.0,0.0,0.0,0.0,0.0,0.0,0.0,0.0,0.0,0.0,0.0,0.0,0.0,0.0,0.0,0.0,0.0,113,50,44.2,3.99,1.76,0.18,0.40,11.9,295,388,76.0,3234,567,197,242,81.4,56,70,80.0,5,8,62.5,29,16,11,0,26,375,12,1,2,0,5,1,0,1,59,2.08,59,2.08,39,0,3,10,6,1,11,0.39,5,0,1,3,2,0,6,3,0,3,3,2,3,66.7,1,11,1,10,2,8,16,0,28.4,636,15,36,206,398,183,628,30,12,40.0,16,53.3,357,1628,728,35,13,22,41,19,489,126,375000,19500000
Ethan Nwaneri,FW,Arsenal,16,1,0,14.0,0.2,0,0,0,0,0,0,0,0,0.0,0.0,0.0,0.0,0.00,0.00,0.00,0.00,0.00,0.15,0.00,0.15,0.0,0.0,0.0,0.0,0.0,0.0,0.0,0.0,0.0,0.0,0.0,0.0,0.0,0.0,0.0,0.0,0.0,0.0,0.0,0.0,0.0,0.0,0.0,0.0,0,0,,0.00,0.00,,,,15,18,83.3,209,56,10,13,76.9,5,5,100.0,0,0,,1,1,2,0,2,18,0,0,0,0,0,0,0,0,1,6.43,1,6.43,1,0,0,0,0,0,0,0.00,0,0,0,0,0,0,0,0,0,0,0,0,0,,0,1,0,1,0,0,0,0,0.2,20,0,0,9,11,2,20,1,0,0.0,0,0.0,16,123,66,2,2,0,0,0,17,1,0.0,0.0
Ethan Pinnock,DF,Brentford,30,29,28,2521.0,28.0,2,0,2,2,0,0,1,0,2.0,2.0,1.0,3.0,0.07,0.00,0.07,0.07,0.07,0.04,0.07,0.11,0.0,0.0,0.0,0.0,0.0,0.0,0.0,0.0,0.0,0.0,0.0,0.0,0.0,0.0,0.0,0.0,0.0,0.0,0.0,0.0,0.0,0.0,0.0,0.0,19,4,21.1,0.68,0.14,0.11,0.50,9.8,1192,1432,83.2,22546,7516,399,466,85.6,672,739,90.9,98,178,55.1,4,76,5,0,61,1374,55,26,0,8,7,24,0,3,24,0.86,24,0.86,16,1,0,6,0,1,1,0.04,1,0,0,0,0,0,35,23,22,13,0,9,20,45.0,11,40,24,16,43,78,170,3,28.0,1768,303,1001,661,113,43,1768,10,6,60.0,3,30.0,922,5095,3160,11,5,1,11,4,1025,16,30000,1560000
Ethan Wheatley,FW,Manchester Utd,17,3,0,16.0,0.2,0,0,0,0,0,0,0,0,0.0,0.0,0.0,0.0,0.00,0.00,0.00,0.00,0.00,0.00,0.00,0.00,0.0,0.0,0.0,0.0,0.0,0.0,0.0,0.0,0.0,0.0,0.0,0.0,0.0,0.0,0.0,0.0,0.0,0.0,0.0,0.0,0.0,0.0,0.0,0.0,0,0,,0.00,0.00,,,,0,0,,0,0,0,0,,0,0,,0,0,,0,0,0,0,0,0,0,0,0,0,0,0,0,0,0,0.00,0,0.00,0,0,0,0,0,0,0,0.00,0,0,0,0,0,0,1,1,0,1,0,1,1,100.0,0,2,0,2,2,3,0,0,0.2,6,0,0,3,3,0,6,0,0,,0,,3,35,0,0,0,0,1,2,2,1,0.0,0.0
Evan Ferguson,FW,Brighton,18,27,15,1367.0,15.2,6,0,6,6,0,0,1,0,4.6,4.6,0.5,5.1,0.40,0.00,0.40,0.40,0.30,0.04,0.30,0.34,0.0,0.0,0.0,0.0,0.0,0.0,0.0,0.0,0.0,0.0,0.0,0.0,0.0,0.0,0.0,0.0,0.0,0.0,0.0,0.0,0.0,0.0,0.0,0.0,33,20,60.6,2.17,1.32,0.18,0.30,15.5,244,303,80.5,3028,349,156,180,86.7,54,63,85.7,11,15,73.3,6,11,4,0,15,269,32,0,1,0,1,0,0,2,22,1.45,22,1.45,15,0,2,1,3,1,1,0.07,0,0,0,0,1,0,14,6,4,7,3,5,14,35.7,9,10,3,7,2,16,8,0,15.2,448,13,64,204,185,45,448,16,7,43.8,6,37.5,286,1299,414,13,9,5,40,31,336,62,30000,1560000
Ezri Konsa,DF,Aston Villa,25,35,35,3069.0,34.1,1,0,1,1,0,0,5,0,2.5,2.5,0.5,3.0,0.03,0.00,0.03,0.03,0.07,0.02,0.07,0.09,0.0,0.0,0.0,0.0,0.0,0.0,0.0,0.0,0.0,0.0,0.0,0.0,0.0,0.0,0.0,0.0,0.0,0.0,0.0,0.0,0.0,0.0,0.0,0.0,19,5,26.3,0.56,0.15,0.05,0.20,12.2,1907,2094,91.1,31947,10672,827,878,94.2,959,1029,93.2,95,129,73.6,8,132,14,2,136,1896,197,71,1,0,17,123,0,1,34,1.00,34,1.00,25,1,2,2,3,1,6,0.18,3,1,0,0,1,1,54,32,28,23,3,23,27,85.2,4,36,20,16,28,82,73,3,34.1,2359,239,971,1146,258,36,2359,34,19,55.9,6,17.6,1535,6930,3700,37,20,3,26,17,1669,33,75000,3900000
Fabian Schär,DF,Newcastle Utd,31,36,35,3054.0,33.9,4,1,5,4,0,0,5,0,2.5,2.5,0.7,3.3,0.12,0.03,0.15,0.12,0.07,0.02,0.07,0.10,0.0,0.0,0.0,0.0,0.0,0.0,0.0,0.0,0.0,0.0,0.0,0.0,0.0,0.0,0.0,0.0,0.0,0.0,0.0,0.0,0.0,0.0,0.0,0.0,35,9,25.7,1.03,0.27,0.11,0.44,18.9,1762,2128,82.8,36227,14874,588,647,90.9,894,985,90.8,261,437,59.7,10,145,18,3,133,2044,76,67,6,41,8,6,0,8,47,1.39,47,1.39,33,2,2,4,5,1,12,0.35,8,0,0,0,3,1,42,24,27,13,2,18,40,45.0,22,50,38,12,36,78,133,1,33.9,2483,359,1304,1060,140,40,2483,22,13,59.1,8,36.4,1490,7974,4981,28,42,1,17,12,1677,20,40000,2080000
Fabio Vieira,"MF,FW",Arsenal,23,11,2,297.0,3.3,1,2,3,0,1,1,0,1,1.3,0.5,1.6,2.1,0.30,0.61,0.91,0.00,0.38,0.49,0.14,0.64,0.0,0.0,0.0,0.0,0.0,0.0,0.0,0.0,0.0,0.0,0.0,0.0,0.0,0.0,0.0,0.0,0.0,0.0,0.0,0.0,0.0,0.0,0.0,0.0,6,1,16.7,1.82,0.30,0.00,0.00,18.0,122,150,81.3,1969,421,67,75,89.3,44,53,83.0,9,17,52.9,5,12,6,1,15,137,12,3,3,2,15,0,8,1,12,3.64,12,3.64,7,1,0,1,3,0,5,1.52,1,1,0,0,3,0,3,2,2,0,1,3,3,100.0,0,0,0,0,2,5,2,0,3.3,184,2,14,76,97,20,183,9,2,22.2,6,66.7,111,561,298,12,3,6,7,5,141,30,45000,2340000
Facundo Buonanotte,"FW,MF",Brighton,18,27,17,1364.0,15.2,3,1,4,3,0,0,7,0,2.4,2.4,1.8,4.2,0.20,0.07,0.26,0.20,0.16,0.12,0.16,0.28,0.0,0.0,0.0,0.0,0.0,0.0,0.0,0.0,0.0,0.0,0.0,0.0,0.0,0.0,0.0,0.0,0.0,0.0,0.0,0.0,0.0,0.0,0.0,0.0,21,8,38.1,1.39,0.53,0.14,0.38,16.8,404,478,84.5,5038,1028,270,306,88.2,95,109,87.2,9,15,60.0,18,26,14,1,42,467,11,6,1,1,6,3,1,0,38,2.51,38,2.51,26,1,2,3,5,1,2,0.13,2,0,0,0,0,0,42,22,13,22,7,14,44,31.8,30,22,3,19,8,50,5,0,15.2,673,21,91,316,277,35,673,52,18,34.6,28,53.8,421,2342,898,23,25,8,42,33,480,69,15000,780000
Facundo Pellistri,"FW,MF",Manchester Utd,21,9,1,172.0,1.9,0,1,1,0,0,0,0,0,0.7,0.7,0.1,0.8,0.00,0.52,0.52,0.00,0.38,0.05,0.38,0.43,0.0,0.0,0.0,0.0,0.0,0.0,0.0,0.0,0.0,0.0,0.0,0.0,0.0,0.0,0.0,0.0,0.0,0.0,0.0,0.0,0.0,0.0,0.0,0.0,4,2,50.0,2.09,1.05,0.00,0.00,11.5,60,79,75.9,675,146,47,53,88.7,11,17,64.7,0,0,,1,4,2,0,6,78,0,0,0,0,4,0,0,1,3,1.57,3,1.57,2,0,0,0,1,0,1,0.52,1,0,0,0,0,0,5,3,4,1,0,1,3,33.3,2,7,1,6,1,6,5,0,1.9,117,5,23,37,58,13,117,11,5,45.5,4,36.4,74,482,185,6,7,4,4,4,79,31,20000,1040000
Felipe,DF,Nott'ham Forest,34,7,4,375.0,4.2,0,0,0,0,0,0,4,0,0.1,0.1,0.1,0.2,0.00,0.00,0.00,0.00,0.03,0.01,0.03,0.04,0.0,0.0,0.0,0.0,0.0,0.0,0.0,0.0,0.0,0.0,0.0,0.0,0.0,0.0,0.0,0.0,0.0,0.0,0.0,0.0,0.0,0.0,0.0,0.0,3,0,0.0,0.72,0.00,0.00,,16.6,183,215,85.1,3654,1412,61,70,87.1,97,105,92.4,21,33,63.6,2,10,0,0,6,206,8,7,0,1,0,1,0,1,4,0.97,4,0.97,2,0,0,1,0,1,0,0.00,0,0,0,0,0,0,12,9,9,3,0,9,12,75.0,3,4,1,3,4,16,12,0,4.2,257,22,133,116,9,4,257,2,1,50.0,1,50.0,147,692,361,1,1,0,3,1,156,0,80000,4160000
Finley Munroe,MF,Aston Villa,18,1,0,4.0,0.0,0,0,0,0,0,0,0,0,0.0,0.0,0.0,0.0,0.00,0.00,0.00,0.00,0.00,0.00,0.00,0.00,0.0,0.0,0.0,0.0,0.0,0.0,0.0,0.0,0.0,0.0,0.0,0.0,0.0,0.0,0.0,0.0,0.0,0.0,0.0,0.0,0.0,0.0,0.0,0.0,0,0,,0.00,0.00,,,,1,1,100.0,16,0,0,0,,1,1,100.0,0,0,,0,0,0,0,0,1,0,0,0,0,0,0,0,0,0,0.00,0,0.00,0,0,0,0,0,0,0,0.00,0,0,0,0,0,0,0,0,0,0,0,0,0,,0,0,0,0,0,0,0,0,0.0,1,0,1,0,0,0,1,0,0,,0,,0,0,0,0,0,0,0,0,1,0,0.0,0.0
Fodé Ballo-Touré,"DF,MF",Fulham,26,6,0,71.0,0.8,0,0,0,0,0,0,1,0,0.0,0.0,0.0,0.0,0.00,0.00,0.00,0.00,0.00,0.00,0.00,0.00,0.0,0.0,0.0,0.0,0.0,0.0,0.0,0.0,0.0,0.0,0.0,0.0,0.0,0.0,0.0,0.0,0.0,0.0,0.0,0.0,0.0,0.0,0.0,0.0,0,0,,0.00,0.00,,,,56,78,71.8,1002,224,23,30,76.7,26,33,78.8,6,8,75.0,0,3,0,0,0,57,20,2,0,0,4,18,0,1,0,0.00,0,0.00,0,0,0,0,0,0,0,0.00,0,0,0,0,0,0,4,2,1,3,0,1,2,50.0,1,1,0,1,3,7,2,0,0.8,91,4,35,39,18,1,91,6,3,50.0,2,33.3,48,300,163,5,2,1,0,0,50,4,32500,1690000
Frank Onyeka,MF,Brentford,25,26,11,1161.0,12.9,1,2,3,1,0,0,8,0,2.2,2.2,1.8,4.0,0.08,0.16,0.23,0.08,0.17,0.14,0.17,0.31,0.0,0.0,0.0,0.0,0.0,0.0,0.0,0.0,0.0,0.0,0.0,0.0,0.0,0.0,0.0,0.0,0.0,0.0,0.0,0.0,0.0,0.0,0.0,0.0,22,9,40.9,1.71,0.70,0.05,0.11,17.4,299,396,75.5,4662,1127,159,181,87.8,114,152,75.0,18,35,51.4,12,23,11,5,33,389,6,2,2,0,16,4,0,1,32,2.48,32,2.48,22,0,2,3,4,1,1,0.08,0,0,0,1,0,0,37,24,9,23,5,16,29,55.2,13,15,7,8,23,60,17,0,12.9,585,32,128,290,177,28,585,29,11,37.9,14,48.3,325,1624,593,17,15,4,33,12,336,39,40000,2080000
Fred Onyedinma,"DF,MF",Luton Town,26,8,4,407.0,4.5,0,0,0,0,0,0,1,0,0.2,0.2,0.1,0.3,0.00,0.00,0.00,0.00,0.04,0.02,0.04,0.06,0.0,0.0,0.0,0.0,0.0,0.0,0.0,0.0,0.0,0.0,0.0,0.0,0.0,0.0,0.0,0.0,0.0,0.0,0.0,0.0,0.0,0.0,0.0,0.0,5,2,40.0,1.11,0.44,0.00,0.00,12.9,91,135,67.4,1431,352,45,58,77.6,42,61,68.9,2,7,28.6,2,4,2,1,6,97,38,1,0,0,13,37,0,0,5,1.11,5,1.11,4,1,0,0,0,0,0,0.00,0,0,0,0,0,0,10,6,7,3,0,5,12,41.7,7,3,0,3,1,11,13,0,4.5,198,13,55,69,76,16,198,11,2,18.2,8,72.7,85,514,219,9,6,4,12,10,90,21,5577,290000
Fábio Silva,FW,Wolves,21,8,3,264.0,2.9,0,0,0,0,0,0,2,0,1.0,1.0,0.2,1.2,0.00,0.00,0.00,0.00,0.35,0.07,0.35,0.42,0.0,0.0,0.0,0.0,0.0,0.0,0.0,0.0,0.0,0.0,0.0,0.0,0.0,0.0,0.0,0.0,0.0,0.0,0.0,0.0,0.0,0.0,0.0,0.0,7,3,42.9,2.39,1.02,0.00,0.00,13.8,61,76,80.3,779,174,37,43,86.0,16,18,88.9,1,4,25.0,4,7,0,0,10,72,4,1,1,0,0,1,0,0,9,3.08,9,3.08,6,0,1,1,1,0,0,0.00,0,0,0,0,0,0,7,4,3,4,0,2,3,66.7,1,1,0,1,2,9,0,0,2.9,118,4,24,55,44,12,118,8,2,25.0,5,62.5,66,437,186,5,5,1,12,4,69,13,80000,4160000
Gabriel Jesus,FW,Arsenal,26,27,17,1478.0,16.4,4,5,9,4,0,0,6,0,6.3,6.3,3.8,10.1,0.24,0.30,0.55,0.24,0.39,0.23,0.39,0.62,0.0,0.0,0.0,0.0,0.0,0.0,0.0,0.0,0.0,0.0,0.0,0.0,0.0,0.0,0.0,0.0,0.0,0.0,0.0,0.0,0.0,0.0,0.0,0.0,55,19,34.5,3.35,1.16,0.07,0.21,12.2,403,513,78.6,5315,971,259,306,84.6,111,140,79.3,10,16,62.5,29,18,19,1,42,482,23,2,8,2,9,6,0,8,59,3.59,59,3.59,37,1,9,5,3,4,8,0.49,4,1,1,1,1,0,24,17,11,5,8,5,18,27.8,13,23,1,22,13,37,12,0,16.4,782,16,75,247,472,139,782,75,35,46.7,30,40.0,489,2654,1146,38,21,25,61,38,567,155,265000,13780000
Gabriel Magalhães,DF,Arsenal,25,36,34,3044.0,33.8,4,0,4,4,0,0,4,0,4.3,4.3,0.7,5.0,0.12,0.00,0.12,0.12,0.13,0.02,0.13,0.15,0.0,0.0,0.0,0.0,0.0,0.0,0.0,0.0,0.0,0.0,0.0,0.0,0.0,0.0,0.0,0.0,0.0,0.0,0.0,0.0,0.0,0.0,0.0,0.0,31,10,32.3,0.92,0.30,0.13,0.40,7.9,1914,2157,88.7,32123,10388,841,885,95.0,942,1013,93.0,108,199,54.3,3,143,9,1,117,2030,122,53,2,4,4,4,0,5,23,0.68,23,0.68,20,1,0,1,0,1,3,0.09,3,0,0,0,0,0,48,28,24,22,2,17,22,77.3,5,44,33,11,31,79,100,1,33.8,2447,321,1049,1176,234,42,2447,5,2,40.0,2,40.0,1447,6001,3455,13,37,1,12,3,1702,8,100000,5200000
Gabriel Martinelli,FW,Arsenal,22,35,24,2019.0,22.4,6,4,10,6,0,0,1,0,6.8,6.8,6.1,12.9,0.27,0.18,0.45,0.27,0.31,0.27,0.31,0.58,0.0,0.0,0.0,0.0,0.0,0.0,0.0,0.0,0.0,0.0,0.0,0.0,0.0,0.0,0.0,0.0,0.0,0.0,0.0,0.0,0.0,0.0,0.0,0.0,58,20,34.5,2.59,0.89,0.10,0.30,15.6,724,929,77.9,11003,2008,424,490,86.5,237,292,81.2,47,85,55.3,46,22,33,7,65,878,49,3,3,3,109,11,35,2,92,4.10,92,4.10,63,6,12,8,1,2,11,0.49,7,1,1,2,0,0,30,24,9,12,9,13,32,40.6,19,23,1,22,5,35,9,1,22.4,1241,12,96,315,844,196,1241,114,40,35.1,61,53.5,856,5863,2981,127,49,82,54,41,956,345,180000,9360000
Gabriel Osho,DF,Luton Town,24,21,21,1846.0,20.5,2,0,2,2,0,0,3,0,1.1,1.1,0.1,1.2,0.10,0.00,0.10,0.10,0.05,0.01,0.05,0.06,0.0,0.0,0.0,0.0,0.0,0.0,0.0,0.0,0.0,0.0,0.0,0.0,0.0,0.0,0.0,0.0,0.0,0.0,0.0,0.0,0.0,0.0,0.0,0.0,10,2,20.0,0.49,0.10,0.20,1.00,14.8,580,706,82.2,10931,4019,195,222,87.8,342,384,89.1,41,87,47.1,2,30,3,1,37,697,8,8,0,1,3,0,0,1,8,0.39,8,0.39,7,0,1,0,0,0,3,0.15,3,0,0,0,0,0,41,22,21,19,1,16,27,59.3,11,37,20,17,31,72,92,0,20.5,968,179,535,384,60,20,968,12,7,58.3,5,41.7,461,2186,1100,10,9,1,12,10,482,4,10000,520000
George Baldock,DF,Sheffield Utd,30,13,11,969.0,10.8,0,1,1,0,0,0,4,0,0.0,0.0,0.8,0.8,0.00,0.09,0.09,0.00,0.00,0.07,0.00,0.08,0.0,0.0,0.0,0.0,0.0,0.0,0.0,0.0,0.0,0.0,0.0,0.0,0.0,0.0,0.0,0.0,0.0,0.0,0.0,0.0,0.0,0.0,0.0,0.0,1,0,0.0,0.09,0.00,0.00,,22.2,291,397,73.3,4602,1810,169,191,88.5,100,124,80.6,18,52,34.6,7,18,11,4,31,335,60,2,0,0,18,58,0,2,16,1.49,16,1.49,10,3,2,0,1,0,2,0.19,1,0,0,0,1,0,18,10,10,7,1,6,15,40.0,9,14,8,6,10,28,33,0,10.8,505,66,200,192,116,9,505,11,6,54.5,4,36.4,238,988,463,9,3,4,9,9,258,24,10000,520000
George Earthy,FW,West Ham,18,3,0,34.0,0.4,1,0,1,1,0,0,0,0,0.3,0.3,0.0,0.3,2.65,0.00,2.65,2.65,0.82,0.00,0.82,0.82,0.0,0.0,0.0,0.0,0.0,0.0,0.0,0.0,0.0,0.0,0.0,0.0,0.0,0.0,0.0,0.0,0.0,0.0,0.0,0.0,0.0,0.0,0.0,0.0,1,1,100.0,2.65,2.65,1.00,1.00,3.8,16,17,94.1,183,43,12,13,92.3,4,4,100.0,0,0,,0,0,0,0,1,17,0,0,0,0,0,0,0,0,2,5.29,2,5.29,2,0,0,0,0,0,0,0.00,0,0,0,0,0,0,0,0,0,0,0,0,1,0.0,1,0,0,0,1,1,0,0,0.4,18,0,3,7,8,1,18,0,0,,0,,13,48,13,0,1,0,0,0,15,3,0.0,0.0
Gio Reyna,"FW,MF",Nott'ham Forest,20,9,2,235.0,2.6,0,1,1,0,0,0,0,0,0.3,0.3,0.5,0.8,0.00,0.38,0.38,0.00,0.11,0.18,0.11,0.29,0.0,0.0,0.0,0.0,0.0,0.0,0.0,0.0,0.0,0.0,0.0,0.0,0.0,0.0,0.0,0.0,0.0,0.0,0.0,0.0,0.0,0.0,0.0,0.0,5,2,40.0,1.91,0.77,0.00,0.00,21.3,118,140,84.3,1768,374,69,74,93.2,40,45,88.9,7,13,53.8,7,5,2,0,12,129,9,4,0,0,8,1,4,2,12,4.60,12,4.60,9,1,1,0,0,1,2,0.77,1,1,0,0,0,0,7,3,4,0,3,3,6,50.0,3,3,0,3,2,9,0,0,2.6,173,2,18,71,84,12,173,7,3,42.9,4,57.1,83,327,101,3,2,2,8,4,121,14,40000,2080000
Giovani Lo Celso,MF,Tottenham,27,22,4,506.0,5.6,2,2,4,2,0,0,2,0,0.6,0.6,1.9,2.5,0.36,0.36,0.71,0.36,0.10,0.34,0.10,0.45,0.0,0.0,0.0,0.0,0.0,0.0,0.0,0.0,0.0,0.0,0.0,0.0,0.0,0.0,0.0,0.0,0.0,0.0,0.0,0.0,0.0,0.0,0.0,0.0,13,6,46.2,2.31,1.07,0.15,0.33,21.7,449,503,89.3,6799,2073,244,260,93.8,153,165,92.7,33,45,73.3,18,44,14,3,68,466,32,23,2,0,13,2,7,5,28,4.96,28,4.96,22,2,1,2,1,0,3,0.53,3,0,0,0,0,0,22,13,10,8,4,9,14,64.3,5,4,1,3,5,27,2,0,5.6,570,13,85,292,201,19,570,14,8,57.1,3,21.4,361,1891,946,25,20,0,12,7,456,29,70000,3640000
Gonzalo Montiel,DF,Nott'ham Forest,26,14,8,801.0,8.9,0,2,2,0,0,0,5,0,0.1,0.1,1.4,1.5,0.00,0.22,0.22,0.00,0.01,0.15,0.01,0.17,0.0,0.0,0.0,0.0,0.0,0.0,0.0,0.0,0.0,0.0,0.0,0.0,0.0,0.0,0.0,0.0,0.0,0.0,0.0,0.0,0.0,0.0,0.0,0.0,3,0,0.0,0.34,0.00,0.00,,18.4,292,386,75.6,4600,1987,155,172,90.1,112,154,72.7,16,38,42.1,9,22,9,1,28,328,57,6,1,0,16,51,0,1,15,1.69,15,1.69,14,0,0,1,0,0,2,0.22,2,0,0,0,0,0,22,19,12,8,2,16,29,55.2,13,8,3,5,9,31,31,1,8.9,474,47,175,186,117,13,474,1,1,100.0,0,0.0,209,920,566,9,10,0,7,3,239,32,25000,1300000
Guglielmo Vicario,GK,Tottenham,26,38,38,3420.0,38.0,0,0,0,0,0,0,2,0,0.0,0.0,0.0,0.0,0.00,0.00,0.00,0.00,0.00,0.00,0.00,0.00,1.61,167,109,67.7,7,18.4,60.0,0.32,53,225,23.6,1363,193,14.3,24.0,201,14.9,22.2,511,33,6.5,81,2.13,17.1,0,0,,0.00,0.00,,,,1335,1569,85.1,25924,15175,445,448,99.3,748,766,97.7,133,340,39.1,0,5,0,0,3,1272,292,91,0,0,0,0,0,5,2,0.05,2,0.05,2,0,0,0,0,0,0,0.00,0,0,0,0,0,0,0,0,0,0,0,0,1,0.0,1,0,0,0,1,1,31,2,38.0,1680,1252,1664,17,0,0,1680,0,0,,0,,1029,4528,2573,0,0,0,0,0,986,0,75000,3900000
Gustavo Hamer,MF,Sheffield Utd,26,36,34,2910.0,32.3,4,6,10,4,0,0,9,0,3.0,3.0,6.1,9.1,0.12,0.19,0.31,0.12,0.09,0.19,0.09,0.28,0.0,0.0,0.0,0.0,0.0,0.0,0.0,0.0,0.0,0.0,0.0,0.0,0.0,0.0,0.0,0.0,0.0,0.0,0.0,0.0,0.0,0.0,0.0,0.0,49,13,26.5,1.52,0.40,0.08,0.31,23.5,756,1103,68.5,12613,4882,373,451,82.7,266,345,77.1,80,222,36.0,70,94,37,7,135,946,152,43,5,9,115,1,78,5,116,3.59,116,3.59,73,22,10,7,4,0,12,0.37,9,1,2,0,0,0,39,21,17,15,7,16,59,27.1,43,33,9,24,29,68,35,0,32.3,1403,63,286,648,485,44,1403,58,28,48.3,28,48.3,624,3316,1572,36,26,13,37,17,761,86,30000,1560000
Hamed Junior Traorè,MF,Bournemouth,23,3,0,47.0,0.5,0,0,0,0,0,0,0,0,0.2,0.2,0.0,0.2,0.00,0.00,0.00,0.00,0.34,0.07,0.34,0.41,0.0,0.0,0.0,0.0,0.0,0.0,0.0,0.0,0.0,0.0,0.0,0.0,0.0,0.0,0.0,0.0,0.0,0.0,0.0,0.0,0.0,0.0,0.0,0.0,3,2,66.7,5.74,3.83,0.00,0.00,25.9,18,27,66.7,244,59,10,11,90.9,6,8,75.0,1,3,33.3,1,3,0,0,3,26,1,0,1,0,3,0,1,0,4,7.66,4,7.66,1,0,2,1,0,0,0,0.00,0,0,0,0,0,0,1,0,1,0,0,1,3,33.3,2,3,0,3,0,1,0,0,0.5,41,1,13,14,15,2,41,8,4,50.0,4,50.0,22,153,80,2,1,1,2,1,28,4,45000,2340000
Han-Noah Massengo,"MF,DF",Burnley,22,3,0,16.0,0.2,0,0,0,0,0,0,0,0,0.0,0.0,0.0,0.0,0.00,0.00,0.00,0.00,0.00,0.00,0.00,0.00,0.0,0.0,0.0,0.0,0.0,0.0,0.0,0.0,0.0,0.0,0.0,0.0,0.0,0.0,0.0,0.0,0.0,0.0,0.0,0.0,0.0,0.0,0.0,0.0,0,0,,0.00,0.00,,,,6,12,50.0,74,42,5,7,71.4,1,4,25.0,0,0,,0,1,0,0,0,11,1,0,0,0,2,1,0,0,0,0.00,0,0.00,0,0,0,0,0,0,0,0.00,0,0,0,0,0,0,1,1,1,0,0,0,0,,0,1,0,1,0,1,0,0,0.2,16,0,5,6,5,0,16,0,0,,0,,6,34,16,2,1,0,1,0,7,0,15000,780000
Hannes Delcroix,DF,Burnley,24,12,5,589.0,6.5,0,0,0,0,0,0,2,0,0.4,0.4,0.2,0.6,0.00,0.00,0.00,0.00,0.05,0.03,0.05,0.09,0.0,0.0,0.0,0.0,0.0,0.0,0.0,0.0,0.0,0.0,0.0,0.0,0.0,0.0,0.0,0.0,0.0,0.0,0.0,0.0,0.0,0.0,0.0,0.0,4,2,50.0,0.61,0.31,0.00,0.00,11.2,300,350,85.7,4932,1666,145,155,93.5,135,154,87.7,16,31,51.6,4,24,3,2,18,320,29,3,0,0,5,26,0,1,7,1.07,7,1.07,7,0,0,0,0,0,0,0.00,0,0,0,0,0,0,10,6,6,4,0,3,4,75.0,1,9,3,6,9,19,26,0,6.5,419,42,175,204,40,4,419,6,3,50.0,2,33.3,241,847,451,2,2,0,5,3,268,6,15000,780000
Hannibal Mejbri,"MF,FW",Manchester Utd,20,5,1,133.0,1.5,1,0,1,1,0,0,1,0,0.0,0.0,0.4,0.4,0.68,0.00,0.68,0.68,0.02,0.25,0.02,0.27,0.0,0.0,0.0,0.0,0.0,0.0,0.0,0.0,0.0,0.0,0.0,0.0,0.0,0.0,0.0,0.0,0.0,0.0,0.0,0.0,0.0,0.0,0.0,0.0,1,1,100.0,0.68,0.68,1.00,1.00,28.7,31,38,81.6,442,143,21,21,100.0,7,9,77.8,3,6,50.0,2,6,1,0,6,37,1,1,2,0,1,0,0,0,6,4.06,6,4.06,5,0,0,0,1,0,0,0.00,0,0,0,0,0,0,3,3,1,2,0,1,3,33.3,2,1,1,0,0,3,0,0,1.5,59,2,12,30,19,3,59,5,2,40.0,1,20.0,35,156,74,2,0,0,7,4,34,10,0.0,0.0
Harrison Reed,MF,Fulham,28,27,15,1325.0,14.7,0,2,2,0,0,0,6,0,0.3,0.3,1.1,1.4,0.00,0.14,0.14,0.00,0.02,0.07,0.02,0.09,0.0,0.0,0.0,0.0,0.0,0.0,0.0,0.0,0.0,0.0,0.0,0.0,0.0,0.0,0.0,0.0,0.0,0.0,0.0,0.0,0.0,0.0,0.0,0.0,9,2,22.2,0.61,0.14,0.00,0.00,23.6,627,748,83.8,9667,2279,306,341,89.7,263,298,88.3,33,51,64.7,14,40,15,2,56,702,46,23,2,0,19,7,5,0,29,1.97,29,1.97,25,3,0,0,1,0,5,0.34,3,2,0,0,0,0,29,18,9,17,3,13,31,41.9,18,19,9,10,11,40,24,0,14.7,883,34,214,488,182,10,883,10,5,50.0,5,50.0,449,1715,590,10,10,1,19,13,603,40,50000,2600000
Harry Maguire,DF,Manchester Utd,30,22,18,1653.0,18.4,2,2,4,2,0,0,4,0,2.0,2.0,1.2,3.3,0.11,0.11,0.22,0.11,0.11,0.07,0.11,0.18,0.0,0.0,0.0,0.0,0.0,0.0,0.0,0.0,0.0,0.0,0.0,0.0,0.0,0.0,0.0,0.0,0.0,0.0,0.0,0.0,0.0,0.0,0.0,0.0,20,3,15.0,1.09,0.16,0.10,0.67,11.5,917,1103,83.1,16999,6419,382,423,90.3,412,472,87.3,102,176,58.0,6,78,6,0,73,1018,83,36,0,13,3,2,0,2,24,1.31,24,1.31,19,0,0,1,1,3,4,0.22,2,0,0,1,1,0,24,17,14,10,0,12,22,54.5,10,33,24,9,25,49,83,1,18.4,1313,201,626,603,89,36,1313,2,0,0.0,2,100.0,702,4638,2771,20,13,2,9,2,782,2,190000,9880000
Harry Toffolo,DF,Nott'ham Forest,27,23,15,1459.0,16.2,1,3,4,1,0,0,3,0,1.6,1.6,1.5,3.2,0.06,0.19,0.25,0.06,0.10,0.10,0.10,0.20,0.0,0.0,0.0,0.0,0.0,0.0,0.0,0.0,0.0,0.0,0.0,0.0,0.0,0.0,0.0,0.0,0.0,0.0,0.0,0.0,0.0,0.0,0.0,0.0,8,5,62.5,0.49,0.31,0.13,0.20,14.4,424,590,71.9,6959,2983,207,244,84.8,159,216,73.6,41,96,42.7,18,40,10,10,42,465,125,15,0,0,47,97,13,0,25,1.54,25,1.54,16,7,0,2,0,0,4,0.25,4,0,0,0,0,0,26,14,20,6,0,15,24,62.5,9,34,13,21,14,40,49,0,16.2,745,70,283,296,172,12,745,3,1,33.3,2,66.7,272,966,475,10,7,1,7,5,343,34,35000,1820000
Harry Wilson,FW,Fulham,26,35,16,1620.0,18.0,4,6,10,4,0,0,6,0,3.4,3.4,3.5,6.8,0.22,0.33,0.56,0.22,0.19,0.19,0.19,0.38,0.0,0.0,0.0,0.0,0.0,0.0,0.0,0.0,0.0,0.0,0.0,0.0,0.0,0.0,0.0,0.0,0.0,0.0,0.0,0.0,0.0,0.0,0.0,0.0,40,13,32.5,2.22,0.72,0.10,0.31,19.1,478,632,75.6,7538,1644,254,294,86.4,153,196,78.1,48,83,57.8,22,34,26,7,60,591,38,13,3,9,42,5,19,3,65,3.61,65,3.61,42,4,5,4,8,2,10,0.56,9,0,0,0,1,0,21,14,9,8,4,11,28,39.3,17,27,3,24,10,31,12,0,18.0,828,24,118,352,371,53,828,34,15,44.1,16,47.1,505,3258,1513,41,25,17,32,12,606,130,35000,1820000
Harvey Barnes,"FW,MF",Newcastle Utd,25,21,7,802.0,8.9,5,3,8,5,0,0,2,0,3.6,3.6,3.2,6.8,0.56,0.34,0.90,0.56,0.40,0.36,0.40,0.76,0.0,0.0,0.0,0.0,0.0,0.0,0.0,0.0,0.0,0.0,0.0,0.0,0.0,0.0,0.0,0.0,0.0,0.0,0.0,0.0,0.0,0.0,0.0,0.0,27,12,44.4,3.03,1.35,0.19,0.42,16.0,208,272,76.5,2981,750,128,147,87.1,68,84,81.0,7,16,43.8,13,11,17,3,34,262,8,2,1,2,12,4,0,2,29,3.25,29,3.25,18,0,5,3,3,0,6,0.67,4,0,2,0,0,0,6,1,3,2,1,1,2,50.0,1,1,0,1,5,11,3,0,8.9,360,5,48,117,200,60,360,25,7,28.0,14,56.0,266,1782,1093,45,21,23,12,16,285,79,80000,4160000
Harvey Elliott,"MF,FW",Liverpool,20,34,11,1352.0,15.0,3,6,9,3,0,0,2,0,2.7,2.7,3.5,6.2,0.20,0.40,0.60,0.20,0.18,0.23,0.18,0.42,0.0,0.0,0.0,0.0,0.0,0.0,0.0,0.0,0.0,0.0,0.0,0.0,0.0,0.0,0.0,0.0,0.0,0.0,0.0,0.0,0.0,0.0,0.0,0.0,49,16,32.7,3.26,1.07,0.06,0.19,20.8,825,986,83.7,13081,3101,457,496,92.1,278,323,86.1,66,105,62.9,37,76,45,11,128,932,44,4,3,8,62,10,19,10,78,5.19,78,5.19,61,9,2,3,1,2,10,0.67,6,1,1,0,1,1,27,17,8,14,5,10,31,32.3,21,27,0,27,6,33,7,0,15.0,1141,8,91,546,512,71,1141,20,9,45.0,10,50.0,722,3946,1753,44,50,9,15,9,860,122,40000,2080000
Hjalmar Ekdal,DF,Burnley,24,8,5,437.0,4.9,0,0,0,0,0,0,2,0,0.1,0.1,0.1,0.1,0.00,0.00,0.00,0.00,0.01,0.01,0.01,0.03,0.0,0.0,0.0,0.0,0.0,0.0,0.0,0.0,0.0,0.0,0.0,0.0,0.0,0.0,0.0,0.0,0.0,0.0,0.0,0.0,0.0,0.0,0.0,0.0,2,1,50.0,0.41,0.21,0.00,0.00,16.4,191,217,88.0,3404,938,66,71,93.0,109,120,90.8,12,17,70.6,1,8,0,0,11,213,4,4,0,2,0,0,0,0,2,0.41,2,0.41,2,0,0,0,0,0,0,0.00,0,0,0,0,0,0,4,2,2,2,0,2,4,50.0,2,10,5,5,6,10,21,0,4.9,268,36,131,124,15,3,268,3,2,66.7,1,33.3,142,885,523,5,4,0,2,1,150,1,20000,1040000
Hugo Bueno,"DF,MF",Wolves,20,22,7,741.0,8.2,0,0,0,0,0,0,1,0,0.3,0.3,0.8,1.0,0.00,0.00,0.00,0.00,0.03,0.09,0.03,0.13,0.0,0.0,0.0,0.0,0.0,0.0,0.0,0.0,0.0,0.0,0.0,0.0,0.0,0.0,0.0,0.0,0.0,0.0,0.0,0.0,0.0,0.0,0.0,0.0,5,0,0.0,0.61,0.00,0.00,,18.4,318,406,78.3,4380,1005,211,237,89.0,92,117,78.6,11,27,40.7,6,11,8,8,8,358,46,1,0,1,29,45,0,2,17,2.07,17,2.07,14,0,1,1,1,0,2,0.24,2,0,0,0,0,0,21,14,12,7,2,12,19,63.2,7,17,4,13,6,27,24,0,8.2,517,33,180,208,130,9,517,23,8,34.8,11,47.8,266,1575,785,22,9,2,7,14,306,40,10000,520000
Hwang Hee-chan,"FW,MF",Wolves,27,29,25,2119.0,23.5,12,3,15,11,1,1,6,0,7.7,6.9,3.0,9.9,0.51,0.13,0.64,0.47,0.33,0.13,0.29,0.42,0.0,0.0,0.0,0.0,0.0,0.0,0.0,0.0,0.0,0.0,0.0,0.0,0.0,0.0,0.0,0.0,0.0,0.0,0.0,0.0,0.0,0.0,0.0,0.0,44,17,38.6,1.87,0.72,0.25,0.65,12.2,424,551,77.0,5661,1028,256,312,82.1,131,162,80.9,13,21,61.9,17,19,7,2,37,508,43,1,3,3,11,10,4,0,48,2.04,48,2.04,29,0,8,6,4,1,9,0.38,4,0,3,1,1,0,20,10,11,8,1,9,24,37.5,15,19,1,18,10,30,9,0,23.5,777,13,100,345,344,103,776,69,36,52.2,30,43.5,478,2586,999,37,21,24,55,31,564,120,70000,3640000
Ian Maatsen,"FW,MF",Chelsea,21,12,1,209.0,2.3,0,0,0,0,0,0,1,0,0.8,0.8,0.1,0.9,0.00,0.00,0.00,0.00,0.35,0.04,0.35,0.39,0.0,0.0,0.0,0.0,0.0,0.0,0.0,0.0,0.0,0.0,0.0,0.0,0.0,0.0,0.0,0.0,0.0,0.0,0.0,0.0,0.0,0.0,0.0,0.0,5,0,0.0,2.15,0.00,0.00,,17.1,97,138,70.3,1316,400,60,73,82.2,26,46,56.5,4,8,50.0,2,6,2,1,8,126,12,0,1,0,8,11,1,0,5,2.15,5,2.15,3,1,0,1,0,0,0,0.00,0,0,0,0,0,0,3,2,1,1,1,0,4,0.0,4,4,0,4,3,6,10,0,2.3,179,7,49,56,75,8,179,4,0,0.0,4,100.0,100,555,315,9,5,2,8,7,117,15,20000,1040000
Ibrahim Sangaré,MF,Nott'ham Forest,25,17,13,1035.0,11.5,0,0,0,0,0,0,6,0,0.6,0.6,0.4,1.0,0.00,0.00,0.00,0.00,0.06,0.03,0.06,0.09,0.0,0.0,0.0,0.0,0.0,0.0,0.0,0.0,0.0,0.0,0.0,0.0,0.0,0.0,0.0,0.0,0.0,0.0,0.0,0.0,0.0,0.0,0.0,0.0,8,0,0.0,0.70,0.00,0.00,,17.0,339,425,79.8,5477,1680,181,207,87.4,115,136,84.6,32,50,64.0,7,34,5,0,44,414,8,7,3,6,2,1,0,3,18,1.57,18,1.57,15,0,0,1,1,1,2,0.17,2,0,0,0,0,0,42,23,25,13,4,12,29,41.4,17,24,7,17,16,58,21,0,11.5,554,36,176,289,92,12,554,12,6,50.0,6,50.0,279,1219,532,5,4,0,10,8,327,7,75000,3900000
Ibrahima Konaté,DF,Liverpool,24,22,17,1574.0,17.5,0,0,0,0,0,0,5,1,0.7,0.7,0.4,1.1,0.00,0.00,0.00,0.00,0.04,0.02,0.04,0.06,0.0,0.0,0.0,0.0,0.0,0.0,0.0,0.0,0.0,0.0,0.0,0.0,0.0,0.0,0.0,0.0,0.0,0.0,0.0,0.0,0.0,0.0,0.0,0.0,11,2,18.2,0.63,0.11,0.00,0.00,11.6,1286,1463,87.9,22733,9043,514,566,90.8,673,718,93.7,81,140,57.9,8,145,8,0,118,1426,35,24,5,6,1,11,0,2,24,1.37,24,1.37,24,0,0,0,0,0,1,0.06,1,0,0,0,0,0,36,22,22,13,1,18,24,75.0,6,18,12,6,20,56,51,1,17.5,1622,86,533,1018,80,16,1622,10,6,60.0,1,10.0,1081,5747,3590,24,17,0,8,5,1162,3,70000,3640000
Idrissa Gana Gueye,MF,Everton,33,25,24,1884.0,20.9,4,0,4,4,0,0,8,0,1.3,1.3,1.1,2.4,0.19,0.00,0.19,0.19,0.06,0.05,0.06,0.12,0.0,0.0,0.0,0.0,0.0,0.0,0.0,0.0,0.0,0.0,0.0,0.0,0.0,0.0,0.0,0.0,0.0,0.0,0.0,0.0,0.0,0.0,0.0,0.0,26,7,26.9,1.24,0.33,0.15,0.57,22.2,758,898,84.4,11688,3236,384,428,89.7,317,361,87.8,39,66,59.1,15,70,9,1,83,882,13,3,2,6,11,4,0,3,52,2.48,52,2.48,37,0,0,5,4,6,4,0.19,4,0,0,0,0,0,73,44,32,27,14,29,46,63.0,17,24,7,17,28,101,16,0,20.9,1126,59,280,608,252,21,1126,25,11,44.0,11,44.0,592,2976,1431,29,26,2,17,20,670,41,80000,4160000
Igor,DF,Brighton,25,24,17,1637.0,18.2,0,0,0,0,0,0,4,0,0.3,0.3,0.7,1.0,0.00,0.00,0.00,0.00,0.02,0.04,0.02,0.05,0.0,0.0,0.0,0.0,0.0,0.0,0.0,0.0,0.0,0.0,0.0,0.0,0.0,0.0,0.0,0.0,0.0,0.0,0.0,0.0,0.0,0.0,0.0,0.0,5,0,0.0,0.27,0.00,0.00,,21.0,1398,1497,93.4,21855,7143,714,742,96.2,615,640,96.1,49,68,72.1,7,123,2,0,107,1388,105,25,2,3,1,75,0,4,25,1.38,25,1.38,21,2,1,0,0,1,2,0.11,2,0,0,0,0,0,25,18,7,16,2,17,29,58.6,12,22,9,13,14,39,52,1,18.2,1651,105,604,913,141,7,1651,22,16,72.7,5,22.7,1055,5334,2867,30,23,0,9,6,1205,12,45000,2340000
Illia Zabarnyi,DF,Bournemouth,20,37,37,3330.0,37.0,1,0,1,1,0,0,5,0,1.1,1.1,0.4,1.5,0.03,0.00,0.03,0.03,0.03,0.01,0.03,0.04,0.0,0.0,0.0,0.0,0.0,0.0,0.0,0.0,0.0,0.0,0.0,0.0,0.0,0.0,0.0,0.0,0.0,0.0,0.0,0.0,0.0,0.0,0.0,0.0,8,2,25.0,0.22,0.05,0.13,0.50,7.5,1471,1805,81.5,30757,10546,392,458,85.6,880,952,92.4,188,362,51.9,7,127,11,0,109,1755,49,42,2,10,1,1,0,1,27,0.73,27,0.73,26,0,0,1,0,0,1,0.03,1,0,0,0,0,0,59,32,29,29,1,23,50,46.0,27,53,34,19,33,92,143,4,37.0,2169,312,1129,978,70,17,2169,13,9,69.2,2,15.4,1303,7280,4408,24,15,0,15,2,1368,1,0.0,0.0
Ionuț Radu,GK,Bournemouth,26,2,2,180.0,2.0,0,0,0,0,0,0,0,0,0.0,0.0,0.0,0.0,0.00,0.00,0.00,0.00,0.00,0.00,0.00,0.00,3.50,11,4,36.4,0,0.0,2.9,0.27,5,15,33.3,57,10,19.3,26.9,11,36.4,29.2,19,2,10.5,0,0.00,9.6,0,0,,0.00,0.00,,,,56,68,82.4,1211,583,19,19,100.0,29,30,96.7,8,19,42.1,0,0,0,0,0,54,14,3,0,0,0,0,0,0,0,0.00,0,0.00,0,0,0,0,0,0,0,0.00,0,0,0,0,0,0,0,0,0,0,0,0,0,,0,0,0,0,0,0,0,0,2.0,70,64,70,0,0,0,70,0,0,,0,,51,215,101,0,0,0,0,0,40,0,30000,1560000
Issa Diop,DF,Fulham,26,18,16,1424.0,15.8,0,0,0,0,0,0,4,1,0.3,0.3,0.0,0.3,0.00,0.00,0.00,0.00,0.02,0.00,0.02,0.02,0.0,0.0,0.0,0.0,0.0,0.0,0.0,0.0,0.0,0.0,0.0,0.0,0.0,0.0,0.0,0.0,0.0,0.0,0.0,0.0,0.0,0.0,0.0,0.0,5,1,20.0,0.32,0.06,0.00,0.00,14.6,950,1080,88.0,17646,6371,333,358,93.0,555,594,93.4,53,98,54.1,0,60,3,0,66,1041,37,22,1,5,0,2,0,2,4,0.25,4,0.25,4,0,0,0,0,0,0,0.00,0,0,0,0,0,0,30,16,23,5,2,15,20,75.0,5,28,19,9,17,47,80,1,15.8,1258,168,669,568,24,7,1258,1,1,100.0,0,0.0,794,4396,2661,11,8,0,3,5,884,1,70000,3640000
Issa Kaboré,DF,Luton Town,22,24,21,1729.0,19.2,0,2,2,0,0,0,7,0,0.2,0.2,2.1,2.3,0.00,0.10,0.10,0.00,0.01,0.11,0.01,0.12,0.0,0.0,0.0,0.0,0.0,0.0,0.0,0.0,0.0,0.0,0.0,0.0,0.0,0.0,0.0,0.0,0.0,0.0,0.0,0.0,0.0,0.0,0.0,0.0,6,1,16.7,0.31,0.05,0.00,0.00,15.8,533,759,70.2,8402,3289,277,324,85.5,203,287,70.7,35,78,44.9,16,30,18,13,54,601,157,6,1,0,66,151,0,1,32,1.67,32,1.67,25,0,2,2,1,2,4,0.21,3,0,0,1,0,0,52,28,23,21,8,24,45,53.3,21,22,11,11,16,68,56,2,19.2,985,79,329,386,283,18,985,42,18,42.9,18,42.9,455,3134,1558,60,33,10,25,8,449,85,20000,1040000
Ivan Perišić,FW,Tottenham,34,5,0,103.0,1.1,0,1,1,0,0,0,2,0,0.1,0.1,0.9,1.0,0.00,0.87,0.87,0.00,0.10,0.75,0.10,0.85,0.0,0.0,0.0,0.0,0.0,0.0,0.0,0.0,0.0,0.0,0.0,0.0,0.0,0.0,0.0,0.0,0.0,0.0,0.0,0.0,0.0,0.0,0.0,0.0,2,0,0.0,1.75,0.00,0.00,,13.0,53,76,69.7,828,363,31,39,79.5,14,22,63.6,7,13,53.8,5,4,6,2,9,72,4,1,0,1,13,2,1,0,8,6.99,8,6.99,6,1,1,0,0,0,2,1.75,1,1,0,0,0,0,3,2,1,1,1,3,5,60.0,2,1,0,1,2,5,1,0,1.1,93,3,24,20,49,10,93,7,4,57.1,3,42.9,65,398,277,15,5,6,2,0,74,17,180000,9360000
Ivan Toney,FW,Brentford,27,17,16,1450.0,16.1,4,2,6,4,0,0,5,0,6.0,6.0,1.5,7.4,0.25,0.12,0.37,0.25,0.37,0.09,0.37,0.46,0.0,0.0,0.0,0.0,0.0,0.0,0.0,0.0,0.0,0.0,0.0,0.0,0.0,0.0,0.0,0.0,0.0,0.0,0.0,0.0,0.0,0.0,0.0,0.0,51,21,41.2,3.17,1.30,0.08,0.19,17.4,228,426,53.5,2972,1188,135,219,61.6,56,103,54.4,15,31,48.4,12,20,18,5,40,395,23,8,5,0,22,8,2,8,39,2.42,39,2.42,22,5,4,4,4,0,6,0.37,4,0,1,1,0,0,15,5,2,7,6,6,14,42.9,8,5,1,4,10,25,18,0,16.1,620,20,74,281,273,67,620,23,10,43.5,10,43.5,358,1633,809,23,17,13,59,17,465,98,20000,1040000
Ivo Grbić,GK,Sheffield Utd,27,9,9,771.0,8.6,0,0,0,0,0,0,1,0,0.0,0.0,0.0,0.0,0.00,0.00,0.00,0.00,0.00,0.00,0.00,0.00,2.92,59,36,57.6,0,0.0,14.7,0.25,65,199,32.7,207,25,57.5,41.2,89,89.9,59.4,193,11,5.7,14,1.63,14.4,0,0,,0.00,0.00,,,,148,298,49.7,5407,4505,23,23,100.0,48,54,88.9,76,217,35.0,0,1,0,0,0,162,134,45,0,0,0,0,0,2,2,0.23,2,0.23,1,1,0,0,0,0,0,0.00,0,0,0,0,0,0,0,0,0,0,0,0,1,0.0,1,1,0,1,0,0,9,1,8.6,324,280,317,7,0,0,324,0,0,,0,,152,1049,772,0,0,0,0,0,92,0,25000,1300000
Jack Cork,MF,Burnley,34,4,0,27.0,0.3,0,0,0,0,0,0,0,0,0.0,0.0,0.0,0.0,0.00,0.00,0.00,0.00,0.00,0.00,0.00,0.00,0.0,0.0,0.0,0.0,0.0,0.0,0.0,0.0,0.0,0.0,0.0,0.0,0.0,0.0,0.0,0.0,0.0,0.0,0.0,0.0,0.0,0.0,0.0,0.0,0,0,,0.00,0.00,,,,25,33,75.8,370,77,13,16,81.3,10,10,100.0,1,3,33.3,0,5,0,0,4,31,2,2,0,0,1,0,0,0,1,3.33,1,3.33,1,0,0,0,0,0,0,0.00,0,0,0,0,0,0,2,0,0,2,0,1,3,33.3,2,0,0,0,1,3,1,0,0.3,37,0,4,23,11,1,37,0,0,,0,,24,146,98,4,2,0,0,0,30,1,45000,2340000
Jack Grealish,"FW,MF",Manchester City,27,20,10,1009.0,11.2,3,1,4,3,0,0,6,0,2.1,2.1,2.5,4.6,0.27,0.09,0.36,0.27,0.19,0.22,0.19,0.41,0.0,0.0,0.0,0.0,0.0,0.0,0.0,0.0,0.0,0.0,0.0,0.0,0.0,0.0,0.0,0.0,0.0,0.0,0.0,0.0,0.0,0.0,0.0,0.0,22,5,22.7,1.96,0.45,0.14,0.60,16.1,499,580,86.0,7032,1069,302,329,91.8,156,174,89.7,23,32,71.9,26,15,25,0,50,560,19,3,3,2,16,11,5,1,54,4.82,54,4.82,46,0,1,2,5,0,4,0.36,4,0,0,0,0,0,13,8,6,7,0,6,12,50.0,6,13,2,11,6,19,5,0,11.2,697,7,53,206,443,82,697,41,18,43.9,11,26.8,522,4025,2080,87,46,50,19,22,578,146,300000,15600000
Jack Harrison,"MF,FW",Everton,26,29,25,2214.0,24.6,3,3,6,3,0,0,1,0,3.6,3.6,3.4,7.0,0.12,0.12,0.24,0.12,0.14,0.14,0.14,0.28,0.0,0.0,0.0,0.0,0.0,0.0,0.0,0.0,0.0,0.0,0.0,0.0,0.0,0.0,0.0,0.0,0.0,0.0,0.0,0.0,0.0,0.0,0.0,0.0,34,9,26.5,1.38,0.37,0.09,0.33,17.8,409,631,64.8,5825,2378,243,291,83.5,127,195,65.1,23,73,31.5,28,37,34,11,62,608,17,2,4,0,81,10,4,6,66,2.68,66,2.68,46,2,3,7,6,2,7,0.28,5,0,0,1,1,0,37,22,12,12,13,17,49,34.7,32,25,5,20,12,49,24,0,24.6,935,36,167,338,445,59,935,75,29,38.7,39,52.0,539,3250,1546,65,31,14,68,41,580,135,90000,4680000
Jack Hinshelwood,DF,Brighton,18,12,8,869.0,9.7,3,0,3,3,0,0,1,0,1.9,1.9,0.7,2.5,0.31,0.00,0.31,0.31,0.19,0.07,0.19,0.26,0.0,0.0,0.0,0.0,0.0,0.0,0.0,0.0,0.0,0.0,0.0,0.0,0.0,0.0,0.0,0.0,0.0,0.0,0.0,0.0,0.0,0.0,0.0,0.0,14,8,57.1,1.45,0.83,0.21,0.38,9.2,418,498,83.9,5999,1172,233,267,87.3,156,175,89.1,9,22,40.9,8,24,5,1,19,431,67,14,0,3,10,53,0,0,14,1.45,14,1.45,11,0,0,3,0,0,0,0.00,0,0,0,0,0,0,14,5,7,4,3,5,13,38.5,8,6,2,4,14,28,18,0,9.7,590,26,193,256,143,30,590,5,0,0.0,4,80.0,331,1598,726,16,15,1,9,2,381,38,10000,520000
Jack Robinson,DF,Sheffield Utd,29,34,31,2885.0,32.1,1,1,2,1,0,0,10,0,1.2,1.2,1.2,2.4,0.03,0.03,0.06,0.03,0.04,0.04,0.04,0.08,0.0,0.0,0.0,0.0,0.0,0.0,0.0,0.0,0.0,0.0,0.0,0.0,0.0,0.0,0.0,0.0,0.0,0.0,0.0,0.0,0.0,0.0,0.0,0.0,14,5,35.7,0.44,0.16,0.07,0.20,12.7,895,1255,71.3,17482,7694,318,364,87.4,453,555,81.6,113,286,39.5,12,66,7,4,63,1045,205,32,1,7,12,173,0,5,23,0.72,23,0.72,12,7,0,3,0,1,1,0.03,0,1,0,0,0,0,43,28,29,14,0,25,39,64.1,14,49,33,16,33,76,132,2,32.1,1567,235,793,606,177,31,1567,11,5,45.5,3,27.3,686,2956,1441,8,6,2,18,5,786,14,25000,1300000
Jacob Brown,"MF,FW",Luton Town,25,19,12,1019.0,11.3,2,0,2,2,0,0,4,0,2.8,2.8,0.7,3.4,0.18,0.00,0.18,0.18,0.25,0.06,0.25,0.30,0.0,0.0,0.0,0.0,0.0,0.0,0.0,0.0,0.0,0.0,0.0,0.0,0.0,0.0,0.0,0.0,0.0,0.0,0.0,0.0,0.0,0.0,0.0,0.0,26,6,23.1,2.30,0.53,0.08,0.33,14.1,136,247,55.1,1865,626,91,127,71.7,35,56,62.5,6,24,25.0,8,6,3,1,19,238,7,0,0,0,10,6,0,2,15,1.33,15,1.33,10,0,1,1,3,0,0,0.00,0,0,0,0,0,0,19,12,7,7,5,7,18,38.9,11,20,1,19,8,27,22,0,11.3,427,30,103,152,181,50,427,25,6,24.0,16,64.0,200,1112,504,25,14,9,24,25,237,53,30000,1560000
Jacob Bruun Larsen,"MF,FW",Burnley,24,32,16,1249.0,13.9,6,0,6,5,1,1,1,0,5.0,4.2,1.5,5.7,0.43,0.00,0.43,0.36,0.36,0.10,0.30,0.41,0.0,0.0,0.0,0.0,0.0,0.0,0.0,0.0,0.0,0.0,0.0,0.0,0.0,0.0,0.0,0.0,0.0,0.0,0.0,0.0,0.0,0.0,0.0,0.0,43,14,32.6,3.10,1.01,0.12,0.36,19.2,378,526,71.9,6208,1406,208,257,80.9,120,162,74.1,39,64,60.9,25,12,13,2,38,455,69,15,1,3,62,5,46,2,46,3.31,46,3.31,32,11,1,1,1,0,0,0.00,0,0,0,0,0,0,9,4,4,3,2,7,21,33.3,14,16,2,14,7,16,23,0,13.9,720,20,97,229,401,89,719,55,20,36.4,31,56.4,398,2539,1351,61,20,33,28,10,449,146,35000,1820000
Jacob Murphy,"FW,DF",Newcastle Utd,28,21,14,1189.0,13.2,3,7,10,3,0,0,1,0,2.1,2.1,5.0,7.1,0.23,0.53,0.76,0.23,0.16,0.37,0.16,0.54,0.0,0.0,0.0,0.0,0.0,0.0,0.0,0.0,0.0,0.0,0.0,0.0,0.0,0.0,0.0,0.0,0.0,0.0,0.0,0.0,0.0,0.0,0.0,0.0,30,10,33.3,2.27,0.76,0.10,0.30,19.6,343,519,66.1,5229,2012,200,244,82.0,117,175,66.9,19,61,31.1,31,32,30,8,52,478,38,8,10,0,77,18,11,3,55,4.16,55,4.16,44,4,2,3,1,1,10,0.76,9,0,1,0,0,0,20,10,8,4,8,12,26,46.2,14,17,0,17,6,26,16,0,13.2,666,24,111,229,339,53,666,27,13,48.1,13,48.1,381,2179,981,33,27,15,19,14,434,113,35000,1820000
Jacob Ramsey,"FW,MF",Aston Villa,22,16,8,853.0,9.5,1,1,2,1,0,0,2,0,2.2,2.2,1.0,3.2,0.11,0.11,0.21,0.11,0.23,0.11,0.23,0.34,0.0,0.0,0.0,0.0,0.0,0.0,0.0,0.0,0.0,0.0,0.0,0.0,0.0,0.0,0.0,0.0,0.0,0.0,0.0,0.0,0.0,0.0,0.0,0.0,19,4,21.1,2.00,0.42,0.05,0.25,15.9,257,322,79.8,3751,863,143,173,82.7,97,115,84.3,9,12,75.0,10,22,5,0,28,310,12,1,3,0,11,1,10,0,29,3.06,29,3.06,23,2,1,2,0,1,3,0.32,2,1,0,0,0,0,16,8,7,6,3,5,15,33.3,10,15,2,13,3,19,8,0,9.5,433,10,69,178,195,47,433,20,8,40.0,11,55.0,272,1785,843,33,19,11,18,21,314,69,70000,3640000
Jaden Philogene Bidace,FW,Aston Villa,21,1,0,4.0,0.0,0,0,0,0,0,0,0,0,0.0,0.0,0.0,0.0,0.00,0.00,0.00,0.00,0.00,0.00,0.00,0.00,0.0,0.0,0.0,0.0,0.0,0.0,0.0,0.0,0.0,0.0,0.0,0.0,0.0,0.0,0.0,0.0,0.0,0.0,0.0,0.0,0.0,0.0,0.0,0.0,0,0,,0.00,0.00,,,,3,4,75.0,27,5,3,3,100.0,0,0,,0,0,,0,0,0,0,0,4,0,0,0,0,0,0,0,0,0,0.00,0,0.00,0,0,0,0,0,0,0,0.00,0,0,0,0,0,0,0,0,0,0,0,0,0,,0,0,0,0,0,0,0,0,0.0,4,0,1,1,2,1,4,0,0,,0,,2,39,39,2,1,1,0,0,3,1,0.0,0.0
Jadon Sancho,"FW,MF",Manchester Utd,23,3,0,79.0,0.9,0,0,0,0,0,0,0,0,0.0,0.0,0.1,0.1,0.00,0.00,0.00,0.00,0.00,0.06,0.00,0.06,0.0,0.0,0.0,0.0,0.0,0.0,0.0,0.0,0.0,0.0,0.0,0.0,0.0,0.0,0.0,0.0,0.0,0.0,0.0,0.0,0.0,0.0,0.0,0.0,0,0,,0.00,0.00,,,,34,43,79.1,446,116,22,25,88.0,10,14,71.4,1,1,100.0,1,2,2,0,4,41,1,0,0,0,1,0,1,1,4,4.62,4,4.62,1,1,0,0,1,1,1,1.15,0,1,0,0,0,0,1,0,1,0,0,1,3,33.3,2,1,0,1,1,2,0,0,0.9,51,4,12,18,26,6,51,7,3,42.9,3,42.9,38,298,192,10,5,5,0,2,34,5,250000,13000000
Jaidon Anthony,FW,Bournemouth,23,3,2,152.0,1.7,0,0,0,0,0,0,1,0,0.1,0.1,0.0,0.1,0.00,0.00,0.00,0.00,0.04,0.00,0.04,0.04,0.0,0.0,0.0,0.0,0.0,0.0,0.0,0.0,0.0,0.0,0.0,0.0,0.0,0.0,0.0,0.0,0.0,0.0,0.0,0.0,0.0,0.0,0.0,0.0,2,1,50.0,1.18,0.59,0.00,0.00,24.5,30,45,66.7,453,139,17,20,85.0,10,14,71.4,1,6,16.7,0,3,1,0,8,42,3,2,0,0,2,0,1,0,3,1.78,3,1.78,2,0,1,0,0,0,0,0.00,0,0,0,0,0,0,3,1,1,0,2,1,7,14.3,6,3,0,3,1,4,3,0,1.7,69,2,15,27,27,4,69,6,2,33.3,3,50.0,36,160,77,2,2,0,5,2,40,9,0.0,0.0
Jakub Kiwior,DF,Arsenal,23,20,11,946.0,10.5,1,3,4,1,0,0,1,0,0.8,0.8,0.9,1.7,0.10,0.29,0.38,0.10,0.08,0.09,0.08,0.16,0.0,0.0,0.0,0.0,0.0,0.0,0.0,0.0,0.0,0.0,0.0,0.0,0.0,0.0,0.0,0.0,0.0,0.0,0.0,0.0,0.0,0.0,0.0,0.0,6,2,33.3,0.57,0.19,0.17,0.50,13.8,523,625,83.7,8555,3042,270,303,89.1,214,249,85.9,34,58,58.6,6,43,8,3,55,550,73,6,1,1,12,67,0,2,13,1.24,13,1.24,10,2,0,0,1,0,4,0.38,3,1,0,0,0,0,20,12,11,8,1,14,19,73.7,5,11,3,8,8,28,28,1,10.5,716,25,189,367,167,15,716,3,2,66.7,1,33.3,362,1264,681,4,8,1,8,2,462,16,58000,3016000
Jakub Moder,"MF,DF",Brighton,24,17,6,618.0,6.9,0,0,0,0,0,0,2,0,0.6,0.6,0.8,1.3,0.00,0.00,0.00,0.00,0.08,0.11,0.08,0.20,0.0,0.0,0.0,0.0,0.0,0.0,0.0,0.0,0.0,0.0,0.0,0.0,0.0,0.0,0.0,0.0,0.0,0.0,0.0,0.0,0.0,0.0,0.0,0.0,11,3,27.3,1.60,0.44,0.00,0.00,17.8,243,304,79.9,3263,908,150,165,90.9,75,94,79.8,5,14,35.7,4,15,3,0,23,292,9,2,1,0,6,6,0,3,13,1.89,13,1.89,11,0,1,1,0,0,1,0.15,1,0,0,0,0,0,19,10,9,5,5,9,18,50.0,9,8,2,6,2,21,12,0,6.9,388,23,106,180,106,14,388,12,6,50.0,5,41.7,218,985,423,10,8,2,11,6,259,26,10000,520000
Jamaal Lascelles,DF,Newcastle Utd,29,16,13,1080.0,12.0,1,0,1,1,0,0,4,0,0.7,0.7,0.1,0.8,0.08,0.00,0.08,0.08,0.06,0.01,0.06,0.07,0.0,0.0,0.0,0.0,0.0,0.0,0.0,0.0,0.0,0.0,0.0,0.0,0.0,0.0,0.0,0.0,0.0,0.0,0.0,0.0,0.0,0.0,0.0,0.0,6,1,16.7,0.50,0.08,0.17,1.00,9.3,669,774,86.4,11616,3694,252,275,91.6,383,421,91.0,29,61,47.5,2,38,1,0,31,764,8,6,0,3,1,2,0,2,8,0.67,8,0.67,7,0,0,0,1,0,0,0.00,0,0,0,0,0,0,14,9,7,7,0,6,11,54.5,5,17,12,5,5,19,42,0,12.0,872,101,397,437,41,20,872,3,1,33.3,1,33.3,519,2493,1461,8,6,0,2,4,634,3,40000,2080000
James Garner,MF,Everton,22,37,34,3004.0,33.4,1,2,3,1,0,0,7,0,2.7,2.7,4.6,7.3,0.03,0.06,0.09,0.03,0.08,0.14,0.08,0.22,0.0,0.0,0.0,0.0,0.0,0.0,0.0,0.0,0.0,0.0,0.0,0.0,0.0,0.0,0.0,0.0,0.0,0.0,0.0,0.0,0.0,0.0,0.0,0.0,41,10,24.4,1.23,0.30,0.02,0.10,22.1,958,1244,77.0,16067,4432,464,536,86.6,374,437,85.6,90,185,48.6,44,98,24,6,100,1082,155,36,4,6,112,14,59,7,98,2.94,98,2.94,58,22,3,6,4,5,8,0.24,3,1,0,1,1,2,83,44,32,38,13,35,82,42.7,47,45,14,31,45,128,47,1,33.4,1610,83,307,776,549,41,1610,41,19,46.3,16,39.0,736,3856,1657,36,37,5,33,10,857,76,30000,1560000
James Hill,DF,Bournemouth,21,5,1,76.0,0.8,0,0,0,0,0,0,0,0,0.0,0.0,0.0,0.0,0.00,0.00,0.00,0.00,0.00,0.00,0.00,0.00,0.0,0.0,0.0,0.0,0.0,0.0,0.0,0.0,0.0,0.0,0.0,0.0,0.0,0.0,0.0,0.0,0.0,0.0,0.0,0.0,0.0,0.0,0.0,0.0,0,0,,0.00,0.00,,,,28,42,66.7,542,243,13,16,81.3,8,13,61.5,5,10,50.0,0,6,0,0,5,34,8,0,0,0,0,8,0,0,1,1.18,1,1.18,1,0,0,0,0,0,0,0.00,0,0,0,0,0,0,3,2,1,2,0,1,1,100.0,0,3,2,1,3,6,8,0,0.8,62,10,26,24,12,0,62,1,0,0.0,1,100.0,18,41,7,0,1,0,1,1,20,1,3000,156000
James Maddison,MF,Tottenham,26,28,26,2135.0,23.7,4,9,13,4,0,0,5,0,6.4,6.4,5.9,12.4,0.17,0.38,0.55,0.17,0.27,0.25,0.27,0.52,0.0,0.0,0.0,0.0,0.0,0.0,0.0,0.0,0.0,0.0,0.0,0.0,0.0,0.0,0.0,0.0,0.0,0.0,0.0,0.0,0.0,0.0,0.0,0.0,58,23,39.7,2.44,0.97,0.07,0.17,19.2,1210,1500,80.7,19513,6251,631,684,92.3,457,557,82.0,94,180,52.2,67,130,59,3,224,1322,167,59,14,6,133,10,96,11,161,6.79,161,6.79,110,22,10,6,10,3,19,0.80,13,1,2,1,1,1,33,19,5,18,10,15,29,51.7,14,15,3,12,13,46,10,1,23.7,1748,24,136,774,852,112,1748,81,32,39.5,34,42.0,1251,6395,2589,58,60,31,35,34,1430,156,170000,8840000
James McConnell,MF,Liverpool,18,3,0,4.0,0.0,0,0,0,0,0,0,0,0,0.0,0.0,0.0,0.0,0.00,0.00,0.00,0.00,0.00,0.00,0.00,0.00,0.0,0.0,0.0,0.0,0.0,0.0,0.0,0.0,0.0,0.0,0.0,0.0,0.0,0.0,0.0,0.0,0.0,0.0,0.0,0.0,0.0,0.0,0.0,0.0,0,0,,0.00,0.00,,,,5,6,83.3,93,29,2,2,100.0,3,3,100.0,0,0,,0,0,0,0,1,6,0,0,0,0,0,0,0,0,0,0.00,0,0.00,0,0,0,0,0,0,0,0.00,0,0,0,0,0,0,0,0,0,0,0,0,0,,0,1,0,1,1,1,0,0,0.0,10,0,1,7,2,0,10,1,0,0.0,0,0.0,5,47,11,0,1,0,1,0,6,0,0.0,0.0
James Mcatee,"MF,FW",Sheffield Utd,20,30,20,1822.0,20.2,3,3,6,2,1,1,2,0,3.1,2.3,2.9,5.2,0.15,0.15,0.30,0.10,0.15,0.15,0.11,0.26,0.0,0.0,0.0,0.0,0.0,0.0,0.0,0.0,0.0,0.0,0.0,0.0,0.0,0.0,0.0,0.0,0.0,0.0,0.0,0.0,0.0,0.0,0.0,0.0,25,8,32.0,1.23,0.40,0.08,0.25,18.6,362,530,68.3,5320,1456,209,263,79.5,113,168,67.3,25,56,44.6,28,30,25,3,51,484,42,7,6,1,36,1,7,4,60,2.97,60,2.97,45,4,5,4,2,0,3,0.15,3,0,0,0,0,0,32,21,9,13,10,13,33,39.4,20,20,0,20,11,43,18,0,20.2,784,23,119,315,366,68,783,92,33,35.9,52,56.5,451,3244,1450,56,33,18,49,40,475,110,0.0,0.0
James Mcatee,MF,Manchester City,20,1,0,1.0,0.0,0,0,0,0,0,0,0,0,0.0,0.0,0.0,0.0,0.00,0.00,0.00,0.00,0.00,0.00,0.00,0.00,0.0,0.0,0.0,0.0,0.0,0.0,0.0,0.0,0.0,0.0,0.0,0.0,0.0,0.0,0.0,0.0,0.0,0.0,0.0,0.0,0.0,0.0,0.0,0.0,25,8,32.0,1.23,0.40,0.08,0.25,18.6,362,530,68.3,5320,1456,209,263,79.5,113,168,67.3,25,56,44.6,28,30,25,3,51,484,42,7,6,1,36,1,7,4,60,2.97,60,2.97,45,4,5,4,2,0,3,0.15,3,0,0,0,0,0,32,21,9,13,10,13,33,39.4,20,20,0,20,11,43,18,0,20.2,784,23,119,315,366,68,783,92,33,35.9,52,56.5,451,3244,1450,56,33,18,49,40,475,110,0.0,0.0
James Milner,"DF,MF",Brighton,37,15,11,773.0,8.6,0,2,2,0,0,0,3,0,0.3,0.3,1.8,2.0,0.00,0.23,0.23,0.00,0.03,0.21,0.03,0.24,0.0,0.0,0.0,0.0,0.0,0.0,0.0,0.0,0.0,0.0,0.0,0.0,0.0,0.0,0.0,0.0,0.0,0.0,0.0,0.0,0.0,0.0,0.0,0.0,5,1,20.0,0.58,0.12,0.00,0.00,17.2,492,585,84.1,7622,2496,269,297,90.6,181,210,86.2,27,46,58.7,16,46,17,6,69,516,66,7,4,2,29,53,6,3,24,2.79,24,2.79,20,4,0,0,0,0,2,0.23,0,2,0,0,0,0,20,14,9,10,1,9,14,64.3,5,9,0,9,8,28,16,0,8.6,675,25,135,300,245,17,675,8,3,37.5,4,50.0,395,1230,562,11,6,4,11,6,457,73,60000,3120000
James Shea,GK,Luton Town,32,1,0,15.0,0.2,0,0,0,0,0,0,0,0,0.0,0.0,0.0,0.0,0.00,0.00,0.00,0.00,0.00,0.00,0.00,0.00,0.00,2,2,100.0,0,,0.1,0.06,3,6,50.0,6,1,83.3,50.8,3,33.3,37.3,3,0,0.0,1,6.00,19.0,0,0,,0.00,0.00,,,,6,9,66.7,239,215,0,0,,3,3,100.0,3,6,50.0,0,1,0,0,0,5,4,1,0,0,0,0,0,0,0,0.00,0,0.00,0,0,0,0,0,0,0,0.00,0,0,0,0,0,0,0,0,0,0,0,0,0,,0,0,0,0,0,0,2,0,0.2,11,8,11,0,0,0,11,0,0,,0,,3,29,26,0,0,0,0,0,3,0,7500,390000
James Tarkowski,DF,Everton,30,38,38,3419.0,38.0,1,1,2,1,0,0,11,0,2.6,2.6,2.5,5.1,0.03,0.03,0.05,0.03,0.07,0.06,0.07,0.13,0.0,0.0,0.0,0.0,0.0,0.0,0.0,0.0,0.0,0.0,0.0,0.0,0.0,0.0,0.0,0.0,0.0,0.0,0.0,0.0,0.0,0.0,0.0,0.0,25,4,16.0,0.66,0.11,0.04,0.25,9.9,1195,1550,77.1,25219,10527,396,474,83.5,588,683,86.1,196,335,58.5,22,127,23,3,130,1485,52,45,1,22,6,6,0,13,44,1.16,44,1.16,38,0,1,4,0,1,3,0.08,3,0,0,0,0,0,61,42,46,14,1,27,48,56.3,21,82,56,26,56,117,191,2,38.0,2014,352,1000,848,179,84,2014,20,16,80.0,4,20.0,918,5010,3073,15,12,0,16,16,1076,20,100000,5200000
James Tomkins,DF,Crystal Palace,34,4,0,10.0,0.1,0,0,0,0,0,0,0,0,0.0,0.0,0.0,0.0,0.00,0.00,0.00,0.00,0.00,0.00,0.00,0.00,0.0,0.0,0.0,0.0,0.0,0.0,0.0,0.0,0.0,0.0,0.0,0.0,0.0,0.0,0.0,0.0,0.0,0.0,0.0,0.0,0.0,0.0,0.0,0.0,0,0,,0.00,0.00,,,,18,21,85.7,362,142,8,9,88.9,6,8,75.0,4,4,100.0,0,1,0,0,1,21,0,0,0,0,0,0,0,0,0,0.00,0,0.00,0,0,0,0,0,0,0,0.00,0,0,0,0,0,0,0,0,0,0,0,0,0,,0,0,0,0,1,1,0,0,0.1,25,2,11,12,2,0,25,0,0,,0,,8,26,12,0,0,0,0,0,13,0,50000,2600000
James Trafford,GK,Burnley,20,28,28,2520.0,28.0,0,0,0,0,0,0,2,0,0.0,0.0,0.0,0.0,0.00,0.00,0.00,0.00,0.00,0.00,0.00,0.00,2.21,166,106,65.7,2,7.1,54.1,0.30,138,606,22.8,1332,162,33.9,31.3,198,78.3,54.2,419,30,7.2,43,1.54,15.0,0,0,,0.00,0.00,,,,1009,1541,65.5,23601,16311,318,323,98.5,451,464,97.2,235,735,32.0,0,24,1,0,6,1203,327,129,1,5,0,0,0,11,7,0.25,7,0.25,3,4,0,0,0,0,1,0.04,0,1,0,0,0,0,2,1,2,0,0,2,2,100.0,0,0,0,0,1,3,18,1,28.0,1631,1036,1559,72,0,0,1631,2,2,100.0,0,0.0,1009,4620,2156,0,0,0,1,0,932,0,25000,1300000
James Ward-Prowse,MF,West Ham,28,37,34,3001.0,33.3,7,7,14,5,2,2,4,0,6.0,4.4,7.8,12.3,0.21,0.21,0.42,0.15,0.18,0.23,0.13,0.37,0.0,0.0,0.0,0.0,0.0,0.0,0.0,0.0,0.0,0.0,0.0,0.0,0.0,0.0,0.0,0.0,0.0,0.0,0.0,0.0,0.0,0.0,0.0,0.0,42,16,38.1,1.26,0.48,0.12,0.31,22.8,1386,1672,82.9,23288,7105,702,762,92.1,520,570,91.2,134,270,49.6,64,137,23,8,144,1422,242,80,2,16,189,3,119,8,116,3.48,116,3.48,57,51,1,4,1,2,16,0.48,7,7,0,2,0,0,45,29,14,23,8,18,44,40.9,26,31,9,22,38,83,49,0,33.3,1923,76,375,1001,558,32,1920,21,11,52.4,7,33.3,911,3951,1606,18,26,6,15,11,1155,63,115000,5980000
Jamie Donley,FW,Tottenham,18,3,0,3.0,0.0,0,0,0,0,0,0,1,0,0.0,0.0,0.0,0.0,0.00,0.00,0.00,0.00,0.00,0.00,0.00,0.00,0.0,0.0,0.0,0.0,0.0,0.0,0.0,0.0,0.0,0.0,0.0,0.0,0.0,0.0,0.0,0.0,0.0,0.0,0.0,0.0,0.0,0.0,0.0,0.0,0,0,,0.00,0.00,,,,1,1,100.0,14,0,1,1,100.0,0,0,,0,0,,0,0,0,0,0,0,1,0,0,0,0,0,0,0,0,0.00,0,0.00,0,0,0,0,0,0,0,0.00,0,0,0,0,0,0,0,0,0,0,0,0,0,,0,0,0,0,0,0,3,0,0.0,7,2,4,2,1,0,7,1,0,0.0,1,100.0,2,9,8,0,0,0,0,1,1,0,0.0,0.0
Jan Paul van Hecke,DF,Brighton,23,28,26,2369.0,26.3,0,0,0,0,0,0,4,0,1.2,1.2,0.9,2.1,0.00,0.00,0.00,0.00,0.05,0.03,0.05,0.08,0.0,0.0,0.0,0.0,0.0,0.0,0.0,0.0,0.0,0.0,0.0,0.0,0.0,0.0,0.0,0.0,0.0,0.0,0.0,0.0,0.0,0.0,0.0,0.0,15,6,40.0,0.57,0.23,0.00,0.00,11.3,2225,2415,92.1,38300,14722,939,991,94.8,1109,1181,93.9,136,186,73.1,10,156,10,1,147,2344,65,42,3,6,4,6,0,6,37,1.41,37,1.41,35,0,0,1,0,1,3,0.11,3,0,0,0,0,0,47,26,25,19,3,27,45,60.0,18,49,27,22,30,77,76,4,26.3,2668,324,1209,1311,157,20,2668,9,5,55.6,2,22.2,1918,10198,6274,25,41,2,16,3,2080,7,30000,1560000
Jarell Quansah,DF,Liverpool,20,17,13,1190.0,13.2,2,0,2,2,0,0,1,0,1.0,1.0,0.1,1.1,0.15,0.00,0.15,0.15,0.08,0.01,0.08,0.08,0.0,0.0,0.0,0.0,0.0,0.0,0.0,0.0,0.0,0.0,0.0,0.0,0.0,0.0,0.0,0.0,0.0,0.0,0.0,0.0,0.0,0.0,0.0,0.0,6,4,66.7,0.45,0.30,0.33,0.50,10.6,1038,1172,88.6,18672,6199,368,392,93.9,595,633,94.0,61,115,53.0,3,69,1,0,67,1147,22,16,1,5,0,4,0,3,13,0.98,13,0.98,13,0,0,0,0,0,1,0.08,1,0,0,0,0,0,25,22,17,7,1,14,20,70.0,6,16,8,8,17,42,39,1,13.2,1284,92,521,724,46,8,1284,7,4,57.1,3,42.9,894,4943,2497,13,10,0,3,2,952,1,15000,780000
Jarrad Branthwaite,DF,Everton,21,35,35,3116.0,34.6,3,0,3,3,0,0,8,0,1.7,1.7,1.0,2.8,0.09,0.00,0.09,0.09,0.05,0.03,0.05,0.08,0.0,0.0,0.0,0.0,0.0,0.0,0.0,0.0,0.0,0.0,0.0,0.0,0.0,0.0,0.0,0.0,0.0,0.0,0.0,0.0,0.0,0.0,0.0,0.0,14,4,28.6,0.40,0.12,0.21,0.75,11.6,1105,1385,79.8,20561,8048,440,507,86.8,531,612,86.8,115,212,54.2,4,60,1,0,74,1366,13,6,0,6,1,7,0,6,25,0.72,25,0.72,20,0,0,1,3,1,4,0.12,3,0,0,0,1,0,66,32,42,22,2,45,62,72.6,17,51,36,15,50,116,163,2,34.6,1791,307,961,777,61,39,1791,8,5,62.5,2,25.0,759,3161,1557,2,5,1,20,2,903,6,35000,1820000
Jarrod Bowen,FW,West Ham,26,34,34,3019.0,33.5,16,6,22,16,0,0,2,0,11.6,11.6,5.5,17.2,0.48,0.18,0.66,0.48,0.35,0.16,0.35,0.51,0.0,0.0,0.0,0.0,0.0,0.0,0.0,0.0,0.0,0.0,0.0,0.0,0.0,0.0,0.0,0.0,0.0,0.0,0.0,0.0,0.0,0.0,0.0,0.0,84,37,44.0,2.50,1.10,0.19,0.43,14.2,484,702,68.9,6899,1825,284,341,83.3,141,188,75.0,34,71,47.9,31,29,13,3,52,641,59,2,5,3,75,3,32,2,81,2.42,81,2.42,55,7,6,5,6,2,12,0.36,9,1,0,1,0,1,42,28,14,14,14,13,35,37.1,22,37,5,32,19,61,14,0,33.5,1094,20,135,410,571,174,1094,97,34,35.1,55,56.7,666,4859,2141,90,40,49,79,58,745,186,120000,6240000
Jason Steele,GK,Brighton,32,17,17,1530.0,17.0,0,0,0,0,0,0,0,0,0.0,0.0,0.0,0.0,0.00,0.00,0.00,0.00,0.00,0.00,0.00,0.00,2.00,74,42,58.1,2,11.8,25.7,0.32,47,132,35.6,617,69,20.1,26.6,54,14.8,18.8,173,7,4.0,41,2.41,20.6,0,0,,0.00,0.00,,,,570,673,84.7,12217,8275,185,186,99.5,265,270,98.1,111,206,53.9,0,3,0,0,0,607,64,10,0,1,0,0,0,2,0,0.00,0,0.00,0,0,0,0,0,0,0,0.00,0,0,0,0,0,0,0,0,0,0,0,0,3,0.0,3,0,0,0,0,0,8,1,17.0,711,630,706,5,0,0,711,0,0,,0,,490,1912,977,0,0,0,0,0,475,0,20000,1040000
Jay Rodriguez,FW,Burnley,34,21,7,822.0,9.1,2,1,3,1,1,1,0,0,3.5,2.7,0.2,2.9,0.22,0.11,0.33,0.11,0.38,0.02,0.30,0.32,0.0,0.0,0.0,0.0,0.0,0.0,0.0,0.0,0.0,0.0,0.0,0.0,0.0,0.0,0.0,0.0,0.0,0.0,0.0,0.0,0.0,0.0,0.0,0.0,21,7,33.3,2.30,0.77,0.05,0.14,12.9,142,216,65.7,1958,396,89,119,74.8,36,52,69.2,9,27,33.3,4,16,2,0,17,216,0,0,1,4,1,0,0,0,13,1.42,13,1.42,7,0,2,4,0,0,1,0.11,1,0,0,0,0,0,14,9,7,4,3,7,13,53.8,6,11,1,10,1,15,8,0,9.1,314,11,48,165,101,24,313,9,6,66.7,3,33.3,152,441,137,2,3,1,20,5,225,28,40000,2080000
Jayden Bogle,DF,Sheffield Utd,23,34,32,2788.0,31.0,3,0,3,3,0,0,9,0,2.3,2.3,1.0,3.3,0.10,0.00,0.10,0.10,0.07,0.03,0.07,0.11,0.0,0.0,0.0,0.0,0.0,0.0,0.0,0.0,0.0,0.0,0.0,0.0,0.0,0.0,0.0,0.0,0.0,0.0,0.0,0.0,0.0,0.0,0.0,0.0,32,11,34.4,1.03,0.36,0.09,0.27,16.2,684,969,70.6,10589,3926,405,473,85.6,216,301,71.8,51,124,41.1,10,45,20,5,60,803,164,8,1,3,40,155,0,2,33,1.07,33,1.07,26,1,3,1,2,0,1,0.03,0,0,0,1,0,0,66,36,43,21,2,35,70,50.0,35,42,11,31,32,98,97,0,31.0,1376,145,531,537,330,55,1376,60,25,41.7,27,45.0,592,3521,1441,38,32,11,51,27,677,92,20000,1040000
Jayden Danns,FW,Liverpool,17,2,0,9.0,0.1,0,0,0,0,0,0,1,0,0.0,0.0,0.0,0.0,0.00,0.00,0.00,0.00,0.00,0.00,0.00,0.00,0.0,0.0,0.0,0.0,0.0,0.0,0.0,0.0,0.0,0.0,0.0,0.0,0.0,0.0,0.0,0.0,0.0,0.0,0.0,0.0,0.0,0.0,0.0,0.0,0,0,,0.00,0.00,,,,5,7,71.4,73,16,3,4,75.0,2,3,66.7,0,0,,0,0,1,0,1,7,0,0,1,0,0,0,0,0,0,0.00,0,0.00,0,0,0,0,0,0,0,0.00,0,0,0,0,0,0,0,0,0,0,0,0,0,,0,0,0,0,0,0,0,0,0.1,7,0,0,3,4,0,7,0,0,,0,,3,11,5,0,1,0,0,0,4,2,0.0,0.0
Jaïro Riedewald,"MF,FW",Crystal Palace,26,9,2,235.0,2.6,0,0,0,0,0,0,0,0,0.0,0.0,0.0,0.0,0.00,0.00,0.00,0.00,0.01,0.00,0.01,0.01,0.0,0.0,0.0,0.0,0.0,0.0,0.0,0.0,0.0,0.0,0.0,0.0,0.0,0.0,0.0,0.0,0.0,0.0,0.0,0.0,0.0,0.0,0.0,0.0,1,0,0.0,0.38,0.00,0.00,,14.5,87,113,77.0,1422,331,37,42,88.1,40,46,87.0,5,13,38.5,0,5,2,0,10,104,7,5,0,0,3,0,2,2,1,0.38,1,0.38,1,0,0,0,0,0,0,0.00,0,0,0,0,0,0,9,3,2,4,3,3,6,50.0,3,0,0,0,2,11,2,0,2.6,138,3,23,79,37,6,138,3,1,33.3,2,66.7,63,243,79,3,0,2,4,2,84,3,55000,2860000
Jean-Philippe Mateta,FW,Crystal Palace,26,35,25,2282.0,25.4,16,5,21,14,2,2,3,0,10.9,9.4,3.1,12.5,0.63,0.20,0.83,0.55,0.43,0.12,0.37,0.49,0.0,0.0,0.0,0.0,0.0,0.0,0.0,0.0,0.0,0.0,0.0,0.0,0.0,0.0,0.0,0.0,0.0,0.0,0.0,0.0,0.0,0.0,0.0,0.0,44,25,56.8,1.74,0.99,0.32,0.56,12.7,309,433,71.4,4043,785,195,245,79.6,75,112,67.0,13,14,92.9,32,11,14,4,25,421,12,0,1,3,20,0,0,0,65,2.56,65,2.56,48,0,5,6,4,2,12,0.47,8,0,1,1,2,0,22,15,4,11,7,6,10,60.0,4,13,4,9,4,26,14,0,25.4,725,19,66,303,373,102,723,65,25,38.5,36,55.4,427,2104,740,29,15,14,89,78,539,135,50000,2600000
Jean-Ricner Bellegarde,"MF,FW",Wolves,25,22,10,958.0,10.6,2,1,3,2,0,0,0,1,1.6,1.6,1.0,2.5,0.19,0.09,0.28,0.19,0.15,0.09,0.15,0.24,0.0,0.0,0.0,0.0,0.0,0.0,0.0,0.0,0.0,0.0,0.0,0.0,0.0,0.0,0.0,0.0,0.0,0.0,0.0,0.0,0.0,0.0,0.0,0.0,15,5,33.3,1.41,0.47,0.13,0.40,16.5,241,314,76.8,3452,786,144,161,89.4,76,98,77.6,14,29,48.3,12,17,7,0,39,297,15,4,1,0,30,1,6,2,30,2.81,30,2.81,20,2,6,1,1,0,2,0.19,1,0,1,0,0,0,17,10,9,6,2,7,15,46.7,8,18,2,16,8,25,14,0,10.6,478,25,86,201,199,30,478,39,17,43.6,17,43.6,268,1850,880,30,28,5,25,19,302,49,35000,1820000
Jefferson Lerma,"MF,DF",Crystal Palace,28,28,27,2400.0,26.7,1,1,2,1,0,0,8,0,2.7,2.7,2.2,4.8,0.04,0.04,0.07,0.04,0.10,0.08,0.10,0.18,0.0,0.0,0.0,0.0,0.0,0.0,0.0,0.0,0.0,0.0,0.0,0.0,0.0,0.0,0.0,0.0,0.0,0.0,0.0,0.0,0.0,0.0,0.0,0.0,34,9,26.5,1.27,0.34,0.03,0.11,19.7,1018,1250,81.4,15825,5095,554,625,88.6,371,448,82.8,65,114,57.0,24,109,20,3,106,1209,36,30,8,13,14,6,0,5,55,2.06,55,2.06,49,0,1,3,1,1,4,0.15,4,0,0,0,0,0,42,25,15,23,4,19,40,47.5,21,31,12,19,36,78,72,0,26.7,1513,99,413,822,290,40,1513,20,11,55.0,6,30.0,735,3033,1410,14,17,2,26,14,893,51,70000,3640000
Jeffrey Schlupp,"FW,MF",Crystal Palace,30,29,17,1352.0,15.0,2,2,4,2,0,0,1,0,1.8,1.8,2.3,4.1,0.13,0.13,0.27,0.13,0.12,0.15,0.12,0.27,0.0,0.0,0.0,0.0,0.0,0.0,0.0,0.0,0.0,0.0,0.0,0.0,0.0,0.0,0.0,0.0,0.0,0.0,0.0,0.0,0.0,0.0,0.0,0.0,19,11,57.9,1.26,0.73,0.11,0.18,19.4,247,334,74.0,3498,903,146,182,80.2,88,106,83.0,7,25,28.0,19,17,9,2,33,329,4,2,0,0,10,0,0,1,28,1.86,28,1.86,21,0,2,1,2,2,3,0.20,3,0,0,0,0,0,38,24,14,16,8,9,18,50.0,9,13,2,11,8,46,24,0,15.0,536,22,110,249,185,27,536,41,17,41.5,20,48.8,288,1372,626,20,10,6,41,23,338,52,50000,2600000
Jeremy Doku,"FW,MF",Manchester City,21,29,18,1595.0,17.7,3,8,11,3,0,0,3,0,2.5,2.5,4.6,7.1,0.17,0.45,0.62,0.17,0.14,0.26,0.14,0.40,0.0,0.0,0.0,0.0,0.0,0.0,0.0,0.0,0.0,0.0,0.0,0.0,0.0,0.0,0.0,0.0,0.0,0.0,0.0,0.0,0.0,0.0,0.0,0.0,55,19,34.5,3.10,1.07,0.05,0.16,16.4,693,852,81.3,9699,1538,452,507,89.2,198,254,78.0,26,33,78.8,45,14,40,7,57,844,8,0,2,2,61,5,3,0,111,6.26,111,6.26,82,1,17,6,5,0,15,0.85,10,0,2,1,2,0,39,22,13,12,14,9,20,45.0,11,14,0,14,9,48,5,0,17.7,1161,5,76,275,825,226,1161,169,87,51.5,64,37.9,879,7535,4884,218,61,147,52,37,937,295,50000,2600000
Jesurun Rak Sakyi,"MF,FW",Crystal Palace,20,6,0,136.0,1.5,0,0,0,0,0,0,0,0,0.4,0.4,0.2,0.6,0.00,0.00,0.00,0.00,0.28,0.10,0.28,0.38,0.0,0.0,0.0,0.0,0.0,0.0,0.0,0.0,0.0,0.0,0.0,0.0,0.0,0.0,0.0,0.0,0.0,0.0,0.0,0.0,0.0,0.0,0.0,0.0,5,1,20.0,3.31,0.66,0.00,0.00,15.5,37,50,74.0,535,79,24,28,85.7,11,16,68.8,2,3,66.7,2,2,0,0,2,50,0,0,0,0,3,0,0,0,6,3.97,6,3.97,4,0,2,0,0,0,0,0.00,0,0,0,0,0,0,4,1,3,1,0,2,3,66.7,1,2,0,2,3,7,1,0,1.5,77,1,10,19,48,13,77,10,4,40.0,5,50.0,46,252,145,7,3,5,4,3,54,18,0.0,0.0
Jimi Tauriainen,FW,Chelsea,19,1,0,1.0,0.0,0,0,0,0,0,0,0,0,0.0,0.0,0.0,0.0,0.00,0.00,0.00,0.00,0.00,0.00,0.00,0.00,0.0,0.0,0.0,0.0,0.0,0.0,0.0,0.0,0.0,0.0,0.0,0.0,0.0,0.0,0.0,0.0,0.0,0.0,0.0,0.0,0.0,0.0,0.0,0.0,0,0,,0.00,0.00,,,,0,0,,0,0,0,0,,0,0,,0,0,,0,0,0,0,0,0,0,0,0,0,0,0,0,0,0,0.00,0,0.00,0,0,0,0,0,0,0,0.00,0,0,0,0,0,0,0,0,0,0,0,0,0,,0,0,0,0,0,0,0,0,0.0,1,1,1,0,0,0,1,0,0,,0,,0,0,0,0,0,0,0,0,0,0,0.0,0.0
Joachim Andersen,DF,Crystal Palace,27,38,38,3415.0,37.9,2,3,5,2,0,0,7,0,1.7,1.7,2.8,4.5,0.05,0.08,0.13,0.05,0.04,0.07,0.04,0.12,0.0,0.0,0.0,0.0,0.0,0.0,0.0,0.0,0.0,0.0,0.0,0.0,0.0,0.0,0.0,0.0,0.0,0.0,0.0,0.0,0.0,0.0,0.0,0.0,21,8,38.1,0.55,0.21,0.10,0.25,12.8,1731,2209,78.4,37874,14700,488,559,87.3,950,1041,91.3,281,547,51.4,20,171,17,8,147,2073,121,110,7,31,31,8,0,15,47,1.24,47,1.24,41,1,0,3,0,2,5,0.13,5,0,0,0,0,0,56,35,33,21,2,29,39,74.4,10,33,18,15,41,97,207,1,37.9,2609,337,1320,1160,140,44,2609,23,14,60.9,6,26.1,1367,7243,4207,21,11,0,11,6,1604,10,80000,4160000
Joe Gomez,DF,Liverpool,26,32,17,1786.0,19.8,0,1,1,0,0,0,5,0,0.8,0.8,1.3,2.1,0.00,0.05,0.05,0.00,0.04,0.07,0.04,0.10,0.0,0.0,0.0,0.0,0.0,0.0,0.0,0.0,0.0,0.0,0.0,0.0,0.0,0.0,0.0,0.0,0.0,0.0,0.0,0.0,0.0,0.0,0.0,0.0,19,2,10.5,0.96,0.10,0.00,0.00,19.9,1114,1345,82.8,18984,5116,519,574,90.4,497,585,85.0,83,131,63.4,22,83,20,7,100,1172,169,14,3,9,39,153,0,4,51,2.57,51,2.57,43,0,1,4,3,0,5,0.25,4,0,0,1,0,0,47,31,24,16,7,30,63,47.6,33,26,4,22,19,66,50,2,19.8,1564,85,371,832,375,28,1564,32,15,46.9,12,37.5,891,4686,2313,44,34,3,25,11,979,105,85000,4420000
Joe Rothwell,MF,Bournemouth,28,11,3,386.0,4.3,0,0,0,0,0,0,0,0,0.1,0.1,0.2,0.3,0.00,0.00,0.00,0.00,0.02,0.06,0.02,0.08,0.0,0.0,0.0,0.0,0.0,0.0,0.0,0.0,0.0,0.0,0.0,0.0,0.0,0.0,0.0,0.0,0.0,0.0,0.0,0.0,0.0,0.0,0.0,0.0,2,0,0.0,0.47,0.00,0.00,,22.7,179,216,82.9,3185,863,65,68,95.6,100,108,92.6,10,30,33.3,4,20,1,0,20,194,20,11,0,1,12,0,8,2,12,2.80,12,2.80,6,3,1,1,1,0,1,0.23,1,0,0,0,0,0,7,2,4,2,1,2,8,25.0,6,4,2,2,3,10,2,0,4.3,251,8,49,147,56,1,251,13,7,53.8,4,30.8,140,862,437,6,4,0,5,2,155,3,8000,416000
Joe White,MF,Newcastle Utd,20,4,0,13.0,0.1,0,0,0,0,0,0,1,0,0.0,0.0,0.0,0.0,0.00,0.00,0.00,0.00,0.00,0.00,0.00,0.00,0.0,0.0,0.0,0.0,0.0,0.0,0.0,0.0,0.0,0.0,0.0,0.0,0.0,0.0,0.0,0.0,0.0,0.0,0.0,0.0,0.0,0.0,0.0,0.0,0,0,,0.00,0.00,,,,11,12,91.7,172,48,7,8,87.5,3,3,100.0,1,1,100.0,0,2,0,0,3,12,0,0,0,0,0,0,0,0,0,0.00,0,0.00,0,0,0,0,0,0,0,0.00,0,0,0,0,0,0,1,1,1,0,0,0,0,,0,0,0,0,0,1,0,0,0.1,13,1,3,6,4,0,13,0,0,,0,,9,80,41,2,0,0,0,0,9,3,0.0,0.0
Joe Willock,MF,Newcastle Utd,23,9,5,419.0,4.7,1,0,1,1,0,0,0,0,0.8,0.8,0.6,1.4,0.21,0.00,0.21,0.21,0.17,0.12,0.17,0.30,0.0,0.0,0.0,0.0,0.0,0.0,0.0,0.0,0.0,0.0,0.0,0.0,0.0,0.0,0.0,0.0,0.0,0.0,0.0,0.0,0.0,0.0,0.0,0.0,7,3,42.9,1.50,0.64,0.14,0.33,10.9,136,164,82.9,2092,658,76,82,92.7,42,55,76.4,12,16,75.0,7,16,3,1,17,158,5,1,1,2,6,4,0,1,13,2.80,13,2.80,11,0,0,2,0,0,1,0.22,1,0,0,0,0,0,13,7,7,6,0,4,11,36.4,7,7,0,7,1,14,1,0,4.7,225,3,42,107,80,18,225,18,7,38.9,11,61.1,133,891,490,16,5,5,14,6,156,26,80000,4160000
Joe Worrall,DF,Nott'ham Forest,26,7,5,439.0,4.9,0,0,0,0,0,0,0,1,0.1,0.1,0.2,0.3,0.00,0.00,0.00,0.00,0.02,0.04,0.02,0.06,0.0,0.0,0.0,0.0,0.0,0.0,0.0,0.0,0.0,0.0,0.0,0.0,0.0,0.0,0.0,0.0,0.0,0.0,0.0,0.0,0.0,0.0,0.0,0.0,2,0,0.0,0.41,0.00,0.00,,10.6,138,164,84.1,2910,1068,25,30,83.3,98,105,93.3,14,27,51.9,2,5,0,0,8,157,7,4,0,1,0,3,0,0,3,0.62,3,0.62,2,0,0,1,0,0,1,0.21,1,0,0,0,0,0,7,5,6,1,0,3,6,50.0,3,5,4,1,3,10,32,1,4.9,216,55,138,72,8,7,216,0,0,,0,,105,410,111,0,0,0,0,0,124,1,50000,2600000
Joel Ward,DF,Crystal Palace,33,26,23,1980.0,22.0,0,1,1,0,0,0,4,0,0.9,0.9,0.2,1.1,0.00,0.05,0.05,0.00,0.04,0.01,0.04,0.05,0.0,0.0,0.0,0.0,0.0,0.0,0.0,0.0,0.0,0.0,0.0,0.0,0.0,0.0,0.0,0.0,0.0,0.0,0.0,0.0,0.0,0.0,0.0,0.0,10,0,0.0,0.45,0.00,0.00,,18.0,715,944,75.7,11829,5634,358,396,90.4,301,372,80.9,46,134,34.3,3,68,7,3,66,804,139,21,1,3,22,118,0,1,16,0.73,16,0.73,13,2,0,1,0,0,3,0.14,2,1,0,0,0,0,45,28,26,18,1,30,47,63.8,17,17,10,7,14,59,94,1,22.0,1167,107,437,551,187,10,1167,12,8,66.7,4,33.3,490,2018,1015,16,9,0,12,3,599,14,35000,1820000
Joelinton,"MF,FW",Newcastle Utd,26,20,15,1279.0,14.2,2,1,3,2,0,0,6,0,3.1,3.1,2.8,5.9,0.14,0.07,0.21,0.14,0.22,0.20,0.22,0.41,0.0,0.0,0.0,0.0,0.0,0.0,0.0,0.0,0.0,0.0,0.0,0.0,0.0,0.0,0.0,0.0,0.0,0.0,0.0,0.0,0.0,0.0,0.0,0.0,19,7,36.8,1.34,0.49,0.11,0.29,15.5,524,627,83.6,7295,1898,312,350,89.1,166,191,86.9,19,25,76.0,23,38,9,0,56,600,25,18,3,2,2,7,0,2,47,3.30,47,3.30,37,0,6,4,0,0,3,0.21,2,0,0,1,0,0,39,27,21,15,3,14,38,36.8,24,23,7,16,19,58,11,1,14.2,808,37,152,410,253,38,808,35,17,48.6,11,31.4,436,2159,1061,29,24,6,22,28,583,60,85000,4420000
John Egan,DF,Sheffield Utd,30,6,6,482.0,5.4,0,0,0,0,0,0,2,0,0.2,0.2,0.0,0.2,0.00,0.00,0.00,0.00,0.03,0.00,0.03,0.03,0.0,0.0,0.0,0.0,0.0,0.0,0.0,0.0,0.0,0.0,0.0,0.0,0.0,0.0,0.0,0.0,0.0,0.0,0.0,0.0,0.0,0.0,0.0,0.0,3,1,33.3,0.56,0.19,0.00,0.00,10.3,128,185,69.2,2449,988,38,49,77.6,79,92,85.9,9,38,23.7,0,5,1,0,5,181,2,2,0,0,0,0,0,2,1,0.19,1,0.19,0,0,0,1,0,0,0,0.00,0,0,0,0,0,0,6,4,4,2,0,4,11,36.4,7,10,4,6,13,19,39,1,5.4,257,58,163,81,13,9,257,0,0,,0,,106,485,233,0,2,0,2,1,133,1,12500,650000
John Fleck,"MF,DF",Sheffield Utd,31,4,1,92.0,1.0,0,0,0,0,0,0,1,0,0.0,0.0,0.4,0.4,0.00,0.00,0.00,0.00,0.00,0.44,0.00,0.44,0.0,0.0,0.0,0.0,0.0,0.0,0.0,0.0,0.0,0.0,0.0,0.0,0.0,0.0,0.0,0.0,0.0,0.0,0.0,0.0,0.0,0.0,0.0,0.0,0,0,,0.00,0.00,,,,29,40,72.5,408,88,21,27,77.8,7,9,77.8,1,2,50.0,2,1,1,0,3,36,4,2,1,0,0,0,0,0,4,3.91,4,3.91,4,0,0,0,0,0,0,0.00,0,0,0,0,0,0,1,0,0,1,0,0,1,0.0,1,0,0,0,0,1,1,0,1.0,49,3,10,29,11,1,49,1,0,0.0,0,0.0,19,81,39,2,1,0,2,0,27,0,25000,1300000
John McGinn,"MF,FW",Aston Villa,28,35,35,2999.0,33.3,6,4,10,6,0,0,9,1,5.0,5.0,4.6,9.6,0.18,0.12,0.30,0.18,0.15,0.14,0.15,0.29,0.0,0.0,0.0,0.0,0.0,0.0,0.0,0.0,0.0,0.0,0.0,0.0,0.0,0.0,0.0,0.0,0.0,0.0,0.0,0.0,0.0,0.0,0.0,0.0,40,14,35.0,1.20,0.42,0.15,0.43,19.5,972,1223,79.5,17953,5844,434,489,88.8,396,462,85.7,130,217,59.9,44,124,52,14,189,1137,82,31,15,8,74,3,37,4,106,3.18,106,3.18,88,9,6,2,1,0,14,0.42,11,1,2,0,0,0,59,35,18,34,7,32,77,41.6,45,33,4,29,21,80,21,0,33.3,1545,44,257,809,499,58,1545,96,54,56.3,27,28.1,992,5176,2385,59,45,10,55,61,1096,84,120000,6240000
John Stones,"DF,MF",Manchester City,29,16,12,1064.0,11.8,1,0,1,1,0,0,2,0,1.0,1.0,0.2,1.3,0.08,0.00,0.08,0.08,0.09,0.02,0.09,0.11,0.0,0.0,0.0,0.0,0.0,0.0,0.0,0.0,0.0,0.0,0.0,0.0,0.0,0.0,0.0,0.0,0.0,0.0,0.0,0.0,0.0,0.0,0.0,0.0,4,2,50.0,0.34,0.17,0.25,0.50,15.9,781,839,93.1,12375,2872,402,426,94.4,322,335,96.1,41,54,75.9,6,53,1,0,57,824,15,9,0,7,5,3,0,0,23,1.95,23,1.95,21,0,0,0,2,0,0,0.00,0,0,0,0,0,0,2,1,1,0,1,0,3,0.0,3,11,7,4,10,12,21,0,11.8,907,54,239,484,189,10,907,6,1,16.7,4,66.7,596,3319,1646,16,24,1,5,6,742,24,250000,13000000
Jonny Castro,MF,Wolves,29,1,0,5.0,0.1,0,0,0,0,0,0,0,0,0.0,0.0,0.0,0.0,0.00,0.00,0.00,0.00,0.00,0.00,0.00,0.00,0.0,0.0,0.0,0.0,0.0,0.0,0.0,0.0,0.0,0.0,0.0,0.0,0.0,0.0,0.0,0.0,0.0,0.0,0.0,0.0,0.0,0.0,0.0,0.0,0,0,,0.00,0.00,,,,0,0,,0,0,0,0,,0,0,,0,0,,0,0,0,0,0,0,0,0,0,0,0,0,0,0,0,0.00,0,0.00,0,0,0,0,0,0,0,0.00,0,0,0,0,0,0,0,0,0,0,0,0,1,0.0,1,1,1,0,0,0,0,0,0.1,2,1,1,1,0,0,2,0,0,,0,,0,0,0,0,0,0,0,0,0,0,35000,1820000
Jonny Evans,DF,Manchester Utd,35,23,15,1392.0,15.5,0,1,1,0,0,0,2,0,0.1,0.1,1.2,1.2,0.00,0.06,0.06,0.00,0.00,0.08,0.00,0.08,0.0,0.0,0.0,0.0,0.0,0.0,0.0,0.0,0.0,0.0,0.0,0.0,0.0,0.0,0.0,0.0,0.0,0.0,0.0,0.0,0.0,0.0,0.0,0.0,1,0,0.0,0.06,0.00,0.00,,5.4,729,832,87.6,11952,3843,323,350,92.3,344,374,92.0,40,72,55.6,6,29,3,0,37,778,51,18,1,0,0,3,0,3,11,0.71,11,0.71,11,0,0,0,0,0,2,0.13,2,0,0,0,0,0,22,14,20,2,0,12,21,57.1,9,25,18,7,23,45,76,0,15.5,1005,185,556,420,31,8,1005,7,4,57.1,2,28.6,567,2683,1441,7,5,0,5,3,625,1,65000,3380000
Jordan Ayew,"FW,MF",Crystal Palace,31,35,30,2543.0,28.3,4,7,11,4,0,0,9,1,3.9,3.9,4.2,8.1,0.14,0.25,0.39,0.14,0.14,0.15,0.14,0.29,0.0,0.0,0.0,0.0,0.0,0.0,0.0,0.0,0.0,0.0,0.0,0.0,0.0,0.0,0.0,0.0,0.0,0.0,0.0,0.0,0.0,0.0,0.0,0.0,48,19,39.6,1.70,0.67,0.08,0.21,18.2,681,920,74.0,9753,1856,417,478,87.2,213,285,74.7,24,74,32.4,25,43,26,10,63,876,42,8,4,5,97,10,22,2,72,2.55,72,2.55,40,5,5,7,12,3,12,0.42,10,0,1,0,1,0,65,36,23,28,14,21,42,50.0,21,43,2,41,16,81,15,0,28.3,1349,24,182,592,598,95,1349,130,52,40.0,57,43.8,836,5509,2119,74,55,20,85,80,967,173,25000,1300000
Jordan Beyer,DF,Burnley,23,15,15,1234.0,13.7,0,1,1,0,0,0,6,0,0.5,0.5,0.3,0.8,0.00,0.07,0.07,0.00,0.04,0.02,0.04,0.06,0.0,0.0,0.0,0.0,0.0,0.0,0.0,0.0,0.0,0.0,0.0,0.0,0.0,0.0,0.0,0.0,0.0,0.0,0.0,0.0,0.0,0.0,0.0,0.0,5,0,0.0,0.36,0.00,0.00,,8.2,766,861,89.0,14232,3759,270,298,90.6,421,446,94.4,64,92,69.6,3,28,1,0,25,840,19,14,1,5,0,4,0,2,10,0.73,10,0.73,10,0,0,0,0,0,1,0.07,1,0,0,0,0,0,35,20,22,12,1,14,24,58.3,10,22,15,7,16,51,68,1,13.7,1022,159,570,429,26,8,1022,7,4,57.1,2,28.6,624,3314,2089,9,11,0,5,1,678,1,3000,156000
Jordan Clark,MF,Luton Town,29,23,14,1304.0,14.5,1,1,2,1,0,0,4,0,1.0,1.0,1.3,2.2,0.07,0.07,0.14,0.07,0.07,0.09,0.07,0.16,0.0,0.0,0.0,0.0,0.0,0.0,0.0,0.0,0.0,0.0,0.0,0.0,0.0,0.0,0.0,0.0,0.0,0.0,0.0,0.0,0.0,0.0,0.0,0.0,17,4,23.5,1.17,0.28,0.06,0.25,16.9,369,513,71.9,6108,1636,180,231,77.9,136,173,78.6,33,63,52.4,12,19,18,4,51,475,36,13,1,6,23,5,0,2,29,2.00,29,2.00,23,0,2,3,1,0,1,0.07,1,0,0,0,0,0,30,17,14,11,5,11,39,28.2,28,24,3,21,11,41,15,1,14.5,694,36,130,339,234,42,694,42,12,28.6,24,57.1,385,2122,1004,21,20,7,25,21,439,39,5000,260000
Jordan Pickford,GK,Everton,29,38,38,3420.0,38.0,0,0,0,0,0,0,5,0,0.0,0.0,0.1,0.1,0.00,0.00,0.00,0.00,0.00,0.00,0.00,0.00,1.34,165,117,73.9,13,34.2,52.4,0.28,360,901,40.0,1297,141,56.7,41.6,273,60.8,48.3,570,30,5.3,54,1.42,15.9,0,0,,0.00,0.00,,,,986,1576,62.6,33034,26388,144,145,99.3,378,390,96.9,461,1031,44.7,4,97,8,0,6,1074,496,223,1,5,0,0,0,6,24,0.63,24,0.63,14,10,0,0,0,0,0,0.00,0,0,0,0,0,0,1,0,1,0,0,1,1,100.0,0,3,0,3,0,1,19,1,38.0,1680,1106,1544,141,0,0,1680,1,1,100.0,0,0.0,904,6014,3889,1,0,0,0,0,773,0,125000,6500000
Jorginho,MF,Arsenal,31,24,10,921.0,10.2,0,2,2,0,0,0,1,0,0.1,0.1,1.4,1.5,0.00,0.20,0.20,0.00,0.01,0.13,0.01,0.14,0.0,0.0,0.0,0.0,0.0,0.0,0.0,0.0,0.0,0.0,0.0,0.0,0.0,0.0,0.0,0.0,0.0,0.0,0.0,0.0,0.0,0.0,0.0,0.0,4,0,0.0,0.39,0.00,0.00,,24.6,699,785,89.0,11386,3439,360,380,94.7,280,310,90.3,45,59,76.3,10,81,25,1,101,759,18,13,5,1,3,1,0,8,27,2.64,27,2.64,25,0,0,1,0,1,5,0.49,5,0,0,0,0,0,24,10,6,10,8,11,23,47.8,12,17,1,16,12,36,7,1,10.2,871,25,154,479,239,5,871,5,2,40.0,3,60.0,521,1941,945,8,11,0,5,4,671,8,110000,5720000
Joseph Johnson,DF,Luton Town,17,2,0,77.0,0.9,0,0,0,0,0,0,1,0,0.0,0.0,0.0,0.0,0.00,0.00,0.00,0.00,0.00,0.00,0.00,0.00,0.0,0.0,0.0,0.0,0.0,0.0,0.0,0.0,0.0,0.0,0.0,0.0,0.0,0.0,0.0,0.0,0.0,0.0,0.0,0.0,0.0,0.0,0.0,0.0,0,0,,0.00,0.00,,,,30,36,83.3,646,228,9,9,100.0,16,17,94.1,5,9,55.6,0,1,0,0,2,33,2,1,0,0,0,1,0,1,0,0.00,0,0.00,0,0,0,0,0,0,0,0.00,0,0,0,0,0,0,0,0,0,0,0,0,1,0.0,1,0,0,0,0,0,0,0,0.9,36,4,18,16,2,0,36,0,0,,0,,18,75,9,0,0,0,0,1,26,1,0.0,0.0
Josh Brownhill,MF,Burnley,27,33,23,2252.0,25.0,4,2,6,4,0,0,4,1,1.9,1.9,2.1,4.0,0.16,0.08,0.24,0.16,0.08,0.08,0.08,0.16,0.0,0.0,0.0,0.0,0.0,0.0,0.0,0.0,0.0,0.0,0.0,0.0,0.0,0.0,0.0,0.0,0.0,0.0,0.0,0.0,0.0,0.0,0.0,0.0,28,11,39.3,1.12,0.44,0.14,0.36,21.8,850,1106,76.9,13206,3449,451,532,84.8,311,393,79.1,55,114,48.2,34,71,16,0,90,998,103,29,4,3,57,16,50,5,70,2.80,70,2.80,43,19,1,3,3,1,6,0.24,5,1,0,0,0,0,61,35,23,28,10,27,37,73.0,10,33,8,25,34,95,40,1,25.0,1351,71,326,627,410,42,1351,13,7,53.8,6,46.2,551,2278,1018,19,14,3,17,14,702,36,45000,2340000
Josh Cullen,MF,Burnley,27,25,23,2057.0,22.9,2,3,5,2,0,0,9,0,0.6,0.6,1.8,2.4,0.09,0.13,0.22,0.09,0.03,0.08,0.03,0.11,0.0,0.0,0.0,0.0,0.0,0.0,0.0,0.0,0.0,0.0,0.0,0.0,0.0,0.0,0.0,0.0,0.0,0.0,0.0,0.0,0.0,0.0,0.0,0.0,16,5,31.3,0.70,0.22,0.13,0.40,22.8,1173,1373,85.4,18812,4917,617,667,92.5,466,521,89.4,69,127,54.3,26,119,17,3,123,1311,57,42,5,2,26,1,14,5,66,2.89,66,2.89,56,6,0,1,2,1,8,0.35,6,2,0,0,0,0,42,29,15,22,5,26,46,56.5,20,31,19,12,15,57,26,1,22.9,1555,65,342,905,321,18,1555,13,3,23.1,5,38.5,848,3351,1691,22,21,2,17,10,1065,22,40000,2080000
Josh Dasilva,"DF,FW",Brentford,24,3,0,24.0,0.3,0,0,0,0,0,0,0,0,0.0,0.0,0.2,0.2,0.00,0.00,0.00,0.00,0.00,0.72,0.00,0.72,0.0,0.0,0.0,0.0,0.0,0.0,0.0,0.0,0.0,0.0,0.0,0.0,0.0,0.0,0.0,0.0,0.0,0.0,0.0,0.0,0.0,0.0,0.0,0.0,0,0,,0.00,0.00,,,,10,19,52.6,153,59,5,7,71.4,5,7,71.4,0,2,0.0,1,0,0,0,2,17,2,0,0,0,6,0,2,0,1,3.75,1,3.75,1,0,0,0,0,0,0,0.00,0,0,0,0,0,0,2,1,0,1,1,0,0,,0,0,0,0,0,2,0,0,0.3,26,1,1,6,19,6,26,4,2,50.0,2,50.0,17,153,69,2,0,2,2,4,17,5,20000,1040000
Joshua Acheampong,DF,Chelsea,17,1,0,6.0,0.1,0,0,0,0,0,0,0,0,0.0,0.0,0.0,0.0,0.00,0.00,0.00,0.00,0.00,0.00,0.00,0.00,0.0,0.0,0.0,0.0,0.0,0.0,0.0,0.0,0.0,0.0,0.0,0.0,0.0,0.0,0.0,0.0,0.0,0.0,0.0,0.0,0.0,0.0,0.0,0.0,0,0,,0.00,0.00,,,,1,2,50.0,18,7,0,0,,1,1,100.0,0,1,0.0,0,0,0,0,0,1,1,0,0,0,0,1,0,0,1,15.00,1,15.00,0,1,0,0,0,0,0,0.00,0,0,0,0,0,0,0,0,0,0,0,0,0,,0,3,3,0,0,0,0,0,0.1,6,5,5,0,1,0,6,0,0,,0,,1,18,12,0,0,0,0,0,0,0,0.0,0.0
José Sá,GK,Wolves,30,35,35,3037.0,33.7,0,1,1,0,0,0,1,0,0.0,0.0,0.0,0.0,0.00,0.03,0.03,0.00,0.00,0.00,0.00,0.00,1.72,188,131,73.4,4,11.4,65.9,0.31,87,424,20.5,841,190,33.3,33.0,253,56.9,42.6,522,45,8.6,28,0.83,12.6,0,0,,0.00,0.00,,,,720,1097,65.6,17257,11201,186,190,97.9,360,369,97.6,162,522,31.0,1,8,0,0,1,771,323,70,0,1,0,0,0,3,3,0.09,3,0.09,3,0,0,0,0,0,1,0.03,1,0,0,0,0,0,0,0,0,0,0,0,1,0.0,1,3,0,3,0,0,21,5,33.7,1198,1049,1189,8,1,0,1198,3,3,100.0,0,0.0,677,4662,3131,0,1,1,1,1,481,0,40000,2080000
João Gomes,MF,Wolves,22,34,32,2649.0,29.4,2,1,3,2,0,0,11,0,1.7,1.7,1.1,2.8,0.07,0.03,0.10,0.07,0.06,0.04,0.06,0.10,0.0,0.0,0.0,0.0,0.0,0.0,0.0,0.0,0.0,0.0,0.0,0.0,0.0,0.0,0.0,0.0,0.0,0.0,0.0,0.0,0.0,0.0,0.0,0.0,26,7,26.9,0.88,0.24,0.08,0.29,18.5,1051,1279,82.2,15291,4174,596,665,89.6,342,404,84.7,50,94,53.2,20,73,23,5,101,1209,62,35,7,5,25,9,14,8,65,2.21,65,2.21,48,4,2,4,2,5,4,0.14,3,0,0,1,0,0,128,74,67,49,12,44,99,44.4,55,51,8,43,18,146,29,2,29.4,1626,66,433,859,352,35,1626,55,26,47.3,23,41.8,805,3929,1772,28,22,6,42,44,1011,44,30000,1560000
João Palhinha,MF,Fulham,28,33,31,2699.0,30.0,4,1,5,4,0,0,13,0,3.3,3.3,0.8,4.1,0.13,0.03,0.17,0.13,0.11,0.03,0.11,0.14,0.0,0.0,0.0,0.0,0.0,0.0,0.0,0.0,0.0,0.0,0.0,0.0,0.0,0.0,0.0,0.0,0.0,0.0,0.0,0.0,0.0,0.0,0.0,0.0,45,14,31.1,1.50,0.47,0.09,0.29,17.9,1098,1333,82.4,19131,5348,522,586,89.1,449,503,89.3,101,163,62.0,13,96,7,1,97,1272,55,52,6,20,5,1,0,6,33,1.10,33,1.10,23,2,0,4,2,2,2,0.07,1,0,0,1,0,0,152,75,80,60,12,103,152,67.8,49,57,9,48,46,198,58,0,30.0,1760,120,569,967,243,41,1760,22,11,50.0,9,40.9,802,2836,1054,8,12,0,29,26,1015,14,80000,4160000
João Pedro,"FW,MF",Brighton,21,31,19,2045.0,22.7,9,3,12,5,4,5,2,0,11.9,7.9,3.8,11.7,0.40,0.13,0.53,0.22,0.53,0.17,0.35,0.51,0.0,0.0,0.0,0.0,0.0,0.0,0.0,0.0,0.0,0.0,0.0,0.0,0.0,0.0,0.0,0.0,0.0,0.0,0.0,0.0,0.0,0.0,0.0,0.0,70,20,28.6,3.08,0.88,0.07,0.25,14.4,659,818,80.6,8706,1876,425,483,88.0,178,217,82.0,24,43,55.8,37,43,44,4,92,775,38,2,6,2,29,10,2,5,91,4.01,91,4.01,64,0,7,10,9,1,11,0.48,5,0,2,2,2,0,31,14,10,13,8,14,24,58.3,10,15,2,13,11,42,28,0,22.7,1196,32,105,475,629,184,1191,107,43,40.2,45,42.1,787,5003,2295,83,42,47,83,63,949,205,50000,2600000
Joël Matip,DF,Liverpool,31,10,9,781.0,8.7,0,0,0,0,0,0,2,0,0.5,0.5,0.1,0.6,0.00,0.00,0.00,0.00,0.06,0.01,0.06,0.06,0.0,0.0,0.0,0.0,0.0,0.0,0.0,0.0,0.0,0.0,0.0,0.0,0.0,0.0,0.0,0.0,0.0,0.0,0.0,0.0,0.0,0.0,0.0,0.0,5,0,0.0,0.58,0.00,0.00,,10.6,494,564,87.6,8687,3066,198,216,91.7,257,287,89.5,33,47,70.2,2,27,2,0,34,559,4,4,0,0,0,0,0,1,8,0.92,8,0.92,8,0,0,0,0,0,1,0.12,1,0,0,0,0,0,12,6,7,4,1,8,12,66.7,4,16,12,4,9,21,43,0,8.7,665,90,303,327,37,12,665,2,0,0.0,2,100.0,421,2195,1406,8,13,0,3,4,451,1,100000,5200000
Joël Veltman,DF,Brighton,31,27,17,1588.0,17.6,1,1,2,1,0,0,4,0,0.4,0.4,0.5,0.9,0.06,0.06,0.11,0.06,0.02,0.03,0.02,0.05,0.0,0.0,0.0,0.0,0.0,0.0,0.0,0.0,0.0,0.0,0.0,0.0,0.0,0.0,0.0,0.0,0.0,0.0,0.0,0.0,0.0,0.0,0.0,0.0,5,3,60.0,0.28,0.17,0.20,0.33,14.2,758,906,83.7,12317,3297,373,419,89.0,330,376,87.8,48,82,58.5,4,51,8,0,85,786,118,35,2,0,11,83,0,2,18,1.02,18,1.02,12,2,0,0,3,1,1,0.06,1,0,0,0,0,0,54,41,32,17,5,39,58,67.2,19,17,7,10,18,72,57,1,17.6,1103,95,378,517,213,17,1103,11,1,9.1,5,45.5,601,2532,1076,24,17,0,21,7,657,54,50000,2600000
Joško Gvardiol,DF,Manchester City,21,28,26,2328.0,25.9,4,1,5,4,0,0,3,0,3.1,3.1,1.4,4.5,0.15,0.04,0.19,0.15,0.12,0.06,0.12,0.18,0.0,0.0,0.0,0.0,0.0,0.0,0.0,0.0,0.0,0.0,0.0,0.0,0.0,0.0,0.0,0.0,0.0,0.0,0.0,0.0,0.0,0.0,0.0,0.0,32,13,40.6,1.24,0.50,0.13,0.31,15.6,1671,1919,87.1,25207,6169,931,1010,92.2,618,695,88.9,77,107,72.0,18,141,16,3,136,1737,178,28,3,10,33,150,0,4,54,2.09,54,2.09,40,1,5,2,4,2,7,0.27,6,0,0,0,1,0,55,33,21,24,10,21,38,55.3,17,36,12,24,27,82,37,3,25.9,2179,67,452,1124,622,60,2179,45,26,57.8,14,31.1,1285,6099,3249,63,49,15,23,14,1529,115,200000,10400000
Julio Enciso,"MF,FW",Brighton,19,12,5,475.0,5.3,0,2,2,0,0,0,2,0,1.4,1.4,1.7,3.2,0.00,0.38,0.38,0.00,0.27,0.32,0.27,0.59,0.0,0.0,0.0,0.0,0.0,0.0,0.0,0.0,0.0,0.0,0.0,0.0,0.0,0.0,0.0,0.0,0.0,0.0,0.0,0.0,0.0,0.0,0.0,0.0,28,8,28.6,5.31,1.52,0.00,0.00,21.2,132,178,74.2,1842,562,77,89,86.5,41,58,70.7,9,12,75.0,9,12,4,2,21,168,8,2,2,0,8,1,2,2,23,4.34,23,4.34,15,0,5,3,0,0,2,0.38,2,0,0,0,0,0,6,2,3,2,1,2,7,28.6,5,11,0,11,0,6,3,0,5.3,257,5,24,106,131,21,257,29,17,58.6,7,24.1,193,1299,839,28,20,7,15,8,202,29,10000,520000
Julián Álvarez,"MF,FW",Manchester City,23,36,31,2647.0,29.4,11,8,19,9,2,2,2,0,13.0,11.5,6.4,17.9,0.37,0.27,0.65,0.31,0.44,0.22,0.39,0.61,0.0,0.0,0.0,0.0,0.0,0.0,0.0,0.0,0.0,0.0,0.0,0.0,0.0,0.0,0.0,0.0,0.0,0.0,0.0,0.0,0.0,0.0,0.0,0.0,96,37,38.5,3.26,1.26,0.09,0.24,17.8,1011,1258,80.4,13977,2992,615,679,90.6,272,328,82.9,58,145,40.0,67,43,41,4,103,1069,185,25,9,1,137,7,129,4,118,4.01,118,4.01,74,28,4,10,2,0,15,0.51,12,1,0,0,2,0,24,13,5,8,11,8,32,25.0,24,30,0,30,2,26,14,1,29.4,1554,20,107,473,988,149,1552,42,20,47.6,22,52.4,914,4459,2092,64,59,28,56,36,1103,180,100000,5200000
Jurriën Timber,DF,Arsenal,22,2,1,71.0,0.8,0,0,0,0,0,0,2,0,0.0,0.0,0.0,0.0,0.00,0.00,0.00,0.00,0.00,0.00,0.00,0.00,0.0,0.0,0.0,0.0,0.0,0.0,0.0,0.0,0.0,0.0,0.0,0.0,0.0,0.0,0.0,0.0,0.0,0.0,0.0,0.0,0.0,0.0,0.0,0.0,0,0,,0.00,0.00,,,,66,74,89.2,982,221,35,36,97.2,30,33,90.9,1,2,50.0,0,11,0,0,8,67,7,1,0,1,1,6,0,0,0,0.00,0,0.00,0,0,0,0,0,0,0,0.00,0,0,0,0,0,0,2,2,1,1,0,0,0,,0,1,0,1,0,2,1,0,0.8,79,0,11,51,17,1,79,1,1,100.0,0,0.0,61,249,121,0,3,0,0,1,61,5,90000,4680000
Justin Kluivert,"MF,FW",Bournemouth,24,32,26,1916.0,21.3,7,1,8,7,0,0,5,0,6.2,6.2,1.9,8.1,0.33,0.05,0.38,0.33,0.29,0.09,0.29,0.38,0.0,0.0,0.0,0.0,0.0,0.0,0.0,0.0,0.0,0.0,0.0,0.0,0.0,0.0,0.0,0.0,0.0,0.0,0.0,0.0,0.0,0.0,0.0,0.0,56,20,35.7,2.63,0.94,0.13,0.35,17.4,288,421,68.4,4393,1193,147,194,75.8,104,137,75.9,18,32,56.3,21,10,24,2,50,399,18,1,0,3,29,7,2,4,59,2.77,59,2.77,37,0,9,6,4,3,5,0.23,3,0,1,0,0,1,28,14,5,12,11,8,30,26.7,22,16,1,15,8,36,11,0,21.3,694,13,86,224,397,108,694,67,24,35.8,41,61.2,414,2930,1644,65,37,35,50,30,442,114,80000,4160000
Jáder Durán,"FW,MF",Aston Villa,19,23,3,475.0,5.3,5,0,5,5,0,0,5,0,2.0,2.0,0.3,2.3,0.95,0.00,0.95,0.95,0.38,0.06,0.38,0.44,0.0,0.0,0.0,0.0,0.0,0.0,0.0,0.0,0.0,0.0,0.0,0.0,0.0,0.0,0.0,0.0,0.0,0.0,0.0,0.0,0.0,0.0,0.0,0.0,20,7,35.0,3.79,1.33,0.25,0.71,16.8,83,121,68.6,1095,220,51,69,73.9,24,29,82.8,3,5,60.0,4,6,1,0,9,117,4,1,0,0,6,1,0,0,12,2.27,12,2.27,8,0,1,1,1,1,4,0.76,1,0,1,0,1,1,6,5,3,1,2,1,6,16.7,5,6,0,6,1,7,10,0,5.3,189,8,22,90,80,27,189,5,2,40.0,3,60.0,102,508,206,9,5,5,16,14,138,25,30000,1560000
Jóhann Berg Guðmundsson,"MF,FW",Burnley,32,26,12,1192.0,13.2,1,3,4,1,0,0,2,0,1.9,1.9,2.7,4.5,0.08,0.23,0.30,0.08,0.14,0.20,0.14,0.34,0.0,0.0,0.0,0.0,0.0,0.0,0.0,0.0,0.0,0.0,0.0,0.0,0.0,0.0,0.0,0.0,0.0,0.0,0.0,0.0,0.0,0.0,0.0,0.0,15,6,40.0,1.13,0.45,0.07,0.17,15.6,396,544,72.8,7505,2234,164,184,89.1,159,203,78.3,61,124,49.2,35,36,18,6,59,465,77,28,4,5,70,7,39,2,50,3.78,50,3.78,28,17,0,2,3,0,5,0.38,3,2,0,0,0,0,13,4,6,5,2,7,16,43.8,9,14,0,14,16,29,16,0,13.2,656,25,108,284,268,26,656,16,5,31.3,7,43.8,371,1836,605,13,13,2,20,15,420,69,35000,1820000
Kaelan Casey,DF,West Ham,18,1,0,1.0,0.0,0,0,0,0,0,0,0,0,0.0,0.0,0.0,0.0,0.00,0.00,0.00,0.00,0.00,0.00,0.00,0.00,0.0,0.0,0.0,0.0,0.0,0.0,0.0,0.0,0.0,0.0,0.0,0.0,0.0,0.0,0.0,0.0,0.0,0.0,0.0,0.0,0.0,0.0,0.0,0.0,0,0,,0.00,0.00,,,,0,0,,0,0,0,0,,0,0,,0,0,,0,0,0,0,0,0,0,0,0,0,0,0,0,0,0,0.00,0,0.00,0,0,0,0,0,0,0,0.00,0,0,0,0,0,0,0,0,0,0,0,0,0,,0,0,0,0,0,0,1,0,0.0,1,1,1,0,0,0,1,0,0,,0,,0,0,0,0,0,0,0,0,0,0,0.0,0.0
Kai Havertz,"MF,FW",Arsenal,24,37,30,2634.0,29.3,13,7,20,12,1,1,11,0,12.3,11.6,4.4,15.9,0.44,0.24,0.68,0.41,0.42,0.15,0.39,0.54,0.0,0.0,0.0,0.0,0.0,0.0,0.0,0.0,0.0,0.0,0.0,0.0,0.0,0.0,0.0,0.0,0.0,0.0,0.0,0.0,0.0,0.0,0.0,0.0,68,27,39.7,2.32,0.92,0.18,0.44,12.4,764,955,80.0,9583,2405,525,609,86.2,195,245,79.6,7,15,46.7,46,65,29,1,99,938,12,3,2,0,12,6,0,5,106,3.62,106,3.62,87,0,3,8,6,2,22,0.75,16,0,2,2,2,0,35,15,7,21,7,14,39,35.9,25,26,1,25,20,55,22,0,29.3,1282,29,143,541,611,184,1281,42,16,38.1,19,45.2,686,3077,1532,55,36,23,54,35,918,191,280000,14560000
Kaide Gordon,FW,Liverpool,18,1,0,1.0,0.0,0,0,0,0,0,0,0,0,0.0,0.0,0.0,0.0,0.00,0.00,0.00,0.00,0.00,0.00,0.00,0.00,0.0,0.0,0.0,0.0,0.0,0.0,0.0,0.0,0.0,0.0,0.0,0.0,0.0,0.0,0.0,0.0,0.0,0.0,0.0,0.0,0.0,0.0,0.0,0.0,0,0,,0.00,0.00,,,,1,1,100.0,16,11,0,0,,1,1,100.0,0,0,,0,0,0,0,1,1,0,0,0,0,0,0,0,0,0,0.00,0,0.00,0,0,0,0,0,0,0,0.00,0,0,0,0,0,0,0,0,0,0,0,0,0,,0,0,0,0,0,0,0,0,0.0,2,0,0,0,2,1,2,0,0,,0,,0,0,0,0,0,0,1,0,0,0,0.0,0.0
Kaine Kesler-Hayden,"MF,DF",Aston Villa,20,3,0,6.0,0.1,0,0,0,0,0,0,0,0,0.0,0.0,0.0,0.0,0.00,0.00,0.00,0.00,0.00,0.00,0.00,0.00,0.0,0.0,0.0,0.0,0.0,0.0,0.0,0.0,0.0,0.0,0.0,0.0,0.0,0.0,0.0,0.0,0.0,0.0,0.0,0.0,0.0,0.0,0.0,0.0,0,0,,0.00,0.00,,,,0,0,,0,0,0,0,,0,0,,0,0,,0,0,0,0,0,0,0,0,0,0,0,0,0,0,0,0.00,0,0.00,0,0,0,0,0,0,0,0.00,0,0,0,0,0,0,0,0,0,0,0,0,0,,0,0,0,0,0,0,0,0,0.1,0,0,0,0,0,0,0,0,0,,0,,0,0,0,0,0,0,0,0,0,0,0.0,0.0
Kalvin Phillips,MF,West Ham,27,8,3,309.0,3.4,0,0,0,0,0,0,3,1,0.1,0.1,0.0,0.1,0.00,0.00,0.00,0.00,0.02,0.00,0.02,0.02,0.0,0.0,0.0,0.0,0.0,0.0,0.0,0.0,0.0,0.0,0.0,0.0,0.0,0.0,0.0,0.0,0.0,0.0,0.0,0.0,0.0,0.0,0.0,0.0,3,2,66.7,0.87,0.58,0.00,0.00,25.8,141,179,78.8,2507,567,62,74,83.8,64,77,83.1,12,20,60.0,0,24,0,0,19,170,7,6,1,1,1,1,0,2,5,1.46,5,1.46,5,0,0,0,0,0,0,0.00,0,0,0,0,0,0,11,6,2,8,1,5,9,55.6,4,4,1,3,4,15,2,1,3.4,215,7,43,153,21,1,215,5,1,20.0,4,80.0,110,585,240,3,1,0,4,3,136,4,150000,7800000
Kalvin Phillips,MF,Manchester City,27,4,0,93.0,1.0,0,0,0,0,0,0,0,0,0.1,0.1,0.0,0.1,0.00,0.00,0.00,0.00,0.07,0.00,0.07,0.07,0.0,0.0,0.0,0.0,0.0,0.0,0.0,0.0,0.0,0.0,0.0,0.0,0.0,0.0,0.0,0.0,0.0,0.0,0.0,0.0,0.0,0.0,0.0,0.0,3,2,66.7,0.87,0.58,0.00,0.00,25.8,141,179,78.8,2507,567,62,74,83.8,64,77,83.1,12,20,60.0,0,24,0,0,19,170,7,6,1,1,1,1,0,2,5,1.46,5,1.46,5,0,0,0,0,0,0,0.00,0,0,0,0,0,0,11,6,2,8,1,5,9,55.6,4,4,1,3,4,15,2,1,3.4,215,7,43,153,21,1,215,5,1,20.0,4,80.0,110,585,240,3,1,0,4,3,136,4,150000,7800000
Kaoru Mitoma,FW,Brighton,26,19,15,1486.0,16.5,3,4,7,3,0,0,4,0,3.5,3.5,2.7,6.2,0.18,0.24,0.42,0.18,0.21,0.16,0.21,0.37,0.0,0.0,0.0,0.0,0.0,0.0,0.0,0.0,0.0,0.0,0.0,0.0,0.0,0.0,0.0,0.0,0.0,0.0,0.0,0.0,0.0,0.0,0.0,0.0,34,15,44.1,2.06,0.91,0.09,0.20,13.2,509,650,78.3,6210,1486,357,413,86.4,110,153,71.9,9,24,37.5,25,23,34,5,64,639,9,1,3,0,44,7,1,2,62,3.76,62,3.76,47,0,10,3,2,0,10,0.61,6,0,3,1,0,0,13,6,3,7,3,5,19,26.3,14,15,1,14,5,18,12,0,16.5,852,17,79,270,514,136,852,94,39,41.5,44,46.8,616,4879,3147,121,54,62,38,15,677,239,80000,4160000
Keane Lewis-Potter,"FW,DF",Brentford,22,30,15,1441.0,16.0,3,1,4,3,0,0,0,0,6.3,6.3,1.7,8.0,0.19,0.06,0.25,0.19,0.39,0.11,0.39,0.50,0.0,0.0,0.0,0.0,0.0,0.0,0.0,0.0,0.0,0.0,0.0,0.0,0.0,0.0,0.0,0.0,0.0,0.0,0.0,0.0,0.0,0.0,0.0,0.0,43,20,46.5,2.69,1.25,0.07,0.15,12.8,289,415,69.6,4218,969,169,206,82.0,89,119,74.8,19,56,33.9,13,11,14,4,32,404,10,3,2,4,50,6,0,1,33,2.06,33,2.06,21,0,6,4,2,0,2,0.12,1,0,0,1,0,0,17,7,5,11,1,7,15,46.7,8,10,2,8,7,24,23,0,16.0,604,32,107,173,330,84,604,58,21,36.2,33,56.9,370,2822,1632,56,32,24,30,18,417,135,35000,1820000
Kenny Tete,DF,Fulham,27,14,10,867.0,9.6,1,0,1,1,0,0,2,0,0.9,0.9,0.4,1.2,0.10,0.00,0.10,0.10,0.09,0.04,0.09,0.13,0.0,0.0,0.0,0.0,0.0,0.0,0.0,0.0,0.0,0.0,0.0,0.0,0.0,0.0,0.0,0.0,0.0,0.0,0.0,0.0,0.0,0.0,0.0,0.0,4,1,25.0,0.42,0.10,0.25,1.00,7.9,418,523,79.9,6413,2614,236,269,87.7,146,181,80.7,27,44,61.4,3,45,10,7,54,438,84,7,1,0,23,77,0,1,15,1.56,15,1.56,11,0,2,1,1,0,2,0.21,1,0,0,0,1,0,27,17,19,6,2,11,19,57.9,8,10,3,7,16,43,35,0,9.6,647,40,215,278,161,11,647,20,9,45.0,10,50.0,303,1400,650,20,15,2,10,3,366,38,50000,2600000
Kevin De Bruyne,MF,Manchester City,32,18,15,1221.0,13.6,4,10,14,4,0,0,2,0,2.4,2.4,11.5,14.0,0.29,0.74,1.03,0.29,0.18,0.85,0.18,1.03,0.0,0.0,0.0,0.0,0.0,0.0,0.0,0.0,0.0,0.0,0.0,0.0,0.0,0.0,0.0,0.0,0.0,0.0,0.0,0.0,0.0,0.0,0.0,0.0,44,17,38.6,3.24,1.25,0.09,0.24,21.4,732,971,75.4,11555,3364,426,481,88.6,223,293,76.1,66,134,49.3,59,67,56,12,111,840,124,23,11,6,136,24,69,7,100,7.36,100,7.36,73,17,2,5,3,0,16,1.18,12,3,0,0,1,0,14,9,1,5,8,7,20,35.0,13,5,0,5,4,18,4,0,13.6,1103,2,35,354,724,86,1103,33,10,30.3,21,63.6,633,2916,1647,47,40,12,13,20,833,133,400000,20800000
Kevin Schade,"FW,MF",Brentford,21,11,3,333.0,3.7,2,1,3,2,0,0,0,0,1.2,1.2,0.7,1.9,0.54,0.27,0.81,0.54,0.32,0.19,0.32,0.52,0.0,0.0,0.0,0.0,0.0,0.0,0.0,0.0,0.0,0.0,0.0,0.0,0.0,0.0,0.0,0.0,0.0,0.0,0.0,0.0,0.0,0.0,0.0,0.0,8,4,50.0,2.16,1.08,0.25,0.50,15.8,58,95,61.1,819,220,36,49,73.5,19,32,59.4,2,4,50.0,4,8,3,2,9,93,0,0,1,0,5,0,0,2,12,3.22,12,3.22,8,0,1,1,2,0,3,0.81,2,0,0,0,1,0,3,1,1,2,0,0,5,0.0,5,2,0,2,1,4,4,0,3.7,148,3,17,59,73,19,148,14,2,14.3,10,71.4,84,631,283,8,3,5,14,6,98,23,10000,520000
Kieffer Moore,"FW,MF",Bournemouth,30,8,0,108.0,1.2,1,0,1,1,0,0,0,0,1.5,1.5,0.2,1.7,0.83,0.00,0.83,0.83,1.23,0.20,1.23,1.44,0.0,0.0,0.0,0.0,0.0,0.0,0.0,0.0,0.0,0.0,0.0,0.0,0.0,0.0,0.0,0.0,0.0,0.0,0.0,0.0,0.0,0.0,0.0,0.0,6,2,33.3,5.00,1.67,0.17,0.50,12.5,28,42,66.7,272,91,22,29,75.9,4,8,50.0,0,0,,2,2,2,0,4,41,1,0,0,0,2,0,0,0,5,4.17,5,4.17,5,0,0,0,0,0,0,0.00,0,0,0,0,0,0,0,0,0,0,0,0,0,,0,0,0,0,0,0,0,0,1.2,53,0,2,21,30,12,53,3,1,33.3,1,33.3,29,93,34,2,0,0,3,1,47,15,15000,780000
Kieran Trippier,DF,Newcastle Utd,32,28,26,2236.0,24.8,1,10,11,1,0,0,5,0,0.7,0.7,7.5,8.2,0.04,0.40,0.44,0.04,0.03,0.30,0.03,0.33,0.0,0.0,0.0,0.0,0.0,0.0,0.0,0.0,0.0,0.0,0.0,0.0,0.0,0.0,0.0,0.0,0.0,0.0,0.0,0.0,0.0,0.0,0.0,0.0,8,2,25.0,0.32,0.08,0.13,0.50,23.8,1624,2130,76.2,29797,10999,693,783,88.5,728,874,83.3,187,382,49.0,65,111,52,19,157,1705,418,109,1,12,212,197,112,7,101,4.07,101,4.07,68,28,1,0,2,2,11,0.44,7,3,0,0,0,1,57,27,30,16,11,37,77,48.1,40,41,8,33,24,81,57,3,24.8,2344,96,732,969,665,36,2344,22,16,72.7,6,27.3,1078,4247,2049,34,37,5,20,9,1411,128,120000,6240000
Kobbie Mainoo,MF,Manchester Utd,18,24,24,1924.0,21.4,3,1,4,3,0,0,3,0,0.9,0.9,0.7,1.6,0.14,0.05,0.19,0.14,0.04,0.03,0.04,0.07,0.0,0.0,0.0,0.0,0.0,0.0,0.0,0.0,0.0,0.0,0.0,0.0,0.0,0.0,0.0,0.0,0.0,0.0,0.0,0.0,0.0,0.0,0.0,0.0,11,5,45.5,0.51,0.23,0.27,0.60,21.1,748,868,86.2,10519,2654,439,486,90.3,237,266,89.1,31,51,60.8,15,47,9,1,64,863,5,4,8,3,6,0,0,0,40,1.87,40,1.87,31,0,3,3,2,1,8,0.37,3,0,2,2,1,0,47,27,20,16,11,21,45,46.7,24,20,12,8,22,69,30,1,21.4,1094,62,302,568,236,30,1094,58,31,53.4,22,37.9,667,3152,1447,25,22,6,29,24,767,36,10000,520000
Konstantinos Mavropanos,DF,West Ham,25,19,16,1500.0,16.7,1,0,1,1,0,0,2,0,1.2,1.2,0.2,1.4,0.06,0.00,0.06,0.06,0.07,0.01,0.07,0.08,0.0,0.0,0.0,0.0,0.0,0.0,0.0,0.0,0.0,0.0,0.0,0.0,0.0,0.0,0.0,0.0,0.0,0.0,0.0,0.0,0.0,0.0,0.0,0.0,12,2,16.7,0.72,0.12,0.08,0.50,9.3,482,635,75.9,9625,3911,155,179,86.6,266,303,87.8,53,131,40.5,3,29,1,0,38,597,36,29,1,11,1,5,0,2,10,0.60,10,0.60,7,0,0,1,0,2,0,0.00,0,0,0,0,0,0,28,16,17,9,2,17,21,81.0,4,21,13,8,23,51,79,3,16.7,821,117,421,372,34,19,821,6,2,33.3,2,33.3,393,2338,1349,10,1,1,7,0,419,2,50000,2600000
Kostas Tsimikas,DF,Liverpool,27,13,8,679.0,7.5,0,3,3,0,0,0,0,0,0.1,0.1,1.0,1.1,0.00,0.40,0.40,0.00,0.01,0.14,0.01,0.15,0.0,0.0,0.0,0.0,0.0,0.0,0.0,0.0,0.0,0.0,0.0,0.0,0.0,0.0,0.0,0.0,0.0,0.0,0.0,0.0,0.0,0.0,0.0,0.0,3,0,0.0,0.40,0.00,0.00,,23.8,383,500,76.6,6585,1715,185,206,89.8,145,183,79.2,42,85,49.4,16,16,7,4,31,389,110,14,0,1,72,67,29,1,32,4.24,32,4.24,20,9,0,0,2,1,2,0.27,2,0,0,0,0,0,19,13,9,6,4,9,15,60.0,6,9,1,8,6,25,10,0,7.5,573,17,119,235,225,17,573,15,4,26.7,10,66.7,310,1689,861,24,20,3,9,4,338,73,75000,3900000
Kristoffer Ajer,DF,Brentford,25,28,21,1832.0,20.4,2,1,3,2,0,0,5,0,1.3,1.3,2.3,3.6,0.10,0.05,0.15,0.10,0.06,0.11,0.06,0.18,0.0,0.0,0.0,0.0,0.0,0.0,0.0,0.0,0.0,0.0,0.0,0.0,0.0,0.0,0.0,0.0,0.0,0.0,0.0,0.0,0.0,0.0,0.0,0.0,12,4,33.3,0.59,0.20,0.17,0.50,9.9,610,810,75.3,10210,3786,291,337,86.4,263,332,79.2,45,103,43.7,12,56,10,3,61,730,79,9,1,9,22,65,0,1,27,1.33,27,1.33,24,0,1,2,0,0,3,0.15,3,0,0,0,0,0,38,21,25,9,4,23,36,63.9,13,26,11,15,25,63,79,1,20.4,1042,112,430,457,158,58,1042,12,10,83.3,2,16.7,464,2367,1435,22,11,5,16,6,563,31,40000,2080000
Kurt Zouma,DF,West Ham,28,33,32,2838.0,31.5,3,0,3,3,0,0,3,0,1.8,1.8,0.2,2.0,0.10,0.00,0.10,0.10,0.06,0.01,0.06,0.06,0.0,0.0,0.0,0.0,0.0,0.0,0.0,0.0,0.0,0.0,0.0,0.0,0.0,0.0,0.0,0.0,0.0,0.0,0.0,0.0,0.0,0.0,0.0,0.0,16,7,43.8,0.51,0.22,0.19,0.43,9.1,962,1148,83.8,18843,6791,335,365,91.8,509,558,91.2,111,198,56.1,4,57,1,0,53,1096,50,39,1,28,0,3,0,2,13,0.41,13,0.41,11,0,0,1,1,0,2,0.06,2,0,0,0,0,0,23,17,14,9,0,10,16,62.5,6,38,28,10,29,52,160,0,31.5,1455,275,798,626,34,28,1455,3,2,66.7,1,33.3,794,3751,2019,7,5,1,13,3,873,1,125000,6500000
Kyle Walker,DF,Manchester City,33,32,30,2767.0,30.7,0,4,4,0,0,0,2,0,0.4,0.4,2.6,3.0,0.00,0.13,0.13,0.00,0.01,0.09,0.01,0.10,0.0,0.0,0.0,0.0,0.0,0.0,0.0,0.0,0.0,0.0,0.0,0.0,0.0,0.0,0.0,0.0,0.0,0.0,0.0,0.0,0.0,0.0,0.0,0.0,16,3,18.8,0.52,0.10,0.00,0.00,29.4,2128,2404,88.5,36091,8306,992,1057,93.9,932,1020,91.4,166,246,67.5,25,199,32,13,157,2162,241,33,6,20,59,208,0,1,62,2.02,62,2.02,57,1,1,1,2,0,11,0.36,9,0,1,1,0,0,38,24,19,17,2,19,39,48.7,20,19,6,13,27,65,40,1,30.7,2613,77,526,1358,749,41,2613,35,21,60.0,11,31.4,1509,7514,4015,74,67,7,24,13,1925,172,175000,9100000
Leander Dendoncker,MF,Aston Villa,28,8,1,119.0,1.3,1,0,1,1,0,0,0,0,0.7,0.7,0.0,0.7,0.76,0.00,0.76,0.76,0.56,0.00,0.56,0.56,0.0,0.0,0.0,0.0,0.0,0.0,0.0,0.0,0.0,0.0,0.0,0.0,0.0,0.0,0.0,0.0,0.0,0.0,0.0,0.0,0.0,0.0,0.0,0.0,2,1,50.0,1.51,0.76,0.50,1.00,12.5,45,56,80.4,744,139,24,28,85.7,19,22,86.4,2,4,50.0,0,1,0,0,3,56,0,0,0,1,0,0,0,0,2,1.51,2,1.51,1,0,0,0,1,0,1,0.76,0,0,0,0,1,0,6,4,3,2,1,4,5,80.0,1,5,2,3,2,8,3,1,1.3,80,4,31,39,12,2,80,0,0,,0,,36,124,27,0,1,0,2,1,39,2,90000,4680000
Leandro Trossard,"FW,MF",Arsenal,28,34,18,1649.0,18.3,12,1,13,12,0,0,2,0,7.9,7.9,2.8,10.7,0.65,0.05,0.71,0.65,0.43,0.15,0.43,0.58,0.0,0.0,0.0,0.0,0.0,0.0,0.0,0.0,0.0,0.0,0.0,0.0,0.0,0.0,0.0,0.0,0.0,0.0,0.0,0.0,0.0,0.0,0.0,0.0,60,22,36.7,3.27,1.20,0.20,0.55,16.1,494,673,73.4,7666,1927,271,315,86.0,181,241,75.1,31,60,51.7,24,28,29,4,76,625,46,6,8,2,57,8,24,2,65,3.55,65,3.55,46,3,7,5,4,0,6,0.33,1,1,2,0,2,0,27,16,8,9,10,9,25,36.0,16,27,1,26,8,35,6,0,18.3,912,15,105,318,502,121,912,47,25,53.2,16,34.0,591,3651,1732,66,43,27,47,39,650,155,90000,4680000
Leon Bailey,"MF,FW",Aston Villa,25,35,22,2068.0,23.0,10,9,19,10,0,0,5,0,6.3,6.3,9.2,15.5,0.44,0.39,0.83,0.44,0.27,0.40,0.27,0.67,0.0,0.0,0.0,0.0,0.0,0.0,0.0,0.0,0.0,0.0,0.0,0.0,0.0,0.0,0.0,0.0,0.0,0.0,0.0,0.0,0.0,0.0,0.0,0.0,53,18,34.0,2.31,0.78,0.19,0.56,16.1,573,790,72.5,8993,2559,327,391,83.6,184,242,76.0,48,82,58.5,52,38,51,7,82,745,40,2,11,7,75,9,29,5,97,4.22,97,4.22,70,7,9,7,3,1,11,0.48,7,1,1,2,0,0,13,7,7,4,2,5,20,25.0,15,18,1,17,9,22,6,0,23.0,1040,19,151,318,589,129,1040,119,57,47.9,50,42.0,717,5148,2495,102,47,41,51,41,764,226,100000,5200000
Leon Chiwome,FW,Wolves,17,3,2,174.0,1.9,0,0,0,0,0,0,0,0,0.1,0.1,0.0,0.1,0.00,0.00,0.00,0.00,0.05,0.00,0.05,0.05,0.0,0.0,0.0,0.0,0.0,0.0,0.0,0.0,0.0,0.0,0.0,0.0,0.0,0.0,0.0,0.0,0.0,0.0,0.0,0.0,0.0,0.0,0.0,0.0,2,0,0.0,1.03,0.00,0.00,,11.2,19,22,86.4,244,59,12,13,92.3,6,6,100.0,1,1,100.0,0,2,0,0,2,18,4,0,0,0,0,0,0,0,1,0.52,1,0.52,1,0,0,0,0,0,0,0.00,0,0,0,0,0,0,2,1,0,1,1,1,2,50.0,1,3,1,2,0,2,2,0,1.9,39,3,5,25,10,4,39,0,0,,0,,16,86,50,1,0,1,3,2,18,7,0.0,0.0
Lesley Ugochukwu,MF,Chelsea,19,12,3,301.0,3.3,0,0,0,0,0,0,2,0,0.0,0.0,0.1,0.1,0.00,0.00,0.00,0.00,0.00,0.03,0.00,0.03,0.0,0.0,0.0,0.0,0.0,0.0,0.0,0.0,0.0,0.0,0.0,0.0,0.0,0.0,0.0,0.0,0.0,0.0,0.0,0.0,0.0,0.0,0.0,0.0,0,0,,0.00,0.00,,,,155,183,84.7,2510,683,79,90,87.8,63,73,86.3,10,11,90.9,3,11,5,0,17,183,0,0,0,1,0,0,0,0,5,1.50,5,1.50,5,0,0,0,0,0,0,0.00,0,0,0,0,0,0,14,10,4,8,2,4,10,40.0,6,6,2,4,1,15,5,0,3.3,214,14,66,120,31,2,214,6,3,50.0,1,16.7,128,620,358,8,2,2,3,3,162,3,45000,2340000
Levi Colwill,DF,Chelsea,20,23,20,1797.0,20.0,1,1,2,1,0,0,2,0,1.3,1.3,1.2,2.5,0.05,0.05,0.10,0.05,0.06,0.06,0.06,0.12,0.0,0.0,0.0,0.0,0.0,0.0,0.0,0.0,0.0,0.0,0.0,0.0,0.0,0.0,0.0,0.0,0.0,0.0,0.0,0.0,0.0,0.0,0.0,0.0,11,3,27.3,0.55,0.15,0.09,0.33,11.9,965,1163,83.0,16310,5939,444,495,89.7,456,508,89.8,51,117,43.6,7,82,6,0,73,1033,126,28,4,0,12,94,0,4,27,1.35,27,1.35,21,1,1,4,0,0,3,0.15,3,0,0,0,0,0,48,30,26,17,5,26,34,76.5,8,28,10,18,26,74,66,0,20.0,1392,108,570,669,164,26,1392,13,9,69.2,4,30.8,766,3602,1985,23,17,2,22,4,873,27,100000,5200000
Lewis Cook,MF,Bournemouth,26,33,32,2786.0,31.0,0,3,3,0,0,0,5,1,0.4,0.4,4.3,4.6,0.00,0.10,0.10,0.00,0.01,0.14,0.01,0.15,0.0,0.0,0.0,0.0,0.0,0.0,0.0,0.0,0.0,0.0,0.0,0.0,0.0,0.0,0.0,0.0,0.0,0.0,0.0,0.0,0.0,0.0,0.0,0.0,12,4,33.3,0.39,0.13,0.00,0.00,24.0,1135,1487,76.3,20294,6864,458,539,85.0,539,616,87.5,112,257,43.6,46,138,20,4,142,1290,195,88,2,3,132,10,93,2,77,2.49,77,2.49,48,22,2,2,0,3,4,0.13,3,0,0,0,0,1,61,41,24,30,7,34,63,54.0,29,32,11,21,65,126,46,1,31.0,1773,92,418,1003,382,9,1773,36,21,58.3,14,38.9,786,3970,1971,22,24,0,35,19,865,15,40000,2080000
Lewis Dobbin,MF,Everton,20,12,1,232.0,2.6,1,0,1,1,0,0,1,0,0.3,0.3,0.5,0.8,0.39,0.00,0.39,0.39,0.11,0.19,0.11,0.30,0.0,0.0,0.0,0.0,0.0,0.0,0.0,0.0,0.0,0.0,0.0,0.0,0.0,0.0,0.0,0.0,0.0,0.0,0.0,0.0,0.0,0.0,0.0,0.0,5,2,40.0,1.94,0.78,0.20,0.50,15.6,44,65,67.7,537,95,32,36,88.9,9,17,52.9,2,5,40.0,4,0,3,1,3,60,3,1,0,0,7,2,0,2,6,2.33,6,2.33,3,0,0,2,1,0,0,0.00,0,0,0,0,0,0,9,7,3,5,1,5,9,55.6,4,5,1,4,1,10,0,0,2.6,127,0,24,42,65,11,127,21,6,28.6,15,71.4,89,622,211,6,11,4,12,6,80,20,8000,416000
Lewis Dunk,DF,Brighton,31,33,33,2869.0,31.9,3,1,4,3,0,0,7,1,3.1,3.1,0.9,4.0,0.09,0.03,0.13,0.09,0.10,0.03,0.10,0.12,0.0,0.0,0.0,0.0,0.0,0.0,0.0,0.0,0.0,0.0,0.0,0.0,0.0,0.0,0.0,0.0,0.0,0.0,0.0,0.0,0.0,0.0,0.0,0.0,33,12,36.4,1.04,0.38,0.09,0.25,13.4,2977,3233,92.1,50791,19478,1343,1382,97.2,1340,1417,94.6,216,340,63.5,13,204,8,1,152,3005,219,115,2,16,7,5,0,9,48,1.51,48,1.51,39,3,0,6,0,0,7,0.22,6,0,0,1,0,0,27,14,17,9,1,13,36,36.1,23,49,37,12,31,58,90,1,31.9,3481,554,1811,1542,145,51,3481,8,5,62.5,2,25.0,2417,10752,5605,33,18,2,9,2,2681,13,80000,4160000
Lewis Hall,DF,Newcastle Utd,18,18,8,781.0,8.7,1,0,1,1,0,0,2,0,0.3,0.3,0.3,0.6,0.12,0.00,0.12,0.12,0.04,0.03,0.04,0.07,0.0,0.0,0.0,0.0,0.0,0.0,0.0,0.0,0.0,0.0,0.0,0.0,0.0,0.0,0.0,0.0,0.0,0.0,0.0,0.0,0.0,0.0,0.0,0.0,11,4,36.4,1.27,0.46,0.09,0.25,20.8,452,552,81.9,7570,3083,229,248,92.3,186,220,84.5,33,61,54.1,3,41,3,1,46,474,76,11,0,2,23,59,6,2,20,2.30,20,2.30,14,1,3,1,1,0,3,0.35,3,0,0,0,0,0,28,18,17,10,1,17,28,60.7,11,17,2,15,12,40,22,1,8.7,668,35,255,285,137,12,668,18,9,50.0,7,38.9,343,1783,1035,19,16,5,9,13,400,27,7000,364000
Lewis Miley,MF,Newcastle Utd,17,17,14,1202.0,13.4,1,3,4,1,0,0,1,0,1.2,1.2,1.7,2.9,0.07,0.22,0.30,0.07,0.09,0.13,0.09,0.22,0.0,0.0,0.0,0.0,0.0,0.0,0.0,0.0,0.0,0.0,0.0,0.0,0.0,0.0,0.0,0.0,0.0,0.0,0.0,0.0,0.0,0.0,0.0,0.0,13,3,23.1,0.97,0.22,0.08,0.33,15.4,441,535,82.4,6580,1615,255,296,86.1,143,165,86.7,24,40,60.0,12,26,12,2,53,535,0,0,4,2,11,0,0,0,31,2.32,31,2.32,24,0,2,3,0,2,5,0.37,4,0,0,0,0,1,33,21,6,20,7,15,32,46.9,17,20,3,17,8,41,18,2,13.4,674,36,164,305,212,35,674,17,8,47.1,8,47.1,350,1664,654,14,7,6,16,10,435,54,5000,260000
Lewis Warrington,FW,Everton,20,1,0,1.0,0.0,0,0,0,0,0,0,0,0,0.0,0.0,0.0,0.0,0.00,0.00,0.00,0.00,0.00,0.00,0.00,0.00,0.0,0.0,0.0,0.0,0.0,0.0,0.0,0.0,0.0,0.0,0.0,0.0,0.0,0.0,0.0,0.0,0.0,0.0,0.0,0.0,0.0,0.0,0.0,0.0,0,0,,0.00,0.00,,,,2,2,100.0,53,0,0,0,,1,1,100.0,1,1,100.0,0,0,0,0,0,2,0,0,0,0,0,0,0,0,0,0.00,0,0.00,0,0,0,0,0,0,0,0.00,0,0,0,0,0,0,0,0,0,0,0,0,0,,0,0,0,0,0,0,0,0,0.0,3,0,1,2,0,0,3,0,0,,0,,1,5,5,0,0,0,0,0,1,0,0.0,0.0
Lisandro Martínez,DF,Manchester Utd,25,11,8,646.0,7.2,0,1,1,0,0,0,3,0,0.0,0.0,0.1,0.1,0.00,0.14,0.14,0.00,0.00,0.01,0.00,0.01,0.0,0.0,0.0,0.0,0.0,0.0,0.0,0.0,0.0,0.0,0.0,0.0,0.0,0.0,0.0,0.0,0.0,0.0,0.0,0.0,0.0,0.0,0.0,0.0,0,0,,0.00,0.00,,,,411,446,92.2,6870,2103,186,192,96.9,192,202,95.0,26,41,63.4,3,29,1,0,28,414,30,10,1,1,2,0,0,2,7,0.98,7,0.98,6,0,0,0,0,1,1,0.14,1,0,0,0,0,0,12,8,8,4,0,5,12,41.7,7,10,8,2,5,17,26,0,7.2,510,75,234,259,18,2,510,4,2,50.0,1,25.0,338,1775,1062,8,3,0,1,3,351,1,120000,6240000
Lloyd Kelly,DF,Bournemouth,24,23,17,1559.0,17.3,0,1,1,0,0,0,2,0,0.3,0.3,1.2,1.6,0.00,0.06,0.06,0.00,0.02,0.07,0.02,0.09,0.0,0.0,0.0,0.0,0.0,0.0,0.0,0.0,0.0,0.0,0.0,0.0,0.0,0.0,0.0,0.0,0.0,0.0,0.0,0.0,0.0,0.0,0.0,0.0,4,1,25.0,0.23,0.06,0.00,0.00,8.6,673,906,74.3,13526,4407,234,277,84.5,341,400,85.3,90,191,47.1,9,76,7,4,56,771,129,22,1,10,21,107,0,6,29,1.67,29,1.67,24,2,1,0,1,1,3,0.17,3,0,0,0,0,0,24,19,10,9,5,14,25,56.0,11,22,12,10,13,37,67,0,17.3,1065,127,432,484,156,11,1065,4,2,50.0,0,0.0,540,2680,1451,15,10,2,20,6,572,28,30000,1560000
Lorenz Assignon,DF,Burnley,23,15,15,1234.0,13.7,1,2,3,1,0,0,5,1,0.4,0.4,2.6,3.0,0.07,0.15,0.22,0.07,0.03,0.19,0.03,0.22,0.0,0.0,0.0,0.0,0.0,0.0,0.0,0.0,0.0,0.0,0.0,0.0,0.0,0.0,0.0,0.0,0.0,0.0,0.0,0.0,0.0,0.0,0.0,0.0,9,4,44.4,0.66,0.29,0.11,0.25,22.1,352,485,72.6,5411,1984,182,225,80.9,152,194,78.4,10,31,32.3,13,16,10,5,34,378,104,3,0,0,29,101,0,3,23,1.68,23,1.68,18,3,1,0,1,0,2,0.15,2,0,0,0,0,0,35,17,18,13,4,14,27,51.9,13,22,7,15,19,54,43,1,13.7,670,46,210,270,207,30,670,32,13,40.6,17,53.1,283,1862,1063,38,16,12,27,13,303,57,10000,520000
Loris Karius,GK,Newcastle Utd,30,1,1,90.0,1.0,0,0,0,0,0,0,0,0,0.0,0.0,0.0,0.0,0.00,0.00,0.00,0.00,0.00,0.00,0.00,0.00,4.00,7,4,42.9,0,0.0,2.0,0.29,3,18,16.7,27,5,48.1,36.3,9,55.6,41.8,10,1,10.0,3,3.00,19.5,0,0,,0.00,0.00,,,,21,37,56.8,507,279,4,4,100.0,14,14,100.0,3,18,16.7,0,0,0,0,0,24,12,3,0,0,0,0,0,1,0,0.00,0,0.00,0,0,0,0,0,0,0,0.00,0,0,0,0,0,0,0,0,0,0,0,0,0,,0,0,0,0,0,0,1,0,1.0,41,34,41,0,0,0,41,0,0,,0,,17,57,25,0,0,0,0,0,15,0,10000,520000
Luca Koleosho,"MF,FW",Burnley,18,15,13,974.0,10.8,1,1,2,1,0,0,0,0,2.0,2.0,1.3,3.3,0.09,0.09,0.18,0.09,0.18,0.12,0.18,0.30,0.0,0.0,0.0,0.0,0.0,0.0,0.0,0.0,0.0,0.0,0.0,0.0,0.0,0.0,0.0,0.0,0.0,0.0,0.0,0.0,0.0,0.0,0.0,0.0,23,5,21.7,2.13,0.46,0.04,0.20,18.5,192,274,70.1,2509,475,126,153,82.4,56,79,70.9,2,9,22.2,11,9,6,2,19,267,6,2,0,0,23,4,0,1,28,2.59,28,2.59,12,0,11,2,3,0,6,0.56,2,0,3,0,1,0,7,4,2,5,0,2,10,20.0,8,13,0,13,2,9,0,0,10.8,416,5,33,149,240,52,416,78,33,42.3,39,50.0,299,2603,1383,53,37,29,22,14,313,82,10000,520000
Lucas Digne,DF,Aston Villa,30,33,27,2410.0,26.8,1,3,4,1,0,0,7,0,1.1,1.1,4.1,5.2,0.04,0.11,0.15,0.04,0.04,0.15,0.04,0.19,0.0,0.0,0.0,0.0,0.0,0.0,0.0,0.0,0.0,0.0,0.0,0.0,0.0,0.0,0.0,0.0,0.0,0.0,0.0,0.0,0.0,0.0,0.0,0.0,20,4,20.0,0.75,0.15,0.05,0.25,20.0,1015,1351,75.1,16244,5595,524,594,88.2,406,529,76.7,66,148,44.6,37,49,34,15,77,1095,253,36,0,4,154,181,36,3,74,2.76,74,2.76,48,19,0,3,3,1,4,0.15,4,0,0,0,0,0,47,19,35,9,3,25,44,56.8,19,20,2,18,26,73,67,0,26.8,1590,71,468,541,593,56,1590,33,10,30.3,16,48.5,840,3630,1786,42,19,4,16,15,925,200,120000,6240000
Lucas Paquetá,"FW,MF",West Ham,25,31,31,2622.0,29.1,4,6,10,2,2,2,10,0,5.4,3.8,5.4,9.2,0.14,0.21,0.34,0.07,0.18,0.18,0.13,0.32,0.0,0.0,0.0,0.0,0.0,0.0,0.0,0.0,0.0,0.0,0.0,0.0,0.0,0.0,0.0,0.0,0.0,0.0,0.0,0.0,0.0,0.0,0.0,0.0,40,8,20.0,1.37,0.27,0.05,0.25,17.8,1082,1465,73.9,16561,5842,598,714,83.8,334,435,76.8,95,173,54.9,43,143,50,8,187,1397,60,20,30,17,35,11,0,8,95,3.26,95,3.26,77,1,7,2,6,2,16,0.55,13,1,2,0,0,0,71,48,38,26,7,25,52,48.1,27,28,1,27,21,92,28,2,29.1,1845,42,319,1018,533,63,1843,77,41,53.2,29,37.7,1103,4489,1771,34,40,12,72,81,1350,116,150000,7800000
Luis Díaz,FW,Liverpool,26,37,32,2629.0,29.2,8,5,13,8,0,0,3,0,11.9,11.9,5.7,17.5,0.27,0.17,0.45,0.27,0.41,0.19,0.41,0.60,0.0,0.0,0.0,0.0,0.0,0.0,0.0,0.0,0.0,0.0,0.0,0.0,0.0,0.0,0.0,0.0,0.0,0.0,0.0,0.0,0.0,0.0,0.0,0.0,94,32,34.0,3.22,1.10,0.09,0.25,15.0,898,1075,83.5,13772,2931,527,584,90.2,274,320,85.6,68,91,74.7,64,62,45,3,113,1040,29,4,4,11,26,24,0,6,163,5.58,163,5.58,121,1,17,15,8,1,9,0.31,9,0,0,0,0,0,35,25,5,17,13,7,30,23.3,23,15,0,15,3,38,8,0,29.2,1453,10,94,529,858,219,1453,140,67,47.9,57,40.7,1017,7500,3690,137,77,70,69,72,1128,302,55000,2860000
Luis Sinisterra,"FW,MF",Bournemouth,24,20,7,699.0,7.8,2,2,4,2,0,0,0,0,2.5,2.5,2.4,5.0,0.26,0.26,0.52,0.26,0.33,0.31,0.33,0.64,0.0,0.0,0.0,0.0,0.0,0.0,0.0,0.0,0.0,0.0,0.0,0.0,0.0,0.0,0.0,0.0,0.0,0.0,0.0,0.0,0.0,0.0,0.0,0.0,27,8,29.6,3.48,1.03,0.07,0.25,13.9,226,292,77.4,3223,747,145,169,85.8,57,66,86.4,13,20,65.0,20,9,16,1,38,292,0,0,1,5,11,0,0,0,42,5.42,42,5.42,27,0,9,4,0,2,3,0.39,0,0,0,3,0,0,23,12,9,10,4,9,16,56.3,7,18,0,18,8,31,4,0,7.8,430,11,63,134,242,83,430,49,29,59.2,18,36.7,267,2098,1195,51,20,35,24,10,309,85,65000,3380000
Luke Berry,"MF,DF",Luton Town,31,17,2,323.0,3.6,2,1,3,2,0,0,1,0,1.0,1.0,0.3,1.3,0.56,0.28,0.84,0.56,0.28,0.07,0.28,0.35,0.0,0.0,0.0,0.0,0.0,0.0,0.0,0.0,0.0,0.0,0.0,0.0,0.0,0.0,0.0,0.0,0.0,0.0,0.0,0.0,0.0,0.0,0.0,0.0,8,4,50.0,2.23,1.11,0.25,0.50,10.9,64,99,64.6,984,310,38,45,84.4,18,32,56.3,6,15,40.0,2,5,0,0,8,83,16,4,0,0,8,2,6,0,6,1.67,6,1.67,2,1,1,2,0,0,1,0.28,0,0,1,0,0,0,7,2,2,4,1,2,3,66.7,1,6,1,5,0,7,3,0,3.6,143,5,28,70,46,13,143,3,2,66.7,0,0.0,56,140,30,1,2,0,5,4,70,7,10000,520000
Luke Harris,MF,Fulham,18,1,0,75.0,0.8,0,0,0,0,0,0,0,0,0.3,0.3,0.0,0.3,0.00,0.00,0.00,0.00,0.33,0.00,0.33,0.33,0.0,0.0,0.0,0.0,0.0,0.0,0.0,0.0,0.0,0.0,0.0,0.0,0.0,0.0,0.0,0.0,0.0,0.0,0.0,0.0,0.0,0.0,0.0,0.0,1,1,100.0,1.20,1.20,0.00,0.00,11.2,11,14,78.6,172,14,5,8,62.5,4,4,100.0,1,1,100.0,0,0,1,0,1,11,3,0,0,0,0,0,0,0,0,0.00,0,0.00,0,0,0,0,0,0,0,0.00,0,0,0,0,0,0,1,1,1,0,0,0,1,0.0,1,0,0,0,0,1,0,0,0.8,19,1,8,6,5,1,19,2,0,0.0,2,100.0,9,39,6,0,1,0,0,0,11,0,12500,650000
Luke Shaw,DF,Manchester Utd,28,12,12,959.0,10.7,0,0,0,0,0,0,6,0,0.0,0.0,1.0,1.0,0.00,0.00,0.00,0.00,0.00,0.09,0.00,0.10,0.0,0.0,0.0,0.0,0.0,0.0,0.0,0.0,0.0,0.0,0.0,0.0,0.0,0.0,0.0,0.0,0.0,0.0,0.0,0.0,0.0,0.0,0.0,0.0,2,0,0.0,0.19,0.00,0.00,,21.2,531,648,81.9,8242,3114,273,306,89.2,201,237,84.8,31,65,47.7,13,33,7,0,45,540,106,17,2,3,33,62,19,2,23,2.16,23,2.16,13,9,1,0,0,0,0,0.00,0,0,0,0,0,0,11,8,7,3,1,9,15,60.0,6,18,11,7,6,17,39,0,10.7,754,81,283,326,148,12,754,11,7,63.6,4,36.4,398,1854,832,10,11,1,14,6,435,30,150000,7800000
Luke Thomas,DF,Sheffield Utd,22,12,11,917.0,10.2,0,0,0,0,0,0,3,0,0.5,0.5,0.1,0.6,0.00,0.00,0.00,0.00,0.05,0.00,0.05,0.06,0.0,0.0,0.0,0.0,0.0,0.0,0.0,0.0,0.0,0.0,0.0,0.0,0.0,0.0,0.0,0.0,0.0,0.0,0.0,0.0,0.0,0.0,0.0,0.0,6,1,16.7,0.59,0.10,0.00,0.00,15.1,234,319,73.4,3866,1408,115,133,86.5,96,121,79.3,19,44,43.2,2,23,5,2,33,287,32,1,0,0,13,31,0,0,10,0.98,10,0.98,8,0,0,1,1,0,0,0.00,0,0,0,0,0,0,20,9,13,6,1,8,14,57.1,6,23,5,18,10,30,27,0,10.2,430,34,160,188,88,11,430,10,5,50.0,4,40.0,191,803,391,8,7,1,11,5,230,22,15000,780000
Lyle Foster,"FW,MF",Burnley,22,24,22,1899.0,21.1,5,3,8,5,0,0,0,1,4.5,4.5,1.9,6.4,0.24,0.14,0.38,0.24,0.21,0.09,0.21,0.30,0.0,0.0,0.0,0.0,0.0,0.0,0.0,0.0,0.0,0.0,0.0,0.0,0.0,0.0,0.0,0.0,0.0,0.0,0.0,0.0,0.0,0.0,0.0,0.0,34,16,47.1,1.61,0.76,0.15,0.31,14.6,312,461,67.7,4471,835,197,268,73.5,91,124,73.4,14,20,70.0,19,21,12,0,37,430,29,2,3,5,3,4,0,2,41,1.95,41,1.95,35,0,2,3,1,0,4,0.19,4,0,0,0,0,0,19,10,5,6,8,6,17,35.3,11,13,3,10,3,22,34,0,21.1,692,41,93,289,321,93,692,39,19,48.7,18,46.2,380,2464,1278,55,31,36,69,33,479,104,32500,1690000
Mads Juel Andersen,DF,Luton Town,25,8,4,400.0,4.4,1,0,1,1,0,0,1,0,0.3,0.3,0.0,0.3,0.23,0.00,0.23,0.23,0.06,0.00,0.06,0.06,0.0,0.0,0.0,0.0,0.0,0.0,0.0,0.0,0.0,0.0,0.0,0.0,0.0,0.0,0.0,0.0,0.0,0.0,0.0,0.0,0.0,0.0,0.0,0.0,3,1,33.3,0.68,0.23,0.33,1.00,9.2,87,117,74.4,1570,766,41,47,87.2,37,48,77.1,9,19,47.4,0,7,0,0,7,115,2,0,0,1,0,2,0,0,0,0.00,0,0.00,0,0,0,0,0,0,0,0.00,0,0,0,0,0,0,6,5,4,2,0,4,4,100.0,0,9,6,3,8,14,29,0,4.4,182,56,118,57,7,4,182,1,0,0.0,1,100.0,58,301,112,0,0,0,6,0,64,1,15000,780000
Mads Roerslev,DF,Brentford,24,34,22,1985.0,22.1,1,2,3,1,0,0,1,0,0.9,0.9,1.8,2.7,0.05,0.09,0.14,0.05,0.04,0.08,0.04,0.12,0.0,0.0,0.0,0.0,0.0,0.0,0.0,0.0,0.0,0.0,0.0,0.0,0.0,0.0,0.0,0.0,0.0,0.0,0.0,0.0,0.0,0.0,0.0,0.0,7,1,14.3,0.32,0.05,0.14,1.00,14.3,496,742,66.8,8448,2978,238,301,79.1,202,297,68.0,47,93,50.5,15,32,23,21,43,664,74,3,1,3,62,71,0,4,33,1.50,33,1.50,29,0,3,0,0,1,3,0.14,3,0,0,0,0,0,48,31,34,9,5,27,54,50.0,27,15,3,12,19,67,71,0,22.1,966,99,362,342,268,23,966,28,11,39.3,15,53.6,448,1985,864,18,12,6,23,15,520,90,20000,1040000
Mahmoud Dahoud,MF,Brighton,27,9,6,452.0,5.0,0,1,1,0,0,0,1,1,0.2,0.2,0.9,1.1,0.00,0.20,0.20,0.00,0.04,0.18,0.04,0.22,0.0,0.0,0.0,0.0,0.0,0.0,0.0,0.0,0.0,0.0,0.0,0.0,0.0,0.0,0.0,0.0,0.0,0.0,0.0,0.0,0.0,0.0,0.0,0.0,6,1,16.7,1.19,0.20,0.00,0.00,26.8,284,328,86.6,4011,886,169,176,96.0,84,99,84.8,16,25,64.0,10,21,1,1,11,326,2,2,1,0,3,0,0,0,13,2.59,13,2.59,13,0,0,0,0,0,2,0.40,2,0,0,0,0,0,9,4,2,4,3,3,9,33.3,6,4,1,3,1,10,5,0,5.0,368,12,86,225,58,4,368,5,2,40.0,3,60.0,239,951,406,4,3,1,6,5,303,6,55000,2860000
Malo Gusto,DF,Chelsea,20,27,19,1751.0,19.5,0,6,6,0,0,0,7,1,0.9,0.9,4.3,5.2,0.00,0.31,0.31,0.00,0.05,0.22,0.05,0.27,0.0,0.0,0.0,0.0,0.0,0.0,0.0,0.0,0.0,0.0,0.0,0.0,0.0,0.0,0.0,0.0,0.0,0.0,0.0,0.0,0.0,0.0,0.0,0.0,15,5,33.3,0.77,0.26,0.00,0.00,18.2,1230,1423,86.4,17534,5080,761,829,91.8,394,454,86.8,48,73,65.8,32,49,29,13,86,1244,176,38,2,0,64,138,0,3,52,2.67,52,2.67,47,2,1,0,0,2,7,0.36,7,0,0,0,0,0,55,27,34,15,6,35,52,67.3,17,28,4,24,17,72,43,1,19.5,1641,71,470,698,499,49,1641,42,17,40.5,20,47.6,972,5376,2791,78,41,16,32,12,1103,135,45000,2340000
Manor Solomon,FW,Tottenham,24,5,2,199.0,2.2,0,2,2,0,0,0,1,0,0.4,0.4,0.8,1.2,0.00,0.90,0.90,0.00,0.19,0.38,0.19,0.56,0.0,0.0,0.0,0.0,0.0,0.0,0.0,0.0,0.0,0.0,0.0,0.0,0.0,0.0,0.0,0.0,0.0,0.0,0.0,0.0,0.0,0.0,0.0,0.0,7,1,14.3,3.17,0.45,0.00,0.00,16.8,78,90,86.7,1105,196,45,48,93.8,28,35,80.0,3,4,75.0,12,3,7,1,11,90,0,0,1,0,5,0,0,0,19,8.59,19,8.59,16,0,1,1,1,0,2,0.90,2,0,0,0,0,0,3,3,1,1,1,1,2,50.0,1,4,0,4,3,6,2,0,2.2,125,1,14,29,83,20,125,17,10,58.8,7,41.2,92,695,404,17,8,9,5,2,92,44,60000,3120000
Manuel Akanji,"DF,MF",Manchester City,28,30,28,2511.0,27.9,2,0,2,2,0,0,4,1,1.9,1.9,0.5,2.4,0.07,0.00,0.07,0.07,0.07,0.02,0.07,0.09,0.0,0.0,0.0,0.0,0.0,0.0,0.0,0.0,0.0,0.0,0.0,0.0,0.0,0.0,0.0,0.0,0.0,0.0,0.0,0.0,0.0,0.0,0.0,0.0,15,5,33.3,0.54,0.18,0.13,0.40,17.0,2180,2334,93.4,35688,9787,1091,1136,96.0,923,975,94.7,126,163,77.3,13,214,15,2,148,2261,71,34,4,15,9,27,0,2,55,1.97,55,1.97,45,1,0,3,2,4,4,0.14,4,0,0,0,0,0,42,28,16,18,8,22,39,56.4,17,28,12,16,23,65,70,3,27.9,2544,163,779,1385,392,27,2544,4,2,50.0,2,50.0,1639,8282,4923,46,51,3,14,9,1983,36,180000,9360000
Marc Cucurella,DF,Chelsea,25,21,20,1782.0,19.8,0,2,2,0,0,0,10,0,1.1,1.1,1.1,2.2,0.00,0.10,0.10,0.00,0.06,0.05,0.06,0.11,0.0,0.0,0.0,0.0,0.0,0.0,0.0,0.0,0.0,0.0,0.0,0.0,0.0,0.0,0.0,0.0,0.0,0.0,0.0,0.0,0.0,0.0,0.0,0.0,8,4,50.0,0.40,0.20,0.00,0.00,14.4,1036,1196,86.6,15110,4408,595,645,92.2,383,430,89.1,32,65,49.2,19,51,7,4,50,1043,153,30,1,2,16,123,0,0,35,1.77,35,1.77,28,1,1,1,4,0,3,0.15,2,0,0,0,1,0,62,38,36,21,5,34,64,53.1,30,36,13,23,22,84,48,0,19.8,1426,91,575,590,270,27,1426,13,4,30.8,7,53.8,657,2861,1579,31,15,3,15,6,873,73,175000,9100000
Marc Guéhi,DF,Crystal Palace,23,25,23,2021.0,22.5,0,1,1,0,0,0,2,0,0.6,0.6,0.6,1.2,0.00,0.04,0.04,0.00,0.03,0.03,0.03,0.05,0.0,0.0,0.0,0.0,0.0,0.0,0.0,0.0,0.0,0.0,0.0,0.0,0.0,0.0,0.0,0.0,0.0,0.0,0.0,0.0,0.0,0.0,0.0,0.0,5,0,0.0,0.22,0.00,0.00,,9.7,1138,1309,86.9,22770,7962,363,403,90.1,636,673,94.5,130,212,61.3,7,90,5,0,67,1251,56,51,1,18,3,5,0,2,22,0.98,22,0.98,17,0,0,2,2,1,2,0.09,2,0,0,0,0,0,28,19,21,7,0,14,24,58.3,10,22,17,5,18,46,89,1,22.5,1501,196,761,678,67,12,1501,13,7,53.8,4,30.8,898,4190,2201,15,9,1,9,2,1011,7,50000,2600000
Marcos Senesi,DF,Bournemouth,26,31,26,2242.0,24.9,4,5,9,4,0,0,13,0,2.0,2.0,1.7,3.7,0.16,0.20,0.36,0.16,0.08,0.07,0.08,0.15,0.0,0.0,0.0,0.0,0.0,0.0,0.0,0.0,0.0,0.0,0.0,0.0,0.0,0.0,0.0,0.0,0.0,0.0,0.0,0.0,0.0,0.0,0.0,0.0,13,4,30.8,0.52,0.16,0.31,1.00,12.3,1005,1297,77.5,21763,9395,307,340,90.3,511,570,89.6,181,345,52.5,22,156,31,11,127,1244,47,40,4,6,25,7,0,6,49,1.97,49,1.97,44,0,0,2,1,2,8,0.32,8,0,0,0,0,0,55,32,28,23,4,24,56,42.9,32,50,23,27,35,90,109,1,24.9,1614,184,743,762,129,20,1614,20,11,55.0,8,40.0,910,4789,3098,31,34,3,19,11,950,4,50000,2600000
Marcus Rashford,FW,Manchester Utd,25,33,26,2271.0,25.2,7,2,9,5,2,2,2,0,7.4,5.8,2.3,8.1,0.28,0.08,0.36,0.20,0.29,0.09,0.23,0.32,0.0,0.0,0.0,0.0,0.0,0.0,0.0,0.0,0.0,0.0,0.0,0.0,0.0,0.0,0.0,0.0,0.0,0.0,0.0,0.0,0.0,0.0,0.0,0.0,60,19,31.7,2.38,0.75,0.08,0.26,16.8,559,742,75.3,7674,2035,351,418,84.0,139,192,72.4,33,61,54.1,23,34,30,1,65,708,26,0,6,4,35,16,3,8,87,3.45,87,3.45,57,1,16,7,6,0,12,0.48,10,0,1,0,1,0,19,12,9,4,6,9,26,34.6,17,15,1,14,4,23,21,0,25.2,1025,24,124,345,571,130,1023,109,48,44.0,53,48.6,690,4978,2393,95,51,64,59,38,799,185,300000,15600000
Marcus Tavernier,FW,Bournemouth,24,30,25,2118.0,23.5,3,4,7,3,0,0,3,0,3.9,3.9,5.2,9.1,0.13,0.17,0.30,0.13,0.17,0.22,0.17,0.39,0.0,0.0,0.0,0.0,0.0,0.0,0.0,0.0,0.0,0.0,0.0,0.0,0.0,0.0,0.0,0.0,0.0,0.0,0.0,0.0,0.0,0.0,0.0,0.0,53,16,30.2,2.25,0.68,0.06,0.19,20.0,658,920,71.5,10699,3392,358,421,85.0,222,282,78.7,60,142,42.3,44,46,35,7,84,790,121,25,3,8,116,35,59,9,101,4.29,101,4.29,72,14,5,5,4,1,9,0.38,6,2,0,0,1,0,53,34,25,22,6,26,48,54.2,22,31,3,28,5,58,23,0,23.5,1246,34,182,404,686,94,1246,106,44,41.5,55,51.9,693,4995,2411,79,82,25,53,41,765,171,35000,1820000
Mario Lemina,MF,Wolves,29,35,34,2968.0,33.0,4,1,5,4,0,0,12,1,4.6,4.6,1.5,6.2,0.12,0.03,0.15,0.12,0.14,0.05,0.14,0.19,0.0,0.0,0.0,0.0,0.0,0.0,0.0,0.0,0.0,0.0,0.0,0.0,0.0,0.0,0.0,0.0,0.0,0.0,0.0,0.0,0.0,0.0,0.0,0.0,48,18,37.5,1.46,0.55,0.08,0.22,16.6,1261,1470,85.8,20364,5341,654,718,91.1,485,550,88.2,92,146,63.0,20,65,8,3,76,1432,31,21,8,12,15,9,0,7,47,1.42,47,1.42,42,0,0,4,1,0,5,0.15,4,0,0,0,1,0,90,58,46,33,11,25,47,53.2,22,36,9,27,41,131,64,0,33.0,1817,130,557,980,308,51,1817,46,25,54.3,19,41.3,932,4902,2281,32,31,3,33,22,1203,49,45000,2340000
Mark Flekken,GK,Brentford,30,37,37,3285.0,36.5,0,1,1,0,0,0,3,0,0.0,0.0,0.5,0.5,0.00,0.03,0.03,0.00,0.00,0.01,0.00,0.01,1.73,176,113,65.3,7,18.9,55.4,0.31,242,647,37.4,1288,131,36.6,34.5,289,60.9,46.7,568,44,7.7,37,1.01,12.6,0,0,,0.00,0.00,,,,1131,1580,71.6,32732,22385,159,161,98.8,575,580,99.1,394,832,47.4,4,37,1,0,5,1122,455,166,0,5,0,0,0,3,10,0.27,10,0.27,3,7,0,0,0,0,3,0.08,1,2,0,0,0,0,1,1,1,0,0,1,5,20.0,4,1,0,1,0,1,17,1,36.5,1658,1268,1584,74,0,0,1658,4,3,75.0,1,25.0,930,5167,2908,0,0,0,0,0,810,0,30000,1560000
Mark O'Mahony,FW,Brighton,18,3,1,63.0,0.7,0,0,0,0,0,0,1,0,0.1,0.1,0.0,0.1,0.00,0.00,0.00,0.00,0.08,0.00,0.08,0.08,0.0,0.0,0.0,0.0,0.0,0.0,0.0,0.0,0.0,0.0,0.0,0.0,0.0,0.0,0.0,0.0,0.0,0.0,0.0,0.0,0.0,0.0,0.0,0.0,1,0,0.0,1.43,0.00,0.00,,16.8,13,16,81.3,162,2,7,8,87.5,5,6,83.3,0,0,,0,0,0,0,0,16,0,0,0,0,0,0,0,0,0,0.00,0,0.00,0,0,0,0,0,0,0,0.00,0,0,0,0,0,0,1,0,1,0,0,1,2,50.0,1,2,1,1,0,1,1,0,0.7,27,2,6,15,6,2,27,0,0,,0,,16,66,10,0,0,0,4,0,21,0,0.0,0.0
Mark Travers,GK,Bournemouth,24,4,4,360.0,4.0,0,0,0,0,0,0,0,0,0.0,0.0,0.0,0.0,0.00,0.00,0.00,0.00,0.00,0.00,0.00,0.00,1.25,18,13,77.8,2,50.0,5.0,0.23,22,72,30.6,92,13,55.4,41.7,26,80.8,55.6,60,3,5.0,3,0.75,14.8,0,0,,0.00,0.00,,,,67,118,56.8,2248,1616,10,10,100.0,31,31,100.0,26,77,33.8,0,5,0,0,0,76,42,16,0,0,0,0,0,0,2,0.50,2,0.50,1,1,0,0,0,0,0,0.00,0,0,0,0,0,0,0,0,0,0,0,0,0,,0,0,0,0,0,0,2,0,4.0,131,111,131,0,0,0,131,0,0,,0,,70,405,180,0,0,0,0,0,52,0,20000,1040000
Martin Dúbravka,GK,Newcastle Utd,34,23,22,1985.0,22.1,0,0,0,0,0,0,1,0,0.0,0.0,0.1,0.1,0.00,0.00,0.00,0.00,0.00,0.00,0.00,0.00,1.90,130,87,70.8,5,22.7,42.2,0.29,56,165,33.9,480,143,15.6,25.4,169,53.3,39.1,296,20,6.8,22,1.00,12.9,0,0,,0.00,0.00,,,,519,651,79.7,11869,6941,133,135,98.5,273,278,98.2,109,232,47.0,1,1,0,0,0,443,206,37,0,1,0,0,0,2,0,0.00,0,0.00,0,0,0,0,0,0,0,0.00,0,0,0,0,0,0,0,0,0,0,0,0,4,0.0,4,0,0,0,0,0,8,1,22.1,709,604,702,7,0,0,709,0,0,,0,,378,2050,1374,0,0,0,3,0,260,0,40000,2080000
Martin Ødegaard,MF,Arsenal,24,35,35,3091.0,34.3,8,10,18,6,2,2,2,0,7.4,5.8,9.6,15.5,0.23,0.29,0.52,0.17,0.22,0.28,0.17,0.45,0.0,0.0,0.0,0.0,0.0,0.0,0.0,0.0,0.0,0.0,0.0,0.0,0.0,0.0,0.0,0.0,0.0,0.0,0.0,0.0,0.0,0.0,0.0,0.0,75,21,28.0,2.18,0.61,0.08,0.29,20.2,1692,2006,84.3,25780,7898,907,992,91.4,635,744,85.3,91,140,65.0,102,160,130,13,344,1887,103,55,39,3,77,13,26,16,220,6.41,220,6.41,178,17,8,10,6,1,23,0.67,18,2,0,2,1,0,49,17,18,21,10,17,58,29.3,41,23,1,22,15,64,5,0,34.3,2326,24,244,926,1173,165,2324,81,37,45.7,38,46.9,1563,8190,3514,91,83,37,53,58,1827,202,240000,12480000
Marvelous Nakamba,MF,Luton Town,29,13,13,1130.0,12.6,0,0,0,0,0,0,5,0,0.2,0.2,0.4,0.6,0.00,0.00,0.00,0.00,0.01,0.03,0.01,0.05,0.0,0.0,0.0,0.0,0.0,0.0,0.0,0.0,0.0,0.0,0.0,0.0,0.0,0.0,0.0,0.0,0.0,0.0,0.0,0.0,0.0,0.0,0.0,0.0,5,0,0.0,0.40,0.00,0.00,,23.6,356,423,84.2,5622,1605,184,203,90.6,126,143,88.1,27,42,64.3,7,27,2,1,36,404,18,14,0,5,4,3,0,1,13,1.03,13,1.03,13,0,0,0,0,0,0,0.00,0,0,0,0,0,0,40,24,24,14,2,24,42,57.1,18,23,6,17,11,51,11,1,12.6,546,30,133,320,101,3,546,10,3,30.0,5,50.0,224,1064,344,1,8,0,10,4,251,5,30000,1560000
Mason Burstow,FW,Chelsea,19,2,0,9.0,0.1,0,0,0,0,0,0,0,0,0.0,0.0,0.0,0.0,0.00,0.00,0.00,0.00,0.00,0.00,0.00,0.00,0.0,0.0,0.0,0.0,0.0,0.0,0.0,0.0,0.0,0.0,0.0,0.0,0.0,0.0,0.0,0.0,0.0,0.0,0.0,0.0,0.0,0.0,0.0,0.0,0,0,,0.00,0.00,,,,3,4,75.0,29,1,3,3,100.0,0,0,,0,0,,0,0,0,0,0,3,1,0,0,0,0,0,0,0,0,0.00,0,0.00,0,0,0,0,0,0,0,0.00,0,0,0,0,0,0,0,0,0,0,0,0,0,,0,0,0,0,0,0,0,0,0.1,6,0,0,1,5,1,6,0,0,,0,,2,1,0,0,0,0,1,0,3,1,0.0,0.0
Mason Holgate,DF,Sheffield Utd,26,10,9,710.0,7.9,0,0,0,0,0,0,3,1,0.6,0.6,0.4,1.1,0.00,0.00,0.00,0.00,0.08,0.05,0.08,0.13,0.0,0.0,0.0,0.0,0.0,0.0,0.0,0.0,0.0,0.0,0.0,0.0,0.0,0.0,0.0,0.0,0.0,0.0,0.0,0.0,0.0,0.0,0.0,0.0,3,0,0.0,0.38,0.00,0.00,,6.5,138,211,65.4,2552,1215,65,83,78.3,52,78,66.7,19,44,43.2,1,17,2,2,13,169,41,3,0,1,7,38,0,1,4,0.51,4,0.51,2,1,0,1,0,0,0,0.00,0,0,0,0,0,0,12,7,5,6,1,5,12,41.7,7,12,5,7,11,23,40,0,7.9,296,53,143,119,35,3,296,2,1,50.0,1,50.0,95,356,159,0,2,1,4,1,105,0,70000,3640000
Mason Mount,"MF,FW",Manchester Utd,24,14,5,516.0,5.7,1,0,1,1,0,0,2,0,0.4,0.4,0.3,0.7,0.17,0.00,0.17,0.17,0.07,0.06,0.07,0.13,0.0,0.0,0.0,0.0,0.0,0.0,0.0,0.0,0.0,0.0,0.0,0.0,0.0,0.0,0.0,0.0,0.0,0.0,0.0,0.0,0.0,0.0,0.0,0.0,5,1,20.0,0.87,0.17,0.20,1.00,13.6,179,219,81.7,2414,735,111,125,88.8,42,53,79.2,10,17,58.8,6,17,6,2,21,207,12,1,1,1,14,2,8,0,18,3.15,18,3.15,11,2,2,0,1,2,0,0.00,0,0,0,0,0,0,22,14,6,10,6,6,16,37.5,10,6,1,5,6,28,3,0,5.7,289,11,44,125,125,17,289,12,4,33.3,6,50.0,152,797,321,9,5,2,11,6,180,34,250000,13000000
Mateo Kovačić,MF,Manchester City,29,30,16,1551.0,17.2,1,0,1,1,0,0,4,0,1.3,1.3,1.6,2.9,0.06,0.00,0.06,0.06,0.07,0.09,0.07,0.17,0.0,0.0,0.0,0.0,0.0,0.0,0.0,0.0,0.0,0.0,0.0,0.0,0.0,0.0,0.0,0.0,0.0,0.0,0.0,0.0,0.0,0.0,0.0,0.0,22,5,22.7,1.28,0.29,0.05,0.20,20.8,1435,1527,94.0,20506,4603,835,862,96.9,514,544,94.5,41,57,71.9,21,120,15,0,100,1491,34,24,4,1,0,2,1,2,54,3.14,54,3.14,47,0,2,4,1,0,6,0.35,5,0,0,1,0,0,36,25,16,15,5,18,28,64.3,10,23,1,22,10,46,10,0,17.2,1689,33,226,1079,395,16,1689,32,20,62.5,7,21.9,1141,6091,2733,37,51,1,16,24,1431,38,150000,7800000
Matheus Cunha,"FW,MF",Wolves,24,32,29,2440.0,27.1,12,7,19,11,1,1,9,0,9.5,8.7,3.2,11.9,0.44,0.26,0.70,0.41,0.35,0.12,0.32,0.44,0.0,0.0,0.0,0.0,0.0,0.0,0.0,0.0,0.0,0.0,0.0,0.0,0.0,0.0,0.0,0.0,0.0,0.0,0.0,0.0,0.0,0.0,0.0,0.0,72,36,50.0,2.66,1.33,0.15,0.31,18.0,658,831,79.2,8887,2308,411,476,86.3,182,229,79.5,32,57,56.1,28,56,31,1,87,769,56,8,8,7,24,15,3,6,78,2.88,78,2.88,46,1,12,8,8,3,13,0.48,9,0,1,1,1,1,30,16,8,17,5,13,35,37.1,22,28,7,21,13,43,21,1,27.1,1220,30,169,611,474,121,1219,140,64,45.7,61,43.6,718,5683,3203,107,79,38,80,53,885,139,60000,3120000
Matheus França,"MF,FW",Crystal Palace,19,10,1,232.0,2.6,0,1,1,0,0,0,1,0,0.4,0.4,0.9,1.2,0.00,0.39,0.39,0.00,0.14,0.34,0.14,0.48,0.0,0.0,0.0,0.0,0.0,0.0,0.0,0.0,0.0,0.0,0.0,0.0,0.0,0.0,0.0,0.0,0.0,0.0,0.0,0.0,0.0,0.0,0.0,0.0,8,2,25.0,3.10,0.78,0.00,0.00,21.8,51,79,64.6,910,256,20,29,69.0,24,29,82.8,5,13,38.5,6,4,2,0,8,69,10,1,0,1,14,0,9,0,8,3.10,8,3.10,4,3,0,0,1,0,2,0.78,1,0,0,0,1,0,3,3,2,1,0,1,7,14.3,6,4,0,4,1,4,1,0,2.6,119,3,31,45,51,9,119,14,4,28.6,9,64.3,81,722,372,12,11,5,4,7,73,12,40000,2080000
Matheus Nunes,MF,Manchester City,24,17,7,661.0,7.3,0,2,2,0,0,0,0,0,0.8,0.8,1.1,2.0,0.00,0.27,0.27,0.00,0.11,0.15,0.11,0.27,0.0,0.0,0.0,0.0,0.0,0.0,0.0,0.0,0.0,0.0,0.0,0.0,0.0,0.0,0.0,0.0,0.0,0.0,0.0,0.0,0.0,0.0,0.0,0.0,1,0,0.0,0.50,0.00,0.00,,15.4,87,106,82.1,1077,279,59,68,86.8,23,26,88.5,2,6,33.3,3,6,1,0,8,97,8,4,0,0,3,2,1,1,7,3.52,7,3.52,5,2,0,0,0,0,0,0.00,0,0,0,0,0,0,3,1,3,0,0,2,6,33.3,4,0,0,0,6,9,1,0,2.0,131,4,30,66,40,6,131,17,11,64.7,4,23.5,93,634,336,7,6,3,3,4,95,9,130000,6760000
Matheus Nunes,MF,Wolves,24,2,2,179.0,2.0,0,0,0,0,0,0,2,1,0.1,0.1,0.1,0.2,0.00,0.00,0.00,0.00,0.04,0.05,0.04,0.09,0.0,0.0,0.0,0.0,0.0,0.0,0.0,0.0,0.0,0.0,0.0,0.0,0.0,0.0,0.0,0.0,0.0,0.0,0.0,0.0,0.0,0.0,0.0,0.0,1,0,0.0,0.50,0.00,0.00,,15.4,87,106,82.1,1077,279,59,68,86.8,23,26,88.5,2,6,33.3,3,6,1,0,8,97,8,4,0,0,3,2,1,1,7,3.52,7,3.52,5,2,0,0,0,0,0,0.00,0,0,0,0,0,0,3,1,3,0,0,2,6,33.3,4,0,0,0,6,9,1,0,2.0,131,4,30,66,40,6,131,17,11,64.7,4,23.5,93,634,336,7,6,3,3,4,95,9,130000,6760000
Mathias Jensen,MF,Brentford,27,32,27,2204.0,24.5,3,3,6,3,0,0,5,0,0.7,0.7,4.0,4.7,0.12,0.12,0.25,0.12,0.03,0.16,0.03,0.19,0.0,0.0,0.0,0.0,0.0,0.0,0.0,0.0,0.0,0.0,0.0,0.0,0.0,0.0,0.0,0.0,0.0,0.0,0.0,0.0,0.0,0.0,0.0,0.0,14,7,50.0,0.57,0.29,0.21,0.43,26.7,875,1202,72.8,17423,6338,362,423,85.6,337,439,76.8,152,268,56.7,41,88,41,11,123,924,272,47,8,25,113,111,65,6,87,3.55,87,3.55,48,35,0,0,3,1,8,0.33,5,2,0,0,1,0,54,32,25,22,7,26,95,27.4,69,41,6,35,23,77,25,1,24.5,1440,48,288,689,475,21,1440,44,18,40.9,23,52.3,641,2961,1265,19,17,3,31,18,768,66,50000,2600000
Mathias Jørgensen,DF,Brentford,33,14,12,1087.0,12.1,1,0,1,1,0,0,4,0,0.7,0.7,0.9,1.7,0.08,0.00,0.08,0.08,0.06,0.08,0.06,0.14,0.0,0.0,0.0,0.0,0.0,0.0,0.0,0.0,0.0,0.0,0.0,0.0,0.0,0.0,0.0,0.0,0.0,0.0,0.0,0.0,0.0,0.0,0.0,0.0,8,2,25.0,0.66,0.17,0.13,0.50,14.2,446,593,75.2,7338,3528,227,262,86.6,186,238,78.2,27,62,43.5,7,52,9,1,50,526,64,3,1,0,8,61,0,3,12,0.99,12,0.99,11,0,0,1,0,0,0,0.00,0,0,0,0,0,0,17,12,15,1,1,11,19,57.9,8,9,5,4,12,29,40,0,12.1,704,74,287,350,70,24,704,4,3,75.0,0,0.0,275,1222,758,5,4,0,4,1,372,4,25000,1300000
Matt Doherty,"DF,MF",Wolves,31,30,9,1150.0,12.8,1,0,1,1,0,0,2,0,0.8,0.8,1.3,2.2,0.08,0.00,0.08,0.08,0.07,0.10,0.07,0.17,0.0,0.0,0.0,0.0,0.0,0.0,0.0,0.0,0.0,0.0,0.0,0.0,0.0,0.0,0.0,0.0,0.0,0.0,0.0,0.0,0.0,0.0,0.0,0.0,9,3,33.3,0.70,0.23,0.11,0.33,10.8,515,653,78.9,7798,2105,296,348,85.1,174,212,82.1,31,55,56.4,12,22,7,1,31,566,87,11,0,5,13,76,0,0,19,1.48,19,1.48,18,1,0,0,0,0,0,0.00,0,0,0,0,0,0,31,18,17,10,4,12,23,52.2,11,15,5,10,7,38,47,0,12.8,811,60,274,336,205,31,811,14,6,42.9,7,50.0,325,1293,597,12,8,3,17,6,481,64,50000,2600000
Matt Ritchie,"FW,MF",Newcastle Utd,33,13,0,128.0,1.4,1,0,1,1,0,0,1,0,1.0,1.0,0.0,1.0,0.70,0.00,0.70,0.70,0.68,0.00,0.68,0.68,0.0,0.0,0.0,0.0,0.0,0.0,0.0,0.0,0.0,0.0,0.0,0.0,0.0,0.0,0.0,0.0,0.0,0.0,0.0,0.0,0.0,0.0,0.0,0.0,6,4,66.7,4.22,2.81,0.17,0.25,12.0,70,93,75.3,959,234,45,53,84.9,22,26,84.6,2,9,22.2,0,5,3,0,8,91,2,0,0,0,7,0,2,0,3,2.11,3,2.11,3,0,0,0,0,0,1,0.70,1,0,0,0,0,0,5,3,2,2,1,2,4,50.0,2,3,2,1,1,6,5,0,1.4,125,6,26,42,57,9,125,2,0,0.0,1,50.0,58,293,160,5,5,2,3,1,85,13,45000,2340000
Matt Targett,DF,Newcastle Utd,27,3,1,78.0,0.9,0,0,0,0,0,0,1,0,0.0,0.0,0.0,0.0,0.00,0.00,0.00,0.00,0.00,0.03,0.00,0.03,0.0,0.0,0.0,0.0,0.0,0.0,0.0,0.0,0.0,0.0,0.0,0.0,0.0,0.0,0.0,0.0,0.0,0.0,0.0,0.0,0.0,0.0,0.0,0.0,0,0,,0.00,0.00,,,,36,41,87.8,657,188,13,13,100.0,17,18,94.4,6,9,66.7,1,2,0,0,2,38,3,0,0,0,0,3,0,0,4,4.62,4,4.62,4,0,0,0,0,0,0,0.00,0,0,0,0,0,0,2,0,1,1,0,1,1,100.0,0,1,0,1,0,2,2,0,0.9,51,1,22,25,5,0,51,2,0,0.0,1,50.0,34,153,91,1,1,0,0,0,33,0,100000,5200000
Matt Turner,GK,Nott'ham Forest,29,17,17,1530.0,17.0,0,0,0,0,0,0,2,0,0.0,0.0,0.0,0.0,0.00,0.00,0.00,0.00,0.00,0.00,0.00,0.00,1.65,80,52,67.5,2,11.8,22.1,0.26,126,280,45.0,436,99,42.7,35.7,136,69.1,47.0,296,30,10.1,18,1.06,13.3,0,0,,0.00,0.00,,,,398,578,68.9,12363,9869,87,87,100.0,147,151,97.4,162,330,49.1,0,10,0,0,0,373,199,63,0,0,0,0,0,6,4,0.24,4,0.24,4,0,0,0,0,0,0,0.00,0,0,0,0,0,0,0,0,0,0,0,0,0,,0,0,0,0,0,0,8,4,17.0,616,489,611,6,0,0,616,0,0,,0,,319,1984,1372,0,0,0,1,0,230,0,40000,2080000
Matty Cash,DF,Aston Villa,25,29,23,2142.0,23.8,2,2,4,2,0,0,8,0,4.2,4.2,2.3,6.5,0.08,0.08,0.17,0.08,0.18,0.10,0.18,0.27,0.0,0.0,0.0,0.0,0.0,0.0,0.0,0.0,0.0,0.0,0.0,0.0,0.0,0.0,0.0,0.0,0.0,0.0,0.0,0.0,0.0,0.0,0.0,0.0,33,13,39.4,1.39,0.55,0.06,0.15,16.2,985,1225,80.4,16094,4888,490,545,89.9,415,501,82.8,63,131,48.1,13,69,19,8,88,1043,181,24,0,3,39,157,0,1,44,1.85,44,1.85,34,1,0,6,2,1,8,0.34,7,0,0,0,1,0,54,31,24,24,6,29,59,49.2,30,35,14,21,18,72,59,0,23.8,1497,89,491,657,364,54,1497,41,12,29.3,20,48.8,861,4885,2233,62,41,18,21,15,896,101,80000,4160000
Matz Sels,GK,Nott'ham Forest,31,16,16,1440.0,16.0,0,0,0,0,0,0,1,0,0.0,0.0,0.1,0.1,0.00,0.00,0.00,0.00,0.00,0.00,0.00,0.00,1.69,61,36,57.4,1,6.3,17.1,0.27,75,179,41.9,283,51,45.9,36.6,93,52.7,41.4,222,11,5.0,4,0.25,9.4,0,0,,0.00,0.00,,,,263,378,69.6,7689,5794,66,66,100.0,102,104,98.1,92,203,45.3,1,14,3,0,0,254,122,29,0,0,0,0,0,2,1,0.06,1,0.06,1,0,0,0,0,0,0,0.00,0,0,0,0,0,0,0,0,0,0,0,0,0,,0,0,0,0,0,0,11,1,16.0,409,334,404,5,0,0,409,0,0,,0,,213,1147,659,0,0,0,0,0,178,0,35000,1820000
Max Aarons,DF,Bournemouth,23,20,13,1237.0,13.7,0,1,1,0,0,0,1,0,0.0,0.0,0.8,0.9,0.00,0.07,0.07,0.00,0.00,0.06,0.00,0.06,0.0,0.0,0.0,0.0,0.0,0.0,0.0,0.0,0.0,0.0,0.0,0.0,0.0,0.0,0.0,0.0,0.0,0.0,0.0,0.0,0.0,0.0,0.0,0.0,2,0,0.0,0.15,0.00,0.00,,23.9,450,581,77.5,7402,2789,220,248,88.7,188,235,80.0,34,63,54.0,7,25,13,2,43,453,127,11,2,3,13,116,0,1,23,1.68,23,1.68,16,4,0,0,3,0,2,0.15,2,0,0,0,0,0,29,19,20,7,2,20,34,58.8,14,9,5,4,8,37,27,0,13.7,711,43,252,303,165,11,711,34,14,41.2,12,35.3,364,2174,1121,22,12,7,13,8,371,26,35000,1820000
Max Kilman,DF,Wolves,26,38,38,3420.0,38.0,2,0,2,2,0,0,7,0,1.8,1.8,1.4,3.2,0.05,0.00,0.05,0.05,0.05,0.04,0.05,0.08,0.0,0.0,0.0,0.0,0.0,0.0,0.0,0.0,0.0,0.0,0.0,0.0,0.0,0.0,0.0,0.0,0.0,0.0,0.0,0.0,0.0,0.0,0.0,0.0,14,5,35.7,0.37,0.13,0.14,0.40,9.8,1979,2309,85.7,36846,13119,766,824,93.0,1008,1087,92.7,183,346,52.9,17,109,11,1,117,2245,55,38,2,20,6,8,0,9,39,1.03,39,1.03,34,0,2,2,0,1,0,0.00,0,0,0,0,0,0,47,21,40,6,1,24,32,75.0,8,64,37,27,39,86,182,4,38.0,2706,451,1478,1110,133,30,2706,16,10,62.5,3,18.8,1582,7276,4107,22,17,1,8,10,1877,5,50000,2600000
Max Lowe,"DF,MF",Sheffield Utd,26,10,4,503.0,5.6,0,0,0,0,0,0,1,0,0.6,0.6,0.7,1.3,0.00,0.00,0.00,0.00,0.10,0.13,0.10,0.23,0.0,0.0,0.0,0.0,0.0,0.0,0.0,0.0,0.0,0.0,0.0,0.0,0.0,0.0,0.0,0.0,0.0,0.0,0.0,0.0,0.0,0.0,0.0,0.0,2,0,0.0,0.36,0.00,0.00,,10.4,84,130,64.6,1242,436,53,71,74.6,25,42,59.5,6,12,50.0,2,6,3,0,12,113,17,0,0,0,8,15,2,0,8,1.43,8,1.43,7,0,0,1,0,0,1,0.18,1,0,0,0,0,0,21,10,13,5,3,8,15,53.3,7,10,4,6,5,26,15,0,5.6,203,23,78,64,63,6,203,5,2,40.0,3,60.0,66,271,105,5,2,1,6,0,88,11,10000,520000
Maxime Estève,DF,Burnley,21,16,15,1309.0,14.5,0,0,0,0,0,0,6,0,0.3,0.3,0.0,0.3,0.00,0.00,0.00,0.00,0.02,0.00,0.02,0.02,0.0,0.0,0.0,0.0,0.0,0.0,0.0,0.0,0.0,0.0,0.0,0.0,0.0,0.0,0.0,0.0,0.0,0.0,0.0,0.0,0.0,0.0,0.0,0.0,7,0,0.0,0.48,0.00,0.00,,19.1,690,821,84.0,11622,2998,308,343,89.8,336,371,90.6,36,79,45.6,1,41,0,0,40,754,66,13,1,3,5,5,0,1,8,0.55,8,0.55,6,0,0,0,2,0,1,0.07,1,0,0,0,0,0,27,10,15,12,0,18,32,56.3,14,21,10,11,27,54,56,0,14.5,979,158,465,463,52,8,979,3,1,33.3,0,0.0,514,2716,1664,15,18,2,5,3,600,3,5000,260000
Maxwel Cornet,"MF,FW",West Ham,26,7,1,112.0,1.2,1,0,1,1,0,0,0,0,0.4,0.4,0.2,0.6,0.80,0.00,0.80,0.80,0.32,0.13,0.32,0.46,0.0,0.0,0.0,0.0,0.0,0.0,0.0,0.0,0.0,0.0,0.0,0.0,0.0,0.0,0.0,0.0,0.0,0.0,0.0,0.0,0.0,0.0,0.0,0.0,4,1,25.0,3.21,0.80,0.25,1.00,12.5,36,49,73.5,407,70,27,34,79.4,6,8,75.0,0,1,0.0,4,0,0,0,2,48,1,0,0,0,1,0,0,0,5,4.02,5,4.02,4,0,0,1,0,0,0,0.00,0,0,0,0,0,0,3,2,3,0,0,1,5,20.0,4,2,0,2,2,5,1,0,1.2,68,1,12,22,35,8,68,2,0,0.0,1,50.0,34,280,84,3,2,2,1,3,41,8,65000,3380000
Michael Keane,DF,Everton,30,9,4,439.0,4.9,1,0,1,1,0,0,2,0,0.7,0.7,0.0,0.7,0.21,0.00,0.21,0.21,0.14,0.00,0.14,0.14,0.0,0.0,0.0,0.0,0.0,0.0,0.0,0.0,0.0,0.0,0.0,0.0,0.0,0.0,0.0,0.0,0.0,0.0,0.0,0.0,0.0,0.0,0.0,0.0,6,4,66.7,1.23,0.82,0.17,0.25,10.8,171,221,77.4,3519,1261,47,60,78.3,98,113,86.7,23,42,54.8,0,15,0,0,14,217,3,3,0,1,0,0,0,1,4,0.82,4,0.82,3,0,0,1,0,0,1,0.21,0,0,0,1,0,0,7,3,3,3,1,1,7,14.3,6,5,4,1,5,12,18,1,4.9,270,35,122,126,24,11,270,3,2,66.7,1,33.3,154,595,296,4,2,0,2,3,170,3,80000,4160000
Michael Ndiweni,FW,Newcastle Utd,19,1,0,1.0,0.0,0,0,0,0,0,0,0,0,0.0,0.0,0.0,0.0,0.00,0.00,0.00,0.00,0.00,0.00,0.00,0.00,0.0,0.0,0.0,0.0,0.0,0.0,0.0,0.0,0.0,0.0,0.0,0.0,0.0,0.0,0.0,0.0,0.0,0.0,0.0,0.0,0.0,0.0,0.0,0.0,0,0,,0.00,0.00,,,,1,2,50.0,16,15,0,0,,1,1,100.0,0,0,,0,0,0,0,0,2,0,0,0,0,0,0,0,0,0,0.00,0,0.00,0,0,0,0,0,0,0,0.00,0,0,0,0,0,0,0,0,0,0,0,0,0,,0,0,0,0,0,0,0,0,0.0,2,0,0,2,0,0,2,0,0,,0,,0,0,0,0,0,0,0,0,0,0,0.0,0.0
Michael Obafemi,"FW,MF",Burnley,23,2,0,20.0,0.2,0,0,0,0,0,0,0,0,0.1,0.1,0.0,0.1,0.00,0.00,0.00,0.00,0.40,0.00,0.40,0.40,0.0,0.0,0.0,0.0,0.0,0.0,0.0,0.0,0.0,0.0,0.0,0.0,0.0,0.0,0.0,0.0,0.0,0.0,0.0,0.0,0.0,0.0,0.0,0.0,2,0,0.0,9.00,0.00,0.00,,19.8,4,5,80.0,55,2,3,3,100.0,1,1,100.0,0,0,,0,0,0,0,0,5,0,0,0,0,0,0,0,0,1,4.29,1,4.29,1,0,0,0,0,0,1,4.29,1,0,0,0,0,0,0,0,0,0,0,0,0,,0,1,0,1,0,0,0,0,0.2,9,0,0,3,6,4,9,3,3,100.0,0,0.0,6,32,11,0,0,0,0,1,6,3,15000,780000
Michael Olakigbe,"DF,FW",Brentford,19,8,0,59.0,0.7,0,0,0,0,0,0,0,0,0.1,0.1,0.0,0.1,0.00,0.00,0.00,0.00,0.18,0.00,0.18,0.18,0.0,0.0,0.0,0.0,0.0,0.0,0.0,0.0,0.0,0.0,0.0,0.0,0.0,0.0,0.0,0.0,0.0,0.0,0.0,0.0,0.0,0.0,0.0,0.0,3,0,0.0,4.58,0.00,0.00,,20.5,27,40,67.5,347,74,17,20,85.0,7,10,70.0,1,5,20.0,0,2,1,0,4,38,2,1,0,0,7,1,0,0,3,4.58,3,4.58,2,0,1,0,0,0,0,0.00,0,0,0,0,0,0,3,0,2,1,0,2,4,50.0,2,7,0,7,1,4,0,1,0.7,70,0,11,21,38,10,70,11,3,27.3,7,63.6,42,437,229,10,5,3,4,1,48,17,0.0,0.0
Michael Olise,"FW,MF",Crystal Palace,21,19,14,1275.0,14.2,10,6,16,9,1,1,0,0,5.5,4.7,5.8,10.5,0.71,0.42,1.13,0.64,0.39,0.41,0.33,0.74,0.0,0.0,0.0,0.0,0.0,0.0,0.0,0.0,0.0,0.0,0.0,0.0,0.0,0.0,0.0,0.0,0.0,0.0,0.0,0.0,0.0,0.0,0.0,0.0,56,20,35.7,3.95,1.41,0.16,0.45,18.5,540,721,74.9,8557,2634,300,339,88.5,154,195,79.0,55,116,47.4,36,43,34,3,78,605,111,44,7,4,97,10,41,5,82,5.79,82,5.79,44,15,11,5,7,0,14,0.99,11,1,2,0,0,0,19,10,7,10,2,8,24,33.3,16,21,0,21,11,30,9,0,14.2,959,10,102,396,483,80,958,83,40,48.2,33,39.8,563,3979,2210,68,50,27,41,33,692,134,100000,5200000
Michail Antonio,FW,West Ham,33,26,21,1695.0,18.8,6,2,8,6,0,0,6,0,5.8,5.8,0.9,6.7,0.32,0.11,0.42,0.32,0.31,0.05,0.31,0.35,0.0,0.0,0.0,0.0,0.0,0.0,0.0,0.0,0.0,0.0,0.0,0.0,0.0,0.0,0.0,0.0,0.0,0.0,0.0,0.0,0.0,0.0,0.0,0.0,30,14,46.7,1.59,0.74,0.20,0.43,13.1,180,308,58.4,2635,626,111,154,72.1,48,90,53.3,13,26,50.0,8,13,7,2,22,288,18,1,3,4,27,11,0,2,33,1.75,33,1.75,18,1,5,3,4,2,5,0.27,4,0,1,0,0,0,15,8,5,6,4,3,11,27.3,8,16,3,13,4,19,4,0,18.8,527,7,49,226,259,59,527,62,29,46.8,26,41.9,345,2320,1084,48,17,19,69,39,398,104,85000,4420000
Micky van de Ven,DF,Tottenham,22,27,27,2339.0,26.0,3,0,3,3,0,0,5,0,0.6,0.6,0.0,0.6,0.12,0.00,0.12,0.12,0.02,0.00,0.02,0.02,0.0,0.0,0.0,0.0,0.0,0.0,0.0,0.0,0.0,0.0,0.0,0.0,0.0,0.0,0.0,0.0,0.0,0.0,0.0,0.0,0.0,0.0,0.0,0.0,8,3,37.5,0.31,0.12,0.38,1.00,16.0,1698,1810,93.8,29840,10172,674,698,96.6,894,941,95.0,99,124,79.8,1,121,3,0,108,1707,100,48,0,1,3,21,0,3,11,0.42,11,0.42,9,0,1,0,1,0,1,0.04,0,0,1,0,0,0,49,35,34,12,3,24,33,72.7,9,25,15,10,18,67,78,1,26.0,2023,244,966,976,102,15,2023,27,15,55.6,9,33.3,1422,6561,3058,19,16,2,15,12,1499,9,50000,2600000
Miguel Almirón,FW,Newcastle Utd,29,33,23,1937.0,21.5,3,1,4,3,0,0,2,0,4.5,4.5,2.6,7.2,0.14,0.05,0.19,0.14,0.21,0.12,0.21,0.33,0.0,0.0,0.0,0.0,0.0,0.0,0.0,0.0,0.0,0.0,0.0,0.0,0.0,0.0,0.0,0.0,0.0,0.0,0.0,0.0,0.0,0.0,0.0,0.0,41,12,29.3,1.91,0.56,0.07,0.25,16.1,668,801,83.4,9023,1846,411,456,90.1,208,250,83.2,21,38,55.3,24,38,21,3,78,788,10,2,5,0,24,7,1,3,52,2.41,52,2.41,40,1,3,7,1,0,4,0.19,2,1,0,1,0,0,36,24,13,15,8,11,29,37.9,18,29,2,27,10,46,13,0,21.5,1029,25,137,430,475,86,1029,52,23,44.2,22,42.3,652,4488,2276,78,43,22,30,27,741,162,60000,3120000
Mike Trésor,"FW,MF",Burnley,24,16,3,420.0,4.7,0,0,0,0,0,0,0,0,0.5,0.5,0.4,0.9,0.00,0.00,0.00,0.00,0.10,0.08,0.10,0.18,0.0,0.0,0.0,0.0,0.0,0.0,0.0,0.0,0.0,0.0,0.0,0.0,0.0,0.0,0.0,0.0,0.0,0.0,0.0,0.0,0.0,0.0,0.0,0.0,5,0,0.0,1.07,0.00,0.00,,19.7,120,180,66.7,1614,462,73,86,84.9,32,52,61.5,4,19,21.1,7,6,2,0,10,156,24,3,0,0,32,2,19,0,10,2.14,10,2.14,4,5,1,0,0,0,0,0.00,0,0,0,0,0,0,10,6,9,1,0,8,18,44.4,10,5,0,5,1,11,1,0,4.7,238,7,48,76,121,6,238,22,11,50.0,11,50.0,136,777,437,15,7,3,9,6,149,31,10000,520000
Mikey Moore,MF,Tottenham,15,2,0,4.0,0.0,0,0,0,0,0,0,0,0,0.0,0.0,0.0,0.0,0.00,0.00,0.00,0.00,0.00,0.00,0.00,0.00,0.0,0.0,0.0,0.0,0.0,0.0,0.0,0.0,0.0,0.0,0.0,0.0,0.0,0.0,0.0,0.0,0.0,0.0,0.0,0.0,0.0,0.0,0.0,0.0,0,0,,0.00,0.00,,,,4,5,80.0,51,11,3,4,75.0,1,1,100.0,0,0,,0,0,0,0,1,5,0,0,0,0,0,0,0,0,0,0.00,0,0.00,0,0,0,0,0,0,0,0.00,0,0,0,0,0,0,0,0,0,0,0,0,0,,0,0,0,0,0,0,1,0,0.0,8,1,1,3,4,0,8,1,0,0.0,1,100.0,4,44,41,2,1,0,1,0,5,2,0.0,0.0
Mikkel Damsgaard,MF,Brentford,23,23,7,842.0,9.4,0,2,2,0,0,0,2,0,0.9,0.9,1.4,2.4,0.00,0.21,0.21,0.00,0.10,0.16,0.10,0.25,0.0,0.0,0.0,0.0,0.0,0.0,0.0,0.0,0.0,0.0,0.0,0.0,0.0,0.0,0.0,0.0,0.0,0.0,0.0,0.0,0.0,0.0,0.0,0.0,9,4,44.4,0.96,0.43,0.00,0.00,18.0,300,432,69.4,4940,1897,151,194,77.8,116,151,76.8,26,55,47.3,10,50,11,1,61,409,21,5,10,3,29,7,7,2,26,2.78,26,2.78,18,3,0,3,1,1,5,0.54,3,0,0,1,1,0,29,17,13,9,7,14,40,35.0,26,23,1,22,11,40,10,1,9.4,555,15,108,260,195,20,555,20,9,45.0,11,55.0,316,1578,846,16,11,3,18,8,346,32,30000,1560000
Milos Kerkez,DF,Bournemouth,19,28,22,1970.0,21.9,0,1,1,0,0,0,4,1,1.2,1.2,0.8,2.0,0.00,0.05,0.05,0.00,0.06,0.04,0.06,0.09,0.0,0.0,0.0,0.0,0.0,0.0,0.0,0.0,0.0,0.0,0.0,0.0,0.0,0.0,0.0,0.0,0.0,0.0,0.0,0.0,0.0,0.0,0.0,0.0,16,5,31.3,0.73,0.23,0.00,0.00,19.3,613,844,72.6,9811,3390,322,375,85.9,237,333,71.2,43,94,45.7,12,34,14,9,44,677,165,5,1,3,55,160,0,2,32,1.46,32,1.46,25,0,0,4,2,1,4,0.18,2,0,0,0,1,1,47,26,31,13,3,30,42,71.4,12,31,11,20,20,67,60,2,21.9,1095,81,371,386,352,31,1095,27,12,44.4,12,44.4,518,3192,1617,46,28,8,29,10,538,93,30000,1560000
Mohamed Elneny,MF,Arsenal,31,3,0,28.0,0.3,0,0,0,0,0,0,0,0,0.1,0.1,0.0,0.1,0.00,0.00,0.00,0.00,0.26,0.00,0.26,0.26,0.0,0.0,0.0,0.0,0.0,0.0,0.0,0.0,0.0,0.0,0.0,0.0,0.0,0.0,0.0,0.0,0.0,0.0,0.0,0.0,0.0,0.0,0.0,0.0,2,1,50.0,6.43,3.21,0.00,0.00,25.8,39,40,97.5,624,147,18,19,94.7,21,21,100.0,0,0,,0,2,0,0,1,39,1,1,0,0,0,0,0,0,1,3.21,1,3.21,1,0,0,0,0,0,0,0.00,0,0,0,0,0,0,0,0,0,0,0,0,1,0.0,1,0,0,0,1,1,0,0,0.3,45,1,9,30,6,1,45,0,0,,0,,27,148,62,1,0,0,1,0,37,0,55000,2860000
Mohamed Salah,FW,Liverpool,31,32,28,2534.0,28.2,18,10,28,13,5,7,2,0,21.2,15.5,11.8,27.3,0.64,0.36,0.99,0.46,0.75,0.42,0.55,0.97,0.0,0.0,0.0,0.0,0.0,0.0,0.0,0.0,0.0,0.0,0.0,0.0,0.0,0.0,0.0,0.0,0.0,0.0,0.0,0.0,0.0,0.0,0.0,0.0,107,47,43.9,3.80,1.67,0.12,0.28,15.5,737,1010,73.0,10826,3213,433,510,84.9,234,331,70.7,43,65,66.2,66,56,68,6,147,968,28,4,18,3,41,20,0,14,139,4.94,139,4.94,103,2,7,21,5,1,20,0.71,14,0,2,3,1,0,17,11,1,8,8,6,21,28.6,15,19,1,18,2,19,1,0,28.2,1359,4,47,460,866,241,1352,77,27,35.1,49,63.6,977,5309,2614,98,54,66,77,59,1116,341,350000,18200000
Mohammed Kudus,"FW,MF",West Ham,22,33,27,2484.0,27.6,8,6,14,8,0,0,6,0,5.1,5.1,3.5,8.6,0.29,0.22,0.51,0.29,0.19,0.13,0.19,0.31,0.0,0.0,0.0,0.0,0.0,0.0,0.0,0.0,0.0,0.0,0.0,0.0,0.0,0.0,0.0,0.0,0.0,0.0,0.0,0.0,0.0,0.0,0.0,0.0,67,17,25.4,2.43,0.62,0.12,0.47,18.6,677,875,77.4,11263,1764,357,405,88.1,231,281,82.2,70,108,64.8,28,32,29,16,80,855,16,8,3,6,94,4,2,4,100,3.62,100,3.62,53,1,25,8,12,1,16,0.58,8,0,3,3,2,0,65,47,27,27,11,20,40,50.0,20,25,0,25,11,76,9,1,27.6,1311,20,193,582,590,102,1311,221,124,56.1,77,34.8,904,6874,3225,117,62,40,80,93,936,216,90000,4680000
Moisés Caicedo,MF,Chelsea,21,35,33,2866.0,31.8,1,3,4,1,0,0,11,0,0.4,0.4,2.6,3.0,0.03,0.09,0.13,0.03,0.01,0.08,0.01,0.09,0.0,0.0,0.0,0.0,0.0,0.0,0.0,0.0,0.0,0.0,0.0,0.0,0.0,0.0,0.0,0.0,0.0,0.0,0.0,0.0,0.0,0.0,0.0,0.0,13,4,30.8,0.41,0.13,0.08,0.25,29.0,1907,2119,90.0,29696,8181,1046,1120,93.4,673,726,92.7,124,162,76.5,23,176,20,0,173,2065,45,39,12,12,10,3,0,9,66,2.07,66,2.07,52,0,3,1,6,4,12,0.38,11,0,0,0,0,1,91,46,38,42,11,36,60,60.0,24,59,25,34,37,128,44,4,31.8,2452,122,687,1405,382,9,2452,56,26,46.4,24,42.9,1378,5497,2466,27,31,1,36,24,1828,27,150000,7800000
Morgan Gibbs-White,"MF,FW",Nott'ham Forest,23,37,35,3156.0,35.1,5,10,15,4,1,1,9,0,6.9,6.1,8.4,14.5,0.14,0.29,0.43,0.11,0.20,0.24,0.17,0.41,0.0,0.0,0.0,0.0,0.0,0.0,0.0,0.0,0.0,0.0,0.0,0.0,0.0,0.0,0.0,0.0,0.0,0.0,0.0,0.0,0.0,0.0,0.0,0.0,70,13,18.6,2.00,0.37,0.06,0.31,19.8,1046,1482,70.6,18447,6110,499,610,81.8,350,452,77.4,153,298,51.3,74,114,39,13,171,1257,214,91,17,17,182,5,97,11,149,4.25,149,4.25,86,38,9,7,8,1,18,0.51,14,3,0,1,0,0,36,24,6,20,10,14,33,42.4,19,31,8,23,17,53,21,0,35.1,1879,28,217,896,801,103,1878,116,44,37.9,55,47.4,1034,5615,2866,79,61,15,78,44,1235,181,80000,4160000
Morgan Rogers,"MF,FW",Aston Villa,21,11,8,638.0,7.1,3,1,4,3,0,0,3,0,1.4,1.4,0.6,2.0,0.42,0.14,0.56,0.42,0.19,0.09,0.19,0.28,0.0,0.0,0.0,0.0,0.0,0.0,0.0,0.0,0.0,0.0,0.0,0.0,0.0,0.0,0.0,0.0,0.0,0.0,0.0,0.0,0.0,0.0,0.0,0.0,11,5,45.5,1.55,0.71,0.27,0.60,14.8,147,195,75.4,2253,847,77,99,77.8,50,60,83.3,12,14,85.7,9,16,12,0,28,182,10,0,2,2,2,2,0,3,23,3.25,23,3.25,18,0,3,0,2,0,4,0.57,2,0,1,0,1,0,8,1,3,2,3,2,11,18.2,9,11,0,11,3,11,11,0,7.1,289,10,66,131,98,23,289,33,17,51.5,12,36.4,150,1084,563,22,11,6,17,11,185,30,20000,1040000
Moussa Diaby,"FW,MF",Aston Villa,24,38,25,2174.0,24.2,6,8,14,6,0,0,1,0,7.0,7.0,6.6,13.6,0.25,0.33,0.58,0.25,0.29,0.27,0.29,0.56,0.0,0.0,0.0,0.0,0.0,0.0,0.0,0.0,0.0,0.0,0.0,0.0,0.0,0.0,0.0,0.0,0.0,0.0,0.0,0.0,0.0,0.0,0.0,0.0,54,22,40.7,2.24,0.91,0.11,0.27,15.9,485,619,78.4,6960,1348,280,329,85.1,170,215,79.1,17,32,53.1,47,29,40,9,72,567,51,3,6,2,45,4,1,1,80,3.31,80,3.31,64,1,6,7,2,0,10,0.41,9,0,1,0,0,0,12,5,5,4,3,4,22,18.2,18,8,1,7,9,21,6,0,24.2,824,12,69,298,470,136,824,70,29,41.4,37,52.9,568,3926,2013,94,43,39,33,30,620,183,130000,6760000
Moussa Niakhate,DF,Nott'ham Forest,27,21,15,1460.0,16.2,1,0,1,1,0,0,5,1,1.1,1.1,0.1,1.2,0.06,0.00,0.06,0.06,0.07,0.01,0.07,0.08,0.0,0.0,0.0,0.0,0.0,0.0,0.0,0.0,0.0,0.0,0.0,0.0,0.0,0.0,0.0,0.0,0.0,0.0,0.0,0.0,0.0,0.0,0.0,0.0,5,1,20.0,0.31,0.06,0.20,1.00,9.0,618,775,79.7,11445,4223,237,252,94.0,310,381,81.4,66,123,53.7,3,30,5,1,39,687,87,12,0,3,11,74,0,1,11,0.68,11,0.68,8,3,0,0,0,0,0,0.00,0,0,0,0,0,0,42,25,33,9,0,20,25,80.0,5,19,12,7,14,56,51,0,16.2,927,121,465,368,104,7,927,3,3,100.0,0,0.0,502,2511,1183,13,12,1,4,3,536,6,45000,2340000
Murillo,DF,Nott'ham Forest,21,32,32,2789.0,31.0,0,2,2,0,0,0,5,0,1.8,1.8,1.2,3.0,0.00,0.06,0.06,0.00,0.06,0.04,0.06,0.10,0.0,0.0,0.0,0.0,0.0,0.0,0.0,0.0,0.0,0.0,0.0,0.0,0.0,0.0,0.0,0.0,0.0,0.0,0.0,0.0,0.0,0.0,0.0,0.0,17,6,35.3,0.55,0.19,0.00,0.00,22.6,1122,1459,76.9,22965,10556,387,440,88.0,571,656,87.0,154,326,47.2,7,101,11,0,89,1377,73,42,6,18,4,3,0,9,30,0.97,30,0.97,20,1,5,3,1,0,4,0.13,2,1,0,0,1,0,50,31,36,13,1,19,33,57.6,14,41,24,17,37,87,188,0,31.0,1848,357,1043,731,94,30,1848,35,20,57.1,15,42.9,985,5485,3398,22,15,3,20,15,1090,7,30000,1560000
Mykhailo Mudryk,FW,Chelsea,22,31,18,1576.0,17.5,5,2,7,5,0,0,5,0,4.4,4.4,4.1,8.5,0.29,0.11,0.40,0.29,0.25,0.23,0.25,0.48,0.0,0.0,0.0,0.0,0.0,0.0,0.0,0.0,0.0,0.0,0.0,0.0,0.0,0.0,0.0,0.0,0.0,0.0,0.0,0.0,0.0,0.0,0.0,0.0,35,12,34.3,2.00,0.69,0.14,0.42,17.2,385,566,68.0,5618,1853,237,300,79.0,96,148,64.9,30,66,45.5,32,24,22,4,45,498,62,4,5,9,78,5,52,6,60,3.43,60,3.43,39,10,7,1,3,0,9,0.51,3,1,2,1,2,0,21,12,9,7,5,10,32,31.3,22,14,1,13,9,30,9,0,17.5,777,14,116,255,420,78,777,81,39,48.1,31,38.3,509,4183,2418,92,56,36,54,22,572,139,100000,5200000
Myles Peart-Harris,"DF,MF",Brentford,20,3,0,13.0,0.1,0,0,0,0,0,0,0,0,0.0,0.0,0.0,0.0,0.00,0.00,0.00,0.00,0.00,0.12,0.00,0.12,0.0,0.0,0.0,0.0,0.0,0.0,0.0,0.0,0.0,0.0,0.0,0.0,0.0,0.0,0.0,0.0,0.0,0.0,0.0,0.0,0.0,0.0,0.0,0.0,0,0,,0.00,0.00,,,,6,10,60.0,68,10,5,5,100.0,1,2,50.0,0,2,0.0,1,1,0,0,1,8,2,0,0,0,1,2,0,0,1,6.92,1,6.92,1,0,0,0,0,0,0,0.00,0,0,0,0,0,0,0,0,0,0,0,0,0,,0,0,0,0,0,0,1,0,0.1,11,0,1,3,7,1,11,0,0,,0,,8,64,37,2,1,0,0,2,8,1,5000,260000
Naouirou Ahamada,"MF,FW",Crystal Palace,21,20,0,349.0,3.9,0,0,0,0,0,0,4,1,0.5,0.5,0.0,0.5,0.00,0.00,0.00,0.00,0.13,0.01,0.13,0.13,0.0,0.0,0.0,0.0,0.0,0.0,0.0,0.0,0.0,0.0,0.0,0.0,0.0,0.0,0.0,0.0,0.0,0.0,0.0,0.0,0.0,0.0,0.0,0.0,9,2,22.2,2.32,0.52,0.00,0.00,20.4,150,187,80.2,2455,628,76,89,85.4,59,69,85.5,10,14,71.4,1,12,0,0,25,183,4,1,0,0,6,2,0,0,9,2.30,9,2.30,9,0,0,0,0,0,3,0.77,3,0,0,0,0,0,13,9,5,6,2,8,17,47.1,9,3,0,3,2,15,4,0,3.9,240,6,46,123,75,8,240,13,7,53.8,5,38.5,150,1018,486,19,8,4,8,11,169,20,20000,1040000
Nathan Aké,DF,Manchester City,28,29,24,2042.0,22.7,2,2,4,2,0,0,0,0,2.5,2.5,1.2,3.7,0.09,0.09,0.18,0.09,0.11,0.05,0.11,0.16,0.0,0.0,0.0,0.0,0.0,0.0,0.0,0.0,0.0,0.0,0.0,0.0,0.0,0.0,0.0,0.0,0.0,0.0,0.0,0.0,0.0,0.0,0.0,0.0,20,5,25.0,0.88,0.22,0.10,0.40,10.8,1716,1864,92.1,26189,8717,882,921,95.8,750,796,94.2,43,85,50.6,10,148,5,1,116,1744,118,32,1,3,11,81,0,2,36,1.59,36,1.59,28,0,2,4,1,1,6,0.26,3,0,1,2,0,0,26,16,15,8,3,13,20,65.0,7,17,2,15,14,40,54,0,22.7,2026,105,634,1116,281,38,2026,10,5,50.0,3,30.0,1280,6039,3501,24,43,1,8,2,1507,18,160000,8320000
Nathan Collins,DF,Brentford,22,32,29,2652.0,29.5,1,1,2,1,0,0,3,0,1.7,1.7,2.2,3.9,0.03,0.03,0.07,0.03,0.06,0.07,0.06,0.13,0.0,0.0,0.0,0.0,0.0,0.0,0.0,0.0,0.0,0.0,0.0,0.0,0.0,0.0,0.0,0.0,0.0,0.0,0.0,0.0,0.0,0.0,0.0,0.0,10,2,20.0,0.34,0.07,0.10,0.50,9.9,1261,1552,81.3,23470,8772,462,528,87.5,660,757,87.2,116,214,54.2,11,78,6,0,97,1423,123,46,2,13,4,74,0,6,24,0.81,24,0.81,22,0,0,1,0,1,2,0.07,2,0,0,0,0,0,38,20,24,12,2,19,29,65.5,10,46,30,16,44,82,141,4,29.5,1879,305,1049,696,140,48,1879,17,11,64.7,2,11.8,999,4658,2636,11,15,0,22,13,1126,18,30000,1560000
Nathan Fraser,FW,Wolves,18,7,1,186.0,2.1,0,0,0,0,0,0,1,0,0.3,0.3,0.1,0.4,0.00,0.00,0.00,0.00,0.16,0.04,0.16,0.19,0.0,0.0,0.0,0.0,0.0,0.0,0.0,0.0,0.0,0.0,0.0,0.0,0.0,0.0,0.0,0.0,0.0,0.0,0.0,0.0,0.0,0.0,0.0,0.0,3,2,66.7,1.45,0.97,0.00,0.00,16.6,33,42,78.6,380,45,24,27,88.9,7,10,70.0,0,0,,2,0,2,0,2,39,3,0,0,0,0,0,0,0,6,2.92,6,2.92,5,0,0,1,0,0,0,0.00,0,0,0,0,0,0,5,2,2,1,2,1,3,33.3,2,2,1,1,1,6,2,0,2.1,62,4,10,28,25,5,62,0,0,,0,,32,88,22,1,1,1,4,2,39,21,0.0,0.0
Nathan Patterson,DF,Everton,21,20,9,1005.0,11.2,0,2,2,0,0,0,4,0,0.3,0.3,1.7,2.0,0.00,0.18,0.18,0.00,0.03,0.15,0.03,0.18,0.0,0.0,0.0,0.0,0.0,0.0,0.0,0.0,0.0,0.0,0.0,0.0,0.0,0.0,0.0,0.0,0.0,0.0,0.0,0.0,0.0,0.0,0.0,0.0,4,0,0.0,0.36,0.00,0.00,,20.9,393,550,71.5,6185,2761,219,252,86.9,124,182,68.1,38,86,44.2,8,30,14,6,38,439,110,1,1,1,32,109,0,1,20,1.79,20,1.79,14,3,0,1,0,2,2,0.18,2,0,0,0,0,0,34,24,21,11,2,14,37,37.8,23,14,3,11,9,43,33,0,11.2,677,49,199,275,209,9,677,18,7,38.9,10,55.6,291,1263,642,17,14,4,19,6,338,39,28000,1456000
Nathan Redmond,"FW,MF",Burnley,29,12,0,142.0,1.6,0,0,0,0,0,0,1,0,0.0,0.0,0.3,0.3,0.00,0.00,0.00,0.00,0.00,0.19,0.00,0.19,0.0,0.0,0.0,0.0,0.0,0.0,0.0,0.0,0.0,0.0,0.0,0.0,0.0,0.0,0.0,0.0,0.0,0.0,0.0,0.0,0.0,0.0,0.0,0.0,0,0,,0.00,0.00,,,,48,73,65.8,723,137,30,36,83.3,11,19,57.9,4,9,44.4,3,3,4,1,8,71,0,0,0,1,3,0,0,2,8,5.07,8,5.07,6,0,1,0,1,0,1,0.63,1,0,0,0,0,0,2,1,0,0,2,1,4,25.0,3,1,0,1,0,2,3,0,1.6,88,3,10,31,50,9,88,6,4,66.7,2,33.3,57,435,291,7,5,1,1,2,67,22,35000,1820000
Nathaniel Clyne,DF,Crystal Palace,32,19,14,1338.0,14.9,0,0,0,0,0,0,0,0,0.2,0.2,0.2,0.4,0.00,0.00,0.00,0.00,0.01,0.01,0.01,0.03,0.0,0.0,0.0,0.0,0.0,0.0,0.0,0.0,0.0,0.0,0.0,0.0,0.0,0.0,0.0,0.0,0.0,0.0,0.0,0.0,0.0,0.0,0.0,0.0,4,0,0.0,0.27,0.00,0.00,,22.5,495,600,82.5,7555,3021,266,288,92.4,191,224,85.3,28,54,51.9,3,33,4,2,33,539,58,3,0,0,9,55,0,3,8,0.54,8,0.54,6,0,0,1,0,1,1,0.07,0,0,0,1,0,0,24,15,11,11,2,14,21,66.7,7,18,6,12,10,34,33,0,14.9,722,40,273,323,131,7,722,16,8,50.0,6,37.5,326,1435,658,10,12,1,13,0,412,18,80000,4160000
Nayef Aguerd,DF,West Ham,27,21,21,1857.0,20.6,1,0,1,1,0,0,3,1,1.5,1.5,0.3,1.8,0.05,0.00,0.05,0.05,0.07,0.01,0.07,0.09,0.0,0.0,0.0,0.0,0.0,0.0,0.0,0.0,0.0,0.0,0.0,0.0,0.0,0.0,0.0,0.0,0.0,0.0,0.0,0.0,0.0,0.0,0.0,0.0,14,3,21.4,0.68,0.15,0.07,0.33,10.8,943,1177,80.1,19870,8804,335,360,93.1,452,493,91.7,143,297,48.1,4,74,2,0,68,1100,75,55,1,29,5,6,0,2,14,0.68,14,0.68,12,1,0,1,0,0,0,0.00,0,0,0,0,0,0,26,14,19,7,0,16,22,72.7,6,33,24,9,17,43,85,2,20.6,1373,187,709,618,50,21,1373,5,3,60.0,2,40.0,861,4211,2388,10,8,0,10,2,912,3,50000,2600000
Neal Maupay,FW,Everton,26,2,1,111.0,1.2,0,0,0,0,0,0,0,0,1.4,1.4,0.1,1.5,0.00,0.00,0.00,0.00,1.16,0.05,1.16,1.22,0.0,0.0,0.0,0.0,0.0,0.0,0.0,0.0,0.0,0.0,0.0,0.0,0.0,0.0,0.0,0.0,0.0,0.0,0.0,0.0,0.0,0.0,0.0,0.0,37,14,37.8,2.52,0.95,0.16,0.43,15.3,282,392,71.9,4002,913,172,208,82.7,66,97,68.0,23,32,71.9,15,17,17,2,37,362,28,6,5,2,8,10,1,2,40,2.72,40,2.72,31,0,2,6,0,1,5,0.34,5,0,0,0,0,0,10,7,4,5,1,3,13,23.1,10,11,0,11,2,12,3,0,14.7,532,6,59,221,262,71,532,33,9,27.3,20,60.6,295,1421,571,21,23,12,28,24,379,91,50000,2600000
Neal Maupay,FW,Brentford,26,29,13,1321.0,14.7,6,3,9,6,0,0,8,0,5.7,5.7,2.3,8.1,0.41,0.20,0.61,0.41,0.39,0.16,0.39,0.55,0.0,0.0,0.0,0.0,0.0,0.0,0.0,0.0,0.0,0.0,0.0,0.0,0.0,0.0,0.0,0.0,0.0,0.0,0.0,0.0,0.0,0.0,0.0,0.0,37,14,37.8,2.52,0.95,0.16,0.43,15.3,282,392,71.9,4002,913,172,208,82.7,66,97,68.0,23,32,71.9,15,17,17,2,37,362,28,6,5,2,8,10,1,2,40,2.72,40,2.72,31,0,2,6,0,1,5,0.34,5,0,0,0,0,0,10,7,4,5,1,3,13,23.1,10,11,0,11,2,12,3,0,14.7,532,6,59,221,262,71,532,33,9,27.3,20,60.6,295,1421,571,21,23,12,28,24,379,91,50000,2600000
Neco Williams,DF,Nott'ham Forest,22,26,18,1637.0,18.2,0,1,1,0,0,0,4,0,0.8,0.8,1.6,2.5,0.00,0.05,0.05,0.00,0.04,0.09,0.04,0.13,0.0,0.0,0.0,0.0,0.0,0.0,0.0,0.0,0.0,0.0,0.0,0.0,0.0,0.0,0.0,0.0,0.0,0.0,0.0,0.0,0.0,0.0,0.0,0.0,15,4,26.7,0.82,0.22,0.00,0.00,18.9,519,785,66.1,8061,3375,287,331,86.7,185,288,64.2,32,99,32.3,11,43,17,11,47,642,138,18,0,2,68,115,4,5,31,1.70,31,1.70,23,1,1,4,1,1,4,0.22,3,0,1,0,0,0,69,40,42,18,9,35,56,62.5,21,44,13,31,22,91,53,0,18.2,1080,71,378,422,298,30,1080,44,19,43.2,18,40.9,496,3101,1631,48,24,6,38,27,526,86,50000,2600000
Neto,GK,Bournemouth,34,32,32,2880.0,32.0,0,0,0,0,0,0,5,0,0.0,0.0,0.0,0.0,0.00,0.00,0.00,0.00,0.00,0.00,0.00,0.00,1.72,165,110,69.7,7,21.9,55.2,0.31,172,494,34.8,833,154,44.1,36.9,223,57.0,44.2,413,26,6.3,34,1.06,13.7,0,0,,0.00,0.00,,,,692,1060,65.3,20318,15023,95,97,97.9,360,371,97.0,236,585,40.3,0,23,0,0,0,749,307,84,0,2,0,0,0,4,5,0.16,5,0.16,4,1,0,0,0,0,0,0.00,0,0,0,0,0,0,0,0,0,0,0,0,0,,0,1,0,1,1,1,12,3,32.0,1138,949,1129,9,0,0,1138,2,2,100.0,0,0.0,635,3771,2495,0,0,0,0,0,474,0,50000,2600000
Nick Pope,GK,Newcastle Utd,31,15,15,1345.0,14.9,0,0,0,0,0,0,1,0,0.0,0.0,0.0,0.0,0.00,0.00,0.00,0.00,0.00,0.00,0.00,0.00,1.07,58,42,72.4,5,33.3,16.8,0.30,41,118,34.7,304,88,21.1,28.6,95,56.8,43.8,143,9,6.3,28,1.87,19.0,1,0,0.0,0.07,0.00,0.00,,14.3,307,399,76.9,7910,4836,59,60,98.3,168,172,97.7,79,165,47.9,0,5,0,0,0,274,125,30,0,0,0,0,0,0,1,0.07,1,0.07,1,0,0,0,0,0,0,0.00,0,0,0,0,0,0,0,0,0,0,0,0,1,0.0,1,0,0,0,0,0,7,2,14.9,434,366,428,5,1,1,434,0,0,,0,,217,1147,633,0,0,0,0,0,172,0,60000,3120000
Nicolas Jackson,FW,Chelsea,22,35,31,2799.0,31.1,14,5,19,14,0,0,10,0,18.6,18.6,4.3,22.9,0.45,0.16,0.61,0.45,0.60,0.14,0.60,0.74,0.0,0.0,0.0,0.0,0.0,0.0,0.0,0.0,0.0,0.0,0.0,0.0,0.0,0.0,0.0,0.0,0.0,0.0,0.0,0.0,0.0,0.0,0.0,0.0,80,38,47.5,2.57,1.22,0.18,0.37,12.6,515,666,77.3,6528,1537,323,386,83.7,126,164,76.8,20,27,74.1,38,40,21,0,67,613,52,1,11,0,5,2,0,1,95,3.05,95,3.05,60,1,18,8,6,2,11,0.35,7,0,2,2,0,0,21,13,5,8,8,5,24,20.8,19,20,5,15,4,25,17,0,31.1,998,28,94,450,480,151,998,105,54,51.4,36,34.3,616,4579,2122,70,44,32,87,66,752,200,65000,3380000
Nicolás Domínguez,"MF,FW",Nott'ham Forest,25,26,19,1495.0,16.6,2,2,4,2,0,0,4,0,1.3,1.3,1.0,2.3,0.12,0.12,0.24,0.12,0.08,0.06,0.08,0.14,0.0,0.0,0.0,0.0,0.0,0.0,0.0,0.0,0.0,0.0,0.0,0.0,0.0,0.0,0.0,0.0,0.0,0.0,0.0,0.0,0.0,0.0,0.0,0.0,22,6,27.3,1.32,0.36,0.09,0.33,16.9,714,843,84.7,10894,3223,380,424,89.6,254,298,85.2,45,61,73.8,10,61,16,1,91,817,22,10,2,5,6,4,1,4,35,2.11,35,2.11,33,0,0,2,0,0,2,0.12,2,0,0,0,0,0,63,34,35,27,1,23,48,47.9,25,31,5,26,18,81,24,0,16.6,1049,39,266,542,248,33,1049,17,7,41.2,8,47.1,492,2030,1106,14,13,2,21,7,628,43,35000,1820000
Nicolò Zaniolo,"FW,MF",Aston Villa,24,25,9,839.0,9.3,2,0,2,2,0,0,7,0,2.6,2.6,1.0,3.6,0.21,0.00,0.21,0.21,0.28,0.11,0.28,0.39,0.0,0.0,0.0,0.0,0.0,0.0,0.0,0.0,0.0,0.0,0.0,0.0,0.0,0.0,0.0,0.0,0.0,0.0,0.0,0.0,0.0,0.0,0.0,0.0,27,10,37.0,2.90,1.07,0.07,0.20,14.0,150,228,65.8,2141,550,94,119,79.0,44,62,71.0,6,15,40.0,10,17,5,0,30,225,2,0,0,2,18,1,0,1,30,3.23,30,3.23,20,0,2,6,1,1,3,0.32,3,0,0,0,0,0,19,9,10,7,2,9,17,52.9,8,13,0,13,1,20,11,0,9.3,402,11,53,171,184,60,402,48,13,27.1,30,62.5,268,1854,915,35,16,15,31,36,284,60,60000,3120000
Noni Madueke,FW,Chelsea,21,23,13,1053.0,11.7,5,2,7,4,1,1,2,0,2.5,1.7,2.6,4.3,0.43,0.17,0.60,0.34,0.21,0.23,0.14,0.37,0.0,0.0,0.0,0.0,0.0,0.0,0.0,0.0,0.0,0.0,0.0,0.0,0.0,0.0,0.0,0.0,0.0,0.0,0.0,0.0,0.0,0.0,0.0,0.0,31,12,38.7,2.65,1.03,0.13,0.33,19.0,412,486,84.8,5511,1281,268,294,91.2,115,136,84.6,13,20,65.0,20,23,13,2,52,472,10,2,2,0,22,6,2,4,51,4.35,51,4.35,34,1,8,2,6,0,8,0.68,4,0,1,0,3,0,16,10,8,4,4,11,34,32.4,23,11,0,11,4,20,14,0,11.7,666,18,85,224,373,77,665,86,37,43.0,37,43.0,428,3556,2191,76,36,38,25,14,504,136,50000,2600000
Nuno Tavares,DF,Nott'ham Forest,23,8,5,457.0,5.1,0,0,0,0,0,0,2,0,0.2,0.2,0.5,0.7,0.00,0.00,0.00,0.00,0.03,0.10,0.03,0.13,0.0,0.0,0.0,0.0,0.0,0.0,0.0,0.0,0.0,0.0,0.0,0.0,0.0,0.0,0.0,0.0,0.0,0.0,0.0,0.0,0.0,0.0,0.0,0.0,7,1,14.3,1.38,0.20,0.00,0.00,26.1,201,274,73.4,2954,1132,117,136,86.0,69,96,71.9,11,28,39.3,2,14,2,0,24,225,48,8,0,4,16,39,1,1,9,1.77,9,1.77,8,0,1,0,0,0,0,0.00,0,0,0,0,0,0,11,7,9,1,1,8,9,88.9,1,6,0,6,1,12,21,0,5.1,343,20,118,123,109,6,343,9,6,66.7,3,33.3,166,940,564,14,12,2,10,4,186,12,30000,1560000
Nélson Semedo,"DF,MF",Wolves,29,36,36,3084.0,34.3,0,1,1,0,0,0,10,1,1.3,1.3,1.7,3.0,0.00,0.03,0.03,0.00,0.04,0.05,0.04,0.09,0.0,0.0,0.0,0.0,0.0,0.0,0.0,0.0,0.0,0.0,0.0,0.0,0.0,0.0,0.0,0.0,0.0,0.0,0.0,0.0,0.0,0.0,0.0,0.0,17,4,23.5,0.50,0.12,0.00,0.00,19.7,1474,1849,79.7,21759,7306,876,969,90.4,495,616,80.4,69,158,43.7,24,101,25,10,138,1571,273,25,2,9,80,248,0,5,60,1.75,60,1.75,46,0,3,2,6,3,3,0.09,2,0,0,0,0,1,79,48,52,19,8,38,64,59.4,26,44,8,36,36,115,85,1,34.3,2233,136,743,993,528,37,2233,90,51,56.7,29,32.2,1237,7650,4324,103,63,14,57,36,1376,150,80000,4160000
Odeluga Offiah,DF,Brighton,20,4,1,128.0,1.4,0,0,0,0,0,0,0,0,0.0,0.0,0.0,0.0,0.00,0.00,0.00,0.00,0.00,0.00,0.00,0.00,0.0,0.0,0.0,0.0,0.0,0.0,0.0,0.0,0.0,0.0,0.0,0.0,0.0,0.0,0.0,0.0,0.0,0.0,0.0,0.0,0.0,0.0,0.0,0.0,0,0,,0.00,0.00,,,,63,80,78.8,851,196,39,41,95.1,21,24,87.5,2,7,28.6,0,1,1,0,4,70,9,0,0,0,3,9,0,1,4,2.81,4,2.81,3,1,0,0,0,0,0,0.00,0,0,0,0,0,0,1,0,1,0,0,1,1,100.0,0,0,0,0,1,2,0,0,1.4,87,1,31,27,31,2,87,6,4,66.7,1,16.7,59,418,268,9,5,1,1,0,64,9,0.0,0.0
Odisseas Vlachodimos,GK,Nott'ham Forest,29,5,5,450.0,5.0,0,0,0,0,0,0,0,0,0.0,0.0,0.0,0.0,0.00,0.00,0.00,0.00,0.00,0.01,0.00,0.01,2.40,22,10,50.0,1,20.0,7.9,0.31,28,60,46.7,130,21,25.4,29.6,44,61.4,44.3,92,3,3.3,2,0.40,10.3,0,0,,0.00,0.00,,,,141,176,80.1,3965,2847,21,21,100.0,73,73,100.0,47,80,58.8,1,0,0,0,1,119,55,11,0,0,0,0,0,2,1,0.20,1,0.20,1,0,0,0,0,0,0,0.00,0,0,0,0,0,0,0,0,0,0,0,0,1,0.0,1,0,0,0,0,0,1,0,5.0,181,140,179,2,0,0,181,0,0,,0,,94,476,265,0,0,0,0,0,89,0,45000,2340000
Odsonne Édouard,"FW,MF",Crystal Palace,25,30,17,1555.0,17.3,7,0,7,7,0,0,4,0,6.2,6.2,1.2,7.4,0.41,0.00,0.41,0.41,0.36,0.07,0.36,0.43,0.0,0.0,0.0,0.0,0.0,0.0,0.0,0.0,0.0,0.0,0.0,0.0,0.0,0.0,0.0,0.0,0.0,0.0,0.0,0.0,0.0,0.0,0.0,0.0,51,19,37.3,2.95,1.10,0.14,0.37,13.7,249,350,71.1,3106,704,164,207,79.2,61,80,76.3,7,11,63.6,18,12,15,1,36,338,9,0,4,0,10,0,1,3,45,2.60,45,2.60,29,0,7,7,1,1,2,0.12,2,0,0,0,0,0,24,12,8,8,8,4,19,21.1,15,17,1,16,6,30,19,0,17.3,597,18,59,222,326,98,597,50,19,38.0,24,48.0,341,1762,877,33,18,25,55,26,415,100,90000,4680000
Ola Aina,DF,Nott'ham Forest,26,22,20,1692.0,18.8,1,1,2,1,0,0,3,0,0.3,0.3,0.9,1.2,0.05,0.05,0.11,0.05,0.01,0.05,0.01,0.06,0.0,0.0,0.0,0.0,0.0,0.0,0.0,0.0,0.0,0.0,0.0,0.0,0.0,0.0,0.0,0.0,0.0,0.0,0.0,0.0,0.0,0.0,0.0,0.0,11,1,9.1,0.59,0.05,0.09,1.00,26.6,605,803,75.3,9657,4065,329,375,87.7,217,284,76.4,46,99,46.5,11,58,13,6,69,650,150,12,2,2,28,138,0,3,38,2.02,38,2.02,25,5,3,1,3,1,1,0.05,1,0,0,0,0,0,47,31,31,12,4,29,40,72.5,11,19,3,16,18,65,51,1,18.8,1020,62,340,464,227,13,1020,45,27,60.0,14,31.1,494,3136,1828,52,28,11,24,10,539,37,40000,2080000
Oleksandr Zinchenko,DF,Arsenal,26,27,20,1722.0,19.1,1,2,3,1,0,0,2,0,0.6,0.6,2.5,3.1,0.05,0.10,0.16,0.05,0.03,0.13,0.03,0.16,0.0,0.0,0.0,0.0,0.0,0.0,0.0,0.0,0.0,0.0,0.0,0.0,0.0,0.0,0.0,0.0,0.0,0.0,0.0,0.0,0.0,0.0,0.0,0.0,17,3,17.6,0.89,0.16,0.06,0.33,24.0,1374,1568,87.6,23132,6928,653,706,92.5,601,667,90.1,95,134,70.9,29,154,49,4,229,1395,165,46,11,5,30,119,0,8,67,3.50,67,3.50,64,1,1,1,0,0,6,0.31,5,1,0,0,0,0,50,30,19,24,7,35,52,67.3,17,18,3,15,20,70,26,2,19.1,1729,46,335,885,519,28,1729,14,7,50.0,5,35.7,1013,4792,2334,40,28,7,10,15,1178,58,150000,7800000
Oliver Arblaster,MF,Sheffield Utd,19,12,11,943.0,10.5,0,0,0,0,0,0,2,0,0.0,0.0,0.8,0.8,0.00,0.00,0.00,0.00,0.00,0.07,0.00,0.08,0.0,0.0,0.0,0.0,0.0,0.0,0.0,0.0,0.0,0.0,0.0,0.0,0.0,0.0,0.0,0.0,0.0,0.0,0.0,0.0,0.0,0.0,0.0,0.0,1,1,100.0,0.10,0.10,0.00,0.00,16.6,351,441,79.6,5920,1788,174,201,86.6,147,167,88.0,26,50,52.0,11,37,6,0,43,409,29,13,1,2,7,0,6,3,23,2.20,23,2.20,19,2,0,1,0,1,2,0.19,1,0,0,1,0,0,23,14,11,8,4,7,15,46.7,8,17,7,10,16,39,9,0,10.5,555,31,135,335,93,4,555,26,17,65.4,6,23.1,281,1521,661,14,12,3,13,8,317,4,0.0,0.0
Oliver McBurnie,FW,Sheffield Utd,27,21,15,1280.0,14.2,6,3,9,4,2,2,7,2,6.9,5.3,2.0,7.3,0.42,0.21,0.63,0.28,0.48,0.14,0.37,0.51,0.0,0.0,0.0,0.0,0.0,0.0,0.0,0.0,0.0,0.0,0.0,0.0,0.0,0.0,0.0,0.0,0.0,0.0,0.0,0.0,0.0,0.0,0.0,0.0,31,15,48.4,2.18,1.05,0.13,0.27,11.9,242,408,59.3,2917,746,163,256,63.7,57,97,58.8,4,7,57.1,12,27,5,1,30,400,3,0,1,1,5,0,0,5,29,2.04,29,2.04,24,0,0,2,3,0,7,0.49,6,0,0,0,1,0,17,7,4,7,6,5,12,41.7,7,18,2,16,5,22,28,0,14.2,583,31,68,288,230,74,581,17,6,35.3,10,58.8,245,923,305,6,11,4,25,18,420,60,25000,1300000
Oliver Norwood,MF,Sheffield Utd,32,27,16,1440.0,16.0,1,0,1,0,1,1,8,0,1.1,0.3,0.6,0.9,0.06,0.00,0.06,0.00,0.07,0.04,0.02,0.06,0.0,0.0,0.0,0.0,0.0,0.0,0.0,0.0,0.0,0.0,0.0,0.0,0.0,0.0,0.0,0.0,0.0,0.0,0.0,0.0,0.0,0.0,0.0,0.0,14,5,35.7,0.87,0.31,0.00,0.00,32.9,634,911,69.6,12291,4646,246,296,83.1,262,321,81.6,105,253,41.5,17,67,11,2,73,813,95,55,2,8,52,1,35,3,32,2.00,32,2.00,19,12,0,1,0,0,1,0.06,1,0,0,0,0,0,41,26,18,18,5,20,47,42.6,27,24,9,15,21,62,39,0,16.0,1068,65,327,575,170,6,1067,3,1,33.3,1,33.3,470,1695,666,3,5,0,9,4,630,10,20000,1040000
Oliver Skipp,"MF,DF",Tottenham,22,21,5,707.0,7.9,0,0,0,0,0,0,3,0,0.7,0.7,0.6,1.3,0.00,0.00,0.00,0.00,0.09,0.07,0.09,0.16,0.0,0.0,0.0,0.0,0.0,0.0,0.0,0.0,0.0,0.0,0.0,0.0,0.0,0.0,0.0,0.0,0.0,0.0,0.0,0.0,0.0,0.0,0.0,0.0,4,1,25.0,0.51,0.13,0.00,0.00,13.7,351,383,91.6,5258,1454,199,210,94.8,123,131,93.9,19,24,79.2,7,37,3,0,37,366,16,8,1,0,1,8,0,1,14,1.78,14,1.78,13,0,0,1,0,0,2,0.25,2,0,0,0,0,0,18,12,9,6,3,11,18,61.1,7,12,1,11,3,21,9,0,7.9,448,14,90,257,102,13,448,3,2,66.7,1,33.3,226,831,399,8,4,1,9,6,319,25,40000,2080000
Ollie Watkins,FW,Aston Villa,27,37,37,3217.0,35.7,19,13,32,19,0,0,4,0,16.8,16.8,7.3,24.2,0.53,0.36,0.90,0.53,0.47,0.21,0.47,0.68,0.0,0.0,0.0,0.0,0.0,0.0,0.0,0.0,0.0,0.0,0.0,0.0,0.0,0.0,0.0,0.0,0.0,0.0,0.0,0.0,0.0,0.0,0.0,0.0,107,47,43.9,2.99,1.31,0.18,0.40,12.8,459,609,75.4,5830,932,293,363,80.7,124,164,75.6,9,19,47.4,45,23,22,0,55,586,21,1,5,1,13,4,0,2,100,2.80,100,2.80,70,0,7,18,4,1,26,0.73,15,0,2,7,2,0,12,7,0,5,7,5,11,45.5,6,26,4,22,4,16,20,0,35.7,958,28,56,369,542,215,958,63,26,41.3,31,49.2,581,3085,1465,62,37,41,78,57,761,214,130000,6760000
Omari Forson,FW,Manchester Utd,19,4,1,70.0,0.8,0,1,1,0,0,0,0,0,0.0,0.0,0.2,0.2,0.00,1.29,1.29,0.00,0.04,0.23,0.04,0.27,0.0,0.0,0.0,0.0,0.0,0.0,0.0,0.0,0.0,0.0,0.0,0.0,0.0,0.0,0.0,0.0,0.0,0.0,0.0,0.0,0.0,0.0,0.0,0.0,1,0,0.0,1.29,0.00,0.00,,21.6,30,33,90.9,373,78,17,17,100.0,10,12,83.3,0,0,,2,2,1,0,2,32,1,0,0,0,0,0,0,0,0,0.00,0,0.00,0,0,0,0,0,0,0,0.00,0,0,0,0,0,0,2,0,0,2,0,1,1,100.0,0,0,0,0,0,2,0,0,0.8,39,0,2,25,12,1,39,2,1,50.0,1,50.0,29,115,34,1,3,0,1,0,31,2,0.0,0.0
Omari Kellyman,FW,Aston Villa,17,2,0,37.0,0.4,0,0,0,0,0,0,0,0,0.1,0.1,0.0,0.1,0.00,0.00,0.00,0.00,0.17,0.00,0.17,0.17,0.0,0.0,0.0,0.0,0.0,0.0,0.0,0.0,0.0,0.0,0.0,0.0,0.0,0.0,0.0,0.0,0.0,0.0,0.0,0.0,0.0,0.0,0.0,0.0,1,0,0.0,2.43,0.00,0.00,,20.8,6,7,85.7,78,11,4,5,80.0,2,2,100.0,0,0,,0,2,0,0,0,6,1,0,0,0,0,0,0,0,0,0.00,0,0.00,0,0,0,0,0,0,0,0.00,0,0,0,0,0,0,1,0,0,1,0,1,2,50.0,1,0,0,0,0,1,0,0,0.4,11,0,1,8,2,0,11,0,0,,0,,4,33,9,1,1,0,2,0,6,0,0.0,0.0
Orel Mangala,MF,Nott'ham Forest,25,20,19,1563.0,17.4,1,0,1,1,0,0,6,0,0.8,0.8,0.2,1.1,0.06,0.00,0.06,0.06,0.05,0.01,0.05,0.06,0.0,0.0,0.0,0.0,0.0,0.0,0.0,0.0,0.0,0.0,0.0,0.0,0.0,0.0,0.0,0.0,0.0,0.0,0.0,0.0,0.0,0.0,0.0,0.0,10,1,10.0,0.58,0.06,0.10,1.00,18.9,570,646,88.2,9021,2312,292,321,91.0,225,247,91.1,37,47,78.7,6,39,1,0,45,639,5,4,1,2,2,0,0,2,20,1.15,20,1.15,17,0,0,0,1,2,2,0.12,1,0,0,0,0,1,27,13,16,10,1,14,29,48.3,15,12,6,6,26,53,32,0,17.4,819,46,245,471,116,9,819,30,13,43.3,13,43.3,429,2097,961,13,11,1,17,18,529,14,30000,1560000
Oscar Bobb,"FW,MF",Manchester City,20,14,2,302.0,3.4,1,1,2,1,0,0,0,0,1.4,1.4,1.2,2.6,0.30,0.30,0.60,0.30,0.41,0.37,0.41,0.78,0.0,0.0,0.0,0.0,0.0,0.0,0.0,0.0,0.0,0.0,0.0,0.0,0.0,0.0,0.0,0.0,0.0,0.0,0.0,0.0,0.0,0.0,0.0,0.0,4,1,25.0,1.19,0.30,0.25,1.00,11.1,155,177,87.6,2056,478,101,107,94.4,44,51,86.3,4,4,100.0,9,3,19,1,25,169,8,3,3,0,5,4,1,0,22,6.56,22,6.56,16,0,4,1,1,0,6,1.79,3,0,2,0,1,0,7,3,1,2,4,2,4,50.0,2,4,0,4,5,12,1,0,3.4,219,4,13,36,173,27,219,18,11,61.1,6,33.3,139,671,395,13,5,5,6,6,159,38,15000,780000
Owen Beck,DF,Liverpool,20,1,0,8.0,0.1,0,0,0,0,0,0,0,0,0.0,0.0,0.0,0.0,0.00,0.00,0.00,0.00,0.00,0.00,0.00,0.00,0.0,0.0,0.0,0.0,0.0,0.0,0.0,0.0,0.0,0.0,0.0,0.0,0.0,0.0,0.0,0.0,0.0,0.0,0.0,0.0,0.0,0.0,0.0,0.0,0,0,,0.00,0.00,,,,3,4,75.0,31,1,2,3,66.7,1,1,100.0,0,0,,0,0,0,0,0,4,0,0,0,0,0,0,0,0,0,0.00,0,0.00,0,0,0,0,0,0,0,0.00,0,0,0,0,0,0,2,1,1,1,0,0,0,,0,0,0,0,0,2,1,0,0.1,8,0,3,4,2,0,8,1,0,0.0,1,100.0,4,43,1,0,0,0,1,0,4,1,0.0,0.0
Pablo Fornals,"MF,FW",West Ham,27,15,4,426.0,4.7,0,0,0,0,0,0,0,0,0.3,0.3,0.3,0.6,0.00,0.00,0.00,0.00,0.07,0.07,0.07,0.13,0.0,0.0,0.0,0.0,0.0,0.0,0.0,0.0,0.0,0.0,0.0,0.0,0.0,0.0,0.0,0.0,0.0,0.0,0.0,0.0,0.0,0.0,0.0,0.0,7,3,42.9,1.48,0.63,0.00,0.00,20.1,162,210,77.1,2602,713,83,96,86.5,60,75,80.0,12,20,60.0,5,19,6,1,29,204,6,2,0,2,8,2,0,0,16,3.37,16,3.37,13,0,0,0,1,2,1,0.21,0,0,0,0,0,1,10,6,4,3,3,5,16,31.3,11,8,1,7,6,16,7,0,4.7,277,7,53,128,98,20,277,12,6,50.0,5,41.7,156,645,256,4,7,2,8,8,176,27,65000,3380000
Pablo Sarabia,"MF,FW",Wolves,31,30,20,1745.0,19.4,4,7,11,2,2,2,5,0,5.5,3.9,5.9,9.8,0.21,0.36,0.57,0.10,0.28,0.30,0.20,0.50,0.0,0.0,0.0,0.0,0.0,0.0,0.0,0.0,0.0,0.0,0.0,0.0,0.0,0.0,0.0,0.0,0.0,0.0,0.0,0.0,0.0,0.0,0.0,0.0,44,16,36.4,2.27,0.83,0.05,0.13,19.1,684,976,70.1,11034,3731,377,439,85.9,195,263,74.1,73,168,43.5,51,59,40,6,109,837,130,34,9,7,131,7,71,9,87,4.49,87,4.49,49,26,2,4,5,1,11,0.57,7,4,0,0,0,0,20,13,8,8,4,12,36,33.3,24,17,1,16,10,30,9,0,19.4,1172,13,137,552,495,55,1170,43,17,39.5,22,51.2,687,3304,1501,41,52,9,41,23,822,137,90000,4680000
Pape Matar Sarr,MF,Tottenham,20,34,27,2069.0,23.0,3,3,6,3,0,0,9,0,3.4,3.4,2.2,5.7,0.13,0.13,0.26,0.13,0.15,0.10,0.15,0.25,0.0,0.0,0.0,0.0,0.0,0.0,0.0,0.0,0.0,0.0,0.0,0.0,0.0,0.0,0.0,0.0,0.0,0.0,0.0,0.0,0.0,0.0,0.0,0.0,36,13,36.1,1.57,0.57,0.08,0.23,17.6,1179,1349,87.4,17118,4177,662,718,92.2,402,453,88.7,52,77,67.5,20,108,23,4,150,1329,18,5,6,3,25,9,1,2,52,2.26,52,2.26,43,0,0,3,2,4,7,0.30,6,0,0,1,0,0,34,24,11,17,6,15,36,41.7,21,21,5,16,31,65,28,1,23.0,1582,64,283,830,486,44,1582,38,19,50.0,17,44.7,1041,5912,2263,43,58,3,37,15,1197,90,70000,3640000
Pascal Groß,"MF,DF",Brighton,32,36,34,3114.0,34.6,4,10,14,3,1,1,6,0,6.5,5.7,8.1,13.8,0.12,0.29,0.40,0.09,0.19,0.24,0.16,0.40,0.0,0.0,0.0,0.0,0.0,0.0,0.0,0.0,0.0,0.0,0.0,0.0,0.0,0.0,0.0,0.0,0.0,0.0,0.0,0.0,0.0,0.0,0.0,0.0,54,18,33.3,1.56,0.52,0.06,0.17,19.8,2774,3223,86.1,42905,13360,1583,1674,94.6,914,1035,88.3,193,359,53.8,103,242,73,27,302,2903,309,120,5,16,238,47,133,11,185,5.35,185,5.35,114,54,5,9,2,1,16,0.46,9,2,4,1,0,0,70,46,33,21,16,31,72,43.1,41,41,8,33,22,92,32,3,34.6,3534,133,826,1681,1050,70,3533,30,16,53.3,13,43.3,2284,10055,5189,83,69,8,35,28,2736,180,65000,3380000
Pau Torres,DF,Aston Villa,26,29,27,2464.0,27.4,2,0,2,2,0,0,1,0,1.0,1.0,0.4,1.4,0.07,0.00,0.07,0.07,0.04,0.02,0.04,0.05,0.0,0.0,0.0,0.0,0.0,0.0,0.0,0.0,0.0,0.0,0.0,0.0,0.0,0.0,0.0,0.0,0.0,0.0,0.0,0.0,0.0,0.0,0.0,0.0,12,5,41.7,0.44,0.18,0.17,0.40,15.4,1562,1788,87.4,29096,9616,524,566,92.6,887,952,93.2,126,226,55.8,8,141,12,1,128,1663,120,79,1,26,8,5,0,5,23,0.84,23,0.84,22,1,0,0,0,0,1,0.04,1,0,0,0,0,0,29,18,17,11,1,14,30,46.7,16,28,12,16,14,43,75,0,27.4,1985,281,989,873,141,22,1985,28,17,60.7,9,32.1,1398,9039,5917,42,42,0,9,13,1456,16,100000,5200000
Paul Dummett,DF,Newcastle Utd,31,5,0,20.0,0.2,0,0,0,0,0,0,0,0,0.0,0.0,0.0,0.0,0.00,0.00,0.00,0.00,0.11,0.00,0.11,0.11,0.0,0.0,0.0,0.0,0.0,0.0,0.0,0.0,0.0,0.0,0.0,0.0,0.0,0.0,0.0,0.0,0.0,0.0,0.0,0.0,0.0,0.0,0.0,0.0,1,0,0.0,4.50,0.00,0.00,,16.1,21,23,91.3,320,76,10,10,100.0,11,12,91.7,0,1,0.0,0,2,0,0,1,22,1,0,0,0,0,1,0,0,0,0.00,0,0.00,0,0,0,0,0,0,0,0.00,0,0,0,0,0,0,1,0,1,0,0,1,1,100.0,0,0,0,0,0,1,1,0,0.2,26,3,7,16,3,1,26,0,0,,0,,12,54,33,1,0,0,0,0,20,0,35000,1820000
Pedro Neto,"FW,MF",Wolves,23,20,18,1516.0,16.8,2,9,11,2,0,0,4,0,3.5,3.5,4.4,7.9,0.12,0.53,0.65,0.12,0.21,0.26,0.21,0.47,0.0,0.0,0.0,0.0,0.0,0.0,0.0,0.0,0.0,0.0,0.0,0.0,0.0,0.0,0.0,0.0,0.0,0.0,0.0,0.0,0.0,0.0,0.0,0.0,36,12,33.3,2.14,0.71,0.06,0.17,16.8,538,722,74.5,8269,1984,308,354,87.0,154,210,73.3,49,98,50.0,38,23,29,12,54,645,73,23,1,5,115,14,34,4,75,4.45,75,4.45,41,15,8,4,7,0,14,0.83,8,2,2,1,1,0,7,3,3,2,2,5,15,33.3,10,5,1,4,5,12,2,0,16.8,904,4,63,358,505,83,904,88,37,42.0,42,47.7,581,4915,2615,98,65,42,44,20,683,149,50000,2600000
Pedro Porro,DF,Tottenham,23,35,35,3089.0,34.3,3,7,10,3,0,0,3,0,2.9,2.9,7.2,10.1,0.09,0.20,0.29,0.09,0.09,0.21,0.09,0.30,0.0,0.0,0.0,0.0,0.0,0.0,0.0,0.0,0.0,0.0,0.0,0.0,0.0,0.0,0.0,0.0,0.0,0.0,0.0,0.0,0.0,0.0,0.0,0.0,53,12,22.6,1.54,0.35,0.06,0.25,21.0,1806,2369,76.2,27440,10519,1057,1171,90.3,579,745,77.7,121,297,40.7,51,135,48,10,194,1907,451,56,14,11,198,295,100,11,107,3.12,107,3.12,66,28,4,5,4,0,12,0.35,9,3,0,0,0,0,91,63,43,34,14,62,120,51.7,58,63,18,45,34,125,102,3,34.3,2786,161,783,1098,929,69,2786,57,26,45.6,24,42.1,1369,5484,2925,57,46,10,37,15,1670,158,85000,4420000
Pelly Ruddock Mpanzu,MF,Luton Town,30,27,11,1101.0,12.2,0,0,0,0,0,0,1,0,0.6,0.6,0.4,1.1,0.00,0.00,0.00,0.00,0.05,0.04,0.05,0.09,0.0,0.0,0.0,0.0,0.0,0.0,0.0,0.0,0.0,0.0,0.0,0.0,0.0,0.0,0.0,0.0,0.0,0.0,0.0,0.0,0.0,0.0,0.0,0.0,11,1,9.1,0.90,0.08,0.00,0.00,19.7,268,364,73.6,4413,1102,123,141,87.2,110,143,76.9,16,36,44.4,6,17,13,2,34,338,24,7,0,7,11,8,2,2,19,1.55,19,1.55,12,1,2,1,2,1,0,0.00,0,0,0,0,0,0,13,5,6,6,1,5,9,55.6,4,15,7,8,9,22,16,3,12.2,481,30,114,240,130,15,481,16,9,56.3,6,37.5,235,961,378,10,7,5,12,16,270,15,10000,520000
Pervis Estupiñán,DF,Brighton,25,19,15,1243.0,13.8,2,3,5,2,0,0,4,0,1.0,1.0,3.5,4.4,0.14,0.22,0.36,0.14,0.07,0.25,0.07,0.32,0.0,0.0,0.0,0.0,0.0,0.0,0.0,0.0,0.0,0.0,0.0,0.0,0.0,0.0,0.0,0.0,0.0,0.0,0.0,0.0,0.0,0.0,0.0,0.0,11,6,54.5,0.80,0.43,0.18,0.33,18.8,809,962,84.1,11736,3617,480,524,91.6,270,313,86.3,32,64,50.0,26,66,25,11,83,851,107,22,1,3,65,73,12,4,42,3.04,42,3.04,37,3,1,1,0,0,2,0.14,2,0,0,0,0,0,26,13,12,11,3,14,30,46.7,16,14,4,10,21,47,20,0,13.8,1109,56,256,546,316,37,1109,23,9,39.1,9,39.1,693,3046,1806,47,30,13,20,6,735,88,50000,2600000
Phil Foden,"FW,MF",Manchester City,23,35,33,2857.0,31.7,19,8,27,19,0,0,2,0,10.3,10.3,8.4,18.7,0.60,0.25,0.85,0.60,0.33,0.26,0.33,0.59,0.0,0.0,0.0,0.0,0.0,0.0,0.0,0.0,0.0,0.0,0.0,0.0,0.0,0.0,0.0,0.0,0.0,0.0,0.0,0.0,0.0,0.0,0.0,0.0,105,48,45.7,3.31,1.51,0.18,0.40,18.5,1511,1767,85.5,20347,3769,990,1053,94.0,388,449,86.4,68,135,50.4,73,71,57,5,168,1684,79,19,15,6,89,4,50,4,144,4.54,144,4.54,111,9,9,6,8,1,21,0.66,16,1,1,0,3,0,31,20,11,10,10,13,31,41.9,18,30,0,30,13,44,18,1,31.7,2146,22,174,785,1211,190,2146,102,47,46.1,46,45.1,1435,6921,3434,93,79,56,62,49,1753,269,225000,11700000
Philip Billing,MF,Bournemouth,27,29,13,1398.0,15.5,2,2,4,2,0,0,3,1,2.5,2.5,3.2,5.7,0.13,0.13,0.26,0.13,0.16,0.21,0.16,0.36,0.0,0.0,0.0,0.0,0.0,0.0,0.0,0.0,0.0,0.0,0.0,0.0,0.0,0.0,0.0,0.0,0.0,0.0,0.0,0.0,0.0,0.0,0.0,0.0,30,8,26.7,1.93,0.52,0.07,0.25,20.6,404,537,75.2,6037,1791,232,279,83.2,121,153,79.1,31,56,55.4,23,39,15,4,53,518,17,4,0,6,29,5,6,2,46,2.96,46,2.96,40,2,1,2,1,0,5,0.32,5,0,0,0,0,0,33,16,7,22,4,9,27,33.3,18,31,5,26,20,53,28,1,15.5,755,43,139,337,286,60,755,33,12,36.4,18,54.5,366,1772,798,22,23,6,27,17,438,63,45000,2340000
Philippe Coutinho,"MF,FW",Aston Villa,31,2,0,25.0,0.3,0,0,0,0,0,0,0,0,0.1,0.1,0.0,0.1,0.00,0.00,0.00,0.00,0.52,0.00,0.52,0.52,0.0,0.0,0.0,0.0,0.0,0.0,0.0,0.0,0.0,0.0,0.0,0.0,0.0,0.0,0.0,0.0,0.0,0.0,0.0,0.0,0.0,0.0,0.0,0.0,3,1,33.3,10.80,3.60,0.00,0.00,24.9,20,24,83.3,265,63,11,14,78.6,8,9,88.9,0,0,,0,4,0,0,5,23,1,0,0,0,0,0,0,0,2,7.20,2,7.20,1,0,1,0,0,0,0,0.00,0,0,0,0,0,0,0,0,0,0,0,0,1,0.0,1,0,0,0,0,0,0,0,0.3,30,0,4,18,9,1,30,5,4,80.0,1,20.0,26,222,134,5,4,0,2,0,29,2,0.0,0.0
Pierre Højbjerg,MF,Tottenham,27,36,8,1311.0,14.6,0,0,0,0,0,0,4,0,0.7,0.7,1.2,1.9,0.00,0.00,0.00,0.00,0.05,0.08,0.05,0.13,0.0,0.0,0.0,0.0,0.0,0.0,0.0,0.0,0.0,0.0,0.0,0.0,0.0,0.0,0.0,0.0,0.0,0.0,0.0,0.0,0.0,0.0,0.0,0.0,19,6,31.6,1.30,0.41,0.00,0.00,26.5,1234,1415,87.2,20132,7286,652,718,90.8,440,480,91.7,100,142,70.4,9,160,12,1,134,1364,41,31,2,12,14,8,2,10,39,2.68,39,2.68,36,0,2,1,0,0,2,0.14,2,0,0,0,0,0,32,18,13,17,2,13,34,38.2,21,21,7,14,19,51,30,3,14.6,1584,63,377,913,309,16,1584,23,12,52.2,10,43.5,1013,4239,1820,17,25,2,20,9,1231,29,100000,5200000
Radu Drăgușin,DF,Tottenham,21,9,4,429.0,4.8,0,0,0,0,0,0,1,0,0.1,0.1,0.0,0.1,0.00,0.00,0.00,0.00,0.03,0.00,0.03,0.03,0.0,0.0,0.0,0.0,0.0,0.0,0.0,0.0,0.0,0.0,0.0,0.0,0.0,0.0,0.0,0.0,0.0,0.0,0.0,0.0,0.0,0.0,0.0,0.0,1,0,0.0,0.21,0.00,0.00,,10.4,326,370,88.1,5633,1782,130,148,87.8,185,198,93.4,8,16,50.0,0,10,0,0,8,352,18,8,1,0,0,1,0,0,1,0.21,1,0.21,1,0,0,0,0,0,0,0.00,0,0,0,0,0,0,5,3,5,0,0,3,3,100.0,0,5,4,1,8,13,19,0,4.8,411,44,217,189,7,2,411,3,1,33.3,1,33.3,284,1550,738,5,2,1,1,1,312,1,85000,4420000
Raheem Sterling,"FW,MF",Chelsea,28,31,22,1978.0,22.0,8,4,12,8,0,0,7,0,6.5,6.5,4.5,11.0,0.36,0.18,0.55,0.36,0.29,0.20,0.29,0.50,0.0,0.0,0.0,0.0,0.0,0.0,0.0,0.0,0.0,0.0,0.0,0.0,0.0,0.0,0.0,0.0,0.0,0.0,0.0,0.0,0.0,0.0,0.0,0.0,51,21,41.2,2.32,0.96,0.16,0.38,14.5,538,728,73.9,7091,1775,363,428,84.8,135,191,70.7,18,33,54.5,30,31,35,7,78,716,7,0,11,1,59,6,0,5,85,3.87,85,3.87,55,0,15,4,7,4,14,0.64,7,0,4,0,3,0,21,10,7,8,6,12,26,46.2,14,13,0,13,13,34,9,1,22.0,1019,8,77,324,638,167,1019,132,45,34.1,70,53.0,744,5113,3063,120,51,65,54,44,821,242,325000,16900000
Raphaël Varane,DF,Manchester Utd,30,22,16,1375.0,15.3,1,0,1,1,0,0,2,0,1.3,1.3,0.1,1.3,0.07,0.00,0.07,0.07,0.08,0.00,0.08,0.09,0.0,0.0,0.0,0.0,0.0,0.0,0.0,0.0,0.0,0.0,0.0,0.0,0.0,0.0,0.0,0.0,0.0,0.0,0.0,0.0,0.0,0.0,0.0,0.0,8,2,25.0,0.52,0.13,0.13,0.50,9.2,694,781,88.9,11976,3767,282,301,93.7,350,381,91.9,45,68,66.2,1,59,4,0,59,708,69,24,1,0,0,3,0,4,16,1.05,16,1.05,13,1,0,2,0,0,2,0.13,2,0,0,0,0,0,18,11,10,7,1,10,14,71.4,4,23,18,5,15,33,88,0,15.3,945,178,469,434,44,11,945,2,1,50.0,1,50.0,549,3541,2161,16,11,0,6,2,569,2,340000,17680000
Rasmus Højlund,FW,Manchester Utd,20,30,25,2158.0,24.0,10,2,12,10,0,0,2,0,7.6,7.6,1.6,9.2,0.42,0.08,0.50,0.42,0.32,0.07,0.32,0.38,0.0,0.0,0.0,0.0,0.0,0.0,0.0,0.0,0.0,0.0,0.0,0.0,0.0,0.0,0.0,0.0,0.0,0.0,0.0,0.0,0.0,0.0,0.0,0.0,38,20,52.6,1.58,0.83,0.26,0.50,11.6,304,402,75.6,3552,884,199,247,80.6,58,77,75.3,11,12,91.7,28,14,14,1,33,369,30,0,1,0,6,2,0,3,58,2.42,58,2.42,43,0,5,4,3,3,4,0.17,2,0,2,0,0,0,11,7,2,3,6,5,13,38.5,8,9,1,8,1,12,19,0,24.0,612,20,61,262,297,96,612,38,18,47.4,18,47.4,355,2082,1088,35,26,14,50,29,429,111,85000,4420000
Rayan Aït-Nouri,"DF,MF",Wolves,22,33,29,2329.0,25.9,2,1,3,2,0,0,7,0,3.3,3.3,2.4,5.6,0.08,0.04,0.12,0.08,0.13,0.09,0.13,0.22,0.0,0.0,0.0,0.0,0.0,0.0,0.0,0.0,0.0,0.0,0.0,0.0,0.0,0.0,0.0,0.0,0.0,0.0,0.0,0.0,0.0,0.0,0.0,0.0,24,8,33.3,0.93,0.31,0.08,0.25,16.8,1005,1190,84.5,13946,3935,627,688,91.1,297,344,86.3,38,72,52.8,25,60,13,4,99,1047,138,24,2,5,41,106,8,5,65,2.51,65,2.51,41,9,6,3,6,0,5,0.19,2,0,0,0,3,0,71,44,41,23,7,28,49,57.1,21,32,6,26,15,86,38,0,25.9,1523,56,406,699,446,49,1523,115,62,53.9,39,33.9,868,4898,2435,67,48,8,51,56,1007,99,10000,520000
Raúl Jiménez,FW,Fulham,32,24,18,1395.0,15.5,7,0,7,7,0,0,3,1,5.2,5.2,1.5,6.6,0.45,0.00,0.45,0.45,0.33,0.10,0.33,0.43,0.0,0.0,0.0,0.0,0.0,0.0,0.0,0.0,0.0,0.0,0.0,0.0,0.0,0.0,0.0,0.0,0.0,0.0,0.0,0.0,0.0,0.0,0.0,0.0,41,17,41.5,2.65,1.10,0.17,0.41,14.7,262,382,68.6,3408,717,162,201,80.6,54,90,60.0,17,33,51.5,11,23,11,2,24,370,11,4,4,3,7,1,0,1,27,1.74,27,1.74,15,0,4,6,1,1,3,0.19,0,0,1,2,0,0,18,12,4,8,6,7,20,35.0,13,11,3,8,4,22,13,0,15.5,567,22,58,269,240,67,567,24,10,41.7,12,50.0,317,1407,453,11,14,5,44,32,442,87,100000,5200000
Reece Burke,DF,Luton Town,26,22,20,1660.0,18.4,0,4,4,0,0,0,5,0,1.3,1.3,1.4,2.7,0.00,0.22,0.22,0.00,0.07,0.07,0.07,0.15,0.0,0.0,0.0,0.0,0.0,0.0,0.0,0.0,0.0,0.0,0.0,0.0,0.0,0.0,0.0,0.0,0.0,0.0,0.0,0.0,0.0,0.0,0.0,0.0,13,3,23.1,0.70,0.16,0.00,0.00,14.3,547,719,76.1,10396,4169,200,247,81.0,280,325,86.2,57,120,47.5,13,58,9,3,67,689,29,9,0,2,13,20,0,1,21,1.14,21,1.14,15,1,0,5,0,0,4,0.22,3,0,0,1,0,0,37,23,17,14,6,12,26,46.2,14,25,18,7,18,55,78,1,18.4,929,98,378,440,117,20,929,8,4,50.0,2,25.0,455,2080,1210,11,8,0,18,5,508,14,12500,650000
Reece James,DF,Chelsea,23,10,5,419.0,4.7,0,2,2,0,0,0,2,2,0.3,0.3,1.7,2.1,0.00,0.43,0.43,0.00,0.07,0.37,0.07,0.44,0.0,0.0,0.0,0.0,0.0,0.0,0.0,0.0,0.0,0.0,0.0,0.0,0.0,0.0,0.0,0.0,0.0,0.0,0.0,0.0,0.0,0.0,0.0,0.0,7,1,14.3,1.50,0.21,0.00,0.00,20.9,275,341,80.6,4433,1383,144,163,88.3,104,130,80.0,19,34,55.9,11,21,6,3,21,284,57,10,4,2,28,46,1,0,15,3.22,15,3.22,13,1,0,1,0,0,3,0.64,2,0,0,1,0,0,14,9,10,3,1,8,10,80.0,2,4,4,0,3,17,7,1,4.7,391,26,118,153,124,20,391,15,9,60.0,4,26.7,217,1061,548,19,8,3,6,6,245,35,250000,13000000
Reiss Nelson,FW,Arsenal,23,15,1,268.0,3.0,0,0,0,0,0,0,1,0,0.2,0.2,0.6,0.8,0.00,0.00,0.00,0.00,0.07,0.20,0.07,0.27,0.0,0.0,0.0,0.0,0.0,0.0,0.0,0.0,0.0,0.0,0.0,0.0,0.0,0.0,0.0,0.0,0.0,0.0,0.0,0.0,0.0,0.0,0.0,0.0,4,1,25.0,1.34,0.34,0.00,0.00,19.7,127,144,88.2,1674,298,80,83,96.4,31,36,86.1,6,12,50.0,5,1,6,2,5,132,12,4,0,1,14,3,5,0,9,3.02,9,3.02,7,1,0,1,0,0,0,0.00,0,0,0,0,0,0,9,6,5,1,3,8,10,80.0,2,5,1,4,1,10,5,0,3.0,188,8,30,67,96,13,188,7,1,14.3,6,85.7,129,729,281,9,5,4,11,4,128,26,100000,5200000
Remi Matthews,GK,Crystal Palace,29,1,0,4.0,0.0,0,0,0,0,0,0,0,0,0.0,0.0,0.0,0.0,0.00,0.00,0.00,0.00,0.00,0.00,0.00,0.00,22.50,1,0,0.0,0,,0.1,0.15,0,5,0.0,4,0,100.0,53.8,1,100.0,63.0,1,1,100.0,0,0.00,3.5,0,0,,0.00,0.00,,,,0,5,0.0,0,0,0,0,,0,0,,0,5,0.0,0,0,0,0,0,2,3,2,0,0,0,0,0,0,0,0.00,0,0.00,0,0,0,0,0,0,0,0.00,0,0,0,0,0,0,0,0,0,0,0,0,0,,0,0,0,0,0,0,1,0,0.0,6,5,6,0,0,0,6,0,0,,0,,2,18,0,0,0,0,0,0,1,0,5385,280000
Rhian Brewster,"FW,MF",Sheffield Utd,23,13,3,346.0,3.8,0,0,0,0,0,0,0,1,0.4,0.4,0.1,0.5,0.00,0.00,0.00,0.00,0.09,0.03,0.09,0.12,0.0,0.0,0.0,0.0,0.0,0.0,0.0,0.0,0.0,0.0,0.0,0.0,0.0,0.0,0.0,0.0,0.0,0.0,0.0,0.0,0.0,0.0,0.0,0.0,7,3,42.9,1.82,0.78,0.00,0.00,23.2,52,76,68.4,702,178,35,41,85.4,10,22,45.5,4,7,57.1,2,6,1,0,3,73,3,0,0,0,3,0,0,0,7,1.82,7,1.82,6,0,0,1,0,0,0,0.00,0,0,0,0,0,0,5,1,1,2,2,0,2,0.0,2,2,0,2,1,6,2,0,3.8,113,2,9,47,57,16,113,5,0,0.0,4,80.0,62,201,75,1,4,3,8,8,81,21,35000,1820000
Rhys Norrington-Davies,DF,Sheffield Utd,24,5,2,110.0,1.2,0,0,0,0,0,0,1,0,0.0,0.0,0.0,0.0,0.00,0.00,0.00,0.00,0.00,0.01,0.00,0.01,0.0,0.0,0.0,0.0,0.0,0.0,0.0,0.0,0.0,0.0,0.0,0.0,0.0,0.0,0.0,0.0,0.0,0.0,0.0,0.0,0.0,0.0,0.0,0.0,0,0,,0.00,0.00,,,,48,67,71.6,811,222,23,25,92.0,23,31,74.2,2,7,28.6,1,1,0,0,2,55,12,1,0,1,2,11,0,0,1,0.82,1,0.82,1,0,0,0,0,0,0,0.00,0,0,0,0,0,0,1,1,1,0,0,0,1,0.0,1,2,0,2,1,2,2,0,1.2,77,4,26,38,14,1,77,1,1,100.0,0,0.0,46,266,119,3,1,0,2,2,47,6,4000,208000
Richarlison,FW,Tottenham,26,28,18,1491.0,16.6,11,4,15,11,0,0,3,0,9.6,9.6,2.1,11.7,0.66,0.24,0.91,0.66,0.58,0.13,0.58,0.70,0.0,0.0,0.0,0.0,0.0,0.0,0.0,0.0,0.0,0.0,0.0,0.0,0.0,0.0,0.0,0.0,0.0,0.0,0.0,0.0,0.0,0.0,0.0,0.0,62,25,40.3,3.74,1.51,0.18,0.44,12.9,267,392,68.1,3761,956,153,193,79.3,85,119,71.4,10,15,66.7,15,21,13,1,38,360,29,3,2,3,14,1,0,3,34,2.05,34,2.05,23,0,3,5,2,1,5,0.30,5,0,0,0,0,0,16,11,4,8,4,2,10,20.0,8,32,6,26,8,24,23,0,16.6,652,33,88,248,322,121,652,37,10,27.0,23,62.2,394,1656,712,26,11,17,53,40,459,106,90000,4680000
Rico Henry,DF,Brentford,26,5,5,401.0,4.5,0,1,1,0,0,0,1,0,0.1,0.1,1.0,1.1,0.00,0.22,0.22,0.00,0.02,0.22,0.02,0.24,0.0,0.0,0.0,0.0,0.0,0.0,0.0,0.0,0.0,0.0,0.0,0.0,0.0,0.0,0.0,0.0,0.0,0.0,0.0,0.0,0.0,0.0,0.0,0.0,2,0,0.0,0.45,0.00,0.00,,19.2,147,183,80.3,2291,763,82,94,87.2,51,61,83.6,11,19,57.9,4,10,7,2,20,165,17,2,0,3,11,15,0,1,13,2.92,13,2.92,10,0,3,0,0,0,3,0.67,2,0,1,0,0,0,7,5,3,3,1,6,7,85.7,1,8,3,5,5,12,5,1,4.5,227,14,78,93,59,7,227,10,7,70.0,1,10.0,115,698,372,13,3,3,8,7,126,12,35000,1820000
Rico Lewis,"DF,MF",Manchester City,18,16,8,809.0,9.0,2,0,2,2,0,0,1,0,0.6,0.6,1.1,1.8,0.22,0.00,0.22,0.22,0.07,0.12,0.07,0.19,0.0,0.0,0.0,0.0,0.0,0.0,0.0,0.0,0.0,0.0,0.0,0.0,0.0,0.0,0.0,0.0,0.0,0.0,0.0,0.0,0.0,0.0,0.0,0.0,5,4,80.0,0.56,0.44,0.40,0.50,15.5,518,568,91.2,7100,1127,339,351,96.6,159,170,93.5,12,20,60.0,13,29,9,0,33,525,43,9,1,0,1,34,0,0,15,1.67,15,1.67,15,0,0,0,0,0,0,0.00,0,0,0,0,0,0,10,7,4,4,2,3,7,42.9,4,7,1,6,4,14,6,0,9.0,620,8,119,287,220,30,620,9,4,44.4,4,44.4,380,1758,964,21,20,5,2,12,486,46,25000,1300000
Robert Sánchez,GK,Chelsea,25,16,16,1433.0,15.9,0,0,0,0,0,0,2,0,0.0,0.0,0.0,0.0,0.00,0.00,0.00,0.00,0.00,0.00,0.00,0.00,1.57,78,52,70.5,3,18.8,24.2,0.28,61,147,41.5,516,87,21.3,28.1,91,40.7,33.7,202,19,9.4,27,1.70,15.8,0,0,,0.00,0.00,,,,500,609,82.1,11860,7720,135,136,99.3,250,257,97.3,112,211,53.1,0,8,0,0,1,487,120,29,0,2,0,0,0,2,2,0.13,2,0.13,1,1,0,0,0,0,0,0.00,0,0,0,0,0,0,0,0,0,0,0,0,0,,0,0,0,0,0,0,11,3,15.9,649,561,644,5,0,0,649,0,0,,0,,392,1890,1130,0,0,0,1,0,360,0,60000,3120000
Robin Olsen,GK,Aston Villa,33,5,4,405.0,4.5,0,0,0,0,0,0,0,0,0.0,0.0,0.0,0.0,0.00,0.00,0.00,0.00,0.00,0.00,0.00,0.00,2.89,34,20,61.8,0,0.0,11.1,0.30,15,48,31.3,176,19,20.5,27.1,27,44.4,35.9,46,6,13.0,1,0.22,8.4,0,0,,0.00,0.00,,,,165,203,81.3,3545,2046,49,49,100.0,89,90,98.9,26,63,41.3,0,1,0,0,0,163,40,13,0,0,0,0,0,0,0,0.00,0,0.00,0,0,0,0,0,0,0,0.00,0,0,0,0,0,0,0,0,0,0,0,0,0,,0,0,0,0,0,0,1,0,4.5,216,200,215,1,0,0,216,0,0,,0,,131,626,303,0,0,0,0,0,115,0,50000,2600000
Rodri,MF,Manchester City,27,34,34,2931.0,32.6,8,9,17,8,0,0,8,1,4.1,4.1,3.9,8.0,0.25,0.28,0.52,0.25,0.12,0.12,0.12,0.24,0.0,0.0,0.0,0.0,0.0,0.0,0.0,0.0,0.0,0.0,0.0,0.0,0.0,0.0,0.0,0.0,0.0,0.0,0.0,0.0,0.0,0.0,0.0,0.0,62,22,35.5,1.90,0.68,0.13,0.36,20.6,3365,3656,92.0,57256,15766,1676,1774,94.5,1273,1360,93.6,340,401,84.8,49,378,61,0,376,3572,79,69,15,36,12,6,3,5,157,4.82,157,4.82,130,2,8,5,6,6,23,0.71,17,0,3,1,1,1,70,43,25,33,12,29,60,48.3,31,32,8,24,26,96,41,4,32.6,3988,114,664,2337,1013,80,3988,64,42,65.6,14,21.9,2513,11575,6408,76,88,12,23,32,3242,55,220000,11440000
Rodrigo Bentancur,MF,Tottenham,26,23,13,1005.0,11.2,1,1,2,1,0,0,7,0,1.9,1.9,0.5,2.4,0.09,0.09,0.18,0.09,0.17,0.04,0.17,0.22,0.0,0.0,0.0,0.0,0.0,0.0,0.0,0.0,0.0,0.0,0.0,0.0,0.0,0.0,0.0,0.0,0.0,0.0,0.0,0.0,0.0,0.0,0.0,0.0,18,4,22.2,1.61,0.36,0.06,0.25,16.3,674,800,84.3,10011,2610,384,426,90.1,244,282,86.5,29,41,70.7,8,69,11,1,72,786,10,9,4,0,9,0,0,4,31,2.78,31,2.78,26,0,1,2,0,2,4,0.36,3,0,0,0,0,1,23,15,10,11,2,10,24,41.7,14,15,4,11,17,40,16,1,11.2,932,36,174,513,250,29,932,21,11,52.4,8,38.1,575,2778,1154,16,22,2,16,19,732,31,75000,3900000
Rodrigo Muniz,FW,Fulham,22,26,18,1593.0,17.7,9,1,10,9,0,0,1,0,8.7,8.7,2.0,10.7,0.51,0.06,0.56,0.51,0.49,0.12,0.49,0.61,0.0,0.0,0.0,0.0,0.0,0.0,0.0,0.0,0.0,0.0,0.0,0.0,0.0,0.0,0.0,0.0,0.0,0.0,0.0,0.0,0.0,0.0,0.0,0.0,73,26,35.6,4.12,1.47,0.12,0.35,11.8,136,222,61.3,2018,532,74,113,65.5,39,64,60.9,12,16,75.0,18,14,7,0,19,207,14,0,1,1,2,0,0,1,39,2.20,39,2.20,21,0,3,9,4,2,2,0.11,1,0,0,1,0,0,7,3,1,5,1,1,6,16.7,5,9,3,6,6,13,20,0,17.7,462,30,45,201,220,118,462,20,5,25.0,13,65.0,257,788,258,8,4,4,54,34,343,76,7500,390000
Rodrigo Ribeiro,"MF,FW",Nott'ham Forest,18,4,0,17.0,0.2,0,0,0,0,0,0,0,0,0.0,0.0,0.0,0.0,0.00,0.00,0.00,0.00,0.00,0.00,0.00,0.00,0.0,0.0,0.0,0.0,0.0,0.0,0.0,0.0,0.0,0.0,0.0,0.0,0.0,0.0,0.0,0.0,0.0,0.0,0.0,0.0,0.0,0.0,0.0,0.0,0,0,,0.00,0.00,,,,6,8,75.0,89,35,2,4,50.0,3,3,100.0,0,0,,0,1,0,0,2,8,0,0,0,0,0,0,0,0,1,5.29,1,5.29,1,0,0,0,0,0,0,0.00,0,0,0,0,0,0,0,0,0,0,0,0,1,0.0,1,1,0,1,1,1,0,0,0.2,12,0,1,4,7,2,12,1,0,0.0,1,100.0,7,59,43,2,1,0,0,1,8,1,7500,390000
Romain Faivre,"MF,FW",Bournemouth,25,5,0,41.0,0.5,0,0,0,0,0,0,1,0,0.2,0.2,0.0,0.2,0.00,0.00,0.00,0.00,0.34,0.00,0.34,0.34,0.0,0.0,0.0,0.0,0.0,0.0,0.0,0.0,0.0,0.0,0.0,0.0,0.0,0.0,0.0,0.0,0.0,0.0,0.0,0.0,0.0,0.0,0.0,0.0,2,0,0.0,4.39,0.00,0.00,,17.0,19,26,73.1,251,114,9,12,75.0,7,7,100.0,1,3,33.3,0,2,1,0,5,25,1,1,0,0,3,0,0,0,1,2.20,1,2.20,0,0,1,0,0,0,0,0.00,0,0,0,0,0,0,1,1,0,1,0,0,3,0.0,3,0,0,0,0,1,0,0,0.5,37,1,3,15,19,3,37,7,2,28.6,3,42.9,24,215,121,4,4,0,3,1,31,4,35000,1820000
Roméo Lavia,MF,Chelsea,19,1,0,33.0,0.4,0,0,0,0,0,0,0,0,0.0,0.0,0.0,0.0,0.00,0.00,0.00,0.00,0.00,0.00,0.00,0.00,0.0,0.0,0.0,0.0,0.0,0.0,0.0,0.0,0.0,0.0,0.0,0.0,0.0,0.0,0.0,0.0,0.0,0.0,0.0,0.0,0.0,0.0,0.0,0.0,0,0,,0.00,0.00,,,,22,27,81.5,350,51,9,10,90.0,13,14,92.9,0,1,0.0,0,4,0,0,1,27,0,0,0,0,0,0,0,0,0,0.00,0,0.00,0,0,0,0,0,0,0,0.00,0,0,0,0,0,0,1,0,0,1,0,0,0,,0,0,0,0,0,1,1,0,0.4,30,1,2,26,2,0,30,0,0,,0,,22,83,40,0,0,0,0,0,26,0,45000,2340000
Ross Barkley,MF,Luton Town,29,32,30,2618.0,29.1,5,4,9,5,0,0,6,0,4.1,4.1,3.7,7.9,0.17,0.14,0.31,0.17,0.14,0.13,0.14,0.27,0.0,0.0,0.0,0.0,0.0,0.0,0.0,0.0,0.0,0.0,0.0,0.0,0.0,0.0,0.0,0.0,0.0,0.0,0.0,0.0,0.0,0.0,0.0,0.0,66,19,28.8,2.27,0.65,0.08,0.26,21.5,1218,1474,82.6,21602,6544,550,611,90.0,473,533,88.7,147,226,65.0,44,138,27,1,163,1329,139,94,4,24,45,14,16,6,104,3.58,104,3.58,67,11,14,6,3,3,11,0.38,6,2,1,1,1,0,47,19,16,21,10,11,48,22.9,37,25,9,16,25,72,51,2,29.1,1777,73,374,1011,430,39,1777,104,66,63.5,34,32.7,1006,6393,2810,48,49,4,27,56,1114,39,30000,1560000
Ryan Christie,MF,Bournemouth,28,37,35,2907.0,32.3,0,5,5,0,0,0,6,0,2.3,2.3,5.4,7.7,0.00,0.15,0.15,0.00,0.07,0.17,0.07,0.24,0.0,0.0,0.0,0.0,0.0,0.0,0.0,0.0,0.0,0.0,0.0,0.0,0.0,0.0,0.0,0.0,0.0,0.0,0.0,0.0,0.0,0.0,0.0,0.0,43,13,30.2,1.33,0.40,0.00,0.00,20.0,988,1300,76.0,18802,5120,399,467,85.4,425,510,83.3,143,253,56.5,55,118,42,7,167,1217,78,22,17,18,73,2,30,5,117,3.62,117,3.62,88,8,7,5,6,3,6,0.19,5,1,0,0,0,0,86,44,34,35,17,39,92,42.4,53,52,11,41,52,138,53,1,32.3,1737,88,339,876,564,69,1737,98,51,52.0,41,41.8,933,5769,2681,60,58,14,58,47,987,78,50000,2600000
Ryan Giles,"DF,MF",Luton Town,23,11,5,503.0,5.6,0,0,0,0,0,0,0,0,0.1,0.1,0.2,0.3,0.00,0.00,0.00,0.00,0.02,0.04,0.02,0.06,0.0,0.0,0.0,0.0,0.0,0.0,0.0,0.0,0.0,0.0,0.0,0.0,0.0,0.0,0.0,0.0,0.0,0.0,0.0,0.0,0.0,0.0,0.0,0.0,2,2,100.0,0.36,0.36,0.00,0.00,14.2,140,218,64.2,2294,949,74,85,87.1,56,85,65.9,9,39,23.1,5,10,10,6,17,157,61,6,0,0,49,41,14,0,12,2.15,12,2.15,8,3,1,0,0,0,0,0.00,0,0,0,0,0,0,8,6,4,3,1,2,7,28.6,5,2,0,2,4,12,22,0,5.6,273,20,81,74,119,4,273,8,4,50.0,3,37.5,116,517,241,9,5,2,7,1,129,30,35000,1820000
Ryan Gravenberch,MF,Liverpool,21,26,12,1121.0,12.5,1,0,1,1,0,0,0,0,2.0,2.0,0.9,2.9,0.08,0.00,0.08,0.08,0.16,0.07,0.16,0.23,0.0,0.0,0.0,0.0,0.0,0.0,0.0,0.0,0.0,0.0,0.0,0.0,0.0,0.0,0.0,0.0,0.0,0.0,0.0,0.0,0.0,0.0,0.0,0.0,23,8,34.8,1.85,0.64,0.04,0.13,20.6,415,504,82.3,5520,1719,263,302,87.1,122,140,87.1,8,12,66.7,16,35,27,0,78,492,9,3,4,2,4,4,0,3,44,3.54,44,3.54,36,0,2,6,0,0,0,0.00,0,0,0,0,0,0,26,12,5,13,8,12,29,41.4,17,20,2,18,14,40,11,0,12.5,696,17,84,347,272,42,696,50,23,46.0,22,44.0,432,2458,1369,39,28,10,46,13,472,71,150000,7800000
Ryan One,FW,Sheffield Utd,17,1,0,8.0,0.1,0,0,0,0,0,0,0,0,0.0,0.0,0.0,0.0,0.00,0.00,0.00,0.00,0.00,0.00,0.00,0.00,0.0,0.0,0.0,0.0,0.0,0.0,0.0,0.0,0.0,0.0,0.0,0.0,0.0,0.0,0.0,0.0,0.0,0.0,0.0,0.0,0.0,0.0,0.0,0.0,0,0,,0.00,0.00,,,,1,1,100.0,7,0,1,1,100.0,0,0,,0,0,,0,0,0,0,0,1,0,0,0,0,0,0,0,0,0,0.00,0,0.00,0,0,0,0,0,0,0,0.00,0,0,0,0,0,0,0,0,0,0,0,0,0,,0,0,0,0,0,0,0,0,0.1,2,1,1,1,1,0,2,0,0,,0,,1,11,11,1,1,0,0,0,0,0,0.0,0.0
Ryan Yates,MF,Nott'ham Forest,25,35,21,1992.0,22.1,1,1,2,1,0,0,6,0,2.6,2.6,0.8,3.5,0.05,0.05,0.09,0.05,0.12,0.04,0.12,0.16,0.0,0.0,0.0,0.0,0.0,0.0,0.0,0.0,0.0,0.0,0.0,0.0,0.0,0.0,0.0,0.0,0.0,0.0,0.0,0.0,0.0,0.0,0.0,0.0,32,7,21.9,1.45,0.32,0.03,0.14,18.2,659,829,79.5,10612,2717,315,375,84.0,280,326,85.9,37,67,55.2,7,59,10,0,73,749,77,27,2,0,6,2,0,3,30,1.36,30,1.36,22,0,0,5,3,0,4,0.18,3,0,0,1,0,0,66,40,39,21,6,20,36,55.6,16,42,15,27,21,87,44,1,22.1,1126,60,343,558,234,45,1126,9,4,44.4,4,44.4,455,2010,941,18,14,0,24,10,559,37,25000,1300000
Rúben Dias,DF,Manchester City,26,30,28,2559.0,28.4,0,0,0,0,0,0,0,0,1.4,1.4,0.3,1.7,0.00,0.00,0.00,0.00,0.05,0.01,0.05,0.06,0.0,0.0,0.0,0.0,0.0,0.0,0.0,0.0,0.0,0.0,0.0,0.0,0.0,0.0,0.0,0.0,0.0,0.0,0.0,0.0,0.0,0.0,0.0,0.0,20,8,40.0,0.70,0.28,0.00,0.00,15.2,2469,2635,93.7,42764,13568,1039,1076,96.6,1256,1306,96.2,146,204,71.6,7,220,12,3,173,2567,65,46,2,7,13,11,0,3,35,1.23,35,1.23,28,0,0,5,0,2,4,0.14,2,0,0,1,0,1,39,20,14,21,4,19,26,73.1,7,32,17,15,30,69,77,0,28.4,2877,231,1002,1600,282,34,2877,1,0,0.0,1,100.0,1996,10862,6693,34,70,1,10,7,2301,16,180000,9360000
Sam Curtis,DF,Sheffield Utd,17,1,0,28.0,0.3,0,0,0,0,0,0,0,0,0.0,0.0,0.0,0.0,0.00,0.00,0.00,0.00,0.00,0.00,0.00,0.00,0.0,0.0,0.0,0.0,0.0,0.0,0.0,0.0,0.0,0.0,0.0,0.0,0.0,0.0,0.0,0.0,0.0,0.0,0.0,0.0,0.0,0.0,0.0,0.0,0,0,,0.00,0.00,,,,6,10,60.0,98,37,3,4,75.0,3,3,100.0,0,2,0.0,0,0,0,0,1,8,2,0,0,0,1,2,0,0,0,0.00,0,0.00,0,0,0,0,0,0,0,0.00,0,0,0,0,0,0,1,0,1,0,0,1,2,50.0,1,2,0,2,0,1,0,0,0.3,14,0,8,4,2,0,14,0,0,,0,,1,1,0,0,0,0,0,1,9,1,0.0,0.0
Sam Johnstone,GK,Crystal Palace,30,20,20,1796.0,20.0,0,0,0,0,0,0,1,0,0.0,0.0,0.0,0.0,0.00,0.00,0.00,0.00,0.00,0.00,0.00,0.00,1.35,67,41,62.7,6,30.0,20.0,0.27,117,355,33.0,453,63,55.0,41.2,141,75.2,52.8,339,24,7.1,12,0.60,11.2,0,0,,0.00,0.00,,,,343,599,57.3,11568,8793,45,46,97.8,143,147,97.3,155,401,38.7,0,13,0,0,0,408,186,45,0,3,0,0,0,5,2,0.10,2,0.10,1,1,0,0,0,0,1,0.05,0,1,0,0,0,0,1,0,1,0,0,1,1,100.0,0,0,0,0,1,2,5,0,20.0,640,539,637,3,0,0,640,0,0,,0,,350,2039,1281,0,0,0,0,0,287,0,40000,2080000
Saman Ghoddos,DF,Brentford,29,19,7,739.0,8.2,1,0,1,1,0,0,5,0,0.3,0.3,1.1,1.4,0.12,0.00,0.12,0.12,0.04,0.13,0.04,0.17,0.0,0.0,0.0,0.0,0.0,0.0,0.0,0.0,0.0,0.0,0.0,0.0,0.0,0.0,0.0,0.0,0.0,0.0,0.0,0.0,0.0,0.0,0.0,0.0,9,2,22.2,1.10,0.24,0.11,0.50,22.5,325,448,72.5,5565,1748,164,187,87.7,131,167,78.4,27,78,34.6,9,29,10,4,36,370,74,15,0,3,42,34,24,4,20,2.44,20,2.44,10,5,1,0,3,1,0,0.00,0,0,0,0,0,0,28,19,19,7,2,17,31,54.8,14,9,2,7,5,33,12,0,8.2,542,12,139,223,184,10,542,13,3,23.1,8,61.5,282,1389,717,22,12,2,10,4,313,31,15000,780000
Sander Berge,MF,Burnley,25,37,34,3005.0,33.4,1,2,3,1,0,0,10,1,1.9,1.9,2.4,4.3,0.03,0.06,0.09,0.03,0.06,0.07,0.06,0.13,0.0,0.0,0.0,0.0,0.0,0.0,0.0,0.0,0.0,0.0,0.0,0.0,0.0,0.0,0.0,0.0,0.0,0.0,0.0,0.0,0.0,0.0,0.0,0.0,25,3,12.0,0.75,0.09,0.04,0.33,17.6,1376,1562,88.1,24429,5168,568,637,89.2,658,711,92.5,125,154,81.2,29,129,16,1,164,1529,31,21,7,10,12,1,0,2,67,2.01,67,2.01,63,0,3,0,1,0,8,0.24,7,0,1,0,0,0,76,46,35,36,5,34,58,58.6,24,49,20,29,23,99,60,2,33.4,1887,133,494,997,414,41,1887,41,20,48.8,16,39.0,1076,6419,3091,64,57,9,23,23,1233,29,40000,2080000
Sandro Tonali,MF,Newcastle Utd,23,8,5,438.0,4.9,1,0,1,1,0,0,2,0,0.7,0.7,0.6,1.3,0.21,0.00,0.21,0.21,0.13,0.13,0.13,0.26,0.0,0.0,0.0,0.0,0.0,0.0,0.0,0.0,0.0,0.0,0.0,0.0,0.0,0.0,0.0,0.0,0.0,0.0,0.0,0.0,0.0,0.0,0.0,0.0,3,2,66.7,0.62,0.41,0.33,0.50,15.8,241,280,86.1,3776,870,130,141,92.2,94,109,86.2,11,19,57.9,7,16,4,2,19,276,4,0,0,5,11,2,2,0,12,2.47,12,2.47,10,1,0,0,1,0,3,0.62,2,0,0,0,1,0,7,7,4,2,1,3,9,33.3,6,3,0,3,2,9,4,0,4.9,307,5,60,179,70,8,307,6,3,50.0,2,33.3,191,965,409,11,4,1,4,2,257,21,0.0,0.0
Santiago Bueno,DF,Wolves,24,12,9,822.0,9.1,0,0,0,0,0,0,1,0,0.0,0.0,0.1,0.1,0.00,0.00,0.00,0.00,0.00,0.01,0.00,0.01,0.0,0.0,0.0,0.0,0.0,0.0,0.0,0.0,0.0,0.0,0.0,0.0,0.0,0.0,0.0,0.0,0.0,0.0,0.0,0.0,0.0,0.0,0.0,0.0,0,0,,0.00,0.00,,,,426,480,88.8,7158,2158,177,192,92.2,223,237,94.1,18,37,48.6,2,16,0,0,11,468,12,7,0,1,2,2,0,0,5,0.55,5,0.55,5,0,0,0,0,0,0,0.00,0,0,0,0,0,0,13,7,5,7,1,5,11,45.5,6,22,12,10,6,19,33,0,9.1,566,77,301,250,18,1,566,1,1,100.0,0,0.0,330,1726,988,3,5,0,1,2,400,2,30000,1560000
Sasa Kalajdzic,FW,Wolves,26,11,1,166.0,1.8,2,0,2,2,0,0,0,0,1.1,1.1,1.0,2.0,1.08,0.00,1.08,1.08,0.57,0.52,0.57,1.09,0.0,0.0,0.0,0.0,0.0,0.0,0.0,0.0,0.0,0.0,0.0,0.0,0.0,0.0,0.0,0.0,0.0,0.0,0.0,0.0,0.0,0.0,0.0,0.0,4,2,50.0,2.17,1.08,0.50,1.00,11.2,38,60,63.3,507,130,22,33,66.7,10,16,62.5,2,5,40.0,4,1,2,0,5,59,1,0,0,0,1,0,0,0,5,2.71,5,2.71,5,0,0,0,0,0,0,0.00,0,0,0,0,0,0,6,2,3,2,1,1,2,50.0,1,3,0,3,1,7,6,0,1.8,88,5,20,44,24,7,88,1,1,100.0,0,0.0,46,143,48,1,1,0,2,5,68,9,35000,1820000
Saïd Benrahma,"FW,MF",West Ham,27,13,5,620.0,6.9,0,1,1,0,0,1,1,0,1.8,1.0,1.4,2.5,0.00,0.15,0.15,0.00,0.27,0.21,0.15,0.36,0.0,0.0,0.0,0.0,0.0,0.0,0.0,0.0,0.0,0.0,0.0,0.0,0.0,0.0,0.0,0.0,0.0,0.0,0.0,0.0,0.0,0.0,0.0,0.0,18,5,27.8,2.61,0.73,0.00,0.00,19.8,193,257,75.1,2587,504,116,138,84.1,56,76,73.7,8,15,53.3,11,11,11,2,28,253,2,2,5,0,17,0,0,2,26,3.77,26,3.77,23,0,3,0,0,0,1,0.15,1,0,0,0,0,0,8,4,5,3,0,4,15,26.7,11,8,0,8,5,13,7,0,6.9,355,11,65,128,168,35,354,38,14,36.8,21,55.3,238,1687,790,28,17,15,14,8,245,70,55000,2860000
Saša Lukić,MF,Fulham,26,24,13,1122.0,12.5,1,0,1,1,0,0,3,0,1.6,1.6,0.8,2.4,0.08,0.00,0.08,0.08,0.13,0.06,0.13,0.19,0.0,0.0,0.0,0.0,0.0,0.0,0.0,0.0,0.0,0.0,0.0,0.0,0.0,0.0,0.0,0.0,0.0,0.0,0.0,0.0,0.0,0.0,0.0,0.0,13,3,23.1,1.04,0.24,0.08,0.33,17.1,428,496,86.3,6753,1796,204,229,89.1,193,210,91.9,20,29,69.0,11,31,5,0,43,472,21,15,4,1,4,0,0,3,27,2.17,27,2.17,19,0,1,6,0,1,0,0.00,0,0,0,0,0,0,33,19,9,17,7,18,39,46.2,21,18,5,13,16,49,19,1,12.5,625,36,167,361,109,23,625,8,5,62.5,3,37.5,342,1634,776,12,12,1,11,10,374,27,63000,3276000
Scott McKenna,DF,Nott'ham Forest,26,5,5,416.0,4.6,0,0,0,0,0,0,0,0,0.2,0.2,0.2,0.4,0.00,0.00,0.00,0.00,0.05,0.04,0.05,0.08,0.0,0.0,0.0,0.0,0.0,0.0,0.0,0.0,0.0,0.0,0.0,0.0,0.0,0.0,0.0,0.0,0.0,0.0,0.0,0.0,0.0,0.0,0.0,0.0,2,0,0.0,0.43,0.00,0.00,,10.8,137,186,73.7,2769,1280,38,48,79.2,82,109,75.2,17,28,60.7,3,10,3,0,10,168,18,1,0,0,0,17,0,0,2,0.43,2,0.43,2,0,0,0,0,0,0,0.00,0,0,0,0,0,0,4,0,3,1,0,2,3,66.7,1,6,4,2,5,9,27,0,4.6,244,43,142,92,11,5,244,0,0,,0,,102,365,177,1,0,0,3,0,107,0,20000,1040000
Scott McTominay,"MF,FW",Manchester Utd,26,32,18,1901.0,21.1,7,1,8,7,0,0,2,0,5.7,5.7,0.8,6.6,0.33,0.05,0.38,0.33,0.27,0.04,0.27,0.31,0.0,0.0,0.0,0.0,0.0,0.0,0.0,0.0,0.0,0.0,0.0,0.0,0.0,0.0,0.0,0.0,0.0,0.0,0.0,0.0,0.0,0.0,0.0,0.0,44,19,43.2,2.08,0.90,0.16,0.37,14.6,528,655,80.6,7877,2012,307,356,86.2,174,206,84.5,30,41,73.2,11,63,9,0,64,639,13,4,2,3,4,5,0,3,26,1.23,26,1.23,18,0,1,4,1,2,2,0.09,1,0,0,0,0,1,49,25,23,24,2,22,33,66.7,11,34,12,22,14,63,54,0,21.1,927,78,235,478,225,53,927,21,8,38.1,10,47.6,485,2221,1032,29,22,4,29,23,572,47,60000,3120000
Sean Longstaff,MF,Newcastle Utd,25,35,30,2747.0,30.5,6,2,8,6,0,0,7,0,6.6,6.6,2.3,8.8,0.20,0.07,0.26,0.20,0.22,0.07,0.22,0.29,0.0,0.0,0.0,0.0,0.0,0.0,0.0,0.0,0.0,0.0,0.0,0.0,0.0,0.0,0.0,0.0,0.0,0.0,0.0,0.0,0.0,0.0,0.0,0.0,41,15,36.6,1.34,0.49,0.15,0.40,14.5,991,1241,79.9,15314,4980,551,636,86.6,351,430,81.6,62,99,62.6,20,82,26,4,145,1193,46,19,8,8,25,5,2,2,51,1.67,51,1.67,43,1,1,3,3,0,7,0.23,3,1,1,1,1,0,54,30,17,29,8,24,63,38.1,39,43,7,36,17,71,23,0,30.5,1533,50,338,780,422,90,1533,23,11,47.8,11,47.8,801,3331,1394,24,24,7,34,35,1076,116,50000,2600000
Serge Aurier,"DF,MF",Nott'ham Forest,30,12,10,833.0,9.3,0,2,2,0,0,0,2,0,0.2,0.2,0.5,0.6,0.00,0.22,0.22,0.00,0.02,0.05,0.02,0.07,0.0,0.0,0.0,0.0,0.0,0.0,0.0,0.0,0.0,0.0,0.0,0.0,0.0,0.0,0.0,0.0,0.0,0.0,0.0,0.0,0.0,0.0,0.0,0.0,6,1,16.7,0.65,0.11,0.00,0.00,16.0,348,448,77.7,5238,2147,191,225,84.9,130,156,83.3,17,45,37.8,4,31,9,4,47,407,41,6,1,0,22,35,0,0,15,1.62,15,1.62,12,1,1,0,1,0,2,0.22,2,0,0,0,0,0,20,14,9,11,0,5,11,45.5,6,10,3,7,9,29,36,1,9.3,568,39,165,280,127,13,568,14,3,21.4,11,78.6,249,1039,532,10,15,1,9,8,347,29,50000,2600000
Sergio Gómez,"FW,MF",Manchester City,22,6,0,53.0,0.6,0,1,1,0,0,0,0,0,0.2,0.2,0.2,0.4,0.00,1.70,1.70,0.00,0.41,0.31,0.41,0.73,0.0,0.0,0.0,0.0,0.0,0.0,0.0,0.0,0.0,0.0,0.0,0.0,0.0,0.0,0.0,0.0,0.0,0.0,0.0,0.0,0.0,0.0,0.0,0.0,2,0,0.0,3.40,0.00,0.00,,15.4,46,54,85.2,636,97,29,31,93.5,15,17,88.2,1,2,50.0,1,1,2,1,2,52,2,0,1,0,4,1,1,0,2,3.33,2,3.33,1,0,1,0,0,0,2,3.33,1,0,1,0,0,0,1,0,0,1,0,1,2,50.0,1,0,0,0,1,2,0,0,0.6,59,0,10,19,30,3,59,2,2,100.0,0,0.0,38,231,112,4,0,1,0,0,48,4,50000,2600000
Sergio Reguilón,DF,Manchester Utd,26,9,4,412.0,4.6,0,0,0,0,0,0,3,0,0.2,0.2,0.7,0.9,0.00,0.00,0.00,0.00,0.04,0.16,0.04,0.20,0.0,0.0,0.0,0.0,0.0,0.0,0.0,0.0,0.0,0.0,0.0,0.0,0.0,0.0,0.0,0.0,0.0,0.0,0.0,0.0,0.0,0.0,0.0,0.0,4,0,0.0,0.87,0.00,0.00,,18.1,244,314,77.7,3669,1356,137,157,87.3,84,111,75.7,16,26,61.5,8,20,4,2,27,252,60,5,0,1,29,49,6,2,15,3.28,15,3.28,13,1,0,1,0,0,1,0.22,1,0,0,0,0,0,13,8,6,2,5,8,17,47.1,9,10,0,10,5,18,7,0,4.6,378,8,70,155,155,9,378,11,3,27.3,4,36.4,184,847,441,11,4,2,8,1,217,38,53000,2756000
Sergio Reguilón,DF,Brentford,26,16,14,1118.0,12.4,0,4,4,0,0,0,4,1,0.8,0.8,2.8,3.6,0.00,0.32,0.32,0.00,0.06,0.23,0.06,0.29,0.0,0.0,0.0,0.0,0.0,0.0,0.0,0.0,0.0,0.0,0.0,0.0,0.0,0.0,0.0,0.0,0.0,0.0,0.0,0.0,0.0,0.0,0.0,0.0,4,0,0.0,0.87,0.00,0.00,,18.1,244,314,77.7,3669,1356,137,157,87.3,84,111,75.7,16,26,61.5,8,20,4,2,27,252,60,5,0,1,29,49,6,2,15,3.28,15,3.28,13,1,0,1,0,0,1,0.22,1,0,0,0,0,0,13,8,6,2,5,8,17,47.1,9,10,0,10,5,18,7,0,4.6,378,8,70,155,155,9,378,11,3,27.3,4,36.4,184,847,441,11,4,2,8,1,217,38,53000,2756000
Shandon Baptiste,MF,Brentford,25,10,2,229.0,2.5,1,1,2,1,0,0,1,0,0.9,0.9,0.2,1.1,0.39,0.39,0.79,0.39,0.35,0.08,0.35,0.43,0.0,0.0,0.0,0.0,0.0,0.0,0.0,0.0,0.0,0.0,0.0,0.0,0.0,0.0,0.0,0.0,0.0,0.0,0.0,0.0,0.0,0.0,0.0,0.0,2,2,100.0,0.79,0.79,0.50,0.50,6.6,66,90,73.3,1144,351,33,39,84.6,25,28,89.3,7,15,46.7,4,7,3,2,5,87,3,0,0,0,3,1,0,0,5,1.96,5,1.96,4,0,1,0,0,0,1,0.39,1,0,0,0,0,0,4,4,2,2,0,1,5,20.0,4,5,1,4,3,7,6,0,2.5,130,7,41,57,34,6,130,11,6,54.5,5,45.5,64,322,170,3,1,0,8,0,69,1,15000,780000
Simon Adingra,FW,Brighton,21,31,25,2222.0,24.7,6,1,7,6,0,0,3,0,4.3,4.3,3.7,8.0,0.24,0.04,0.28,0.24,0.17,0.15,0.17,0.32,0.0,0.0,0.0,0.0,0.0,0.0,0.0,0.0,0.0,0.0,0.0,0.0,0.0,0.0,0.0,0.0,0.0,0.0,0.0,0.0,0.0,0.0,0.0,0.0,52,22,42.3,2.11,0.89,0.12,0.27,15.9,634,840,75.5,8828,1713,412,491,83.9,185,245,75.5,20,38,52.6,33,17,33,11,50,815,23,3,7,2,76,15,5,2,77,3.12,77,3.12,51,1,13,7,3,2,4,0.16,3,0,0,0,0,1,45,20,23,11,11,19,42,45.2,23,31,1,30,19,64,22,0,24.7,1159,36,187,364,627,153,1159,123,50,40.7,64,52.0,773,5063,2996,111,48,63,48,28,795,278,12500,650000
Sofyan Amrabat,"MF,DF",Manchester Utd,26,21,10,938.0,10.4,0,0,0,0,0,0,6,0,0.1,0.1,0.3,0.4,0.00,0.00,0.00,0.00,0.01,0.03,0.01,0.04,0.0,0.0,0.0,0.0,0.0,0.0,0.0,0.0,0.0,0.0,0.0,0.0,0.0,0.0,0.0,0.0,0.0,0.0,0.0,0.0,0.0,0.0,0.0,0.0,3,0,0.0,0.29,0.00,0.00,,26.1,578,664,87.0,10308,2747,244,274,89.1,264,296,89.2,56,67,83.6,6,62,6,1,66,642,21,10,0,8,7,11,0,1,19,1.82,19,1.82,19,0,0,0,0,0,1,0.10,1,0,0,0,0,0,27,16,17,8,2,17,31,54.8,14,20,7,13,8,35,19,2,10.4,770,48,218,439,120,1,770,10,6,60.0,2,20.0,489,2362,947,6,8,0,9,11,545,10,65000,3380000
Solly March,"FW,DF",Brighton,29,7,7,554.0,6.2,3,1,4,3,0,0,1,0,2.0,2.0,1.0,2.9,0.49,0.16,0.65,0.49,0.32,0.16,0.32,0.47,0.0,0.0,0.0,0.0,0.0,0.0,0.0,0.0,0.0,0.0,0.0,0.0,0.0,0.0,0.0,0.0,0.0,0.0,0.0,0.0,0.0,0.0,0.0,0.0,14,6,42.9,2.27,0.97,0.21,0.50,16.6,203,261,77.8,3145,899,118,139,84.9,62,78,79.5,17,27,63.0,7,10,7,0,24,222,39,8,1,1,21,19,12,0,22,3.57,22,3.57,8,8,2,1,2,1,2,0.32,0,1,0,0,1,0,19,14,9,7,3,8,14,57.1,6,5,0,5,11,30,8,0,6.2,336,12,71,123,145,18,336,18,8,44.4,8,44.4,198,975,491,14,7,3,8,10,211,44,50000,2600000
Son Heung-min,FW,Tottenham,31,35,34,2934.0,32.6,17,10,27,15,2,2,1,0,12.0,10.4,11.8,22.2,0.52,0.31,0.83,0.46,0.37,0.36,0.32,0.68,0.0,0.0,0.0,0.0,0.0,0.0,0.0,0.0,0.0,0.0,0.0,0.0,0.0,0.0,0.0,0.0,0.0,0.0,0.0,0.0,0.0,0.0,0.0,0.0,83,38,45.8,2.55,1.17,0.18,0.39,15.5,887,1075,82.5,12123,2822,531,609,87.2,297,338,87.9,23,38,60.5,68,40,65,2,139,996,75,3,17,2,36,10,3,4,129,3.96,129,3.96,108,0,11,6,3,1,17,0.52,13,0,3,0,1,0,21,13,6,7,8,10,21,47.6,11,4,1,3,8,29,4,0,32.6,1354,8,87,458,823,212,1352,92,39,42.4,47,51.1,927,5688,2989,119,44,64,55,41,1100,325,190000,9880000
Stefan Bajcetic,MF,Liverpool,18,1,0,26.0,0.3,0,0,0,0,0,0,0,0,0.0,0.0,0.0,0.0,0.00,0.00,0.00,0.00,0.00,0.00,0.00,0.00,0.0,0.0,0.0,0.0,0.0,0.0,0.0,0.0,0.0,0.0,0.0,0.0,0.0,0.0,0.0,0.0,0.0,0.0,0.0,0.0,0.0,0.0,0.0,0.0,0,0,,0.00,0.00,,,,7,10,70.0,101,44,3,3,100.0,4,6,66.7,0,0,,0,0,0,0,1,10,0,0,0,0,0,0,0,0,0,0.00,0,0.00,0,0,0,0,0,0,0,0.00,0,0,0,0,0,0,4,1,3,1,0,3,5,60.0,2,0,0,0,0,4,0,0,0.3,12,0,4,8,0,0,12,0,0,,0,,9,46,24,0,0,0,0,0,9,0,40000,2080000
Stefan Ortega,GK,Manchester City,30,9,5,635.0,7.1,0,0,0,0,0,0,0,0,0.0,0.0,0.0,0.0,0.00,0.00,0.00,0.00,0.00,0.00,0.00,0.00,0.99,27,20,74.1,3,60.0,9.0,0.33,28,68,41.2,247,24,24.7,27.9,19,36.8,34.4,65,6,9.2,13,1.84,16.8,0,0,,0.00,0.00,,,,213,266,80.1,4942,3526,58,58,100.0,108,110,98.2,46,96,47.9,0,2,0,0,0,240,26,7,0,0,0,0,0,0,0,0.00,0,0.00,0,0,0,0,0,0,0,0.00,0,0,0,0,0,0,0,0,0,0,0,0,0,,0,0,0,0,0,0,2,1,7.1,282,213,279,3,0,0,282,0,0,,0,,193,847,480,0,0,0,0,0,187,0,55000,2860000
Sven Botman,DF,Newcastle Utd,23,17,15,1377.0,15.3,2,2,4,2,0,0,2,0,0.6,0.6,1.0,1.6,0.13,0.13,0.26,0.13,0.04,0.07,0.04,0.11,0.0,0.0,0.0,0.0,0.0,0.0,0.0,0.0,0.0,0.0,0.0,0.0,0.0,0.0,0.0,0.0,0.0,0.0,0.0,0.0,0.0,0.0,0.0,0.0,10,2,20.0,0.65,0.13,0.20,1.00,10.5,921,1017,90.6,17027,6760,357,382,93.5,459,489,93.9,98,132,74.2,5,38,1,0,35,981,36,32,0,5,0,2,0,0,14,0.92,14,0.92,12,0,0,2,0,0,3,0.20,3,0,0,0,0,0,20,13,14,6,0,8,13,61.5,5,20,16,4,9,29,61,3,15.3,1154,186,676,450,29,20,1154,2,0,0.0,2,100.0,672,2866,1403,0,4,0,5,2,822,5,90000,4680000
Sydie Peck,MF,Sheffield Utd,18,1,0,10.0,0.1,0,0,0,0,0,0,0,0,0.0,0.0,0.0,0.0,0.00,0.00,0.00,0.00,0.00,0.00,0.00,0.00,0.0,0.0,0.0,0.0,0.0,0.0,0.0,0.0,0.0,0.0,0.0,0.0,0.0,0.0,0.0,0.0,0.0,0.0,0.0,0.0,0.0,0.0,0.0,0.0,0,0,,0.00,0.00,,,,1,1,100.0,10,0,1,1,100.0,0,0,,0,0,,0,0,0,0,0,1,0,0,0,0,0,0,0,0,0,0.00,0,0.00,0,0,0,0,0,0,0,0.00,0,0,0,0,0,0,0,0,0,0,0,0,0,,0,0,0,0,0,0,0,0,0.1,1,0,0,1,0,0,1,0,0,,0,,0,0,0,0,0,0,0,0,1,0,0.0,0.0
Séamus Coleman,DF,Everton,34,12,7,665.0,7.4,0,0,0,0,0,0,0,0,0.0,0.0,1.0,1.0,0.00,0.00,0.00,0.00,0.00,0.14,0.00,0.14,0.0,0.0,0.0,0.0,0.0,0.0,0.0,0.0,0.0,0.0,0.0,0.0,0.0,0.0,0.0,0.0,0.0,0.0,0.0,0.0,0.0,0.0,0.0,0.0,0,0,,0.00,0.00,,,,207,306,67.6,3381,1481,111,132,84.1,76,103,73.8,16,51,31.4,3,15,4,2,22,232,70,1,0,1,13,69,0,4,6,0.81,6,0.81,5,0,1,0,0,0,0,0.00,0,0,0,0,0,0,17,14,10,3,4,11,16,68.8,5,12,4,8,7,24,26,1,7.4,388,42,136,152,103,3,388,13,6,46.2,7,53.8,162,837,387,5,5,1,7,4,176,16,55000,2860000
Tahith Chong,"MF,FW",Luton Town,23,33,20,1982.0,22.0,4,0,4,4,0,0,4,0,2.7,2.7,0.5,3.2,0.18,0.00,0.18,0.18,0.12,0.02,0.12,0.15,0.0,0.0,0.0,0.0,0.0,0.0,0.0,0.0,0.0,0.0,0.0,0.0,0.0,0.0,0.0,0.0,0.0,0.0,0.0,0.0,0.0,0.0,0.0,0.0,31,7,22.6,1.41,0.32,0.13,0.57,16.6,428,550,77.8,6679,1643,227,257,88.3,149,189,78.8,32,54,59.3,10,35,20,8,72,515,31,4,5,6,35,11,0,4,49,2.22,49,2.22,31,0,3,2,11,2,4,0.18,2,0,0,2,0,0,36,22,19,13,4,15,33,45.5,18,30,6,24,8,44,11,1,22.0,819,30,160,351,324,52,819,72,25,34.7,32,44.4,520,3559,1880,57,47,9,59,40,560,101,30000,1560000
Taiwo Awoniyi,FW,Nott'ham Forest,25,20,12,1042.0,11.6,6,3,9,6,0,0,2,0,4.7,4.7,1.7,6.4,0.52,0.26,0.78,0.52,0.41,0.15,0.41,0.56,0.0,0.0,0.0,0.0,0.0,0.0,0.0,0.0,0.0,0.0,0.0,0.0,0.0,0.0,0.0,0.0,0.0,0.0,0.0,0.0,0.0,0.0,0.0,0.0,22,11,50.0,1.90,0.95,0.27,0.55,11.5,127,175,72.6,1594,312,88,111,79.3,34,47,72.3,3,5,60.0,10,6,3,0,14,169,4,0,2,1,1,0,0,2,30,2.60,30,2.60,22,0,2,0,4,2,6,0.52,5,0,1,0,0,0,9,7,1,4,4,1,2,50.0,1,7,2,5,1,10,9,0,11.6,294,14,30,153,118,43,294,16,8,50.0,7,43.8,168,748,320,8,6,6,38,11,209,45,50000,2600000
Takehiro Tomiyasu,DF,Arsenal,24,22,10,1149.0,12.8,2,1,3,2,0,0,2,1,1.5,1.5,0.4,1.9,0.16,0.08,0.23,0.16,0.12,0.03,0.12,0.15,0.0,0.0,0.0,0.0,0.0,0.0,0.0,0.0,0.0,0.0,0.0,0.0,0.0,0.0,0.0,0.0,0.0,0.0,0.0,0.0,0.0,0.0,0.0,0.0,17,3,17.6,1.33,0.23,0.12,0.67,14.9,574,697,82.4,8941,2520,306,342,89.5,229,267,85.8,27,56,48.2,6,60,10,3,72,615,80,7,2,2,14,73,0,2,17,1.33,17,1.33,16,0,0,1,0,0,2,0.16,2,0,0,0,0,0,20,9,15,4,1,11,18,61.1,7,10,4,6,18,38,33,0,12.8,824,37,192,389,248,31,824,12,4,33.3,7,58.3,469,2158,1064,17,14,3,13,3,520,37,55000,2860000
Tariq Lamptey,"DF,FW",Brighton,22,19,10,914.0,10.2,0,3,3,0,0,0,3,0,0.4,0.4,1.2,1.7,0.00,0.30,0.30,0.00,0.04,0.12,0.04,0.16,0.0,0.0,0.0,0.0,0.0,0.0,0.0,0.0,0.0,0.0,0.0,0.0,0.0,0.0,0.0,0.0,0.0,0.0,0.0,0.0,0.0,0.0,0.0,0.0,6,0,0.0,0.59,0.00,0.00,,18.2,379,454,83.5,5485,916,217,242,89.7,135,163,82.8,13,22,59.1,10,6,12,6,17,400,51,2,0,0,31,49,0,3,17,1.68,17,1.68,15,0,1,1,0,0,3,0.30,3,0,0,0,0,0,21,14,14,5,2,13,22,59.1,9,7,3,4,6,27,6,0,10.2,545,21,130,221,197,21,545,19,6,31.6,8,42.1,354,2092,1218,39,17,12,22,2,382,64,35000,1820000
Tawanda Chirewa,"MF,FW",Wolves,19,8,1,145.0,1.6,0,0,0,0,0,0,1,0,0.2,0.2,0.0,0.2,0.00,0.00,0.00,0.00,0.10,0.02,0.10,0.12,0.0,0.0,0.0,0.0,0.0,0.0,0.0,0.0,0.0,0.0,0.0,0.0,0.0,0.0,0.0,0.0,0.0,0.0,0.0,0.0,0.0,0.0,0.0,0.0,3,1,33.3,1.86,0.62,0.00,0.00,21.0,46,58,79.3,664,151,29,31,93.5,14,18,77.8,2,3,66.7,1,3,3,2,7,54,3,1,0,0,4,0,0,1,3,1.86,3,1.86,3,0,0,0,0,0,0,0.00,0,0,0,0,0,0,7,3,3,3,1,2,3,66.7,1,0,0,0,1,8,0,0,1.6,86,2,17,44,26,5,86,3,1,33.3,2,66.7,49,189,55,1,2,1,7,3,62,8,0.0,0.0
Teden Mengi,DF,Luton Town,21,30,28,2469.0,27.4,1,0,1,1,0,0,3,0,0.6,0.6,0.3,0.9,0.04,0.00,0.04,0.04,0.02,0.01,0.02,0.03,0.0,0.0,0.0,0.0,0.0,0.0,0.0,0.0,0.0,0.0,0.0,0.0,0.0,0.0,0.0,0.0,0.0,0.0,0.0,0.0,0.0,0.0,0.0,0.0,11,4,36.4,0.40,0.15,0.09,0.25,17.6,728,938,77.6,14286,5525,256,296,86.5,378,431,87.7,82,177,46.3,6,62,5,0,54,912,22,18,1,13,2,4,0,4,14,0.51,14,0.51,11,0,2,1,0,0,0,0.00,0,0,0,0,0,0,54,22,33,20,1,19,30,63.3,11,39,27,12,57,111,140,1,27.4,1288,218,673,554,70,24,1288,11,7,63.6,3,27.3,596,3222,1660,15,8,2,22,5,616,1,10000,520000
Thiago Alcántara,MF,Liverpool,32,1,0,6.0,0.1,0,0,0,0,0,0,0,0,0.0,0.0,0.0,0.0,0.00,0.00,0.00,0.00,0.00,0.00,0.00,0.00,0.0,0.0,0.0,0.0,0.0,0.0,0.0,0.0,0.0,0.0,0.0,0.0,0.0,0.0,0.0,0.0,0.0,0.0,0.0,0.0,0.0,0.0,0.0,0.0,0,0,,0.00,0.00,,,,7,10,70.0,130,30,3,3,100.0,3,4,75.0,1,2,50.0,0,0,0,0,0,9,1,1,0,0,0,0,0,0,0,0.00,0,0.00,0,0,0,0,0,0,0,0.00,0,0,0,0,0,0,0,0,0,0,0,0,0,,0,0,0,0,0,0,0,0,0.1,10,0,4,5,1,0,10,0,0,,0,,9,33,15,0,0,0,0,0,9,0,200000,10400000
Thiago Silva,DF,Chelsea,38,31,28,2527.0,28.1,3,1,4,3,0,0,4,0,0.8,0.8,1.0,1.8,0.11,0.04,0.14,0.11,0.03,0.04,0.03,0.06,0.0,0.0,0.0,0.0,0.0,0.0,0.0,0.0,0.0,0.0,0.0,0.0,0.0,0.0,0.0,0.0,0.0,0.0,0.0,0.0,0.0,0.0,0.0,0.0,14,4,28.6,0.50,0.14,0.21,0.75,9.4,2166,2287,94.7,38542,15513,887,918,96.6,1119,1157,96.7,143,186,76.9,9,125,10,1,102,2198,88,60,0,9,4,3,0,1,27,0.96,27,0.96,25,1,0,1,0,0,4,0.14,3,0,0,1,0,0,29,15,22,6,1,20,34,58.8,14,33,24,9,26,55,153,4,28.1,2549,398,1280,1198,79,24,2549,4,2,50.0,0,0.0,1623,6862,3867,2,11,0,7,1,1891,5,110000,5720000
Thilo Kehrer,"DF,MF",West Ham,26,4,0,22.0,0.2,0,0,0,0,0,0,2,0,0.0,0.0,0.0,0.0,0.00,0.00,0.00,0.00,0.00,0.00,0.00,0.00,0.0,0.0,0.0,0.0,0.0,0.0,0.0,0.0,0.0,0.0,0.0,0.0,0.0,0.0,0.0,0.0,0.0,0.0,0.0,0.0,0.0,0.0,0.0,0.0,0,0,,0.00,0.00,,,,9,9,100.0,86,36,7,7,100.0,1,1,100.0,0,0,,0,0,0,0,1,7,2,0,0,0,0,2,0,0,0,0.00,0,0.00,0,0,0,0,0,0,0,0.00,0,0,0,0,0,0,1,1,0,1,0,0,0,,0,2,2,0,0,1,0,0,0.2,12,2,2,8,2,0,12,0,0,,0,,3,15,5,0,0,0,0,0,6,1,80000,4160000
Thomas Cannon,FW,Everton,20,1,0,1.0,0.0,0,0,0,0,0,0,0,0,0.0,0.0,0.0,0.0,0.00,0.00,0.00,0.00,0.00,0.00,0.00,0.00,0.0,0.0,0.0,0.0,0.0,0.0,0.0,0.0,0.0,0.0,0.0,0.0,0.0,0.0,0.0,0.0,0.0,0.0,0.0,0.0,0.0,0.0,0.0,0.0,0,0,,0.00,0.00,,,,0,0,,0,0,0,0,,0,0,,0,0,,0,0,0,0,0,0,0,0,0,0,0,0,0,0,0,0.00,0,0.00,0,0,0,0,0,0,0,0.00,0,0,0,0,0,0,0,0,0,0,0,0,0,,0,0,0,0,0,0,0,0,0.0,0,0,0,0,0,0,0,0,0,,0,,0,0,0,0,0,0,0,0,0,0,0.0,0.0
Thomas Kaminski,GK,Luton Town,30,38,38,3405.0,37.8,0,0,0,0,0,0,3,0,0.0,0.0,0.0,0.0,0.00,0.00,0.00,0.00,0.00,0.00,0.00,0.00,2.25,221,140,63.3,2,5.3,77.6,0.34,271,808,33.5,1121,150,52.0,39.5,341,66.0,47.5,558,16,2.9,76,2.01,20.5,0,0,,0.00,0.00,,,,869,1468,59.2,27614,22188,173,175,98.9,329,344,95.6,362,937,38.6,1,44,2,0,1,969,493,152,0,2,0,0,0,6,3,0.08,3,0.08,2,1,0,0,0,0,0,0.00,0,0,0,0,0,0,2,1,2,0,0,2,6,33.3,4,1,0,1,0,2,14,2,37.8,1580,1129,1553,30,1,0,1580,2,2,100.0,0,0.0,805,4663,2432,0,0,0,1,0,657,0,25000,1300000
Thomas Partey,"MF,DF",Arsenal,30,14,9,788.0,8.8,0,0,0,0,0,0,3,0,0.4,0.4,0.3,0.7,0.00,0.00,0.00,0.00,0.05,0.03,0.05,0.08,0.0,0.0,0.0,0.0,0.0,0.0,0.0,0.0,0.0,0.0,0.0,0.0,0.0,0.0,0.0,0.0,0.0,0.0,0.0,0.0,0.0,0.0,0.0,0.0,8,2,25.0,0.91,0.23,0.00,0.00,20.7,570,636,89.6,9177,2564,298,321,92.8,224,243,92.2,37,54,68.5,6,61,14,2,72,609,24,14,3,3,2,10,0,3,25,2.86,25,2.86,24,0,0,0,1,0,4,0.46,4,0,0,0,0,0,14,11,9,4,1,5,10,50.0,5,9,3,6,11,25,9,0,8.8,707,23,138,423,154,6,707,13,9,69.2,2,15.4,453,2227,1129,15,18,1,8,8,528,10,200000,10400000
Thomas Strakosha,GK,Brentford,28,2,1,135.0,1.5,0,0,0,0,0,0,0,0,0.0,0.0,0.0,0.0,0.00,0.00,0.00,0.00,0.00,0.00,0.00,0.00,1.33,8,6,75.0,0,0.0,1.5,0.20,12,30,40.0,56,5,41.1,35.8,15,46.7,39.9,37,2,5.4,1,0.67,10.0,0,0,,0.00,0.00,,,,52,71,73.2,1509,977,6,6,100.0,27,28,96.4,19,37,51.4,0,1,0,0,0,45,26,11,0,0,0,0,0,0,0,0.00,0,0.00,0,0,0,0,0,0,0,0.00,0,0,0,0,0,0,0,0,0,0,0,0,0,,0,0,0,0,0,0,0,0,1.5,75,62,74,1,0,0,75,0,0,,0,,35,156,88,0,0,0,0,0,32,0,25000,1300000
Tim Iroegbunam,MF,Aston Villa,20,9,1,164.0,1.8,0,0,0,0,0,0,0,0,0.0,0.0,0.0,0.0,0.00,0.00,0.00,0.00,0.00,0.00,0.00,0.00,0.0,0.0,0.0,0.0,0.0,0.0,0.0,0.0,0.0,0.0,0.0,0.0,0.0,0.0,0.0,0.0,0.0,0.0,0.0,0.0,0.0,0.0,0.0,0.0,0,0,,0.00,0.00,,,,51,55,92.7,704,229,30,31,96.8,19,20,95.0,0,0,,0,1,0,0,1,54,1,1,0,0,0,0,0,0,0,0.00,0,0.00,0,0,0,0,0,0,0,0.00,0,0,0,0,0,0,7,5,4,2,1,4,9,44.4,5,3,0,3,2,9,3,0,1.8,79,5,27,46,8,0,79,7,3,42.9,2,28.6,41,222,115,3,0,0,2,3,38,0,5000,260000
Tim Ream,DF,Fulham,35,18,17,1503.0,16.7,1,0,1,1,0,0,4,1,1.0,1.0,0.0,1.0,0.06,0.00,0.06,0.06,0.06,0.00,0.06,0.06,0.0,0.0,0.0,0.0,0.0,0.0,0.0,0.0,0.0,0.0,0.0,0.0,0.0,0.0,0.0,0.0,0.0,0.0,0.0,0.0,0.0,0.0,0.0,0.0,1,1,100.0,0.06,0.06,1.00,1.00,1.3,944,1060,89.1,18892,6949,308,333,92.5,515,559,92.1,110,143,76.9,0,78,1,0,65,1010,49,19,0,8,1,0,0,1,10,0.60,10,0.60,9,1,0,0,0,0,1,0.06,1,0,0,0,0,0,20,9,13,5,2,9,18,50.0,9,23,15,8,25,45,61,2,16.7,1206,160,585,600,30,7,1206,7,6,85.7,1,14.3,739,4157,2723,11,6,2,6,3,811,3,30000,1560000
Timo Werner,FW,Tottenham,27,13,10,809.0,9.0,2,3,5,2,0,0,1,0,3.7,3.7,2.7,6.4,0.22,0.33,0.56,0.22,0.41,0.30,0.41,0.72,0.0,0.0,0.0,0.0,0.0,0.0,0.0,0.0,0.0,0.0,0.0,0.0,0.0,0.0,0.0,0.0,0.0,0.0,0.0,0.0,0.0,0.0,0.0,0.0,29,7,24.1,3.23,0.78,0.07,0.29,14.1,281,366,76.8,4049,863,163,189,86.2,108,138,78.3,6,12,50.0,15,9,20,5,41,349,16,2,2,0,28,14,0,1,34,3.78,34,3.78,25,0,4,4,1,0,7,0.78,7,0,0,0,0,0,7,4,3,4,0,5,18,27.8,13,12,0,12,3,10,2,0,9.0,450,3,32,118,302,69,450,30,12,40.0,12,40.0,328,2598,1517,79,27,36,11,5,351,124,165000,8580000
Timothy Castagne,DF,Fulham,27,34,29,2634.0,29.3,1,3,4,1,0,0,3,0,1.6,1.6,1.9,3.5,0.03,0.10,0.14,0.03,0.06,0.07,0.06,0.12,0.0,0.0,0.0,0.0,0.0,0.0,0.0,0.0,0.0,0.0,0.0,0.0,0.0,0.0,0.0,0.0,0.0,0.0,0.0,0.0,0.0,0.0,0.0,0.0,14,4,28.6,0.48,0.14,0.07,0.25,11.3,1350,1662,81.2,21238,7361,705,794,88.8,514,595,86.4,91,162,56.2,18,74,17,8,77,1373,286,27,2,2,50,259,0,3,50,1.71,50,1.71,39,2,4,4,0,1,2,0.07,2,0,0,0,0,0,49,24,23,16,10,26,44,59.1,18,38,10,28,38,87,69,1,29.3,1937,116,697,831,418,58,1937,30,17,56.7,10,33.3,879,3780,1855,48,25,6,25,10,1121,113,65000,3380000
Tom Cairney,MF,Fulham,32,34,14,1488.0,16.5,1,4,5,1,0,0,3,0,1.1,1.1,2.3,3.4,0.06,0.24,0.30,0.06,0.07,0.14,0.07,0.20,0.0,0.0,0.0,0.0,0.0,0.0,0.0,0.0,0.0,0.0,0.0,0.0,0.0,0.0,0.0,0.0,0.0,0.0,0.0,0.0,0.0,0.0,0.0,0.0,17,8,47.1,1.03,0.48,0.06,0.13,21.2,1126,1272,88.5,17463,3797,603,644,93.6,422,454,93.0,68,109,62.4,26,84,25,4,145,1239,27,15,2,1,25,0,2,6,71,4.30,71,4.30,62,2,2,2,1,2,13,0.79,11,0,1,0,1,0,24,16,10,12,2,13,25,52.0,12,16,4,12,13,37,6,0,16.5,1398,27,243,761,422,31,1398,33,26,78.8,5,15.2,931,4502,2261,35,42,6,29,24,1128,72,30000,1560000
Tom Davies,MF,Sheffield Utd,25,9,2,221.0,2.5,0,0,0,0,0,0,2,0,0.4,0.4,0.1,0.4,0.00,0.00,0.00,0.00,0.14,0.03,0.14,0.17,0.0,0.0,0.0,0.0,0.0,0.0,0.0,0.0,0.0,0.0,0.0,0.0,0.0,0.0,0.0,0.0,0.0,0.0,0.0,0.0,0.0,0.0,0.0,0.0,4,1,25.0,1.63,0.41,0.00,0.00,15.4,68,99,68.7,901,310,41,50,82.0,20,27,74.1,2,7,28.6,1,6,1,0,8,92,5,2,1,0,4,1,0,2,6,2.44,6,2.44,4,0,0,1,0,1,1,0.41,0,0,0,0,0,1,10,5,4,3,3,3,9,33.3,6,2,1,1,3,13,6,1,2.5,142,9,44,65,34,5,142,8,2,25.0,5,62.5,67,381,167,3,2,1,3,4,76,3,30000,1560000
Tom Lockyer,DF,Luton Town,28,14,14,1169.0,13.0,1,1,2,1,0,0,4,0,1.1,1.1,0.6,1.7,0.08,0.08,0.15,0.08,0.08,0.05,0.08,0.13,0.0,0.0,0.0,0.0,0.0,0.0,0.0,0.0,0.0,0.0,0.0,0.0,0.0,0.0,0.0,0.0,0.0,0.0,0.0,0.0,0.0,0.0,0.0,0.0,7,1,14.3,0.54,0.08,0.14,1.00,8.5,301,422,71.3,6628,3120,81,104,77.9,158,189,83.6,57,113,50.4,3,37,4,0,37,401,20,17,1,5,1,2,0,1,10,0.77,10,0.77,9,0,0,0,0,1,1,0.08,1,0,0,0,0,0,25,16,17,6,2,15,22,68.2,7,23,13,10,23,48,68,0,13.0,586,108,316,242,32,18,586,6,4,66.7,2,33.3,269,1504,883,6,6,1,6,2,247,2,20000,1040000
Tommy Doyle,MF,Wolves,21,26,11,1222.0,13.6,0,0,0,0,0,0,2,0,0.4,0.4,0.4,0.9,0.00,0.00,0.00,0.00,0.03,0.03,0.03,0.06,0.0,0.0,0.0,0.0,0.0,0.0,0.0,0.0,0.0,0.0,0.0,0.0,0.0,0.0,0.0,0.0,0.0,0.0,0.0,0.0,0.0,0.0,0.0,0.0,14,3,21.4,1.03,0.22,0.00,0.00,26.2,801,955,83.9,15164,4208,309,331,93.4,361,399,90.5,106,178,59.6,8,86,7,2,81,878,69,44,2,15,28,8,15,8,26,1.91,26,1.91,20,6,0,0,0,0,5,0.37,4,1,0,0,0,0,26,13,11,10,5,14,23,60.9,9,22,9,13,12,38,18,0,13.6,1061,40,265,620,182,6,1061,3,1,33.3,1,33.3,637,3091,1408,21,17,2,7,7,766,17,10000,520000
Tomáš Souček,MF,West Ham,28,37,34,2870.0,31.9,7,2,9,7,0,0,7,0,6.7,6.7,1.7,8.4,0.22,0.06,0.28,0.22,0.21,0.05,0.21,0.26,0.0,0.0,0.0,0.0,0.0,0.0,0.0,0.0,0.0,0.0,0.0,0.0,0.0,0.0,0.0,0.0,0.0,0.0,0.0,0.0,0.0,0.0,0.0,0.0,43,15,34.9,1.35,0.47,0.16,0.47,11.0,722,962,75.1,11368,3594,364,450,80.9,272,346,78.6,54,86,62.8,20,80,8,2,86,949,7,2,2,9,6,3,0,6,42,1.32,42,1.32,34,1,0,4,0,3,4,0.13,4,0,0,0,0,0,53,35,24,26,3,21,47,44.7,26,55,28,27,37,90,109,0,31.9,1340,186,456,653,234,72,1340,11,4,36.4,7,63.6,533,1869,596,7,13,2,20,12,677,39,90000,4680000
Tosin Adarabioyo,DF,Fulham,25,20,18,1617.0,18.0,2,0,2,2,0,0,2,0,0.7,0.7,0.1,0.8,0.11,0.00,0.11,0.11,0.04,0.01,0.04,0.05,0.0,0.0,0.0,0.0,0.0,0.0,0.0,0.0,0.0,0.0,0.0,0.0,0.0,0.0,0.0,0.0,0.0,0.0,0.0,0.0,0.0,0.0,0.0,0.0,14,5,35.7,0.78,0.28,0.14,0.40,14.2,1028,1216,84.5,21010,7956,277,307,90.2,627,699,89.7,115,177,65.0,2,47,2,0,62,1181,33,28,1,9,1,2,0,2,10,0.56,10,0.56,6,0,0,4,0,0,0,0.00,0,0,0,0,0,0,21,11,16,5,0,12,21,57.1,9,16,11,5,25,46,80,0,18.0,1390,181,713,631,48,29,1390,3,1,33.3,0,0.0,817,4560,2661,10,12,1,4,4,1009,5,40000,2080000
Toti Gomes,DF,Wolves,24,35,31,2772.0,30.8,1,3,4,1,0,0,7,0,1.6,1.6,1.2,2.8,0.03,0.10,0.13,0.03,0.05,0.04,0.05,0.09,0.0,0.0,0.0,0.0,0.0,0.0,0.0,0.0,0.0,0.0,0.0,0.0,0.0,0.0,0.0,0.0,0.0,0.0,0.0,0.0,0.0,0.0,0.0,0.0,10,5,50.0,0.32,0.16,0.10,0.20,9.9,1516,1847,82.1,23316,8336,782,859,91.0,631,748,84.4,60,153,39.2,6,78,6,1,79,1685,158,41,1,5,13,117,0,4,21,0.68,21,0.68,16,1,1,3,0,0,4,0.13,3,0,0,1,0,0,44,25,32,8,4,24,37,64.9,13,40,19,21,26,70,93,2,30.8,2109,188,1020,927,169,22,2109,31,23,74.2,5,16.1,1113,4427,2325,22,16,2,17,6,1394,11,10000,520000
Trent Alexander-Arnold,DF,Liverpool,24,28,25,2155.0,23.9,3,4,7,3,0,0,6,0,2.6,2.3,7.2,9.5,0.13,0.17,0.29,0.13,0.11,0.30,0.10,0.40,0.0,0.0,0.0,0.0,0.0,0.0,0.0,0.0,0.0,0.0,0.0,0.0,0.0,0.0,0.0,0.0,0.0,0.0,0.0,0.0,0.0,0.0,0.0,0.0,47,8,17.0,1.96,0.33,0.06,0.38,24.4,1553,2062,75.3,30386,12434,676,734,92.1,607,762,79.7,244,495,49.3,64,202,57,18,205,1705,346,77,22,32,168,198,71,11,126,5.27,126,5.27,80,33,5,6,0,2,7,0.29,4,3,0,0,0,0,39,26,26,11,2,27,87,31.0,60,22,2,20,31,70,48,5,23.9,2296,75,523,1217,582,34,2296,52,28,53.8,21,40.4,1250,5701,2724,45,48,7,27,6,1492,97,180000,9360000
Trevoh Chalobah,DF,Chelsea,24,13,10,952.0,10.6,1,0,1,1,0,0,1,0,0.2,0.2,0.1,0.3,0.09,0.00,0.09,0.09,0.02,0.01,0.02,0.02,0.0,0.0,0.0,0.0,0.0,0.0,0.0,0.0,0.0,0.0,0.0,0.0,0.0,0.0,0.0,0.0,0.0,0.0,0.0,0.0,0.0,0.0,0.0,0.0,2,2,100.0,0.19,0.19,0.50,0.50,9.5,700,783,89.4,12088,3518,278,302,92.1,377,397,95.0,35,70,50.0,2,30,2,0,31,746,36,13,1,0,0,22,0,1,5,0.47,5,0.47,5,0,0,0,0,0,1,0.09,1,0,0,0,0,0,16,12,10,2,4,10,15,66.7,5,8,7,1,8,24,51,0,10.6,886,122,454,372,63,4,886,2,1,50.0,1,50.0,475,1552,709,5,5,2,10,3,633,9,50000,2600000
Tyler Adams,MF,Bournemouth,24,3,1,121.0,1.3,0,0,0,0,0,0,0,0,0.0,0.0,0.1,0.1,0.00,0.00,0.00,0.00,0.00,0.06,0.00,0.06,0.0,0.0,0.0,0.0,0.0,0.0,0.0,0.0,0.0,0.0,0.0,0.0,0.0,0.0,0.0,0.0,0.0,0.0,0.0,0.0,0.0,0.0,0.0,0.0,0,0,,0.00,0.00,,,,59,71,83.1,973,262,35,39,89.7,18,24,75.0,6,8,75.0,1,9,0,0,5,67,4,3,0,1,1,1,0,0,3,2.25,3,2.25,2,1,0,0,0,0,0,0.00,0,0,0,0,0,0,4,3,1,3,0,2,3,66.7,1,2,0,2,4,8,2,0,1.3,91,3,23,54,14,4,91,3,2,66.7,0,0.0,44,193,116,4,1,2,3,0,52,1,60000,3120000
Tyler Onyango,MF,Everton,20,1,0,1.0,0.0,0,0,0,0,0,0,0,0,0.0,0.0,0.0,0.0,0.00,0.00,0.00,0.00,0.00,0.00,0.00,0.00,0.0,0.0,0.0,0.0,0.0,0.0,0.0,0.0,0.0,0.0,0.0,0.0,0.0,0.0,0.0,0.0,0.0,0.0,0.0,0.0,0.0,0.0,0.0,0.0,0,0,,0.00,0.00,,,,0,0,,0,0,0,0,,0,0,,0,0,,0,0,0,0,0,0,0,0,0,0,0,0,0,0,0,0.00,0,0.00,0,0,0,0,0,0,0,0.00,0,0,0,0,0,0,0,0,0,0,0,0,0,,0,0,0,0,0,0,0,0,0.0,0,0,0,0,0,0,0,0,0,,0,,0,0,0,0,0,0,0,0,0,0,5000,260000
Tyrick Mitchell,"DF,MF",Crystal Palace,23,37,37,3204.0,35.6,2,3,5,2,0,0,6,0,1.6,1.6,2.8,4.4,0.06,0.08,0.14,0.06,0.04,0.08,0.04,0.12,0.0,0.0,0.0,0.0,0.0,0.0,0.0,0.0,0.0,0.0,0.0,0.0,0.0,0.0,0.0,0.0,0.0,0.0,0.0,0.0,0.0,0.0,0.0,0.0,12,4,33.3,0.34,0.11,0.17,0.50,12.4,1177,1627,72.3,18588,7927,605,718,84.3,486,654,74.3,63,142,44.4,24,74,29,12,94,1262,361,14,1,2,69,347,0,4,47,1.32,47,1.32,40,2,1,2,1,1,4,0.11,4,0,0,0,0,0,105,60,75,21,9,43,60,71.7,17,63,10,53,26,131,104,0,35.6,2038,118,739,762,555,54,2038,37,18,48.6,17,45.9,818,3253,1564,32,23,9,46,28,979,159,40000,2080000
Tyrone Mings,DF,Aston Villa,30,1,1,30.0,0.3,0,0,0,0,0,0,0,0,0.0,0.0,0.0,0.0,0.00,0.00,0.00,0.00,0.02,0.07,0.02,0.09,0.0,0.0,0.0,0.0,0.0,0.0,0.0,0.0,0.0,0.0,0.0,0.0,0.0,0.0,0.0,0.0,0.0,0.0,0.0,0.0,0.0,0.0,0.0,0.0,1,0,0.0,3.00,0.00,0.00,,18.4,5,5,100.0,119,86,0,0,,2,2,100.0,2,2,100.0,1,1,0,0,0,5,0,0,1,0,0,0,0,0,2,6.00,2,6.00,1,0,0,0,0,1,0,0.00,0,0,0,0,0,0,0,0,0,0,0,0,0,,0,0,0,0,1,1,1,0,0.3,8,3,5,2,1,1,8,0,0,,0,,4,8,3,0,0,0,1,0,4,0,100000,5200000
Valentino Livramento,DF,Newcastle Utd,20,26,12,1314.0,14.6,1,0,1,1,0,0,1,0,0.4,0.4,0.8,1.2,0.07,0.00,0.07,0.07,0.03,0.05,0.03,0.08,0.0,0.0,0.0,0.0,0.0,0.0,0.0,0.0,0.0,0.0,0.0,0.0,0.0,0.0,0.0,0.0,0.0,0.0,0.0,0.0,0.0,0.0,0.0,0.0,4,2,50.0,0.27,0.14,0.25,0.50,12.9,689,802,85.9,10004,2947,421,457,92.1,223,257,86.8,27,53,50.9,12,58,16,3,61,697,105,4,0,1,26,101,0,0,36,2.47,36,2.47,28,0,2,1,3,2,5,0.34,3,0,1,0,1,0,23,13,15,6,2,10,21,47.6,11,16,7,9,25,48,41,1,14.6,957,63,309,428,232,27,957,30,17,56.7,8,26.7,521,2952,1463,44,17,8,17,18,583,76,50000,2600000
Valentín Barco,"DF,FW",Brighton,19,6,3,307.0,3.4,0,0,0,0,0,0,1,0,0.2,0.2,0.2,0.4,0.00,0.00,0.00,0.00,0.05,0.07,0.05,0.13,0.0,0.0,0.0,0.0,0.0,0.0,0.0,0.0,0.0,0.0,0.0,0.0,0.0,0.0,0.0,0.0,0.0,0.0,0.0,0.0,0.0,0.0,0.0,0.0,4,2,50.0,1.17,0.59,0.00,0.00,24.2,179,233,76.8,2509,864,120,131,91.6,47,64,73.4,7,23,30.4,4,10,3,0,14,204,28,5,2,1,30,15,8,1,8,2.35,8,2.35,5,3,0,0,0,0,0,0.00,0,0,0,0,0,0,11,5,4,5,2,6,8,75.0,2,3,0,3,4,15,3,1,3.4,274,7,73,102,100,5,274,11,5,45.5,4,36.4,181,697,367,8,4,0,5,4,188,20,25000,1300000
Victor Lindelöf,DF,Manchester Utd,29,19,14,1328.0,14.8,1,1,2,1,0,0,2,0,0.8,0.8,0.3,1.1,0.07,0.07,0.14,0.07,0.05,0.02,0.05,0.07,0.0,0.0,0.0,0.0,0.0,0.0,0.0,0.0,0.0,0.0,0.0,0.0,0.0,0.0,0.0,0.0,0.0,0.0,0.0,0.0,0.0,0.0,0.0,0.0,6,4,66.7,0.41,0.27,0.17,0.25,10.4,826,927,89.1,13195,3696,398,435,91.5,355,385,92.2,48,70,68.6,8,62,3,0,40,854,73,8,2,5,1,50,0,0,19,1.29,19,1.29,19,0,0,0,0,0,3,0.20,3,0,0,0,0,0,15,10,8,7,0,5,13,38.5,8,18,9,9,12,27,40,1,14.8,1037,102,466,463,114,15,1037,1,1,100.0,0,0.0,620,3077,1621,17,14,0,5,3,706,17,120000,6240000
Vinicius Souza,MF,Sheffield Utd,24,36,29,2668.0,29.6,1,0,1,1,0,0,3,0,0.6,0.6,0.2,0.9,0.03,0.00,0.03,0.03,0.02,0.01,0.02,0.03,0.0,0.0,0.0,0.0,0.0,0.0,0.0,0.0,0.0,0.0,0.0,0.0,0.0,0.0,0.0,0.0,0.0,0.0,0.0,0.0,0.0,0.0,0.0,0.0,14,6,42.9,0.47,0.20,0.07,0.17,21.5,790,995,79.4,12856,3441,382,439,87.0,333,394,84.5,50,89,56.2,4,60,5,1,66,979,13,10,0,8,10,2,0,3,26,0.88,26,0.88,22,1,0,1,0,2,3,0.10,2,0,0,1,0,0,125,76,59,51,15,41,74,55.4,33,57,17,40,32,157,75,1,29.6,1381,125,489,706,200,35,1381,30,17,56.7,11,36.7,581,2697,988,8,6,5,33,25,712,21,30000,1560000
Virgil van Dijk,DF,Liverpool,32,36,36,3177.0,35.3,2,2,4,2,0,0,3,1,2.8,2.8,1.6,4.4,0.06,0.06,0.11,0.06,0.08,0.04,0.08,0.12,0.0,0.0,0.0,0.0,0.0,0.0,0.0,0.0,0.0,0.0,0.0,0.0,0.0,0.0,0.0,0.0,0.0,0.0,0.0,0.0,0.0,0.0,0.0,0.0,45,14,31.1,1.27,0.40,0.04,0.14,12.6,2640,2887,91.4,49290,18943,1029,1092,94.2,1343,1412,95.1,239,325,73.5,11,213,10,0,200,2712,173,80,0,21,0,13,0,2,59,1.67,59,1.67,54,0,0,5,0,0,4,0.11,4,0,0,0,0,0,40,23,24,13,3,12,14,85.7,2,47,34,13,39,79,144,0,35.3,3235,384,1339,1757,146,78,3235,5,2,40.0,2,40.0,1981,9779,5235,32,19,0,7,4,2263,7,220000,11440000
Vitaliy Mykolenko,DF,Everton,24,28,28,2469.0,27.4,2,0,2,2,0,0,1,0,1.5,1.5,0.9,2.4,0.07,0.00,0.07,0.07,0.06,0.03,0.06,0.09,0.0,0.0,0.0,0.0,0.0,0.0,0.0,0.0,0.0,0.0,0.0,0.0,0.0,0.0,0.0,0.0,0.0,0.0,0.0,0.0,0.0,0.0,0.0,0.0,26,5,19.2,0.95,0.18,0.08,0.40,18.9,869,1166,74.5,13579,5739,488,549,88.9,275,368,74.7,81,169,47.9,13,46,17,10,55,938,225,0,2,2,56,225,0,3,37,1.35,37,1.35,32,0,1,4,0,0,3,0.11,1,0,0,2,0,0,69,38,46,21,2,41,66,62.1,25,36,11,25,36,105,92,0,27.4,1501,123,531,611,374,30,1501,31,18,58.1,11,35.5,608,2518,1028,14,22,0,39,11,691,68,58000,3016000
Vitaly Janelt,"MF,DF",Brentford,25,38,37,3054.0,33.9,1,3,4,1,0,0,8,0,1.8,1.8,4.8,6.5,0.03,0.09,0.12,0.03,0.05,0.14,0.05,0.19,0.0,0.0,0.0,0.0,0.0,0.0,0.0,0.0,0.0,0.0,0.0,0.0,0.0,0.0,0.0,0.0,0.0,0.0,0.0,0.0,0.0,0.0,0.0,0.0,21,7,33.3,0.62,0.21,0.05,0.14,18.0,1088,1398,77.8,17534,5211,579,666,86.9,394,496,79.4,84,156,53.8,37,107,32,15,123,1345,49,14,4,12,59,29,6,4,80,2.36,80,2.36,69,2,1,3,3,2,4,0.12,3,0,0,0,1,0,63,38,29,25,9,32,64,50.0,32,35,9,26,36,99,64,3,33.9,1703,115,513,772,437,72,1703,18,8,44.4,7,38.9,893,3559,1558,25,25,3,27,10,1053,81,30000,1560000
Vitinho,"DF,MF",Burnley,24,32,26,2314.0,25.7,0,2,2,0,0,0,1,0,1.6,1.6,1.3,2.9,0.00,0.08,0.08,0.00,0.06,0.05,0.06,0.11,0.0,0.0,0.0,0.0,0.0,0.0,0.0,0.0,0.0,0.0,0.0,0.0,0.0,0.0,0.0,0.0,0.0,0.0,0.0,0.0,0.0,0.0,0.0,0.0,25,4,16.0,0.97,0.16,0.00,0.00,18.0,715,994,71.9,11588,3536,373,445,83.8,282,398,70.9,45,84,53.6,11,56,19,4,66,804,186,8,4,1,56,178,0,4,44,1.71,44,1.71,33,2,4,3,1,1,6,0.23,5,0,0,0,1,0,64,34,36,22,6,43,86,50.0,43,44,6,38,12,76,47,4,25.7,1299,80,363,539,406,51,1299,58,25,43.1,25,43.1,634,3958,2038,59,38,18,34,26,678,110,25000,1300000
Vladimír Coufal,DF,West Ham,30,36,36,3132.0,34.8,0,7,7,0,0,0,7,1,0.3,0.3,4.0,4.3,0.00,0.20,0.20,0.00,0.01,0.11,0.01,0.12,0.0,0.0,0.0,0.0,0.0,0.0,0.0,0.0,0.0,0.0,0.0,0.0,0.0,0.0,0.0,0.0,0.0,0.0,0.0,0.0,0.0,0.0,0.0,0.0,8,2,25.0,0.23,0.06,0.00,0.00,22.6,1154,1665,69.3,18778,9229,596,669,89.1,448,627,71.5,84,254,33.1,33,98,38,21,119,1317,337,17,2,4,106,319,1,11,77,2.21,77,2.21,50,18,3,2,3,1,12,0.34,12,0,0,0,0,0,64,41,50,12,2,38,75,50.7,37,49,15,34,43,107,97,0,34.8,2025,163,728,814,501,26,2025,38,12,31.6,19,50.0,885,4956,2431,68,35,4,28,13,1010,126,35000,1820000
Wataru Endo,MF,Liverpool,30,29,20,1722.0,19.1,1,0,1,1,0,0,10,0,0.5,0.5,1.7,2.3,0.05,0.00,0.05,0.05,0.03,0.09,0.03,0.12,0.0,0.0,0.0,0.0,0.0,0.0,0.0,0.0,0.0,0.0,0.0,0.0,0.0,0.0,0.0,0.0,0.0,0.0,0.0,0.0,0.0,0.0,0.0,0.0,10,3,30.0,0.52,0.16,0.10,0.33,22.0,1157,1315,88.0,17822,5048,631,684,92.3,466,516,90.3,45,63,71.4,16,109,18,2,101,1295,16,13,5,1,4,2,0,4,54,2.82,54,2.82,43,0,2,4,2,3,3,0.16,3,0,0,0,0,0,48,28,11,31,6,20,61,32.8,41,24,2,22,20,68,31,3,19.1,1514,48,295,1002,224,9,1514,16,10,62.5,5,31.3,890,3465,1523,10,21,2,27,22,1098,21,50000,2600000
Wes Foderingham,GK,Sheffield Utd,32,30,29,2649.0,29.4,0,0,0,0,0,0,2,0,0.0,0.0,0.1,0.1,0.00,0.00,0.00,0.00,0.00,0.00,0.00,0.00,2.68,204,130,63.7,1,3.4,70.4,0.33,205,618,33.2,783,101,54.5,40.2,262,72.9,52.1,468,28,6.0,42,1.43,14.7,0,0,,0.00,0.00,,,,596,1055,56.5,19584,15696,101,102,99.0,242,252,96.0,253,690,36.7,1,19,2,0,0,659,386,124,0,4,0,0,0,10,4,0.14,4,0.14,4,0,0,0,0,0,0,0.00,0,0,0,0,0,0,5,3,5,0,0,5,6,83.3,1,0,0,0,0,5,18,6,29.4,1155,945,1137,20,0,0,1155,2,2,100.0,0,0.0,575,3493,2231,0,0,0,1,1,389,0,12500,650000
Will Hughes,MF,Crystal Palace,28,30,23,1891.0,21.0,0,1,1,0,0,0,6,0,0.3,0.3,1.1,1.5,0.00,0.05,0.05,0.00,0.02,0.05,0.02,0.07,0.0,0.0,0.0,0.0,0.0,0.0,0.0,0.0,0.0,0.0,0.0,0.0,0.0,0.0,0.0,0.0,0.0,0.0,0.0,0.0,0.0,0.0,0.0,0.0,8,3,37.5,0.38,0.14,0.00,0.00,18.3,731,878,83.3,10742,3108,389,436,89.2,281,317,88.6,27,62,43.5,21,71,16,2,76,806,71,19,2,1,30,0,17,1,48,2.29,48,2.29,34,9,1,0,2,2,5,0.24,5,0,0,0,0,0,61,33,30,20,11,24,48,50.0,24,36,14,22,21,82,25,0,21.0,1094,45,228,657,219,15,1094,15,9,60.0,3,20.0,463,1931,900,14,14,0,22,27,609,17,35000,1820000
William Osula,FW,Sheffield Utd,19,21,9,786.0,8.7,0,0,0,0,0,0,4,0,1.6,1.6,0.1,1.7,0.00,0.00,0.00,0.00,0.19,0.01,0.19,0.20,0.0,0.0,0.0,0.0,0.0,0.0,0.0,0.0,0.0,0.0,0.0,0.0,0.0,0.0,0.0,0.0,0.0,0.0,0.0,0.0,0.0,0.0,0.0,0.0,21,8,38.1,2.40,0.92,0.00,0.00,14.4,49,93,52.7,592,88,33,56,58.9,8,20,40.0,2,5,40.0,1,3,2,1,2,90,2,0,0,0,2,0,0,1,12,1.37,12,1.37,3,0,1,5,3,0,1,0.11,0,0,0,1,0,0,2,2,1,0,1,1,2,50.0,1,3,1,2,2,4,9,0,8.7,200,9,24,78,104,28,200,17,3,17.6,12,70.6,108,606,224,7,8,3,32,15,140,41,12500,650000
William Saliba,DF,Arsenal,22,38,38,3420.0,38.0,2,1,3,2,0,0,4,0,1.6,1.6,0.2,1.8,0.05,0.03,0.08,0.05,0.04,0.01,0.04,0.05,0.0,0.0,0.0,0.0,0.0,0.0,0.0,0.0,0.0,0.0,0.0,0.0,0.0,0.0,0.0,0.0,0.0,0.0,0.0,0.0,0.0,0.0,0.0,0.0,10,3,30.0,0.26,0.08,0.20,0.67,10.5,2635,2851,92.4,43599,15948,1202,1274,94.3,1298,1373,94.5,104,150,69.3,6,175,6,1,157,2794,55,33,3,2,3,7,0,2,29,0.76,29,0.76,26,0,1,2,0,0,3,0.08,3,0,0,0,0,0,41,26,28,12,1,20,27,74.1,7,32,17,15,29,70,81,3,38.0,3093,223,1239,1720,142,15,3093,15,10,66.7,4,26.7,1992,9002,5201,16,22,1,22,13,2297,6,190000,9880000
Willian,FW,Fulham,34,31,24,2053.0,22.8,4,2,6,2,2,2,1,0,5.1,3.6,3.9,7.5,0.18,0.09,0.26,0.09,0.22,0.17,0.16,0.33,0.0,0.0,0.0,0.0,0.0,0.0,0.0,0.0,0.0,0.0,0.0,0.0,0.0,0.0,0.0,0.0,0.0,0.0,0.0,0.0,0.0,0.0,0.0,0.0,43,16,37.2,1.89,0.70,0.05,0.13,20.4,932,1145,81.4,16128,3848,460,513,89.7,337,407,82.8,109,157,69.4,44,59,69,9,153,1081,59,17,8,14,75,6,36,5,111,4.87,111,4.87,81,15,4,9,2,0,10,0.44,10,0,0,0,0,0,18,11,6,7,5,3,21,14.3,18,13,0,13,9,27,12,1,22.8,1333,17,160,519,671,73,1331,63,29,46.0,25,39.7,902,5906,2943,92,71,28,35,26,1040,181,90000,4680000
Willy Boly,DF,Nott'ham Forest,32,20,18,1438.0,16.0,2,1,3,2,0,0,3,1,1.5,1.5,1.3,2.8,0.13,0.06,0.19,0.13,0.09,0.08,0.09,0.18,0.0,0.0,0.0,0.0,0.0,0.0,0.0,0.0,0.0,0.0,0.0,0.0,0.0,0.0,0.0,0.0,0.0,0.0,0.0,0.0,0.0,0.0,0.0,0.0,14,6,42.9,0.88,0.38,0.14,0.33,10.4,502,671,74.8,9338,4056,201,229,87.8,238,303,78.5,49,110,44.5,9,34,8,0,32,599,69,13,1,1,1,56,0,3,16,1.00,16,1.00,14,0,0,2,0,0,2,0.13,2,0,0,0,0,0,46,29,36,9,1,22,40,55.0,18,32,21,11,25,71,90,0,16.0,895,148,502,334,61,34,895,7,3,42.9,2,28.6,380,1713,864,4,2,1,4,3,447,3,40000,2080000
Willy Kambwala,DF,Manchester Utd,18,8,3,330.0,3.7,0,0,0,0,0,0,1,0,0.0,0.0,0.0,0.0,0.00,0.00,0.00,0.00,0.00,0.00,0.00,0.00,0.0,0.0,0.0,0.0,0.0,0.0,0.0,0.0,0.0,0.0,0.0,0.0,0.0,0.0,0.0,0.0,0.0,0.0,0.0,0.0,0.0,0.0,0.0,0.0,0,0,,0.00,0.00,,,,163,192,84.9,2765,960,74,78,94.9,85,95,89.5,3,14,21.4,0,7,0,0,8,187,5,3,0,0,0,1,0,0,0,0.00,0,0.00,0,0,0,0,0,0,0,0.00,0,0,0,0,0,0,3,1,1,2,0,1,3,33.3,2,6,3,3,4,7,14,1,3.7,232,27,142,88,2,0,232,2,0,0.0,2,100.0,124,689,377,2,1,0,3,1,149,1,7500,390000
Wilson Odobert,"MF,FW",Burnley,18,29,25,2098.0,23.3,3,2,5,3,0,0,3,0,2.8,2.8,3.3,6.1,0.13,0.09,0.21,0.13,0.12,0.14,0.12,0.26,0.0,0.0,0.0,0.0,0.0,0.0,0.0,0.0,0.0,0.0,0.0,0.0,0.0,0.0,0.0,0.0,0.0,0.0,0.0,0.0,0.0,0.0,0.0,0.0,49,14,28.6,2.10,0.60,0.06,0.21,19.4,446,584,76.4,6236,1559,285,330,86.4,134,173,77.5,16,31,51.6,31,34,19,5,58,567,15,0,3,2,35,2,1,2,76,3.26,76,3.26,55,0,10,8,3,0,4,0.17,3,0,0,1,0,0,17,13,8,5,4,6,22,27.3,16,26,2,24,6,23,14,0,23.3,844,26,144,305,416,98,844,110,53,48.2,49,44.5,545,4562,2919,102,56,48,48,30,600,123,10000,520000
Yasser Larouci,DF,Sheffield Utd,22,11,6,531.0,5.9,0,0,0,0,0,0,1,0,0.2,0.2,0.3,0.5,0.00,0.00,0.00,0.00,0.04,0.05,0.04,0.09,0.0,0.0,0.0,0.0,0.0,0.0,0.0,0.0,0.0,0.0,0.0,0.0,0.0,0.0,0.0,0.0,0.0,0.0,0.0,0.0,0.0,0.0,0.0,0.0,6,1,16.7,1.02,0.17,0.00,0.00,19.1,131,185,70.8,1969,714,76,89,85.4,45,59,76.3,6,17,35.3,2,11,0,0,14,171,13,0,0,0,6,13,0,1,8,1.36,8,1.36,5,1,1,1,0,0,0,0.00,0,0,0,0,0,0,17,9,10,5,2,10,14,71.4,4,6,1,5,7,24,20,1,5.9,262,29,101,112,56,7,262,17,10,58.8,7,41.2,137,1225,741,18,13,4,1,5,134,12,10000,520000
Yehor Yarmoliuk,MF,Brentford,19,27,6,688.0,7.6,0,0,0,0,0,0,2,0,1.0,1.0,0.1,1.1,0.00,0.00,0.00,0.00,0.13,0.01,0.13,0.14,0.0,0.0,0.0,0.0,0.0,0.0,0.0,0.0,0.0,0.0,0.0,0.0,0.0,0.0,0.0,0.0,0.0,0.0,0.0,0.0,0.0,0.0,0.0,0.0,11,5,45.5,1.44,0.65,0.00,0.00,18.9,221,298,74.2,3416,801,117,140,83.6,80,102,78.4,12,28,42.9,3,17,10,1,35,296,2,0,0,1,14,2,0,0,17,2.22,17,2.22,12,0,1,2,2,0,1,0.13,1,0,0,0,0,0,17,11,6,8,3,7,17,41.2,10,17,4,13,6,23,5,0,7.6,407,14,81,172,162,20,407,27,17,63.0,7,25.9,207,1267,461,13,7,2,17,10,220,36,0.0,0.0
Yoane Wissa,FW,Brentford,26,34,29,2493.0,27.7,12,3,15,12,0,0,7,0,10.6,10.6,3.9,14.5,0.43,0.11,0.54,0.43,0.38,0.14,0.38,0.52,0.0,0.0,0.0,0.0,0.0,0.0,0.0,0.0,0.0,0.0,0.0,0.0,0.0,0.0,0.0,0.0,0.0,0.0,0.0,0.0,0.0,0.0,0.0,0.0,67,24,35.8,2.42,0.87,0.18,0.50,12.9,327,462,70.8,4297,1135,197,248,79.4,84,124,67.7,16,29,55.2,30,26,16,4,48,444,17,1,3,3,21,0,2,1,64,2.31,64,2.31,43,1,4,7,7,2,10,0.36,6,0,1,1,2,0,28,16,13,10,5,5,20,25.0,15,24,3,21,9,37,15,0,27.7,751,22,119,286,366,122,751,52,20,38.5,23,44.2,422,2666,1387,45,33,20,58,20,485,150,25000,1300000
Youri Tielemans,"MF,FW",Aston Villa,26,32,17,1622.0,18.0,2,6,8,2,0,0,3,0,1.3,1.3,2.6,3.9,0.11,0.33,0.44,0.11,0.07,0.14,0.07,0.21,0.0,0.0,0.0,0.0,0.0,0.0,0.0,0.0,0.0,0.0,0.0,0.0,0.0,0.0,0.0,0.0,0.0,0.0,0.0,0.0,0.0,0.0,0.0,0.0,14,5,35.7,0.78,0.28,0.14,0.40,20.0,789,949,83.1,12925,4025,397,434,91.5,315,368,85.6,58,92,63.0,18,101,25,1,128,891,54,14,17,3,31,7,18,4,49,2.72,49,2.72,40,1,1,3,2,2,16,0.89,14,0,0,1,0,1,41,20,17,18,6,16,40,40.0,24,23,3,20,15,56,9,0,18.0,1096,45,215,589,299,27,1096,29,15,51.7,10,34.5,635,2872,1361,23,27,7,17,22,766,46,150000,7800000
Youssef Chermiti,FW,Everton,19,18,1,208.0,2.3,0,0,0,0,0,0,3,0,0.7,0.7,0.8,1.5,0.00,0.00,0.00,0.00,0.31,0.34,0.31,0.65,0.0,0.0,0.0,0.0,0.0,0.0,0.0,0.0,0.0,0.0,0.0,0.0,0.0,0.0,0.0,0.0,0.0,0.0,0.0,0.0,0.0,0.0,0.0,0.0,7,2,28.6,3.03,0.87,0.00,0.00,14.6,35,58,60.3,486,108,19,32,59.4,12,19,63.2,1,1,100.0,4,1,4,0,5,57,1,0,0,0,0,0,0,0,7,3.03,7,3.03,5,0,1,1,0,0,0,0.00,0,0,0,0,0,0,3,2,2,1,0,1,5,20.0,4,4,1,3,1,4,2,0,2.3,106,3,11,37,59,19,106,11,3,27.3,7,63.6,55,320,105,5,1,3,14,6,76,15,30000,1560000
Yves Bissouma,MF,Tottenham,26,28,26,2068.0,23.0,0,0,0,0,0,0,10,2,1.4,1.4,0.4,1.8,0.00,0.00,0.00,0.00,0.06,0.02,0.06,0.08,0.0,0.0,0.0,0.0,0.0,0.0,0.0,0.0,0.0,0.0,0.0,0.0,0.0,0.0,0.0,0.0,0.0,0.0,0.0,0.0,0.0,0.0,0.0,0.0,24,5,20.8,1.04,0.22,0.00,0.00,25.0,1689,1842,91.7,25078,7214,948,1006,94.2,607,651,93.2,68,84,81.0,11,156,12,0,169,1787,51,48,3,4,1,3,0,4,44,1.91,44,1.91,35,2,3,0,0,4,3,0.13,3,0,0,0,0,0,80,52,32,36,12,41,61,67.2,20,28,5,23,37,117,43,3,23.0,2119,97,469,1226,443,19,2119,47,27,57.4,12,25.5,1367,7132,3006,43,42,7,33,30,1641,13,55000,2860000
Zack Nelson,"MF,DF",Luton Town,18,2,0,7.0,0.1,0,0,0,0,0,0,0,0,0.0,0.0,0.0,0.0,0.00,0.00,0.00,0.00,0.00,0.00,0.00,0.00,0.0,0.0,0.0,0.0,0.0,0.0,0.0,0.0,0.0,0.0,0.0,0.0,0.0,0.0,0.0,0.0,0.0,0.0,0.0,0.0,0.0,0.0,0.0,0.0,0,0,,0.00,0.00,,,,4,4,100.0,41,0,2,2,100.0,1,1,100.0,0,0,,0,0,0,0,0,2,2,0,0,0,0,0,0,0,0,0.00,0,0.00,0,0,0,0,0,0,0,0.00,0,0,0,0,0,0,1,0,1,0,0,0,0,,0,0,0,0,0,1,0,0,0.1,6,0,3,3,0,0,6,0,0,,0,,2,9,2,0,0,0,1,0,2,0,0.0,0.0
Zeki Amdouni,FW,Burnley,22,34,27,1953.0,21.7,5,1,6,4,1,1,2,0,5.8,5.0,1.4,6.5,0.23,0.05,0.28,0.18,0.27,0.07,0.23,0.30,0.0,0.0,0.0,0.0,0.0,0.0,0.0,0.0,0.0,0.0,0.0,0.0,0.0,0.0,0.0,0.0,0.0,0.0,0.0,0.0,0.0,0.0,0.0,0.0,48,21,43.8,2.21,0.97,0.08,0.19,17.8,396,500,79.2,6229,1153,216,265,81.5,141,161,87.6,24,35,68.6,16,28,9,0,49,445,51,2,7,1,8,0,3,4,50,2.30,50,2.30,30,0,5,7,5,3,4,0.18,1,0,2,0,1,0,27,18,1,15,11,7,25,28.0,18,23,10,13,9,36,10,0,21.7,789,24,94,379,337,68,788,88,29,33.0,47,53.4,468,3229,1654,63,30,20,67,32,513,93,30000,1560000
Álex Moreno,DF,Aston Villa,30,21,11,1031.0,11.5,2,0,2,2,0,0,2,0,1.1,1.1,1.1,2.3,0.17,0.00,0.17,0.17,0.10,0.10,0.10,0.20,0.0,0.0,0.0,0.0,0.0,0.0,0.0,0.0,0.0,0.0,0.0,0.0,0.0,0.0,0.0,0.0,0.0,0.0,0.0,0.0,0.0,0.0,0.0,0.0,8,4,50.0,0.70,0.35,0.25,0.50,12.3,428,542,79.0,6466,1602,235,264,89.0,171,210,81.4,17,30,56.7,11,10,13,2,24,435,106,9,0,0,37,97,0,1,22,1.92,22,1.92,19,0,2,1,0,0,1,0.09,1,0,0,0,0,0,18,12,18,0,0,12,19,63.2,7,11,2,9,13,31,37,0,11.5,690,40,246,235,213,29,690,35,15,42.9,17,48.6,364,2332,1106,32,20,10,14,6,383,83,35000,1820000
Đorđe Petrović,GK,Chelsea,23,23,22,1987.0,22.1,0,0,0,0,0,0,2,0,0.0,0.0,0.0,0.0,0.00,0.00,0.00,0.00,0.00,0.00,0.00,0.00,1.72,108,73,65.7,5,22.7,28.3,0.26,67,214,31.3,655,97,22.1,27.8,149,46.3,37.8,312,20,6.4,20,0.91,12.7,0,0,,0.00,0.00,,,,635,806,78.8,14560,8862,188,188,100.0,321,324,99.1,123,289,42.6,0,3,0,0,1,629,175,26,0,0,0,0,0,2,1,0.05,1,0.05,1,0,0,0,0,0,0,0.00,0,0,0,0,0,0,0,0,0,0,0,0,0,,0,0,0,0,0,0,12,3,22.1,855,755,852,3,0,0,855,0,0,,0,,482,2076,1103,0,0,0,1,0,475,0,25000,1300000
Łukasz Fabiański,GK,West Ham,38,10,7,721.0,8.0,0,0,0,0,0,0,0,0,0.0,0.0,0.0,0.0,0.00,0.00,0.00,0.00,0.00,0.00,0.00,0.00,2.62,53,33,66.0,1,14.3,19.8,0.33,50,123,40.7,182,44,50.0,39.0,56,57.1,45.1,114,8,7.0,1,0.12,7.6,0,0,,0.00,0.00,,,,160,239,66.9,5259,3852,19,19,100.0,70,70,100.0,70,146,47.9,0,8,0,0,1,161,77,21,0,3,0,0,0,1,1,0.12,1,0.12,1,0,0,0,0,0,0,0.00,0,0,0,0,0,0,1,0,1,0,0,1,2,50.0,1,0,0,0,1,2,4,0,8.0,260,222,255,5,0,0,260,0,0,,0,,140,822,585,0,0,0,0,0,94,0,65000,3380000
